timestamp,low,high,open,close,volume,vwap,turnover,homeNotional,foreignNotional,trades
2023-10-01 00:00:00+00:00,0.31,0.3102,0.31,0.3102,147.59,0.3101,45.767659,147.59,45.767659,
2023-10-01 00:05:00+00:00,0.3103,0.3105,0.3104,0.3105,341.22,0.310425,105.9232185,341.22,105.9232185,
2023-10-01 00:10:00+00:00,0.3105,0.3105,0.3105,0.3105,98.92,0.3105,30.71466,98.92,30.71466,
2023-10-01 00:15:00+00:00,0.3103,0.3107,0.3103,0.3107,112.38,0.3105,34.89399,112.38,34.89399,
2023-10-01 00:20:00+00:00,0.3107,0.311,0.3107,0.3109,570.78,0.310825,177.4126935,570.78,177.4126935,
2023-10-01 00:25:00+00:00,0.3107,0.311,0.3107,0.3109,570.78,0.310825,177.4126935,570.78,177.4126935,
2023-10-01 00:30:00+00:00,0.3104,0.3108,0.3108,0.3104,1275.12,0.3106,396.052272,1275.12,396.052272,
2023-10-01 00:35:00+00:00,0.3104,0.3107,0.3104,0.3107,437.27,0.31055,135.7941985,437.27,135.7941985,
2023-10-01 00:40:00+00:00,0.3104,0.3107,0.3104,0.3107,437.27,0.31055,135.7941985,437.27,135.7941985,
2023-10-01 00:45:00+00:00,0.3109,0.311,0.311,0.311,1370.64,0.310975,426.234774,1370.64,426.234774,
2023-10-01 00:50:00+00:00,0.3113,0.3115,0.3113,0.3115,245.17,0.3114,76.345938,245.17,76.345938,
2023-10-01 00:55:00+00:00,0.3113,0.3116,0.3115,0.3116,801.32,0.3115,249.61118,801.32,249.61118,
2023-10-01 01:00:00+00:00,0.3113,0.3117,0.3117,0.3113,4202.16,0.3115,1308.97284,4202.16,1308.97284,
2023-10-01 01:05:00+00:00,0.3106,0.3112,0.311,0.3106,420.68,0.31085,130.768378,420.68,130.768378,
2023-10-01 01:10:00+00:00,0.3108,0.3108,0.3108,0.3108,185.77,0.3108,57.737316,185.77,57.737316,
2023-10-01 01:15:00+00:00,0.311,0.3113,0.311,0.3113,254.6,0.31115,79.21879,254.6,79.21879,
2023-10-01 01:20:00+00:00,0.3113,0.3114,0.3113,0.3114,4986.41,0.31135,1552.5187535,4986.41,1552.5187535,
2023-10-01 01:25:00+00:00,0.3116,0.3121,0.3116,0.3121,194.59,0.31185,60.6828915,194.59,60.6828915,
2023-10-01 01:30:00+00:00,0.3119,0.3122,0.3119,0.3122,11703.75,0.31205,3652.1551875,11703.75,3652.1551875,
2023-10-01 01:35:00+00:00,0.3119,0.3122,0.3119,0.3122,11703.75,0.31205,3652.1551875,11703.75,3652.1551875,
2023-10-01 01:40:00+00:00,0.3124,0.3129,0.3124,0.3125,1084.24,0.31255,338.879212,1084.24,338.879212,
2023-10-01 01:45:00+00:00,0.3124,0.3126,0.3124,0.3126,572.0,0.3125,178.75,572.0,178.75,
2023-10-01 01:50:00+00:00,0.3124,0.313,0.3125,0.3128,14463.68,0.312675,4522.431144,14463.68,4522.431144,
2023-10-01 01:55:00+00:00,0.3126,0.3129,0.3126,0.3128,1658.92,0.312725,518.785757,1658.92,518.785757,
2023-10-01 02:00:00+00:00,0.3129,0.3129,0.3129,0.3129,360.37,0.3129,112.759773,360.37,112.759773,
2023-10-01 02:05:00+00:00,0.3125,0.3126,0.3126,0.3125,757.1,0.31255,236.631605,757.1,236.631605,
2023-10-01 02:10:00+00:00,0.3123,0.3126,0.3125,0.3123,50369.36,0.312425,15736.647298,50369.36,15736.647298,
2023-10-01 02:15:00+00:00,0.3123,0.3132,0.3127,0.3132,58388.87,0.31285,18266.9579795,58388.87,18266.9579795,
2023-10-01 02:20:00+00:00,0.3128,0.3131,0.3131,0.3128,1049.54,0.31295,328.453543,1049.54,328.453543,
2023-10-01 02:25:00+00:00,0.3127,0.3128,0.3128,0.3128,161.1,0.312775,50.3880525,161.1,50.3880525,
2023-10-01 02:30:00+00:00,0.3119,0.3125,0.3125,0.3119,5603.44,0.3122,1749.393968,5603.44,1749.393968,
2023-10-01 02:35:00+00:00,0.3116,0.312,0.3116,0.312,334.97,0.3118,104.443646,334.97,104.443646,
2023-10-01 02:40:00+00:00,0.3122,0.3124,0.3122,0.3124,1984.5,0.3123,619.75935,1984.5,619.75935,
2023-10-01 02:45:00+00:00,0.3124,0.3125,0.3125,0.3125,2247.82,0.312475,702.3875545,2247.82,702.3875545,
2023-10-01 02:50:00+00:00,0.3122,0.3127,0.3127,0.3122,1326.08,0.31245,414.333696,1326.08,414.333696,
2023-10-01 02:55:00+00:00,0.3125,0.3128,0.3125,0.3128,160.83,0.31265,50.2834995,160.83,50.2834995,
2023-10-01 03:00:00+00:00,0.313,0.3131,0.313,0.3131,84.53,0.31305,26.4621165,84.53,26.4621165,
2023-10-01 03:05:00+00:00,0.3128,0.3132,0.3132,0.3129,5183.35,0.313025,1622.51813375,5183.35,1622.51813375,
2023-10-01 03:10:00+00:00,0.3131,0.3134,0.3131,0.3134,95.37,0.31325,29.8746525,95.37,29.8746525,
2023-10-01 03:15:00+00:00,0.3131,0.3134,0.3134,0.3131,153.24,0.31325,48.00243,153.24,48.00243,
2023-10-01 03:20:00+00:00,0.3131,0.3134,0.3134,0.3131,153.24,0.31325,48.00243,153.24,48.00243,
2023-10-01 03:25:00+00:00,0.3133,0.3134,0.3134,0.3133,82.88,0.31335,25.970448,82.88,25.970448,
2023-10-01 03:30:00+00:00,0.3133,0.3134,0.3134,0.3133,82.88,0.31335,25.970448,82.88,25.970448,
2023-10-01 03:35:00+00:00,0.3133,0.3139,0.3133,0.3139,133.17,0.3136,41.762112,133.17,41.762112,
2023-10-01 03:40:00+00:00,0.3133,0.3139,0.3133,0.3139,133.17,0.3136,41.762112,133.17,41.762112,
2023-10-01 03:45:00+00:00,0.314,0.3143,0.314,0.3141,1357.41,0.3141,426.362481,1357.41,426.362481,
2023-10-01 03:50:00+00:00,0.3137,0.314,0.314,0.3137,489.62,0.31385,153.667237,489.62,153.667237,
2023-10-01 03:55:00+00:00,0.3137,0.314,0.314,0.3137,489.62,0.31385,153.667237,489.62,153.667237,
2023-10-01 04:00:00+00:00,0.3134,0.3137,0.3134,0.3135,179.65,0.3135,56.320275,179.65,56.320275,
2023-10-01 04:05:00+00:00,0.3129,0.3136,0.3135,0.3129,155.84,0.313225,48.812984,155.84,48.812984,
2023-10-01 04:10:00+00:00,0.3129,0.3136,0.3135,0.3129,155.84,0.313225,48.812984,155.84,48.812984,
2023-10-01 04:15:00+00:00,0.3129,0.3136,0.3135,0.3129,155.84,0.313225,48.812984,155.84,48.812984,
2023-10-01 04:20:00+00:00,0.3129,0.3136,0.3135,0.3129,155.84,0.313225,48.812984,155.84,48.812984,
2023-10-01 04:25:00+00:00,0.3129,0.3136,0.3135,0.3129,155.84,0.313225,48.812984,155.84,48.812984,
2023-10-01 04:30:00+00:00,0.3129,0.3136,0.3135,0.3129,155.84,0.313225,48.812984,155.84,48.812984,
2023-10-01 04:35:00+00:00,0.3132,0.3134,0.3132,0.3132,2041.34,0.31325,639.449755,2041.34,639.449755,
2023-10-01 04:40:00+00:00,0.3133,0.3135,0.3134,0.3135,385.59,0.313425,120.85354575,385.59,120.85354575,
2023-10-01 04:45:00+00:00,0.3136,0.314,0.3136,0.314,970.08,0.3138,304.411104,970.08,304.411104,
2023-10-01 04:50:00+00:00,0.3136,0.314,0.3136,0.314,970.08,0.3138,304.411104,970.08,304.411104,
2023-10-01 04:55:00+00:00,0.3139,0.314,0.314,0.3139,773.39,0.31395,242.8057905,773.39,242.8057905,
2023-10-01 05:00:00+00:00,0.3139,0.314,0.314,0.3139,773.39,0.31395,242.8057905,773.39,242.8057905,
2023-10-01 05:05:00+00:00,0.3138,0.3141,0.3138,0.3141,348.94,0.31395,109.549713,348.94,109.549713,
2023-10-01 05:10:00+00:00,0.314,0.3142,0.3142,0.314,2164.33,0.3141,679.816053,2164.33,679.816053,
2023-10-01 05:15:00+00:00,0.3141,0.3146,0.3141,0.3146,507.52,0.31435,159.538912,507.52,159.538912,
2023-10-01 05:20:00+00:00,0.3141,0.3146,0.3141,0.3146,507.52,0.31435,159.538912,507.52,159.538912,
2023-10-01 05:25:00+00:00,0.3141,0.3146,0.3141,0.3146,507.52,0.31435,159.538912,507.52,159.538912,
2023-10-01 05:30:00+00:00,0.3143,0.3146,0.3143,0.3146,458.75,0.31445,144.2539375,458.75,144.2539375,
2023-10-01 05:35:00+00:00,0.3145,0.3146,0.3145,0.3146,5.24,0.31455,1.648242,5.24,1.648242,
2023-10-01 05:40:00+00:00,0.3145,0.3146,0.3145,0.3146,5.24,0.31455,1.648242,5.24,1.648242,
2023-10-01 05:45:00+00:00,0.3146,0.315,0.3146,0.3146,11329.86,0.3147,3565.506942,11329.86,3565.506942,
2023-10-01 05:50:00+00:00,0.3146,0.315,0.3146,0.3146,11329.86,0.3147,3565.506942,11329.86,3565.506942,
2023-10-01 05:55:00+00:00,0.3144,0.3149,0.3144,0.3149,95.41,0.31465,30.0207565,95.41,30.0207565,
2023-10-01 06:00:00+00:00,0.3149,0.315,0.3149,0.315,861.37,0.31495,271.2884815,861.37,271.2884815,
2023-10-01 06:05:00+00:00,0.315,0.3152,0.3152,0.315,322.97,0.3151,101.767847,322.97,101.767847,
2023-10-01 06:10:00+00:00,0.315,0.3154,0.315,0.3154,10926.6,0.3152,3444.06432,10926.6,3444.06432,
2023-10-01 06:15:00+00:00,0.3154,0.3155,0.3154,0.3154,2714.67,0.315425,856.27478475,2714.67,856.27478475,
2023-10-01 06:20:00+00:00,0.315,0.3153,0.3153,0.3153,677.61,0.315225,213.59961225,677.61,213.59961225,
2023-10-01 06:25:00+00:00,0.3155,0.3155,0.3155,0.3155,79.24,0.3155,25.00022,79.24,25.00022,
2023-10-01 06:30:00+00:00,0.3153,0.3156,0.3154,0.3155,1191.75,0.31545,375.9375375,1191.75,375.9375375,
2023-10-01 06:35:00+00:00,0.3154,0.3155,0.3154,0.3155,220.51,0.31545,69.5598795,220.51,69.5598795,
2023-10-01 06:40:00+00:00,0.3154,0.3155,0.3154,0.3155,220.51,0.31545,69.5598795,220.51,69.5598795,
2023-10-01 06:45:00+00:00,0.3155,0.3157,0.3157,0.3156,188.52,0.315625,59.501625,188.52,59.501625,
2023-10-01 06:50:00+00:00,0.3157,0.3159,0.3157,0.3157,4094.32,0.31575,1292.78154,4094.32,1292.78154,
2023-10-01 06:55:00+00:00,0.3157,0.3161,0.3157,0.3158,2316.47,0.315825,731.59913775,2316.47,731.59913775,
2023-10-01 07:00:00+00:00,0.3157,0.3161,0.3157,0.3158,2316.47,0.315825,731.59913775,2316.47,731.59913775,
2023-10-01 07:05:00+00:00,0.3152,0.3156,0.3156,0.3152,4783.22,0.3154,1508.627588,4783.22,1508.627588,
2023-10-01 07:10:00+00:00,0.3148,0.3151,0.3151,0.3148,1541.07,0.31495,485.3599965,1541.07,485.3599965,
2023-10-01 07:15:00+00:00,0.3142,0.3146,0.3146,0.3146,813.42,0.3145,255.82059,813.42,255.82059,
2023-10-01 07:20:00+00:00,0.3143,0.3146,0.3146,0.3143,3502.83,0.31445,1101.4648935,3502.83,1101.4648935,
2023-10-01 07:25:00+00:00,0.3139,0.3143,0.314,0.3143,314.83,0.314125,98.89597375,314.83,98.89597375,
2023-10-01 07:30:00+00:00,0.3142,0.3142,0.3142,0.3142,15.44,0.3142,4.851248,15.44,4.851248,
2023-10-01 07:35:00+00:00,0.3144,0.3144,0.3144,0.3144,88.27,0.3144,27.752088,88.27,27.752088,
2023-10-01 07:40:00+00:00,0.3146,0.3146,0.3146,0.3146,393.45,0.3146,123.77937,393.45,123.77937,
2023-10-01 07:45:00+00:00,0.3146,0.3152,0.3146,0.3152,452.78,0.3149,142.580422,452.78,142.580422,
2023-10-01 07:50:00+00:00,0.3152,0.3152,0.3152,0.3152,158.64,0.3152,50.003328,158.64,50.003328,
2023-10-01 07:55:00+00:00,0.3145,0.315,0.315,0.3145,729.1,0.31475,229.484225,729.1,229.484225,
2023-10-01 08:00:00+00:00,0.3144,0.3144,0.3144,0.3144,230.02,0.3144,72.318288,230.02,72.318288,
2023-10-01 08:05:00+00:00,0.3143,0.3147,0.3145,0.3143,3358.62,0.31445,1056.118059,3358.62,1056.118059,
2023-10-01 08:10:00+00:00,0.3137,0.314,0.314,0.3137,252.73,0.31385,79.3193105,252.73,79.3193105,
2023-10-01 08:15:00+00:00,0.3131,0.3137,0.3135,0.3137,1101.11,0.3135,345.197985,1101.11,345.197985,
2023-10-01 08:20:00+00:00,0.3134,0.3137,0.3136,0.3136,712.87,0.313575,223.53821025,712.87,223.53821025,
2023-10-01 08:25:00+00:00,0.3136,0.3141,0.3136,0.3139,442.78,0.3138,138.944364,442.78,138.944364,
2023-10-01 08:30:00+00:00,0.3139,0.3143,0.3139,0.3143,453.71,0.3141,142.510311,453.71,142.510311,
2023-10-01 08:35:00+00:00,0.3139,0.3143,0.3139,0.3143,453.71,0.3141,142.510311,453.71,142.510311,
2023-10-01 08:40:00+00:00,0.3145,0.3146,0.3145,0.3146,293.56,0.31455,92.339298,293.56,92.339298,
2023-10-01 08:45:00+00:00,0.3145,0.3146,0.3145,0.3146,293.56,0.31455,92.339298,293.56,92.339298,
2023-10-01 08:50:00+00:00,0.3146,0.3147,0.3146,0.3147,114.47,0.31465,36.0179855,114.47,36.0179855,
2023-10-01 08:55:00+00:00,0.3145,0.3146,0.3146,0.3145,83.14,0.31455,26.151687,83.14,26.151687,
2023-10-01 09:00:00+00:00,0.3145,0.3146,0.3146,0.3145,83.14,0.31455,26.151687,83.14,26.151687,
2023-10-01 09:05:00+00:00,0.3145,0.3146,0.3146,0.3145,83.14,0.31455,26.151687,83.14,26.151687,
2023-10-01 09:10:00+00:00,0.3145,0.3146,0.3146,0.3145,83.14,0.31455,26.151687,83.14,26.151687,
2023-10-01 09:15:00+00:00,0.3146,0.315,0.3149,0.315,878.09,0.314875,276.48858875,878.09,276.48858875,
2023-10-01 09:20:00+00:00,0.3145,0.315,0.3146,0.315,1668.36,0.314775,525.158019,1668.36,525.158019,
2023-10-01 09:25:00+00:00,0.3152,0.316,0.3152,0.3158,20676.95,0.31555,6524.6115725,20676.95,6524.6115725,
2023-10-01 09:30:00+00:00,0.3152,0.316,0.3152,0.3158,20676.95,0.31555,6524.6115725,20676.95,6524.6115725,
2023-10-01 09:35:00+00:00,0.3155,0.3157,0.3155,0.3157,408.61,0.3156,128.957316,408.61,128.957316,
2023-10-01 09:40:00+00:00,0.3155,0.3156,0.3156,0.3155,11507.43,0.31555,3631.1695365,11507.43,3631.1695365,
2023-10-01 09:45:00+00:00,0.3158,0.3164,0.3158,0.3164,1412.25,0.3161,446.412225,1412.25,446.412225,
2023-10-01 09:50:00+00:00,0.3163,0.3166,0.3163,0.3164,8671.82,0.3164,2743.763848,8671.82,2743.763848,
2023-10-01 09:55:00+00:00,0.3163,0.3166,0.3163,0.3164,8671.82,0.3164,2743.763848,8671.82,2743.763848,
2023-10-01 10:00:00+00:00,0.3167,0.3177,0.3167,0.3177,16813.09,0.3172,5333.112148,16813.09,5333.112148,
2023-10-01 10:05:00+00:00,0.317,0.3191,0.3173,0.3185,7311.43,0.317975,2324.85195425,7311.43,2324.85195425,
2023-10-01 10:10:00+00:00,0.318,0.3188,0.3183,0.3185,1865.52,0.3184,593.981568,1865.52,593.981568,
2023-10-01 10:15:00+00:00,0.3182,0.3188,0.3188,0.3185,2287.99,0.318575,728.89641425,2287.99,728.89641425,
2023-10-01 10:20:00+00:00,0.3188,0.3194,0.3188,0.3188,1369.34,0.31895,436.750993,1369.34,436.750993,
2023-10-01 10:25:00+00:00,0.3181,0.3188,0.3185,0.3181,13862.25,0.318375,4413.39384375,13862.25,4413.39384375,
2023-10-01 10:30:00+00:00,0.3173,0.3181,0.3181,0.3179,586.14,0.31785,186.304599,586.14,186.304599,
2023-10-01 10:35:00+00:00,0.3175,0.3179,0.3176,0.3176,466.29,0.31765,148.1170185,466.29,148.1170185,
2023-10-01 10:40:00+00:00,0.3176,0.318,0.3179,0.3179,703.17,0.31785,223.5025845,703.17,223.5025845,
2023-10-01 10:45:00+00:00,0.3182,0.3185,0.3182,0.3184,389.51,0.318325,123.99077075,389.51,123.99077075,
2023-10-01 10:50:00+00:00,0.3182,0.3188,0.3184,0.3182,279.42,0.3184,88.967328,279.42,88.967328,
2023-10-01 10:55:00+00:00,0.318,0.3183,0.318,0.3183,378.13,0.31815,120.3020595,378.13,120.3020595,
2023-10-01 11:00:00+00:00,0.3173,0.318,0.318,0.3173,1056.89,0.31765,335.7211085,1056.89,335.7211085,
2023-10-01 11:05:00+00:00,0.3167,0.3172,0.3171,0.3172,704.17,0.31705,223.2570985,704.17,223.2570985,
2023-10-01 11:10:00+00:00,0.317,0.3177,0.3172,0.3171,33093.23,0.31725,10498.8272175,33093.23,10498.8272175,
2023-10-01 11:15:00+00:00,0.3168,0.3177,0.317,0.3177,1607.99,0.3173,510.215227,1607.99,510.215227,
2023-10-01 11:20:00+00:00,0.3172,0.3177,0.3173,0.3177,484.88,0.317475,153.937278,484.88,153.937278,
2023-10-01 11:25:00+00:00,0.3177,0.3178,0.3177,0.3178,1390.64,0.31775,441.87586,1390.64,441.87586,
2023-10-01 11:30:00+00:00,0.3177,0.3182,0.3178,0.3179,2738.08,0.3179,870.435632,2738.08,870.435632,
2023-10-01 11:35:00+00:00,0.3178,0.3181,0.3178,0.3179,546.51,0.3179,173.735529,546.51,173.735529,
2023-10-01 11:40:00+00:00,0.3178,0.3181,0.3181,0.3178,552.7,0.31795,175.730965,552.7,175.730965,
2023-10-01 11:45:00+00:00,0.3171,0.3177,0.3177,0.3175,832.97,0.3175,264.467975,832.97,264.467975,
2023-10-01 11:50:00+00:00,0.3173,0.3176,0.3175,0.3176,630.15,0.3175,200.072625,630.15,200.072625,
2023-10-01 11:55:00+00:00,0.3171,0.3173,0.3173,0.3171,70.89,0.3172,22.486308,70.89,22.486308,
2023-10-01 12:00:00+00:00,0.317,0.3173,0.317,0.3173,1912.98,0.31715,606.701607,1912.98,606.701607,
2023-10-01 12:05:00+00:00,0.3165,0.3172,0.3172,0.3165,1351.59,0.31685,428.2512915,1351.59,428.2512915,
2023-10-01 12:10:00+00:00,0.3163,0.3166,0.3166,0.3163,423.15,0.31645,133.9058175,423.15,133.9058175,
2023-10-01 12:15:00+00:00,0.3157,0.3163,0.3161,0.3163,703.62,0.3161,222.414282,703.62,222.414282,
2023-10-01 12:20:00+00:00,0.3159,0.3167,0.3159,0.3162,2221.83,0.316175,702.48710025,2221.83,702.48710025,
2023-10-01 12:25:00+00:00,0.3164,0.317,0.3164,0.3167,1008.44,0.316625,319.297315,1008.44,319.297315,
2023-10-01 12:30:00+00:00,0.317,0.3175,0.317,0.3175,218.33,0.31725,69.2651925,218.33,69.2651925,
2023-10-01 12:35:00+00:00,0.317,0.3174,0.3174,0.317,329.49,0.3172,104.514228,329.49,104.514228,
2023-10-01 12:40:00+00:00,0.317,0.3171,0.317,0.3171,223.04,0.31705,70.714832,223.04,70.714832,
2023-10-01 12:45:00+00:00,0.3171,0.3174,0.3171,0.3172,256.37,0.3172,81.320564,256.37,81.320564,
2023-10-01 12:50:00+00:00,0.3164,0.3174,0.3172,0.3164,2150.5,0.31685,681.385925,2150.5,681.385925,
2023-10-01 12:55:00+00:00,0.3167,0.317,0.3167,0.3169,2117.06,0.316825,670.7375345,2117.06,670.7375345,
2023-10-01 13:00:00+00:00,0.3161,0.3168,0.3168,0.3161,463.45,0.31645,146.6587525,463.45,146.6587525,
2023-10-01 13:05:00+00:00,0.316,0.3164,0.316,0.3161,1161.9,0.316125,367.3056375,1161.9,367.3056375,
2023-10-01 13:10:00+00:00,0.3158,0.3159,0.3158,0.3159,539.94,0.31585,170.540049,539.94,170.540049,
2023-10-01 13:15:00+00:00,0.3157,0.316,0.3158,0.316,373.35,0.315875,117.93193125,373.35,117.93193125,
2023-10-01 13:20:00+00:00,0.3161,0.3167,0.3161,0.3167,687.92,0.3164,217.657888,687.92,217.657888,
2023-10-01 13:25:00+00:00,0.3161,0.3167,0.3161,0.3167,687.92,0.3164,217.657888,687.92,217.657888,
2023-10-01 13:30:00+00:00,0.3162,0.3167,0.3165,0.3162,14952.77,0.3164,4731.056428,14952.77,4731.056428,
2023-10-01 13:35:00+00:00,0.3162,0.3169,0.3164,0.3169,1486.3,0.3166,470.56258,1486.3,470.56258,
2023-10-01 13:40:00+00:00,0.3167,0.317,0.317,0.317,2112.49,0.316925,669.50089325,2112.49,669.50089325,
2023-10-01 13:45:00+00:00,0.3171,0.3176,0.3171,0.3176,916.98,0.31735,291.003603,916.98,291.003603,
2023-10-01 13:50:00+00:00,0.3167,0.3174,0.3174,0.317,2622.42,0.317125,831.6349425,2622.42,831.6349425,
2023-10-01 13:55:00+00:00,0.3169,0.3174,0.3169,0.3174,493.26,0.31715,156.437409,493.26,156.437409,
2023-10-01 14:00:00+00:00,0.3176,0.3181,0.3176,0.3181,648.82,0.31785,206.227437,648.82,206.227437,
2023-10-01 14:05:00+00:00,0.3182,0.3186,0.3182,0.3185,606.75,0.318375,193.17403125,606.75,193.17403125,
2023-10-01 14:10:00+00:00,0.3179,0.3185,0.3183,0.3185,14757.85,0.3183,4697.423655,14757.85,4697.423655,
2023-10-01 14:15:00+00:00,0.3184,0.3185,0.3184,0.3185,232.31,0.31845,73.9791195,232.31,73.9791195,
2023-10-01 14:20:00+00:00,0.3185,0.3191,0.3187,0.3191,26552.98,0.31885,8466.417673,26552.98,8466.417673,
2023-10-01 14:25:00+00:00,0.3188,0.3192,0.3192,0.3188,603.35,0.319,192.46865,603.35,192.46865,
2023-10-01 14:30:00+00:00,0.3182,0.3185,0.3185,0.3184,189.79,0.3184,60.429136,189.79,60.429136,
2023-10-01 14:35:00+00:00,0.3164,0.3182,0.3182,0.3168,3573.26,0.3174,1134.152724,3573.26,1134.152724,
2023-10-01 14:40:00+00:00,0.3158,0.3167,0.3167,0.3162,2060.17,0.31635,651.7347795,2060.17,651.7347795,
2023-10-01 14:45:00+00:00,0.3155,0.317,0.3164,0.3158,7244.07,0.316175,2290.39383225,7244.07,2290.39383225,
2023-10-01 14:50:00+00:00,0.3157,0.3164,0.3159,0.3157,787.68,0.315925,248.847804,787.68,248.847804,
2023-10-01 14:55:00+00:00,0.3158,0.3161,0.3158,0.3158,1242.71,0.315875,392.54102125,1242.71,392.54102125,
2023-10-01 15:00:00+00:00,0.3158,0.3167,0.3161,0.3167,2842.72,0.316325,899.223404,2842.72,899.223404,
2023-10-01 15:05:00+00:00,0.3163,0.3164,0.3164,0.3163,108.62,0.31635,34.361937,108.62,34.361937,
2023-10-01 15:10:00+00:00,0.3161,0.3164,0.3163,0.3161,605.38,0.316225,191.4362905,605.38,191.4362905,
2023-10-01 15:15:00+00:00,0.3161,0.3164,0.3163,0.3161,605.38,0.316225,191.4362905,605.38,191.4362905,
2023-10-01 15:20:00+00:00,0.3163,0.3166,0.3164,0.3165,190.79,0.31645,60.3754955,190.79,60.3754955,
2023-10-01 15:25:00+00:00,0.3165,0.3168,0.3165,0.3165,122.93,0.316575,38.91656475,122.93,38.91656475,
2023-10-01 15:30:00+00:00,0.3166,0.317,0.3166,0.317,245.04,0.3168,77.628672,245.04,77.628672,
2023-10-01 15:35:00+00:00,0.3167,0.317,0.3167,0.317,320.84,0.31685,101.658154,320.84,101.658154,
2023-10-01 15:40:00+00:00,0.3167,0.317,0.3167,0.3168,32649.84,0.3168,10343.469312,32649.84,10343.469312,
2023-10-01 15:45:00+00:00,0.3166,0.3169,0.3167,0.3169,370.98,0.316775,117.5171895,370.98,117.5171895,
2023-10-01 15:50:00+00:00,0.317,0.3173,0.317,0.3171,520.44,0.3171,165.031524,520.44,165.031524,
2023-10-01 15:55:00+00:00,0.317,0.3173,0.317,0.3171,520.44,0.3171,165.031524,520.44,165.031524,
2023-10-01 16:00:00+00:00,0.317,0.3173,0.317,0.3173,1172.43,0.31715,371.8361745,1172.43,371.8361745,
2023-10-01 16:05:00+00:00,0.3167,0.3173,0.3173,0.3168,1300.57,0.317025,412.31320425,1300.57,412.31320425,
2023-10-01 16:10:00+00:00,0.3166,0.317,0.3166,0.317,557.86,0.3168,176.730048,557.86,176.730048,
2023-10-01 16:15:00+00:00,0.3164,0.317,0.3168,0.3164,13383.21,0.31665,4237.7934465,13383.21,4237.7934465,
2023-10-01 16:20:00+00:00,0.3158,0.3164,0.3164,0.316,11733.43,0.31615,3709.5238945,11733.43,3709.5238945,
2023-10-01 16:25:00+00:00,0.316,0.3162,0.316,0.316,830.31,0.31605,262.4194755,830.31,262.4194755,
2023-10-01 16:30:00+00:00,0.3158,0.3164,0.3164,0.3159,6112.52,0.316125,1932.320385,6112.52,1932.320385,
2023-10-01 16:35:00+00:00,0.3155,0.3159,0.3158,0.3155,3390.08,0.315675,1070.163504,3390.08,1070.163504,
2023-10-01 16:40:00+00:00,0.3149,0.3155,0.3152,0.3155,228.97,0.315275,72.18851675,228.97,72.18851675,
2023-10-01 16:45:00+00:00,0.3156,0.3161,0.3156,0.3161,482.55,0.31585,152.4134175,482.55,152.4134175,
2023-10-01 16:50:00+00:00,0.3155,0.3163,0.3163,0.3155,365.57,0.3159,115.483563,365.57,115.483563,
2023-10-01 16:55:00+00:00,0.3152,0.3155,0.3155,0.3153,8393.78,0.315375,2647.1883675,8393.78,2647.1883675,
2023-10-01 17:00:00+00:00,0.3154,0.3161,0.3154,0.3161,1107.73,0.31575,349.7657475,1107.73,349.7657475,
2023-10-01 17:05:00+00:00,0.3158,0.316,0.316,0.316,630.22,0.31595,199.118009,630.22,199.118009,
2023-10-01 17:10:00+00:00,0.3161,0.3164,0.3161,0.3163,4034.56,0.316225,1275.828736,4034.56,1275.828736,
2023-10-01 17:15:00+00:00,0.3157,0.3165,0.3164,0.3157,1750.12,0.316075,553.169179,1750.12,553.169179,
2023-10-01 17:20:00+00:00,0.3155,0.3157,0.3155,0.3157,251.25,0.3156,79.2945,251.25,79.2945,
2023-10-01 17:25:00+00:00,0.3158,0.3161,0.3158,0.3158,485.74,0.315875,153.4331225,485.74,153.4331225,
2023-10-01 17:30:00+00:00,0.3153,0.3155,0.3155,0.3155,513.66,0.31545,162.034047,513.66,162.034047,
2023-10-01 17:35:00+00:00,0.3143,0.3152,0.3152,0.3143,580.28,0.31475,182.64313,580.28,182.64313,
2023-10-01 17:40:00+00:00,0.3143,0.3146,0.3145,0.3143,4420.05,0.314425,1389.77422125,4420.05,1389.77422125,
2023-10-01 17:45:00+00:00,0.3137,0.3142,0.3142,0.314,1414.97,0.314025,444.33595425,1414.97,444.33595425,
2023-10-01 17:50:00+00:00,0.3134,0.3143,0.3143,0.3134,489.14,0.31385,153.516589,489.14,153.516589,
2023-10-01 17:55:00+00:00,0.313,0.3134,0.3132,0.3133,426.1,0.313225,133.4651725,426.1,133.4651725,
2023-10-01 18:00:00+00:00,0.3134,0.314,0.3134,0.314,239.1,0.3137,75.00567,239.1,75.00567,
2023-10-01 18:05:00+00:00,0.3141,0.3146,0.3143,0.3146,336.09,0.3144,105.666696,336.09,105.666696,
2023-10-01 18:10:00+00:00,0.3141,0.3146,0.3143,0.3146,336.09,0.3144,105.666696,336.09,105.666696,
2023-10-01 18:15:00+00:00,0.3142,0.3146,0.3145,0.3142,1004.89,0.314375,315.91229375,1004.89,315.91229375,
2023-10-01 18:20:00+00:00,0.3146,0.3146,0.3146,0.3146,42.74,0.3146,13.446004,42.74,13.446004,
2023-10-01 18:25:00+00:00,0.3145,0.3146,0.3146,0.3146,1413.42,0.314575,444.6265965,1413.42,444.6265965,
2023-10-01 18:30:00+00:00,0.3146,0.3149,0.3148,0.3146,264.31,0.314725,83.18496475,264.31,83.18496475,
2023-10-01 18:35:00+00:00,0.3147,0.3151,0.3148,0.3149,9388.67,0.314875,2956.25746625,9388.67,2956.25746625,
2023-10-01 18:40:00+00:00,0.3146,0.3149,0.3146,0.3146,292.34,0.314675,91.9920895,292.34,91.9920895,
2023-10-01 18:45:00+00:00,0.3144,0.3147,0.3144,0.3147,103.11,0.31455,32.4332505,103.11,32.4332505,
2023-10-01 18:50:00+00:00,0.3144,0.3147,0.3147,0.3144,1967.15,0.31455,618.7670325,1967.15,618.7670325,
2023-10-01 18:55:00+00:00,0.3144,0.3144,0.3144,0.3144,3.65,0.3144,1.14756,3.65,1.14756,
2023-10-01 19:00:00+00:00,0.3143,0.3145,0.3144,0.3145,171.05,0.314425,53.78239625,171.05,53.78239625,
2023-10-01 19:05:00+00:00,0.3141,0.3143,0.3143,0.3141,324.03,0.3142,101.810226,324.03,101.810226,
2023-10-01 19:10:00+00:00,0.314,0.3146,0.314,0.3146,299.23,0.3143,94.047989,299.23,94.047989,
2023-10-01 19:15:00+00:00,0.3144,0.3149,0.3144,0.3149,2036.84,0.31465,640.891706,2036.84,640.891706,
2023-10-01 19:20:00+00:00,0.3145,0.3149,0.3149,0.3149,6865.26,0.3148,2161.183848,6865.26,2161.183848,
2023-10-01 19:25:00+00:00,0.3145,0.3149,0.3149,0.3149,6865.26,0.3148,2161.183848,6865.26,2161.183848,
2023-10-01 19:30:00+00:00,0.3145,0.3149,0.3149,0.3149,6865.26,0.3148,2161.183848,6865.26,2161.183848,
2023-10-01 19:35:00+00:00,0.3148,0.3152,0.3151,0.3149,358.11,0.315,112.80465,358.11,112.80465,
2023-10-01 19:40:00+00:00,0.3143,0.3148,0.3148,0.3143,6220.96,0.31455,1956.802968,6220.96,1956.802968,
2023-10-01 19:45:00+00:00,0.3143,0.3148,0.3148,0.3143,6220.96,0.31455,1956.802968,6220.96,1956.802968,
2023-10-01 19:50:00+00:00,0.3141,0.3144,0.3143,0.3141,2642.1,0.314225,830.2138725,2642.1,830.2138725,
2023-10-01 19:55:00+00:00,0.3142,0.3145,0.3143,0.3145,2090.4,0.314375,657.1695,2090.4,657.1695,
2023-10-01 20:00:00+00:00,0.3134,0.3143,0.3143,0.3137,5316.45,0.313925,1668.96656625,5316.45,1668.96656625,
2023-10-01 20:05:00+00:00,0.3139,0.3146,0.314,0.3146,241.9,0.314275,76.0231225,241.9,76.0231225,
2023-10-01 20:10:00+00:00,0.3149,0.3161,0.3149,0.3158,686.68,0.315425,216.596039,686.68,216.596039,
2023-10-01 20:15:00+00:00,0.3155,0.3164,0.316,0.316,9750.43,0.315975,3080.89211925,9750.43,3080.89211925,
2023-10-01 20:20:00+00:00,0.3157,0.3157,0.3157,0.3157,104.51,0.3157,32.993807,104.51,32.993807,
2023-10-01 20:25:00+00:00,0.3152,0.3158,0.3158,0.3152,944.24,0.3155,297.90772,944.24,297.90772,
2023-10-01 20:30:00+00:00,0.3146,0.3152,0.3152,0.3147,8924.71,0.314925,2810.61429675,8924.71,2810.61429675,
2023-10-01 20:35:00+00:00,0.3145,0.3154,0.3146,0.3154,1175.18,0.314975,370.1523205,1175.18,370.1523205,
2023-10-01 20:40:00+00:00,0.3155,0.3161,0.3155,0.3161,325.31,0.3158,102.732898,325.31,102.732898,
2023-10-01 20:45:00+00:00,0.3158,0.3164,0.3163,0.3158,1720.68,0.316075,543.863931,1720.68,543.863931,
2023-10-01 20:50:00+00:00,0.3155,0.3158,0.3156,0.3157,1119.59,0.31565,353.3985835,1119.59,353.3985835,
2023-10-01 20:55:00+00:00,0.3157,0.316,0.3157,0.316,212.28,0.31585,67.048638,212.28,67.048638,
2023-10-01 21:00:00+00:00,0.3161,0.3168,0.3161,0.3168,3238.12,0.31645,1024.703074,3238.12,1024.703074,
2023-10-01 21:05:00+00:00,0.3164,0.3167,0.3167,0.3164,1056.19,0.31655,334.3369445,1056.19,334.3369445,
2023-10-01 21:10:00+00:00,0.316,0.3164,0.3161,0.3164,96.2,0.316225,30.420845,96.2,30.420845,
2023-10-01 21:15:00+00:00,0.316,0.3164,0.316,0.3164,722.69,0.3162,228.514578,722.69,228.514578,
2023-10-01 21:20:00+00:00,0.3164,0.3169,0.3164,0.3169,394.88,0.31665,125.038752,394.88,125.038752,
2023-10-01 21:25:00+00:00,0.3168,0.317,0.3168,0.317,85.22,0.3169,27.006218,85.22,27.006218,
2023-10-01 21:30:00+00:00,0.3168,0.3171,0.3171,0.3168,1501.87,0.31695,476.0176965,1501.87,476.0176965,
2023-10-01 21:35:00+00:00,0.3164,0.3168,0.3167,0.3168,685.01,0.316675,216.92554175,685.01,216.92554175,
2023-10-01 21:40:00+00:00,0.3167,0.3168,0.3168,0.3167,2138.54,0.31675,677.382545,2138.54,677.382545,
2023-10-01 21:45:00+00:00,0.3165,0.3168,0.3168,0.3168,2110.24,0.316725,668.365764,2110.24,668.365764,
2023-10-01 21:50:00+00:00,0.3167,0.3168,0.3168,0.3167,119.4,0.31675,37.81995,119.4,37.81995,
2023-10-01 21:55:00+00:00,0.317,0.3172,0.317,0.3172,172.75,0.3171,54.779025,172.75,54.779025,
2023-10-01 22:00:00+00:00,0.3171,0.3176,0.3172,0.3171,2152.35,0.31725,682.8330375,2152.35,682.8330375,
2023-10-01 22:05:00+00:00,0.3171,0.3181,0.3171,0.3179,1345.46,0.31755,427.250823,1345.46,427.250823,
2023-10-01 22:10:00+00:00,0.3182,0.3185,0.3182,0.3185,157.07,0.31835,50.0032345,157.07,50.0032345,
2023-10-01 22:15:00+00:00,0.3188,0.324,0.3188,0.323,18869.39,0.32115,6059.9045985,18869.39,6059.9045985,
2023-10-01 22:20:00+00:00,0.3221,0.3242,0.3231,0.3241,3973.14,0.323375,1284.8141475,3973.14,1284.8141475,
2023-10-01 22:25:00+00:00,0.3223,0.3239,0.3239,0.3228,14723.75,0.323225,4759.08409375,14723.75,4759.08409375,
2023-10-01 22:30:00+00:00,0.3224,0.3245,0.3228,0.323,17912.6,0.323175,5788.904505,17912.6,5788.904505,
2023-10-01 22:35:00+00:00,0.3219,0.3232,0.3232,0.3222,2911.55,0.322625,939.33881875,2911.55,939.33881875,
2023-10-01 22:40:00+00:00,0.3218,0.3228,0.3222,0.3228,31236.08,0.3224,10070.512192,31236.08,10070.512192,
2023-10-01 22:45:00+00:00,0.3224,0.323,0.3225,0.3224,24227.15,0.322575,7815.07291125,24227.15,7815.07291125,
2023-10-01 22:50:00+00:00,0.3222,0.323,0.3223,0.323,1071.46,0.322625,345.6797825,1071.46,345.6797825,
2023-10-01 22:55:00+00:00,0.3231,0.3236,0.3231,0.3236,405.41,0.32335,131.0893235,405.41,131.0893235,
2023-10-01 23:00:00+00:00,0.3224,0.3236,0.3232,0.3224,4051.0,0.3229,1308.0679,4051.0,1308.0679,
2023-10-01 23:05:00+00:00,0.3221,0.3226,0.3221,0.3226,17270.06,0.32235,5567.003841,17270.06,5567.003841,
2023-10-01 23:10:00+00:00,0.3224,0.3236,0.3227,0.3226,5318.69,0.322825,1717.00609925,5318.69,1717.00609925,
2023-10-01 23:15:00+00:00,0.3223,0.3233,0.3227,0.3224,6267.93,0.322675,2022.50431275,6267.93,2022.50431275,
2023-10-01 23:20:00+00:00,0.3219,0.3228,0.3227,0.3221,2457.15,0.322375,792.12373125,2457.15,792.12373125,
2023-10-01 23:25:00+00:00,0.3212,0.3224,0.3223,0.3215,1272.28,0.32185,409.483318,1272.28,409.483318,
2023-10-01 23:30:00+00:00,0.321,0.3218,0.3212,0.3218,262.37,0.32145,84.3388365,262.37,84.3388365,
2023-10-01 23:35:00+00:00,0.3216,0.3225,0.3218,0.3223,731.95,0.32205,235.7244975,731.95,235.7244975,
2023-10-01 23:40:00+00:00,0.3219,0.3225,0.3221,0.3225,2637.12,0.32225,849.81192,2637.12,849.81192,
2023-10-01 23:45:00+00:00,0.3222,0.323,0.3223,0.3227,76142.49,0.32255,24559.7601495,76142.49,24559.7601495,
2023-10-01 23:50:00+00:00,0.3226,0.3231,0.323,0.3226,3758.14,0.322825,1213.2215455,3758.14,1213.2215455,
2023-10-01 23:55:00+00:00,0.3226,0.3227,0.3226,0.3226,5342.04,0.322625,1723.475655,5342.04,1723.475655,
2023-10-02 00:00:00+00:00,0.3221,0.3232,0.323,0.3221,6449.94,0.3226,2080.750644,6449.94,2080.750644,
2023-10-02 00:05:00+00:00,0.3218,0.322,0.3218,0.322,391.5,0.3219,126.02385,391.5,126.02385,
2023-10-02 00:10:00+00:00,0.3212,0.3221,0.3221,0.3217,4798.77,0.321775,1544.12421675,4798.77,1544.12421675,
2023-10-02 00:15:00+00:00,0.3213,0.3216,0.3214,0.3216,960.53,0.321475,308.78638175,960.53,308.78638175,
2023-10-02 00:20:00+00:00,0.3202,0.3212,0.3212,0.3202,7615.47,0.3207,2442.281229,7615.47,2442.281229,
2023-10-02 00:25:00+00:00,0.32,0.321,0.32,0.3207,10115.08,0.320425,3241.124509,10115.08,3241.124509,
2023-10-02 00:30:00+00:00,0.3209,0.3216,0.321,0.321,49106.25,0.321125,15769.24453125,49106.25,15769.24453125,
2023-10-02 00:35:00+00:00,0.3206,0.321,0.3209,0.321,6499.35,0.320875,2085.47893125,6499.35,2085.47893125,
2023-10-02 00:40:00+00:00,0.3204,0.3212,0.3207,0.3212,320.79,0.320875,102.93349125,320.79,102.93349125,
2023-10-02 00:45:00+00:00,0.3212,0.3217,0.3215,0.3215,1603.04,0.321475,515.337284,1603.04,515.337284,
2023-10-02 00:50:00+00:00,0.3204,0.3215,0.3215,0.3212,1354.9,0.32115,435.126135,1354.9,435.126135,
2023-10-02 00:55:00+00:00,0.3208,0.3212,0.321,0.3208,1010.99,0.32095,324.4772405,1010.99,324.4772405,
2023-10-02 01:00:00+00:00,0.3212,0.3214,0.3212,0.3212,1177.05,0.32125,378.1273125,1177.05,378.1273125,
2023-10-02 01:05:00+00:00,0.3211,0.3211,0.3211,0.3211,3.38,0.3211,1.085318,3.38,1.085318,
2023-10-02 01:10:00+00:00,0.3203,0.3209,0.3209,0.3204,255.68,0.320625,81.9774,255.68,81.9774,
2023-10-02 01:15:00+00:00,0.3203,0.3209,0.3205,0.3209,1967.07,0.32065,630.7409955,1967.07,630.7409955,
2023-10-02 01:20:00+00:00,0.3206,0.3209,0.3206,0.3209,977.68,0.32075,313.59086,977.68,313.59086,
2023-10-02 01:25:00+00:00,0.3209,0.3212,0.321,0.3212,565.79,0.321075,181.66102425,565.79,181.66102425,
2023-10-02 01:30:00+00:00,0.321,0.3213,0.321,0.3213,46.07,0.32115,14.7953805,46.07,14.7953805,
2023-10-02 01:35:00+00:00,0.321,0.3213,0.3211,0.3212,261.31,0.32115,83.9197065,261.31,83.9197065,
2023-10-02 01:40:00+00:00,0.3215,0.3215,0.3215,0.3215,150.82,0.3215,48.48863,150.82,48.48863,
2023-10-02 01:45:00+00:00,0.3211,0.3216,0.3215,0.3215,1930.74,0.321425,620.5881045,1930.74,620.5881045,
2023-10-02 01:50:00+00:00,0.3211,0.3214,0.3214,0.3213,759.11,0.3213,243.902043,759.11,243.902043,
2023-10-02 01:55:00+00:00,0.3213,0.3219,0.3213,0.3215,3615.77,0.3215,1162.470055,3615.77,1162.470055,
2023-10-02 02:00:00+00:00,0.3213,0.3219,0.3213,0.3215,3615.77,0.3215,1162.470055,3615.77,1162.470055,
2023-10-02 02:05:00+00:00,0.3217,0.3222,0.3218,0.3222,2285.43,0.321975,735.85132425,2285.43,735.85132425,
2023-10-02 02:10:00+00:00,0.3217,0.3222,0.3218,0.3222,2285.43,0.321975,735.85132425,2285.43,735.85132425,
2023-10-02 02:15:00+00:00,0.3217,0.3218,0.3218,0.3217,271.26,0.32175,87.277905,271.26,87.277905,
2023-10-02 02:20:00+00:00,0.3214,0.3218,0.3215,0.3218,1685.22,0.321625,542.0088825,1685.22,542.0088825,
2023-10-02 02:25:00+00:00,0.3219,0.3221,0.322,0.3221,335.31,0.322025,107.97820275,335.31,107.97820275,
2023-10-02 02:30:00+00:00,0.3218,0.3221,0.3218,0.3221,39.95,0.32195,12.8619025,39.95,12.8619025,
2023-10-02 02:35:00+00:00,0.3217,0.3223,0.3223,0.3217,20247.79,0.322,6519.78838,20247.79,6519.78838,
2023-10-02 02:40:00+00:00,0.3216,0.3222,0.3217,0.3219,2015.22,0.32185,648.598557,2015.22,648.598557,
2023-10-02 02:45:00+00:00,0.3218,0.3223,0.3218,0.3223,974.24,0.32205,313.753992,974.24,313.753992,
2023-10-02 02:50:00+00:00,0.3221,0.3222,0.3222,0.3221,80.8,0.32215,26.02972,80.8,26.02972,
2023-10-02 02:55:00+00:00,0.3219,0.3224,0.3224,0.3221,355.36,0.3222,114.496992,355.36,114.496992,
2023-10-02 03:00:00+00:00,0.322,0.3222,0.3222,0.322,50.01,0.3221,16.108221,50.01,16.108221,
2023-10-02 03:05:00+00:00,0.3218,0.3224,0.3223,0.3219,649.75,0.3221,209.284475,649.75,209.284475,
2023-10-02 03:10:00+00:00,0.3216,0.3221,0.322,0.3216,3187.03,0.321825,1025.66592975,3187.03,1025.66592975,
2023-10-02 03:15:00+00:00,0.322,0.3223,0.322,0.3223,2387.7,0.32215,769.197555,2387.7,769.197555,
2023-10-02 03:20:00+00:00,0.3216,0.3221,0.3219,0.3221,970.74,0.321925,312.5054745,970.74,312.5054745,
2023-10-02 03:25:00+00:00,0.322,0.3222,0.3221,0.3222,489.09,0.322125,157.54811625,489.09,157.54811625,
2023-10-02 03:30:00+00:00,0.3218,0.3222,0.3222,0.3218,330.83,0.322,106.52726,330.83,106.52726,
2023-10-02 03:35:00+00:00,0.3215,0.3218,0.3218,0.3218,880.96,0.321725,283.426856,880.96,283.426856,
2023-10-02 03:40:00+00:00,0.322,0.3232,0.322,0.3226,1525.97,0.32245,492.0490265,1525.97,492.0490265,
2023-10-02 03:45:00+00:00,0.3215,0.3224,0.3224,0.3219,4807.11,0.32205,1548.1297755,4807.11,1548.1297755,
2023-10-02 03:50:00+00:00,0.3217,0.3221,0.3217,0.3221,678.9,0.3219,218.53791,678.9,218.53791,
2023-10-02 03:55:00+00:00,0.3215,0.3218,0.3218,0.3215,497.46,0.32165,160.008009,497.46,160.008009,
2023-10-02 04:00:00+00:00,0.3215,0.3218,0.3218,0.3215,497.46,0.32165,160.008009,497.46,160.008009,
2023-10-02 04:05:00+00:00,0.3207,0.3212,0.3212,0.3207,2464.6,0.32095,791.01337,2464.6,791.01337,
2023-10-02 04:10:00+00:00,0.3207,0.3212,0.3212,0.3207,2464.6,0.32095,791.01337,2464.6,791.01337,
2023-10-02 04:15:00+00:00,0.3206,0.3209,0.3209,0.3207,786.48,0.320775,252.283122,786.48,252.283122,
2023-10-02 04:20:00+00:00,0.3203,0.3207,0.3207,0.3204,6986.1,0.320525,2239.2197025,6986.1,2239.2197025,
2023-10-02 04:25:00+00:00,0.32,0.3204,0.3203,0.32,184.06,0.320175,58.9314105,184.06,58.9314105,
2023-10-02 04:30:00+00:00,0.3197,0.3201,0.3201,0.3197,169.91,0.3199,54.354209,169.91,54.354209,
2023-10-02 04:35:00+00:00,0.3194,0.3197,0.3197,0.3194,157.0,0.31955,50.16935,157.0,50.16935,
2023-10-02 04:40:00+00:00,0.3197,0.3197,0.3197,0.3197,5002.72,0.3197,1599.369584,5002.72,1599.369584,
2023-10-02 04:45:00+00:00,0.3197,0.3201,0.32,0.3199,163.06,0.319925,52.1669705,163.06,52.1669705,
2023-10-02 04:50:00+00:00,0.3201,0.3202,0.3201,0.3202,274.29,0.32015,87.8139435,274.29,87.8139435,
2023-10-02 04:55:00+00:00,0.32,0.3203,0.3203,0.32,476.03,0.32015,152.4010045,476.03,152.4010045,
2023-10-02 05:00:00+00:00,0.3192,0.3198,0.3198,0.3192,12354.94,0.3195,3947.40333,12354.94,3947.40333,
2023-10-02 05:05:00+00:00,0.319,0.3195,0.3195,0.3194,956.21,0.31935,305.3656635,956.21,305.3656635,
2023-10-02 05:10:00+00:00,0.3194,0.32,0.3194,0.32,373.03,0.3197,119.257691,373.03,119.257691,
2023-10-02 05:15:00+00:00,0.3194,0.32,0.3194,0.32,373.03,0.3197,119.257691,373.03,119.257691,
2023-10-02 05:20:00+00:00,0.3194,0.32,0.3194,0.32,373.03,0.3197,119.257691,373.03,119.257691,
2023-10-02 05:25:00+00:00,0.32,0.3204,0.3202,0.32,717.15,0.32015,229.5955725,717.15,229.5955725,
2023-10-02 05:30:00+00:00,0.3192,0.3197,0.3197,0.3194,1491.22,0.3195,476.44479,1491.22,476.44479,
2023-10-02 05:35:00+00:00,0.3191,0.3196,0.3196,0.3191,96.96,0.31935,30.964176,96.96,30.964176,
2023-10-02 05:40:00+00:00,0.3179,0.3188,0.3188,0.3184,7366.2,0.318475,2345.950545,7366.2,2345.950545,
2023-10-02 05:45:00+00:00,0.3185,0.3188,0.3187,0.3185,1129.33,0.318625,359.83277125,1129.33,359.83277125,
2023-10-02 05:50:00+00:00,0.3182,0.3185,0.3182,0.3185,473.91,0.31835,150.8692485,473.91,150.8692485,
2023-10-02 05:55:00+00:00,0.3187,0.3188,0.3188,0.3187,81.48,0.31875,25.97175,81.48,25.97175,
2023-10-02 06:00:00+00:00,0.3184,0.3188,0.3185,0.3188,1065.32,0.318625,339.437585,1065.32,339.437585,
2023-10-02 06:05:00+00:00,0.3188,0.3192,0.3191,0.3188,234.3,0.318975,74.7358425,234.3,74.7358425,
2023-10-02 06:10:00+00:00,0.3188,0.3191,0.319,0.3188,240.85,0.318925,76.81308625,240.85,76.81308625,
2023-10-02 06:15:00+00:00,0.3188,0.3189,0.3188,0.3189,167.24,0.31885,53.324474,167.24,53.324474,
2023-10-02 06:20:00+00:00,0.3191,0.3194,0.3191,0.3193,947.52,0.319225,302.472072,947.52,302.472072,
2023-10-02 06:25:00+00:00,0.3196,0.3199,0.3197,0.3196,524.33,0.3197,167.628301,524.33,167.628301,
2023-10-02 06:30:00+00:00,0.3196,0.3199,0.3197,0.3196,524.33,0.3197,167.628301,524.33,167.628301,
2023-10-02 06:35:00+00:00,0.3196,0.3203,0.3196,0.3203,463.37,0.31995,148.2552315,463.37,148.2552315,
2023-10-02 06:40:00+00:00,0.32,0.32,0.32,0.32,593.41,0.32,189.8912,593.41,189.8912,
2023-10-02 06:45:00+00:00,0.3199,0.3202,0.3199,0.32,423.0,0.32,135.36,423.0,135.36,
2023-10-02 06:50:00+00:00,0.3199,0.3206,0.32,0.3206,366.55,0.320275,117.39680125,366.55,117.39680125,
2023-10-02 06:55:00+00:00,0.3205,0.3207,0.3205,0.3206,1206.19,0.320575,386.67435925,1206.19,386.67435925,
2023-10-02 07:00:00+00:00,0.3205,0.3207,0.3205,0.3206,349.22,0.320575,111.9512015,349.22,111.9512015,
2023-10-02 07:05:00+00:00,0.32,0.3206,0.3204,0.3203,2378.93,0.320325,762.03075225,2378.93,762.03075225,
2023-10-02 07:10:00+00:00,0.32,0.3202,0.32,0.3202,634.84,0.3201,203.212284,634.84,203.212284,
2023-10-02 07:15:00+00:00,0.3202,0.3203,0.3203,0.3202,352.73,0.32025,112.9617825,352.73,112.9617825,
2023-10-02 07:20:00+00:00,0.3203,0.3208,0.3206,0.3203,3048.92,0.3205,977.17886,3048.92,977.17886,
2023-10-02 07:25:00+00:00,0.3204,0.3207,0.3205,0.3204,1778.96,0.3205,570.15668,1778.96,570.15668,
2023-10-02 07:30:00+00:00,0.32,0.3205,0.3204,0.3203,24365.21,0.3203,7804.176763,24365.21,7804.176763,
2023-10-02 07:35:00+00:00,0.3201,0.3207,0.3201,0.3207,8611.63,0.3204,2759.166252,8611.63,2759.166252,
2023-10-02 07:40:00+00:00,0.3205,0.321,0.3206,0.3209,5093.15,0.32075,1633.6278625,5093.15,1633.6278625,
2023-10-02 07:45:00+00:00,0.3206,0.3213,0.3206,0.3212,1315.67,0.320925,422.23139475,1315.67,422.23139475,
2023-10-02 07:50:00+00:00,0.3206,0.3212,0.3212,0.3209,6017.28,0.320975,1931.396448,6017.28,1931.396448,
2023-10-02 07:55:00+00:00,0.3206,0.3212,0.3212,0.3209,6017.28,0.320975,1931.396448,6017.28,1931.396448,
2023-10-02 08:00:00+00:00,0.32,0.3206,0.3206,0.3203,224.35,0.320375,71.87613125,224.35,71.87613125,
2023-10-02 08:05:00+00:00,0.32,0.3208,0.32,0.3208,6286.76,0.3204,2014.277904,6286.76,2014.277904,
2023-10-02 08:10:00+00:00,0.3207,0.3211,0.3209,0.3207,343.92,0.32085,110.346732,343.92,110.346732,
2023-10-02 08:15:00+00:00,0.3212,0.3215,0.3212,0.3215,5077.77,0.32135,1631.7413895,5077.77,1631.7413895,
2023-10-02 08:20:00+00:00,0.3212,0.3214,0.3214,0.3212,946.3,0.3213,304.04619,946.3,304.04619,
2023-10-02 08:25:00+00:00,0.3213,0.3217,0.3213,0.3213,5265.52,0.3214,1692.338128,5265.52,1692.338128,
2023-10-02 08:30:00+00:00,0.3212,0.3218,0.3212,0.3218,10215.43,0.3215,3284.260745,10215.43,3284.260745,
2023-10-02 08:35:00+00:00,0.3215,0.322,0.322,0.3219,4024.3,0.32185,1295.220955,4024.3,1295.220955,
2023-10-02 08:40:00+00:00,0.3213,0.3217,0.3217,0.3213,5508.64,0.3215,1771.02776,5508.64,1771.02776,
2023-10-02 08:45:00+00:00,0.3213,0.3217,0.3217,0.3213,5508.64,0.3215,1771.02776,5508.64,1771.02776,
2023-10-02 08:50:00+00:00,0.3215,0.3218,0.3218,0.3215,1347.69,0.32165,433.4844885,1347.69,433.4844885,
2023-10-02 08:55:00+00:00,0.3212,0.3216,0.3216,0.3212,8.19,0.3214,2.632266,8.19,2.632266,
2023-10-02 09:00:00+00:00,0.3212,0.3216,0.3216,0.3212,8.19,0.3214,2.632266,8.19,2.632266,
2023-10-02 09:05:00+00:00,0.3213,0.3214,0.3213,0.3214,12306.8,0.32135,3954.79018,12306.8,3954.79018,
2023-10-02 09:10:00+00:00,0.3215,0.3215,0.3215,0.3215,15.4,0.3215,4.9511,15.4,4.9511,
2023-10-02 09:15:00+00:00,0.3205,0.3213,0.3213,0.3206,19573.74,0.320925,6281.7025095,19573.74,6281.7025095,
2023-10-02 09:20:00+00:00,0.3206,0.3209,0.3207,0.3206,83.94,0.3207,26.919558,83.94,26.919558,
2023-10-02 09:25:00+00:00,0.3207,0.3215,0.3209,0.3215,525.65,0.32115,168.8124975,525.65,168.8124975,
2023-10-02 09:30:00+00:00,0.3212,0.3215,0.3215,0.3212,80.18,0.32135,25.765843,80.18,25.765843,
2023-10-02 09:35:00+00:00,0.3212,0.3215,0.3215,0.3212,80.18,0.32135,25.765843,80.18,25.765843,
2023-10-02 09:40:00+00:00,0.3207,0.3211,0.3211,0.321,8427.32,0.320975,2704.959037,8427.32,2704.959037,
2023-10-02 09:45:00+00:00,0.3206,0.321,0.321,0.3206,2754.03,0.3208,883.492824,2754.03,883.492824,
2023-10-02 09:50:00+00:00,0.3208,0.3209,0.3208,0.3209,4466.81,0.32085,1433.1759885,4466.81,1433.1759885,
2023-10-02 09:55:00+00:00,0.3207,0.3209,0.3207,0.3207,949.27,0.32075,304.4783525,949.27,304.4783525,
2023-10-02 10:00:00+00:00,0.3206,0.3211,0.3206,0.3211,583.43,0.32085,187.1935155,583.43,187.1935155,
2023-10-02 10:05:00+00:00,0.321,0.3211,0.3211,0.321,176.62,0.32105,56.703851,176.62,56.703851,
2023-10-02 10:10:00+00:00,0.3208,0.321,0.3208,0.321,178.97,0.3209,57.431473,178.97,57.431473,
2023-10-02 10:15:00+00:00,0.3205,0.3208,0.3208,0.3207,589.88,0.3207,189.174516,589.88,189.174516,
2023-10-02 10:20:00+00:00,0.3206,0.3212,0.3206,0.3212,395.18,0.3209,126.813262,395.18,126.813262,
2023-10-02 10:25:00+00:00,0.3211,0.3214,0.3214,0.3211,1956.1,0.32125,628.397125,1956.1,628.397125,
2023-10-02 10:30:00+00:00,0.3204,0.3209,0.3209,0.3204,656.47,0.32065,210.4971055,656.47,210.4971055,
2023-10-02 10:35:00+00:00,0.3201,0.3205,0.3205,0.3203,480.64,0.32035,153.973024,480.64,153.973024,
2023-10-02 10:40:00+00:00,0.32,0.3203,0.32,0.3203,515.88,0.32015,165.158982,515.88,165.158982,
2023-10-02 10:45:00+00:00,0.32,0.32,0.32,0.32,1011.37,0.32,323.6384,1011.37,323.6384,
2023-10-02 10:50:00+00:00,0.3199,0.32,0.32,0.3199,9.64,0.31995,3.084318,9.64,3.084318,
2023-10-02 10:55:00+00:00,0.3199,0.32,0.32,0.3199,9.64,0.31995,3.084318,9.64,3.084318,
2023-10-02 11:00:00+00:00,0.3197,0.3203,0.3203,0.3197,2037.76,0.32,652.0832,2037.76,652.0832,
2023-10-02 11:05:00+00:00,0.3191,0.3195,0.3195,0.3191,1807.9,0.3193,577.26247,1807.9,577.26247,
2023-10-02 11:10:00+00:00,0.3189,0.3193,0.3191,0.3193,2751.26,0.31915,878.064629,2751.26,878.064629,
2023-10-02 11:15:00+00:00,0.3194,0.3198,0.3194,0.3194,2829.18,0.3195,903.92301,2829.18,903.92301,
2023-10-02 11:20:00+00:00,0.3195,0.32,0.3197,0.3195,1908.18,0.319675,609.9974415,1908.18,609.9974415,
2023-10-02 11:25:00+00:00,0.3196,0.3197,0.3196,0.3197,6.25,0.31965,1.9978125,6.25,1.9978125,
2023-10-02 11:30:00+00:00,0.3194,0.3197,0.3194,0.3194,87.37,0.319475,27.91253075,87.37,27.91253075,
2023-10-02 11:35:00+00:00,0.3194,0.3197,0.3194,0.3194,87.37,0.319475,27.91253075,87.37,27.91253075,
2023-10-02 11:40:00+00:00,0.3182,0.3191,0.3191,0.3182,698.64,0.31865,222.621636,698.64,222.621636,
2023-10-02 11:45:00+00:00,0.3179,0.3182,0.3179,0.3182,174.89,0.31805,55.6237645,174.89,55.6237645,
2023-10-02 11:50:00+00:00,0.3179,0.3183,0.318,0.3183,969.37,0.318125,308.38083125,969.37,308.38083125,
2023-10-02 11:55:00+00:00,0.3176,0.318,0.3179,0.318,2259.47,0.317875,718.22902625,2259.47,718.22902625,
2023-10-02 12:00:00+00:00,0.3176,0.3179,0.3177,0.3176,257.94,0.3177,81.947538,257.94,81.947538,
2023-10-02 12:05:00+00:00,0.3174,0.3179,0.3176,0.3179,242.31,0.3177,76.981887,242.31,76.981887,
2023-10-02 12:10:00+00:00,0.3179,0.318,0.3179,0.318,21.03,0.31795,6.6864885,21.03,6.6864885,
2023-10-02 12:15:00+00:00,0.3179,0.318,0.3179,0.318,21.03,0.31795,6.6864885,21.03,6.6864885,
2023-10-02 12:20:00+00:00,0.3179,0.3181,0.3179,0.3181,473.46,0.318,150.56028,473.46,150.56028,
2023-10-02 12:25:00+00:00,0.3182,0.3187,0.3182,0.3187,376.37,0.31845,119.8550265,376.37,119.8550265,
2023-10-02 12:30:00+00:00,0.3183,0.3188,0.3188,0.3183,1267.6,0.31855,403.79398,1267.6,403.79398,
2023-10-02 12:35:00+00:00,0.3183,0.3185,0.3183,0.3183,360.34,0.31835,114.714239,360.34,114.714239,
2023-10-02 12:40:00+00:00,0.3182,0.3188,0.3185,0.3188,433.23,0.318575,138.01624725,433.23,138.01624725,
2023-10-02 12:45:00+00:00,0.3183,0.3188,0.3188,0.3183,563.97,0.31855,179.6526435,563.97,179.6526435,
2023-10-02 12:50:00+00:00,0.3182,0.3185,0.3184,0.3185,631.12,0.3184,200.948608,631.12,200.948608,
2023-10-02 12:55:00+00:00,0.3182,0.3186,0.3186,0.3182,81.67,0.3184,26.003728,81.67,26.003728,
2023-10-02 13:00:00+00:00,0.3179,0.3183,0.3181,0.3179,2895.37,0.31805,920.8724285,2895.37,920.8724285,
2023-10-02 13:05:00+00:00,0.3179,0.3181,0.3179,0.318,3889.05,0.317975,1236.62067375,3889.05,1236.62067375,
2023-10-02 13:10:00+00:00,0.3177,0.3182,0.3177,0.3182,515.76,0.31795,163.985892,515.76,163.985892,
2023-10-02 13:15:00+00:00,0.3184,0.3186,0.3184,0.3185,2201.97,0.318475,701.27239575,2201.97,701.27239575,
2023-10-02 13:20:00+00:00,0.3182,0.3186,0.3185,0.3183,1911.64,0.3184,608.666176,1911.64,608.666176,
2023-10-02 13:25:00+00:00,0.317,0.3179,0.3179,0.317,592.93,0.31745,188.2256285,592.93,188.2256285,
2023-10-02 13:30:00+00:00,0.3173,0.318,0.3173,0.318,2436.82,0.31765,774.055873,2436.82,774.055873,
2023-10-02 13:35:00+00:00,0.318,0.3185,0.3182,0.318,319.56,0.318175,101.676003,319.56,101.676003,
2023-10-02 13:40:00+00:00,0.3174,0.3182,0.3182,0.3176,1335.35,0.31785,424.4409975,1335.35,424.4409975,
2023-10-02 13:45:00+00:00,0.317,0.318,0.3175,0.317,6940.1,0.317375,2202.6142375,6940.1,2202.6142375,
2023-10-02 13:50:00+00:00,0.3164,0.3171,0.3171,0.3167,1924.15,0.316825,609.61882375,1924.15,609.61882375,
2023-10-02 13:55:00+00:00,0.3167,0.3179,0.3167,0.3179,7073.07,0.3173,2244.285111,7073.07,2244.285111,
2023-10-02 14:00:00+00:00,0.3164,0.3181,0.3181,0.3164,2373.7,0.31725,753.056325,2373.7,753.056325,
2023-10-02 14:05:00+00:00,0.3152,0.317,0.3167,0.3158,1706.92,0.316175,539.685431,1706.92,539.685431,
2023-10-02 14:10:00+00:00,0.3148,0.316,0.3159,0.3152,2310.26,0.315475,728.8292735,2310.26,728.8292735,
2023-10-02 14:15:00+00:00,0.3143,0.3153,0.3153,0.3143,7347.31,0.3148,2312.933188,7347.31,2312.933188,
2023-10-02 14:20:00+00:00,0.3146,0.316,0.3146,0.3158,1752.34,0.31525,552.425185,1752.34,552.425185,
2023-10-02 14:25:00+00:00,0.3155,0.3161,0.3155,0.3161,85.29,0.3158,26.934582,85.29,26.934582,
2023-10-02 14:30:00+00:00,0.3164,0.3167,0.3164,0.3164,236.98,0.316475,74.9982455,236.98,74.9982455,
2023-10-02 14:35:00+00:00,0.3163,0.3165,0.3165,0.3163,273.29,0.3164,86.468956,273.29,86.468956,
2023-10-02 14:40:00+00:00,0.3166,0.317,0.3167,0.317,514.18,0.316825,162.9050785,514.18,162.9050785,
2023-10-02 14:45:00+00:00,0.3158,0.3167,0.3167,0.3158,241.42,0.31625,76.349075,241.42,76.349075,
2023-10-02 14:50:00+00:00,0.3158,0.317,0.3158,0.317,873.84,0.3164,276.482976,873.84,276.482976,
2023-10-02 14:55:00+00:00,0.3162,0.3167,0.3167,0.3162,1857.13,0.31645,587.6887885,1857.13,587.6887885,
2023-10-02 15:00:00+00:00,0.3165,0.317,0.3165,0.3167,558.54,0.316675,176.8756545,558.54,176.8756545,
2023-10-02 15:05:00+00:00,0.3158,0.3164,0.3164,0.3158,1393.0,0.3161,440.3273,1393.0,440.3273,
2023-10-02 15:10:00+00:00,0.3161,0.3163,0.3161,0.3163,389.13,0.3162,123.042906,389.13,123.042906,
2023-10-02 15:15:00+00:00,0.3158,0.3164,0.3164,0.3158,428.69,0.3161,135.508909,428.69,135.508909,
2023-10-02 15:20:00+00:00,0.3161,0.3164,0.3161,0.3161,438.57,0.316175,138.66486975,438.57,138.66486975,
2023-10-02 15:25:00+00:00,0.3161,0.3164,0.3161,0.3161,438.57,0.316175,138.66486975,438.57,138.66486975,
2023-10-02 15:30:00+00:00,0.3155,0.3158,0.3158,0.3155,470.02,0.31565,148.361813,470.02,148.361813,
2023-10-02 15:35:00+00:00,0.3137,0.3152,0.3152,0.3137,23764.29,0.31445,7472.6809905,23764.29,7472.6809905,
2023-10-02 15:40:00+00:00,0.3137,0.314,0.314,0.3137,157.73,0.31385,49.5035605,157.73,49.5035605,
2023-10-02 15:45:00+00:00,0.3108,0.3137,0.3137,0.3108,6086.43,0.31225,1900.4877675,6086.43,1900.4877675,
2023-10-02 15:50:00+00:00,0.3094,0.3125,0.3107,0.3119,28109.6,0.311125,8745.5993,28109.6,8745.5993,
2023-10-02 15:55:00+00:00,0.311,0.3117,0.3117,0.3115,654.6,0.311475,203.891535,654.6,203.891535,
2023-10-02 16:00:00+00:00,0.3106,0.3118,0.3113,0.3112,10944.03,0.311225,3406.05573675,10944.03,3406.05573675,
2023-10-02 16:05:00+00:00,0.3101,0.3119,0.3112,0.3116,16291.4,0.3112,5069.88368,16291.4,5069.88368,
2023-10-02 16:10:00+00:00,0.3113,0.3125,0.3113,0.3125,1326.13,0.3119,413.619947,1326.13,413.619947,
2023-10-02 16:15:00+00:00,0.3122,0.3131,0.3128,0.3131,3633.71,0.3128,1136.624488,3633.71,1136.624488,
2023-10-02 16:20:00+00:00,0.3128,0.3131,0.3129,0.3131,1888.53,0.312975,591.06267675,1888.53,591.06267675,
2023-10-02 16:25:00+00:00,0.3125,0.3132,0.3131,0.3128,4280.96,0.3129,1339.512384,4280.96,1339.512384,
2023-10-02 16:30:00+00:00,0.3126,0.3128,0.3128,0.3128,702.46,0.31275,219.694365,702.46,219.694365,
2023-10-02 16:35:00+00:00,0.3127,0.3131,0.3131,0.3127,1540.38,0.3129,481.984902,1540.38,481.984902,
2023-10-02 16:40:00+00:00,0.3127,0.3131,0.3128,0.3131,383.23,0.312925,119.92224775,383.23,119.92224775,
2023-10-02 16:45:00+00:00,0.3125,0.3134,0.313,0.3125,1077.27,0.31285,337.0239195,1077.27,337.0239195,
2023-10-02 16:50:00+00:00,0.3121,0.3125,0.3125,0.3125,1551.41,0.3124,484.660484,1551.41,484.660484,
2023-10-02 16:55:00+00:00,0.312,0.3125,0.3125,0.3125,473.47,0.312375,147.90019125,473.47,147.90019125,
2023-10-02 17:00:00+00:00,0.3117,0.3126,0.3126,0.3117,833.24,0.31215,260.095866,833.24,260.095866,
2023-10-02 17:05:00+00:00,0.3116,0.3122,0.3117,0.3122,3026.62,0.311925,944.0784435,3026.62,944.0784435,
2023-10-02 17:10:00+00:00,0.3116,0.3121,0.3119,0.3121,272.33,0.311925,84.94653525,272.33,84.94653525,
2023-10-02 17:15:00+00:00,0.3121,0.3128,0.3121,0.3126,790.3,0.3124,246.88972,790.3,246.88972,
2023-10-02 17:20:00+00:00,0.3121,0.3128,0.3121,0.3126,790.3,0.3124,246.88972,790.3,246.88972,
2023-10-02 17:25:00+00:00,0.3128,0.3131,0.3128,0.3131,289.73,0.31295,90.6710035,289.73,90.6710035,
2023-10-02 17:30:00+00:00,0.313,0.3136,0.313,0.3133,3504.99,0.313225,1097.85049275,3504.99,1097.85049275,
2023-10-02 17:35:00+00:00,0.3133,0.3136,0.3135,0.3135,4730.11,0.313475,1482.77123225,4730.11,1482.77123225,
2023-10-02 17:40:00+00:00,0.3136,0.3139,0.3137,0.3139,241.72,0.313775,75.845693,241.72,75.845693,
2023-10-02 17:45:00+00:00,0.313,0.314,0.3139,0.313,1222.44,0.313475,383.204379,1222.44,383.204379,
2023-10-02 17:50:00+00:00,0.3127,0.3132,0.3132,0.3128,568.22,0.312975,177.8386545,568.22,177.8386545,
2023-10-02 17:55:00+00:00,0.3127,0.3127,0.3127,0.3127,9.2,0.3127,2.87684,9.2,2.87684,
2023-10-02 18:00:00+00:00,0.3129,0.3129,0.3129,0.3129,34.53,0.3129,10.804437,34.53,10.804437,
2023-10-02 18:05:00+00:00,0.3125,0.313,0.3128,0.3127,10701.13,0.31275,3346.7784075,10701.13,3346.7784075,
2023-10-02 18:10:00+00:00,0.3125,0.313,0.3126,0.3125,1003.97,0.31265,313.8912205,1003.97,313.8912205,
2023-10-02 18:15:00+00:00,0.3125,0.313,0.3126,0.3125,1003.97,0.31265,313.8912205,1003.97,313.8912205,
2023-10-02 18:20:00+00:00,0.3118,0.3125,0.3125,0.3118,1407.1,0.31215,439.226265,1407.1,439.226265,
2023-10-02 18:25:00+00:00,0.3115,0.312,0.3118,0.3116,705.08,0.311725,219.791063,705.08,219.791063,
2023-10-02 18:30:00+00:00,0.311,0.3113,0.3113,0.311,164.34,0.31115,51.134391,164.34,51.134391,
2023-10-02 18:35:00+00:00,0.3007,0.3107,0.3107,0.3008,84720.12,0.305725,25901.058687,84720.12,25901.058687,
2023-10-02 18:40:00+00:00,0.3042,0.3059,0.3042,0.3043,18959.32,0.30465,5775.956838,18959.32,5775.956838,
2023-10-02 18:45:00+00:00,0.3047,0.3068,0.3047,0.3068,2981.44,0.30575,911.57528,2981.44,911.57528,
2023-10-02 18:50:00+00:00,0.3063,0.3074,0.3069,0.3063,13010.59,0.306725,3990.67321775,13010.59,3990.67321775,
2023-10-02 18:55:00+00:00,0.3056,0.3065,0.3065,0.3056,4993.66,0.30605,1528.309643,4993.66,1528.309643,
2023-10-02 19:00:00+00:00,0.3041,0.3053,0.3053,0.3041,17473.1,0.3047,5324.05357,17473.1,5324.05357,
2023-10-02 19:05:00+00:00,0.3035,0.3047,0.3038,0.3047,12649.9,0.304175,3847.7833325,12649.9,3847.7833325,
2023-10-02 19:10:00+00:00,0.3044,0.3047,0.3045,0.3044,10043.68,0.3045,3058.30056,10043.68,3058.30056,
2023-10-02 19:15:00+00:00,0.3041,0.3056,0.3041,0.3056,6178.34,0.30485,1883.466949,6178.34,1883.466949,
2023-10-02 19:20:00+00:00,0.3052,0.3056,0.3056,0.3052,613.45,0.3054,187.34763,613.45,187.34763,
2023-10-02 19:25:00+00:00,0.3052,0.3055,0.3053,0.3055,1575.21,0.305375,481.02975375,1575.21,481.02975375,
2023-10-02 19:30:00+00:00,0.3055,0.3056,0.3056,0.3055,394.6,0.30555,120.57003,394.6,120.57003,
2023-10-02 19:35:00+00:00,0.3056,0.3059,0.3057,0.3059,12572.38,0.305775,3844.3194945,12572.38,3844.3194945,
2023-10-02 19:40:00+00:00,0.3055,0.3059,0.3059,0.3055,567.98,0.3057,173.631486,567.98,173.631486,
2023-10-02 19:45:00+00:00,0.3058,0.3062,0.3058,0.3062,2044.59,0.306,625.64454,2044.59,625.64454,
2023-10-02 19:50:00+00:00,0.3063,0.3069,0.3064,0.3069,1767.55,0.306625,541.97501875,1767.55,541.97501875,
2023-10-02 19:55:00+00:00,0.3071,0.3074,0.3071,0.3074,6725.19,0.30725,2066.3146275,6725.19,2066.3146275,
2023-10-02 20:00:00+00:00,0.3067,0.3073,0.3071,0.3068,1253.2,0.306975,384.70107,1253.2,384.70107,
2023-10-02 20:05:00+00:00,0.3059,0.3066,0.3065,0.3059,555.65,0.306225,170.15392125,555.65,170.15392125,
2023-10-02 20:10:00+00:00,0.3063,0.3066,0.3063,0.3066,5728.23,0.30645,1755.4160835,5728.23,1755.4160835,
2023-10-02 20:15:00+00:00,0.3062,0.3064,0.3064,0.3062,87.91,0.3063,26.926833,87.91,26.926833,
2023-10-02 20:20:00+00:00,0.3057,0.3059,0.3059,0.3059,480.84,0.30585,147.064914,480.84,147.064914,
2023-10-02 20:25:00+00:00,0.3062,0.307,0.3062,0.3062,3292.44,0.3064,1008.803616,3292.44,1008.803616,
2023-10-02 20:30:00+00:00,0.3059,0.3062,0.3062,0.3061,147.09,0.3061,45.024249,147.09,45.024249,
2023-10-02 20:35:00+00:00,0.3059,0.3062,0.3062,0.3061,147.09,0.3061,45.024249,147.09,45.024249,
2023-10-02 20:40:00+00:00,0.3059,0.306,0.3059,0.306,4236.37,0.30595,1296.1174015,4236.37,1296.1174015,
2023-10-02 20:45:00+00:00,0.3059,0.306,0.3059,0.306,4236.37,0.30595,1296.1174015,4236.37,1296.1174015,
2023-10-02 20:50:00+00:00,0.3059,0.3062,0.3061,0.3059,21.72,0.306025,6.646863,21.72,6.646863,
2023-10-02 20:55:00+00:00,0.3059,0.3062,0.3061,0.3059,21.72,0.306025,6.646863,21.72,6.646863,
2023-10-02 21:00:00+00:00,0.3056,0.3062,0.3059,0.3062,74.73,0.305975,22.86551175,74.73,22.86551175,
2023-10-02 21:05:00+00:00,0.3056,0.3057,0.3057,0.3056,306.39,0.30565,93.6481035,306.39,93.6481035,
2023-10-02 21:10:00+00:00,0.3047,0.3056,0.3056,0.3047,2461.56,0.30515,751.145034,2461.56,751.145034,
2023-10-02 21:15:00+00:00,0.305,0.3057,0.305,0.3057,344.82,0.30535,105.290787,344.82,105.290787,
2023-10-02 21:20:00+00:00,0.3055,0.3057,0.3057,0.3055,1360.99,0.3056,415.918544,1360.99,415.918544,
2023-10-02 21:25:00+00:00,0.3055,0.3057,0.3057,0.3055,1360.99,0.3056,415.918544,1360.99,415.918544,
2023-10-02 21:30:00+00:00,0.3047,0.3053,0.3053,0.3047,17847.17,0.305,5443.38685,17847.17,5443.38685,
2023-10-02 21:35:00+00:00,0.3045,0.3048,0.3048,0.3045,3351.91,0.30465,1021.1593815,3351.91,1021.1593815,
2023-10-02 21:40:00+00:00,0.3028,0.3044,0.3044,0.3033,4042.45,0.303725,1227.79312625,4042.45,1227.79312625,
2023-10-02 21:45:00+00:00,0.3016,0.3032,0.3029,0.3032,5707.1,0.302725,1727.6818475,5707.1,1727.6818475,
2023-10-02 21:50:00+00:00,0.3027,0.3036,0.3035,0.3027,31677.23,0.303125,9602.16034375,31677.23,9602.16034375,
2023-10-02 21:55:00+00:00,0.3025,0.3041,0.3026,0.3039,8116.19,0.303275,2461.43752225,8116.19,2461.43752225,
2023-10-02 22:00:00+00:00,0.3036,0.3044,0.3038,0.3039,338.56,0.303925,102.896848,338.56,102.896848,
2023-10-02 22:05:00+00:00,0.3035,0.304,0.3038,0.3037,1234.33,0.30375,374.9277375,1234.33,374.9277375,
2023-10-02 22:10:00+00:00,0.3036,0.304,0.3038,0.3036,619.84,0.30375,188.2764,619.84,188.2764,
2023-10-02 22:15:00+00:00,0.3039,0.3044,0.3041,0.3041,370.48,0.304125,112.67223,370.48,112.67223,
2023-10-02 22:20:00+00:00,0.3038,0.3044,0.3039,0.3043,903.39,0.3041,274.720899,903.39,274.720899,
2023-10-02 22:25:00+00:00,0.3041,0.3043,0.3043,0.3043,3949.0,0.30425,1201.48325,3949.0,1201.48325,
2023-10-02 22:30:00+00:00,0.304,0.3047,0.304,0.3045,1423.62,0.3043,433.207566,1423.62,433.207566,
2023-10-02 22:35:00+00:00,0.3039,0.3044,0.3044,0.3039,4480.17,0.30415,1362.6437055,4480.17,1362.6437055,
2023-10-02 22:40:00+00:00,0.3037,0.304,0.3038,0.3038,2649.09,0.303825,804.85976925,2649.09,804.85976925,
2023-10-02 22:45:00+00:00,0.3041,0.3041,0.3041,0.3041,1627.19,0.3041,494.828479,1627.19,494.828479,
2023-10-02 22:50:00+00:00,0.3039,0.3042,0.3039,0.3042,607.31,0.30405,184.6526055,607.31,184.6526055,
2023-10-02 22:55:00+00:00,0.304,0.3044,0.304,0.3044,852.93,0.3042,259.461306,852.93,259.461306,
2023-10-02 23:00:00+00:00,0.3041,0.305,0.3041,0.3047,96.16,0.304475,29.278316,96.16,29.278316,
2023-10-02 23:05:00+00:00,0.3047,0.305,0.305,0.3048,2282.67,0.304875,695.92901625,2282.67,695.92901625,
2023-10-02 23:10:00+00:00,0.3038,0.3045,0.3045,0.3038,7812.74,0.30415,2376.244871,7812.74,2376.244871,
2023-10-02 23:15:00+00:00,0.3039,0.3043,0.3041,0.3039,3792.32,0.30405,1153.054896,3792.32,1153.054896,
2023-10-02 23:20:00+00:00,0.3038,0.3042,0.3038,0.3042,415.29,0.304,126.24816,415.29,126.24816,
2023-10-02 23:25:00+00:00,0.3043,0.3044,0.3043,0.3044,889.27,0.30435,270.6493245,889.27,270.6493245,
2023-10-02 23:30:00+00:00,0.3043,0.3047,0.3043,0.3047,138.08,0.3045,42.04536,138.08,42.04536,
2023-10-02 23:35:00+00:00,0.3048,0.3051,0.3048,0.3048,4637.95,0.304875,1413.99500625,4637.95,1413.99500625,
2023-10-02 23:40:00+00:00,0.3048,0.305,0.305,0.3048,1701.4,0.3049,518.75686,1701.4,518.75686,
2023-10-02 23:45:00+00:00,0.305,0.3053,0.3052,0.3053,2077.88,0.3052,634.168976,2077.88,634.168976,
2023-10-02 23:50:00+00:00,0.3049,0.3054,0.3054,0.3049,952.39,0.30515,290.6218085,952.39,290.6218085,
2023-10-02 23:55:00+00:00,0.3049,0.3049,0.3049,0.3049,464.68,0.3049,141.680932,464.68,141.680932,
2023-10-03 00:00:00+00:00,0.3044,0.3049,0.3049,0.3044,1497.11,0.30465,456.0945615,1497.11,456.0945615,
2023-10-03 00:05:00+00:00,0.3047,0.3051,0.3047,0.3051,1177.23,0.3049,358.937427,1177.23,358.937427,
2023-10-03 00:10:00+00:00,0.3046,0.305,0.3048,0.305,176.47,0.30485,53.7968795,176.47,53.7968795,
2023-10-03 00:15:00+00:00,0.3046,0.3053,0.3047,0.305,637.06,0.3049,194.239594,637.06,194.239594,
2023-10-03 00:20:00+00:00,0.3049,0.305,0.3049,0.305,557.11,0.30495,169.8906945,557.11,169.8906945,
2023-10-03 00:25:00+00:00,0.305,0.3053,0.305,0.3053,154.25,0.30515,47.0693875,154.25,47.0693875,
2023-10-03 00:30:00+00:00,0.3052,0.3058,0.3054,0.3057,11856.21,0.305525,3622.36856025,11856.21,3622.36856025,
2023-10-03 00:35:00+00:00,0.3047,0.3053,0.3053,0.3053,884.19,0.30515,269.8105785,884.19,269.8105785,
2023-10-03 00:40:00+00:00,0.3054,0.3055,0.3055,0.3054,1729.44,0.30545,528.257448,1729.44,528.257448,
2023-10-03 00:45:00+00:00,0.3044,0.305,0.305,0.3049,25005.37,0.304825,7622.26191025,25005.37,7622.26191025,
2023-10-03 00:50:00+00:00,0.305,0.3053,0.305,0.305,488.21,0.305075,148.94066575,488.21,148.94066575,
2023-10-03 00:55:00+00:00,0.3047,0.305,0.3047,0.305,829.86,0.30485,252.982821,829.86,252.982821,
2023-10-03 01:00:00+00:00,0.3047,0.305,0.3047,0.305,829.86,0.30485,252.982821,829.86,252.982821,
2023-10-03 01:05:00+00:00,0.3047,0.3052,0.3052,0.3047,1703.41,0.30495,519.4548795,1703.41,519.4548795,
2023-10-03 01:10:00+00:00,0.3046,0.3056,0.3046,0.3056,6233.2,0.3051,1901.74932,6233.2,1901.74932,
2023-10-03 01:15:00+00:00,0.3046,0.3056,0.3046,0.3056,6233.2,0.3051,1901.74932,6233.2,1901.74932,
2023-10-03 01:20:00+00:00,0.3046,0.3056,0.3046,0.3056,6233.2,0.3051,1901.74932,6233.2,1901.74932,
2023-10-03 01:25:00+00:00,0.3055,0.3062,0.3055,0.3062,192.85,0.30585,58.9831725,192.85,58.9831725,
2023-10-03 01:30:00+00:00,0.3061,0.3065,0.3061,0.3065,107.55,0.3063,32.942565,107.55,32.942565,
2023-10-03 01:35:00+00:00,0.3062,0.3068,0.3063,0.3066,547.86,0.306475,167.9053935,547.86,167.9053935,
2023-10-03 01:40:00+00:00,0.3067,0.3071,0.3067,0.3071,29.29,0.3069,8.989101,29.29,8.989101,
2023-10-03 01:45:00+00:00,0.3067,0.3071,0.3067,0.3071,29.29,0.3069,8.989101,29.29,8.989101,
2023-10-03 01:50:00+00:00,0.307,0.3071,0.307,0.3071,494.82,0.30705,151.934481,494.82,151.934481,
2023-10-03 01:55:00+00:00,0.3069,0.3074,0.3069,0.3074,20138.12,0.30715,6185.423558,20138.12,6185.423558,
2023-10-03 02:00:00+00:00,0.3068,0.3072,0.3072,0.3068,733.9,0.307,225.3073,733.9,225.3073,
2023-10-03 02:05:00+00:00,0.3066,0.3069,0.3066,0.3069,583.54,0.30675,179.000895,583.54,179.000895,
2023-10-03 02:10:00+00:00,0.3066,0.3069,0.3066,0.3069,583.54,0.30675,179.000895,583.54,179.000895,
2023-10-03 02:15:00+00:00,0.3069,0.3071,0.307,0.3069,9738.78,0.306975,2989.5619905,9738.78,2989.5619905,
2023-10-03 02:20:00+00:00,0.3066,0.3069,0.3068,0.3069,396.51,0.3068,121.649268,396.51,121.649268,
2023-10-03 02:25:00+00:00,0.3066,0.3069,0.3068,0.3069,396.51,0.3068,121.649268,396.51,121.649268,
2023-10-03 02:30:00+00:00,0.3068,0.3069,0.3068,0.3069,158.74,0.30685,48.709369,158.74,48.709369,
2023-10-03 02:35:00+00:00,0.3068,0.3069,0.3068,0.3069,158.74,0.30685,48.709369,158.74,48.709369,
2023-10-03 02:40:00+00:00,0.307,0.3072,0.3071,0.3072,3746.39,0.307125,1150.61002875,3746.39,1150.61002875,
2023-10-03 02:45:00+00:00,0.307,0.3072,0.3071,0.3072,3746.39,0.307125,1150.61002875,3746.39,1150.61002875,
2023-10-03 02:50:00+00:00,0.3073,0.3074,0.3073,0.3073,200.14,0.307325,61.5080255,200.14,61.5080255,
2023-10-03 02:55:00+00:00,0.3073,0.3075,0.3073,0.3073,422.06,0.30735,129.720141,422.06,129.720141,
2023-10-03 03:00:00+00:00,0.3071,0.3072,0.3072,0.3071,8895.62,0.30715,2732.289683,8895.62,2732.289683,
2023-10-03 03:05:00+00:00,0.3069,0.3073,0.3071,0.3069,234.06,0.30705,71.868123,234.06,71.868123,
2023-10-03 03:10:00+00:00,0.307,0.3073,0.3071,0.3073,72.26,0.307175,22.1964655,72.26,22.1964655,
2023-10-03 03:15:00+00:00,0.3071,0.3072,0.3072,0.3071,84.4,0.30715,25.92346,84.4,25.92346,
2023-10-03 03:20:00+00:00,0.3065,0.3068,0.3068,0.3065,192.92,0.30665,59.158918,192.92,59.158918,
2023-10-03 03:25:00+00:00,0.3061,0.3067,0.3062,0.3067,6142.47,0.306425,1882.20636975,6142.47,1882.20636975,
2023-10-03 03:30:00+00:00,0.3061,0.3067,0.3062,0.3067,6142.47,0.306425,1882.20636975,6142.47,1882.20636975,
2023-10-03 03:35:00+00:00,0.3067,0.3068,0.3067,0.3067,935.51,0.306725,286.94430475,935.51,286.94430475,
2023-10-03 03:40:00+00:00,0.3068,0.3069,0.3069,0.3068,302.09,0.30685,92.6963165,302.09,92.6963165,
2023-10-03 03:45:00+00:00,0.3068,0.3069,0.3069,0.3068,302.09,0.30685,92.6963165,302.09,92.6963165,
2023-10-03 03:50:00+00:00,0.3065,0.3068,0.3068,0.3066,37.59,0.306675,11.52791325,37.59,11.52791325,
2023-10-03 03:55:00+00:00,0.3066,0.3069,0.3066,0.3068,138.6,0.306725,42.512085,138.6,42.512085,
2023-10-03 04:00:00+00:00,0.3068,0.3069,0.3069,0.3068,96.02,0.30685,29.463737,96.02,29.463737,
2023-10-03 04:05:00+00:00,0.3065,0.3069,0.3068,0.3065,400.33,0.306675,122.77120275,400.33,122.77120275,
2023-10-03 04:10:00+00:00,0.3065,0.3069,0.3068,0.3065,400.33,0.306675,122.77120275,400.33,122.77120275,
2023-10-03 04:15:00+00:00,0.3064,0.3065,0.3064,0.3065,138.25,0.30645,42.3667125,138.25,42.3667125,
2023-10-03 04:20:00+00:00,0.306,0.3062,0.3062,0.306,3092.39,0.3061,946.580579,3092.39,946.580579,
2023-10-03 04:25:00+00:00,0.306,0.3062,0.3062,0.306,3092.39,0.3061,946.580579,3092.39,946.580579,
2023-10-03 04:30:00+00:00,0.306,0.3064,0.306,0.3062,2213.11,0.30615,677.5436265,2213.11,677.5436265,
2023-10-03 04:35:00+00:00,0.3065,0.3068,0.3065,0.3068,1002.75,0.30665,307.4932875,1002.75,307.4932875,
2023-10-03 04:40:00+00:00,0.3066,0.3067,0.3066,0.3067,610.2,0.30665,187.11783,610.2,187.11783,
2023-10-03 04:45:00+00:00,0.3065,0.3069,0.3065,0.3066,2431.77,0.306625,745.64147625,2431.77,745.64147625,
2023-10-03 04:50:00+00:00,0.3065,0.3068,0.3065,0.3067,1002.86,0.306625,307.5019475,1002.86,307.5019475,
2023-10-03 04:55:00+00:00,0.3068,0.3071,0.3068,0.307,402.93,0.306925,123.66929025,402.93,123.66929025,
2023-10-03 05:00:00+00:00,0.3068,0.3071,0.3068,0.307,402.93,0.306925,123.66929025,402.93,123.66929025,
2023-10-03 05:05:00+00:00,0.307,0.3073,0.307,0.3072,1118.91,0.307125,343.64523375,1118.91,343.64523375,
2023-10-03 05:10:00+00:00,0.3069,0.3071,0.3071,0.3069,426.0,0.307,130.782,426.0,130.782,
2023-10-03 05:15:00+00:00,0.3068,0.3071,0.3068,0.3071,1558.7,0.30695,478.442965,1558.7,478.442965,
2023-10-03 05:20:00+00:00,0.3068,0.3068,0.3068,0.3068,861.97,0.3068,264.452396,861.97,264.452396,
2023-10-03 05:25:00+00:00,0.3065,0.3068,0.3065,0.3068,365.15,0.30665,111.9732475,365.15,111.9732475,
2023-10-03 05:30:00+00:00,0.3065,0.3068,0.3065,0.3068,365.15,0.30665,111.9732475,365.15,111.9732475,
2023-10-03 05:35:00+00:00,0.3071,0.3074,0.3071,0.3071,782.67,0.307175,240.41665725,782.67,240.41665725,
2023-10-03 05:40:00+00:00,0.3071,0.3074,0.3071,0.3071,782.67,0.307175,240.41665725,782.67,240.41665725,
2023-10-03 05:45:00+00:00,0.3071,0.3074,0.3071,0.3071,782.67,0.307175,240.41665725,782.67,240.41665725,
2023-10-03 05:50:00+00:00,0.3071,0.3074,0.3071,0.3071,782.67,0.307175,240.41665725,782.67,240.41665725,
2023-10-03 05:55:00+00:00,0.3065,0.3068,0.3068,0.3065,699.06,0.30665,214.366749,699.06,214.366749,
2023-10-03 06:00:00+00:00,0.3061,0.3065,0.3065,0.3062,318.8,0.306325,97.65641,318.8,97.65641,
2023-10-03 06:05:00+00:00,0.306,0.3069,0.3061,0.3069,1242.55,0.306475,380.81051125,1242.55,380.81051125,
2023-10-03 06:10:00+00:00,0.3068,0.3071,0.307,0.3068,7092.25,0.306925,2176.78883125,7092.25,2176.78883125,
2023-10-03 06:15:00+00:00,0.3065,0.3067,0.3067,0.3065,382.44,0.3066,117.256104,382.44,117.256104,
2023-10-03 06:20:00+00:00,0.3065,0.3066,0.3065,0.3066,322.36,0.30655,98.819458,322.36,98.819458,
2023-10-03 06:25:00+00:00,0.3066,0.3068,0.3066,0.3068,210.65,0.3067,64.606355,210.65,64.606355,
2023-10-03 06:30:00+00:00,0.3068,0.3071,0.3068,0.3071,1511.92,0.30695,464.083844,1511.92,464.083844,
2023-10-03 06:35:00+00:00,0.3071,0.3075,0.3071,0.3075,776.18,0.3073,238.520114,776.18,238.520114,
2023-10-03 06:40:00+00:00,0.3071,0.3075,0.3071,0.3075,776.18,0.3073,238.520114,776.18,238.520114,
2023-10-03 06:45:00+00:00,0.3071,0.3075,0.3071,0.3075,776.18,0.3073,238.520114,776.18,238.520114,
2023-10-03 06:50:00+00:00,0.3076,0.3077,0.3076,0.3077,4149.98,0.30765,1276.741347,4149.98,1276.741347,
2023-10-03 06:55:00+00:00,0.3076,0.3077,0.3076,0.3077,4149.98,0.30765,1276.741347,4149.98,1276.741347,
2023-10-03 07:00:00+00:00,0.3076,0.3077,0.3076,0.3077,4149.98,0.30765,1276.741347,4149.98,1276.741347,
2023-10-03 07:05:00+00:00,0.3078,0.308,0.308,0.3078,532.94,0.3079,164.092226,532.94,164.092226,
2023-10-03 07:10:00+00:00,0.3078,0.308,0.308,0.3078,532.94,0.3079,164.092226,532.94,164.092226,
2023-10-03 07:15:00+00:00,0.307,0.3077,0.3077,0.307,1286.92,0.30735,395.534862,1286.92,395.534862,
2023-10-03 07:20:00+00:00,0.3068,0.3074,0.3074,0.3068,230.37,0.3071,70.746627,230.37,70.746627,
2023-10-03 07:25:00+00:00,0.3068,0.3074,0.3074,0.3068,230.37,0.3071,70.746627,230.37,70.746627,
2023-10-03 07:30:00+00:00,0.3062,0.3065,0.3065,0.3062,163.22,0.30635,50.002447,163.22,50.002447,
2023-10-03 07:35:00+00:00,0.3062,0.3065,0.3062,0.3065,239.34,0.30635,73.321809,239.34,73.321809,
2023-10-03 07:40:00+00:00,0.3062,0.3065,0.3062,0.3065,239.34,0.30635,73.321809,239.34,73.321809,
2023-10-03 07:45:00+00:00,0.3062,0.3068,0.3062,0.3068,41.81,0.3065,12.814765,41.81,12.814765,
2023-10-03 07:50:00+00:00,0.3062,0.3068,0.3062,0.3068,41.81,0.3065,12.814765,41.81,12.814765,
2023-10-03 07:55:00+00:00,0.3062,0.3068,0.3062,0.3068,41.81,0.3065,12.814765,41.81,12.814765,
2023-10-03 08:00:00+00:00,0.3068,0.3072,0.3068,0.3072,1366.82,0.307,419.61374,1366.82,419.61374,
2023-10-03 08:05:00+00:00,0.3068,0.3072,0.3068,0.3072,1366.82,0.307,419.61374,1366.82,419.61374,
2023-10-03 08:10:00+00:00,0.3074,0.3077,0.3074,0.3077,165.47,0.30755,50.8902985,165.47,50.8902985,
2023-10-03 08:15:00+00:00,0.3074,0.3077,0.3074,0.3077,165.47,0.30755,50.8902985,165.47,50.8902985,
2023-10-03 08:20:00+00:00,0.308,0.3081,0.308,0.3081,123.93,0.30805,38.1766365,123.93,38.1766365,
2023-10-03 08:25:00+00:00,0.3082,0.3086,0.3083,0.3086,335.48,0.308425,103.470419,335.48,103.470419,
2023-10-03 08:30:00+00:00,0.3081,0.3083,0.3083,0.3081,478.67,0.3082,147.526094,478.67,147.526094,
2023-10-03 08:35:00+00:00,0.3079,0.3083,0.308,0.3081,724.96,0.308075,223.342052,724.96,223.342052,
2023-10-03 08:40:00+00:00,0.3079,0.3083,0.308,0.3081,724.96,0.308075,223.342052,724.96,223.342052,
2023-10-03 08:45:00+00:00,0.3081,0.3085,0.3085,0.3083,27.62,0.30835,8.516627,27.62,8.516627,
2023-10-03 08:50:00+00:00,0.3081,0.3085,0.3085,0.3083,27.62,0.30835,8.516627,27.62,8.516627,
2023-10-03 08:55:00+00:00,0.3079,0.3082,0.308,0.3079,1591.2,0.308,490.0896,1591.2,490.0896,
2023-10-03 09:00:00+00:00,0.3077,0.3083,0.3082,0.3083,2272.97,0.308125,700.35888125,2272.97,700.35888125,
2023-10-03 09:05:00+00:00,0.3077,0.3083,0.3082,0.3083,2272.97,0.308125,700.35888125,2272.97,700.35888125,
2023-10-03 09:10:00+00:00,0.3084,0.3085,0.3084,0.3085,9.35,0.30845,2.8840075,9.35,2.8840075,
2023-10-03 09:15:00+00:00,0.3086,0.309,0.3086,0.309,3780.32,0.3088,1167.362816,3780.32,1167.362816,
2023-10-03 09:20:00+00:00,0.3086,0.3088,0.3088,0.3086,172.1,0.3087,53.12727,172.1,53.12727,
2023-10-03 09:25:00+00:00,0.308,0.3083,0.3083,0.3081,1018.98,0.308175,314.0241615,1018.98,314.0241615,
2023-10-03 09:30:00+00:00,0.3078,0.3083,0.3082,0.3078,1197.1,0.308025,368.7367275,1197.1,368.7367275,
2023-10-03 09:35:00+00:00,0.308,0.308,0.308,0.308,425.17,0.308,130.95236,425.17,130.95236,
2023-10-03 09:40:00+00:00,0.3077,0.3077,0.3077,0.3077,381.31,0.3077,117.329087,381.31,117.329087,
2023-10-03 09:45:00+00:00,0.3073,0.3075,0.3075,0.3073,3577.68,0.3074,1099.778832,3577.68,1099.778832,
2023-10-03 09:50:00+00:00,0.3073,0.3075,0.3075,0.3073,3577.68,0.3074,1099.778832,3577.68,1099.778832,
2023-10-03 09:55:00+00:00,0.3073,0.3076,0.3076,0.3073,467.42,0.30745,143.708279,467.42,143.708279,
2023-10-03 10:00:00+00:00,0.3075,0.3077,0.3075,0.3077,4126.07,0.3076,1269.179132,4126.07,1269.179132,
2023-10-03 10:05:00+00:00,0.3073,0.308,0.308,0.3073,316.98,0.30765,97.518897,316.98,97.518897,
2023-10-03 10:10:00+00:00,0.307,0.3071,0.3071,0.307,322.54,0.30705,99.035907,322.54,99.035907,
2023-10-03 10:15:00+00:00,0.3068,0.3071,0.3071,0.3068,344.34,0.30695,105.695163,344.34,105.695163,
2023-10-03 10:20:00+00:00,0.3065,0.3069,0.3065,0.3069,325.95,0.3067,99.968865,325.95,99.968865,
2023-10-03 10:25:00+00:00,0.3065,0.3069,0.3067,0.3069,2366.49,0.30675,725.9208075,2366.49,725.9208075,
2023-10-03 10:30:00+00:00,0.3065,0.3069,0.3067,0.3069,2366.49,0.30675,725.9208075,2366.49,725.9208075,
2023-10-03 10:35:00+00:00,0.307,0.3071,0.307,0.307,2266.89,0.307025,695.99190225,2266.89,695.99190225,
2023-10-03 10:40:00+00:00,0.3067,0.3072,0.3068,0.3067,471.81,0.30685,144.7748985,471.81,144.7748985,
2023-10-03 10:45:00+00:00,0.3067,0.3072,0.3068,0.3067,471.81,0.30685,144.7748985,471.81,144.7748985,
2023-10-03 10:50:00+00:00,0.3071,0.3074,0.3071,0.3073,4132.73,0.307225,1269.67797425,4132.73,1269.67797425,
2023-10-03 10:55:00+00:00,0.3071,0.3074,0.3071,0.3073,4132.73,0.307225,1269.67797425,4132.73,1269.67797425,
2023-10-03 11:00:00+00:00,0.3071,0.3074,0.3071,0.3073,4132.73,0.307225,1269.67797425,4132.73,1269.67797425,
2023-10-03 11:05:00+00:00,0.3071,0.3074,0.3074,0.3071,88.04,0.30725,27.05029,88.04,27.05029,
2023-10-03 11:10:00+00:00,0.3059,0.3068,0.3068,0.3059,8230.28,0.30635,2521.346278,8230.28,2521.346278,
2023-10-03 11:15:00+00:00,0.306,0.3064,0.3062,0.3062,668.42,0.3062,204.670204,668.42,204.670204,
2023-10-03 11:20:00+00:00,0.3054,0.3059,0.3059,0.3054,739.18,0.30565,225.930367,739.18,225.930367,
2023-10-03 11:25:00+00:00,0.3052,0.3057,0.3056,0.3057,613.56,0.30555,187.473258,613.56,187.473258,
2023-10-03 11:30:00+00:00,0.3055,0.306,0.3059,0.3055,638.87,0.305725,195.31853075,638.87,195.31853075,
2023-10-03 11:35:00+00:00,0.3053,0.3056,0.3053,0.3056,163.7,0.30545,50.002165,163.7,50.002165,
2023-10-03 11:40:00+00:00,0.3059,0.3065,0.3059,0.3065,540.84,0.3062,165.605208,540.84,165.605208,
2023-10-03 11:45:00+00:00,0.3061,0.3062,0.3062,0.3062,313.03,0.306175,95.84196025,313.03,95.84196025,
2023-10-03 11:50:00+00:00,0.3059,0.3062,0.3059,0.306,1040.3,0.306,318.3318,1040.3,318.3318,
2023-10-03 11:55:00+00:00,0.306,0.3061,0.306,0.3061,411.02,0.30605,125.792671,411.02,125.792671,
2023-10-03 12:00:00+00:00,0.3053,0.3059,0.3059,0.3053,732.61,0.3056,223.885616,732.61,223.885616,
2023-10-03 12:05:00+00:00,0.305,0.3056,0.3056,0.3052,1435.3,0.30535,438.268855,1435.3,438.268855,
2023-10-03 12:10:00+00:00,0.3046,0.3051,0.3051,0.3048,6953.34,0.3049,2120.073366,6953.34,2120.073366,
2023-10-03 12:15:00+00:00,0.3038,0.3044,0.3044,0.304,792.35,0.30415,240.9932525,792.35,240.9932525,
2023-10-03 12:20:00+00:00,0.3044,0.305,0.3044,0.3047,967.19,0.304625,294.63025375,967.19,294.63025375,
2023-10-03 12:25:00+00:00,0.3047,0.305,0.305,0.305,245.99,0.304925,75.00850075,245.99,75.00850075,
2023-10-03 12:30:00+00:00,0.305,0.3054,0.3053,0.305,480.56,0.305175,146.654898,480.56,146.654898,
2023-10-03 12:35:00+00:00,0.3047,0.305,0.3048,0.305,1401.39,0.304875,427.24877625,1401.39,427.24877625,
2023-10-03 12:40:00+00:00,0.3047,0.3048,0.3048,0.3048,387.62,0.304775,118.1368855,387.62,118.1368855,
2023-10-03 12:45:00+00:00,0.305,0.3053,0.305,0.3053,97.69,0.30515,29.8101035,97.69,29.8101035,
2023-10-03 12:50:00+00:00,0.3047,0.3053,0.3053,0.3047,808.55,0.305,246.60775,808.55,246.60775,
2023-10-03 12:55:00+00:00,0.305,0.3053,0.305,0.305,601.3,0.305075,183.4415975,601.3,183.4415975,
2023-10-03 13:00:00+00:00,0.3046,0.3049,0.3047,0.3047,681.58,0.304725,207.6944655,681.58,207.6944655,
2023-10-03 13:05:00+00:00,0.3046,0.305,0.3046,0.305,403.42,0.3048,122.962416,403.42,122.962416,
2023-10-03 13:10:00+00:00,0.3049,0.3051,0.3051,0.3049,6.02,0.305,1.8361,6.02,1.8361,
2023-10-03 13:15:00+00:00,0.305,0.3053,0.3052,0.3053,446.17,0.3052,136.171084,446.17,136.171084,
2023-10-03 13:20:00+00:00,0.3056,0.3062,0.3056,0.3062,248.4,0.3059,75.98556,248.4,75.98556,
2023-10-03 13:25:00+00:00,0.3056,0.3062,0.3056,0.3062,248.4,0.3059,75.98556,248.4,75.98556,
2023-10-03 13:30:00+00:00,0.3058,0.3062,0.3059,0.3062,369.24,0.306025,112.996671,369.24,112.996671,
2023-10-03 13:35:00+00:00,0.3061,0.3062,0.3062,0.3061,681.65,0.30615,208.6871475,681.65,208.6871475,
2023-10-03 13:40:00+00:00,0.3063,0.3065,0.3063,0.3063,802.64,0.30635,245.888764,802.64,245.888764,
2023-10-03 13:45:00+00:00,0.3062,0.3065,0.3062,0.3065,631.24,0.30635,193.380374,631.24,193.380374,
2023-10-03 13:50:00+00:00,0.3062,0.3065,0.3064,0.3062,957.49,0.306325,293.30312425,957.49,293.30312425,
2023-10-03 13:55:00+00:00,0.3057,0.3063,0.3062,0.3057,2916.86,0.305975,892.4862385,2916.86,892.4862385,
2023-10-03 14:00:00+00:00,0.3044,0.3056,0.3056,0.3047,655.92,0.305075,200.104794,655.92,200.104794,
2023-10-03 14:05:00+00:00,0.3044,0.305,0.3048,0.305,815.56,0.3048,248.582688,815.56,248.582688,
2023-10-03 14:10:00+00:00,0.3049,0.3053,0.3053,0.3049,335.94,0.3051,102.495294,335.94,102.495294,
2023-10-03 14:15:00+00:00,0.3041,0.305,0.3049,0.3041,1580.94,0.304525,481.4357535,1580.94,481.4357535,
2023-10-03 14:20:00+00:00,0.3042,0.3047,0.3042,0.3044,1939.37,0.304375,590.29574375,1939.37,590.29574375,
2023-10-03 14:25:00+00:00,0.3041,0.3048,0.3044,0.3043,1834.93,0.3044,558.552692,1834.93,558.552692,
2023-10-03 14:30:00+00:00,0.3038,0.305,0.3041,0.305,3413.29,0.304475,1039.26147275,3413.29,1039.26147275,
2023-10-03 14:35:00+00:00,0.3047,0.3053,0.3053,0.3047,245.91,0.305,75.00255,245.91,75.00255,
2023-10-03 14:40:00+00:00,0.3049,0.3051,0.305,0.3049,434.67,0.304975,132.56348325,434.67,132.56348325,
2023-10-03 14:45:00+00:00,0.3034,0.3047,0.3047,0.3034,5051.11,0.30405,1535.7899955,5051.11,1535.7899955,
2023-10-03 14:50:00+00:00,0.3032,0.3041,0.3032,0.3041,2166.87,0.30365,657.9700755,2166.87,657.9700755,
2023-10-03 14:55:00+00:00,0.3039,0.3043,0.3043,0.3042,2147.43,0.304175,653.19452025,2147.43,653.19452025,
2023-10-03 15:00:00+00:00,0.3037,0.3041,0.3038,0.3037,1358.99,0.303825,412.89513675,1358.99,412.89513675,
2023-10-03 15:05:00+00:00,0.3028,0.3039,0.3039,0.3038,6197.69,0.3036,1881.618684,6197.69,1881.618684,
2023-10-03 15:10:00+00:00,0.3041,0.3044,0.3041,0.3044,306.04,0.30425,93.11267,306.04,93.11267,
2023-10-03 15:15:00+00:00,0.304,0.3047,0.3047,0.3046,1014.36,0.3045,308.87262,1014.36,308.87262,
2023-10-03 15:20:00+00:00,0.304,0.3047,0.3047,0.3046,1014.36,0.3045,308.87262,1014.36,308.87262,
2023-10-03 15:25:00+00:00,0.3045,0.305,0.3045,0.3048,3674.3,0.3047,1119.55921,3674.3,1119.55921,
2023-10-03 15:30:00+00:00,0.3041,0.3044,0.3044,0.3044,551.82,0.304325,167.9326215,551.82,167.9326215,
2023-10-03 15:35:00+00:00,0.3038,0.3041,0.3041,0.3041,331.76,0.304025,100.863334,331.76,100.863334,
2023-10-03 15:40:00+00:00,0.3037,0.3041,0.3041,0.3041,1976.13,0.304,600.74352,1976.13,600.74352,
2023-10-03 15:45:00+00:00,0.3035,0.3041,0.304,0.3035,621.64,0.303775,188.838691,621.64,188.838691,
2023-10-03 15:50:00+00:00,0.3031,0.3035,0.3035,0.3031,589.35,0.3033,178.749855,589.35,178.749855,
2023-10-03 15:55:00+00:00,0.3032,0.3039,0.3035,0.3032,10500.27,0.30345,3186.3069315,10500.27,3186.3069315,
2023-10-03 16:00:00+00:00,0.3034,0.3044,0.3034,0.3044,1471.27,0.3039,447.118953,1471.27,447.118953,
2023-10-03 16:05:00+00:00,0.3035,0.3041,0.3041,0.3035,532.37,0.3038,161.734006,532.37,161.734006,
2023-10-03 16:10:00+00:00,0.3035,0.3041,0.3035,0.3041,246.89,0.3038,75.005182,246.89,75.005182,
2023-10-03 16:15:00+00:00,0.3035,0.3041,0.3035,0.3041,246.89,0.3038,75.005182,246.89,75.005182,
2023-10-03 16:20:00+00:00,0.3037,0.3046,0.3038,0.3046,1002.03,0.304175,304.79247525,1002.03,304.79247525,
2023-10-03 16:25:00+00:00,0.3046,0.3047,0.3047,0.3046,114.9,0.30465,35.004285,114.9,35.004285,
2023-10-03 16:30:00+00:00,0.3045,0.305,0.3046,0.3045,250.3,0.30465,76.253895,250.3,76.253895,
2023-10-03 16:35:00+00:00,0.3044,0.3047,0.3044,0.3047,436.06,0.30455,132.802073,436.06,132.802073,
2023-10-03 16:40:00+00:00,0.3049,0.3053,0.305,0.305,965.48,0.30505,294.519674,965.48,294.519674,
2023-10-03 16:45:00+00:00,0.3045,0.3047,0.3047,0.3045,278.71,0.3046,84.895066,278.71,84.895066,
2023-10-03 16:50:00+00:00,0.3042,0.3044,0.3044,0.3042,466.34,0.3043,141.907262,466.34,141.907262,
2023-10-03 16:55:00+00:00,0.304,0.3044,0.3041,0.304,1531.69,0.304125,465.82522125,1531.69,465.82522125,
2023-10-03 17:00:00+00:00,0.304,0.3044,0.3041,0.304,1531.69,0.304125,465.82522125,1531.69,465.82522125,
2023-10-03 17:05:00+00:00,0.304,0.3047,0.304,0.3045,708.5,0.3043,215.59655,708.5,215.59655,
2023-10-03 17:10:00+00:00,0.3041,0.3044,0.3044,0.3041,213.29,0.30425,64.8934825,213.29,64.8934825,
2023-10-03 17:15:00+00:00,0.3041,0.3043,0.3041,0.3043,1003.24,0.3042,305.185608,1003.24,305.185608,
2023-10-03 17:20:00+00:00,0.3041,0.3043,0.3042,0.3041,9919.72,0.304175,3017.330831,9919.72,3017.330831,
2023-10-03 17:25:00+00:00,0.3041,0.3043,0.3042,0.3041,9919.72,0.304175,3017.330831,9919.72,3017.330831,
2023-10-03 17:30:00+00:00,0.3041,0.3043,0.3042,0.3041,9919.72,0.304175,3017.330831,9919.72,3017.330831,
2023-10-03 17:35:00+00:00,0.3041,0.3043,0.3041,0.3041,206.88,0.30415,62.922552,206.88,62.922552,
2023-10-03 17:40:00+00:00,0.3038,0.304,0.304,0.3038,276.08,0.3039,83.900712,276.08,83.900712,
2023-10-03 17:45:00+00:00,0.3036,0.3041,0.3036,0.3039,276.94,0.3038,84.134372,276.94,84.134372,
2023-10-03 17:50:00+00:00,0.3036,0.3041,0.3036,0.3039,276.94,0.3038,84.134372,276.94,84.134372,
2023-10-03 17:55:00+00:00,0.3036,0.3041,0.3036,0.3039,276.94,0.3038,84.134372,276.94,84.134372,
2023-10-03 18:00:00+00:00,0.3033,0.3039,0.3038,0.3034,2467.05,0.3036,748.99638,2467.05,748.99638,
2023-10-03 18:05:00+00:00,0.3031,0.3034,0.3034,0.3031,1804.74,0.30325,547.287405,1804.74,547.287405,
2023-10-03 18:10:00+00:00,0.3033,0.3036,0.3033,0.3036,513.36,0.30345,155.779092,513.36,155.779092,
2023-10-03 18:15:00+00:00,0.3032,0.3033,0.3033,0.3032,740.01,0.30325,224.4080325,740.01,224.4080325,
2023-10-03 18:20:00+00:00,0.3032,0.3033,0.3033,0.3032,740.01,0.30325,224.4080325,740.01,224.4080325,
2023-10-03 18:25:00+00:00,0.303,0.303,0.303,0.303,152.95,0.303,46.34385,152.95,46.34385,
2023-10-03 18:30:00+00:00,0.3023,0.3029,0.3029,0.3023,5371.96,0.3026,1625.555096,5371.96,1625.555096,
2023-10-03 18:35:00+00:00,0.302,0.3025,0.302,0.3025,3074.49,0.30225,929.2646025,3074.49,929.2646025,
2023-10-03 18:40:00+00:00,0.302,0.3025,0.302,0.3025,3074.49,0.30225,929.2646025,3074.49,929.2646025,
2023-10-03 18:45:00+00:00,0.3019,0.3022,0.3022,0.3019,160.78,0.30205,48.563599,160.78,48.563599,
2023-10-03 18:50:00+00:00,0.3019,0.3022,0.3022,0.3019,160.78,0.30205,48.563599,160.78,48.563599,
2023-10-03 18:55:00+00:00,0.3015,0.3019,0.3019,0.3019,1910.95,0.3018,576.72471,1910.95,576.72471,
2023-10-03 19:00:00+00:00,0.3012,0.3023,0.3014,0.3023,1292.4,0.3018,390.04632,1292.4,390.04632,
2023-10-03 19:05:00+00:00,0.3025,0.3027,0.3026,0.3027,4212.3,0.302625,1274.7472875,4212.3,1274.7472875,
2023-10-03 19:10:00+00:00,0.3029,0.3032,0.3029,0.3032,165.0,0.30305,50.00325,165.0,50.00325,
2023-10-03 19:15:00+00:00,0.3027,0.3036,0.3032,0.3027,7636.04,0.30305,2314.101922,7636.04,2314.101922,
2023-10-03 19:20:00+00:00,0.3024,0.3027,0.3027,0.3024,663.81,0.30255,200.8357155,663.81,200.8357155,
2023-10-03 19:25:00+00:00,0.3028,0.303,0.3028,0.303,3550.89,0.3029,1075.564581,3550.89,1075.564581,
2023-10-03 19:30:00+00:00,0.3024,0.3027,0.3027,0.3024,309.96,0.30255,93.778398,309.96,93.778398,
2023-10-03 19:35:00+00:00,0.3018,0.3024,0.3024,0.3018,1171.7,0.3021,353.97057,1171.7,353.97057,
2023-10-03 19:40:00+00:00,0.3018,0.3022,0.3018,0.3021,664.12,0.301975,200.547637,664.12,200.547637,
2023-10-03 19:45:00+00:00,0.3022,0.3024,0.3023,0.3023,1779.78,0.3023,538.027494,1779.78,538.027494,
2023-10-03 19:50:00+00:00,0.302,0.3023,0.3023,0.302,1311.84,0.30215,396.372456,1311.84,396.372456,
2023-10-03 19:55:00+00:00,0.302,0.3025,0.3021,0.302,4059.7,0.30215,1226.638355,4059.7,1226.638355,
2023-10-03 20:00:00+00:00,0.3014,0.302,0.302,0.3014,2065.15,0.3017,623.055755,2065.15,623.055755,
2023-10-03 20:05:00+00:00,0.3008,0.3019,0.3014,0.3019,2992.1,0.3015,902.11815,2992.1,902.11815,
2023-10-03 20:10:00+00:00,0.302,0.3029,0.302,0.3029,330.65,0.30245,100.0050925,330.65,100.0050925,
2023-10-03 20:15:00+00:00,0.3026,0.3031,0.303,0.3031,2025.85,0.30295,613.7312575,2025.85,613.7312575,
2023-10-03 20:20:00+00:00,0.3031,0.3032,0.3032,0.3031,261.5,0.30315,79.273725,261.5,79.273725,
2023-10-03 20:25:00+00:00,0.3031,0.3032,0.3032,0.3031,261.5,0.30315,79.273725,261.5,79.273725,
2023-10-03 20:30:00+00:00,0.3029,0.3032,0.3031,0.3029,361.35,0.303025,109.49808375,361.35,109.49808375,
2023-10-03 20:35:00+00:00,0.3024,0.3026,0.3026,0.3024,2998.52,0.3025,907.0523,2998.52,907.0523,
2023-10-03 20:40:00+00:00,0.3024,0.3027,0.3025,0.3027,379.68,0.302575,114.881676,379.68,114.881676,
2023-10-03 20:45:00+00:00,0.3026,0.303,0.3026,0.3026,1020.34,0.3027,308.856918,1020.34,308.856918,
2023-10-03 20:50:00+00:00,0.3026,0.303,0.3026,0.3026,1020.34,0.3027,308.856918,1020.34,308.856918,
2023-10-03 20:55:00+00:00,0.3024,0.3026,0.3024,0.3026,32.07,0.3025,9.701175,32.07,9.701175,
2023-10-03 21:00:00+00:00,0.3023,0.3025,0.3023,0.3025,1027.13,0.3024,310.604112,1027.13,310.604112,
2023-10-03 21:05:00+00:00,0.3024,0.3026,0.3025,0.3024,500.53,0.302475,151.39781175,500.53,151.39781175,
2023-10-03 21:10:00+00:00,0.3021,0.3023,0.3023,0.3021,106.82,0.3022,32.281004,106.82,32.281004,
2023-10-03 21:15:00+00:00,0.3014,0.302,0.302,0.3014,442.33,0.3017,133.450961,442.33,133.450961,
2023-10-03 21:20:00+00:00,0.3014,0.3018,0.3017,0.3018,1007.03,0.301675,303.79577525,1007.03,303.79577525,
2023-10-03 21:25:00+00:00,0.3018,0.302,0.302,0.3018,1855.88,0.3019,560.290172,1855.88,560.290172,
2023-10-03 21:30:00+00:00,0.3016,0.3019,0.3019,0.3018,611.52,0.3018,184.556736,611.52,184.556736,
2023-10-03 21:35:00+00:00,0.3016,0.3016,0.3016,0.3016,205.72,0.3016,62.045152,205.72,62.045152,
2023-10-03 21:40:00+00:00,0.3011,0.3015,0.3015,0.3012,3051.7,0.301325,919.5535025,3051.7,919.5535025,
2023-10-03 21:45:00+00:00,0.3008,0.3012,0.3011,0.3008,1321.34,0.300975,397.6903065,1321.34,397.6903065,
2023-10-03 21:50:00+00:00,0.301,0.3012,0.301,0.3012,604.57,0.3011,182.036027,604.57,182.036027,
2023-10-03 21:55:00+00:00,0.3011,0.3014,0.3011,0.3011,317.98,0.301175,95.7676265,317.98,95.7676265,
2023-10-03 22:00:00+00:00,0.3008,0.3013,0.3013,0.3008,2527.11,0.30105,760.7864655,2527.11,760.7864655,
2023-10-03 22:05:00+00:00,0.3006,0.3011,0.3006,0.3011,1348.88,0.30085,405.810548,1348.88,405.810548,
2023-10-03 22:10:00+00:00,0.3011,0.3013,0.3011,0.3013,17097.09,0.3012,5149.643508,17097.09,5149.643508,
2023-10-03 22:15:00+00:00,0.3011,0.3013,0.3013,0.3011,14792.44,0.3012,4455.482928,14792.44,4455.482928,
2023-10-03 22:20:00+00:00,0.3011,0.3013,0.3013,0.3011,14792.44,0.3012,4455.482928,14792.44,4455.482928,
2023-10-03 22:25:00+00:00,0.301,0.3016,0.301,0.3016,2510.51,0.3013,756.416663,2510.51,756.416663,
2023-10-03 22:30:00+00:00,0.3011,0.3017,0.3017,0.3011,17588.6,0.3014,5301.20404,17588.6,5301.20404,
2023-10-03 22:35:00+00:00,0.3011,0.3013,0.3011,0.3013,468.55,0.3012,141.12726,468.55,141.12726,
2023-10-03 22:40:00+00:00,0.3013,0.3019,0.3014,0.3013,1455.61,0.301475,438.83002475,1455.61,438.83002475,
2023-10-03 22:45:00+00:00,0.2993,0.3011,0.3011,0.2996,19507.34,0.300275,5857.5665185,19507.34,5857.5665185,
2023-10-03 22:50:00+00:00,0.2999,0.3005,0.2999,0.3003,638.86,0.30015,191.753829,638.86,191.753829,
2023-10-03 22:55:00+00:00,0.2999,0.3017,0.3002,0.3016,12138.96,0.30085,3652.006116,12138.96,3652.006116,
2023-10-03 23:00:00+00:00,0.3017,0.302,0.302,0.3019,1414.02,0.3019,426.892638,1414.02,426.892638,
2023-10-03 23:05:00+00:00,0.3014,0.3017,0.3017,0.3014,623.48,0.30155,188.010394,623.48,188.010394,
2023-10-03 23:10:00+00:00,0.3011,0.3014,0.3011,0.3011,414.98,0.301175,124.9816015,414.98,124.9816015,
2023-10-03 23:15:00+00:00,0.2996,0.3008,0.3008,0.2998,9350.01,0.30025,2807.3405025,9350.01,2807.3405025,
2023-10-03 23:20:00+00:00,0.2993,0.2999,0.2999,0.2993,603.35,0.2996,180.76366,603.35,180.76366,
2023-10-03 23:25:00+00:00,0.2987,0.2994,0.299,0.2993,6599.47,0.2991,1973.901477,6599.47,1973.901477,
2023-10-03 23:30:00+00:00,0.299,0.2996,0.2993,0.299,2045.3,0.299225,612.0048925,2045.3,612.0048925,
2023-10-03 23:35:00+00:00,0.2985,0.2993,0.2989,0.2993,2263.8,0.299,676.8762,2263.8,676.8762,
2023-10-03 23:40:00+00:00,0.2985,0.2993,0.2989,0.2993,2263.8,0.299,676.8762,2263.8,676.8762,
2023-10-03 23:45:00+00:00,0.2991,0.2997,0.2993,0.2995,21501.9,0.2994,6437.66886,21501.9,6437.66886,
2023-10-03 23:50:00+00:00,0.2985,0.2995,0.2991,0.2989,27638.24,0.299,8263.83376,27638.24,8263.83376,
2023-10-03 23:55:00+00:00,0.2989,0.299,0.2989,0.2989,195.64,0.298925,58.481687,195.64,58.481687,
2023-10-04 00:00:00+00:00,0.2978,0.2993,0.2989,0.2978,15200.51,0.29845,4536.5922095,15200.51,4536.5922095,
2023-10-04 00:05:00+00:00,0.2964,0.2986,0.2976,0.2982,12774.8,0.2977,3803.05796,12774.8,3803.05796,
2023-10-04 00:10:00+00:00,0.2976,0.2985,0.2985,0.2979,744.44,0.298125,221.936175,744.44,221.936175,
2023-10-04 00:15:00+00:00,0.297,0.2982,0.2982,0.2975,961.25,0.297725,286.18815625,961.25,286.18815625,
2023-10-04 00:20:00+00:00,0.2958,0.2971,0.297,0.2964,1791.58,0.296575,531.3378385,1791.58,531.3378385,
2023-10-04 00:25:00+00:00,0.295,0.2967,0.2967,0.2955,3420.59,0.295975,1012.40912525,3420.59,1012.40912525,
2023-10-04 00:30:00+00:00,0.2924,0.2952,0.2952,0.2936,37130.41,0.2941,10920.053581,37130.41,10920.053581,
2023-10-04 00:35:00+00:00,0.2912,0.2934,0.2934,0.2912,8281.36,0.2923,2420.641528,8281.36,2420.641528,
2023-10-04 00:40:00+00:00,0.2877,0.2913,0.2913,0.2899,45991.0,0.29005,13339.68955,45991.0,13339.68955,
2023-10-04 00:45:00+00:00,0.29,0.2918,0.29,0.2918,1381.56,0.2909,401.895804,1381.56,401.895804,
2023-10-04 00:50:00+00:00,0.2915,0.2923,0.2921,0.2916,3000.31,0.291875,875.71548125,3000.31,875.71548125,
2023-10-04 00:55:00+00:00,0.2906,0.292,0.2915,0.2906,1602.83,0.291175,466.70402525,1602.83,466.70402525,
2023-10-04 01:00:00+00:00,0.29,0.2918,0.2904,0.2918,3922.38,0.291,1141.41258,3922.38,1141.41258,
2023-10-04 01:05:00+00:00,0.2921,0.2924,0.2921,0.2924,424.33,0.29225,124.0104425,424.33,124.0104425,
2023-10-04 01:10:00+00:00,0.2925,0.2928,0.2925,0.2928,1484.07,0.29265,434.3130855,1484.07,434.3130855,
2023-10-04 01:15:00+00:00,0.2918,0.2927,0.2927,0.2918,1307.74,0.29225,382.187015,1307.74,382.187015,
2023-10-04 01:20:00+00:00,0.2915,0.2921,0.2918,0.2921,942.14,0.291875,274.9871125,942.14,274.9871125,
2023-10-04 01:25:00+00:00,0.2923,0.2934,0.2924,0.2934,1599.67,0.292875,468.50335125,1599.67,468.50335125,
2023-10-04 01:30:00+00:00,0.2924,0.2933,0.2931,0.2924,3264.01,0.2928,955.702128,3264.01,955.702128,
2023-10-04 01:35:00+00:00,0.2921,0.2926,0.2925,0.2926,1012.83,0.29245,296.2021335,1012.83,296.2021335,
2023-10-04 01:40:00+00:00,0.2927,0.2937,0.2927,0.2935,2337.58,0.29315,685.261577,2337.58,685.261577,
2023-10-04 01:45:00+00:00,0.2933,0.2935,0.2934,0.2935,2389.63,0.293425,701.17718275,2389.63,701.17718275,
2023-10-04 01:50:00+00:00,0.2937,0.2939,0.2937,0.2939,406.28,0.2938,119.365064,406.28,119.365064,
2023-10-04 01:55:00+00:00,0.2931,0.2937,0.2936,0.2931,698.28,0.293375,204.857895,698.28,204.857895,
2023-10-04 02:00:00+00:00,0.2925,0.2933,0.2928,0.2927,473.53,0.292825,138.66142225,473.53,138.66142225,
2023-10-04 02:05:00+00:00,0.2927,0.294,0.2927,0.294,1401.76,0.29335,411.206296,1401.76,411.206296,
2023-10-04 02:10:00+00:00,0.2943,0.2945,0.2943,0.2945,185.47,0.2944,54.602368,185.47,54.602368,
2023-10-04 02:15:00+00:00,0.2943,0.2944,0.2943,0.2944,224.74,0.29435,66.152219,224.74,66.152219,
2023-10-04 02:20:00+00:00,0.2941,0.2953,0.2942,0.2953,9859.94,0.294725,2905.9708165,9859.94,2905.9708165,
2023-10-04 02:25:00+00:00,0.295,0.2954,0.2953,0.295,3817.19,0.295175,1126.73905825,3817.19,1126.73905825,
2023-10-04 02:30:00+00:00,0.295,0.2953,0.295,0.2953,561.22,0.29515,165.644083,561.22,165.644083,
2023-10-04 02:35:00+00:00,0.2945,0.2951,0.2951,0.2947,2231.49,0.29485,657.9548265,2231.49,657.9548265,
2023-10-04 02:40:00+00:00,0.2943,0.2947,0.2947,0.2945,3808.03,0.29455,1121.6552365,3808.03,1121.6552365,
2023-10-04 02:45:00+00:00,0.2945,0.295,0.2945,0.2946,347.35,0.29465,102.3466775,347.35,102.3466775,
2023-10-04 02:50:00+00:00,0.2947,0.295,0.2948,0.295,1674.45,0.294875,493.75344375,1674.45,493.75344375,
2023-10-04 02:55:00+00:00,0.295,0.2951,0.2951,0.2951,638.88,0.295075,188.517516,638.88,188.517516,
2023-10-04 03:00:00+00:00,0.2946,0.2949,0.2949,0.2946,450.78,0.29475,132.867405,450.78,132.867405,
2023-10-04 03:05:00+00:00,0.2946,0.2952,0.2948,0.2952,751.96,0.29495,221.790602,751.96,221.790602,
2023-10-04 03:10:00+00:00,0.295,0.2954,0.295,0.2953,648.03,0.295175,191.28225525,648.03,191.28225525,
2023-10-04 03:15:00+00:00,0.295,0.2955,0.2953,0.295,96496.67,0.2952,28485.816984,96496.67,28485.816984,
2023-10-04 03:20:00+00:00,0.2951,0.2955,0.2955,0.2951,9229.75,0.2953,2725.545175,9229.75,2725.545175,
2023-10-04 03:25:00+00:00,0.2952,0.2954,0.2954,0.2952,6188.02,0.2953,1827.322306,6188.02,1827.322306,
2023-10-04 03:30:00+00:00,0.295,0.2955,0.2952,0.295,4795.5,0.295175,1415.5117125,4795.5,1415.5117125,
2023-10-04 03:35:00+00:00,0.2949,0.2951,0.2949,0.2951,8007.9,0.295,2362.3305,8007.9,2362.3305,
2023-10-04 03:40:00+00:00,0.295,0.2952,0.2952,0.2951,661.96,0.295125,195.360945,661.96,195.360945,
2023-10-04 03:45:00+00:00,0.2948,0.2952,0.2952,0.295,1081.87,0.29505,319.2057435,1081.87,319.2057435,
2023-10-04 03:50:00+00:00,0.2946,0.2948,0.2948,0.2947,550.55,0.294725,162.26084875,550.55,162.26084875,
2023-10-04 03:55:00+00:00,0.2946,0.2948,0.2948,0.2947,550.55,0.294725,162.26084875,550.55,162.26084875,
2023-10-04 04:00:00+00:00,0.2945,0.2946,0.2946,0.2945,100.78,0.29455,29.684749,100.78,29.684749,
2023-10-04 04:05:00+00:00,0.2937,0.2945,0.2945,0.2938,711.98,0.294125,209.4111175,711.98,209.4111175,
2023-10-04 04:10:00+00:00,0.2937,0.2942,0.2937,0.294,1163.32,0.2939,341.899748,1163.32,341.899748,
2023-10-04 04:15:00+00:00,0.2943,0.2947,0.2943,0.2946,840.87,0.294475,247.61519325,840.87,247.61519325,
2023-10-04 04:20:00+00:00,0.2939,0.2949,0.2948,0.294,8990.87,0.2944,2646.912128,8990.87,2646.912128,
2023-10-04 04:25:00+00:00,0.2941,0.2967,0.2941,0.2967,18811.52,0.2954,5556.923008,18811.52,5556.923008,
2023-10-04 04:30:00+00:00,0.2958,0.2969,0.2967,0.2958,67526.06,0.2963,20007.971578,67526.06,20007.971578,
2023-10-04 04:35:00+00:00,0.2949,0.2957,0.2957,0.295,2279.88,0.295325,673.305561,2279.88,673.305561,
2023-10-04 04:40:00+00:00,0.2945,0.2951,0.2951,0.2947,3827.71,0.29485,1128.6002935,3827.71,1128.6002935,
2023-10-04 04:45:00+00:00,0.2947,0.295,0.2949,0.2947,637.33,0.294825,187.90081725,637.33,187.90081725,
2023-10-04 04:50:00+00:00,0.2946,0.2948,0.2946,0.2948,552.29,0.2947,162.759863,552.29,162.759863,
2023-10-04 04:55:00+00:00,0.2942,0.295,0.2949,0.2943,1031.27,0.2946,303.812142,1031.27,303.812142,
2023-10-04 05:00:00+00:00,0.2946,0.2947,0.2946,0.2947,1779.81,0.29465,524.4210165,1779.81,524.4210165,
2023-10-04 05:05:00+00:00,0.2947,0.2948,0.2947,0.2947,1569.15,0.294725,462.46773375,1569.15,462.46773375,
2023-10-04 05:10:00+00:00,0.2947,0.2952,0.2947,0.2949,1118.77,0.294875,329.89730375,1118.77,329.89730375,
2023-10-04 05:15:00+00:00,0.2946,0.2948,0.2946,0.2948,1094.15,0.2947,322.446005,1094.15,322.446005,
2023-10-04 05:20:00+00:00,0.2947,0.2952,0.2947,0.2952,581.79,0.29495,171.5989605,581.79,171.5989605,
2023-10-04 05:25:00+00:00,0.2954,0.2955,0.2955,0.2954,3984.6,0.29545,1177.25007,3984.6,1177.25007,
2023-10-04 05:30:00+00:00,0.2952,0.2959,0.2956,0.2952,205.64,0.295475,60.761479,205.64,60.761479,
2023-10-04 05:35:00+00:00,0.2952,0.2959,0.2956,0.2952,205.64,0.295475,60.761479,205.64,60.761479,
2023-10-04 05:40:00+00:00,0.2955,0.2958,0.2955,0.2957,1974.84,0.295625,583.812075,1974.84,583.812075,
2023-10-04 05:45:00+00:00,0.2955,0.2958,0.2955,0.2955,172.0,0.295575,50.8389,172.0,50.8389,
2023-10-04 05:50:00+00:00,0.2955,0.2958,0.2955,0.2955,172.0,0.295575,50.8389,172.0,50.8389,
2023-10-04 05:55:00+00:00,0.2955,0.2958,0.2955,0.2955,172.0,0.295575,50.8389,172.0,50.8389,
2023-10-04 06:00:00+00:00,0.2954,0.2961,0.2961,0.2954,4111.28,0.29575,1215.91106,4111.28,1215.91106,
2023-10-04 06:05:00+00:00,0.295,0.2952,0.2952,0.295,813.42,0.2951,240.040242,813.42,240.040242,
2023-10-04 06:10:00+00:00,0.2946,0.2951,0.2951,0.2946,1410.76,0.29485,415.962586,1410.76,415.962586,
2023-10-04 06:15:00+00:00,0.2938,0.2945,0.2945,0.2939,40220.82,0.294175,11831.9597235,40220.82,11831.9597235,
2023-10-04 06:20:00+00:00,0.2939,0.2955,0.2939,0.2955,25768.45,0.2947,7593.962215,25768.45,7593.962215,
2023-10-04 06:25:00+00:00,0.2951,0.2961,0.2956,0.2953,41250.14,0.295525,12190.4476235,41250.14,12190.4476235,
2023-10-04 06:30:00+00:00,0.2949,0.2955,0.295,0.2953,29210.49,0.295175,8622.20638575,29210.49,8622.20638575,
2023-10-04 06:35:00+00:00,0.2947,0.2956,0.2951,0.2956,20775.84,0.29525,6134.06676,20775.84,6134.06676,
2023-10-04 06:40:00+00:00,0.2949,0.2955,0.2955,0.2952,2367.24,0.295275,698.986791,2367.24,698.986791,
2023-10-04 06:45:00+00:00,0.295,0.2954,0.2951,0.295,896.09,0.295125,264.45856125,896.09,264.45856125,
2023-10-04 06:50:00+00:00,0.2948,0.2952,0.2952,0.2948,313.35,0.295,92.43825,313.35,92.43825,
2023-10-04 06:55:00+00:00,0.295,0.2953,0.2951,0.2953,1771.22,0.295175,522.8198635,1771.22,522.8198635,
2023-10-04 07:00:00+00:00,0.2951,0.2956,0.2955,0.2951,1767.68,0.295325,522.040096,1767.68,522.040096,
2023-10-04 07:05:00+00:00,0.2951,0.2956,0.2955,0.2951,1767.68,0.295325,522.040096,1767.68,522.040096,
2023-10-04 07:10:00+00:00,0.2949,0.2958,0.2953,0.295,23486.08,0.29525,6934.26512,23486.08,6934.26512,
2023-10-04 07:15:00+00:00,0.2948,0.2952,0.2951,0.2948,3263.31,0.294975,962.59486725,3263.31,962.59486725,
2023-10-04 07:20:00+00:00,0.2937,0.2946,0.2946,0.2938,61515.77,0.294175,18096.40163975,61515.77,18096.40163975,
2023-10-04 07:25:00+00:00,0.2938,0.2952,0.2939,0.2951,11147.51,0.2945,3282.941695,11147.51,3282.941695,
2023-10-04 07:30:00+00:00,0.2951,0.2958,0.2954,0.2958,7463.98,0.295525,2205.7926895,7463.98,2205.7926895,
2023-10-04 07:35:00+00:00,0.2954,0.2958,0.2958,0.2954,114.75,0.2956,33.9201,114.75,33.9201,
2023-10-04 07:40:00+00:00,0.2956,0.2956,0.2956,0.2956,575.33,0.2956,170.067548,575.33,170.067548,
2023-10-04 07:45:00+00:00,0.2952,0.2956,0.2956,0.2955,1359.86,0.295475,401.8046335,1359.86,401.8046335,
2023-10-04 07:50:00+00:00,0.2958,0.2961,0.2958,0.2961,504.85,0.29595,149.4103575,504.85,149.4103575,
2023-10-04 07:55:00+00:00,0.2964,0.2964,0.2964,0.2964,84.35,0.2964,25.00134,84.35,25.00134,
2023-10-04 08:00:00+00:00,0.296,0.2967,0.2963,0.2967,1045.22,0.296425,309.8293385,1045.22,309.8293385,
2023-10-04 08:05:00+00:00,0.2965,0.2965,0.2965,0.2965,22.44,0.2965,6.65346,22.44,6.65346,
2023-10-04 08:10:00+00:00,0.2965,0.2967,0.2967,0.2965,88.49,0.2966,26.246134,88.49,26.246134,
2023-10-04 08:15:00+00:00,0.2964,0.2967,0.2967,0.2964,72.39,0.29655,21.4672545,72.39,21.4672545,
2023-10-04 08:20:00+00:00,0.2967,0.2972,0.2967,0.2971,377.54,0.296925,112.1010645,377.54,112.1010645,
2023-10-04 08:25:00+00:00,0.297,0.2974,0.297,0.297,2399.04,0.2971,712.754784,2399.04,712.754784,
2023-10-04 08:30:00+00:00,0.2968,0.2979,0.297,0.2979,3300.51,0.2974,981.571674,3300.51,981.571674,
2023-10-04 08:35:00+00:00,0.2977,0.2985,0.2982,0.2985,1439.72,0.298225,429.360497,1439.72,429.360497,
2023-10-04 08:40:00+00:00,0.2982,0.2988,0.2986,0.2982,4448.38,0.29845,1327.619011,4448.38,1327.619011,
2023-10-04 08:45:00+00:00,0.2976,0.2993,0.2979,0.299,9460.27,0.29845,2823.4175815,9460.27,2823.4175815,
2023-10-04 08:50:00+00:00,0.2985,0.299,0.2989,0.299,3899.98,0.29885,1165.509023,3899.98,1165.509023,
2023-10-04 08:55:00+00:00,0.2985,0.299,0.299,0.2985,4741.08,0.29875,1416.39765,4741.08,1416.39765,
2023-10-04 09:00:00+00:00,0.2978,0.2982,0.2982,0.298,551.22,0.29805,164.291121,551.22,164.291121,
2023-10-04 09:05:00+00:00,0.2982,0.2987,0.2982,0.2985,1120.84,0.2984,334.458656,1120.84,334.458656,
2023-10-04 09:10:00+00:00,0.2982,0.2984,0.2984,0.2982,246.44,0.2983,73.513052,246.44,73.513052,
2023-10-04 09:15:00+00:00,0.2976,0.2981,0.2979,0.2976,157.5,0.2978,46.9035,157.5,46.9035,
2023-10-04 09:20:00+00:00,0.2976,0.2978,0.2978,0.2976,44.35,0.2977,13.202995,44.35,13.202995,
2023-10-04 09:25:00+00:00,0.2973,0.2979,0.2973,0.2979,367.94,0.2976,109.498944,367.94,109.498944,
2023-10-04 09:30:00+00:00,0.2976,0.2978,0.2976,0.2978,107.62,0.2977,32.038474,107.62,32.038474,
2023-10-04 09:35:00+00:00,0.2976,0.2978,0.2976,0.2978,107.62,0.2977,32.038474,107.62,32.038474,
2023-10-04 09:40:00+00:00,0.2972,0.2975,0.2975,0.2973,1629.16,0.297375,484.471455,1629.16,484.471455,
2023-10-04 09:45:00+00:00,0.2971,0.2974,0.2974,0.2971,374.1,0.29725,111.201225,374.1,111.201225,
2023-10-04 09:50:00+00:00,0.2973,0.2976,0.2976,0.2973,168.11,0.29745,50.0043195,168.11,50.0043195,
2023-10-04 09:55:00+00:00,0.2976,0.298,0.2976,0.298,374.26,0.2978,111.454628,374.26,111.454628,
2023-10-04 10:00:00+00:00,0.2973,0.2976,0.2976,0.2975,4309.19,0.2975,1281.984025,4309.19,1281.984025,
2023-10-04 10:05:00+00:00,0.2973,0.2976,0.2976,0.2973,168.11,0.29745,50.0043195,168.11,50.0043195,
2023-10-04 10:10:00+00:00,0.2971,0.2975,0.2973,0.2972,5336.28,0.297275,1586.342637,5336.28,1586.342637,
2023-10-04 10:15:00+00:00,0.2967,0.297,0.297,0.2967,157.5,0.29685,46.753875,157.5,46.753875,
2023-10-04 10:20:00+00:00,0.2966,0.2967,0.2967,0.2966,278.59,0.29665,82.6437235,278.59,82.6437235,
2023-10-04 10:25:00+00:00,0.2963,0.2965,0.2965,0.2965,382.31,0.29645,113.3357995,382.31,113.3357995,
2023-10-04 10:30:00+00:00,0.296,0.2964,0.2964,0.2963,845.17,0.296275,250.40274175,845.17,250.40274175,
2023-10-04 10:35:00+00:00,0.2962,0.2965,0.2964,0.2964,1375.23,0.296375,407.58379125,1375.23,407.58379125,
2023-10-04 10:40:00+00:00,0.2955,0.2963,0.2963,0.2955,1602.45,0.2959,474.164955,1602.45,474.164955,
2023-10-04 10:45:00+00:00,0.2955,0.2963,0.2963,0.2955,1602.45,0.2959,474.164955,1602.45,474.164955,
2023-10-04 10:50:00+00:00,0.2955,0.2958,0.2958,0.2955,108.43,0.29565,32.0573295,108.43,32.0573295,
2023-10-04 10:55:00+00:00,0.2955,0.2958,0.2958,0.2955,108.43,0.29565,32.0573295,108.43,32.0573295,
2023-10-04 11:00:00+00:00,0.2955,0.2958,0.2955,0.2958,17.35,0.29565,5.1295275,17.35,5.1295275,
2023-10-04 11:05:00+00:00,0.2955,0.2958,0.2955,0.2958,17.35,0.29565,5.1295275,17.35,5.1295275,
2023-10-04 11:10:00+00:00,0.2955,0.296,0.2955,0.296,144.99,0.29575,42.8807925,144.99,42.8807925,
2023-10-04 11:15:00+00:00,0.2955,0.296,0.2955,0.296,144.99,0.29575,42.8807925,144.99,42.8807925,
2023-10-04 11:20:00+00:00,0.2958,0.2961,0.2958,0.2959,3933.03,0.2959,1163.783577,3933.03,1163.783577,
2023-10-04 11:25:00+00:00,0.2961,0.2963,0.2962,0.2961,2308.54,0.296175,683.7318345,2308.54,683.7318345,
2023-10-04 11:30:00+00:00,0.2961,0.2964,0.2963,0.2961,198.79,0.296225,58.88656775,198.79,58.88656775,
2023-10-04 11:35:00+00:00,0.2959,0.2959,0.2959,0.2959,1078.54,0.2959,319.139986,1078.54,319.139986,
2023-10-04 11:40:00+00:00,0.296,0.2961,0.296,0.296,1001.07,0.296025,296.34174675,1001.07,296.34174675,
2023-10-04 11:45:00+00:00,0.2958,0.2963,0.296,0.2963,876.28,0.2961,259.466508,876.28,259.466508,
2023-10-04 11:50:00+00:00,0.2958,0.296,0.2958,0.296,88.28,0.2959,26.122052,88.28,26.122052,
2023-10-04 11:55:00+00:00,0.2958,0.296,0.2958,0.296,88.28,0.2959,26.122052,88.28,26.122052,
2023-10-04 12:00:00+00:00,0.2958,0.2963,0.2961,0.2958,2184.54,0.296,646.62384,2184.54,646.62384,
2023-10-04 12:05:00+00:00,0.2959,0.2959,0.2959,0.2959,1575.35,0.2959,466.146065,1575.35,466.146065,
2023-10-04 12:10:00+00:00,0.296,0.2962,0.296,0.2962,4513.31,0.2961,1336.391091,4513.31,1336.391091,
2023-10-04 12:15:00+00:00,0.2958,0.2964,0.2964,0.2958,2181.88,0.2961,646.054668,2181.88,646.054668,
2023-10-04 12:20:00+00:00,0.2959,0.2967,0.2959,0.2967,1940.08,0.2963,574.845704,1940.08,574.845704,
2023-10-04 12:25:00+00:00,0.2959,0.2967,0.2959,0.2967,1940.08,0.2963,574.845704,1940.08,574.845704,
2023-10-04 12:30:00+00:00,0.2959,0.2967,0.2959,0.2967,1940.08,0.2963,574.845704,1940.08,574.845704,
2023-10-04 12:35:00+00:00,0.297,0.2971,0.297,0.2971,866.54,0.29705,257.405707,866.54,257.405707,
2023-10-04 12:40:00+00:00,0.2968,0.2971,0.2971,0.2968,947.03,0.29695,281.2205585,947.03,281.2205585,
2023-10-04 12:45:00+00:00,0.2966,0.2969,0.2967,0.2966,897.75,0.2967,266.362425,897.75,266.362425,
2023-10-04 12:50:00+00:00,0.2963,0.2968,0.2967,0.2963,11438.37,0.296525,3391.76266425,11438.37,3391.76266425,
2023-10-04 12:55:00+00:00,0.2961,0.2965,0.2965,0.2961,3986.9,0.2963,1181.31847,3986.9,1181.31847,
2023-10-04 13:00:00+00:00,0.2957,0.2958,0.2958,0.2957,529.06,0.29575,156.469495,529.06,156.469495,
2023-10-04 13:05:00+00:00,0.2958,0.2959,0.2959,0.2958,427.29,0.29585,126.4137465,427.29,126.4137465,
2023-10-04 13:10:00+00:00,0.2955,0.296,0.296,0.2955,92.28,0.29575,27.29181,92.28,27.29181,
2023-10-04 13:15:00+00:00,0.2952,0.2955,0.2955,0.2952,105.42,0.29535,31.135797,105.42,31.135797,
2023-10-04 13:20:00+00:00,0.2949,0.2951,0.2949,0.295,725.06,0.294975,213.8745735,725.06,213.8745735,
2023-10-04 13:25:00+00:00,0.2947,0.2947,0.2947,0.2947,3.13,0.2947,0.922411,3.13,0.922411,
2023-10-04 13:30:00+00:00,0.2949,0.2952,0.2952,0.2949,1786.92,0.29505,527.230746,1786.92,527.230746,
2023-10-04 13:35:00+00:00,0.2944,0.2948,0.2946,0.2944,986.92,0.29455,290.697286,986.92,290.697286,
2023-10-04 13:40:00+00:00,0.2936,0.2943,0.2943,0.2938,1481.94,0.294,435.69036,1481.94,435.69036,
2023-10-04 13:45:00+00:00,0.2934,0.2945,0.2943,0.2944,4561.59,0.29415,1341.7916985,4561.59,1341.7916985,
2023-10-04 13:50:00+00:00,0.294,0.2946,0.2944,0.2944,3156.39,0.29435,929.0833965,3156.39,929.0833965,
2023-10-04 13:55:00+00:00,0.294,0.2944,0.2943,0.294,2181.08,0.294175,641.619209,2181.08,641.619209,
2023-10-04 14:00:00+00:00,0.2937,0.2948,0.2939,0.2948,5399.67,0.2943,1589.122881,5399.67,1589.122881,
2023-10-04 14:05:00+00:00,0.2943,0.2946,0.2943,0.2946,169.82,0.29445,50.003499,169.82,50.003499,
2023-10-04 14:10:00+00:00,0.2947,0.2951,0.2949,0.2947,1443.49,0.29485,425.6130265,1443.49,425.6130265,
2023-10-04 14:15:00+00:00,0.2942,0.2946,0.2946,0.2943,2247.06,0.294425,661.5906405,2247.06,661.5906405,
2023-10-04 14:20:00+00:00,0.294,0.2945,0.2944,0.294,213.7,0.294225,62.8758825,213.7,62.8758825,
2023-10-04 14:25:00+00:00,0.2937,0.294,0.2937,0.294,170.17,0.29385,50.0044545,170.17,50.0044545,
2023-10-04 14:30:00+00:00,0.2942,0.2946,0.2943,0.2946,2422.37,0.294425,713.20628725,2422.37,713.20628725,
2023-10-04 14:35:00+00:00,0.2946,0.2952,0.2948,0.2946,4124.29,0.2948,1215.840692,4124.29,1215.840692,
2023-10-04 14:40:00+00:00,0.2948,0.2951,0.2948,0.295,2307.72,0.294925,680.604321,2307.72,680.604321,
2023-10-04 14:45:00+00:00,0.2943,0.295,0.295,0.2946,268.53,0.294725,79.14250425,268.53,79.14250425,
2023-10-04 14:50:00+00:00,0.2949,0.2951,0.2949,0.2951,1861.43,0.295,549.12185,1861.43,549.12185,
2023-10-04 14:55:00+00:00,0.2949,0.2953,0.2952,0.2949,15916.23,0.295075,4696.48156725,15916.23,4696.48156725,
2023-10-04 15:00:00+00:00,0.2948,0.295,0.2948,0.295,1432.15,0.2949,422.341035,1432.15,422.341035,
2023-10-04 15:05:00+00:00,0.2948,0.2952,0.2948,0.2952,368.59,0.295,108.73405,368.59,108.73405,
2023-10-04 15:10:00+00:00,0.2952,0.2961,0.2952,0.2959,2561.9,0.2956,757.29764,2561.9,757.29764,
2023-10-04 15:15:00+00:00,0.2955,0.2958,0.2958,0.2957,3213.42,0.2957,950.208294,3213.42,950.208294,
2023-10-04 15:20:00+00:00,0.2956,0.2957,0.2956,0.2957,9100.4,0.29565,2690.53326,9100.4,2690.53326,
2023-10-04 15:25:00+00:00,0.2958,0.2961,0.2958,0.2959,12956.01,0.2959,3833.683359,12956.01,3833.683359,
2023-10-04 15:30:00+00:00,0.2959,0.2959,0.2959,0.2959,10385.75,0.2959,3073.143425,10385.75,3073.143425,
2023-10-04 15:35:00+00:00,0.2959,0.2959,0.2959,0.2959,10385.75,0.2959,3073.143425,10385.75,3073.143425,
2023-10-04 15:40:00+00:00,0.2946,0.2959,0.2959,0.2946,4087.54,0.29525,1206.846185,4087.54,1206.846185,
2023-10-04 15:45:00+00:00,0.2948,0.2955,0.2949,0.2952,6497.51,0.2951,1917.415201,6497.51,1917.415201,
2023-10-04 15:50:00+00:00,0.2946,0.2951,0.295,0.2946,708.6,0.294825,208.912995,708.6,208.912995,
2023-10-04 15:55:00+00:00,0.294,0.2947,0.2947,0.2943,4504.06,0.294425,1326.1078655,4504.06,1326.1078655,
2023-10-04 16:00:00+00:00,0.2938,0.2943,0.294,0.2941,278.93,0.29405,82.0193665,278.93,82.0193665,
2023-10-04 16:05:00+00:00,0.294,0.294,0.294,0.294,153.43,0.294,45.10842,153.43,45.10842,
2023-10-04 16:10:00+00:00,0.2941,0.2946,0.2941,0.2946,471.35,0.29435,138.7418725,471.35,138.7418725,
2023-10-04 16:15:00+00:00,0.2945,0.2947,0.2946,0.2945,1089.18,0.294575,320.8451985,1089.18,320.8451985,
2023-10-04 16:20:00+00:00,0.2946,0.2948,0.2947,0.2948,2316.96,0.294725,682.866036,2316.96,682.866036,
2023-10-04 16:25:00+00:00,0.2949,0.2952,0.2949,0.2952,1295.07,0.29505,382.1104035,1295.07,382.1104035,
2023-10-04 16:30:00+00:00,0.2955,0.2961,0.2955,0.2961,626.82,0.2958,185.413356,626.82,185.413356,
2023-10-04 16:35:00+00:00,0.2963,0.2969,0.2964,0.2964,48325.97,0.2965,14328.650105,48325.97,14328.650105,
2023-10-04 16:40:00+00:00,0.2958,0.2963,0.2961,0.2958,1069.61,0.296,316.60456,1069.61,316.60456,
2023-10-04 16:45:00+00:00,0.2955,0.2958,0.2958,0.2955,253.65,0.29565,74.9916225,253.65,74.9916225,
2023-10-04 16:50:00+00:00,0.295,0.2954,0.2954,0.2952,450.62,0.29525,133.045555,450.62,133.045555,
2023-10-04 16:55:00+00:00,0.2952,0.2955,0.2954,0.2955,588.77,0.2954,173.922658,588.77,173.922658,
2023-10-04 17:00:00+00:00,0.2952,0.2952,0.2952,0.2952,982.81,0.2952,290.125512,982.81,290.125512,
2023-10-04 17:05:00+00:00,0.2952,0.2957,0.2952,0.2957,415.46,0.29545,122.747657,415.46,122.747657,
2023-10-04 17:10:00+00:00,0.2956,0.296,0.2956,0.2958,6587.94,0.29575,1948.383255,6587.94,1948.383255,
2023-10-04 17:15:00+00:00,0.2955,0.2958,0.2958,0.2955,6054.77,0.29565,1790.0927505,6054.77,1790.0927505,
2023-10-04 17:20:00+00:00,0.2952,0.2956,0.2952,0.2956,7.72,0.2954,2.280488,7.72,2.280488,
2023-10-04 17:25:00+00:00,0.2952,0.2956,0.2952,0.2956,7.72,0.2954,2.280488,7.72,2.280488,
2023-10-04 17:30:00+00:00,0.295,0.2952,0.2952,0.2952,87.85,0.29515,25.9289275,87.85,25.9289275,
2023-10-04 17:35:00+00:00,0.2948,0.2952,0.2951,0.2952,3318.11,0.295075,979.09130825,3318.11,979.09130825,
2023-10-04 17:40:00+00:00,0.2947,0.2949,0.2949,0.2948,3960.67,0.294825,1167.70453275,3960.67,1167.70453275,
2023-10-04 17:45:00+00:00,0.2948,0.295,0.2948,0.295,6.59,0.2949,1.943391,6.59,1.943391,
2023-10-04 17:50:00+00:00,0.2948,0.295,0.2948,0.295,6.59,0.2949,1.943391,6.59,1.943391,
2023-10-04 17:55:00+00:00,0.2949,0.295,0.295,0.2949,23.43,0.29495,6.9106785,23.43,6.9106785,
2023-10-04 18:00:00+00:00,0.2949,0.295,0.295,0.2949,23.43,0.29495,6.9106785,23.43,6.9106785,
2023-10-04 18:05:00+00:00,0.2948,0.2956,0.2951,0.2956,2567.04,0.295275,757.982736,2567.04,757.982736,
2023-10-04 18:10:00+00:00,0.2948,0.2956,0.2951,0.2956,2567.04,0.295275,757.982736,2567.04,757.982736,
2023-10-04 18:15:00+00:00,0.2955,0.2958,0.2956,0.2957,1215.32,0.29565,359.309358,1215.32,359.309358,
2023-10-04 18:20:00+00:00,0.2955,0.2959,0.2957,0.2955,2365.97,0.29565,699.4990305,2365.97,699.4990305,
2023-10-04 18:25:00+00:00,0.2953,0.2957,0.2953,0.2957,22.19,0.2955,6.557145,22.19,6.557145,
2023-10-04 18:30:00+00:00,0.2952,0.2956,0.2956,0.2952,12.5,0.2954,3.6925,12.5,3.6925,
2023-10-04 18:35:00+00:00,0.2951,0.2952,0.2952,0.2951,2734.09,0.29515,806.9666635,2734.09,806.9666635,
2023-10-04 18:40:00+00:00,0.2946,0.2949,0.2949,0.2946,912.36,0.29475,268.91811,912.36,268.91811,
2023-10-04 18:45:00+00:00,0.2948,0.295,0.2948,0.295,1427.69,0.2949,421.025781,1427.69,421.025781,
2023-10-04 18:50:00+00:00,0.2948,0.2951,0.2948,0.2951,1762.88,0.29495,519.961456,1762.88,519.961456,
2023-10-04 18:55:00+00:00,0.2952,0.2958,0.2952,0.2958,556.53,0.2955,164.454615,556.53,164.454615,
2023-10-04 19:00:00+00:00,0.296,0.2964,0.2961,0.296,6861.87,0.296125,2031.97125375,6861.87,2031.97125375,
2023-10-04 19:05:00+00:00,0.2961,0.2973,0.2961,0.297,7251.28,0.296625,2150.91093,7251.28,2150.91093,
2023-10-04 19:10:00+00:00,0.2967,0.2971,0.2971,0.297,4897.87,0.296975,1454.54494325,4897.87,1454.54494325,
2023-10-04 19:15:00+00:00,0.2964,0.2971,0.297,0.2964,3905.33,0.296725,1158.80904425,3905.33,1158.80904425,
2023-10-04 19:20:00+00:00,0.2959,0.2961,0.2961,0.2961,394.35,0.29605,116.7473175,394.35,116.7473175,
2023-10-04 19:25:00+00:00,0.2959,0.2961,0.2961,0.2961,394.35,0.29605,116.7473175,394.35,116.7473175,
2023-10-04 19:30:00+00:00,0.2956,0.2964,0.2964,0.2956,8189.71,0.296,2424.15416,8189.71,2424.15416,
2023-10-04 19:35:00+00:00,0.2946,0.2955,0.2955,0.295,851.65,0.29515,251.3644975,851.65,251.3644975,
2023-10-04 19:40:00+00:00,0.2951,0.2955,0.2951,0.2955,2938.45,0.2953,867.724285,2938.45,867.724285,
2023-10-04 19:45:00+00:00,0.2952,0.2955,0.2955,0.2952,214.26,0.29535,63.281691,214.26,63.281691,
2023-10-04 19:50:00+00:00,0.2952,0.2956,0.2952,0.2954,2657.36,0.29535,784.851276,2657.36,784.851276,
2023-10-04 19:55:00+00:00,0.2949,0.2956,0.2954,0.2949,1509.15,0.2952,445.50108,1509.15,445.50108,
2023-10-04 20:00:00+00:00,0.295,0.2953,0.295,0.2953,721.67,0.29515,213.0009005,721.67,213.0009005,
2023-10-04 20:05:00+00:00,0.2954,0.2958,0.2954,0.2956,2075.22,0.29555,613.331271,2075.22,613.331271,
2023-10-04 20:10:00+00:00,0.2961,0.2964,0.2961,0.2964,615.85,0.29625,182.4455625,615.85,182.4455625,
2023-10-04 20:15:00+00:00,0.2961,0.2963,0.2963,0.2961,94.44,0.2962,27.973128,94.44,27.973128,
2023-10-04 20:20:00+00:00,0.2957,0.2961,0.2958,0.2961,1113.07,0.295925,329.38523975,1113.07,329.38523975,
2023-10-04 20:25:00+00:00,0.2961,0.2963,0.2963,0.2962,868.7,0.296225,257.3306575,868.7,257.3306575,
2023-10-04 20:30:00+00:00,0.2962,0.2965,0.2962,0.2965,315.49,0.29635,93.4954615,315.49,93.4954615,
2023-10-04 20:35:00+00:00,0.2965,0.2967,0.2967,0.2966,482.1,0.296625,143.0029125,482.1,143.0029125,
2023-10-04 20:40:00+00:00,0.2964,0.2966,0.2966,0.2965,44.77,0.296525,13.27542425,44.77,13.27542425,
2023-10-04 20:45:00+00:00,0.2964,0.2964,0.2964,0.2964,87.2,0.2964,25.84608,87.2,25.84608,
2023-10-04 20:50:00+00:00,0.2959,0.2962,0.2962,0.2961,1530.99,0.2961,453.326139,1530.99,453.326139,
2023-10-04 20:55:00+00:00,0.2958,0.2961,0.296,0.296,2667.49,0.295975,789.51035275,2667.49,789.51035275,
2023-10-04 21:00:00+00:00,0.296,0.2963,0.296,0.2963,1155.04,0.29615,342.065096,1155.04,342.065096,
2023-10-04 21:05:00+00:00,0.2963,0.2966,0.2963,0.2965,1066.1,0.296425,316.0186925,1066.1,316.0186925,
2023-10-04 21:10:00+00:00,0.2966,0.297,0.2966,0.297,185.78,0.2968,55.139504,185.78,55.139504,
2023-10-04 21:15:00+00:00,0.2966,0.2969,0.2967,0.2966,4245.02,0.2967,1259.497434,4245.02,1259.497434,
2023-10-04 21:20:00+00:00,0.2965,0.2967,0.2967,0.2965,893.09,0.2966,264.890494,893.09,264.890494,
2023-10-04 21:25:00+00:00,0.2967,0.2971,0.2968,0.297,6380.27,0.2969,1894.302163,6380.27,1894.302163,
2023-10-04 21:30:00+00:00,0.297,0.2972,0.2972,0.297,725.61,0.2971,215.578731,725.61,215.578731,
2023-10-04 21:35:00+00:00,0.2968,0.2972,0.2972,0.2968,944.3,0.297,280.4571,944.3,280.4571,
2023-10-04 21:40:00+00:00,0.2967,0.2967,0.2967,0.2967,638.66,0.2967,189.490422,638.66,189.490422,
2023-10-04 21:45:00+00:00,0.2964,0.2964,0.2964,0.2964,97.43,0.2964,28.878252,97.43,28.878252,
2023-10-04 21:50:00+00:00,0.2961,0.2963,0.2963,0.2961,56.82,0.2962,16.830084,56.82,16.830084,
2023-10-04 21:55:00+00:00,0.2961,0.2963,0.2963,0.2961,56.82,0.2962,16.830084,56.82,16.830084,
2023-10-04 22:00:00+00:00,0.2961,0.2963,0.2963,0.2961,56.82,0.2962,16.830084,56.82,16.830084,
2023-10-04 22:05:00+00:00,0.2963,0.2969,0.2963,0.2968,368.05,0.296575,109.15442875,368.05,109.15442875,
2023-10-04 22:10:00+00:00,0.2963,0.2969,0.2963,0.2968,368.05,0.296575,109.15442875,368.05,109.15442875,
2023-10-04 22:15:00+00:00,0.2968,0.2968,0.2968,0.2968,331.56,0.2968,98.407008,331.56,98.407008,
2023-10-04 22:20:00+00:00,0.2968,0.2968,0.2968,0.2968,331.56,0.2968,98.407008,331.56,98.407008,
2023-10-04 22:25:00+00:00,0.2968,0.2973,0.2968,0.2973,1235.24,0.29705,366.928042,1235.24,366.928042,
2023-10-04 22:30:00+00:00,0.2975,0.2975,0.2975,0.2975,30.24,0.2975,8.9964,30.24,8.9964,
2023-10-04 22:35:00+00:00,0.2976,0.2979,0.2976,0.2979,2307.21,0.29775,686.9717775,2307.21,686.9717775,
2023-10-04 22:40:00+00:00,0.2976,0.2978,0.2976,0.2978,18.44,0.2977,5.489588,18.44,5.489588,
2023-10-04 22:45:00+00:00,0.2976,0.2978,0.2976,0.2978,18.44,0.2977,5.489588,18.44,5.489588,
2023-10-04 22:50:00+00:00,0.2976,0.2978,0.2976,0.2978,18.44,0.2977,5.489588,18.44,5.489588,
2023-10-04 22:55:00+00:00,0.2979,0.2982,0.2979,0.2982,2079.5,0.29805,619.794975,2079.5,619.794975,
2023-10-04 23:00:00+00:00,0.2978,0.2982,0.2979,0.2982,1558.5,0.298025,464.4719625,1558.5,464.4719625,
2023-10-04 23:05:00+00:00,0.2978,0.2982,0.2979,0.2982,1558.5,0.298025,464.4719625,1558.5,464.4719625,
2023-10-04 23:10:00+00:00,0.2981,0.2985,0.2981,0.2985,1775.42,0.2983,529.607786,1775.42,529.607786,
2023-10-04 23:15:00+00:00,0.2983,0.2985,0.2985,0.2983,868.27,0.2984,259.091768,868.27,259.091768,
2023-10-04 23:20:00+00:00,0.2981,0.2985,0.2982,0.2985,2223.61,0.298325,663.35845325,2223.61,663.35845325,
2023-10-04 23:25:00+00:00,0.2981,0.2985,0.2982,0.2985,2223.61,0.298325,663.35845325,2223.61,663.35845325,
2023-10-04 23:30:00+00:00,0.2985,0.2986,0.2986,0.2985,334.38,0.29855,99.829149,334.38,99.829149,
2023-10-04 23:35:00+00:00,0.298,0.2982,0.2982,0.2982,3334.79,0.29815,994.2676385,3334.79,994.2676385,
2023-10-04 23:40:00+00:00,0.2977,0.2982,0.2981,0.2981,2978.21,0.298025,887.58103525,2978.21,887.58103525,
2023-10-04 23:45:00+00:00,0.2978,0.2982,0.2981,0.2979,7062.82,0.298,2104.72036,7062.82,2104.72036,
2023-10-04 23:50:00+00:00,0.2976,0.2976,0.2976,0.2976,556.19,0.2976,165.522144,556.19,165.522144,
2023-10-04 23:55:00+00:00,0.2976,0.2976,0.2976,0.2976,556.19,0.2976,165.522144,556.19,165.522144,
2023-10-05 00:00:00+00:00,0.2974,0.2976,0.2976,0.2976,1153.24,0.29755,343.146562,1153.24,343.146562,
2023-10-05 00:05:00+00:00,0.2974,0.2976,0.2976,0.2976,1153.24,0.29755,343.146562,1153.24,343.146562,
2023-10-05 00:10:00+00:00,0.2972,0.2974,0.2973,0.2974,129.83,0.297325,38.60170475,129.83,38.60170475,
2023-10-05 00:15:00+00:00,0.2967,0.2972,0.2972,0.2967,424.09,0.29695,125.9335255,424.09,125.9335255,
2023-10-05 00:20:00+00:00,0.2967,0.2972,0.2972,0.2967,424.09,0.29695,125.9335255,424.09,125.9335255,
2023-10-05 00:25:00+00:00,0.2968,0.297,0.2968,0.297,85.47,0.2969,25.376043,85.47,25.376043,
2023-10-05 00:30:00+00:00,0.2969,0.2973,0.2973,0.2969,190.44,0.2971,56.579724,190.44,56.579724,
2023-10-05 00:35:00+00:00,0.2967,0.2969,0.2969,0.2967,355.14,0.2968,105.405552,355.14,105.405552,
2023-10-05 00:40:00+00:00,0.2968,0.2976,0.2968,0.2976,958.96,0.2972,285.002912,958.96,285.002912,
2023-10-05 00:45:00+00:00,0.2976,0.2985,0.2976,0.2985,1686.19,0.29805,502.5689295,1686.19,502.5689295,
2023-10-05 00:50:00+00:00,0.2985,0.2986,0.2986,0.2985,1192.84,0.29855,356.122382,1192.84,356.122382,
2023-10-05 00:55:00+00:00,0.2978,0.2983,0.2982,0.2978,2914.4,0.298025,868.56406,2914.4,868.56406,
2023-10-05 01:00:00+00:00,0.2975,0.298,0.2976,0.298,261.64,0.297775,77.909851,261.64,77.909851,
2023-10-05 01:05:00+00:00,0.2973,0.2979,0.2979,0.2975,777.69,0.29765,231.4794285,777.69,231.4794285,
2023-10-05 01:10:00+00:00,0.2973,0.2979,0.2979,0.2975,777.69,0.29765,231.4794285,777.69,231.4794285,
2023-10-05 01:15:00+00:00,0.2972,0.2973,0.2973,0.2972,364.99,0.29725,108.4932775,364.99,108.4932775,
2023-10-05 01:20:00+00:00,0.297,0.2973,0.2972,0.297,1031.74,0.297125,306.5557475,1031.74,306.5557475,
2023-10-05 01:25:00+00:00,0.2968,0.2972,0.297,0.2968,1724.12,0.29695,511.977434,1724.12,511.977434,
2023-10-05 01:30:00+00:00,0.2965,0.2971,0.297,0.2965,14543.53,0.296775,4316.15611575,14543.53,4316.15611575,
2023-10-05 01:35:00+00:00,0.2964,0.2967,0.2964,0.2967,2019.37,0.29655,598.8441735,2019.37,598.8441735,
2023-10-05 01:40:00+00:00,0.2964,0.2966,0.2965,0.2966,2271.41,0.296525,673.52985025,2271.41,673.52985025,
2023-10-05 01:45:00+00:00,0.2964,0.2966,0.2965,0.2966,2271.41,0.296525,673.52985025,2271.41,673.52985025,
2023-10-05 01:50:00+00:00,0.2967,0.297,0.2967,0.297,1382.41,0.29685,410.3684085,1382.41,410.3684085,
2023-10-05 01:55:00+00:00,0.2967,0.297,0.2967,0.297,1382.41,0.29685,410.3684085,1382.41,410.3684085,
2023-10-05 02:00:00+00:00,0.2967,0.2969,0.2969,0.2967,291.11,0.2968,86.401448,291.11,86.401448,
2023-10-05 02:05:00+00:00,0.2963,0.2965,0.2964,0.2965,2959.46,0.296425,877.2579305,2959.46,877.2579305,
2023-10-05 02:10:00+00:00,0.2963,0.2965,0.2964,0.2965,2959.46,0.296425,877.2579305,2959.46,877.2579305,
2023-10-05 02:15:00+00:00,0.2962,0.2965,0.2965,0.2962,1115.89,0.29635,330.6940015,1115.89,330.6940015,
2023-10-05 02:20:00+00:00,0.2962,0.2965,0.2965,0.2962,1115.89,0.29635,330.6940015,1115.89,330.6940015,
2023-10-05 02:25:00+00:00,0.2955,0.2961,0.2961,0.2958,1085.36,0.295875,321.13089,1085.36,321.13089,
2023-10-05 02:30:00+00:00,0.2952,0.2957,0.2957,0.2955,11482.47,0.295525,3393.35694675,11482.47,3393.35694675,
2023-10-05 02:35:00+00:00,0.2952,0.2957,0.2957,0.2955,11482.47,0.295525,3393.35694675,11482.47,3393.35694675,
2023-10-05 02:40:00+00:00,0.2952,0.2957,0.2957,0.2955,11482.47,0.295525,3393.35694675,11482.47,3393.35694675,
2023-10-05 02:45:00+00:00,0.2958,0.2962,0.2958,0.296,906.31,0.29595,268.2224445,906.31,268.2224445,
2023-10-05 02:50:00+00:00,0.2957,0.2959,0.2959,0.2957,752.93,0.2958,222.716694,752.93,222.716694,
2023-10-05 02:55:00+00:00,0.2958,0.2959,0.2958,0.2959,36.48,0.29585,10.792608,36.48,10.792608,
2023-10-05 03:00:00+00:00,0.2958,0.2961,0.296,0.2958,1063.83,0.295925,314.81389275,1063.83,314.81389275,
2023-10-05 03:05:00+00:00,0.2955,0.2958,0.2955,0.2958,412.91,0.29565,122.0768415,412.91,122.0768415,
2023-10-05 03:10:00+00:00,0.2957,0.2961,0.2957,0.2961,531.89,0.2959,157.386251,531.89,157.386251,
2023-10-05 03:15:00+00:00,0.2961,0.2964,0.2961,0.2964,130.42,0.29625,38.636925,130.42,38.636925,
2023-10-05 03:20:00+00:00,0.2961,0.2964,0.2961,0.2964,130.42,0.29625,38.636925,130.42,38.636925,
2023-10-05 03:25:00+00:00,0.2961,0.2964,0.2961,0.2964,130.42,0.29625,38.636925,130.42,38.636925,
2023-10-05 03:30:00+00:00,0.2963,0.2966,0.2964,0.2966,16784.1,0.296475,4976.0660475,16784.1,4976.0660475,
2023-10-05 03:35:00+00:00,0.2963,0.2966,0.2964,0.2966,16784.1,0.296475,4976.0660475,16784.1,4976.0660475,
2023-10-05 03:40:00+00:00,0.2963,0.2967,0.2967,0.2963,2088.42,0.2965,619.21653,2088.42,619.21653,
2023-10-05 03:45:00+00:00,0.296,0.2961,0.2961,0.2961,177.91,0.296075,52.67470325,177.91,52.67470325,
2023-10-05 03:50:00+00:00,0.296,0.2961,0.2961,0.2961,177.91,0.296075,52.67470325,177.91,52.67470325,
2023-10-05 03:55:00+00:00,0.2958,0.296,0.296,0.2958,238.52,0.2959,70.578068,238.52,70.578068,
2023-10-05 04:00:00+00:00,0.2959,0.296,0.2959,0.296,120.15,0.29595,35.5583925,120.15,35.5583925,
2023-10-05 04:05:00+00:00,0.2959,0.296,0.296,0.296,110.87,0.295975,32.81474825,110.87,32.81474825,
2023-10-05 04:10:00+00:00,0.2955,0.2958,0.2958,0.2955,119.04,0.29565,35.194176,119.04,35.194176,
2023-10-05 04:15:00+00:00,0.2955,0.2955,0.2955,0.2955,592.98,0.2955,175.22559,592.98,175.22559,
2023-10-05 04:20:00+00:00,0.2957,0.296,0.2957,0.296,940.45,0.29585,278.2321325,940.45,278.2321325,
2023-10-05 04:25:00+00:00,0.296,0.2961,0.2961,0.296,767.56,0.29605,227.236138,767.56,227.236138,
2023-10-05 04:30:00+00:00,0.2959,0.2959,0.2959,0.2959,227.71,0.2959,67.379389,227.71,67.379389,
2023-10-05 04:35:00+00:00,0.296,0.2961,0.296,0.2961,1053.6,0.29605,311.91828,1053.6,311.91828,
2023-10-05 04:40:00+00:00,0.296,0.2961,0.296,0.2961,1053.6,0.29605,311.91828,1053.6,311.91828,
2023-10-05 04:45:00+00:00,0.2964,0.2964,0.2964,0.2964,84.71,0.2964,25.108044,84.71,25.108044,
2023-10-05 04:50:00+00:00,0.2963,0.2966,0.2963,0.2966,381.96,0.29645,113.232042,381.96,113.232042,
2023-10-05 04:55:00+00:00,0.2967,0.2968,0.2967,0.2968,645.38,0.29675,191.516515,645.38,191.516515,
2023-10-05 05:00:00+00:00,0.2968,0.2968,0.2968,0.2968,374.99,0.2968,111.297032,374.99,111.297032,
2023-10-05 05:05:00+00:00,0.2969,0.297,0.2969,0.297,487.17,0.29695,144.6651315,487.17,144.6651315,
2023-10-05 05:10:00+00:00,0.2969,0.297,0.2969,0.297,487.17,0.29695,144.6651315,487.17,144.6651315,
2023-10-05 05:15:00+00:00,0.2967,0.2973,0.2971,0.2968,1532.45,0.296975,455.09933875,1532.45,455.09933875,
2023-10-05 05:20:00+00:00,0.2967,0.2973,0.2971,0.2968,1532.45,0.296975,455.09933875,1532.45,455.09933875,
2023-10-05 05:25:00+00:00,0.2967,0.2973,0.2971,0.2968,1532.45,0.296975,455.09933875,1532.45,455.09933875,
2023-10-05 05:30:00+00:00,0.2967,0.297,0.297,0.2967,90.46,0.29685,26.853051,90.46,26.853051,
2023-10-05 05:35:00+00:00,0.2967,0.2969,0.2968,0.2967,4004.92,0.296775,1188.560133,4004.92,1188.560133,
2023-10-05 05:40:00+00:00,0.2967,0.2969,0.2968,0.2967,4004.92,0.296775,1188.560133,4004.92,1188.560133,
2023-10-05 05:45:00+00:00,0.2967,0.2969,0.2968,0.2967,4004.92,0.296775,1188.560133,4004.92,1188.560133,
2023-10-05 05:50:00+00:00,0.2965,0.2968,0.2968,0.2965,1396.36,0.29665,414.230194,1396.36,414.230194,
2023-10-05 05:55:00+00:00,0.2964,0.2965,0.2964,0.2965,109.35,0.29645,32.4168075,109.35,32.4168075,
2023-10-05 06:00:00+00:00,0.2964,0.2965,0.2964,0.2965,109.35,0.29645,32.4168075,109.35,32.4168075,
2023-10-05 06:05:00+00:00,0.2964,0.2965,0.2964,0.2965,109.35,0.29645,32.4168075,109.35,32.4168075,
2023-10-05 06:10:00+00:00,0.2964,0.2965,0.2964,0.2965,109.35,0.29645,32.4168075,109.35,32.4168075,
2023-10-05 06:15:00+00:00,0.2961,0.2963,0.2961,0.2963,151.26,0.2962,44.803212,151.26,44.803212,
2023-10-05 06:20:00+00:00,0.2952,0.2961,0.2961,0.2952,197.6,0.29565,58.42044,197.6,58.42044,
2023-10-05 06:25:00+00:00,0.2953,0.2956,0.2953,0.2956,305.82,0.29545,90.354519,305.82,90.354519,
2023-10-05 06:30:00+00:00,0.2953,0.2956,0.2953,0.2956,305.82,0.29545,90.354519,305.82,90.354519,
2023-10-05 06:35:00+00:00,0.2953,0.2956,0.2953,0.2956,305.82,0.29545,90.354519,305.82,90.354519,
2023-10-05 06:40:00+00:00,0.2958,0.2961,0.2958,0.2961,2284.88,0.29595,676.210236,2284.88,676.210236,
2023-10-05 06:45:00+00:00,0.2959,0.2963,0.2963,0.2959,1774.94,0.2961,525.559734,1774.94,525.559734,
2023-10-05 06:50:00+00:00,0.2959,0.2963,0.2963,0.2959,1774.94,0.2961,525.559734,1774.94,525.559734,
2023-10-05 06:55:00+00:00,0.2958,0.2959,0.2959,0.2959,1687.4,0.295875,499.259475,1687.4,499.259475,
2023-10-05 07:00:00+00:00,0.2958,0.2959,0.2959,0.2958,2004.45,0.29585,593.0165325,2004.45,593.0165325,
2023-10-05 07:05:00+00:00,0.2959,0.296,0.296,0.2959,4670.28,0.29595,1382.169366,4670.28,1382.169366,
2023-10-05 07:10:00+00:00,0.2952,0.2958,0.2958,0.2952,748.5,0.2955,221.18175,748.5,221.18175,
2023-10-05 07:15:00+00:00,0.2952,0.2958,0.2958,0.2952,748.5,0.2955,221.18175,748.5,221.18175,
2023-10-05 07:20:00+00:00,0.2952,0.2958,0.2958,0.2952,748.5,0.2955,221.18175,748.5,221.18175,
2023-10-05 07:25:00+00:00,0.295,0.2955,0.295,0.2955,134.61,0.29525,39.7436025,134.61,39.7436025,
2023-10-05 07:30:00+00:00,0.295,0.2955,0.295,0.2955,134.61,0.29525,39.7436025,134.61,39.7436025,
2023-10-05 07:35:00+00:00,0.2952,0.2957,0.2952,0.2957,4381.19,0.29545,1294.4225855,4381.19,1294.4225855,
2023-10-05 07:40:00+00:00,0.2958,0.296,0.2958,0.296,88.33,0.2959,26.136847,88.33,26.136847,
2023-10-05 07:45:00+00:00,0.2956,0.2961,0.2961,0.2956,1862.22,0.29585,550.937787,1862.22,550.937787,
2023-10-05 07:50:00+00:00,0.2955,0.2958,0.2955,0.2958,169.13,0.29565,50.0032845,169.13,50.0032845,
2023-10-05 07:55:00+00:00,0.2955,0.2958,0.2955,0.2958,169.13,0.29565,50.0032845,169.13,50.0032845,
2023-10-05 08:00:00+00:00,0.2956,0.2959,0.2959,0.2956,400.7,0.29575,118.507025,400.7,118.507025,
2023-10-05 08:05:00+00:00,0.2954,0.2955,0.2955,0.2954,87.65,0.29545,25.8961925,87.65,25.8961925,
2023-10-05 08:10:00+00:00,0.2953,0.2955,0.2955,0.2953,506.58,0.2954,149.643732,506.58,149.643732,
2023-10-05 08:15:00+00:00,0.2953,0.2955,0.2955,0.2953,506.58,0.2954,149.643732,506.58,149.643732,
2023-10-05 08:20:00+00:00,0.295,0.2952,0.2952,0.295,91.0,0.2951,26.8541,91.0,26.8541,
2023-10-05 08:25:00+00:00,0.295,0.2952,0.2952,0.295,91.0,0.2951,26.8541,91.0,26.8541,
2023-10-05 08:30:00+00:00,0.295,0.2952,0.2952,0.295,91.0,0.2951,26.8541,91.0,26.8541,
2023-10-05 08:35:00+00:00,0.2953,0.2955,0.2954,0.2953,478.19,0.295375,141.24537125,478.19,141.24537125,
2023-10-05 08:40:00+00:00,0.2953,0.2955,0.2954,0.2953,478.19,0.295375,141.24537125,478.19,141.24537125,
2023-10-05 08:45:00+00:00,0.2955,0.2958,0.2955,0.2958,94.86,0.29565,28.045359,94.86,28.045359,
2023-10-05 08:50:00+00:00,0.296,0.2961,0.296,0.2961,1189.98,0.29605,352.293579,1189.98,352.293579,
2023-10-05 08:55:00+00:00,0.296,0.2961,0.296,0.2961,1189.98,0.29605,352.293579,1189.98,352.293579,
2023-10-05 09:00:00+00:00,0.2961,0.2965,0.2961,0.2965,1007.91,0.2963,298.643733,1007.91,298.643733,
2023-10-05 09:05:00+00:00,0.2961,0.2965,0.2961,0.2965,1007.91,0.2963,298.643733,1007.91,298.643733,
2023-10-05 09:10:00+00:00,0.2961,0.2965,0.2961,0.2965,1007.91,0.2963,298.643733,1007.91,298.643733,
2023-10-05 09:15:00+00:00,0.2962,0.2967,0.2965,0.2967,46659.38,0.296525,13835.6726545,46659.38,13835.6726545,
2023-10-05 09:20:00+00:00,0.2965,0.2968,0.2967,0.2968,1090.58,0.2967,323.575086,1090.58,323.575086,
2023-10-05 09:25:00+00:00,0.2964,0.2969,0.2966,0.2966,2299.6,0.296625,682.11885,2299.6,682.11885,
2023-10-05 09:30:00+00:00,0.2964,0.2969,0.2966,0.2966,2299.6,0.296625,682.11885,2299.6,682.11885,
2023-10-05 09:35:00+00:00,0.2965,0.2965,0.2965,0.2965,1851.83,0.2965,549.067595,1851.83,549.067595,
2023-10-05 09:40:00+00:00,0.2965,0.2966,0.2965,0.2966,290.87,0.29655,86.2574985,290.87,86.2574985,
2023-10-05 09:45:00+00:00,0.2964,0.2965,0.2965,0.2965,977.63,0.296475,289.84285425,977.63,289.84285425,
2023-10-05 09:50:00+00:00,0.2962,0.2965,0.2963,0.2964,3726.72,0.29635,1104.413472,3726.72,1104.413472,
2023-10-05 09:55:00+00:00,0.2964,0.2967,0.2964,0.2966,894.14,0.296525,265.1348635,894.14,265.1348635,
2023-10-05 10:00:00+00:00,0.2964,0.2967,0.2964,0.2966,894.14,0.296525,265.1348635,894.14,265.1348635,
2023-10-05 10:05:00+00:00,0.2962,0.2964,0.2964,0.2962,2313.28,0.2963,685.424864,2313.28,685.424864,
2023-10-05 10:10:00+00:00,0.2961,0.2961,0.2961,0.2961,50.71,0.2961,15.015231,50.71,15.015231,
2023-10-05 10:15:00+00:00,0.2959,0.2963,0.2963,0.2959,1235.89,0.2961,365.947029,1235.89,365.947029,
2023-10-05 10:20:00+00:00,0.2959,0.2963,0.2963,0.2959,1235.89,0.2961,365.947029,1235.89,365.947029,
2023-10-05 10:25:00+00:00,0.296,0.2961,0.296,0.296,108.62,0.296025,32.1542355,108.62,32.1542355,
2023-10-05 10:30:00+00:00,0.2959,0.2962,0.2959,0.2961,1160.03,0.296025,343.39788075,1160.03,343.39788075,
2023-10-05 10:35:00+00:00,0.2962,0.2964,0.2962,0.2964,576.02,0.2963,170.674726,576.02,170.674726,
2023-10-05 10:40:00+00:00,0.2964,0.2964,0.2964,0.2964,337.07,0.2964,99.907548,337.07,99.907548,
2023-10-05 10:45:00+00:00,0.2962,0.2965,0.2964,0.2965,1121.28,0.2964,332.347392,1121.28,332.347392,
2023-10-05 10:50:00+00:00,0.2966,0.2966,0.2966,0.2966,2076.01,0.2966,615.744566,2076.01,615.744566,
2023-10-05 10:55:00+00:00,0.2967,0.2971,0.2967,0.2971,18409.1,0.2969,5465.66179,18409.1,5465.66179,
2023-10-05 11:00:00+00:00,0.2967,0.2971,0.2967,0.2971,18409.1,0.2969,5465.66179,18409.1,5465.66179,
2023-10-05 11:05:00+00:00,0.2966,0.2968,0.2968,0.2966,1174.43,0.2967,348.453381,1174.43,348.453381,
2023-10-05 11:10:00+00:00,0.2968,0.2968,0.2968,0.2968,2091.27,0.2968,620.688936,2091.27,620.688936,
2023-10-05 11:15:00+00:00,0.2963,0.2968,0.2968,0.2963,1409.98,0.29655,418.129569,1409.98,418.129569,
2023-10-05 11:20:00+00:00,0.2963,0.2968,0.2968,0.2963,1409.98,0.29655,418.129569,1409.98,418.129569,
2023-10-05 11:25:00+00:00,0.2964,0.2965,0.2965,0.2965,682.51,0.296475,202.34715225,682.51,202.34715225,
2023-10-05 11:30:00+00:00,0.2964,0.2965,0.2965,0.2965,682.51,0.296475,202.34715225,682.51,202.34715225,
2023-10-05 11:35:00+00:00,0.2964,0.2968,0.2967,0.2964,1960.99,0.296575,581.58060925,1960.99,581.58060925,
2023-10-05 11:40:00+00:00,0.2964,0.2968,0.2967,0.2964,1960.99,0.296575,581.58060925,1960.99,581.58060925,
2023-10-05 11:45:00+00:00,0.2964,0.2968,0.2967,0.2964,1960.99,0.296575,581.58060925,1960.99,581.58060925,
2023-10-05 11:50:00+00:00,0.296,0.2961,0.2961,0.2961,662.5,0.296075,196.1496875,662.5,196.1496875,
2023-10-05 11:55:00+00:00,0.2962,0.2964,0.2962,0.2964,68.54,0.2963,20.308402,68.54,20.308402,
2023-10-05 12:00:00+00:00,0.2962,0.2964,0.2962,0.2964,68.54,0.2963,20.308402,68.54,20.308402,
2023-10-05 12:05:00+00:00,0.2958,0.2961,0.2961,0.2958,429.24,0.29595,127.033578,429.24,127.033578,
2023-10-05 12:10:00+00:00,0.2955,0.2958,0.2957,0.2955,2383.58,0.295625,704.6458375,2383.58,704.6458375,
2023-10-05 12:15:00+00:00,0.2955,0.2956,0.2956,0.2956,3379.13,0.295575,998.78634975,3379.13,998.78634975,
2023-10-05 12:20:00+00:00,0.2955,0.2956,0.2956,0.2956,3379.13,0.295575,998.78634975,3379.13,998.78634975,
2023-10-05 12:25:00+00:00,0.2952,0.2955,0.2955,0.2952,538.28,0.29535,158.980998,538.28,158.980998,
2023-10-05 12:30:00+00:00,0.295,0.2955,0.295,0.2955,5533.3,0.29525,1633.706825,5533.3,1633.706825,
2023-10-05 12:35:00+00:00,0.2952,0.2953,0.2952,0.2953,1147.22,0.29525,338.716705,1147.22,338.716705,
2023-10-05 12:40:00+00:00,0.2952,0.2953,0.2952,0.2953,1147.22,0.29525,338.716705,1147.22,338.716705,
2023-10-05 12:45:00+00:00,0.2955,0.2956,0.2955,0.2956,199.21,0.29555,58.8765155,199.21,58.8765155,
2023-10-05 12:50:00+00:00,0.2955,0.2956,0.2955,0.2956,199.21,0.29555,58.8765155,199.21,58.8765155,
2023-10-05 12:55:00+00:00,0.2954,0.2957,0.2954,0.2957,722.97,0.29555,213.6737835,722.97,213.6737835,
2023-10-05 13:00:00+00:00,0.2954,0.2957,0.2954,0.2957,722.97,0.29555,213.6737835,722.97,213.6737835,
2023-10-05 13:05:00+00:00,0.2958,0.2967,0.2958,0.2967,896.82,0.29625,265.682925,896.82,265.682925,
2023-10-05 13:10:00+00:00,0.297,0.2973,0.297,0.2973,168.28,0.29715,50.004402,168.28,50.004402,
2023-10-05 13:15:00+00:00,0.2969,0.2973,0.297,0.2973,1059.16,0.297125,314.702915,1059.16,314.702915,
2023-10-05 13:20:00+00:00,0.2966,0.2973,0.2971,0.2973,975.47,0.297075,289.78775025,975.47,289.78775025,
2023-10-05 13:25:00+00:00,0.2971,0.2976,0.2976,0.2971,509.48,0.29735,151.493878,509.48,151.493878,
2023-10-05 13:30:00+00:00,0.2972,0.298,0.2975,0.298,3634.82,0.297675,1081.9950435,3634.82,1081.9950435,
2023-10-05 13:35:00+00:00,0.2966,0.2976,0.2976,0.2967,939.72,0.297125,279.214305,939.72,279.214305,
2023-10-05 13:40:00+00:00,0.2964,0.297,0.297,0.2964,7752.78,0.2967,2300.249826,7752.78,2300.249826,
2023-10-05 13:45:00+00:00,0.296,0.2967,0.2961,0.2967,267.55,0.296375,79.29513125,267.55,79.29513125,
2023-10-05 13:50:00+00:00,0.2964,0.2967,0.2967,0.2966,613.1,0.2966,181.84546,613.1,181.84546,
2023-10-05 13:55:00+00:00,0.2964,0.2968,0.2964,0.2965,2262.36,0.296525,670.846299,2262.36,670.846299,
2023-10-05 14:00:00+00:00,0.2963,0.2969,0.2964,0.2969,2634.31,0.296625,781.40220375,2634.31,781.40220375,
2023-10-05 14:05:00+00:00,0.2964,0.2969,0.2969,0.2964,3539.04,0.29665,1049.856216,3539.04,1049.856216,
2023-10-05 14:10:00+00:00,0.2965,0.297,0.2967,0.297,2053.23,0.2968,609.398664,2053.23,609.398664,
2023-10-05 14:15:00+00:00,0.2973,0.2975,0.2973,0.2975,3368.55,0.2974,1001.80677,3368.55,1001.80677,
2023-10-05 14:20:00+00:00,0.2967,0.2972,0.2972,0.2971,594.62,0.29705,176.631871,594.62,176.631871,
2023-10-05 14:25:00+00:00,0.2971,0.2974,0.2971,0.2974,548.67,0.29725,163.0921575,548.67,163.0921575,
2023-10-05 14:30:00+00:00,0.2965,0.297,0.297,0.2965,3800.67,0.29675,1127.8488225,3800.67,1127.8488225,
2023-10-05 14:35:00+00:00,0.2965,0.297,0.297,0.2965,3800.67,0.29675,1127.8488225,3800.67,1127.8488225,
2023-10-05 14:40:00+00:00,0.2964,0.2965,0.2964,0.2964,849.17,0.296425,251.71521725,849.17,251.71521725,
2023-10-05 14:45:00+00:00,0.2967,0.2968,0.2967,0.2967,128.19,0.296725,38.03717775,128.19,38.03717775,
2023-10-05 14:50:00+00:00,0.2962,0.2964,0.2964,0.2962,1044.49,0.2963,309.482387,1044.49,309.482387,
2023-10-05 14:55:00+00:00,0.2962,0.2964,0.2964,0.2962,1044.49,0.2963,309.482387,1044.49,309.482387,
2023-10-05 15:00:00+00:00,0.2946,0.2963,0.2962,0.2946,10676.56,0.295425,3154.122738,10676.56,3154.122738,
2023-10-05 15:05:00+00:00,0.2943,0.2953,0.2944,0.2946,6884.5,0.29465,2028.517925,6884.5,2028.517925,
2023-10-05 15:10:00+00:00,0.2947,0.2952,0.2947,0.2952,793.59,0.29495,234.0693705,793.59,234.0693705,
2023-10-05 15:15:00+00:00,0.295,0.2955,0.2953,0.295,373.47,0.2952,110.248344,373.47,110.248344,
2023-10-05 15:20:00+00:00,0.2946,0.295,0.295,0.2946,656.1,0.2948,193.41828,656.1,193.41828,
2023-10-05 15:25:00+00:00,0.2946,0.295,0.295,0.2946,656.1,0.2948,193.41828,656.1,193.41828,
2023-10-05 15:30:00+00:00,0.2937,0.2946,0.2946,0.2943,805.91,0.2943,237.179313,805.91,237.179313,
2023-10-05 15:35:00+00:00,0.2918,0.2944,0.2944,0.2941,3748.72,0.293675,1100.905346,3748.72,1100.905346,
2023-10-05 15:40:00+00:00,0.2939,0.2943,0.2941,0.2943,8240.03,0.29415,2423.8048245,8240.03,2423.8048245,
2023-10-05 15:45:00+00:00,0.2943,0.2946,0.2945,0.2943,2890.86,0.294425,851.1414555,2890.86,851.1414555,
2023-10-05 15:50:00+00:00,0.2941,0.2942,0.2941,0.2942,386.55,0.29415,113.7036825,386.55,113.7036825,
2023-10-05 15:55:00+00:00,0.2936,0.2943,0.2943,0.2936,2081.06,0.29395,611.727587,2081.06,611.727587,
2023-10-05 16:00:00+00:00,0.2934,0.2941,0.2936,0.2934,1536.0,0.293625,451.008,1536.0,451.008,
2023-10-05 16:05:00+00:00,0.2931,0.2934,0.2931,0.2933,383.77,0.293225,112.53095825,383.77,112.53095825,
2023-10-05 16:10:00+00:00,0.2929,0.2941,0.2931,0.2941,5628.22,0.29355,1652.163981,5628.22,1652.163981,
2023-10-05 16:15:00+00:00,0.2943,0.2946,0.2943,0.2946,1811.0,0.29445,533.24895,1811.0,533.24895,
2023-10-05 16:20:00+00:00,0.2943,0.2943,0.2943,0.2943,84.95,0.2943,25.000785,84.95,25.000785,
2023-10-05 16:25:00+00:00,0.2939,0.2942,0.2942,0.2941,3295.22,0.2941,969.124202,3295.22,969.124202,
2023-10-05 16:30:00+00:00,0.2943,0.2946,0.2943,0.2943,471.81,0.294375,138.88906875,471.81,138.88906875,
2023-10-05 16:35:00+00:00,0.294,0.2942,0.2942,0.294,509.15,0.2941,149.741015,509.15,149.741015,
2023-10-05 16:40:00+00:00,0.293,0.2937,0.2937,0.2934,1160.71,0.29345,340.6103495,1160.71,340.6103495,
2023-10-05 16:45:00+00:00,0.2934,0.2937,0.2937,0.2934,170.34,0.29355,50.003307,170.34,50.003307,
2023-10-05 16:50:00+00:00,0.2933,0.2938,0.2937,0.2933,2153.13,0.293525,631.99748325,2153.13,631.99748325,
2023-10-05 16:55:00+00:00,0.2929,0.2935,0.2931,0.2934,1157.14,0.293225,339.3023765,1157.14,339.3023765,
2023-10-05 17:00:00+00:00,0.2929,0.2935,0.2931,0.2934,1157.14,0.293225,339.3023765,1157.14,339.3023765,
2023-10-05 17:05:00+00:00,0.2929,0.2934,0.2931,0.2933,3692.32,0.293175,1082.495916,3692.32,1082.495916,
2023-10-05 17:10:00+00:00,0.2934,0.2937,0.2937,0.2934,170.34,0.29355,50.003307,170.34,50.003307,
2023-10-05 17:15:00+00:00,0.293,0.2936,0.2936,0.2934,2343.32,0.2934,687.530088,2343.32,687.530088,
2023-10-05 17:20:00+00:00,0.2932,0.2938,0.2932,0.2938,91.73,0.2935,26.922755,91.73,26.922755,
2023-10-05 17:25:00+00:00,0.2937,0.2943,0.2937,0.2943,1310.17,0.294,385.18998,1310.17,385.18998,
2023-10-05 17:30:00+00:00,0.2944,0.2946,0.2945,0.2944,698.88,0.294475,205.802688,698.88,205.802688,
2023-10-05 17:35:00+00:00,0.2943,0.2947,0.2943,0.2944,7403.48,0.294425,2179.769599,7403.48,2179.769599,
2023-10-05 17:40:00+00:00,0.2945,0.2947,0.2946,0.2946,3511.23,0.2946,1034.408358,3511.23,1034.408358,
2023-10-05 17:45:00+00:00,0.2945,0.2947,0.2946,0.2946,3511.23,0.2946,1034.408358,3511.23,1034.408358,
2023-10-05 17:50:00+00:00,0.2945,0.2949,0.2947,0.2945,15040.25,0.29465,4431.6096625,15040.25,4431.6096625,
2023-10-05 17:55:00+00:00,0.2944,0.2945,0.2944,0.2945,451.73,0.29445,133.0118985,451.73,133.0118985,
2023-10-05 18:00:00+00:00,0.2946,0.295,0.2947,0.2946,7506.96,0.294725,2212.488786,7506.96,2212.488786,
2023-10-05 18:05:00+00:00,0.2941,0.2947,0.2947,0.2942,1279.29,0.294425,376.65495825,1279.29,376.65495825,
2023-10-05 18:10:00+00:00,0.294,0.2941,0.294,0.2941,1839.84,0.29405,541.004952,1839.84,541.004952,
2023-10-05 18:15:00+00:00,0.2937,0.2942,0.2941,0.2937,64.1,0.293925,18.8405925,64.1,18.8405925,
2023-10-05 18:20:00+00:00,0.2934,0.294,0.2939,0.2935,747.19,0.2937,219.449703,747.19,219.449703,
2023-10-05 18:25:00+00:00,0.2934,0.2937,0.2937,0.2934,80.83,0.29355,23.7276465,80.83,23.7276465,
2023-10-05 18:30:00+00:00,0.2938,0.2943,0.294,0.2943,428.55,0.2941,126.036555,428.55,126.036555,
2023-10-05 18:35:00+00:00,0.2939,0.2943,0.294,0.2943,4560.5,0.294125,1341.3570625,4560.5,1341.3570625,
2023-10-05 18:40:00+00:00,0.2944,0.295,0.2944,0.295,1019.73,0.2947,300.514431,1019.73,300.514431,
2023-10-05 18:45:00+00:00,0.2944,0.295,0.2944,0.295,1019.73,0.2947,300.514431,1019.73,300.514431,
2023-10-05 18:50:00+00:00,0.2946,0.2947,0.2946,0.2947,145.16,0.29465,42.771394,145.16,42.771394,
2023-10-05 18:55:00+00:00,0.2947,0.2947,0.2947,0.2947,221.96,0.2947,65.411612,221.96,65.411612,
2023-10-05 19:00:00+00:00,0.2949,0.2952,0.2949,0.2952,245.79,0.29505,72.5203395,245.79,72.5203395,
2023-10-05 19:05:00+00:00,0.2949,0.2952,0.2949,0.2952,245.79,0.29505,72.5203395,245.79,72.5203395,
2023-10-05 19:10:00+00:00,0.2951,0.2951,0.2951,0.2951,68.7,0.2951,20.27337,68.7,20.27337,
2023-10-05 19:15:00+00:00,0.295,0.2951,0.2951,0.295,3.44,0.29505,1.014972,3.44,1.014972,
2023-10-05 19:20:00+00:00,0.2949,0.2951,0.2949,0.2951,104.73,0.295,30.89535,104.73,30.89535,
2023-10-05 19:25:00+00:00,0.295,0.2951,0.295,0.295,266.35,0.295025,78.57990875,266.35,78.57990875,
2023-10-05 19:30:00+00:00,0.2946,0.2949,0.2949,0.2946,222.35,0.29475,65.5376625,222.35,65.5376625,
2023-10-05 19:35:00+00:00,0.2943,0.2946,0.2945,0.2943,1908.42,0.294425,561.8865585,1908.42,561.8865585,
2023-10-05 19:40:00+00:00,0.2943,0.2945,0.2945,0.2943,1083.45,0.2944,318.96768,1083.45,318.96768,
2023-10-05 19:45:00+00:00,0.2943,0.2946,0.2943,0.2945,842.36,0.294425,248.011843,842.36,248.011843,
2023-10-05 19:50:00+00:00,0.2943,0.2944,0.2943,0.2944,1189.54,0.29435,350.141099,1189.54,350.141099,
2023-10-05 19:55:00+00:00,0.2943,0.2944,0.2943,0.2944,1189.54,0.29435,350.141099,1189.54,350.141099,
2023-10-05 20:00:00+00:00,0.2944,0.2945,0.2944,0.2944,1820.68,0.294425,536.053709,1820.68,536.053709,
2023-10-05 20:05:00+00:00,0.2945,0.2948,0.2945,0.2948,2235.67,0.29465,658.7401655,2235.67,658.7401655,
2023-10-05 20:10:00+00:00,0.2946,0.295,0.2949,0.2948,2215.52,0.294825,653.190684,2215.52,653.190684,
2023-10-05 20:15:00+00:00,0.2949,0.2954,0.2949,0.295,4673.55,0.29505,1378.9309275,4673.55,1378.9309275,
2023-10-05 20:20:00+00:00,0.2947,0.2951,0.295,0.2948,2445.62,0.2949,721.213338,2445.62,721.213338,
2023-10-05 20:25:00+00:00,0.2947,0.2949,0.2948,0.2948,2357.95,0.2948,695.12366,2357.95,695.12366,
2023-10-05 20:30:00+00:00,0.2944,0.2948,0.2948,0.2946,1090.45,0.29465,321.3010925,1090.45,321.3010925,
2023-10-05 20:35:00+00:00,0.2944,0.2947,0.2944,0.2945,671.8,0.2945,197.8451,671.8,197.8451,
2023-10-05 20:40:00+00:00,0.2942,0.2943,0.2943,0.2943,456.0,0.294275,134.1894,456.0,134.1894,
2023-10-05 20:45:00+00:00,0.2941,0.2948,0.2945,0.2948,1217.2,0.29455,358.52626,1217.2,358.52626,
2023-10-05 20:50:00+00:00,0.2941,0.2948,0.2945,0.2948,1217.2,0.29455,358.52626,1217.2,358.52626,
2023-10-05 20:55:00+00:00,0.2941,0.2948,0.2945,0.2948,1217.2,0.29455,358.52626,1217.2,358.52626,
2023-10-05 21:00:00+00:00,0.2945,0.2949,0.2947,0.2949,56868.79,0.29475,16762.0758525,56868.79,16762.0758525,
2023-10-05 21:05:00+00:00,0.2949,0.295,0.2949,0.295,738.02,0.29495,217.678999,738.02,217.678999,
2023-10-05 21:10:00+00:00,0.2947,0.2951,0.295,0.2951,32663.8,0.294975,9635.004405,32663.8,9635.004405,
2023-10-05 21:15:00+00:00,0.295,0.2953,0.2951,0.295,6487.15,0.2951,1914.357965,6487.15,1914.357965,
2023-10-05 21:20:00+00:00,0.295,0.2953,0.2951,0.295,6487.15,0.2951,1914.357965,6487.15,1914.357965,
2023-10-05 21:25:00+00:00,0.2945,0.2953,0.2952,0.2948,1846.72,0.29495,544.690064,1846.72,544.690064,
2023-10-05 21:30:00+00:00,0.2949,0.2951,0.2949,0.295,32984.85,0.294975,9729.70612875,32984.85,9729.70612875,
2023-10-05 21:35:00+00:00,0.2949,0.2951,0.2949,0.295,32984.85,0.294975,9729.70612875,32984.85,9729.70612875,
2023-10-05 21:40:00+00:00,0.2947,0.295,0.295,0.2948,1850.23,0.294875,545.58657125,1850.23,545.58657125,
2023-10-05 21:45:00+00:00,0.2949,0.2951,0.295,0.2949,101.9,0.294975,30.0579525,101.9,30.0579525,
2023-10-05 21:50:00+00:00,0.2948,0.2951,0.2949,0.2949,1414.11,0.294925,417.05639175,1414.11,417.05639175,
2023-10-05 21:55:00+00:00,0.2947,0.2949,0.2949,0.2947,1077.13,0.2948,317.537924,1077.13,317.537924,
2023-10-05 22:00:00+00:00,0.2943,0.2946,0.2946,0.2943,487.12,0.29445,143.432484,487.12,143.432484,
2023-10-05 22:05:00+00:00,0.294,0.2949,0.2942,0.2949,9495.29,0.2945,2796.362905,9495.29,2796.362905,
2023-10-05 22:10:00+00:00,0.2946,0.2948,0.2948,0.2946,1213.35,0.2947,357.574245,1213.35,357.574245,
2023-10-05 22:15:00+00:00,0.2943,0.2948,0.2948,0.2943,2841.93,0.29455,837.0904815,2841.93,837.0904815,
2023-10-05 22:20:00+00:00,0.2941,0.2946,0.2944,0.2945,26164.55,0.2944,7702.84352,26164.55,7702.84352,
2023-10-05 22:25:00+00:00,0.2947,0.2952,0.2947,0.2952,4008.81,0.29495,1182.3985095,4008.81,1182.3985095,
2023-10-05 22:30:00+00:00,0.2947,0.2952,0.2947,0.2952,4008.81,0.29495,1182.3985095,4008.81,1182.3985095,
2023-10-05 22:35:00+00:00,0.2952,0.2955,0.2952,0.2954,399.95,0.295325,118.11523375,399.95,118.11523375,
2023-10-05 22:40:00+00:00,0.2954,0.2957,0.2954,0.2957,1684.43,0.29555,497.8332865,1684.43,497.8332865,
2023-10-05 22:45:00+00:00,0.2953,0.2956,0.2956,0.2954,1235.16,0.295475,364.958901,1235.16,364.958901,
2023-10-05 22:50:00+00:00,0.2951,0.2954,0.2952,0.2951,2587.9,0.2952,763.94808,2587.9,763.94808,
2023-10-05 22:55:00+00:00,0.2949,0.2955,0.295,0.2955,4856.69,0.295225,1433.81630525,4856.69,1433.81630525,
2023-10-05 23:00:00+00:00,0.2953,0.2956,0.2955,0.2953,1321.58,0.295425,390.4277715,1321.58,390.4277715,
2023-10-05 23:05:00+00:00,0.2953,0.2956,0.2955,0.2953,1321.58,0.295425,390.4277715,1321.58,390.4277715,
2023-10-05 23:10:00+00:00,0.2952,0.2955,0.2953,0.2953,23176.58,0.295325,6844.6234885,23176.58,6844.6234885,
2023-10-05 23:15:00+00:00,0.2946,0.2949,0.2949,0.2946,169.65,0.29475,50.0043375,169.65,50.0043375,
2023-10-05 23:20:00+00:00,0.2946,0.2949,0.2949,0.2946,169.65,0.29475,50.0043375,169.65,50.0043375,
2023-10-05 23:25:00+00:00,0.2946,0.2948,0.2948,0.2946,531.9,0.2947,156.75093,531.9,156.75093,
2023-10-05 23:30:00+00:00,0.2946,0.2948,0.2948,0.2946,531.9,0.2947,156.75093,531.9,156.75093,
2023-10-05 23:35:00+00:00,0.2943,0.2946,0.2943,0.2946,91.62,0.29445,26.977509,91.62,26.977509,
2023-10-05 23:40:00+00:00,0.2946,0.295,0.2946,0.2949,2173.95,0.294775,640.82611125,2173.95,640.82611125,
2023-10-05 23:45:00+00:00,0.2943,0.2948,0.2948,0.2947,8099.87,0.29465,2386.6266955,8099.87,2386.6266955,
2023-10-05 23:50:00+00:00,0.2943,0.2946,0.2946,0.2946,1540.86,0.294525,453.8217915,1540.86,453.8217915,
2023-10-05 23:55:00+00:00,0.2943,0.2946,0.2946,0.2946,1540.86,0.294525,453.8217915,1540.86,453.8217915,
2023-10-06 00:00:00+00:00,0.2946,0.2948,0.2946,0.2947,7883.52,0.294675,2323.076256,7883.52,2323.076256,
2023-10-06 00:05:00+00:00,0.2946,0.2948,0.2946,0.2947,7883.52,0.294675,2323.076256,7883.52,2323.076256,
2023-10-06 00:10:00+00:00,0.2943,0.2946,0.2946,0.2943,1691.56,0.29445,498.079842,1691.56,498.079842,
2023-10-06 00:15:00+00:00,0.2943,0.2946,0.2946,0.2943,1691.56,0.29445,498.079842,1691.56,498.079842,
2023-10-06 00:20:00+00:00,0.2945,0.2949,0.2945,0.2949,584.55,0.2947,172.266885,584.55,172.266885,
2023-10-06 00:25:00+00:00,0.2946,0.295,0.295,0.2947,1603.73,0.294825,472.81969725,1603.73,472.81969725,
2023-10-06 00:30:00+00:00,0.2946,0.2949,0.2947,0.2947,1326.87,0.294725,391.06176075,1326.87,391.06176075,
2023-10-06 00:35:00+00:00,0.2943,0.2947,0.2947,0.2945,1070.9,0.29455,315.433595,1070.9,315.433595,
2023-10-06 00:40:00+00:00,0.2943,0.2947,0.2947,0.2945,1070.9,0.29455,315.433595,1070.9,315.433595,
2023-10-06 00:45:00+00:00,0.2943,0.2948,0.2947,0.2943,2423.38,0.294525,713.7459945,2423.38,713.7459945,
2023-10-06 00:50:00+00:00,0.2944,0.2946,0.2946,0.2944,28.87,0.2945,8.502215,28.87,8.502215,
2023-10-06 00:55:00+00:00,0.2944,0.2946,0.2946,0.2944,28.87,0.2945,8.502215,28.87,8.502215,
2023-10-06 01:00:00+00:00,0.2944,0.2946,0.2946,0.2944,28.87,0.2945,8.502215,28.87,8.502215,
2023-10-06 01:05:00+00:00,0.2946,0.2948,0.2946,0.2946,367.81,0.29465,108.3752165,367.81,108.3752165,
2023-10-06 01:10:00+00:00,0.2946,0.2948,0.2946,0.2946,367.81,0.29465,108.3752165,367.81,108.3752165,
2023-10-06 01:15:00+00:00,0.2942,0.2946,0.2943,0.2946,752.54,0.294425,221.5665895,752.54,221.5665895,
2023-10-06 01:20:00+00:00,0.2942,0.2946,0.2943,0.2946,752.54,0.294425,221.5665895,752.54,221.5665895,
2023-10-06 01:25:00+00:00,0.2944,0.2947,0.2946,0.2946,19825.33,0.294575,5840.04658475,19825.33,5840.04658475,
2023-10-06 01:30:00+00:00,0.2944,0.2947,0.2946,0.2946,19825.33,0.294575,5840.04658475,19825.33,5840.04658475,
2023-10-06 01:35:00+00:00,0.2949,0.2952,0.2949,0.2952,498.38,0.29505,147.047019,498.38,147.047019,
2023-10-06 01:40:00+00:00,0.2949,0.2952,0.2949,0.2952,498.38,0.29505,147.047019,498.38,147.047019,
2023-10-06 01:45:00+00:00,0.2955,0.2955,0.2955,0.2955,127.37,0.2955,37.637835,127.37,37.637835,
2023-10-06 01:50:00+00:00,0.2951,0.2955,0.2952,0.2955,383.72,0.295325,113.322109,383.72,113.322109,
2023-10-06 01:55:00+00:00,0.2951,0.2955,0.2952,0.2955,383.72,0.295325,113.322109,383.72,113.322109,
2023-10-06 02:00:00+00:00,0.2954,0.2955,0.2955,0.2954,292.13,0.29545,86.3098085,292.13,86.3098085,
2023-10-06 02:05:00+00:00,0.2955,0.2959,0.2957,0.2955,2782.68,0.29565,822.699342,2782.68,822.699342,
2023-10-06 02:10:00+00:00,0.2955,0.2959,0.2957,0.2955,2782.68,0.29565,822.699342,2782.68,822.699342,
2023-10-06 02:15:00+00:00,0.2955,0.2959,0.2955,0.2959,796.29,0.2957,235.462953,796.29,235.462953,
2023-10-06 02:20:00+00:00,0.2955,0.2959,0.2955,0.2959,796.29,0.2957,235.462953,796.29,235.462953,
2023-10-06 02:25:00+00:00,0.2961,0.2972,0.2961,0.297,30486.59,0.2966,9042.322594,30486.59,9042.322594,
2023-10-06 02:30:00+00:00,0.297,0.2975,0.297,0.297,7306.07,0.297125,2170.81604875,7306.07,2170.81604875,
2023-10-06 02:35:00+00:00,0.297,0.2975,0.297,0.297,7306.07,0.297125,2170.81604875,7306.07,2170.81604875,
2023-10-06 02:40:00+00:00,0.297,0.2975,0.297,0.297,7306.07,0.297125,2170.81604875,7306.07,2170.81604875,
2023-10-06 02:45:00+00:00,0.2971,0.2973,0.2973,0.2973,4475.56,0.29725,1330.36021,4475.56,1330.36021,
2023-10-06 02:50:00+00:00,0.2971,0.2972,0.2972,0.2971,910.28,0.29715,270.489702,910.28,270.489702,
2023-10-06 02:55:00+00:00,0.297,0.2971,0.297,0.2971,144.04,0.29705,42.787082,144.04,42.787082,
2023-10-06 03:00:00+00:00,0.2965,0.297,0.297,0.2965,2024.22,0.29675,600.687285,2024.22,600.687285,
2023-10-06 03:05:00+00:00,0.2966,0.2968,0.2966,0.2968,45.69,0.2967,13.556223,45.69,13.556223,
2023-10-06 03:10:00+00:00,0.2966,0.2968,0.2967,0.2966,2663.67,0.296675,790.24429725,2663.67,790.24429725,
2023-10-06 03:15:00+00:00,0.2966,0.2968,0.2967,0.2966,2663.67,0.296675,790.24429725,2663.67,790.24429725,
2023-10-06 03:20:00+00:00,0.2965,0.2967,0.2967,0.2965,545.5,0.2966,161.7953,545.5,161.7953,
2023-10-06 03:25:00+00:00,0.2965,0.2967,0.2967,0.2965,545.5,0.2966,161.7953,545.5,161.7953,
2023-10-06 03:30:00+00:00,0.2965,0.2968,0.2965,0.2968,772.22,0.29665,229.079063,772.22,229.079063,
2023-10-06 03:35:00+00:00,0.2965,0.2968,0.2965,0.2968,772.22,0.29665,229.079063,772.22,229.079063,
2023-10-06 03:40:00+00:00,0.2967,0.2968,0.2968,0.2968,787.41,0.296775,233.68360275,787.41,233.68360275,
2023-10-06 03:45:00+00:00,0.2967,0.2968,0.2968,0.2968,787.41,0.296775,233.68360275,787.41,233.68360275,
2023-10-06 03:50:00+00:00,0.2967,0.2968,0.2968,0.2968,787.41,0.296775,233.68360275,787.41,233.68360275,
2023-10-06 03:55:00+00:00,0.2966,0.2969,0.2969,0.2966,1163.67,0.29675,345.3190725,1163.67,345.3190725,
2023-10-06 04:00:00+00:00,0.2966,0.2969,0.2969,0.2966,1163.67,0.29675,345.3190725,1163.67,345.3190725,
2023-10-06 04:05:00+00:00,0.2964,0.2965,0.2965,0.2964,3459.53,0.29645,1025.5776685,3459.53,1025.5776685,
2023-10-06 04:10:00+00:00,0.2954,0.2964,0.2964,0.2954,23617.6,0.2959,6988.44784,23617.6,6988.44784,
2023-10-06 04:15:00+00:00,0.2954,0.2964,0.2964,0.2954,23617.6,0.2959,6988.44784,23617.6,6988.44784,
2023-10-06 04:20:00+00:00,0.2951,0.2955,0.2954,0.2953,28317.53,0.295325,8362.87454725,28317.53,8362.87454725,
2023-10-06 04:25:00+00:00,0.2953,0.2959,0.2953,0.2959,2731.15,0.2956,807.32794,2731.15,807.32794,
2023-10-06 04:30:00+00:00,0.2953,0.2959,0.2953,0.2959,2731.15,0.2956,807.32794,2731.15,807.32794,
2023-10-06 04:35:00+00:00,0.2953,0.2959,0.2953,0.2959,2731.15,0.2956,807.32794,2731.15,807.32794,
2023-10-06 04:40:00+00:00,0.2958,0.2958,0.2958,0.2958,2408.78,0.2958,712.517124,2408.78,712.517124,
2023-10-06 04:45:00+00:00,0.2952,0.2955,0.2955,0.2952,961.83,0.29535,284.0764905,961.83,284.0764905,
2023-10-06 04:50:00+00:00,0.2951,0.2955,0.2951,0.2955,1026.18,0.2953,303.030954,1026.18,303.030954,
2023-10-06 04:55:00+00:00,0.2951,0.2955,0.2951,0.2955,1026.18,0.2953,303.030954,1026.18,303.030954,
2023-10-06 05:00:00+00:00,0.295,0.2955,0.2955,0.295,1561.54,0.29525,461.044685,1561.54,461.044685,
2023-10-06 05:05:00+00:00,0.2951,0.2952,0.2952,0.2951,1240.93,0.29515,366.2604895,1240.93,366.2604895,
2023-10-06 05:10:00+00:00,0.2949,0.2951,0.295,0.295,1443.86,0.295,425.9387,1443.86,425.9387,
2023-10-06 05:15:00+00:00,0.2948,0.2952,0.295,0.2952,104.59,0.29505,30.8592795,104.59,30.8592795,
2023-10-06 05:20:00+00:00,0.2951,0.2954,0.2954,0.2951,1104.98,0.29525,326.245345,1104.98,326.245345,
2023-10-06 05:25:00+00:00,0.2951,0.2954,0.2951,0.2951,449.43,0.295175,132.66050025,449.43,132.66050025,
2023-10-06 05:30:00+00:00,0.2951,0.2954,0.2951,0.2951,449.43,0.295175,132.66050025,449.43,132.66050025,
2023-10-06 05:35:00+00:00,0.2953,0.2957,0.2955,0.2957,1249.97,0.29555,369.4286335,1249.97,369.4286335,
2023-10-06 05:40:00+00:00,0.2956,0.2958,0.2956,0.2958,1679.76,0.2957,496.705032,1679.76,496.705032,
2023-10-06 05:45:00+00:00,0.2956,0.2958,0.2956,0.2958,1679.76,0.2957,496.705032,1679.76,496.705032,
2023-10-06 05:50:00+00:00,0.2956,0.2958,0.2956,0.2958,1679.76,0.2957,496.705032,1679.76,496.705032,
2023-10-06 05:55:00+00:00,0.2958,0.2962,0.2958,0.2962,250.77,0.296,74.22792,250.77,74.22792,
2023-10-06 06:00:00+00:00,0.296,0.2961,0.296,0.2961,320.29,0.29605,94.8218545,320.29,94.8218545,
2023-10-06 06:05:00+00:00,0.2958,0.2958,0.2958,0.2958,352.3,0.2958,104.21034,352.3,104.21034,
2023-10-06 06:10:00+00:00,0.2958,0.2958,0.2958,0.2958,352.3,0.2958,104.21034,352.3,104.21034,
2023-10-06 06:15:00+00:00,0.2958,0.2958,0.2958,0.2958,352.3,0.2958,104.21034,352.3,104.21034,
2023-10-06 06:20:00+00:00,0.2961,0.2962,0.2961,0.2962,243.64,0.29615,72.153986,243.64,72.153986,
2023-10-06 06:25:00+00:00,0.2958,0.2962,0.2962,0.2958,436.51,0.296,129.20696,436.51,129.20696,
2023-10-06 06:30:00+00:00,0.2958,0.2962,0.2962,0.2958,436.51,0.296,129.20696,436.51,129.20696,
2023-10-06 06:35:00+00:00,0.2959,0.2961,0.2959,0.2961,333.3,0.296,98.6568,333.3,98.6568,
2023-10-06 06:40:00+00:00,0.2959,0.2961,0.2959,0.2961,333.3,0.296,98.6568,333.3,98.6568,
2023-10-06 06:45:00+00:00,0.2962,0.2964,0.2962,0.2964,13507.22,0.2963,4002.189286,13507.22,4002.189286,
2023-10-06 06:50:00+00:00,0.2962,0.2964,0.2962,0.2964,13507.22,0.2963,4002.189286,13507.22,4002.189286,
2023-10-06 06:55:00+00:00,0.2964,0.2966,0.2964,0.2964,2499.1,0.29645,740.858195,2499.1,740.858195,
2023-10-06 07:00:00+00:00,0.2961,0.2963,0.2962,0.2963,1447.64,0.296225,428.827159,1447.64,428.827159,
2023-10-06 07:05:00+00:00,0.2961,0.2964,0.2964,0.2961,1783.34,0.29625,528.314475,1783.34,528.314475,
2023-10-06 07:10:00+00:00,0.2962,0.2964,0.2963,0.2964,943.82,0.296325,279.6774615,943.82,279.6774615,
2023-10-06 07:15:00+00:00,0.2965,0.2967,0.2967,0.2967,951.77,0.29665,282.3425705,951.77,282.3425705,
2023-10-06 07:20:00+00:00,0.2969,0.2971,0.2969,0.2969,2226.83,0.29695,661.2571685,2226.83,661.2571685,
2023-10-06 07:25:00+00:00,0.2967,0.297,0.2967,0.297,179.36,0.29685,53.243016,179.36,53.243016,
2023-10-06 07:30:00+00:00,0.2967,0.297,0.2967,0.297,168.45,0.29685,50.0043825,168.45,50.0043825,
2023-10-06 07:35:00+00:00,0.2969,0.2972,0.2971,0.2969,553.52,0.297025,164.409278,553.52,164.409278,
2023-10-06 07:40:00+00:00,0.2971,0.2971,0.2971,0.2971,1564.59,0.2971,464.839689,1564.59,464.839689,
2023-10-06 07:45:00+00:00,0.2969,0.2971,0.2969,0.2969,3480.44,0.29695,1033.516658,3480.44,1033.516658,
2023-10-06 07:50:00+00:00,0.2969,0.2971,0.2969,0.2969,3480.44,0.29695,1033.516658,3480.44,1033.516658,
2023-10-06 07:55:00+00:00,0.2968,0.2971,0.297,0.2971,8048.69,0.297,2390.46093,8048.69,2390.46093,
2023-10-06 08:00:00+00:00,0.2969,0.2969,0.2969,0.2969,416.71,0.2969,123.721199,416.71,123.721199,
2023-10-06 08:05:00+00:00,0.2969,0.2969,0.2969,0.2969,416.71,0.2969,123.721199,416.71,123.721199,
2023-10-06 08:10:00+00:00,0.2969,0.2972,0.2972,0.2969,1916.44,0.29705,569.278502,1916.44,569.278502,
2023-10-06 08:15:00+00:00,0.2967,0.2968,0.2967,0.2968,9.17,0.29675,2.7211975,9.17,2.7211975,
2023-10-06 08:20:00+00:00,0.297,0.2973,0.297,0.2973,138.77,0.29715,41.2355055,138.77,41.2355055,
2023-10-06 08:25:00+00:00,0.2967,0.2972,0.2972,0.2967,194.02,0.29695,57.614239,194.02,57.614239,
2023-10-06 08:30:00+00:00,0.2961,0.2964,0.2964,0.2962,14069.56,0.296275,4168.458889,14069.56,4168.458889,
2023-10-06 08:35:00+00:00,0.2961,0.2964,0.2964,0.2962,14069.56,0.296275,4168.458889,14069.56,4168.458889,
2023-10-06 08:40:00+00:00,0.2961,0.2964,0.2964,0.2962,14069.56,0.296275,4168.458889,14069.56,4168.458889,
2023-10-06 08:45:00+00:00,0.2962,0.2966,0.2964,0.2966,2501.55,0.29645,741.5844975,2501.55,741.5844975,
2023-10-06 08:50:00+00:00,0.2962,0.2966,0.2964,0.2966,2501.55,0.29645,741.5844975,2501.55,741.5844975,
2023-10-06 08:55:00+00:00,0.2963,0.2966,0.2966,0.2965,2149.49,0.2965,637.323785,2149.49,637.323785,
2023-10-06 09:00:00+00:00,0.2964,0.2968,0.2964,0.2966,3188.31,0.29655,945.4933305,3188.31,945.4933305,
2023-10-06 09:05:00+00:00,0.2965,0.2965,0.2965,0.2965,44.46,0.2965,13.18239,44.46,13.18239,
2023-10-06 09:10:00+00:00,0.2966,0.2971,0.2966,0.2967,17278.23,0.29675,5127.3147525,17278.23,5127.3147525,
2023-10-06 09:15:00+00:00,0.2966,0.2971,0.2966,0.2967,17278.23,0.29675,5127.3147525,17278.23,5127.3147525,
2023-10-06 09:20:00+00:00,0.2968,0.2971,0.297,0.2968,3214.17,0.296925,954.36742725,3214.17,954.36742725,
2023-10-06 09:25:00+00:00,0.2968,0.2971,0.297,0.2968,3214.17,0.296925,954.36742725,3214.17,954.36742725,
2023-10-06 09:30:00+00:00,0.2968,0.2971,0.297,0.2968,3214.17,0.296925,954.36742725,3214.17,954.36742725,
2023-10-06 09:35:00+00:00,0.2968,0.2971,0.297,0.2968,3214.17,0.296925,954.36742725,3214.17,954.36742725,
2023-10-06 09:40:00+00:00,0.2971,0.2973,0.2971,0.2973,1441.18,0.2972,428.318696,1441.18,428.318696,
2023-10-06 09:45:00+00:00,0.2972,0.2974,0.2974,0.2972,732.85,0.2973,217.876305,732.85,217.876305,
2023-10-06 09:50:00+00:00,0.2972,0.2974,0.2974,0.2972,732.85,0.2973,217.876305,732.85,217.876305,
2023-10-06 09:55:00+00:00,0.2974,0.2975,0.2974,0.2975,2033.42,0.29745,604.840779,2033.42,604.840779,
2023-10-06 10:00:00+00:00,0.2974,0.2975,0.2974,0.2975,2033.42,0.29745,604.840779,2033.42,604.840779,
2023-10-06 10:05:00+00:00,0.2974,0.2975,0.2974,0.2975,2033.42,0.29745,604.840779,2033.42,604.840779,
2023-10-06 10:10:00+00:00,0.2975,0.2977,0.2975,0.2977,5705.59,0.2976,1697.983584,5705.59,1697.983584,
2023-10-06 10:15:00+00:00,0.2975,0.2978,0.2978,0.2977,2593.04,0.2977,771.948008,2593.04,771.948008,
2023-10-06 10:20:00+00:00,0.2975,0.2977,0.2976,0.2975,412.67,0.297575,122.80027525,412.67,122.80027525,
2023-10-06 10:25:00+00:00,0.2976,0.2981,0.2976,0.2981,8716.77,0.29785,2596.2899445,8716.77,2596.2899445,
2023-10-06 10:30:00+00:00,0.298,0.2982,0.298,0.2982,693.91,0.2981,206.854571,693.91,206.854571,
2023-10-06 10:35:00+00:00,0.2978,0.2982,0.2982,0.2978,9347.46,0.298,2785.54308,9347.46,2785.54308,
2023-10-06 10:40:00+00:00,0.2978,0.2982,0.2982,0.2978,9347.46,0.298,2785.54308,9347.46,2785.54308,
2023-10-06 10:45:00+00:00,0.2974,0.2976,0.2976,0.2974,565.96,0.2975,168.3731,565.96,168.3731,
2023-10-06 10:50:00+00:00,0.2974,0.2976,0.2976,0.2974,565.96,0.2975,168.3731,565.96,168.3731,
2023-10-06 10:55:00+00:00,0.2968,0.2973,0.2973,0.2968,9221.81,0.29705,2739.3386605,9221.81,2739.3386605,
2023-10-06 11:00:00+00:00,0.2967,0.2968,0.2967,0.2968,1153.32,0.29675,342.24771,1153.32,342.24771,
2023-10-06 11:05:00+00:00,0.2967,0.2968,0.2967,0.2968,1153.32,0.29675,342.24771,1153.32,342.24771,
2023-10-06 11:10:00+00:00,0.2969,0.2971,0.297,0.2969,1211.88,0.296975,359.898063,1211.88,359.898063,
2023-10-06 11:15:00+00:00,0.2972,0.2973,0.2973,0.2972,250.65,0.29725,74.5057125,250.65,74.5057125,
2023-10-06 11:20:00+00:00,0.2972,0.2973,0.2973,0.2972,250.65,0.29725,74.5057125,250.65,74.5057125,
2023-10-06 11:25:00+00:00,0.2972,0.2973,0.2973,0.2972,250.65,0.29725,74.5057125,250.65,74.5057125,
2023-10-06 11:30:00+00:00,0.2971,0.2975,0.2971,0.2975,1181.58,0.2973,351.283734,1181.58,351.283734,
2023-10-06 11:35:00+00:00,0.2971,0.2975,0.2971,0.2975,1181.58,0.2973,351.283734,1181.58,351.283734,
2023-10-06 11:40:00+00:00,0.2976,0.2976,0.2976,0.2976,65.99,0.2976,19.638624,65.99,19.638624,
2023-10-06 11:45:00+00:00,0.2976,0.2976,0.2976,0.2976,65.99,0.2976,19.638624,65.99,19.638624,
2023-10-06 11:50:00+00:00,0.2975,0.2976,0.2975,0.2975,215.83,0.297525,64.21482075,215.83,64.21482075,
2023-10-06 11:55:00+00:00,0.2975,0.2976,0.2975,0.2975,215.83,0.297525,64.21482075,215.83,64.21482075,
2023-10-06 12:00:00+00:00,0.2975,0.2976,0.2975,0.2975,215.83,0.297525,64.21482075,215.83,64.21482075,
2023-10-06 12:05:00+00:00,0.2976,0.2977,0.2977,0.2977,152.44,0.297675,45.377577,152.44,45.377577,
2023-10-06 12:10:00+00:00,0.2976,0.2977,0.2977,0.2977,152.44,0.297675,45.377577,152.44,45.377577,
2023-10-06 12:15:00+00:00,0.2975,0.2977,0.2977,0.2975,75.12,0.2976,22.355712,75.12,22.355712,
2023-10-06 12:20:00+00:00,0.2974,0.2977,0.2974,0.2974,3512.89,0.297475,1044.99695275,3512.89,1044.99695275,
2023-10-06 12:25:00+00:00,0.297,0.2976,0.2975,0.297,11212.45,0.297275,3333.18107375,11212.45,3333.18107375,
2023-10-06 12:30:00+00:00,0.2957,0.2967,0.2967,0.2961,1557.58,0.2963,461.510954,1557.58,461.510954,
2023-10-06 12:35:00+00:00,0.296,0.2967,0.2961,0.2967,6500.64,0.296375,1926.62718,6500.64,1926.62718,
2023-10-06 12:40:00+00:00,0.2963,0.2965,0.2965,0.2963,8192.22,0.2964,2428.174008,8192.22,2428.174008,
2023-10-06 12:45:00+00:00,0.2957,0.2962,0.2961,0.2957,1595.48,0.295925,472.142419,1595.48,472.142419,
2023-10-06 12:50:00+00:00,0.2955,0.296,0.2955,0.296,171.97,0.29575,50.8601275,171.97,50.8601275,
2023-10-06 12:55:00+00:00,0.2949,0.2962,0.2961,0.2951,16349.67,0.295575,4832.55371025,16349.67,4832.55371025,
2023-10-06 13:00:00+00:00,0.2955,0.2961,0.2955,0.2961,425.31,0.2958,125.806698,425.31,125.806698,
2023-10-06 13:05:00+00:00,0.2961,0.2967,0.2961,0.2965,12538.91,0.29635,3715.9059785,12538.91,3715.9059785,
2023-10-06 13:10:00+00:00,0.2961,0.2967,0.2961,0.2965,12538.91,0.29635,3715.9059785,12538.91,3715.9059785,
2023-10-06 13:15:00+00:00,0.2968,0.2971,0.297,0.2968,580.09,0.296925,172.24322325,580.09,172.24322325,
2023-10-06 13:20:00+00:00,0.2971,0.2971,0.2971,0.2971,333.56,0.2971,99.100676,333.56,99.100676,
2023-10-06 13:25:00+00:00,0.2971,0.2971,0.2971,0.2971,333.56,0.2971,99.100676,333.56,99.100676,
2023-10-06 13:30:00+00:00,0.2971,0.2987,0.2971,0.2987,9080.54,0.2979,2705.092866,9080.54,2705.092866,
2023-10-06 13:35:00+00:00,0.2976,0.2985,0.2982,0.2976,1849.79,0.297975,551.19117525,1849.79,551.19117525,
2023-10-06 13:40:00+00:00,0.2979,0.2986,0.2979,0.2979,90976.59,0.298075,27117.84706425,90976.59,27117.84706425,
2023-10-06 13:45:00+00:00,0.2972,0.298,0.298,0.2972,14276.43,0.2976,4248.665568,14276.43,4248.665568,
2023-10-06 13:50:00+00:00,0.2968,0.2974,0.2972,0.2968,3687.12,0.29705,1095.258996,3687.12,1095.258996,
2023-10-06 13:55:00+00:00,0.2972,0.2973,0.2972,0.2972,1417.3,0.297225,421.2569925,1417.3,421.2569925,
2023-10-06 14:00:00+00:00,0.2973,0.2974,0.2973,0.2974,3038.96,0.29735,903.634756,3038.96,903.634756,
2023-10-06 14:05:00+00:00,0.297,0.2975,0.2974,0.297,7270.38,0.297225,2160.9386955,7270.38,2160.9386955,
2023-10-06 14:10:00+00:00,0.2967,0.2974,0.2969,0.2974,16956.31,0.2971,5037.719701,16956.31,5037.719701,
2023-10-06 14:15:00+00:00,0.2973,0.2976,0.2974,0.2973,6666.84,0.2974,1982.718216,6666.84,1982.718216,
2023-10-06 14:20:00+00:00,0.297,0.2976,0.297,0.2976,1637.2,0.2973,486.73956,1637.2,486.73956,
2023-10-06 14:25:00+00:00,0.2978,0.298,0.2978,0.2978,854.15,0.29785,254.4085775,854.15,254.4085775,
2023-10-06 14:30:00+00:00,0.2978,0.2983,0.2982,0.2978,8539.79,0.298025,2545.07091475,8539.79,2545.07091475,
2023-10-06 14:35:00+00:00,0.2977,0.2982,0.2977,0.2981,17982.68,0.297925,5357.489939,17982.68,5357.489939,
2023-10-06 14:40:00+00:00,0.2978,0.2985,0.2983,0.298,103300.02,0.29815,30798.900963,103300.02,30798.900963,
2023-10-06 14:45:00+00:00,0.2978,0.298,0.298,0.2978,1991.12,0.2979,593.154648,1991.12,593.154648,
2023-10-06 14:50:00+00:00,0.298,0.2982,0.298,0.2982,3825.82,0.2981,1140.476942,3825.82,1140.476942,
2023-10-06 14:55:00+00:00,0.2981,0.2984,0.2981,0.2984,260.04,0.29825,77.55693,260.04,77.55693,
2023-10-06 15:00:00+00:00,0.2984,0.2985,0.2985,0.2984,168.8,0.29845,50.37836,168.8,50.37836,
2023-10-06 15:05:00+00:00,0.2985,0.2985,0.2985,0.2985,10409.49,0.2985,3107.232765,10409.49,3107.232765,
2023-10-06 15:10:00+00:00,0.2984,0.2986,0.2985,0.2986,1536.66,0.298525,458.7314265,1536.66,458.7314265,
2023-10-06 15:15:00+00:00,0.2984,0.2987,0.2987,0.2985,895.87,0.298575,267.48438525,895.87,267.48438525,
2023-10-06 15:20:00+00:00,0.2983,0.2988,0.2983,0.2988,1239.25,0.29855,369.9780875,1239.25,369.9780875,
2023-10-06 15:25:00+00:00,0.299,0.2993,0.299,0.2993,167.15,0.29915,50.0029225,167.15,50.0029225,
2023-10-06 15:30:00+00:00,0.2995,0.3005,0.2996,0.3005,1356.11,0.300025,406.86690275,1356.11,406.86690275,
2023-10-06 15:35:00+00:00,0.3001,0.3005,0.3002,0.3005,686.56,0.300325,206.191132,686.56,206.191132,
2023-10-06 15:40:00+00:00,0.2998,0.3003,0.3003,0.3,1788.45,0.3001,536.713845,1788.45,536.713845,
2023-10-06 15:45:00+00:00,0.3,0.3008,0.3,0.3008,774.53,0.3004,232.668812,774.53,232.668812,
2023-10-06 15:50:00+00:00,0.2999,0.3006,0.3006,0.2999,2469.69,0.30025,741.5244225,2469.69,741.5244225,
2023-10-06 15:55:00+00:00,0.2998,0.3,0.2999,0.2998,116.73,0.299875,35.00440875,116.73,35.00440875,
2023-10-06 16:00:00+00:00,0.3,0.3004,0.3,0.3,127.11,0.3001,38.145711,127.11,38.145711,
2023-10-06 16:05:00+00:00,0.3,0.3004,0.3,0.3,127.11,0.3001,38.145711,127.11,38.145711,
2023-10-06 16:10:00+00:00,0.2993,0.3002,0.3002,0.2993,4847.07,0.29975,1452.9092325,4847.07,1452.9092325,
2023-10-06 16:15:00+00:00,0.2984,0.2993,0.2993,0.2987,1780.44,0.298925,532.218027,1780.44,532.218027,
2023-10-06 16:20:00+00:00,0.2988,0.299,0.2988,0.299,151.28,0.2989,45.217592,151.28,45.217592,
2023-10-06 16:25:00+00:00,0.2993,0.2994,0.2993,0.2994,199.27,0.29935,59.6514745,199.27,59.6514745,
2023-10-06 16:30:00+00:00,0.2994,0.2995,0.2994,0.2995,3681.66,0.29945,1102.473087,3681.66,1102.473087,
2023-10-06 16:35:00+00:00,0.2992,0.2996,0.2992,0.2996,86.59,0.2994,25.925046,86.59,25.925046,
2023-10-06 16:40:00+00:00,0.2999,0.3,0.2999,0.3,38.42,0.29995,11.524079,38.42,11.524079,
2023-10-06 16:45:00+00:00,0.2996,0.3001,0.3001,0.2996,795.56,0.29985,238.548666,795.56,238.548666,
2023-10-06 16:50:00+00:00,0.2996,0.3,0.2996,0.3,2852.97,0.2998,855.320406,2852.97,855.320406,
2023-10-06 16:55:00+00:00,0.2996,0.2999,0.2999,0.2996,1091.87,0.29975,327.2880325,1091.87,327.2880325,
2023-10-06 17:00:00+00:00,0.2996,0.2999,0.2999,0.2996,1091.87,0.29975,327.2880325,1091.87,327.2880325,
2023-10-06 17:05:00+00:00,0.2997,0.2998,0.2997,0.2998,179.48,0.29975,53.79913,179.48,53.79913,
2023-10-06 17:10:00+00:00,0.2996,0.2999,0.2997,0.2999,407.97,0.299775,122.29920675,407.97,122.29920675,
2023-10-06 17:15:00+00:00,0.2999,0.3,0.2999,0.3,240.81,0.29995,72.2309595,240.81,72.2309595,
2023-10-06 17:20:00+00:00,0.3002,0.3002,0.3002,0.3002,67.98,0.3002,20.407596,67.98,20.407596,
2023-10-06 17:25:00+00:00,0.3002,0.3005,0.3002,0.3005,1882.87,0.30035,565.5200045,1882.87,565.5200045,
2023-10-06 17:30:00+00:00,0.3007,0.3011,0.3007,0.3011,472.39,0.3009,142.142151,472.39,142.142151,
2023-10-06 17:35:00+00:00,0.3009,0.3012,0.3012,0.3009,161.77,0.30105,48.7008585,161.77,48.7008585,
2023-10-06 17:40:00+00:00,0.3007,0.3008,0.3008,0.3007,1785.37,0.30075,536.9500275,1785.37,536.9500275,
2023-10-06 17:45:00+00:00,0.3007,0.3008,0.3008,0.3007,1785.37,0.30075,536.9500275,1785.37,536.9500275,
2023-10-06 17:50:00+00:00,0.3008,0.3013,0.3008,0.3008,1265.17,0.300925,380.72128225,1265.17,380.72128225,
2023-10-06 17:55:00+00:00,0.3004,0.3007,0.3007,0.3004,795.32,0.30055,239.033426,795.32,239.033426,
2023-10-06 18:00:00+00:00,0.3002,0.3006,0.3006,0.3002,1574.91,0.3004,473.102964,1574.91,473.102964,
2023-10-06 18:05:00+00:00,0.2999,0.3001,0.3,0.2999,703.7,0.299975,211.0924075,703.7,211.0924075,
2023-10-06 18:10:00+00:00,0.3,0.3004,0.3002,0.3,159.41,0.30015,47.8469115,159.41,47.8469115,
2023-10-06 18:15:00+00:00,0.2999,0.3,0.2999,0.3,662.03,0.29995,198.5758985,662.03,198.5758985,
2023-10-06 18:20:00+00:00,0.2997,0.2998,0.2997,0.2997,3794.65,0.299725,1137.35147125,3794.65,1137.35147125,
2023-10-06 18:25:00+00:00,0.2998,0.3002,0.2998,0.3001,2612.18,0.299975,783.5886955,2612.18,783.5886955,
2023-10-06 18:30:00+00:00,0.2998,0.3002,0.2998,0.3001,2612.18,0.299975,783.5886955,2612.18,783.5886955,
2023-10-06 18:35:00+00:00,0.2997,0.3003,0.3003,0.2997,818.61,0.3,245.583,818.61,245.583,
2023-10-06 18:40:00+00:00,0.2997,0.3003,0.3003,0.2997,818.61,0.3,245.583,818.61,245.583,
2023-10-06 18:45:00+00:00,0.2995,0.2997,0.2996,0.2995,15128.58,0.299575,4532.1443535,15128.58,4532.1443535,
2023-10-06 18:50:00+00:00,0.2997,0.2997,0.2997,0.2997,10.57,0.2997,3.167829,10.57,3.167829,
2023-10-06 18:55:00+00:00,0.2996,0.2997,0.2996,0.2997,493.58,0.29965,147.901247,493.58,147.901247,
2023-10-06 19:00:00+00:00,0.2996,0.2997,0.2996,0.2997,493.58,0.29965,147.901247,493.58,147.901247,
2023-10-06 19:05:00+00:00,0.2999,0.3,0.2999,0.3,92.74,0.29995,27.817363,92.74,27.817363,
2023-10-06 19:10:00+00:00,0.2999,0.3,0.2999,0.3,92.74,0.29995,27.817363,92.74,27.817363,
2023-10-06 19:15:00+00:00,0.2999,0.3,0.2999,0.3,92.74,0.29995,27.817363,92.74,27.817363,
2023-10-06 19:20:00+00:00,0.3,0.3005,0.3001,0.3004,13219.09,0.30025,3969.0317725,13219.09,3969.0317725,
2023-10-06 19:25:00+00:00,0.3005,0.3011,0.3008,0.3008,1728.26,0.3008,519.860608,1728.26,519.860608,
2023-10-06 19:30:00+00:00,0.3011,0.3012,0.3012,0.3011,179.02,0.30115,53.911873,179.02,53.911873,
2023-10-06 19:35:00+00:00,0.301,0.3014,0.301,0.3011,1076.29,0.301125,324.09782625,1076.29,324.09782625,
2023-10-06 19:40:00+00:00,0.3008,0.3013,0.301,0.3009,5711.86,0.301,1719.26986,5711.86,1719.26986,
2023-10-06 19:45:00+00:00,0.3008,0.3013,0.301,0.3009,5711.86,0.301,1719.26986,5711.86,1719.26986,
2023-10-06 19:50:00+00:00,0.301,0.3013,0.3013,0.301,1538.41,0.30115,463.2921715,1538.41,463.2921715,
2023-10-06 19:55:00+00:00,0.301,0.3013,0.3013,0.301,1538.41,0.30115,463.2921715,1538.41,463.2921715,
2023-10-06 20:00:00+00:00,0.3012,0.3013,0.3012,0.3012,811.66,0.301225,244.4922835,811.66,244.4922835,
2023-10-06 20:05:00+00:00,0.301,0.3011,0.301,0.3011,42.73,0.30105,12.8638665,42.73,12.8638665,
2023-10-06 20:10:00+00:00,0.3009,0.3015,0.3009,0.3015,577.1,0.3012,173.82252,577.1,173.82252,
2023-10-06 20:15:00+00:00,0.3015,0.3016,0.3015,0.3015,2778.4,0.301525,837.75706,2778.4,837.75706,
2023-10-06 20:20:00+00:00,0.3017,0.302,0.3017,0.3017,98159.64,0.301775,29622.125361,98159.64,29622.125361,
2023-10-06 20:25:00+00:00,0.3017,0.302,0.3017,0.3017,98159.64,0.301775,29622.125361,98159.64,29622.125361,
2023-10-06 20:30:00+00:00,0.3016,0.3018,0.3016,0.3018,306.59,0.3017,92.498203,306.59,92.498203,
2023-10-06 20:35:00+00:00,0.3018,0.3018,0.3018,0.3018,3258.79,0.3018,983.502822,3258.79,983.502822,
2023-10-06 20:40:00+00:00,0.3016,0.3018,0.3016,0.3018,797.85,0.3017,240.711345,797.85,240.711345,
2023-10-06 20:45:00+00:00,0.3014,0.3018,0.3018,0.3016,26254.99,0.30165,7919.8177335,26254.99,7919.8177335,
2023-10-06 20:50:00+00:00,0.3013,0.3016,0.3014,0.3016,796.37,0.301475,240.08564575,796.37,240.08564575,
2023-10-06 20:55:00+00:00,0.3013,0.3016,0.3014,0.3016,796.37,0.301475,240.08564575,796.37,240.08564575,
2023-10-06 21:00:00+00:00,0.3014,0.3019,0.3016,0.3017,12359.86,0.30165,3728.351769,12359.86,3728.351769,
2023-10-06 21:05:00+00:00,0.3015,0.3017,0.3017,0.3015,23374.42,0.3016,7049.725072,23374.42,7049.725072,
2023-10-06 21:10:00+00:00,0.3014,0.3015,0.3014,0.3015,1393.19,0.30145,419.9771255,1393.19,419.9771255,
2023-10-06 21:15:00+00:00,0.3017,0.3022,0.3017,0.3022,965.3,0.30195,291.472335,965.3,291.472335,
2023-10-06 21:20:00+00:00,0.3022,0.3026,0.3023,0.3026,10715.0,0.302425,3240.483875,10715.0,3240.483875,
2023-10-06 21:25:00+00:00,0.3025,0.3026,0.3025,0.3025,1039.53,0.302525,314.48381325,1039.53,314.48381325,
2023-10-06 21:30:00+00:00,0.3025,0.3025,0.3025,0.3025,9788.35,0.3025,2960.975875,9788.35,2960.975875,
2023-10-06 21:35:00+00:00,0.3028,0.3041,0.3028,0.304,5781.99,0.303425,1754.40031575,5781.99,1754.40031575,
2023-10-06 21:40:00+00:00,0.3026,0.3038,0.3038,0.3026,3556.89,0.3032,1078.449048,3556.89,1078.449048,
2023-10-06 21:45:00+00:00,0.3027,0.3031,0.3027,0.3031,1316.47,0.3029,398.758763,1316.47,398.758763,
2023-10-06 21:50:00+00:00,0.3027,0.3029,0.3029,0.3027,428.4,0.3028,129.71952,428.4,129.71952,
2023-10-06 21:55:00+00:00,0.3023,0.3026,0.3026,0.3023,669.52,0.30245,202.496324,669.52,202.496324,
2023-10-06 22:00:00+00:00,0.3023,0.3024,0.3023,0.3024,161.58,0.30235,48.853713,161.58,48.853713,
2023-10-06 22:05:00+00:00,0.3023,0.3024,0.3023,0.3024,161.58,0.30235,48.853713,161.58,48.853713,
2023-10-06 22:10:00+00:00,0.3023,0.3026,0.3025,0.3024,780.22,0.30245,235.977539,780.22,235.977539,
2023-10-06 22:15:00+00:00,0.3019,0.3023,0.3023,0.3019,412.74,0.3021,124.688754,412.74,124.688754,
2023-10-06 22:20:00+00:00,0.3019,0.3023,0.3023,0.3019,412.74,0.3021,124.688754,412.74,124.688754,
2023-10-06 22:25:00+00:00,0.302,0.302,0.302,0.302,83.11,0.302,25.09922,83.11,25.09922,
2023-10-06 22:30:00+00:00,0.3014,0.3017,0.3017,0.3014,103.69,0.30155,31.2677195,103.69,31.2677195,
2023-10-06 22:35:00+00:00,0.3011,0.3014,0.3012,0.3011,116.2,0.3012,34.99944,116.2,34.99944,
2023-10-06 22:40:00+00:00,0.3011,0.3014,0.3012,0.3011,116.2,0.3012,34.99944,116.2,34.99944,
2023-10-06 22:45:00+00:00,0.3012,0.3014,0.3014,0.3012,771.4,0.3013,232.42282,771.4,232.42282,
2023-10-06 22:50:00+00:00,0.3008,0.3015,0.3014,0.3008,634.05,0.301125,190.92830625,634.05,190.92830625,
2023-10-06 22:55:00+00:00,0.3008,0.3015,0.3014,0.3008,634.05,0.301125,190.92830625,634.05,190.92830625,
2023-10-06 23:00:00+00:00,0.2999,0.3005,0.3005,0.2999,7854.25,0.3002,2357.84585,7854.25,2357.84585,
2023-10-06 23:05:00+00:00,0.2997,0.3002,0.2999,0.2997,9902.3,0.299875,2969.4522125,9902.3,2969.4522125,
2023-10-06 23:10:00+00:00,0.2997,0.3002,0.2999,0.2997,9902.3,0.299875,2969.4522125,9902.3,2969.4522125,
2023-10-06 23:15:00+00:00,0.2996,0.2997,0.2996,0.2997,93.14,0.29965,27.909401,93.14,27.909401,
2023-10-06 23:20:00+00:00,0.2998,0.2999,0.2998,0.2999,1288.47,0.29985,386.3477295,1288.47,386.3477295,
2023-10-06 23:25:00+00:00,0.2998,0.2998,0.2998,0.2998,309.06,0.2998,92.656188,309.06,92.656188,
2023-10-06 23:30:00+00:00,0.2997,0.3002,0.2997,0.3002,794.64,0.29995,238.352268,794.64,238.352268,
2023-10-06 23:35:00+00:00,0.3004,0.3005,0.3005,0.3004,425.59,0.30045,127.8685155,425.59,127.8685155,
2023-10-06 23:40:00+00:00,0.3002,0.3005,0.3003,0.3005,22.78,0.300375,6.8425425,22.78,6.8425425,
2023-10-06 23:45:00+00:00,0.3005,0.3007,0.3005,0.3007,430.77,0.3006,129.489462,430.77,129.489462,
2023-10-06 23:50:00+00:00,0.3005,0.3007,0.3005,0.3007,430.77,0.3006,129.489462,430.77,129.489462,
2023-10-06 23:55:00+00:00,0.3005,0.3007,0.3005,0.3007,430.77,0.3006,129.489462,430.77,129.489462,
2023-10-07 00:00:00+00:00,0.3005,0.301,0.301,0.3008,485.86,0.300825,146.1588345,485.86,146.1588345,
2023-10-07 00:05:00+00:00,0.3011,0.3012,0.3011,0.3012,85.26,0.30115,25.676049,85.26,25.676049,
2023-10-07 00:10:00+00:00,0.3009,0.3013,0.3013,0.3009,589.91,0.3011,177.621901,589.91,177.621901,
2023-10-07 00:15:00+00:00,0.3005,0.3008,0.3008,0.3005,5960.53,0.30065,1792.0333445,5960.53,1792.0333445,
2023-10-07 00:20:00+00:00,0.3002,0.3006,0.3005,0.3002,7252.02,0.300375,2178.3255075,7252.02,2178.3255075,
2023-10-07 00:25:00+00:00,0.3003,0.3011,0.3003,0.3008,786.52,0.300625,236.447575,786.52,236.447575,
2023-10-07 00:30:00+00:00,0.3005,0.3011,0.3007,0.3011,780.83,0.30085,234.9127055,780.83,234.9127055,
2023-10-07 00:35:00+00:00,0.3011,0.3017,0.3011,0.3017,99.35,0.3014,29.94409,99.35,29.94409,
2023-10-07 00:40:00+00:00,0.3011,0.3017,0.3011,0.3017,99.35,0.3014,29.94409,99.35,29.94409,
2023-10-07 00:45:00+00:00,0.3009,0.3018,0.3018,0.3009,274.19,0.30135,82.6271565,274.19,82.6271565,
2023-10-07 00:50:00+00:00,0.3009,0.3018,0.3018,0.3009,274.19,0.30135,82.6271565,274.19,82.6271565,
2023-10-07 00:55:00+00:00,0.3009,0.301,0.3009,0.301,1002.45,0.30095,301.6873275,1002.45,301.6873275,
2023-10-07 01:00:00+00:00,0.3011,0.3014,0.3013,0.3011,497.21,0.301225,149.77208225,497.21,149.77208225,
2023-10-07 01:05:00+00:00,0.3009,0.301,0.301,0.3009,923.48,0.30095,277.921306,923.48,277.921306,
2023-10-07 01:10:00+00:00,0.3006,0.3008,0.3008,0.3006,698.0,0.3007,209.8886,698.0,209.8886,
2023-10-07 01:15:00+00:00,0.3005,0.3006,0.3006,0.3005,3883.54,0.30055,1167.197947,3883.54,1167.197947,
2023-10-07 01:20:00+00:00,0.3002,0.3005,0.3003,0.3002,280.05,0.3003,84.099015,280.05,84.099015,
2023-10-07 01:25:00+00:00,0.3002,0.3005,0.3003,0.3002,280.05,0.3003,84.099015,280.05,84.099015,
2023-10-07 01:30:00+00:00,0.2998,0.3,0.2999,0.3,89.61,0.299925,26.87627925,89.61,26.87627925,
2023-10-07 01:35:00+00:00,0.3,0.3002,0.3002,0.3,286.62,0.3001,86.014662,286.62,86.014662,
2023-10-07 01:40:00+00:00,0.2997,0.3004,0.3004,0.2997,129.91,0.30005,38.9794955,129.91,38.9794955,
2023-10-07 01:45:00+00:00,0.2994,0.2999,0.2997,0.2999,681.98,0.299725,204.4064555,681.98,204.4064555,
2023-10-07 01:50:00+00:00,0.2997,0.3,0.2997,0.3,14.25,0.29985,4.2728625,14.25,4.2728625,
2023-10-07 01:55:00+00:00,0.2996,0.2997,0.2996,0.2997,256.3,0.29965,76.800295,256.3,76.800295,
2023-10-07 02:00:00+00:00,0.2996,0.2999,0.2999,0.2996,86.51,0.29975,25.9313725,86.51,25.9313725,
2023-10-07 02:05:00+00:00,0.2997,0.2998,0.2997,0.2998,10178.41,0.29975,3050.9783975,10178.41,3050.9783975,
2023-10-07 02:10:00+00:00,0.2994,0.2996,0.2996,0.2996,472.34,0.29955,141.489447,472.34,141.489447,
2023-10-07 02:15:00+00:00,0.2994,0.2996,0.2995,0.2996,1186.66,0.299525,355.4343365,1186.66,355.4343365,
2023-10-07 02:20:00+00:00,0.2995,0.2999,0.2996,0.2999,771.31,0.299725,231.18088975,771.31,231.18088975,
2023-10-07 02:25:00+00:00,0.2995,0.2999,0.2996,0.2999,771.31,0.299725,231.18088975,771.31,231.18088975,
2023-10-07 02:30:00+00:00,0.2996,0.2999,0.2999,0.2996,2997.48,0.29975,898.49463,2997.48,898.49463,
2023-10-07 02:35:00+00:00,0.2996,0.2996,0.2996,0.2996,1132.65,0.2996,339.34194,1132.65,339.34194,
2023-10-07 02:40:00+00:00,0.2997,0.2998,0.2997,0.2998,676.82,0.29975,202.876795,676.82,202.876795,
2023-10-07 02:45:00+00:00,0.2997,0.2998,0.2997,0.2998,676.82,0.29975,202.876795,676.82,202.876795,
2023-10-07 02:50:00+00:00,0.2996,0.3,0.2999,0.2996,324.41,0.299775,97.25000775,324.41,97.25000775,
2023-10-07 02:55:00+00:00,0.2993,0.2994,0.2993,0.2994,149.66,0.29935,44.800721,149.66,44.800721,
2023-10-07 03:00:00+00:00,0.2993,0.2994,0.2993,0.2994,149.66,0.29935,44.800721,149.66,44.800721,
2023-10-07 03:05:00+00:00,0.2995,0.2999,0.2995,0.2999,2307.71,0.2997,691.620687,2307.71,691.620687,
2023-10-07 03:10:00+00:00,0.2996,0.3,0.2996,0.3,101.53,0.2998,30.438694,101.53,30.438694,
2023-10-07 03:15:00+00:00,0.3,0.3002,0.3,0.3002,255.0,0.3001,76.5255,255.0,76.5255,
2023-10-07 03:20:00+00:00,0.3,0.3002,0.3,0.3002,255.0,0.3001,76.5255,255.0,76.5255,
2023-10-07 03:25:00+00:00,0.3,0.3002,0.3001,0.3002,106.08,0.300125,31.83726,106.08,31.83726,
2023-10-07 03:30:00+00:00,0.3004,0.3005,0.3004,0.3005,1974.75,0.30045,593.3136375,1974.75,593.3136375,
2023-10-07 03:35:00+00:00,0.3004,0.3005,0.3004,0.3005,1974.75,0.30045,593.3136375,1974.75,593.3136375,
2023-10-07 03:40:00+00:00,0.3004,0.3008,0.3008,0.3005,1693.38,0.300625,509.0723625,1693.38,509.0723625,
2023-10-07 03:45:00+00:00,0.3,0.3002,0.3002,0.3,892.39,0.3001,267.806239,892.39,267.806239,
2023-10-07 03:50:00+00:00,0.3,0.3002,0.3002,0.3,892.39,0.3001,267.806239,892.39,267.806239,
2023-10-07 03:55:00+00:00,0.3,0.3001,0.3,0.3001,457.85,0.30005,137.3778925,457.85,137.3778925,
2023-10-07 04:00:00+00:00,0.3002,0.3004,0.3002,0.3004,414.94,0.3003,124.606482,414.94,124.606482,
2023-10-07 04:05:00+00:00,0.3002,0.3004,0.3004,0.3002,8.26,0.3003,2.480478,8.26,2.480478,
2023-10-07 04:10:00+00:00,0.3005,0.3008,0.3005,0.3008,432.27,0.30065,129.9619755,432.27,129.9619755,
2023-10-07 04:15:00+00:00,0.3005,0.3008,0.3005,0.3008,432.27,0.30065,129.9619755,432.27,129.9619755,
2023-10-07 04:20:00+00:00,0.3008,0.3013,0.3011,0.3008,527.37,0.301,158.73837,527.37,158.73837,
2023-10-07 04:25:00+00:00,0.3005,0.301,0.301,0.3007,7586.49,0.3008,2282.016192,7586.49,2282.016192,
2023-10-07 04:30:00+00:00,0.3005,0.301,0.301,0.3007,7586.49,0.3008,2282.016192,7586.49,2282.016192,
2023-10-07 04:35:00+00:00,0.3004,0.3008,0.3004,0.3008,85.99,0.3006,25.848594,85.99,25.848594,
2023-10-07 04:40:00+00:00,0.3004,0.3008,0.3004,0.3008,85.99,0.3006,25.848594,85.99,25.848594,
2023-10-07 04:45:00+00:00,0.3007,0.301,0.3007,0.301,411.09,0.30085,123.6764265,411.09,123.6764265,
2023-10-07 04:50:00+00:00,0.3007,0.3009,0.3007,0.3009,348.16,0.3008,104.726528,348.16,104.726528,
2023-10-07 04:55:00+00:00,0.3007,0.3008,0.3008,0.3008,575.1,0.300775,172.9757025,575.1,172.9757025,
2023-10-07 05:00:00+00:00,0.3005,0.3008,0.3008,0.3005,2090.73,0.30065,628.5779745,2090.73,628.5779745,
2023-10-07 05:05:00+00:00,0.3004,0.3004,0.3004,0.3004,303.24,0.3004,91.093296,303.24,91.093296,
2023-10-07 05:10:00+00:00,0.3004,0.3004,0.3004,0.3004,333.92,0.3004,100.309568,333.92,100.309568,
2023-10-07 05:15:00+00:00,0.3001,0.3002,0.3002,0.3001,484.49,0.30015,145.4196735,484.49,145.4196735,
2023-10-07 05:20:00+00:00,0.3001,0.3002,0.3002,0.3001,484.49,0.30015,145.4196735,484.49,145.4196735,
2023-10-07 05:25:00+00:00,0.3002,0.3004,0.3004,0.3002,125.5,0.3003,37.68765,125.5,37.68765,
2023-10-07 05:30:00+00:00,0.3005,0.3008,0.3005,0.3008,1975.98,0.30065,594.078387,1975.98,594.078387,
2023-10-07 05:35:00+00:00,0.3008,0.3012,0.3008,0.3012,3961.49,0.301,1192.40849,3961.49,1192.40849,
2023-10-07 05:40:00+00:00,0.301,0.3014,0.301,0.3014,3953.67,0.3012,1190.845404,3953.67,1190.845404,
2023-10-07 05:45:00+00:00,0.3011,0.3012,0.3012,0.3011,80.45,0.30115,24.2275175,80.45,24.2275175,
2023-10-07 05:50:00+00:00,0.3011,0.3014,0.3011,0.3014,88.78,0.30125,26.744975,88.78,26.744975,
2023-10-07 05:55:00+00:00,0.3011,0.3014,0.3011,0.3014,88.78,0.30125,26.744975,88.78,26.744975,
2023-10-07 06:00:00+00:00,0.3008,0.3016,0.3016,0.3008,499.62,0.3012,150.485544,499.62,150.485544,
2023-10-07 06:05:00+00:00,0.3008,0.3016,0.3016,0.3008,499.62,0.3012,150.485544,499.62,150.485544,
2023-10-07 06:10:00+00:00,0.3005,0.3009,0.3005,0.3009,168.01,0.3007,50.520607,168.01,50.520607,
2023-10-07 06:15:00+00:00,0.3005,0.3009,0.3005,0.3009,168.01,0.3007,50.520607,168.01,50.520607,
2023-10-07 06:20:00+00:00,0.3005,0.3009,0.3005,0.3009,168.01,0.3007,50.520607,168.01,50.520607,
2023-10-07 06:25:00+00:00,0.3005,0.3008,0.3006,0.3008,2687.76,0.300675,808.142238,2687.76,808.142238,
2023-10-07 06:30:00+00:00,0.3005,0.3008,0.3006,0.3008,2687.76,0.300675,808.142238,2687.76,808.142238,
2023-10-07 06:35:00+00:00,0.3005,0.3008,0.3006,0.3008,2687.76,0.300675,808.142238,2687.76,808.142238,
2023-10-07 06:40:00+00:00,0.3006,0.3009,0.3008,0.3009,1111.62,0.3008,334.375296,1111.62,334.375296,
2023-10-07 06:45:00+00:00,0.3006,0.3007,0.3007,0.3006,1069.96,0.30065,321.683474,1069.96,321.683474,
2023-10-07 06:50:00+00:00,0.3006,0.3007,0.3007,0.3006,1069.96,0.30065,321.683474,1069.96,321.683474,
2023-10-07 06:55:00+00:00,0.3004,0.3007,0.3005,0.3007,366.14,0.300575,110.0525305,366.14,110.0525305,
2023-10-07 07:00:00+00:00,0.3004,0.3007,0.3005,0.3007,366.14,0.300575,110.0525305,366.14,110.0525305,
2023-10-07 07:05:00+00:00,0.3004,0.3006,0.3004,0.3006,50.13,0.3005,15.064065,50.13,15.064065,
2023-10-07 07:10:00+00:00,0.3004,0.3006,0.3004,0.3006,50.13,0.3005,15.064065,50.13,15.064065,
2023-10-07 07:15:00+00:00,0.3003,0.3006,0.3003,0.3003,583.85,0.300375,175.37394375,583.85,175.37394375,
2023-10-07 07:20:00+00:00,0.3003,0.3006,0.3003,0.3004,489.84,0.3004,147.147936,489.84,147.147936,
2023-10-07 07:25:00+00:00,0.3003,0.3006,0.3003,0.3004,489.84,0.3004,147.147936,489.84,147.147936,
2023-10-07 07:30:00+00:00,0.3003,0.3006,0.3003,0.3004,489.84,0.3004,147.147936,489.84,147.147936,
2023-10-07 07:35:00+00:00,0.3003,0.3006,0.3003,0.3004,489.84,0.3004,147.147936,489.84,147.147936,
2023-10-07 07:40:00+00:00,0.3004,0.3004,0.3004,0.3004,818.04,0.3004,245.739216,818.04,245.739216,
2023-10-07 07:45:00+00:00,0.2999,0.3002,0.3002,0.2999,192.65,0.30005,57.8046325,192.65,57.8046325,
2023-10-07 07:50:00+00:00,0.2996,0.2998,0.2997,0.2998,203.38,0.299725,60.9580705,203.38,60.9580705,
2023-10-07 07:55:00+00:00,0.2995,0.2999,0.2999,0.2995,2105.54,0.2997,631.030338,2105.54,631.030338,
2023-10-07 08:00:00+00:00,0.2992,0.2995,0.2995,0.2992,700.63,0.29935,209.7335905,700.63,209.7335905,
2023-10-07 08:05:00+00:00,0.2992,0.2995,0.2995,0.2992,700.63,0.29935,209.7335905,700.63,209.7335905,
2023-10-07 08:10:00+00:00,0.2991,0.2996,0.2991,0.2995,4457.38,0.299325,1334.2052685,4457.38,1334.2052685,
2023-10-07 08:15:00+00:00,0.2991,0.2996,0.2991,0.2995,4457.38,0.299325,1334.2052685,4457.38,1334.2052685,
2023-10-07 08:20:00+00:00,0.2998,0.3002,0.2998,0.3002,6782.98,0.3,2034.894,6782.98,2034.894,
2023-10-07 08:25:00+00:00,0.2998,0.3002,0.2998,0.3002,6782.98,0.3,2034.894,6782.98,2034.894,
2023-10-07 08:30:00+00:00,0.3001,0.3002,0.3001,0.3002,1071.9,0.30015,321.730785,1071.9,321.730785,
2023-10-07 08:35:00+00:00,0.3005,0.3009,0.3005,0.3009,970.32,0.3007,291.775224,970.32,291.775224,
2023-10-07 08:40:00+00:00,0.3011,0.3014,0.3011,0.3011,4563.23,0.301175,1374.33079525,4563.23,1374.33079525,
2023-10-07 08:45:00+00:00,0.3008,0.3011,0.3009,0.3011,703.81,0.300975,211.82921475,703.81,211.82921475,
2023-10-07 08:50:00+00:00,0.3011,0.3012,0.3011,0.3012,979.61,0.30115,295.0095515,979.61,295.0095515,
2023-10-07 08:55:00+00:00,0.3011,0.3012,0.3011,0.3012,979.61,0.30115,295.0095515,979.61,295.0095515,
2023-10-07 09:00:00+00:00,0.3008,0.3013,0.3013,0.3008,768.61,0.30105,231.3900405,768.61,231.3900405,
2023-10-07 09:05:00+00:00,0.3008,0.3013,0.3013,0.3008,768.61,0.30105,231.3900405,768.61,231.3900405,
2023-10-07 09:10:00+00:00,0.3005,0.3007,0.3005,0.3007,252.34,0.3006,75.853404,252.34,75.853404,
2023-10-07 09:15:00+00:00,0.3005,0.3007,0.3005,0.3007,252.34,0.3006,75.853404,252.34,75.853404,
2023-10-07 09:20:00+00:00,0.3005,0.3007,0.3005,0.3007,252.34,0.3006,75.853404,252.34,75.853404,
2023-10-07 09:25:00+00:00,0.3005,0.3008,0.3006,0.3005,8821.28,0.3006,2651.676768,8821.28,2651.676768,
2023-10-07 09:30:00+00:00,0.3005,0.3008,0.3006,0.3005,8821.28,0.3006,2651.676768,8821.28,2651.676768,
2023-10-07 09:35:00+00:00,0.3005,0.3008,0.3006,0.3005,8821.28,0.3006,2651.676768,8821.28,2651.676768,
2023-10-07 09:40:00+00:00,0.3003,0.3005,0.3005,0.3003,102.66,0.3004,30.839064,102.66,30.839064,
2023-10-07 09:45:00+00:00,0.3003,0.3005,0.3005,0.3003,102.66,0.3004,30.839064,102.66,30.839064,
2023-10-07 09:50:00+00:00,0.3,0.3004,0.3004,0.3,194.85,0.3002,58.49397,194.85,58.49397,
2023-10-07 09:55:00+00:00,0.2999,0.3001,0.2999,0.3,988.18,0.299975,296.4292955,988.18,296.4292955,
2023-10-07 10:00:00+00:00,0.2999,0.3001,0.2999,0.3,988.18,0.299975,296.4292955,988.18,296.4292955,
2023-10-07 10:05:00+00:00,0.3002,0.3002,0.3002,0.3002,161.52,0.3002,48.488304,161.52,48.488304,
2023-10-07 10:10:00+00:00,0.3005,0.3005,0.3005,0.3005,117.54,0.3005,35.32077,117.54,35.32077,
2023-10-07 10:15:00+00:00,0.3005,0.3005,0.3005,0.3005,117.54,0.3005,35.32077,117.54,35.32077,
2023-10-07 10:20:00+00:00,0.3005,0.3005,0.3005,0.3005,117.54,0.3005,35.32077,117.54,35.32077,
2023-10-07 10:25:00+00:00,0.3002,0.3006,0.3002,0.3006,266.12,0.3004,79.942448,266.12,79.942448,
2023-10-07 10:30:00+00:00,0.3002,0.3006,0.3002,0.3006,266.12,0.3004,79.942448,266.12,79.942448,
2023-10-07 10:35:00+00:00,0.3007,0.3009,0.3008,0.3007,322.61,0.300775,97.03302275,322.61,97.03302275,
2023-10-07 10:40:00+00:00,0.3007,0.3009,0.3008,0.3007,322.61,0.300775,97.03302275,322.61,97.03302275,
2023-10-07 10:45:00+00:00,0.3007,0.3009,0.3008,0.3007,322.61,0.300775,97.03302275,322.61,97.03302275,
2023-10-07 10:50:00+00:00,0.3005,0.3008,0.3005,0.3008,192.31,0.30065,57.8180015,192.31,57.8180015,
2023-10-07 10:55:00+00:00,0.3005,0.3008,0.3005,0.3008,192.31,0.30065,57.8180015,192.31,57.8180015,
2023-10-07 11:00:00+00:00,0.3005,0.3008,0.3005,0.3008,192.31,0.30065,57.8180015,192.31,57.8180015,
2023-10-07 11:05:00+00:00,0.3008,0.3009,0.3009,0.3008,1348.95,0.30085,405.8316075,1348.95,405.8316075,
2023-10-07 11:10:00+00:00,0.3008,0.3009,0.3009,0.3008,1348.95,0.30085,405.8316075,1348.95,405.8316075,
2023-10-07 11:15:00+00:00,0.3009,0.301,0.301,0.3009,15022.81,0.30095,4521.1146695,15022.81,4521.1146695,
2023-10-07 11:20:00+00:00,0.3009,0.301,0.3009,0.3009,18196.0,0.300925,5475.6313,18196.0,5475.6313,
2023-10-07 11:25:00+00:00,0.3008,0.3013,0.3008,0.3013,15172.15,0.30105,4567.5757575,15172.15,4567.5757575,
2023-10-07 11:30:00+00:00,0.3009,0.3012,0.3012,0.3009,921.81,0.30105,277.5109005,921.81,277.5109005,
2023-10-07 11:35:00+00:00,0.3008,0.3008,0.3008,0.3008,3.1,0.3008,0.93248,3.1,0.93248,
2023-10-07 11:40:00+00:00,0.3006,0.3011,0.3008,0.3011,176.49,0.3009,53.105841,176.49,53.105841,
2023-10-07 11:45:00+00:00,0.3005,0.3009,0.3009,0.3005,885.68,0.3007,266.323976,885.68,266.323976,
2023-10-07 11:50:00+00:00,0.3005,0.3009,0.3009,0.3005,885.68,0.3007,266.323976,885.68,266.323976,
2023-10-07 11:55:00+00:00,0.3006,0.3008,0.3006,0.3008,37.5,0.3007,11.27625,37.5,11.27625,
2023-10-07 12:00:00+00:00,0.3003,0.3008,0.3006,0.3008,1087.98,0.300625,327.0739875,1087.98,327.0739875,
2023-10-07 12:05:00+00:00,0.3003,0.3008,0.3006,0.3008,1087.98,0.300625,327.0739875,1087.98,327.0739875,
2023-10-07 12:10:00+00:00,0.3003,0.3008,0.3006,0.3008,1087.98,0.300625,327.0739875,1087.98,327.0739875,
2023-10-07 12:15:00+00:00,0.3007,0.3011,0.3007,0.3011,86.23,0.3009,25.946607,86.23,25.946607,
2023-10-07 12:20:00+00:00,0.3008,0.301,0.301,0.3008,5.63,0.3009,1.694067,5.63,1.694067,
2023-10-07 12:25:00+00:00,0.3008,0.301,0.301,0.3008,5.63,0.3009,1.694067,5.63,1.694067,
2023-10-07 12:30:00+00:00,0.3007,0.301,0.3008,0.301,2484.68,0.300875,747.578095,2484.68,747.578095,
2023-10-07 12:35:00+00:00,0.3008,0.301,0.301,0.3008,935.0,0.3009,281.3415,935.0,281.3415,
2023-10-07 12:40:00+00:00,0.3006,0.301,0.301,0.3009,1413.39,0.300875,425.25371625,1413.39,425.25371625,
2023-10-07 12:45:00+00:00,0.3006,0.301,0.301,0.3009,1413.39,0.300875,425.25371625,1413.39,425.25371625,
2023-10-07 12:50:00+00:00,0.3006,0.301,0.301,0.3009,1413.39,0.300875,425.25371625,1413.39,425.25371625,
2023-10-07 12:55:00+00:00,0.3005,0.3008,0.3008,0.3005,1044.25,0.30065,313.9537625,1044.25,313.9537625,
2023-10-07 13:00:00+00:00,0.3005,0.3008,0.3008,0.3005,1044.25,0.30065,313.9537625,1044.25,313.9537625,
2023-10-07 13:05:00+00:00,0.3005,0.3008,0.3005,0.3008,234.63,0.30065,70.5415095,234.63,70.5415095,
2023-10-07 13:10:00+00:00,0.3008,0.301,0.3008,0.3008,1542.04,0.30085,463.922734,1542.04,463.922734,
2023-10-07 13:15:00+00:00,0.3008,0.301,0.3008,0.3008,1542.04,0.30085,463.922734,1542.04,463.922734,
2023-10-07 13:20:00+00:00,0.3006,0.3009,0.3006,0.3009,512.13,0.30075,154.0230975,512.13,154.0230975,
2023-10-07 13:25:00+00:00,0.3007,0.3009,0.3007,0.3009,804.82,0.3008,242.089856,804.82,242.089856,
2023-10-07 13:30:00+00:00,0.3008,0.301,0.3008,0.3009,3010.52,0.300875,905.790205,3010.52,905.790205,
2023-10-07 13:35:00+00:00,0.3008,0.301,0.301,0.3008,4.19,0.3009,1.260771,4.19,1.260771,
2023-10-07 13:40:00+00:00,0.3006,0.3009,0.3009,0.3008,1738.91,0.3008,523.064128,1738.91,523.064128,
2023-10-07 13:45:00+00:00,0.3006,0.3009,0.3009,0.3008,1738.91,0.3008,523.064128,1738.91,523.064128,
2023-10-07 13:50:00+00:00,0.3011,0.3013,0.3011,0.3013,969.45,0.3012,291.99834,969.45,291.99834,
2023-10-07 13:55:00+00:00,0.3014,0.3018,0.3014,0.3018,5288.47,0.3016,1595.002552,5288.47,1595.002552,
2023-10-07 14:00:00+00:00,0.3014,0.3015,0.3014,0.3015,109.07,0.30145,32.8791515,109.07,32.8791515,
2023-10-07 14:05:00+00:00,0.3014,0.3016,0.3015,0.3016,306.77,0.301525,92.49882425,306.77,92.49882425,
2023-10-07 14:10:00+00:00,0.3014,0.3015,0.3015,0.3014,995.65,0.30145,300.1386925,995.65,300.1386925,
2023-10-07 14:15:00+00:00,0.3014,0.3015,0.3015,0.3014,995.65,0.30145,300.1386925,995.65,300.1386925,
2023-10-07 14:20:00+00:00,0.3016,0.3016,0.3016,0.3016,104.28,0.3016,31.450848,104.28,31.450848,
2023-10-07 14:25:00+00:00,0.3013,0.3014,0.3013,0.3014,1766.39,0.30135,532.3016265,1766.39,532.3016265,
2023-10-07 14:30:00+00:00,0.301,0.3012,0.3012,0.3011,974.74,0.301125,293.5185825,974.74,293.5185825,
2023-10-07 14:35:00+00:00,0.301,0.3012,0.3012,0.3011,974.74,0.301125,293.5185825,974.74,293.5185825,
2023-10-07 14:40:00+00:00,0.301,0.3012,0.3012,0.3011,974.74,0.301125,293.5185825,974.74,293.5185825,
2023-10-07 14:45:00+00:00,0.3014,0.3017,0.3014,0.3017,115.72,0.30155,34.895366,115.72,34.895366,
2023-10-07 14:50:00+00:00,0.3015,0.3017,0.3015,0.3017,989.41,0.3016,298.406056,989.41,298.406056,
2023-10-07 14:55:00+00:00,0.3015,0.3017,0.3015,0.3017,989.41,0.3016,298.406056,989.41,298.406056,
2023-10-07 15:00:00+00:00,0.3014,0.3017,0.3017,0.3015,1323.91,0.301575,399.25815825,1323.91,399.25815825,
2023-10-07 15:05:00+00:00,0.3014,0.3017,0.3015,0.3014,1430.2,0.3015,431.2053,1430.2,431.2053,
2023-10-07 15:10:00+00:00,0.3012,0.3016,0.3012,0.3016,174.37,0.3014,52.555118,174.37,52.555118,
2023-10-07 15:15:00+00:00,0.3012,0.3016,0.3012,0.3016,174.37,0.3014,52.555118,174.37,52.555118,
2023-10-07 15:20:00+00:00,0.3012,0.3015,0.3013,0.3012,927.5,0.3013,279.45575,927.5,279.45575,
2023-10-07 15:25:00+00:00,0.3012,0.3015,0.3013,0.3012,927.5,0.3013,279.45575,927.5,279.45575,
2023-10-07 15:30:00+00:00,0.3011,0.3015,0.3012,0.3011,103.04,0.301225,31.038224,103.04,31.038224,
2023-10-07 15:35:00+00:00,0.3011,0.3015,0.3012,0.3011,103.04,0.301225,31.038224,103.04,31.038224,
2023-10-07 15:40:00+00:00,0.3002,0.301,0.301,0.3002,1042.52,0.3006,313.381512,1042.52,313.381512,
2023-10-07 15:45:00+00:00,0.3004,0.3006,0.3005,0.3006,510.47,0.300525,153.40899675,510.47,153.40899675,
2023-10-07 15:50:00+00:00,0.3003,0.3004,0.3004,0.3003,249.79,0.30035,75.0244265,249.79,75.0244265,
2023-10-07 15:55:00+00:00,0.3003,0.3005,0.3004,0.3003,1276.72,0.300375,383.49477,1276.72,383.49477,
2023-10-07 16:00:00+00:00,0.3003,0.3005,0.3003,0.3004,1360.36,0.300375,408.618135,1360.36,408.618135,
2023-10-07 16:05:00+00:00,0.3003,0.3005,0.3003,0.3004,1360.36,0.300375,408.618135,1360.36,408.618135,
2023-10-07 16:10:00+00:00,0.3005,0.3006,0.3006,0.3006,45.28,0.300575,13.610036,45.28,13.610036,
2023-10-07 16:15:00+00:00,0.3008,0.301,0.3008,0.301,99.26,0.3009,29.867334,99.26,29.867334,
2023-10-07 16:20:00+00:00,0.3008,0.301,0.3008,0.301,99.26,0.3009,29.867334,99.26,29.867334,
2023-10-07 16:25:00+00:00,0.3008,0.301,0.3008,0.301,99.26,0.3009,29.867334,99.26,29.867334,
2023-10-07 16:30:00+00:00,0.3009,0.3009,0.3009,0.3009,15608.49,0.3009,4696.594641,15608.49,4696.594641,
2023-10-07 16:35:00+00:00,0.3009,0.3009,0.3009,0.3009,15608.49,0.3009,4696.594641,15608.49,4696.594641,
2023-10-07 16:40:00+00:00,0.3005,0.301,0.301,0.3005,954.66,0.30075,287.113995,954.66,287.113995,
2023-10-07 16:45:00+00:00,0.3005,0.3007,0.3007,0.3007,1822.69,0.30065,547.9917485,1822.69,547.9917485,
2023-10-07 16:50:00+00:00,0.3003,0.3006,0.3005,0.3003,922.06,0.300425,277.0098755,922.06,277.0098755,
2023-10-07 16:55:00+00:00,0.3003,0.3006,0.3005,0.3003,922.06,0.300425,277.0098755,922.06,277.0098755,
2023-10-07 17:00:00+00:00,0.3001,0.3002,0.3002,0.3001,410.07,0.30015,123.0825105,410.07,123.0825105,
2023-10-07 17:05:00+00:00,0.3,0.3002,0.3,0.3002,7722.58,0.3001,2317.546258,7722.58,2317.546258,
2023-10-07 17:10:00+00:00,0.3,0.3002,0.3,0.3002,7722.58,0.3001,2317.546258,7722.58,2317.546258,
2023-10-07 17:15:00+00:00,0.2996,0.3002,0.3002,0.2996,960.61,0.2999,288.086939,960.61,288.086939,
2023-10-07 17:20:00+00:00,0.2999,0.3001,0.2999,0.3001,1065.6,0.3,319.68,1065.6,319.68,
2023-10-07 17:25:00+00:00,0.2998,0.3,0.3,0.2998,400.48,0.2999,120.103952,400.48,120.103952,
2023-10-07 17:30:00+00:00,0.3,0.3002,0.3002,0.3001,184.9,0.300125,55.4931125,184.9,55.4931125,
2023-10-07 17:35:00+00:00,0.3,0.3002,0.3002,0.3001,184.9,0.300125,55.4931125,184.9,55.4931125,
2023-10-07 17:40:00+00:00,0.3002,0.3004,0.3003,0.3002,1643.95,0.300275,493.63708625,1643.95,493.63708625,
2023-10-07 17:45:00+00:00,0.3001,0.3004,0.3002,0.3001,1805.13,0.3002,541.900026,1805.13,541.900026,
2023-10-07 17:50:00+00:00,0.3001,0.3001,0.3001,0.3001,27.76,0.3001,8.330776,27.76,8.330776,
2023-10-07 17:55:00+00:00,0.3,0.3,0.3,0.3,1517.59,0.3,455.277,1517.59,455.277,
2023-10-07 18:00:00+00:00,0.3,0.3,0.3,0.3,1517.59,0.3,455.277,1517.59,455.277,
2023-10-07 18:05:00+00:00,0.2998,0.3001,0.2999,0.2998,1009.76,0.2999,302.827024,1009.76,302.827024,
2023-10-07 18:10:00+00:00,0.2999,0.3002,0.2999,0.3002,266.56,0.30005,79.981328,266.56,79.981328,
2023-10-07 18:15:00+00:00,0.3,0.3002,0.3002,0.3002,765.13,0.30015,229.6537695,765.13,229.6537695,
2023-10-07 18:20:00+00:00,0.3001,0.3003,0.3001,0.3001,11698.73,0.30015,3511.3738095,11698.73,3511.3738095,
2023-10-07 18:25:00+00:00,0.2999,0.3001,0.3001,0.2999,1507.8,0.3,452.34,1507.8,452.34,
2023-10-07 18:30:00+00:00,0.2998,0.2999,0.2999,0.2998,32.43,0.29985,9.7241355,32.43,9.7241355,
2023-10-07 18:35:00+00:00,0.2997,0.2999,0.2999,0.2997,1655.11,0.2998,496.201978,1655.11,496.201978,
2023-10-07 18:40:00+00:00,0.2995,0.2998,0.2996,0.2996,4347.94,0.299625,1302.7515225,4347.94,1302.7515225,
2023-10-07 18:45:00+00:00,0.2993,0.2998,0.2998,0.2996,2209.17,0.299625,661.92256125,2209.17,661.92256125,
2023-10-07 18:50:00+00:00,0.2993,0.2998,0.2998,0.2996,2209.17,0.299625,661.92256125,2209.17,661.92256125,
2023-10-07 18:55:00+00:00,0.2992,0.2995,0.2995,0.2992,1618.78,0.29935,484.581793,1618.78,484.581793,
2023-10-07 19:00:00+00:00,0.299,0.299,0.299,0.299,84.66,0.299,25.31334,84.66,25.31334,
2023-10-07 19:05:00+00:00,0.299,0.299,0.299,0.299,84.66,0.299,25.31334,84.66,25.31334,
2023-10-07 19:10:00+00:00,0.2989,0.2993,0.2989,0.299,9141.58,0.299025,2733.5609595,9141.58,2733.5609595,
2023-10-07 19:15:00+00:00,0.2989,0.2993,0.2989,0.299,9141.58,0.299025,2733.5609595,9141.58,2733.5609595,
2023-10-07 19:20:00+00:00,0.2993,0.2994,0.2993,0.2994,1277.29,0.29935,382.3567615,1277.29,382.3567615,
2023-10-07 19:25:00+00:00,0.2996,0.2997,0.2996,0.2997,1022.52,0.29965,306.398118,1022.52,306.398118,
2023-10-07 19:30:00+00:00,0.2994,0.2998,0.2994,0.2998,1100.0,0.2996,329.56,1100.0,329.56,
2023-10-07 19:35:00+00:00,0.2994,0.2998,0.2994,0.2998,1100.0,0.2996,329.56,1100.0,329.56,
2023-10-07 19:40:00+00:00,0.2993,0.2997,0.2997,0.2993,351.93,0.2995,105.403035,351.93,105.403035,
2023-10-07 19:45:00+00:00,0.2993,0.2997,0.2997,0.2993,351.93,0.2995,105.403035,351.93,105.403035,
2023-10-07 19:50:00+00:00,0.2988,0.299,0.299,0.2988,2059.36,0.2989,615.542704,2059.36,615.542704,
2023-10-07 19:55:00+00:00,0.2987,0.299,0.2988,0.299,8352.23,0.298875,2496.27274125,8352.23,2496.27274125,
2023-10-07 20:00:00+00:00,0.2989,0.2992,0.2989,0.2989,1935.02,0.298975,578.5226045,1935.02,578.5226045,
2023-10-07 20:05:00+00:00,0.299,0.2994,0.2991,0.2994,371.81,0.299225,111.25484725,371.81,111.25484725,
2023-10-07 20:10:00+00:00,0.299,0.2994,0.2991,0.2994,371.81,0.299225,111.25484725,371.81,111.25484725,
2023-10-07 20:15:00+00:00,0.2994,0.2996,0.2994,0.2996,412.73,0.2995,123.612635,412.73,123.612635,
2023-10-07 20:20:00+00:00,0.2995,0.2998,0.2998,0.2995,1015.91,0.29965,304.4174315,1015.91,304.4174315,
2023-10-07 20:25:00+00:00,0.2995,0.2996,0.2995,0.2996,356.04,0.29955,106.651782,356.04,106.651782,
2023-10-07 20:30:00+00:00,0.2993,0.2996,0.2996,0.2993,2393.38,0.29945,716.697641,2393.38,716.697641,
2023-10-07 20:35:00+00:00,0.2994,0.2999,0.2994,0.2999,200.53,0.29965,60.0888145,200.53,60.0888145,
2023-10-07 20:40:00+00:00,0.2994,0.2999,0.2994,0.2999,200.53,0.29965,60.0888145,200.53,60.0888145,
2023-10-07 20:45:00+00:00,0.2998,0.3001,0.3,0.3001,95.35,0.3,28.605,95.35,28.605,
2023-10-07 20:50:00+00:00,0.3,0.3001,0.3001,0.3,470.82,0.30005,141.269541,470.82,141.269541,
2023-10-07 20:55:00+00:00,0.3,0.3001,0.3001,0.3,470.82,0.30005,141.269541,470.82,141.269541,
2023-10-07 21:00:00+00:00,0.3,0.3001,0.3001,0.3,470.82,0.30005,141.269541,470.82,141.269541,
2023-10-07 21:05:00+00:00,0.2998,0.3002,0.3002,0.3002,89781.1,0.3001,26943.30811,89781.1,26943.30811,
2023-10-07 21:10:00+00:00,0.3002,0.3005,0.3003,0.3005,12525.77,0.300375,3762.42816375,12525.77,3762.42816375,
2023-10-07 21:15:00+00:00,0.3005,0.3007,0.3005,0.3007,1695.62,0.3006,509.703372,1695.62,509.703372,
2023-10-07 21:20:00+00:00,0.3005,0.3007,0.3005,0.3007,1695.62,0.3006,509.703372,1695.62,509.703372,
2023-10-07 21:25:00+00:00,0.3005,0.3007,0.3005,0.3007,1695.62,0.3006,509.703372,1695.62,509.703372,
2023-10-07 21:30:00+00:00,0.3006,0.3007,0.3007,0.3006,799.62,0.30065,240.405753,799.62,240.405753,
2023-10-07 21:35:00+00:00,0.3005,0.3007,0.3007,0.3005,101.75,0.3006,30.58605,101.75,30.58605,
2023-10-07 21:40:00+00:00,0.3005,0.3007,0.3007,0.3005,101.75,0.3006,30.58605,101.75,30.58605,
2023-10-07 21:45:00+00:00,0.3007,0.3008,0.3007,0.3008,95.06,0.30075,28.589295,95.06,28.589295,
2023-10-07 21:50:00+00:00,0.3007,0.3008,0.3007,0.3008,95.06,0.30075,28.589295,95.06,28.589295,
2023-10-07 21:55:00+00:00,0.3007,0.3011,0.3008,0.3011,876.53,0.300925,263.76979025,876.53,263.76979025,
2023-10-07 22:00:00+00:00,0.3007,0.3011,0.3008,0.3011,876.53,0.300925,263.76979025,876.53,263.76979025,
2023-10-07 22:05:00+00:00,0.3007,0.3011,0.3008,0.3011,876.53,0.300925,263.76979025,876.53,263.76979025,
2023-10-07 22:10:00+00:00,0.3009,0.3011,0.301,0.3009,3884.64,0.300975,1169.179524,3884.64,1169.179524,
2023-10-07 22:15:00+00:00,0.3011,0.3011,0.3011,0.3011,5667.63,0.3011,1706.523393,5667.63,1706.523393,
2023-10-07 22:20:00+00:00,0.3009,0.3012,0.301,0.3012,5344.16,0.301075,1608.992972,5344.16,1608.992972,
2023-10-07 22:25:00+00:00,0.3009,0.301,0.301,0.3009,285.06,0.30095,85.788807,285.06,85.788807,
2023-10-07 22:30:00+00:00,0.3009,0.301,0.301,0.3009,285.06,0.30095,85.788807,285.06,85.788807,
2023-10-07 22:35:00+00:00,0.3009,0.3012,0.3009,0.3012,1110.7,0.30105,334.376235,1110.7,334.376235,
2023-10-07 22:40:00+00:00,0.3009,0.3012,0.3009,0.3012,1110.7,0.30105,334.376235,1110.7,334.376235,
2023-10-07 22:45:00+00:00,0.3009,0.3013,0.3009,0.3013,97.61,0.3011,29.390371,97.61,29.390371,
2023-10-07 22:50:00+00:00,0.3009,0.3013,0.3009,0.3013,97.61,0.3011,29.390371,97.61,29.390371,
2023-10-07 22:55:00+00:00,0.3009,0.3013,0.3009,0.3013,97.61,0.3011,29.390371,97.61,29.390371,
2023-10-07 23:00:00+00:00,0.3008,0.3012,0.3012,0.3008,2324.66,0.301,699.72266,2324.66,699.72266,
2023-10-07 23:05:00+00:00,0.3009,0.3011,0.301,0.3009,2567.02,0.300975,772.6088445,2567.02,772.6088445,
2023-10-07 23:10:00+00:00,0.3008,0.3009,0.3008,0.3009,345.61,0.30085,103.9767685,345.61,103.9767685,
2023-10-07 23:15:00+00:00,0.3009,0.301,0.301,0.3009,3241.85,0.30095,975.6347575,3241.85,975.6347575,
2023-10-07 23:20:00+00:00,0.3009,0.301,0.301,0.3009,3241.85,0.30095,975.6347575,3241.85,975.6347575,
2023-10-07 23:25:00+00:00,0.3009,0.301,0.301,0.3009,3241.85,0.30095,975.6347575,3241.85,975.6347575,
2023-10-07 23:30:00+00:00,0.3008,0.3008,0.3008,0.3008,38.14,0.3008,11.472512,38.14,11.472512,
2023-10-07 23:35:00+00:00,0.3006,0.3008,0.3006,0.3008,73.23,0.3007,22.020261,73.23,22.020261,
2023-10-07 23:40:00+00:00,0.3006,0.3008,0.3006,0.3008,73.23,0.3007,22.020261,73.23,22.020261,
2023-10-07 23:45:00+00:00,0.3006,0.3008,0.3006,0.3008,73.23,0.3007,22.020261,73.23,22.020261,
2023-10-07 23:50:00+00:00,0.3006,0.3008,0.3006,0.3008,73.23,0.3007,22.020261,73.23,22.020261,
2023-10-07 23:55:00+00:00,0.3006,0.3008,0.3006,0.3008,73.23,0.3007,22.020261,73.23,22.020261,
2023-10-08 00:00:00+00:00,0.3006,0.3008,0.3006,0.3008,73.23,0.3007,22.020261,73.23,22.020261,
2023-10-08 00:05:00+00:00,0.3008,0.301,0.3008,0.301,6.38,0.3009,1.919742,6.38,1.919742,
2023-10-08 00:10:00+00:00,0.3008,0.3011,0.301,0.3008,4109.69,0.300925,1236.70846325,4109.69,1236.70846325,
2023-10-08 00:15:00+00:00,0.3008,0.301,0.3008,0.301,71.25,0.3009,21.439125,71.25,21.439125,
2023-10-08 00:20:00+00:00,0.301,0.301,0.301,0.301,243.97,0.301,73.43497,243.97,73.43497,
2023-10-08 00:25:00+00:00,0.301,0.301,0.301,0.301,243.97,0.301,73.43497,243.97,73.43497,
2023-10-08 00:30:00+00:00,0.301,0.301,0.301,0.301,243.97,0.301,73.43497,243.97,73.43497,
2023-10-08 00:35:00+00:00,0.3006,0.3009,0.3009,0.3007,7380.91,0.300775,2219.99320525,7380.91,2219.99320525,
2023-10-08 00:40:00+00:00,0.3011,0.3013,0.3011,0.3013,881.92,0.3012,265.634304,881.92,265.634304,
2023-10-08 00:45:00+00:00,0.3014,0.3015,0.3014,0.3015,3447.89,0.30145,1039.3664405,3447.89,1039.3664405,
2023-10-08 00:50:00+00:00,0.3014,0.3015,0.3014,0.3015,3447.89,0.30145,1039.3664405,3447.89,1039.3664405,
2023-10-08 00:55:00+00:00,0.3011,0.3015,0.3015,0.3011,1950.39,0.3013,587.652507,1950.39,587.652507,
2023-10-08 01:00:00+00:00,0.3008,0.3011,0.3011,0.3008,173.94,0.30095,52.347243,173.94,52.347243,
2023-10-08 01:05:00+00:00,0.3005,0.3006,0.3006,0.3006,2544.12,0.300575,764.698869,2544.12,764.698869,
2023-10-08 01:10:00+00:00,0.3005,0.3006,0.3006,0.3006,2544.12,0.300575,764.698869,2544.12,764.698869,
2023-10-08 01:15:00+00:00,0.3003,0.3004,0.3003,0.3003,184.75,0.300325,55.48504375,184.75,55.48504375,
2023-10-08 01:20:00+00:00,0.3001,0.3005,0.3002,0.3005,86.71,0.300325,26.04118075,86.71,26.04118075,
2023-10-08 01:25:00+00:00,0.3001,0.3005,0.3002,0.3005,86.71,0.300325,26.04118075,86.71,26.04118075,
2023-10-08 01:30:00+00:00,0.3001,0.3005,0.3002,0.3005,86.71,0.300325,26.04118075,86.71,26.04118075,
2023-10-08 01:35:00+00:00,0.3005,0.3012,0.3005,0.3008,1987.51,0.30075,597.7436325,1987.51,597.7436325,
2023-10-08 01:40:00+00:00,0.3005,0.3012,0.3005,0.3008,1987.51,0.30075,597.7436325,1987.51,597.7436325,
2023-10-08 01:45:00+00:00,0.3009,0.3011,0.3009,0.301,156.09,0.300975,46.97918775,156.09,46.97918775,
2023-10-08 01:50:00+00:00,0.301,0.301,0.301,0.301,3.12,0.301,0.93912,3.12,0.93912,
2023-10-08 01:55:00+00:00,0.301,0.3011,0.301,0.3011,148.18,0.30105,44.609589,148.18,44.609589,
2023-10-08 02:00:00+00:00,0.3011,0.3013,0.3011,0.3013,890.99,0.3012,268.366188,890.99,268.366188,
2023-10-08 02:05:00+00:00,0.3011,0.3013,0.3011,0.3013,890.99,0.3012,268.366188,890.99,268.366188,
2023-10-08 02:10:00+00:00,0.3012,0.3014,0.3014,0.3012,978.8,0.3013,294.91244,978.8,294.91244,
2023-10-08 02:15:00+00:00,0.3012,0.3013,0.3012,0.3013,540.19,0.30125,162.7322375,540.19,162.7322375,
2023-10-08 02:20:00+00:00,0.3012,0.3013,0.3012,0.3013,540.19,0.30125,162.7322375,540.19,162.7322375,
2023-10-08 02:25:00+00:00,0.3012,0.3013,0.3012,0.3013,540.19,0.30125,162.7322375,540.19,162.7322375,
2023-10-08 02:30:00+00:00,0.301,0.3011,0.3011,0.3011,18173.34,0.301075,5471.5383405,18173.34,5471.5383405,
2023-10-08 02:35:00+00:00,0.301,0.3011,0.3011,0.3011,18173.34,0.301075,5471.5383405,18173.34,5471.5383405,
2023-10-08 02:40:00+00:00,0.3005,0.3008,0.3008,0.3005,732.42,0.30065,220.202073,732.42,220.202073,
2023-10-08 02:45:00+00:00,0.3005,0.3008,0.3008,0.3005,732.42,0.30065,220.202073,732.42,220.202073,
2023-10-08 02:50:00+00:00,0.3005,0.3008,0.3008,0.3005,732.42,0.30065,220.202073,732.42,220.202073,
2023-10-08 02:55:00+00:00,0.3003,0.3008,0.3007,0.3003,2383.76,0.300525,716.379474,2383.76,716.379474,
2023-10-08 03:00:00+00:00,0.3004,0.3005,0.3005,0.3004,526.83,0.30045,158.2860735,526.83,158.2860735,
2023-10-08 03:05:00+00:00,0.3004,0.3005,0.3005,0.3004,526.83,0.30045,158.2860735,526.83,158.2860735,
2023-10-08 03:10:00+00:00,0.3004,0.3005,0.3005,0.3004,526.83,0.30045,158.2860735,526.83,158.2860735,
2023-10-08 03:15:00+00:00,0.3005,0.3008,0.3006,0.3008,4154.01,0.300675,1249.00695675,4154.01,1249.00695675,
2023-10-08 03:20:00+00:00,0.3005,0.3006,0.3005,0.3006,244.04,0.30055,73.346222,244.04,73.346222,
2023-10-08 03:25:00+00:00,0.3005,0.3006,0.3005,0.3006,244.04,0.30055,73.346222,244.04,73.346222,
2023-10-08 03:30:00+00:00,0.3005,0.3006,0.3005,0.3006,244.04,0.30055,73.346222,244.04,73.346222,
2023-10-08 03:35:00+00:00,0.3005,0.3006,0.3005,0.3006,244.04,0.30055,73.346222,244.04,73.346222,
2023-10-08 03:40:00+00:00,0.3005,0.3006,0.3005,0.3006,244.04,0.30055,73.346222,244.04,73.346222,
2023-10-08 03:45:00+00:00,0.3008,0.3009,0.3008,0.3009,180.32,0.30085,54.249272,180.32,54.249272,
2023-10-08 03:50:00+00:00,0.3008,0.3009,0.3008,0.3009,180.32,0.30085,54.249272,180.32,54.249272,
2023-10-08 03:55:00+00:00,0.3006,0.301,0.301,0.3006,950.71,0.3008,285.973568,950.71,285.973568,
2023-10-08 04:00:00+00:00,0.3006,0.301,0.301,0.3006,950.71,0.3008,285.973568,950.71,285.973568,
2023-10-08 04:05:00+00:00,0.3002,0.3005,0.3005,0.3002,150.42,0.30035,45.178647,150.42,45.178647,
2023-10-08 04:10:00+00:00,0.3001,0.3005,0.3004,0.3001,9029.64,0.300275,2711.375151,9029.64,2711.375151,
2023-10-08 04:15:00+00:00,0.3001,0.3005,0.3004,0.3001,9029.64,0.300275,2711.375151,9029.64,2711.375151,
2023-10-08 04:20:00+00:00,0.3001,0.3005,0.3004,0.3001,9029.64,0.300275,2711.375151,9029.64,2711.375151,
2023-10-08 04:25:00+00:00,0.3,0.3001,0.3,0.3001,361.52,0.30005,108.474076,361.52,108.474076,
2023-10-08 04:30:00+00:00,0.2999,0.3002,0.3002,0.2999,390.37,0.30005,117.1305185,390.37,117.1305185,
2023-10-08 04:35:00+00:00,0.2999,0.3002,0.3002,0.2999,390.37,0.30005,117.1305185,390.37,117.1305185,
2023-10-08 04:40:00+00:00,0.2996,0.3001,0.3001,0.2996,2249.62,0.29985,674.548557,2249.62,674.548557,
2023-10-08 04:45:00+00:00,0.2993,0.2995,0.2995,0.2993,86.34,0.2994,25.850196,86.34,25.850196,
2023-10-08 04:50:00+00:00,0.2991,0.2996,0.2991,0.2996,114.81,0.29935,34.3683735,114.81,34.3683735,
2023-10-08 04:55:00+00:00,0.2992,0.2994,0.2993,0.2994,1120.64,0.299325,335.435568,1120.64,335.435568,
2023-10-08 05:00:00+00:00,0.2993,0.2994,0.2993,0.2994,36.23,0.29935,10.8454505,36.23,10.8454505,
2023-10-08 05:05:00+00:00,0.2993,0.2994,0.2993,0.2994,36.23,0.29935,10.8454505,36.23,10.8454505,
2023-10-08 05:10:00+00:00,0.2993,0.2994,0.2993,0.2994,36.23,0.29935,10.8454505,36.23,10.8454505,
2023-10-08 05:15:00+00:00,0.2993,0.2994,0.2993,0.2994,36.23,0.29935,10.8454505,36.23,10.8454505,
2023-10-08 05:20:00+00:00,0.2992,0.2994,0.2994,0.2992,4255.67,0.2993,1273.722031,4255.67,1273.722031,
2023-10-08 05:25:00+00:00,0.2984,0.299,0.299,0.2986,392.32,0.29875,117.2056,392.32,117.2056,
2023-10-08 05:30:00+00:00,0.2979,0.2982,0.2982,0.2981,586.21,0.2981,174.749201,586.21,174.749201,
2023-10-08 05:35:00+00:00,0.2984,0.2985,0.2984,0.2985,833.35,0.29845,248.7133075,833.35,248.7133075,
2023-10-08 05:40:00+00:00,0.2985,0.2985,0.2985,0.2985,249.87,0.2985,74.586195,249.87,74.586195,
2023-10-08 05:45:00+00:00,0.2985,0.2985,0.2985,0.2985,249.87,0.2985,74.586195,249.87,74.586195,
2023-10-08 05:50:00+00:00,0.2986,0.2987,0.2987,0.2986,430.5,0.29865,128.568825,430.5,128.568825,
2023-10-08 05:55:00+00:00,0.2987,0.2988,0.2988,0.2987,588.32,0.29875,175.7606,588.32,175.7606,
2023-10-08 06:00:00+00:00,0.2987,0.2988,0.2988,0.2987,588.32,0.29875,175.7606,588.32,175.7606,
2023-10-08 06:05:00+00:00,0.2988,0.2993,0.2988,0.2993,3051.15,0.29905,912.4464075,3051.15,912.4464075,
2023-10-08 06:10:00+00:00,0.2988,0.2993,0.2988,0.2993,3051.15,0.29905,912.4464075,3051.15,912.4464075,
2023-10-08 06:15:00+00:00,0.2988,0.2993,0.2988,0.2993,3051.15,0.29905,912.4464075,3051.15,912.4464075,
2023-10-08 06:20:00+00:00,0.2988,0.2993,0.2988,0.2993,3051.15,0.29905,912.4464075,3051.15,912.4464075,
2023-10-08 06:25:00+00:00,0.2991,0.2993,0.2993,0.2991,1094.0,0.2992,327.3248,1094.0,327.3248,
2023-10-08 06:30:00+00:00,0.2989,0.2993,0.2993,0.2989,5328.69,0.2991,1593.811179,5328.69,1593.811179,
2023-10-08 06:35:00+00:00,0.2989,0.2993,0.2993,0.2989,5328.69,0.2991,1593.811179,5328.69,1593.811179,
2023-10-08 06:40:00+00:00,0.2989,0.2993,0.2993,0.2989,5328.69,0.2991,1593.811179,5328.69,1593.811179,
2023-10-08 06:45:00+00:00,0.2978,0.2987,0.2987,0.298,991.44,0.2983,295.746552,991.44,295.746552,
2023-10-08 06:50:00+00:00,0.2979,0.2982,0.298,0.2982,190.24,0.298075,56.705788,190.24,56.705788,
2023-10-08 06:55:00+00:00,0.2979,0.2982,0.298,0.2982,190.24,0.298075,56.705788,190.24,56.705788,
2023-10-08 07:00:00+00:00,0.2979,0.2982,0.298,0.2982,190.24,0.298075,56.705788,190.24,56.705788,
2023-10-08 07:05:00+00:00,0.2984,0.2984,0.2984,0.2984,34.76,0.2984,10.372384,34.76,10.372384,
2023-10-08 07:10:00+00:00,0.2982,0.2985,0.2982,0.2985,87.01,0.29835,25.9594335,87.01,25.9594335,
2023-10-08 07:15:00+00:00,0.2982,0.2985,0.2982,0.2985,87.01,0.29835,25.9594335,87.01,25.9594335,
2023-10-08 07:20:00+00:00,0.2982,0.2985,0.2982,0.2985,87.01,0.29835,25.9594335,87.01,25.9594335,
2023-10-08 07:25:00+00:00,0.2983,0.2987,0.2983,0.2987,89.57,0.2985,26.736645,89.57,26.736645,
2023-10-08 07:30:00+00:00,0.2983,0.2987,0.2983,0.2987,89.57,0.2985,26.736645,89.57,26.736645,
2023-10-08 07:35:00+00:00,0.2987,0.2987,0.2987,0.2987,53.25,0.2987,15.905775,53.25,15.905775,
2023-10-08 07:40:00+00:00,0.2989,0.299,0.2989,0.299,136.02,0.29895,40.663179,136.02,40.663179,
2023-10-08 07:45:00+00:00,0.2989,0.2992,0.2992,0.2989,20.12,0.29905,6.016886,20.12,6.016886,
2023-10-08 07:50:00+00:00,0.2989,0.2992,0.2992,0.2989,20.12,0.29905,6.016886,20.12,6.016886,
2023-10-08 07:55:00+00:00,0.2989,0.2992,0.2992,0.2989,20.12,0.29905,6.016886,20.12,6.016886,
2023-10-08 08:00:00+00:00,0.2989,0.2993,0.299,0.2993,595.39,0.299125,178.09603375,595.39,178.09603375,
2023-10-08 08:05:00+00:00,0.2989,0.299,0.299,0.2989,91.01,0.29895,27.2074395,91.01,27.2074395,
2023-10-08 08:10:00+00:00,0.2988,0.2992,0.2991,0.2992,2301.03,0.299075,688.18054725,2301.03,688.18054725,
2023-10-08 08:15:00+00:00,0.2991,0.2993,0.2991,0.2993,614.43,0.2992,183.837456,614.43,183.837456,
2023-10-08 08:20:00+00:00,0.2993,0.2996,0.2993,0.2994,9738.69,0.2994,2915.763786,9738.69,2915.763786,
2023-10-08 08:25:00+00:00,0.2993,0.2996,0.2993,0.2994,9738.69,0.2994,2915.763786,9738.69,2915.763786,
2023-10-08 08:30:00+00:00,0.299,0.2993,0.2993,0.299,502.33,0.29915,150.2720195,502.33,150.2720195,
2023-10-08 08:35:00+00:00,0.299,0.2993,0.2993,0.299,502.33,0.29915,150.2720195,502.33,150.2720195,
2023-10-08 08:40:00+00:00,0.299,0.2993,0.2993,0.299,502.33,0.29915,150.2720195,502.33,150.2720195,
2023-10-08 08:45:00+00:00,0.299,0.2992,0.2992,0.299,371.16,0.2991,111.013956,371.16,111.013956,
2023-10-08 08:50:00+00:00,0.299,0.299,0.299,0.299,356.19,0.299,106.50081,356.19,106.50081,
2023-10-08 08:55:00+00:00,0.299,0.299,0.299,0.299,356.19,0.299,106.50081,356.19,106.50081,
2023-10-08 09:00:00+00:00,0.299,0.2993,0.2993,0.299,481.25,0.29915,143.9659375,481.25,143.9659375,
2023-10-08 09:05:00+00:00,0.299,0.2993,0.2993,0.299,481.25,0.29915,143.9659375,481.25,143.9659375,
2023-10-08 09:10:00+00:00,0.299,0.2993,0.2993,0.299,481.25,0.29915,143.9659375,481.25,143.9659375,
2023-10-08 09:15:00+00:00,0.299,0.2993,0.2993,0.299,481.25,0.29915,143.9659375,481.25,143.9659375,
2023-10-08 09:20:00+00:00,0.2985,0.2987,0.2987,0.2985,2417.03,0.2986,721.725158,2417.03,721.725158,
2023-10-08 09:25:00+00:00,0.2985,0.2987,0.2987,0.2985,2417.03,0.2986,721.725158,2417.03,721.725158,
2023-10-08 09:30:00+00:00,0.2985,0.2987,0.2985,0.2987,2856.21,0.2986,852.864306,2856.21,852.864306,
2023-10-08 09:35:00+00:00,0.2985,0.2987,0.2985,0.2987,2856.21,0.2986,852.864306,2856.21,852.864306,
2023-10-08 09:40:00+00:00,0.2986,0.2992,0.2986,0.2992,3903.84,0.2989,1166.857776,3903.84,1166.857776,
2023-10-08 09:45:00+00:00,0.2988,0.299,0.299,0.2988,260.56,0.2989,77.881384,260.56,77.881384,
2023-10-08 09:50:00+00:00,0.2987,0.299,0.2987,0.2987,2389.11,0.298775,713.80634025,2389.11,713.80634025,
2023-10-08 09:55:00+00:00,0.2987,0.299,0.2987,0.2987,2389.11,0.298775,713.80634025,2389.11,713.80634025,
2023-10-08 10:00:00+00:00,0.2985,0.299,0.2985,0.299,1236.37,0.29875,369.3655375,1236.37,369.3655375,
2023-10-08 10:05:00+00:00,0.2989,0.2991,0.2989,0.2991,2923.58,0.299,874.15042,2923.58,874.15042,
2023-10-08 10:10:00+00:00,0.2989,0.2991,0.2989,0.2991,2923.58,0.299,874.15042,2923.58,874.15042,
2023-10-08 10:15:00+00:00,0.2989,0.2991,0.2989,0.2991,2923.58,0.299,874.15042,2923.58,874.15042,
2023-10-08 10:20:00+00:00,0.2988,0.2989,0.2988,0.2989,13.43,0.29885,4.0135555,13.43,4.0135555,
2023-10-08 10:25:00+00:00,0.2987,0.299,0.299,0.2987,3049.68,0.29885,911.396868,3049.68,911.396868,
2023-10-08 10:30:00+00:00,0.2987,0.299,0.299,0.2987,3049.68,0.29885,911.396868,3049.68,911.396868,
2023-10-08 10:35:00+00:00,0.2985,0.2986,0.2986,0.2985,1498.51,0.29855,447.3801605,1498.51,447.3801605,
2023-10-08 10:40:00+00:00,0.2985,0.2986,0.2985,0.2986,1816.36,0.29855,542.274278,1816.36,542.274278,
2023-10-08 10:45:00+00:00,0.2967,0.2982,0.2982,0.297,2503.21,0.297525,744.76755525,2503.21,744.76755525,
2023-10-08 10:50:00+00:00,0.2972,0.2977,0.2972,0.2977,1494.96,0.29745,444.675852,1494.96,444.675852,
2023-10-08 10:55:00+00:00,0.2972,0.2977,0.2972,0.2977,1494.96,0.29745,444.675852,1494.96,444.675852,
2023-10-08 11:00:00+00:00,0.2972,0.2976,0.2973,0.2973,562.47,0.29735,167.2504545,562.47,167.2504545,
2023-10-08 11:05:00+00:00,0.2972,0.2976,0.2973,0.2973,562.47,0.29735,167.2504545,562.47,167.2504545,
2023-10-08 11:10:00+00:00,0.2972,0.2976,0.2973,0.2973,562.47,0.29735,167.2504545,562.47,167.2504545,
2023-10-08 11:15:00+00:00,0.2973,0.2976,0.2974,0.2976,106.5,0.297475,31.6810875,106.5,31.6810875,
2023-10-08 11:20:00+00:00,0.2972,0.2973,0.2973,0.2972,1438.84,0.29725,427.69519,1438.84,427.69519,
2023-10-08 11:25:00+00:00,0.2974,0.2977,0.2974,0.2977,5571.63,0.29755,1657.8385065,5571.63,1657.8385065,
2023-10-08 11:30:00+00:00,0.2973,0.2975,0.2973,0.2974,3279.49,0.297375,975.23833875,3279.49,975.23833875,
2023-10-08 11:35:00+00:00,0.297,0.2975,0.2974,0.2972,1838.99,0.297275,546.68575225,1838.99,546.68575225,
2023-10-08 11:40:00+00:00,0.297,0.2975,0.2974,0.2972,1838.99,0.297275,546.68575225,1838.99,546.68575225,
2023-10-08 11:45:00+00:00,0.297,0.2971,0.2971,0.2971,1269.24,0.297075,377.059473,1269.24,377.059473,
2023-10-08 11:50:00+00:00,0.297,0.2971,0.2971,0.297,1345.77,0.29705,399.7609785,1345.77,399.7609785,
2023-10-08 11:55:00+00:00,0.297,0.2971,0.297,0.297,3888.06,0.297025,1154.8510215,3888.06,1154.8510215,
2023-10-08 12:00:00+00:00,0.297,0.2971,0.297,0.297,3888.06,0.297025,1154.8510215,3888.06,1154.8510215,
2023-10-08 12:05:00+00:00,0.297,0.297,0.297,0.297,20.41,0.297,6.06177,20.41,6.06177,
2023-10-08 12:10:00+00:00,0.297,0.297,0.297,0.297,20.41,0.297,6.06177,20.41,6.06177,
2023-10-08 12:15:00+00:00,0.2971,0.2974,0.2971,0.2974,3993.13,0.29725,1186.9578925,3993.13,1186.9578925,
2023-10-08 12:20:00+00:00,0.2971,0.2974,0.2974,0.2971,494.5,0.29725,146.990125,494.5,146.990125,
2023-10-08 12:25:00+00:00,0.2971,0.2974,0.2974,0.2971,494.5,0.29725,146.990125,494.5,146.990125,
2023-10-08 12:30:00+00:00,0.2972,0.2976,0.2972,0.2973,2447.71,0.297325,727.76537575,2447.71,727.76537575,
2023-10-08 12:35:00+00:00,0.2972,0.2975,0.2973,0.2972,63.71,0.2973,18.940983,63.71,18.940983,
2023-10-08 12:40:00+00:00,0.297,0.2971,0.297,0.2971,25.19,0.29705,7.4826895,25.19,7.4826895,
2023-10-08 12:45:00+00:00,0.2972,0.2973,0.2973,0.2973,400.64,0.297275,119.100256,400.64,119.100256,
2023-10-08 12:50:00+00:00,0.297,0.2974,0.2974,0.297,279.17,0.2972,82.969324,279.17,82.969324,
2023-10-08 12:55:00+00:00,0.2968,0.297,0.2969,0.2968,2486.19,0.296875,738.08765625,2486.19,738.08765625,
2023-10-08 13:00:00+00:00,0.2968,0.297,0.2969,0.2968,2486.19,0.296875,738.08765625,2486.19,738.08765625,
2023-10-08 13:05:00+00:00,0.2964,0.2969,0.2969,0.2964,1343.19,0.29665,398.4573135,1343.19,398.4573135,
2023-10-08 13:10:00+00:00,0.296,0.2964,0.2964,0.2962,1639.56,0.29625,485.71965,1639.56,485.71965,
2023-10-08 13:15:00+00:00,0.2964,0.2971,0.2964,0.297,1670.31,0.296725,495.62273475,1670.31,495.62273475,
2023-10-08 13:20:00+00:00,0.2971,0.2973,0.2973,0.2971,404.55,0.2972,120.23226,404.55,120.23226,
2023-10-08 13:25:00+00:00,0.2971,0.2973,0.2973,0.2971,404.55,0.2972,120.23226,404.55,120.23226,
2023-10-08 13:30:00+00:00,0.2973,0.2974,0.2973,0.2974,1396.4,0.29735,415.21954,1396.4,415.21954,
2023-10-08 13:35:00+00:00,0.2976,0.2979,0.2976,0.2979,167.94,0.29775,50.004135,167.94,50.004135,
2023-10-08 13:40:00+00:00,0.298,0.2982,0.298,0.298,4122.38,0.29805,1228.675359,4122.38,1228.675359,
2023-10-08 13:45:00+00:00,0.298,0.2985,0.298,0.2982,6163.36,0.298175,1837.759868,6163.36,1837.759868,
2023-10-08 13:50:00+00:00,0.2973,0.2979,0.2979,0.2973,706.2,0.2976,210.16512,706.2,210.16512,
2023-10-08 13:55:00+00:00,0.2972,0.2975,0.2972,0.2975,19.31,0.29735,5.7418285,19.31,5.7418285,
2023-10-08 14:00:00+00:00,0.2976,0.2979,0.2976,0.2979,276.76,0.29775,82.40529,276.76,82.40529,
2023-10-08 14:05:00+00:00,0.2976,0.2979,0.2976,0.2979,276.76,0.29775,82.40529,276.76,82.40529,
2023-10-08 14:10:00+00:00,0.2973,0.2977,0.2977,0.2973,731.1,0.2975,217.50225,731.1,217.50225,
2023-10-08 14:15:00+00:00,0.2972,0.2976,0.2972,0.2976,104.78,0.2974,31.161572,104.78,31.161572,
2023-10-08 14:20:00+00:00,0.2972,0.2976,0.2972,0.2976,104.78,0.2974,31.161572,104.78,31.161572,
2023-10-08 14:25:00+00:00,0.2975,0.298,0.2975,0.298,96295.1,0.29775,28671.866025,96295.1,28671.866025,
2023-10-08 14:30:00+00:00,0.298,0.2985,0.298,0.2985,167.69,0.29825,50.0135425,167.69,50.0135425,
2023-10-08 14:35:00+00:00,0.2985,0.2987,0.2987,0.2987,251.16,0.29865,75.008934,251.16,75.008934,
2023-10-08 14:40:00+00:00,0.2989,0.299,0.299,0.2989,2946.09,0.29895,880.7336055,2946.09,880.7336055,
2023-10-08 14:45:00+00:00,0.2987,0.2989,0.2989,0.2987,13668.64,0.2988,4084.189632,13668.64,4084.189632,
2023-10-08 14:50:00+00:00,0.2986,0.2988,0.2987,0.2988,6299.58,0.298725,1881.8420355,6299.58,1881.8420355,
2023-10-08 14:55:00+00:00,0.2987,0.299,0.2989,0.2987,836.47,0.298825,249.95814775,836.47,249.95814775,
2023-10-08 15:00:00+00:00,0.2988,0.2991,0.2988,0.2991,1989.67,0.29895,594.8118465,1989.67,594.8118465,
2023-10-08 15:05:00+00:00,0.2988,0.2991,0.2988,0.2991,1989.67,0.29895,594.8118465,1989.67,594.8118465,
2023-10-08 15:10:00+00:00,0.2988,0.2991,0.2988,0.2991,1989.67,0.29895,594.8118465,1989.67,594.8118465,
2023-10-08 15:15:00+00:00,0.2985,0.299,0.299,0.2985,26066.49,0.29875,7787.3638875,26066.49,7787.3638875,
2023-10-08 15:20:00+00:00,0.2982,0.2987,0.2982,0.2987,2383.71,0.29845,711.4182495,2383.71,711.4182495,
2023-10-08 15:25:00+00:00,0.2982,0.2987,0.2982,0.2987,2383.71,0.29845,711.4182495,2383.71,711.4182495,
2023-10-08 15:30:00+00:00,0.2982,0.2985,0.2985,0.2985,2152.23,0.298425,642.27923775,2152.23,642.27923775,
2023-10-08 15:35:00+00:00,0.2982,0.2987,0.2984,0.2982,21628.57,0.298375,6453.42457375,21628.57,6453.42457375,
2023-10-08 15:40:00+00:00,0.2982,0.2987,0.2984,0.2982,21628.57,0.298375,6453.42457375,21628.57,6453.42457375,
2023-10-08 15:45:00+00:00,0.2981,0.2985,0.2985,0.2985,849.49,0.2984,253.487816,849.49,253.487816,
2023-10-08 15:50:00+00:00,0.2981,0.2985,0.2985,0.2985,849.49,0.2984,253.487816,849.49,253.487816,
2023-10-08 15:55:00+00:00,0.2985,0.299,0.2985,0.299,170.49,0.29875,50.9338875,170.49,50.9338875,
2023-10-08 16:00:00+00:00,0.2985,0.299,0.2985,0.299,170.49,0.29875,50.9338875,170.49,50.9338875,
2023-10-08 16:05:00+00:00,0.2992,0.2996,0.2993,0.2996,1994.37,0.299425,597.16423725,1994.37,597.16423725,
2023-10-08 16:10:00+00:00,0.2993,0.2997,0.2997,0.2996,170.44,0.299575,51.059563,170.44,51.059563,
2023-10-08 16:15:00+00:00,0.2996,0.2997,0.2997,0.2996,154.86,0.29965,46.403799,154.86,46.403799,
2023-10-08 16:20:00+00:00,0.2986,0.2996,0.2996,0.2986,16644.07,0.2991,4978.241337,16644.07,4978.241337,
2023-10-08 16:25:00+00:00,0.2986,0.299,0.2986,0.299,3250.53,0.2988,971.258364,3250.53,971.258364,
2023-10-08 16:30:00+00:00,0.299,0.2993,0.299,0.2992,1481.1,0.299125,443.0340375,1481.1,443.0340375,
2023-10-08 16:35:00+00:00,0.2985,0.299,0.299,0.2985,586.9,0.29875,175.336375,586.9,175.336375,
2023-10-08 16:40:00+00:00,0.2987,0.299,0.2987,0.2987,251.02,0.298775,74.9985005,251.02,74.9985005,
2023-10-08 16:45:00+00:00,0.2985,0.2988,0.2985,0.2988,319.05,0.29865,95.2842825,319.05,95.2842825,
2023-10-08 16:50:00+00:00,0.2985,0.2989,0.2989,0.2987,178.45,0.29875,53.3119375,178.45,53.3119375,
2023-10-08 16:55:00+00:00,0.2987,0.2987,0.2987,0.2987,7425.14,0.2987,2217.889318,7425.14,2217.889318,
2023-10-08 17:00:00+00:00,0.299,0.299,0.299,0.299,86.52,0.299,25.86948,86.52,25.86948,
2023-10-08 17:05:00+00:00,0.2987,0.2991,0.2991,0.2987,242.61,0.2989,72.516129,242.61,72.516129,
2023-10-08 17:10:00+00:00,0.2987,0.2991,0.2991,0.2987,242.61,0.2989,72.516129,242.61,72.516129,
2023-10-08 17:15:00+00:00,0.2987,0.2991,0.2991,0.2987,242.61,0.2989,72.516129,242.61,72.516129,
2023-10-08 17:20:00+00:00,0.2982,0.2985,0.2985,0.2982,3768.79,0.29835,1124.4184965,3768.79,1124.4184965,
2023-10-08 17:25:00+00:00,0.2985,0.2992,0.2985,0.2992,3369.19,0.29885,1006.8824315,3369.19,1006.8824315,
2023-10-08 17:30:00+00:00,0.2985,0.2992,0.2985,0.2992,3369.19,0.29885,1006.8824315,3369.19,1006.8824315,
2023-10-08 17:35:00+00:00,0.2988,0.299,0.2988,0.299,11.01,0.2989,3.290889,11.01,3.290889,
2023-10-08 17:40:00+00:00,0.299,0.2994,0.299,0.2994,93.32,0.2992,27.921344,93.32,27.921344,
2023-10-08 17:45:00+00:00,0.299,0.2994,0.299,0.2994,93.32,0.2992,27.921344,93.32,27.921344,
2023-10-08 17:50:00+00:00,0.2987,0.2992,0.2992,0.2987,1672.04,0.29895,499.856358,1672.04,499.856358,
2023-10-08 17:55:00+00:00,0.2987,0.2992,0.2992,0.2987,1672.04,0.29895,499.856358,1672.04,499.856358,
2023-10-08 18:00:00+00:00,0.2987,0.2992,0.2992,0.2987,1672.04,0.29895,499.856358,1672.04,499.856358,
2023-10-08 18:05:00+00:00,0.2981,0.2987,0.2985,0.2981,98167.46,0.29835,29288.261691,98167.46,29288.261691,
2023-10-08 18:10:00+00:00,0.2983,0.2985,0.2985,0.2983,10337.83,0.2984,3084.808472,10337.83,3084.808472,
2023-10-08 18:15:00+00:00,0.298,0.2983,0.2983,0.2983,10200.61,0.298225,3042.07691725,10200.61,3042.07691725,
2023-10-08 18:20:00+00:00,0.2983,0.2984,0.2984,0.2983,323.82,0.29835,96.611697,323.82,96.611697,
2023-10-08 18:25:00+00:00,0.2983,0.2984,0.2984,0.2983,323.82,0.29835,96.611697,323.82,96.611697,
2023-10-08 18:30:00+00:00,0.2982,0.2982,0.2982,0.2982,322.1,0.2982,96.05022,322.1,96.05022,
2023-10-08 18:35:00+00:00,0.2983,0.2985,0.2983,0.2985,148.83,0.2984,44.410872,148.83,44.410872,
2023-10-08 18:40:00+00:00,0.2983,0.2985,0.2983,0.2985,148.83,0.2984,44.410872,148.83,44.410872,
2023-10-08 18:45:00+00:00,0.2985,0.2987,0.2985,0.2987,698.65,0.2986,208.61689,698.65,208.61689,
2023-10-08 18:50:00+00:00,0.2985,0.2987,0.2985,0.2987,698.65,0.2986,208.61689,698.65,208.61689,
2023-10-08 18:55:00+00:00,0.2985,0.299,0.2987,0.299,4845.66,0.2988,1447.883208,4845.66,1447.883208,
2023-10-08 19:00:00+00:00,0.299,0.2994,0.299,0.2994,830.41,0.2992,248.458672,830.41,248.458672,
2023-10-08 19:05:00+00:00,0.299,0.2993,0.299,0.2993,924.99,0.29915,276.7107585,924.99,276.7107585,
2023-10-08 19:10:00+00:00,0.2992,0.2992,0.2992,0.2992,1011.9,0.2992,302.76048,1011.9,302.76048,
2023-10-08 19:15:00+00:00,0.2993,0.2996,0.2993,0.2996,26.54,0.29945,7.947403,26.54,7.947403,
2023-10-08 19:20:00+00:00,0.2993,0.2996,0.2993,0.2996,26.54,0.29945,7.947403,26.54,7.947403,
2023-10-08 19:25:00+00:00,0.2993,0.2996,0.2993,0.2996,26.54,0.29945,7.947403,26.54,7.947403,
2023-10-08 19:30:00+00:00,0.2995,0.2996,0.2996,0.2996,621.36,0.299575,186.143922,621.36,186.143922,
2023-10-08 19:35:00+00:00,0.2995,0.2997,0.2996,0.2995,895.7,0.299575,268.3293275,895.7,268.3293275,
2023-10-08 19:40:00+00:00,0.2995,0.2997,0.2996,0.2995,895.7,0.299575,268.3293275,895.7,268.3293275,
2023-10-08 19:45:00+00:00,0.2993,0.2996,0.2993,0.2996,1087.63,0.29945,325.6908035,1087.63,325.6908035,
2023-10-08 19:50:00+00:00,0.2993,0.2996,0.2993,0.2996,1087.63,0.29945,325.6908035,1087.63,325.6908035,
2023-10-08 19:55:00+00:00,0.2993,0.2996,0.2993,0.2996,1087.63,0.29945,325.6908035,1087.63,325.6908035,
2023-10-08 20:00:00+00:00,0.2996,0.2997,0.2996,0.2996,113.23,0.299625,33.92653875,113.23,33.92653875,
2023-10-08 20:05:00+00:00,0.2991,0.2996,0.2996,0.2991,744.32,0.29935,222.812192,744.32,222.812192,
2023-10-08 20:10:00+00:00,0.2991,0.2996,0.2996,0.2991,744.32,0.29935,222.812192,744.32,222.812192,
2023-10-08 20:15:00+00:00,0.2992,0.2994,0.2994,0.2992,442.49,0.2993,132.437257,442.49,132.437257,
2023-10-08 20:20:00+00:00,0.2992,0.2994,0.2994,0.2992,442.49,0.2993,132.437257,442.49,132.437257,
2023-10-08 20:25:00+00:00,0.2992,0.2995,0.2994,0.2995,711.38,0.2994,212.987172,711.38,212.987172,
2023-10-08 20:30:00+00:00,0.2993,0.2996,0.2993,0.2996,86.74,0.29945,25.974293,86.74,25.974293,
2023-10-08 20:35:00+00:00,0.2998,0.2999,0.2998,0.2999,85.92,0.29985,25.763112,85.92,25.763112,
2023-10-08 20:40:00+00:00,0.2998,0.2999,0.2998,0.2999,85.92,0.29985,25.763112,85.92,25.763112,
2023-10-08 20:45:00+00:00,0.2999,0.3,0.2999,0.3,76.76,0.29995,23.024162,76.76,23.024162,
2023-10-08 20:50:00+00:00,0.2998,0.3,0.2998,0.3,120.59,0.2999,36.164941,120.59,36.164941,
2023-10-08 20:55:00+00:00,0.2998,0.3,0.2998,0.3,120.59,0.2999,36.164941,120.59,36.164941,
2023-10-08 21:00:00+00:00,0.3002,0.3003,0.3002,0.3003,247.83,0.30025,74.4109575,247.83,74.4109575,
2023-10-08 21:05:00+00:00,0.2999,0.3001,0.3001,0.2999,31.75,0.3,9.525,31.75,9.525,
2023-10-08 21:10:00+00:00,0.2999,0.2999,0.2999,0.2999,80.52,0.2999,24.147948,80.52,24.147948,
2023-10-08 21:15:00+00:00,0.2999,0.2999,0.2999,0.2999,80.52,0.2999,24.147948,80.52,24.147948,
2023-10-08 21:20:00+00:00,0.2997,0.2998,0.2998,0.2997,207.11,0.29975,62.0812225,207.11,62.0812225,
2023-10-08 21:25:00+00:00,0.2996,0.2997,0.2997,0.2996,84.24,0.29965,25.242516,84.24,25.242516,
2023-10-08 21:30:00+00:00,0.2993,0.2996,0.2994,0.2996,5894.94,0.299475,1765.3871565,5894.94,1765.3871565,
2023-10-08 21:35:00+00:00,0.2994,0.2995,0.2995,0.2994,1609.53,0.29945,481.9737585,1609.53,481.9737585,
2023-10-08 21:40:00+00:00,0.2994,0.2995,0.2995,0.2994,1609.53,0.29945,481.9737585,1609.53,481.9737585,
2023-10-08 21:45:00+00:00,0.2993,0.2994,0.2994,0.2993,618.06,0.29935,185.016261,618.06,185.016261,
2023-10-08 21:50:00+00:00,0.2993,0.2994,0.2994,0.2993,618.06,0.29935,185.016261,618.06,185.016261,
2023-10-08 21:55:00+00:00,0.2985,0.2991,0.2991,0.2985,3694.72,0.2988,1103.982336,3694.72,1103.982336,
2023-10-08 22:00:00+00:00,0.2985,0.2988,0.2987,0.2985,979.36,0.298625,292.46138,979.36,292.46138,
2023-10-08 22:05:00+00:00,0.2982,0.2982,0.2982,0.2982,83.84,0.2982,25.001088,83.84,25.001088,
2023-10-08 22:10:00+00:00,0.2978,0.2982,0.2979,0.2982,503.42,0.298025,150.0317455,503.42,150.0317455,
2023-10-08 22:15:00+00:00,0.2982,0.2985,0.2982,0.2985,86.87,0.29835,25.9176645,86.87,25.9176645,
2023-10-08 22:20:00+00:00,0.2982,0.2985,0.2985,0.2982,607.02,0.29835,181.104417,607.02,181.104417,
2023-10-08 22:25:00+00:00,0.2979,0.2982,0.2982,0.2979,1161.59,0.29805,346.2118995,1161.59,346.2118995,
2023-10-08 22:30:00+00:00,0.2979,0.2982,0.2982,0.2979,1161.59,0.29805,346.2118995,1161.59,346.2118995,
2023-10-08 22:35:00+00:00,0.298,0.2984,0.2981,0.2982,653.16,0.298175,194.755983,653.16,194.755983,
2023-10-08 22:40:00+00:00,0.2981,0.2984,0.2981,0.2982,101.8,0.2982,30.35676,101.8,30.35676,
2023-10-08 22:45:00+00:00,0.2983,0.2985,0.2984,0.2985,1162.48,0.298425,346.913094,1162.48,346.913094,
2023-10-08 22:50:00+00:00,0.2982,0.2985,0.2982,0.2985,95.73,0.29835,28.5610455,95.73,28.5610455,
2023-10-08 22:55:00+00:00,0.2983,0.2984,0.2983,0.2984,8.25,0.29835,2.4613875,8.25,2.4613875,
2023-10-08 23:00:00+00:00,0.2983,0.2984,0.2983,0.2984,8.25,0.29835,2.4613875,8.25,2.4613875,
2023-10-08 23:05:00+00:00,0.2984,0.2987,0.2985,0.2985,257.93,0.298525,76.99855325,257.93,76.99855325,
2023-10-08 23:10:00+00:00,0.2984,0.2987,0.2985,0.2985,257.93,0.298525,76.99855325,257.93,76.99855325,
2023-10-08 23:15:00+00:00,0.2982,0.2984,0.2982,0.2982,1794.66,0.29825,535.257345,1794.66,535.257345,
2023-10-08 23:20:00+00:00,0.298,0.2985,0.2981,0.2985,88.82,0.298275,26.4927855,88.82,26.4927855,
2023-10-08 23:25:00+00:00,0.2986,0.2987,0.2987,0.2986,311.5,0.29865,93.029475,311.5,93.029475,
2023-10-08 23:30:00+00:00,0.2987,0.299,0.299,0.2987,167.32,0.29885,50.003582,167.32,50.003582,
2023-10-08 23:35:00+00:00,0.2987,0.299,0.2987,0.299,101.27,0.29885,30.2645395,101.27,30.2645395,
2023-10-08 23:40:00+00:00,0.2987,0.299,0.2987,0.299,101.27,0.29885,30.2645395,101.27,30.2645395,
2023-10-08 23:45:00+00:00,0.2989,0.2994,0.2989,0.2994,86.39,0.29915,25.8435685,86.39,25.8435685,
2023-10-08 23:50:00+00:00,0.2989,0.2994,0.2989,0.2994,86.39,0.29915,25.8435685,86.39,25.8435685,
2023-10-08 23:55:00+00:00,0.2989,0.2994,0.2989,0.2994,86.39,0.29915,25.8435685,86.39,25.8435685,
2023-10-09 00:00:00+00:00,0.2989,0.2994,0.2989,0.2994,86.39,0.29915,25.8435685,86.39,25.8435685,
2023-10-09 00:05:00+00:00,0.299,0.2993,0.299,0.299,2341.07,0.299075,700.15551025,2341.07,700.15551025,
2023-10-09 00:10:00+00:00,0.299,0.2993,0.2993,0.299,167.15,0.29915,50.0029225,167.15,50.0029225,
2023-10-09 00:15:00+00:00,0.2985,0.2989,0.2989,0.2985,232.21,0.2987,69.361127,232.21,69.361127,
2023-10-09 00:20:00+00:00,0.2976,0.2982,0.2982,0.2976,251.78,0.2979,75.005262,251.78,75.005262,
2023-10-09 00:25:00+00:00,0.2979,0.2982,0.2979,0.2982,167.77,0.29805,50.0038485,167.77,50.0038485,
2023-10-09 00:30:00+00:00,0.2979,0.2982,0.2979,0.2982,167.77,0.29805,50.0038485,167.77,50.0038485,
2023-10-09 00:35:00+00:00,0.2979,0.2982,0.2979,0.2982,167.77,0.29805,50.0038485,167.77,50.0038485,
2023-10-09 00:40:00+00:00,0.2976,0.2983,0.2979,0.2983,1762.04,0.298025,525.131971,1762.04,525.131971,
2023-10-09 00:45:00+00:00,0.2984,0.2988,0.2985,0.2984,4868.65,0.298525,1453.41374125,4868.65,1453.41374125,
2023-10-09 00:50:00+00:00,0.2979,0.2984,0.2983,0.2984,1333.56,0.29825,397.73427,1333.56,397.73427,
2023-10-09 00:55:00+00:00,0.2979,0.2984,0.2983,0.2984,1333.56,0.29825,397.73427,1333.56,397.73427,
2023-10-09 01:00:00+00:00,0.2978,0.298,0.2979,0.2979,625.04,0.2979,186.199416,625.04,186.199416,
2023-10-09 01:05:00+00:00,0.2976,0.2979,0.2976,0.2977,5217.34,0.2977,1553.202118,5217.34,1553.202118,
2023-10-09 01:10:00+00:00,0.2979,0.2982,0.2979,0.2982,148.15,0.29805,44.1561075,148.15,44.1561075,
2023-10-09 01:15:00+00:00,0.2985,0.2985,0.2985,0.2985,105.71,0.2985,31.554435,105.71,31.554435,
2023-10-09 01:20:00+00:00,0.2986,0.2986,0.2986,0.2986,62.52,0.2986,18.668472,62.52,18.668472,
2023-10-09 01:25:00+00:00,0.2983,0.2987,0.2983,0.2987,86.77,0.2985,25.900845,86.77,25.900845,
2023-10-09 01:30:00+00:00,0.2985,0.2987,0.2987,0.2985,20.2,0.2986,6.03172,20.2,6.03172,
2023-10-09 01:35:00+00:00,0.2985,0.2985,0.2985,0.2985,756.18,0.2985,225.71973,756.18,225.71973,
2023-10-09 01:40:00+00:00,0.2987,0.299,0.2987,0.299,167.32,0.29885,50.003582,167.32,50.003582,
2023-10-09 01:45:00+00:00,0.2993,0.2996,0.2993,0.2996,12527.24,0.29945,3751.282018,12527.24,3751.282018,
2023-10-09 01:50:00+00:00,0.2993,0.2996,0.2993,0.2996,12527.24,0.29945,3751.282018,12527.24,3751.282018,
2023-10-09 01:55:00+00:00,0.2993,0.2996,0.2993,0.2996,12527.24,0.29945,3751.282018,12527.24,3751.282018,
2023-10-09 02:00:00+00:00,0.2986,0.2993,0.2993,0.2986,605.29,0.29895,180.9514455,605.29,180.9514455,
2023-10-09 02:05:00+00:00,0.2986,0.2993,0.2993,0.2986,605.29,0.29895,180.9514455,605.29,180.9514455,
2023-10-09 02:10:00+00:00,0.299,0.2994,0.299,0.2994,1820.17,0.2992,544.594864,1820.17,544.594864,
2023-10-09 02:15:00+00:00,0.299,0.299,0.299,0.299,140.5,0.299,42.0095,140.5,42.0095,
2023-10-09 02:20:00+00:00,0.299,0.299,0.299,0.299,139.52,0.299,41.71648,139.52,41.71648,
2023-10-09 02:25:00+00:00,0.299,0.299,0.299,0.299,139.52,0.299,41.71648,139.52,41.71648,
2023-10-09 02:30:00+00:00,0.2988,0.2989,0.2989,0.2988,1805.86,0.29885,539.681261,1805.86,539.681261,
2023-10-09 02:35:00+00:00,0.2988,0.2989,0.2989,0.2988,1805.86,0.29885,539.681261,1805.86,539.681261,
2023-10-09 02:40:00+00:00,0.2988,0.2989,0.2989,0.2988,1805.86,0.29885,539.681261,1805.86,539.681261,
2023-10-09 02:45:00+00:00,0.299,0.2993,0.2993,0.299,66.66,0.29915,19.941339,66.66,19.941339,
2023-10-09 02:50:00+00:00,0.299,0.299,0.299,0.299,307.34,0.299,91.89466,307.34,91.89466,
2023-10-09 02:55:00+00:00,0.299,0.299,0.299,0.299,307.34,0.299,91.89466,307.34,91.89466,
2023-10-09 03:00:00+00:00,0.299,0.2991,0.299,0.299,829.39,0.299025,248.00834475,829.39,248.00834475,
2023-10-09 03:05:00+00:00,0.299,0.2991,0.299,0.299,829.39,0.299025,248.00834475,829.39,248.00834475,
2023-10-09 03:10:00+00:00,0.2991,0.2993,0.2993,0.2991,13.1,0.2992,3.91952,13.1,3.91952,
2023-10-09 03:15:00+00:00,0.2992,0.2995,0.2993,0.2992,252.39,0.2993,75.540327,252.39,75.540327,
2023-10-09 03:20:00+00:00,0.2988,0.2993,0.299,0.2993,180.76,0.2991,54.065316,180.76,54.065316,
2023-10-09 03:25:00+00:00,0.2992,0.2996,0.2992,0.2996,2716.91,0.2994,813.442854,2716.91,813.442854,
2023-10-09 03:30:00+00:00,0.2995,0.2997,0.2997,0.2995,4.19,0.2996,1.255324,4.19,1.255324,
2023-10-09 03:35:00+00:00,0.2995,0.2997,0.2997,0.2995,4.19,0.2996,1.255324,4.19,1.255324,
2023-10-09 03:40:00+00:00,0.2995,0.2996,0.2995,0.2996,1347.66,0.29955,403.691553,1347.66,403.691553,
2023-10-09 03:45:00+00:00,0.2996,0.2999,0.2996,0.2996,3.44,0.299675,1.030882,3.44,1.030882,
2023-10-09 03:50:00+00:00,0.2994,0.2995,0.2995,0.2994,1707.04,0.29945,511.173128,1707.04,511.173128,
2023-10-09 03:55:00+00:00,0.2994,0.2995,0.2994,0.2995,216.95,0.29945,64.9656775,216.95,64.9656775,
2023-10-09 04:00:00+00:00,0.2994,0.2995,0.2994,0.2995,216.95,0.29945,64.9656775,216.95,64.9656775,
2023-10-09 04:05:00+00:00,0.2993,0.2993,0.2993,0.2993,3680.91,0.2993,1101.696363,3680.91,1101.696363,
2023-10-09 04:10:00+00:00,0.2991,0.2998,0.2991,0.2998,6385.37,0.29945,1912.0990465,6385.37,1912.0990465,
2023-10-09 04:15:00+00:00,0.2991,0.2998,0.2991,0.2998,6385.37,0.29945,1912.0990465,6385.37,1912.0990465,
2023-10-09 04:20:00+00:00,0.2997,0.2999,0.2997,0.2999,942.86,0.2998,282.669428,942.86,282.669428,
2023-10-09 04:25:00+00:00,0.3,0.3,0.3,0.3,1383.6,0.3,415.08,1383.6,415.08,
2023-10-09 04:30:00+00:00,0.3,0.3,0.3,0.3,1383.6,0.3,415.08,1383.6,415.08,
2023-10-09 04:35:00+00:00,0.2998,0.3,0.2998,0.3,5078.08,0.2999,1522.916192,5078.08,1522.916192,
2023-10-09 04:40:00+00:00,0.2998,0.3,0.2998,0.3,5078.08,0.2999,1522.916192,5078.08,1522.916192,
2023-10-09 04:45:00+00:00,0.2999,0.3,0.3,0.2999,1604.19,0.29995,481.1767905,1604.19,481.1767905,
2023-10-09 04:50:00+00:00,0.2998,0.2998,0.2998,0.2998,3.37,0.2998,1.010326,3.37,1.010326,
2023-10-09 04:55:00+00:00,0.2999,0.2999,0.2999,0.2999,394.26,0.2999,118.238574,394.26,118.238574,
2023-10-09 05:00:00+00:00,0.3,0.3002,0.3,0.3,5141.84,0.30005,1542.809092,5141.84,1542.809092,
2023-10-09 05:05:00+00:00,0.3,0.3002,0.3,0.3,5141.84,0.30005,1542.809092,5141.84,1542.809092,
2023-10-09 05:10:00+00:00,0.3,0.3003,0.3002,0.3,303.15,0.300125,90.98289375,303.15,90.98289375,
2023-10-09 05:15:00+00:00,0.2996,0.2999,0.2999,0.2996,364.03,0.29975,109.1179925,364.03,109.1179925,
2023-10-09 05:20:00+00:00,0.2996,0.2999,0.2999,0.2996,364.03,0.29975,109.1179925,364.03,109.1179925,
2023-10-09 05:25:00+00:00,0.2996,0.2998,0.2998,0.2996,496.21,0.2997,148.714137,496.21,148.714137,
2023-10-09 05:30:00+00:00,0.2991,0.2997,0.2997,0.2991,1111.89,0.2994,332.899866,1111.89,332.899866,
2023-10-09 05:35:00+00:00,0.2991,0.2993,0.2991,0.2992,722.95,0.299175,216.28856625,722.95,216.28856625,
2023-10-09 05:40:00+00:00,0.2989,0.299,0.299,0.2989,1447.02,0.29895,432.586629,1447.02,432.586629,
2023-10-09 05:45:00+00:00,0.2992,0.2995,0.2993,0.2992,119.21,0.2993,35.679553,119.21,35.679553,
2023-10-09 05:50:00+00:00,0.2992,0.2995,0.2993,0.2992,119.21,0.2993,35.679553,119.21,35.679553,
2023-10-09 05:55:00+00:00,0.299,0.2993,0.2991,0.299,1359.97,0.2991,406.767027,1359.97,406.767027,
2023-10-09 06:00:00+00:00,0.2988,0.299,0.299,0.2988,205.05,0.2989,61.289445,205.05,61.289445,
2023-10-09 06:05:00+00:00,0.2987,0.2991,0.2988,0.2991,762.07,0.298925,227.80177475,762.07,227.80177475,
2023-10-09 06:10:00+00:00,0.2987,0.2991,0.2988,0.2991,762.07,0.298925,227.80177475,762.07,227.80177475,
2023-10-09 06:15:00+00:00,0.2987,0.2991,0.2988,0.2991,762.07,0.298925,227.80177475,762.07,227.80177475,
2023-10-09 06:20:00+00:00,0.2993,0.2997,0.2993,0.2994,594.44,0.299425,177.990197,594.44,177.990197,
2023-10-09 06:25:00+00:00,0.2993,0.2997,0.2993,0.2994,594.44,0.299425,177.990197,594.44,177.990197,
2023-10-09 06:30:00+00:00,0.2993,0.2997,0.2993,0.2994,594.44,0.299425,177.990197,594.44,177.990197,
2023-10-09 06:35:00+00:00,0.2993,0.2997,0.2993,0.2994,594.44,0.299425,177.990197,594.44,177.990197,
2023-10-09 06:40:00+00:00,0.2995,0.2997,0.2997,0.2996,22.89,0.299625,6.85841625,22.89,6.85841625,
2023-10-09 06:45:00+00:00,0.2995,0.2997,0.2997,0.2996,22.89,0.299625,6.85841625,22.89,6.85841625,
2023-10-09 06:50:00+00:00,0.2995,0.2997,0.2997,0.2996,22.89,0.299625,6.85841625,22.89,6.85841625,
2023-10-09 06:55:00+00:00,0.2998,0.2998,0.2998,0.2998,2605.4,0.2998,781.09892,2605.4,781.09892,
2023-10-09 07:00:00+00:00,0.2998,0.2998,0.2998,0.2998,2605.4,0.2998,781.09892,2605.4,781.09892,
2023-10-09 07:05:00+00:00,0.2993,0.2996,0.2996,0.2993,102.08,0.29945,30.567856,102.08,30.567856,
2023-10-09 07:10:00+00:00,0.299,0.2993,0.2993,0.299,1049.86,0.29915,314.065619,1049.86,314.065619,
2023-10-09 07:15:00+00:00,0.299,0.2993,0.2993,0.299,1049.86,0.29915,314.065619,1049.86,314.065619,
2023-10-09 07:20:00+00:00,0.2976,0.299,0.299,0.298,1721.45,0.2984,513.68068,1721.45,513.68068,
2023-10-09 07:25:00+00:00,0.2983,0.2984,0.2984,0.2983,782.63,0.29835,233.4976605,782.63,233.4976605,
2023-10-09 07:30:00+00:00,0.2973,0.2979,0.2979,0.2973,839.01,0.2976,249.689376,839.01,249.689376,
2023-10-09 07:35:00+00:00,0.2975,0.298,0.2975,0.2977,1082.38,0.297675,322.1974665,1082.38,322.1974665,
2023-10-09 07:40:00+00:00,0.2975,0.298,0.2975,0.2977,1082.38,0.297675,322.1974665,1082.38,322.1974665,
2023-10-09 07:45:00+00:00,0.2979,0.2982,0.2979,0.2982,866.57,0.29805,258.2811885,866.57,258.2811885,
2023-10-09 07:50:00+00:00,0.2979,0.2982,0.2979,0.2982,866.57,0.29805,258.2811885,866.57,258.2811885,
2023-10-09 07:55:00+00:00,0.2976,0.2979,0.2979,0.2976,1602.32,0.29775,477.09078,1602.32,477.09078,
2023-10-09 08:00:00+00:00,0.2976,0.2976,0.2976,0.2976,563.5,0.2976,167.6976,563.5,167.6976,
2023-10-09 08:05:00+00:00,0.2976,0.2976,0.2976,0.2976,563.5,0.2976,167.6976,563.5,167.6976,
2023-10-09 08:10:00+00:00,0.2976,0.2976,0.2976,0.2976,563.5,0.2976,167.6976,563.5,167.6976,
2023-10-09 08:15:00+00:00,0.2972,0.2973,0.2973,0.2972,87.74,0.29725,26.080715,87.74,26.080715,
2023-10-09 08:20:00+00:00,0.297,0.2971,0.2971,0.297,1004.06,0.29705,298.256023,1004.06,298.256023,
2023-10-09 08:25:00+00:00,0.297,0.2972,0.297,0.2971,420.11,0.297075,124.80417825,420.11,124.80417825,
2023-10-09 08:30:00+00:00,0.2945,0.2969,0.2969,0.2945,13221.32,0.2957,3909.544324,13221.32,3909.544324,
2023-10-09 08:35:00+00:00,0.2947,0.2965,0.2947,0.2965,2662.57,0.2956,787.055692,2662.57,787.055692,
2023-10-09 08:40:00+00:00,0.2957,0.2961,0.2961,0.2957,2626.91,0.2959,777.302669,2626.91,777.302669,
2023-10-09 08:45:00+00:00,0.2954,0.296,0.296,0.2957,6661.11,0.295775,1970.18981025,6661.11,1970.18981025,
2023-10-09 08:50:00+00:00,0.295,0.2955,0.2955,0.2955,529.87,0.295375,156.51035125,529.87,156.51035125,
2023-10-09 08:55:00+00:00,0.2952,0.2952,0.2952,0.2952,84.69,0.2952,25.000488,84.69,25.000488,
2023-10-09 09:00:00+00:00,0.2944,0.2953,0.2949,0.2953,2999.65,0.294975,884.82175875,2999.65,884.82175875,
2023-10-09 09:05:00+00:00,0.2954,0.2955,0.2954,0.2955,349.67,0.29545,103.3100015,349.67,103.3100015,
2023-10-09 09:10:00+00:00,0.2954,0.2955,0.2954,0.2955,349.67,0.29545,103.3100015,349.67,103.3100015,
2023-10-09 09:15:00+00:00,0.2954,0.2955,0.2954,0.2955,349.67,0.29545,103.3100015,349.67,103.3100015,
2023-10-09 09:20:00+00:00,0.295,0.2952,0.2952,0.295,400.42,0.2951,118.163942,400.42,118.163942,
2023-10-09 09:25:00+00:00,0.295,0.2952,0.2952,0.295,400.42,0.2951,118.163942,400.42,118.163942,
2023-10-09 09:30:00+00:00,0.2946,0.2949,0.2949,0.2946,1069.96,0.29475,315.37071,1069.96,315.37071,
2023-10-09 09:35:00+00:00,0.2936,0.2946,0.2946,0.2936,3950.08,0.2941,1161.718528,3950.08,1161.718528,
2023-10-09 09:40:00+00:00,0.2937,0.294,0.294,0.2937,481.42,0.29385,141.465267,481.42,141.465267,
2023-10-09 09:45:00+00:00,0.2869,0.294,0.2935,0.287,52886.76,0.29035,15355.670766,52886.76,15355.670766,
2023-10-09 09:50:00+00:00,0.2795,0.2878,0.2862,0.2868,108366.92,0.285075,30892.699719,108366.92,30892.699719,
2023-10-09 09:55:00+00:00,0.2867,0.2876,0.2871,0.287,9967.84,0.2871,2861.766864,9967.84,2861.766864,
2023-10-09 10:00:00+00:00,0.2869,0.289,0.2869,0.2879,4436.71,0.287675,1276.33054925,4436.71,1276.33054925,
2023-10-09 10:05:00+00:00,0.2878,0.2881,0.2881,0.2878,18737.84,0.28795,5395.561028,18737.84,5395.561028,
2023-10-09 10:10:00+00:00,0.288,0.2883,0.2882,0.288,1471.72,0.288125,424.039325,1471.72,424.039325,
2023-10-09 10:15:00+00:00,0.2876,0.2885,0.2879,0.2879,8003.31,0.287975,2304.75319725,8003.31,2304.75319725,
2023-10-09 10:20:00+00:00,0.2876,0.2882,0.2877,0.2882,1202.93,0.287925,346.35362025,1202.93,346.35362025,
2023-10-09 10:25:00+00:00,0.2877,0.2883,0.2883,0.2877,2418.1,0.288,696.4128,2418.1,696.4128,
2023-10-09 10:30:00+00:00,0.2877,0.2883,0.2883,0.2877,2418.1,0.288,696.4128,2418.1,696.4128,
2023-10-09 10:35:00+00:00,0.2876,0.288,0.288,0.2877,2436.73,0.287825,701.35181225,2436.73,701.35181225,
2023-10-09 10:40:00+00:00,0.2877,0.2879,0.2877,0.2879,1981.35,0.2878,570.23253,1981.35,570.23253,
2023-10-09 10:45:00+00:00,0.2879,0.2881,0.2879,0.288,2888.93,0.287975,831.93961675,2888.93,831.93961675,
2023-10-09 10:50:00+00:00,0.2878,0.2884,0.2878,0.2884,9351.51,0.2881,2694.170031,9351.51,2694.170031,
2023-10-09 10:55:00+00:00,0.2879,0.2885,0.2884,0.2879,11093.01,0.288175,3196.72815675,11093.01,3196.72815675,
2023-10-09 11:00:00+00:00,0.2876,0.288,0.2879,0.2877,3838.53,0.2878,1104.728934,3838.53,1104.728934,
2023-10-09 11:05:00+00:00,0.2877,0.2879,0.2877,0.2879,979.13,0.2878,281.793614,979.13,281.793614,
2023-10-09 11:10:00+00:00,0.2878,0.288,0.288,0.2879,181.43,0.287925,52.23823275,181.43,52.23823275,
2023-10-09 11:15:00+00:00,0.2873,0.2878,0.2877,0.2873,4351.52,0.287525,1251.170788,4351.52,1251.170788,
2023-10-09 11:20:00+00:00,0.2872,0.2872,0.2872,0.2872,38.28,0.2872,10.994016,38.28,10.994016,
2023-10-09 11:25:00+00:00,0.2872,0.2876,0.2872,0.2875,4694.21,0.287375,1348.99859875,4694.21,1348.99859875,
2023-10-09 11:30:00+00:00,0.2873,0.2881,0.2873,0.288,5833.71,0.287675,1678.21252425,5833.71,1678.21252425,
2023-10-09 11:35:00+00:00,0.2879,0.2881,0.2879,0.288,727.39,0.287975,209.47013525,727.39,209.47013525,
2023-10-09 11:40:00+00:00,0.2878,0.2879,0.2878,0.2879,541.07,0.28785,155.7469995,541.07,155.7469995,
2023-10-09 11:45:00+00:00,0.287,0.2877,0.2876,0.287,3194.21,0.287325,917.77638825,3194.21,917.77638825,
2023-10-09 11:50:00+00:00,0.2866,0.2871,0.2869,0.2871,2036.23,0.286925,584.24529275,2036.23,584.24529275,
2023-10-09 11:55:00+00:00,0.2869,0.2874,0.2873,0.2869,1779.27,0.287125,510.87289875,1779.27,510.87289875,
2023-10-09 12:00:00+00:00,0.2866,0.287,0.2867,0.2866,1193.08,0.286725,342.085863,1193.08,342.085863,
2023-10-09 12:05:00+00:00,0.2865,0.2869,0.2865,0.2869,2025.44,0.2867,580.693648,2025.44,580.693648,
2023-10-09 12:10:00+00:00,0.2863,0.2869,0.2867,0.2866,2493.91,0.286625,714.81695375,2493.91,714.81695375,
2023-10-09 12:15:00+00:00,0.2863,0.287,0.2863,0.2869,19795.78,0.286625,5673.9654425,19795.78,5673.9654425,
2023-10-09 12:20:00+00:00,0.2865,0.287,0.2868,0.287,4471.89,0.286825,1282.64984925,4471.89,1282.64984925,
2023-10-09 12:25:00+00:00,0.2872,0.2876,0.2873,0.2872,448.69,0.287325,128.91985425,448.69,128.91985425,
2023-10-09 12:30:00+00:00,0.2872,0.2876,0.2873,0.2872,448.69,0.287325,128.91985425,448.69,128.91985425,
2023-10-09 12:35:00+00:00,0.287,0.2871,0.287,0.2871,183.68,0.28705,52.725344,183.68,52.725344,
2023-10-09 12:40:00+00:00,0.2869,0.2872,0.2872,0.2869,242.13,0.28705,69.5034165,242.13,69.5034165,
2023-10-09 12:45:00+00:00,0.2869,0.2871,0.2869,0.2871,2539.59,0.287,728.86233,2539.59,728.86233,
2023-10-09 12:50:00+00:00,0.2867,0.2869,0.2869,0.2867,3390.59,0.2868,972.421212,3390.59,972.421212,
2023-10-09 12:55:00+00:00,0.2867,0.2869,0.2869,0.2867,752.35,0.2868,215.77398,752.35,215.77398,
2023-10-09 13:00:00+00:00,0.2862,0.2868,0.2868,0.2863,1553.41,0.286525,445.09080025,1553.41,445.09080025,
2023-10-09 13:05:00+00:00,0.2862,0.2868,0.2868,0.2863,1553.41,0.286525,445.09080025,1553.41,445.09080025,
2023-10-09 13:10:00+00:00,0.2866,0.2868,0.2866,0.2867,4105.64,0.286675,1176.984347,4105.64,1176.984347,
2023-10-09 13:15:00+00:00,0.2862,0.2866,0.2866,0.2865,2419.09,0.286475,693.00880775,2419.09,693.00880775,
2023-10-09 13:20:00+00:00,0.2866,0.287,0.2866,0.2869,1677.46,0.286775,481.0535915,1677.46,481.0535915,
2023-10-09 13:25:00+00:00,0.2867,0.2868,0.2867,0.2868,1211.07,0.28675,347.2743225,1211.07,347.2743225,
2023-10-09 13:30:00+00:00,0.2865,0.287,0.2865,0.2867,2732.43,0.286675,783.31937025,2732.43,783.31937025,
2023-10-09 13:35:00+00:00,0.2864,0.2873,0.2866,0.2871,6108.31,0.28685,1752.1687235,6108.31,1752.1687235,
2023-10-09 13:40:00+00:00,0.2871,0.2874,0.2871,0.2872,1275.87,0.2872,366.429864,1275.87,366.429864,
2023-10-09 13:45:00+00:00,0.287,0.2872,0.2872,0.287,176.46,0.2871,50.661666,176.46,50.661666,
2023-10-09 13:50:00+00:00,0.2866,0.2869,0.2869,0.2869,7975.76,0.286825,2287.647362,7975.76,2287.647362,
2023-10-09 13:55:00+00:00,0.2869,0.287,0.2869,0.2869,10088.78,0.286925,2894.7232015,10088.78,2894.7232015,
2023-10-09 14:00:00+00:00,0.2865,0.287,0.287,0.2865,701.45,0.28675,201.1407875,701.45,201.1407875,
2023-10-09 14:05:00+00:00,0.2865,0.287,0.287,0.2865,701.45,0.28675,201.1407875,701.45,201.1407875,
2023-10-09 14:10:00+00:00,0.2862,0.2864,0.2864,0.2862,3718.79,0.2863,1064.689577,3718.79,1064.689577,
2023-10-09 14:15:00+00:00,0.2864,0.287,0.2864,0.2869,3204.32,0.286675,918.598436,3204.32,918.598436,
2023-10-09 14:20:00+00:00,0.2869,0.2874,0.2869,0.2871,9293.47,0.287075,2667.92290025,9293.47,2667.92290025,
2023-10-09 14:25:00+00:00,0.2865,0.2872,0.2872,0.2865,2188.21,0.28685,627.6880385,2188.21,627.6880385,
2023-10-09 14:30:00+00:00,0.2866,0.287,0.2866,0.2866,52641.91,0.2867,15092.435597,52641.91,15092.435597,
2023-10-09 14:35:00+00:00,0.2865,0.2867,0.2865,0.2867,1925.8,0.2866,551.93428,1925.8,551.93428,
2023-10-09 14:40:00+00:00,0.2864,0.2867,0.2865,0.2866,1285.86,0.28655,368.463183,1285.86,368.463183,
2023-10-09 14:45:00+00:00,0.2861,0.2865,0.2864,0.2862,5521.63,0.2863,1580.842669,5521.63,1580.842669,
2023-10-09 14:50:00+00:00,0.2861,0.2864,0.2861,0.2864,5856.74,0.28625,1676.491825,5856.74,1676.491825,
2023-10-09 14:55:00+00:00,0.2861,0.2863,0.2863,0.2861,883.71,0.2862,252.917802,883.71,252.917802,
2023-10-09 15:00:00+00:00,0.2858,0.2861,0.2858,0.2859,8193.31,0.2859,2342.467329,8193.31,2342.467329,
2023-10-09 15:05:00+00:00,0.2857,0.2859,0.2859,0.2857,155.55,0.2858,44.45619,155.55,44.45619,
2023-10-09 15:10:00+00:00,0.2859,0.2865,0.2859,0.2865,3446.64,0.2862,986.428368,3446.64,986.428368,
2023-10-09 15:15:00+00:00,0.2863,0.2864,0.2864,0.2863,1587.16,0.28635,454.483266,1587.16,454.483266,
2023-10-09 15:20:00+00:00,0.286,0.2863,0.2862,0.2863,3293.7,0.2862,942.65694,3293.7,942.65694,
2023-10-09 15:25:00+00:00,0.2864,0.2867,0.2864,0.2865,3206.3,0.2865,918.60495,3206.3,918.60495,
2023-10-09 15:30:00+00:00,0.2857,0.2864,0.2864,0.2857,5382.99,0.28605,1539.8042895,5382.99,1539.8042895,
2023-10-09 15:35:00+00:00,0.2859,0.286,0.286,0.286,3545.52,0.285975,1013.930082,3545.52,1013.930082,
2023-10-09 15:40:00+00:00,0.2856,0.2857,0.2856,0.2856,295.41,0.285625,84.37648125,295.41,84.37648125,
2023-10-09 15:45:00+00:00,0.285,0.2855,0.2855,0.2855,7017.66,0.285375,2002.6647225,7017.66,2002.6647225,
2023-10-09 15:50:00+00:00,0.2854,0.2855,0.2855,0.2854,93.97,0.28545,26.8237365,93.97,26.8237365,
2023-10-09 15:55:00+00:00,0.2846,0.2852,0.2852,0.2846,483.62,0.2849,137.783338,483.62,137.783338,
2023-10-09 16:00:00+00:00,0.2828,0.2845,0.2843,0.2833,109464.88,0.283725,31057.923078,109464.88,31057.923078,
2023-10-09 16:05:00+00:00,0.2837,0.2846,0.2837,0.2845,876.16,0.284125,248.93896,876.16,248.93896,
2023-10-09 16:10:00+00:00,0.2834,0.2844,0.2844,0.2839,5410.41,0.284025,1536.69170025,5410.41,1536.69170025,
2023-10-09 16:15:00+00:00,0.2834,0.2844,0.2837,0.2843,11594.73,0.28395,3292.3235835,11594.73,3292.3235835,
2023-10-09 16:20:00+00:00,0.2842,0.2852,0.2842,0.2849,6238.0,0.284625,1775.49075,6238.0,1775.49075,
2023-10-09 16:25:00+00:00,0.2811,0.2846,0.2846,0.2823,19814.51,0.28315,5610.4785065,19814.51,5610.4785065,
2023-10-09 16:30:00+00:00,0.2827,0.2838,0.2831,0.2834,14509.38,0.28325,4109.781885,14509.38,4109.781885,
2023-10-09 16:35:00+00:00,0.2822,0.2837,0.2836,0.2822,8378.87,0.282925,2370.59179475,8378.87,2370.59179475,
2023-10-09 16:40:00+00:00,0.2783,0.2823,0.2819,0.2805,24824.13,0.28075,6969.3744975,24824.13,6969.3744975,
2023-10-09 16:45:00+00:00,0.2808,0.2819,0.2808,0.2816,1117.25,0.281275,314.25449375,1117.25,314.25449375,
2023-10-09 16:50:00+00:00,0.2814,0.2824,0.2819,0.2823,25090.2,0.282,7075.4364,25090.2,7075.4364,
2023-10-09 16:55:00+00:00,0.2819,0.2825,0.2825,0.2825,2463.98,0.28235,695.704753,2463.98,695.704753,
2023-10-09 17:00:00+00:00,0.2816,0.2826,0.2826,0.2816,18137.1,0.2821,5116.47591,18137.1,5116.47591,
2023-10-09 17:05:00+00:00,0.2814,0.282,0.2816,0.2815,96527.78,0.281625,27184.6360425,96527.78,27184.6360425,
2023-10-09 17:10:00+00:00,0.2816,0.2819,0.2818,0.2817,4832.47,0.28175,1361.5484225,4832.47,1361.5484225,
2023-10-09 17:15:00+00:00,0.2819,0.2828,0.2819,0.282,2760.6,0.28215,778.90329,2760.6,778.90329,
2023-10-09 17:20:00+00:00,0.2816,0.2823,0.282,0.2823,17479.93,0.28205,4930.2142565,17479.93,4930.2142565,
2023-10-09 17:25:00+00:00,0.2818,0.2822,0.2821,0.2821,14208.64,0.28205,4007.546912,14208.64,4007.546912,
2023-10-09 17:30:00+00:00,0.2822,0.2828,0.2822,0.2828,1267.15,0.2825,357.969875,1267.15,357.969875,
2023-10-09 17:35:00+00:00,0.2828,0.2834,0.2828,0.2834,803.31,0.2831,227.417061,803.31,227.417061,
2023-10-09 17:40:00+00:00,0.2831,0.2837,0.2837,0.2831,604.83,0.2834,171.408822,604.83,171.408822,
2023-10-09 17:45:00+00:00,0.2832,0.2841,0.2832,0.284,1856.53,0.283625,526.55832125,1856.53,526.55832125,
2023-10-09 17:50:00+00:00,0.2835,0.2841,0.2837,0.2841,1342.84,0.28385,381.165134,1342.84,381.165134,
2023-10-09 17:55:00+00:00,0.2837,0.2842,0.2839,0.2842,10040.74,0.284,2851.57016,10040.74,2851.57016,
2023-10-09 18:00:00+00:00,0.2839,0.2847,0.2839,0.2843,5002.11,0.2842,1421.599662,5002.11,1421.599662,
2023-10-09 18:05:00+00:00,0.2836,0.2842,0.2842,0.2837,3339.97,0.283925,948.30098225,3339.97,948.30098225,
2023-10-09 18:10:00+00:00,0.2838,0.2846,0.2838,0.2846,2667.93,0.2842,758.225706,2667.93,758.225706,
2023-10-09 18:15:00+00:00,0.2842,0.2848,0.2846,0.2842,855.61,0.28445,243.3782645,855.61,243.3782645,
2023-10-09 18:20:00+00:00,0.2842,0.2846,0.2842,0.2846,1008.92,0.2844,286.936848,1008.92,286.936848,
2023-10-09 18:25:00+00:00,0.2844,0.2846,0.2844,0.2846,333.28,0.2845,94.81816,333.28,94.81816,
2023-10-09 18:30:00+00:00,0.2845,0.2852,0.2847,0.2845,3886.33,0.284725,1106.53530925,3886.33,1106.53530925,
2023-10-09 18:35:00+00:00,0.2839,0.2843,0.2843,0.2843,3492.28,0.2842,992.505976,3492.28,992.505976,
2023-10-09 18:40:00+00:00,0.284,0.2845,0.2844,0.2845,102002.3,0.28435,29004.354005,102002.3,29004.354005,
2023-10-09 18:45:00+00:00,0.284,0.2845,0.2844,0.2845,102002.3,0.28435,29004.354005,102002.3,29004.354005,
2023-10-09 18:50:00+00:00,0.2839,0.2842,0.2842,0.2839,2601.82,0.28405,739.046971,2601.82,739.046971,
2023-10-09 18:55:00+00:00,0.2836,0.2839,0.2838,0.2837,880.93,0.28375,249.9638875,880.93,249.9638875,
2023-10-09 19:00:00+00:00,0.2834,0.2838,0.2834,0.2838,3971.08,0.2836,1126.198288,3971.08,1126.198288,
2023-10-09 19:05:00+00:00,0.2837,0.284,0.2838,0.2837,4873.98,0.2838,1383.235524,4873.98,1383.235524,
2023-10-09 19:10:00+00:00,0.2836,0.284,0.2837,0.284,6535.8,0.283825,1855.023435,6535.8,1855.023435,
2023-10-09 19:15:00+00:00,0.2836,0.2838,0.2837,0.2838,4968.23,0.283725,1409.61105675,4968.23,1409.61105675,
2023-10-09 19:20:00+00:00,0.284,0.2844,0.284,0.2843,6016.39,0.284175,1709.70762825,6016.39,1709.70762825,
2023-10-09 19:25:00+00:00,0.2839,0.2843,0.2843,0.2841,1679.37,0.28415,477.1929855,1679.37,477.1929855,
2023-10-09 19:30:00+00:00,0.2837,0.2839,0.2839,0.2838,9239.55,0.283825,2622.41527875,9239.55,2622.41527875,
2023-10-09 19:35:00+00:00,0.284,0.2842,0.284,0.2842,4494.93,0.2841,1277.009613,4494.93,1277.009613,
2023-10-09 19:40:00+00:00,0.2835,0.284,0.284,0.2837,2845.97,0.2838,807.686286,2845.97,807.686286,
2023-10-09 19:45:00+00:00,0.2835,0.284,0.284,0.2837,2845.97,0.2838,807.686286,2845.97,807.686286,
2023-10-09 19:50:00+00:00,0.2834,0.2837,0.2834,0.2836,543.07,0.283525,153.97392175,543.07,153.97392175,
2023-10-09 19:55:00+00:00,0.2836,0.284,0.2837,0.2837,5407.61,0.28375,1534.4093375,5407.61,1534.4093375,
2023-10-09 20:00:00+00:00,0.2836,0.2841,0.2837,0.2841,1209.44,0.283875,343.32978,1209.44,343.32978,
2023-10-09 20:05:00+00:00,0.284,0.2842,0.2842,0.284,1267.44,0.2841,360.079704,1267.44,360.079704,
2023-10-09 20:10:00+00:00,0.2834,0.284,0.284,0.2834,765.82,0.2837,217.263134,765.82,217.263134,
2023-10-09 20:15:00+00:00,0.2833,0.2837,0.2833,0.2834,1751.32,0.283425,496.367871,1751.32,496.367871,
2023-10-09 20:20:00+00:00,0.2834,0.2835,0.2835,0.2834,44.95,0.28345,12.7410775,44.95,12.7410775,
2023-10-09 20:25:00+00:00,0.2831,0.2835,0.2834,0.2831,338.12,0.283275,95.780943,338.12,95.780943,
2023-10-09 20:30:00+00:00,0.2829,0.2832,0.2832,0.2829,229.34,0.28305,64.914687,229.34,64.914687,
2023-10-09 20:35:00+00:00,0.2827,0.283,0.2829,0.2829,5221.69,0.282875,1477.08555875,5221.69,1477.08555875,
2023-10-09 20:40:00+00:00,0.2827,0.2829,0.2829,0.2827,1181.84,0.2828,334.224352,1181.84,334.224352,
2023-10-09 20:45:00+00:00,0.2828,0.2828,0.2828,0.2828,75.0,0.2828,21.21,75.0,21.21,
2023-10-09 20:50:00+00:00,0.2822,0.2825,0.2825,0.2824,541.04,0.2824,152.789696,541.04,152.789696,
2023-10-09 20:55:00+00:00,0.2823,0.2825,0.2824,0.2825,453.34,0.282425,128.0345495,453.34,128.0345495,
2023-10-09 21:00:00+00:00,0.2823,0.2825,0.2824,0.2825,453.34,0.282425,128.0345495,453.34,128.0345495,
2023-10-09 21:05:00+00:00,0.2819,0.2828,0.2828,0.2819,1770.79,0.28235,499.9825565,1770.79,499.9825565,
2023-10-09 21:10:00+00:00,0.2819,0.2822,0.2821,0.2822,3674.13,0.2821,1036.472073,3674.13,1036.472073,
2023-10-09 21:15:00+00:00,0.2818,0.2825,0.2819,0.2825,3192.02,0.282175,900.7082435,3192.02,900.7082435,
2023-10-09 21:20:00+00:00,0.2824,0.2827,0.2825,0.2827,27528.81,0.282575,7778.95348575,27528.81,7778.95348575,
2023-10-09 21:25:00+00:00,0.2824,0.2827,0.2825,0.2827,27528.81,0.282575,7778.95348575,27528.81,7778.95348575,
2023-10-09 21:30:00+00:00,0.2826,0.2827,0.2827,0.2826,557.24,0.28265,157.503886,557.24,157.503886,
2023-10-09 21:35:00+00:00,0.2826,0.2833,0.2826,0.2833,1229.6,0.28295,347.91532,1229.6,347.91532,
2023-10-09 21:40:00+00:00,0.2834,0.2837,0.2834,0.2837,1832.86,0.28355,519.707453,1832.86,519.707453,
2023-10-09 21:45:00+00:00,0.2834,0.2834,0.2834,0.2834,140.61,0.2834,39.848874,140.61,39.848874,
2023-10-09 21:50:00+00:00,0.2834,0.2834,0.2834,0.2834,140.61,0.2834,39.848874,140.61,39.848874,
2023-10-09 21:55:00+00:00,0.2832,0.2834,0.2832,0.2833,1585.15,0.283275,449.03336625,1585.15,449.03336625,
2023-10-09 22:00:00+00:00,0.2831,0.2832,0.2831,0.2831,209.64,0.283125,59.354325,209.64,59.354325,
2023-10-09 22:05:00+00:00,0.283,0.2834,0.2833,0.2834,483.78,0.283275,137.0427795,483.78,137.0427795,
2023-10-09 22:10:00+00:00,0.283,0.2834,0.2833,0.2834,483.78,0.283275,137.0427795,483.78,137.0427795,
2023-10-09 22:15:00+00:00,0.2831,0.2835,0.2831,0.2835,993.26,0.2833,281.390558,993.26,281.390558,
2023-10-09 22:20:00+00:00,0.2835,0.2838,0.2837,0.2835,902.41,0.283625,255.94603625,902.41,255.94603625,
2023-10-09 22:25:00+00:00,0.2836,0.2838,0.2837,0.2836,813.21,0.283675,230.68734675,813.21,230.68734675,
2023-10-09 22:30:00+00:00,0.2836,0.2838,0.2837,0.2836,813.21,0.283675,230.68734675,813.21,230.68734675,
2023-10-09 22:35:00+00:00,0.2837,0.2839,0.2837,0.2839,496.68,0.2838,140.957784,496.68,140.957784,
2023-10-09 22:40:00+00:00,0.2834,0.2836,0.2836,0.2834,1086.78,0.2835,308.10213,1086.78,308.10213,
2023-10-09 22:45:00+00:00,0.2834,0.2836,0.2834,0.2836,1436.85,0.2835,407.346975,1436.85,407.346975,
2023-10-09 22:50:00+00:00,0.2836,0.284,0.2836,0.2837,593.55,0.283725,168.40497375,593.55,168.40497375,
2023-10-09 22:55:00+00:00,0.2836,0.284,0.2836,0.2837,593.55,0.283725,168.40497375,593.55,168.40497375,
2023-10-09 23:00:00+00:00,0.2836,0.2839,0.2836,0.2839,659.32,0.28375,187.08205,659.32,187.08205,
2023-10-09 23:05:00+00:00,0.2836,0.2839,0.2836,0.2839,659.32,0.28375,187.08205,659.32,187.08205,
2023-10-09 23:10:00+00:00,0.2837,0.284,0.284,0.2837,176.16,0.28385,50.003016,176.16,50.003016,
2023-10-09 23:15:00+00:00,0.2837,0.284,0.284,0.2837,176.16,0.28385,50.003016,176.16,50.003016,
2023-10-09 23:20:00+00:00,0.2834,0.2836,0.2836,0.2834,843.74,0.2835,239.20029,843.74,239.20029,
2023-10-09 23:25:00+00:00,0.2834,0.2835,0.2834,0.2835,68.5,0.28345,19.416325,68.5,19.416325,
2023-10-09 23:30:00+00:00,0.2837,0.284,0.2837,0.284,1061.63,0.28385,301.3436755,1061.63,301.3436755,
2023-10-09 23:35:00+00:00,0.2836,0.2841,0.2841,0.2839,5547.38,0.283925,1575.0398665,5547.38,1575.0398665,
2023-10-09 23:40:00+00:00,0.2837,0.284,0.2837,0.284,179.19,0.28385,50.8630815,179.19,50.8630815,
2023-10-09 23:45:00+00:00,0.2841,0.2844,0.2842,0.2841,25733.73,0.2842,7313.526066,25733.73,7313.526066,
2023-10-09 23:50:00+00:00,0.2839,0.2841,0.2841,0.2841,374.83,0.28405,106.4704615,374.83,106.4704615,
2023-10-09 23:55:00+00:00,0.2839,0.2841,0.2841,0.2839,2456.58,0.284,697.66872,2456.58,697.66872,
2023-10-10 00:00:00+00:00,0.2837,0.284,0.2839,0.2837,2817.77,0.283825,799.75357025,2817.77,799.75357025,
2023-10-10 00:05:00+00:00,0.2835,0.2845,0.2837,0.2845,1049.98,0.28405,298.246819,1049.98,298.246819,
2023-10-10 00:10:00+00:00,0.284,0.2845,0.2845,0.284,774.0,0.28425,220.0095,774.0,220.0095,
2023-10-10 00:15:00+00:00,0.2837,0.2843,0.2839,0.2843,4067.63,0.28405,1155.4103015,4067.63,1155.4103015,
2023-10-10 00:20:00+00:00,0.2844,0.2849,0.2844,0.2846,3970.67,0.284575,1129.95341525,3970.67,1129.95341525,
2023-10-10 00:25:00+00:00,0.2837,0.2845,0.2843,0.2837,2422.73,0.28405,688.1764565,2422.73,688.1764565,
2023-10-10 00:30:00+00:00,0.284,0.2843,0.284,0.2843,1312.81,0.28415,373.0349615,1312.81,373.0349615,
2023-10-10 00:35:00+00:00,0.2837,0.2846,0.2844,0.2837,2522.99,0.2841,716.781459,2522.99,716.781459,
2023-10-10 00:40:00+00:00,0.2838,0.284,0.2838,0.284,1247.97,0.2839,354.298683,1247.97,354.298683,
2023-10-10 00:45:00+00:00,0.2831,0.2837,0.2837,0.2831,684.59,0.2834,194.012806,684.59,194.012806,
2023-10-10 00:50:00+00:00,0.2825,0.2834,0.283,0.2833,4191.43,0.28305,1186.3842615,4191.43,1186.3842615,
2023-10-10 00:55:00+00:00,0.283,0.2837,0.2836,0.2834,9272.7,0.283425,2628.1149975,9272.7,2628.1149975,
2023-10-10 01:00:00+00:00,0.2831,0.2837,0.2837,0.2832,11320.49,0.283425,3208.50987825,11320.49,3208.50987825,
2023-10-10 01:05:00+00:00,0.2827,0.2834,0.283,0.2834,1093.61,0.283125,309.62833125,1093.61,309.62833125,
2023-10-10 01:10:00+00:00,0.2827,0.2834,0.283,0.2834,1093.61,0.283125,309.62833125,1093.61,309.62833125,
2023-10-10 01:15:00+00:00,0.2828,0.2837,0.2833,0.2831,598.1,0.283225,169.3968725,598.1,169.3968725,
2023-10-10 01:20:00+00:00,0.2828,0.2837,0.2833,0.2831,598.1,0.283225,169.3968725,598.1,169.3968725,
2023-10-10 01:25:00+00:00,0.2831,0.2834,0.2834,0.2831,91.07,0.28325,25.7955775,91.07,25.7955775,
2023-10-10 01:30:00+00:00,0.2828,0.2832,0.2831,0.2828,2141.83,0.282975,606.08434425,2141.83,606.08434425,
2023-10-10 01:35:00+00:00,0.2828,0.2832,0.2831,0.2828,2141.83,0.282975,606.08434425,2141.83,606.08434425,
2023-10-10 01:40:00+00:00,0.2828,0.2831,0.2828,0.2829,833.12,0.2829,235.689648,833.12,235.689648,
2023-10-10 01:45:00+00:00,0.2828,0.2838,0.283,0.2838,2971.27,0.28335,841.9093545,2971.27,841.9093545,
2023-10-10 01:50:00+00:00,0.2828,0.2838,0.283,0.2838,2971.27,0.28335,841.9093545,2971.27,841.9093545,
2023-10-10 01:55:00+00:00,0.2834,0.2834,0.2834,0.2834,822.05,0.2834,232.96897,822.05,232.96897,
2023-10-10 02:00:00+00:00,0.2831,0.2835,0.2834,0.2831,521.16,0.283275,147.631599,521.16,147.631599,
2023-10-10 02:05:00+00:00,0.2829,0.2832,0.2829,0.2832,62.32,0.28305,17.639676,62.32,17.639676,
2023-10-10 02:10:00+00:00,0.2829,0.2832,0.2829,0.2832,62.32,0.28305,17.639676,62.32,17.639676,
2023-10-10 02:15:00+00:00,0.2832,0.2834,0.2834,0.2832,505.97,0.2833,143.341301,505.97,143.341301,
2023-10-10 02:20:00+00:00,0.2828,0.2833,0.2831,0.2828,828.24,0.283,234.39192,828.24,234.39192,
2023-10-10 02:25:00+00:00,0.2829,0.283,0.283,0.2829,53.81,0.28295,15.2255395,53.81,15.2255395,
2023-10-10 02:30:00+00:00,0.2826,0.2831,0.2831,0.2826,294.64,0.28285,83.338924,294.64,83.338924,
2023-10-10 02:35:00+00:00,0.2826,0.2831,0.2831,0.2826,294.64,0.28285,83.338924,294.64,83.338924,
2023-10-10 02:40:00+00:00,0.2831,0.2837,0.2831,0.2834,2911.43,0.283325,824.88090475,2911.43,824.88090475,
2023-10-10 02:45:00+00:00,0.2831,0.2837,0.2831,0.2834,2911.43,0.283325,824.88090475,2911.43,824.88090475,
2023-10-10 02:50:00+00:00,0.2836,0.2837,0.2836,0.2837,258.1,0.28365,73.210065,258.1,73.210065,
2023-10-10 02:55:00+00:00,0.284,0.2849,0.284,0.2846,1727.24,0.284375,491.183875,1727.24,491.183875,
2023-10-10 03:00:00+00:00,0.2841,0.2846,0.2844,0.2844,2774.8,0.284375,789.08375,2774.8,789.08375,
2023-10-10 03:05:00+00:00,0.284,0.2843,0.2843,0.2843,1471.43,0.284225,418.21719175,1471.43,418.21719175,
2023-10-10 03:10:00+00:00,0.2842,0.2843,0.2843,0.2842,942.43,0.28425,267.8857275,942.43,267.8857275,
2023-10-10 03:15:00+00:00,0.2843,0.2847,0.2846,0.2843,306.18,0.284475,87.1005555,306.18,87.1005555,
2023-10-10 03:20:00+00:00,0.2839,0.2844,0.2844,0.2839,921.27,0.28415,261.7788705,921.27,261.7788705,
2023-10-10 03:25:00+00:00,0.2838,0.2839,0.2839,0.2838,411.93,0.28385,116.9263305,411.93,116.9263305,
2023-10-10 03:30:00+00:00,0.2838,0.2839,0.2839,0.2838,411.93,0.28385,116.9263305,411.93,116.9263305,
2023-10-10 03:35:00+00:00,0.2841,0.2842,0.2842,0.2841,2612.5,0.28415,742.341875,2612.5,742.341875,
2023-10-10 03:40:00+00:00,0.2837,0.2841,0.2841,0.2837,523.94,0.2839,148.746566,523.94,148.746566,
2023-10-10 03:45:00+00:00,0.2837,0.2841,0.2841,0.2837,523.94,0.2839,148.746566,523.94,148.746566,
2023-10-10 03:50:00+00:00,0.2836,0.2839,0.2839,0.2836,90.97,0.28375,25.8127375,90.97,25.8127375,
2023-10-10 03:55:00+00:00,0.2836,0.2839,0.2839,0.2836,90.97,0.28375,25.8127375,90.97,25.8127375,
2023-10-10 04:00:00+00:00,0.2834,0.2835,0.2834,0.2835,126.35,0.28345,35.8139075,126.35,35.8139075,
2023-10-10 04:05:00+00:00,0.2834,0.2835,0.2834,0.2835,126.35,0.28345,35.8139075,126.35,35.8139075,
2023-10-10 04:10:00+00:00,0.2834,0.2835,0.2834,0.2835,126.35,0.28345,35.8139075,126.35,35.8139075,
2023-10-10 04:15:00+00:00,0.2831,0.2831,0.2831,0.2831,88.31,0.2831,25.000561,88.31,25.000561,
2023-10-10 04:20:00+00:00,0.283,0.2834,0.283,0.2834,1211.56,0.2832,343.113792,1211.56,343.113792,
2023-10-10 04:25:00+00:00,0.283,0.2834,0.283,0.2834,1211.56,0.2832,343.113792,1211.56,343.113792,
2023-10-10 04:30:00+00:00,0.2831,0.2832,0.2832,0.2831,263.68,0.28315,74.660992,263.68,74.660992,
2023-10-10 04:35:00+00:00,0.2829,0.283,0.2829,0.283,141.31,0.28295,39.9836645,141.31,39.9836645,
2023-10-10 04:40:00+00:00,0.283,0.2833,0.2831,0.2833,1685.69,0.283175,477.34526575,1685.69,477.34526575,
2023-10-10 04:45:00+00:00,0.2833,0.2834,0.2834,0.2833,21.01,0.28335,5.9531835,21.01,5.9531835,
2023-10-10 04:50:00+00:00,0.2828,0.2829,0.2828,0.2829,28.11,0.28285,7.9509135,28.11,7.9509135,
2023-10-10 04:55:00+00:00,0.2828,0.2829,0.2828,0.2829,28.11,0.28285,7.9509135,28.11,7.9509135,
2023-10-10 05:00:00+00:00,0.2828,0.2829,0.2828,0.2829,28.11,0.28285,7.9509135,28.11,7.9509135,
2023-10-10 05:05:00+00:00,0.283,0.283,0.283,0.283,1323.1,0.283,374.4373,1323.1,374.4373,
2023-10-10 05:10:00+00:00,0.283,0.283,0.283,0.283,1323.1,0.283,374.4373,1323.1,374.4373,
2023-10-10 05:15:00+00:00,0.2828,0.283,0.2829,0.2828,91.88,0.282875,25.990555,91.88,25.990555,
2023-10-10 05:20:00+00:00,0.2829,0.283,0.2829,0.283,355.47,0.28295,100.5802365,355.47,100.5802365,
2023-10-10 05:25:00+00:00,0.2829,0.2833,0.283,0.2833,4359.98,0.283125,1234.4193375,4359.98,1234.4193375,
2023-10-10 05:30:00+00:00,0.2829,0.2833,0.283,0.2833,4359.98,0.283125,1234.4193375,4359.98,1234.4193375,
2023-10-10 05:35:00+00:00,0.2834,0.2838,0.2834,0.2838,4809.01,0.2836,1363.835236,4809.01,1363.835236,
2023-10-10 05:40:00+00:00,0.2834,0.2838,0.2834,0.2838,4809.01,0.2836,1363.835236,4809.01,1363.835236,
2023-10-10 05:45:00+00:00,0.2834,0.2838,0.2834,0.2838,4809.01,0.2836,1363.835236,4809.01,1363.835236,
2023-10-10 05:50:00+00:00,0.2834,0.2838,0.2834,0.2838,4809.01,0.2836,1363.835236,4809.01,1363.835236,
2023-10-10 05:55:00+00:00,0.2834,0.2838,0.2834,0.2838,4809.01,0.2836,1363.835236,4809.01,1363.835236,
2023-10-10 06:00:00+00:00,0.2834,0.2838,0.2834,0.2838,4809.01,0.2836,1363.835236,4809.01,1363.835236,
2023-10-10 06:05:00+00:00,0.2834,0.2838,0.2834,0.2838,4809.01,0.2836,1363.835236,4809.01,1363.835236,
2023-10-10 06:10:00+00:00,0.2838,0.2838,0.2838,0.2838,167.48,0.2838,47.530824,167.48,47.530824,
2023-10-10 06:15:00+00:00,0.2838,0.284,0.2839,0.284,389.12,0.283925,110.480896,389.12,110.480896,
2023-10-10 06:20:00+00:00,0.2838,0.284,0.2839,0.284,389.12,0.283925,110.480896,389.12,110.480896,
2023-10-10 06:25:00+00:00,0.2838,0.284,0.2839,0.284,389.12,0.283925,110.480896,389.12,110.480896,
2023-10-10 06:30:00+00:00,0.2838,0.284,0.2839,0.284,389.12,0.283925,110.480896,389.12,110.480896,
2023-10-10 06:35:00+00:00,0.2838,0.284,0.2839,0.284,389.12,0.283925,110.480896,389.12,110.480896,
2023-10-10 06:40:00+00:00,0.284,0.2842,0.284,0.2842,943.03,0.2841,267.914823,943.03,267.914823,
2023-10-10 06:45:00+00:00,0.2839,0.284,0.284,0.2839,315.74,0.28395,89.654373,315.74,89.654373,
2023-10-10 06:50:00+00:00,0.2839,0.284,0.284,0.2839,315.74,0.28395,89.654373,315.74,89.654373,
2023-10-10 06:55:00+00:00,0.2843,0.2845,0.2843,0.2845,1766.7,0.2844,502.44948,1766.7,502.44948,
2023-10-10 07:00:00+00:00,0.2843,0.2845,0.2843,0.2845,1766.7,0.2844,502.44948,1766.7,502.44948,
2023-10-10 07:05:00+00:00,0.2846,0.285,0.2846,0.285,5166.87,0.2848,1471.524576,5166.87,1471.524576,
2023-10-10 07:10:00+00:00,0.2848,0.2851,0.2849,0.2848,3712.04,0.2849,1057.560196,3712.04,1057.560196,
2023-10-10 07:15:00+00:00,0.2846,0.2849,0.2847,0.2849,667.44,0.284775,190.070226,667.44,190.070226,
2023-10-10 07:20:00+00:00,0.2846,0.2849,0.2847,0.2849,667.44,0.284775,190.070226,667.44,190.070226,
2023-10-10 07:25:00+00:00,0.2846,0.285,0.2849,0.285,558.31,0.284875,159.04856125,558.31,159.04856125,
2023-10-10 07:30:00+00:00,0.285,0.2851,0.285,0.285,1129.52,0.285025,321.941438,1129.52,321.941438,
2023-10-10 07:35:00+00:00,0.2849,0.285,0.285,0.2849,1054.46,0.28495,300.468377,1054.46,300.468377,
2023-10-10 07:40:00+00:00,0.2849,0.285,0.285,0.2849,1054.46,0.28495,300.468377,1054.46,300.468377,
2023-10-10 07:45:00+00:00,0.2852,0.2856,0.2852,0.2853,1333.8,0.285325,380.566485,1333.8,380.566485,
2023-10-10 07:50:00+00:00,0.2849,0.2853,0.2853,0.2852,1696.96,0.285175,483.930568,1696.96,483.930568,
2023-10-10 07:55:00+00:00,0.2849,0.285,0.285,0.2849,237.45,0.28495,67.6613775,237.45,67.6613775,
2023-10-10 08:00:00+00:00,0.2849,0.2852,0.2849,0.2852,173.81,0.28505,49.5445405,173.81,49.5445405,
2023-10-10 08:05:00+00:00,0.2851,0.2855,0.2855,0.2851,563.08,0.2853,160.646724,563.08,160.646724,
2023-10-10 08:10:00+00:00,0.2852,0.2852,0.2852,0.2852,1589.38,0.2852,453.291176,1589.38,453.291176,
2023-10-10 08:15:00+00:00,0.2851,0.2854,0.2852,0.2854,286.17,0.285275,81.63714675,286.17,81.63714675,
2023-10-10 08:20:00+00:00,0.2849,0.2851,0.2851,0.2849,88.27,0.285,25.15695,88.27,25.15695,
2023-10-10 08:25:00+00:00,0.285,0.2852,0.285,0.2851,1261.05,0.285075,359.49382875,1261.05,359.49382875,
2023-10-10 08:30:00+00:00,0.285,0.2852,0.285,0.2851,1261.05,0.285075,359.49382875,1261.05,359.49382875,
2023-10-10 08:35:00+00:00,0.2849,0.285,0.285,0.285,150.76,0.284975,42.962831,150.76,42.962831,
2023-10-10 08:40:00+00:00,0.285,0.2851,0.285,0.285,965.19,0.285025,275.10327975,965.19,275.10327975,
2023-10-10 08:45:00+00:00,0.2849,0.285,0.2849,0.285,178.32,0.28495,50.812284,178.32,50.812284,
2023-10-10 08:50:00+00:00,0.2849,0.285,0.2849,0.285,178.32,0.28495,50.812284,178.32,50.812284,
2023-10-10 08:55:00+00:00,0.2847,0.2849,0.2848,0.2848,768.44,0.2848,218.851712,768.44,218.851712,
2023-10-10 09:00:00+00:00,0.2847,0.2849,0.2848,0.2848,768.44,0.2848,218.851712,768.44,218.851712,
2023-10-10 09:05:00+00:00,0.2846,0.2852,0.2846,0.2849,93.68,0.284825,26.682406,93.68,26.682406,
2023-10-10 09:10:00+00:00,0.2851,0.2854,0.2851,0.2852,1161.54,0.2852,331.271208,1161.54,331.271208,
2023-10-10 09:15:00+00:00,0.2851,0.2854,0.2851,0.2852,1161.54,0.2852,331.271208,1161.54,331.271208,
2023-10-10 09:20:00+00:00,0.2851,0.2852,0.2851,0.2852,353.05,0.28515,100.6722075,353.05,100.6722075,
2023-10-10 09:25:00+00:00,0.2851,0.2851,0.2851,0.2851,330.3,0.2851,94.16853,330.3,94.16853,
2023-10-10 09:30:00+00:00,0.2846,0.2849,0.2849,0.2846,1377.39,0.28475,392.2118025,1377.39,392.2118025,
2023-10-10 09:35:00+00:00,0.2846,0.2846,0.2846,0.2846,175.7,0.2846,50.00422,175.7,50.00422,
2023-10-10 09:40:00+00:00,0.2846,0.2846,0.2846,0.2846,1120.15,0.2846,318.79469,1120.15,318.79469,
2023-10-10 09:45:00+00:00,0.2846,0.2856,0.2846,0.2856,2448.83,0.2851,698.161433,2448.83,698.161433,
2023-10-10 09:50:00+00:00,0.2849,0.2855,0.2853,0.2852,2548.15,0.285225,726.79608375,2548.15,726.79608375,
2023-10-10 09:55:00+00:00,0.2849,0.2855,0.2853,0.2852,2548.15,0.285225,726.79608375,2548.15,726.79608375,
2023-10-10 10:00:00+00:00,0.2849,0.2851,0.2849,0.2851,728.84,0.285,207.7194,728.84,207.7194,
2023-10-10 10:05:00+00:00,0.2849,0.2851,0.2849,0.2851,728.84,0.285,207.7194,728.84,207.7194,
2023-10-10 10:10:00+00:00,0.2851,0.2852,0.2851,0.2852,732.28,0.28515,208.809642,732.28,208.809642,
2023-10-10 10:15:00+00:00,0.2851,0.2852,0.2851,0.2852,732.28,0.28515,208.809642,732.28,208.809642,
2023-10-10 10:20:00+00:00,0.2849,0.2852,0.2849,0.2852,3543.05,0.28505,1009.9464025,3543.05,1009.9464025,
2023-10-10 10:25:00+00:00,0.285,0.2852,0.2852,0.285,23.07,0.2851,6.577257,23.07,6.577257,
2023-10-10 10:30:00+00:00,0.285,0.2852,0.2852,0.285,23.07,0.2851,6.577257,23.07,6.577257,
2023-10-10 10:35:00+00:00,0.2837,0.2849,0.2849,0.2838,3086.99,0.284325,877.70843175,3086.99,877.70843175,
2023-10-10 10:40:00+00:00,0.2837,0.284,0.284,0.2838,431.7,0.283875,122.5488375,431.7,122.5488375,
2023-10-10 10:45:00+00:00,0.2832,0.2834,0.2834,0.2834,769.06,0.28335,217.913151,769.06,217.913151,
2023-10-10 10:50:00+00:00,0.2832,0.2834,0.2834,0.2834,769.06,0.28335,217.913151,769.06,217.913151,
2023-10-10 10:55:00+00:00,0.2831,0.2834,0.2832,0.2834,496.1,0.283275,140.5327275,496.1,140.5327275,
2023-10-10 11:00:00+00:00,0.2829,0.2833,0.2833,0.2833,1065.21,0.2832,301.667472,1065.21,301.667472,
2023-10-10 11:05:00+00:00,0.2829,0.2833,0.2833,0.2833,1065.21,0.2832,301.667472,1065.21,301.667472,
2023-10-10 11:10:00+00:00,0.2831,0.2834,0.2831,0.2831,159.9,0.283175,45.2796825,159.9,45.2796825,
2023-10-10 11:15:00+00:00,0.2828,0.283,0.283,0.2828,462.32,0.2829,130.790328,462.32,130.790328,
2023-10-10 11:20:00+00:00,0.2826,0.2829,0.2826,0.2828,430.25,0.282725,121.64243125,430.25,121.64243125,
2023-10-10 11:25:00+00:00,0.2826,0.2829,0.2828,0.2829,2236.59,0.2828,632.507652,2236.59,632.507652,
2023-10-10 11:30:00+00:00,0.2822,0.2825,0.2825,0.2825,358.45,0.282425,101.23524125,358.45,101.23524125,
2023-10-10 11:35:00+00:00,0.2822,0.2825,0.2825,0.2825,358.45,0.282425,101.23524125,358.45,101.23524125,
2023-10-10 11:40:00+00:00,0.2822,0.2825,0.2825,0.2825,358.45,0.282425,101.23524125,358.45,101.23524125,
2023-10-10 11:45:00+00:00,0.2827,0.2828,0.2827,0.2828,164.41,0.28275,46.4869275,164.41,46.4869275,
2023-10-10 11:50:00+00:00,0.2823,0.2825,0.2825,0.2823,390.35,0.2824,110.23484,390.35,110.23484,
2023-10-10 11:55:00+00:00,0.2819,0.2822,0.2822,0.2819,205.48,0.28205,57.955634,205.48,57.955634,
2023-10-10 12:00:00+00:00,0.2822,0.2825,0.2822,0.2822,290.67,0.282275,82.04887425,290.67,82.04887425,
2023-10-10 12:05:00+00:00,0.2819,0.2822,0.282,0.2822,287.28,0.282075,81.034506,287.28,81.034506,
2023-10-10 12:10:00+00:00,0.2819,0.2822,0.282,0.2822,287.28,0.282075,81.034506,287.28,81.034506,
2023-10-10 12:15:00+00:00,0.2822,0.2825,0.2822,0.2825,91.4,0.28235,25.80679,91.4,25.80679,
2023-10-10 12:20:00+00:00,0.2828,0.2831,0.2828,0.2831,838.6,0.28295,237.28187,838.6,237.28187,
2023-10-10 12:25:00+00:00,0.2828,0.2832,0.2832,0.2828,351.95,0.283,99.60185,351.95,99.60185,
2023-10-10 12:30:00+00:00,0.2828,0.2832,0.2832,0.2828,351.95,0.283,99.60185,351.95,99.60185,
2023-10-10 12:35:00+00:00,0.2825,0.2826,0.2826,0.2825,188.5,0.28255,53.260675,188.5,53.260675,
2023-10-10 12:40:00+00:00,0.2825,0.2827,0.2825,0.2827,48.81,0.2826,13.793706,48.81,13.793706,
2023-10-10 12:45:00+00:00,0.2818,0.2826,0.2826,0.2819,6670.46,0.282225,1882.5705735,6670.46,1882.5705735,
2023-10-10 12:50:00+00:00,0.2813,0.2816,0.2816,0.2813,188.78,0.28145,53.132131,188.78,53.132131,
2023-10-10 12:55:00+00:00,0.2808,0.2816,0.2812,0.2816,5559.83,0.2813,1563.980179,5559.83,1563.980179,
2023-10-10 13:00:00+00:00,0.2816,0.2822,0.2819,0.2816,5136.93,0.281825,1447.71529725,5136.93,1447.71529725,
2023-10-10 13:05:00+00:00,0.2816,0.2822,0.2819,0.2816,5136.93,0.281825,1447.71529725,5136.93,1447.71529725,
2023-10-10 13:10:00+00:00,0.2815,0.2817,0.2817,0.2815,1878.55,0.2816,528.99968,1878.55,528.99968,
2023-10-10 13:15:00+00:00,0.2815,0.2817,0.2817,0.2815,1878.55,0.2816,528.99968,1878.55,528.99968,
2023-10-10 13:20:00+00:00,0.2819,0.2822,0.2819,0.2822,1175.44,0.28205,331.532852,1175.44,331.532852,
2023-10-10 13:25:00+00:00,0.2823,0.2825,0.2825,0.2823,94.71,0.2824,26.746104,94.71,26.746104,
2023-10-10 13:30:00+00:00,0.2823,0.2825,0.2825,0.2823,94.71,0.2824,26.746104,94.71,26.746104,
2023-10-10 13:35:00+00:00,0.2815,0.2825,0.2824,0.2815,3844.74,0.281975,1084.1205615,3844.74,1084.1205615,
2023-10-10 13:40:00+00:00,0.2815,0.2816,0.2816,0.2816,672.98,0.281575,189.4943435,672.98,189.4943435,
2023-10-10 13:45:00+00:00,0.2817,0.2819,0.2817,0.2817,1197.55,0.28175,337.4097125,1197.55,337.4097125,
2023-10-10 13:50:00+00:00,0.2817,0.2819,0.2817,0.2817,1197.55,0.28175,337.4097125,1197.55,337.4097125,
2023-10-10 13:55:00+00:00,0.2818,0.2825,0.2819,0.2825,920.73,0.282175,259.80698775,920.73,259.80698775,
2023-10-10 14:00:00+00:00,0.2828,0.2834,0.2828,0.2834,258.85,0.2831,73.280435,258.85,73.280435,
2023-10-10 14:05:00+00:00,0.2831,0.2834,0.2831,0.2834,176.53,0.28325,50.0021225,176.53,50.0021225,
2023-10-10 14:10:00+00:00,0.2837,0.284,0.2837,0.284,524.75,0.28385,148.9502875,524.75,148.9502875,
2023-10-10 14:15:00+00:00,0.2834,0.284,0.2837,0.2836,615.34,0.283675,174.5565745,615.34,174.5565745,
2023-10-10 14:20:00+00:00,0.2834,0.2835,0.2834,0.2835,255.87,0.28345,72.5263515,255.87,72.5263515,
2023-10-10 14:25:00+00:00,0.2833,0.2837,0.2837,0.2833,844.93,0.2835,239.537655,844.93,239.537655,
2023-10-10 14:30:00+00:00,0.2828,0.2832,0.2831,0.2832,1233.78,0.283075,349.2522735,1233.78,349.2522735,
2023-10-10 14:35:00+00:00,0.2833,0.2837,0.2833,0.2834,314.57,0.283425,89.15700225,314.57,89.15700225,
2023-10-10 14:40:00+00:00,0.2831,0.2834,0.2834,0.2831,1112.77,0.28325,315.1921025,1112.77,315.1921025,
2023-10-10 14:45:00+00:00,0.2822,0.2831,0.2831,0.2822,1211.81,0.28265,342.5180965,1211.81,342.5180965,
2023-10-10 14:50:00+00:00,0.2814,0.2823,0.2822,0.2814,2768.29,0.281825,780.17332925,2768.29,780.17332925,
2023-10-10 14:55:00+00:00,0.2809,0.2819,0.2813,0.2816,3169.79,0.281425,892.05815075,3169.79,892.05815075,
2023-10-10 15:00:00+00:00,0.282,0.2822,0.282,0.2822,215.89,0.2821,60.902569,215.89,60.902569,
2023-10-10 15:05:00+00:00,0.2817,0.2821,0.282,0.2817,377.57,0.281875,106.42754375,377.57,106.42754375,
2023-10-10 15:10:00+00:00,0.2812,0.2817,0.2816,0.2817,2879.27,0.28155,810.6584685,2879.27,810.6584685,
2023-10-10 15:15:00+00:00,0.2819,0.2823,0.2819,0.2823,250.68,0.2821,70.716828,250.68,70.716828,
2023-10-10 15:20:00+00:00,0.2815,0.2819,0.2819,0.2819,354.08,0.2818,99.779744,354.08,99.779744,
2023-10-10 15:25:00+00:00,0.2816,0.2822,0.2822,0.2816,3.54,0.2819,0.997926,3.54,0.997926,
2023-10-10 15:30:00+00:00,0.2818,0.282,0.282,0.2818,150.19,0.2819,42.338561,150.19,42.338561,
2023-10-10 15:35:00+00:00,0.2816,0.2822,0.2818,0.2822,927.63,0.28195,261.5452785,927.63,261.5452785,
2023-10-10 15:40:00+00:00,0.2817,0.2824,0.2824,0.2818,1114.77,0.282075,314.44874775,1114.77,314.44874775,
2023-10-10 15:45:00+00:00,0.2818,0.2823,0.2818,0.2823,853.09,0.28205,240.6140345,853.09,240.6140345,
2023-10-10 15:50:00+00:00,0.2819,0.2825,0.2825,0.282,100236.31,0.282225,28289.19258975,100236.31,28289.19258975,
2023-10-10 15:55:00+00:00,0.2818,0.282,0.282,0.2819,1633.57,0.281925,460.54422225,1633.57,460.54422225,
2023-10-10 16:00:00+00:00,0.2817,0.282,0.2818,0.2819,35380.35,0.28185,9971.9516475,35380.35,9971.9516475,
2023-10-10 16:05:00+00:00,0.2814,0.2819,0.2816,0.2819,958.47,0.2817,270.000999,958.47,270.000999,
2023-10-10 16:10:00+00:00,0.2817,0.282,0.2817,0.2818,43.05,0.2818,12.13149,43.05,12.13149,
2023-10-10 16:15:00+00:00,0.2822,0.2827,0.2822,0.2823,1146.78,0.28235,323.793333,1146.78,323.793333,
2023-10-10 16:20:00+00:00,0.2811,0.2819,0.2819,0.2818,1263.68,0.281675,355.947064,1263.68,355.947064,
2023-10-10 16:25:00+00:00,0.2818,0.2828,0.2818,0.2828,1801.21,0.2823,508.481583,1801.21,508.481583,
2023-10-10 16:30:00+00:00,0.2825,0.2831,0.2828,0.2825,284.09,0.282725,80.31934525,284.09,80.31934525,
2023-10-10 16:35:00+00:00,0.2821,0.2823,0.2823,0.2821,183.15,0.2822,51.68493,183.15,51.68493,
2023-10-10 16:40:00+00:00,0.2819,0.2825,0.2821,0.2825,723.16,0.28225,204.11191,723.16,204.11191,
2023-10-10 16:45:00+00:00,0.2822,0.2823,0.2822,0.2823,102.57,0.28225,28.9503825,102.57,28.9503825,
2023-10-10 16:50:00+00:00,0.2819,0.2825,0.2825,0.2821,932.1,0.28225,263.085225,932.1,263.085225,
2023-10-10 16:55:00+00:00,0.2818,0.2822,0.2821,0.2822,2096.53,0.282075,591.37869975,2096.53,591.37869975,
2023-10-10 17:00:00+00:00,0.282,0.2823,0.282,0.2821,222.45,0.2821,62.753145,222.45,62.753145,
2023-10-10 17:05:00+00:00,0.2812,0.2821,0.2821,0.2819,3112.69,0.281825,877.23385925,3112.69,877.23385925,
2023-10-10 17:10:00+00:00,0.2811,0.282,0.282,0.2811,366.49,0.28155,103.1852595,366.49,103.1852595,
2023-10-10 17:15:00+00:00,0.2812,0.2819,0.2812,0.2816,583.63,0.281475,164.27725425,583.63,164.27725425,
2023-10-10 17:20:00+00:00,0.2815,0.2819,0.2819,0.2817,445.99,0.28175,125.6576825,445.99,125.6576825,
2023-10-10 17:25:00+00:00,0.2816,0.282,0.2816,0.2816,447.09,0.2817,125.945253,447.09,125.945253,
2023-10-10 17:30:00+00:00,0.2812,0.2813,0.2813,0.2812,496.69,0.28125,139.6940625,496.69,139.6940625,
2023-10-10 17:35:00+00:00,0.2811,0.2813,0.2811,0.2813,711.23,0.2812,199.997876,711.23,199.997876,
2023-10-10 17:40:00+00:00,0.2816,0.2821,0.2816,0.2821,1385.41,0.28185,390.4778085,1385.41,390.4778085,
2023-10-10 17:45:00+00:00,0.2813,0.2819,0.2819,0.2813,2751.98,0.2816,774.957568,2751.98,774.957568,
2023-10-10 17:50:00+00:00,0.2809,0.2813,0.2813,0.2809,861.33,0.2811,242.119863,861.33,242.119863,
2023-10-10 17:55:00+00:00,0.2812,0.2816,0.2812,0.2816,562.81,0.2814,158.374734,562.81,158.374734,
2023-10-10 18:00:00+00:00,0.2812,0.2816,0.2812,0.2816,562.81,0.2814,158.374734,562.81,158.374734,
2023-10-10 18:05:00+00:00,0.2812,0.2815,0.2813,0.2815,1662.79,0.281375,467.86753625,1662.79,467.86753625,
2023-10-10 18:10:00+00:00,0.2814,0.2818,0.2816,0.2814,1400.53,0.28155,394.3192215,1400.53,394.3192215,
2023-10-10 18:15:00+00:00,0.2814,0.2818,0.2815,0.2817,913.01,0.2816,257.103616,913.01,257.103616,
2023-10-10 18:20:00+00:00,0.2818,0.282,0.2819,0.2818,578.59,0.281875,163.09005625,578.59,163.09005625,
2023-10-10 18:25:00+00:00,0.2819,0.2822,0.2822,0.2819,674.75,0.28205,190.3132375,674.75,190.3132375,
2023-10-10 18:30:00+00:00,0.2816,0.2819,0.2816,0.2819,262.43,0.28175,73.9396525,262.43,73.9396525,
2023-10-10 18:35:00+00:00,0.2816,0.2819,0.2816,0.2819,262.43,0.28175,73.9396525,262.43,73.9396525,
2023-10-10 18:40:00+00:00,0.2817,0.2823,0.2819,0.2823,124.72,0.28205,35.177276,124.72,35.177276,
2023-10-10 18:45:00+00:00,0.2819,0.2819,0.2819,0.2819,88.69,0.2819,25.001711,88.69,25.001711,
2023-10-10 18:50:00+00:00,0.2813,0.2817,0.2816,0.2817,1719.33,0.281575,484.12034475,1719.33,484.12034475,
2023-10-10 18:55:00+00:00,0.2818,0.2825,0.2818,0.2825,1258.2,0.28215,355.00113,1258.2,355.00113,
2023-10-10 19:00:00+00:00,0.2825,0.2828,0.2828,0.2825,2936.09,0.28265,829.8858385,2936.09,829.8858385,
2023-10-10 19:05:00+00:00,0.2822,0.2823,0.2822,0.2823,1014.58,0.28225,286.365205,1014.58,286.365205,
2023-10-10 19:10:00+00:00,0.2824,0.2827,0.2825,0.2824,4158.29,0.2825,1174.716925,4158.29,1174.716925,
2023-10-10 19:15:00+00:00,0.2821,0.2825,0.2825,0.2821,1287.76,0.2823,363.534648,1287.76,363.534648,
2023-10-10 19:20:00+00:00,0.2822,0.2827,0.2822,0.2825,423.12,0.2824,119.489088,423.12,119.489088,
2023-10-10 19:25:00+00:00,0.2819,0.2822,0.2822,0.2821,7790.67,0.2821,2197.748007,7790.67,2197.748007,
2023-10-10 19:30:00+00:00,0.2817,0.2825,0.2817,0.2825,2553.72,0.2821,720.404412,2553.72,720.404412,
2023-10-10 19:35:00+00:00,0.2822,0.2826,0.2825,0.2822,649.51,0.282375,183.40538625,649.51,183.40538625,
2023-10-10 19:40:00+00:00,0.282,0.2826,0.282,0.2826,640.72,0.2823,180.875256,640.72,180.875256,
2023-10-10 19:45:00+00:00,0.282,0.2826,0.282,0.2826,640.72,0.2823,180.875256,640.72,180.875256,
2023-10-10 19:50:00+00:00,0.2823,0.2826,0.2826,0.2823,2577.9,0.28245,728.127855,2577.9,728.127855,
2023-10-10 19:55:00+00:00,0.2825,0.2827,0.2825,0.2825,1635.41,0.28255,462.0850955,1635.41,462.0850955,
2023-10-10 20:00:00+00:00,0.2828,0.2831,0.2828,0.2831,694.12,0.28295,196.401254,694.12,196.401254,
2023-10-10 20:05:00+00:00,0.2824,0.2831,0.2831,0.2824,206.53,0.28275,58.3963575,206.53,58.3963575,
2023-10-10 20:10:00+00:00,0.2826,0.283,0.2827,0.283,1954.52,0.282825,552.787119,1954.52,552.787119,
2023-10-10 20:15:00+00:00,0.2822,0.2828,0.2827,0.2822,744.17,0.282475,210.20942075,744.17,210.20942075,
2023-10-10 20:20:00+00:00,0.2821,0.2822,0.2822,0.2821,1012.49,0.28215,285.6740535,1012.49,285.6740535,
2023-10-10 20:25:00+00:00,0.2821,0.2822,0.2822,0.2821,1012.49,0.28215,285.6740535,1012.49,285.6740535,
2023-10-10 20:30:00+00:00,0.2816,0.282,0.282,0.2816,2269.0,0.2818,639.4042,2269.0,639.4042,
2023-10-10 20:35:00+00:00,0.2813,0.2815,0.2815,0.2813,135.49,0.2814,38.126886,135.49,38.126886,
2023-10-10 20:40:00+00:00,0.2807,0.2813,0.2812,0.2807,3530.78,0.280975,992.0609105,3530.78,992.0609105,
2023-10-10 20:45:00+00:00,0.2796,0.2812,0.2806,0.2812,23696.91,0.28065,6650.5377915,23696.91,6650.5377915,
2023-10-10 20:50:00+00:00,0.2811,0.2816,0.2811,0.2816,1204.83,0.28135,338.9789205,1204.83,338.9789205,
2023-10-10 20:55:00+00:00,0.2817,0.2819,0.2819,0.2817,151.65,0.2818,42.73497,151.65,42.73497,
2023-10-10 21:00:00+00:00,0.2817,0.2819,0.2819,0.2817,151.65,0.2818,42.73497,151.65,42.73497,
2023-10-10 21:05:00+00:00,0.2811,0.2816,0.2816,0.2813,613.28,0.2814,172.576992,613.28,172.576992,
2023-10-10 21:10:00+00:00,0.2816,0.2819,0.2816,0.2818,624.34,0.281725,175.8921865,624.34,175.8921865,
2023-10-10 21:15:00+00:00,0.2817,0.2823,0.2818,0.2823,1794.45,0.282025,506.07976125,1794.45,506.07976125,
2023-10-10 21:20:00+00:00,0.2819,0.2824,0.2819,0.2824,10.63,0.28215,2.9992545,10.63,2.9992545,
2023-10-10 21:25:00+00:00,0.2819,0.2824,0.2819,0.2824,10.63,0.28215,2.9992545,10.63,2.9992545,
2023-10-10 21:30:00+00:00,0.282,0.2823,0.2823,0.282,12.23,0.28215,3.4506945,12.23,3.4506945,
2023-10-10 21:35:00+00:00,0.282,0.2823,0.2823,0.282,12.23,0.28215,3.4506945,12.23,3.4506945,
2023-10-10 21:40:00+00:00,0.2819,0.282,0.282,0.282,101.66,0.281975,28.6655785,101.66,28.6655785,
2023-10-10 21:45:00+00:00,0.2818,0.2822,0.2819,0.2819,11744.01,0.28195,3311.2236195,11744.01,3311.2236195,
2023-10-10 21:50:00+00:00,0.2819,0.2822,0.2819,0.282,355.8,0.282,100.3356,355.8,100.3356,
2023-10-10 21:55:00+00:00,0.2822,0.2822,0.2822,0.2822,393.47,0.2822,111.037234,393.47,111.037234,
2023-10-10 22:00:00+00:00,0.2822,0.2822,0.2822,0.2822,393.47,0.2822,111.037234,393.47,111.037234,
2023-10-10 22:05:00+00:00,0.2825,0.2828,0.2825,0.2828,1972.79,0.28265,557.6090935,1972.79,557.6090935,
2023-10-10 22:10:00+00:00,0.2826,0.283,0.2826,0.283,1814.45,0.2828,513.12646,1814.45,513.12646,
2023-10-10 22:15:00+00:00,0.2826,0.283,0.2826,0.283,1814.45,0.2828,513.12646,1814.45,513.12646,
2023-10-10 22:20:00+00:00,0.2825,0.2825,0.2825,0.2825,383.62,0.2825,108.37265,383.62,108.37265,
2023-10-10 22:25:00+00:00,0.2825,0.2825,0.2825,0.2825,383.62,0.2825,108.37265,383.62,108.37265,
2023-10-10 22:30:00+00:00,0.2826,0.2828,0.2826,0.2828,126.96,0.2827,35.891592,126.96,35.891592,
2023-10-10 22:35:00+00:00,0.2826,0.2828,0.2826,0.2828,126.96,0.2827,35.891592,126.96,35.891592,
2023-10-10 22:40:00+00:00,0.2827,0.2829,0.2827,0.2828,2059.75,0.282775,582.44580625,2059.75,582.44580625,
2023-10-10 22:45:00+00:00,0.2825,0.2827,0.2827,0.2825,420.8,0.2826,118.91808,420.8,118.91808,
2023-10-10 22:50:00+00:00,0.2825,0.2827,0.2827,0.2825,420.8,0.2826,118.91808,420.8,118.91808,
2023-10-10 22:55:00+00:00,0.2828,0.2829,0.2828,0.2829,1250.26,0.28285,353.636041,1250.26,353.636041,
2023-10-10 23:00:00+00:00,0.2828,0.2829,0.2828,0.2829,1250.26,0.28285,353.636041,1250.26,353.636041,
2023-10-10 23:05:00+00:00,0.2824,0.2828,0.2828,0.2824,4251.2,0.2826,1201.38912,4251.2,1201.38912,
2023-10-10 23:10:00+00:00,0.2824,0.2828,0.2828,0.2824,4251.2,0.2826,1201.38912,4251.2,1201.38912,
2023-10-10 23:15:00+00:00,0.2825,0.283,0.2825,0.2826,2708.71,0.28265,765.6168815,2708.71,765.6168815,
2023-10-10 23:20:00+00:00,0.2826,0.2828,0.2828,0.2827,305.28,0.282725,86.310288,305.28,86.310288,
2023-10-10 23:25:00+00:00,0.2827,0.2827,0.2827,0.2827,65.89,0.2827,18.627103,65.89,18.627103,
2023-10-10 23:30:00+00:00,0.2825,0.2828,0.2827,0.2828,216.54,0.2827,61.215858,216.54,61.215858,
2023-10-10 23:35:00+00:00,0.2825,0.2831,0.2829,0.2825,38.42,0.28275,10.863255,38.42,10.863255,
2023-10-10 23:40:00+00:00,0.2825,0.2831,0.2829,0.2825,38.42,0.28275,10.863255,38.42,10.863255,
2023-10-10 23:45:00+00:00,0.2825,0.2831,0.2829,0.2825,38.42,0.28275,10.863255,38.42,10.863255,
2023-10-10 23:50:00+00:00,0.2824,0.2826,0.2826,0.2826,3068.21,0.28255,866.9227355,3068.21,866.9227355,
2023-10-10 23:55:00+00:00,0.2827,0.283,0.2827,0.283,722.09,0.28285,204.2431565,722.09,204.2431565,
2023-10-11 00:00:00+00:00,0.2825,0.2829,0.2827,0.2825,709.0,0.28265,200.39885,709.0,200.39885,
2023-10-11 00:05:00+00:00,0.2825,0.2829,0.2827,0.2825,709.0,0.28265,200.39885,709.0,200.39885,
2023-10-11 00:10:00+00:00,0.2828,0.2829,0.2828,0.2829,1810.13,0.28285,511.9952705,1810.13,511.9952705,
2023-10-11 00:15:00+00:00,0.2828,0.2832,0.2831,0.2828,201.27,0.282975,56.95437825,201.27,56.95437825,
2023-10-11 00:20:00+00:00,0.2831,0.2833,0.2831,0.2833,91.95,0.2832,26.04024,91.95,26.04024,
2023-10-11 00:25:00+00:00,0.2828,0.2832,0.2828,0.2832,119.37,0.283,33.78171,119.37,33.78171,
2023-10-11 00:30:00+00:00,0.2834,0.2837,0.2834,0.2837,126.85,0.28355,35.9683175,126.85,35.9683175,
2023-10-11 00:35:00+00:00,0.2836,0.2839,0.2839,0.2836,636.27,0.28375,180.5416125,636.27,180.5416125,
2023-10-11 00:40:00+00:00,0.2834,0.284,0.2834,0.284,1019.49,0.2837,289.229313,1019.49,289.229313,
2023-10-11 00:45:00+00:00,0.2834,0.284,0.2834,0.284,1019.49,0.2837,289.229313,1019.49,289.229313,
2023-10-11 00:50:00+00:00,0.2834,0.284,0.2834,0.284,1019.49,0.2837,289.229313,1019.49,289.229313,
2023-10-11 00:55:00+00:00,0.2834,0.284,0.2834,0.284,1019.49,0.2837,289.229313,1019.49,289.229313,
2023-10-11 01:00:00+00:00,0.2837,0.284,0.2838,0.284,939.22,0.283875,266.6210775,939.22,266.6210775,
2023-10-11 01:05:00+00:00,0.2837,0.284,0.2838,0.284,939.22,0.283875,266.6210775,939.22,266.6210775,
2023-10-11 01:10:00+00:00,0.2837,0.284,0.2838,0.284,939.22,0.283875,266.6210775,939.22,266.6210775,
2023-10-11 01:15:00+00:00,0.2834,0.284,0.2837,0.284,822.73,0.283775,233.47020575,822.73,233.47020575,
2023-10-11 01:20:00+00:00,0.2836,0.2837,0.2837,0.2836,819.55,0.28365,232.4653575,819.55,232.4653575,
2023-10-11 01:25:00+00:00,0.2834,0.2835,0.2835,0.2834,829.55,0.28345,235.1359475,829.55,235.1359475,
2023-10-11 01:30:00+00:00,0.2834,0.2835,0.2835,0.2834,829.55,0.28345,235.1359475,829.55,235.1359475,
2023-10-11 01:35:00+00:00,0.2831,0.2832,0.2832,0.2831,366.07,0.28315,103.6527205,366.07,103.6527205,
2023-10-11 01:40:00+00:00,0.2834,0.2836,0.2834,0.2836,775.22,0.2835,219.77487,775.22,219.77487,
2023-10-11 01:45:00+00:00,0.2836,0.2838,0.2836,0.2838,1221.56,0.2837,346.556572,1221.56,346.556572,
2023-10-11 01:50:00+00:00,0.2836,0.2838,0.2836,0.2838,1221.56,0.2837,346.556572,1221.56,346.556572,
2023-10-11 01:55:00+00:00,0.2838,0.284,0.2838,0.284,254.16,0.2839,72.156024,254.16,72.156024,
2023-10-11 02:00:00+00:00,0.284,0.2842,0.284,0.2842,405.86,0.2841,115.304826,405.86,115.304826,
2023-10-11 02:05:00+00:00,0.2839,0.284,0.284,0.2839,494.54,0.28395,140.424633,494.54,140.424633,
2023-10-11 02:10:00+00:00,0.2839,0.284,0.284,0.2839,494.54,0.28395,140.424633,494.54,140.424633,
2023-10-11 02:15:00+00:00,0.2833,0.2837,0.2837,0.2834,2308.33,0.283525,654.46926325,2308.33,654.46926325,
2023-10-11 02:20:00+00:00,0.2825,0.2831,0.2831,0.2825,767.22,0.2828,216.969816,767.22,216.969816,
2023-10-11 02:25:00+00:00,0.2822,0.2825,0.2825,0.2822,91.4,0.28235,25.80679,91.4,25.80679,
2023-10-11 02:30:00+00:00,0.2781,0.2819,0.2819,0.2781,7473.21,0.28,2092.4988,7473.21,2092.4988,
2023-10-11 02:35:00+00:00,0.2773,0.2804,0.2778,0.2799,11070.43,0.27885,3086.9894055,11070.43,3086.9894055,
2023-10-11 02:40:00+00:00,0.2793,0.2799,0.2796,0.2799,875.18,0.279675,244.7659665,875.18,244.7659665,
2023-10-11 02:45:00+00:00,0.2802,0.2811,0.2802,0.2808,2501.98,0.280575,701.9930385,2501.98,701.9930385,
2023-10-11 02:50:00+00:00,0.2799,0.2805,0.2805,0.2799,2188.61,0.2802,613.248522,2188.61,613.248522,
2023-10-11 02:55:00+00:00,0.2802,0.2807,0.2802,0.2805,1949.22,0.2804,546.561288,1949.22,546.561288,
2023-10-11 03:00:00+00:00,0.2805,0.2813,0.2806,0.2805,4511.27,0.280725,1266.42627075,4511.27,1266.42627075,
2023-10-11 03:05:00+00:00,0.28,0.2806,0.2805,0.2806,4093.44,0.280425,1147.902912,4093.44,1147.902912,
2023-10-11 03:10:00+00:00,0.2808,0.2812,0.2808,0.2808,1300.91,0.2809,365.425619,1300.91,365.425619,
2023-10-11 03:15:00+00:00,0.2807,0.281,0.281,0.2808,1092.94,0.280875,306.9795225,1092.94,306.9795225,
2023-10-11 03:20:00+00:00,0.2802,0.2807,0.2805,0.2807,2591.24,0.280525,726.907601,2591.24,726.907601,
2023-10-11 03:25:00+00:00,0.2808,0.2813,0.2808,0.2811,1289.54,0.281,362.36074,1289.54,362.36074,
2023-10-11 03:30:00+00:00,0.2802,0.281,0.281,0.2805,2222.77,0.280675,623.87596975,2222.77,623.87596975,
2023-10-11 03:35:00+00:00,0.2805,0.2808,0.2807,0.2805,1600.89,0.280625,449.24975625,1600.89,449.24975625,
2023-10-11 03:40:00+00:00,0.2805,0.2807,0.2805,0.2807,125.54,0.2806,35.226524,125.54,35.226524,
2023-10-11 03:45:00+00:00,0.2807,0.2808,0.2807,0.2808,338.78,0.28075,95.112485,338.78,95.112485,
2023-10-11 03:50:00+00:00,0.2799,0.2808,0.2808,0.2799,1124.4,0.28035,315.22554,1124.4,315.22554,
2023-10-11 03:55:00+00:00,0.2797,0.28,0.2799,0.28,865.15,0.2799,242.155485,865.15,242.155485,
2023-10-11 04:00:00+00:00,0.2801,0.2805,0.2801,0.2804,3052.89,0.280275,855.64874475,3052.89,855.64874475,
2023-10-11 04:05:00+00:00,0.2802,0.2805,0.2804,0.2805,6788.35,0.2804,1903.45334,6788.35,1903.45334,
2023-10-11 04:10:00+00:00,0.2803,0.2807,0.2803,0.2807,1725.41,0.2805,483.977505,1725.41,483.977505,
2023-10-11 04:15:00+00:00,0.2807,0.2811,0.2808,0.2811,121.15,0.280925,34.03406375,121.15,34.03406375,
2023-10-11 04:20:00+00:00,0.2811,0.2813,0.2811,0.2813,241.74,0.2812,67.977288,241.74,67.977288,
2023-10-11 04:25:00+00:00,0.2812,0.2813,0.2812,0.2813,299.33,0.28125,84.1865625,299.33,84.1865625,
2023-10-11 04:30:00+00:00,0.2811,0.2813,0.2812,0.2812,444.55,0.2812,125.00746,444.55,125.00746,
2023-10-11 04:35:00+00:00,0.2811,0.2814,0.2811,0.2814,274.71,0.28125,77.2621875,274.71,77.2621875,
2023-10-11 04:40:00+00:00,0.2811,0.2814,0.2811,0.2814,274.71,0.28125,77.2621875,274.71,77.2621875,
2023-10-11 04:45:00+00:00,0.2816,0.2819,0.2816,0.2819,89.52,0.28175,25.22226,89.52,25.22226,
2023-10-11 04:50:00+00:00,0.2819,0.2819,0.2819,0.2819,718.25,0.2819,202.474675,718.25,202.474675,
2023-10-11 04:55:00+00:00,0.2817,0.282,0.282,0.2817,1003.94,0.28185,282.960489,1003.94,282.960489,
2023-10-11 05:00:00+00:00,0.2812,0.2817,0.2817,0.2812,2688.79,0.28145,756.7599455,2688.79,756.7599455,
2023-10-11 05:05:00+00:00,0.2811,0.2813,0.2811,0.2813,92.37,0.2812,25.974444,92.37,25.974444,
2023-10-11 05:10:00+00:00,0.2813,0.2816,0.2816,0.2813,177.66,0.28145,50.002407,177.66,50.002407,
2023-10-11 05:15:00+00:00,0.2812,0.2813,0.2812,0.2813,114.1,0.28125,32.090625,114.1,32.090625,
2023-10-11 05:20:00+00:00,0.2808,0.2812,0.2812,0.2811,352.34,0.281075,99.0339655,352.34,99.0339655,
2023-10-11 05:25:00+00:00,0.2812,0.2813,0.2812,0.2812,266.7,0.281225,75.0027075,266.7,75.0027075,
2023-10-11 05:30:00+00:00,0.2811,0.2812,0.2811,0.2812,441.51,0.28115,124.1305365,441.51,124.1305365,
2023-10-11 05:35:00+00:00,0.2813,0.2816,0.2813,0.2816,177.66,0.28145,50.002407,177.66,50.002407,
2023-10-11 05:40:00+00:00,0.2818,0.2819,0.2818,0.2818,2273.61,0.281825,640.76013825,2273.61,640.76013825,
2023-10-11 05:45:00+00:00,0.2818,0.2819,0.2818,0.2818,2273.61,0.281825,640.76013825,2273.61,640.76013825,
2023-10-11 05:50:00+00:00,0.2811,0.2816,0.2816,0.2811,1452.11,0.28135,408.5511485,1452.11,408.5511485,
2023-10-11 05:55:00+00:00,0.281,0.2813,0.281,0.2813,481.99,0.28115,135.5114885,481.99,135.5114885,
2023-10-11 06:00:00+00:00,0.2808,0.2813,0.2812,0.2808,622.53,0.281025,174.94649325,622.53,174.94649325,
2023-10-11 06:05:00+00:00,0.2804,0.2806,0.2806,0.2804,10715.32,0.2805,3005.64726,10715.32,3005.64726,
2023-10-11 06:10:00+00:00,0.2802,0.281,0.2808,0.2802,5483.75,0.28055,1538.4660625,5483.75,1538.4660625,
2023-10-11 06:15:00+00:00,0.28,0.2812,0.2802,0.2809,3946.91,0.280575,1107.40427325,3946.91,1107.40427325,
2023-10-11 06:20:00+00:00,0.2807,0.281,0.2809,0.2807,2076.59,0.280825,583.15838675,2076.59,583.15838675,
2023-10-11 06:25:00+00:00,0.2805,0.2808,0.2805,0.2808,1707.06,0.28065,479.086389,1707.06,479.086389,
2023-10-11 06:30:00+00:00,0.2811,0.2812,0.2811,0.2812,363.63,0.28115,102.2345745,363.63,102.2345745,
2023-10-11 06:35:00+00:00,0.2813,0.2819,0.2813,0.2819,1494.81,0.2816,420.938496,1494.81,420.938496,
2023-10-11 06:40:00+00:00,0.2813,0.2816,0.2816,0.2813,468.75,0.28145,131.9296875,468.75,131.9296875,
2023-10-11 06:45:00+00:00,0.2814,0.2814,0.2814,0.2814,924.21,0.2814,260.072694,924.21,260.072694,
2023-10-11 06:50:00+00:00,0.2814,0.2814,0.2814,0.2814,924.21,0.2814,260.072694,924.21,260.072694,
2023-10-11 06:55:00+00:00,0.2813,0.2817,0.2815,0.2817,163.17,0.28155,45.9405135,163.17,45.9405135,
2023-10-11 07:00:00+00:00,0.2813,0.2817,0.2815,0.2817,163.17,0.28155,45.9405135,163.17,45.9405135,
2023-10-11 07:05:00+00:00,0.2813,0.2817,0.2815,0.2817,163.17,0.28155,45.9405135,163.17,45.9405135,
2023-10-11 07:10:00+00:00,0.2814,0.2816,0.2816,0.2814,1703.6,0.2815,479.5634,1703.6,479.5634,
2023-10-11 07:15:00+00:00,0.2807,0.2813,0.2813,0.2807,990.87,0.281,278.43447,990.87,278.43447,
2023-10-11 07:20:00+00:00,0.2809,0.2812,0.2809,0.2812,693.09,0.28105,194.7929445,693.09,194.7929445,
2023-10-11 07:25:00+00:00,0.2813,0.2816,0.2813,0.2813,1292.36,0.281375,363.637795,1292.36,363.637795,
2023-10-11 07:30:00+00:00,0.2811,0.2812,0.2812,0.2811,355.7,0.28115,100.005055,355.7,100.005055,
2023-10-11 07:35:00+00:00,0.281,0.2812,0.2811,0.2812,1451.79,0.281125,408.13446375,1451.79,408.13446375,
2023-10-11 07:40:00+00:00,0.2809,0.2812,0.2812,0.2809,2002.0,0.28105,562.6621,2002.0,562.6621,
2023-10-11 07:45:00+00:00,0.281,0.2813,0.281,0.2813,119.13,0.28115,33.4933995,119.13,33.4933995,
2023-10-11 07:50:00+00:00,0.2808,0.2811,0.2811,0.2809,720.46,0.280975,202.4312485,720.46,202.4312485,
2023-10-11 07:55:00+00:00,0.2806,0.2808,0.2808,0.2807,511.74,0.280725,143.6582115,511.74,143.6582115,
2023-10-11 08:00:00+00:00,0.2806,0.2808,0.2808,0.2807,511.74,0.280725,143.6582115,511.74,143.6582115,
2023-10-11 08:05:00+00:00,0.2805,0.2806,0.2805,0.2806,2344.97,0.28055,657.8813335,2344.97,657.8813335,
2023-10-11 08:10:00+00:00,0.2807,0.2808,0.2807,0.2807,1418.22,0.280725,398.1298095,1418.22,398.1298095,
2023-10-11 08:15:00+00:00,0.2807,0.2808,0.2807,0.2807,1418.22,0.280725,398.1298095,1418.22,398.1298095,
2023-10-11 08:20:00+00:00,0.2801,0.2805,0.2805,0.2801,7056.2,0.2803,1977.85286,7056.2,1977.85286,
2023-10-11 08:25:00+00:00,0.2801,0.2805,0.2805,0.2801,7056.2,0.2803,1977.85286,7056.2,1977.85286,
2023-10-11 08:30:00+00:00,0.2801,0.2805,0.2803,0.2801,2253.02,0.28025,631.408855,2253.02,631.408855,
2023-10-11 08:35:00+00:00,0.2803,0.2813,0.2803,0.2813,2937.1,0.2808,824.73768,2937.1,824.73768,
2023-10-11 08:40:00+00:00,0.2811,0.2814,0.2812,0.2811,3924.02,0.2812,1103.434424,3924.02,1103.434424,
2023-10-11 08:45:00+00:00,0.2808,0.2812,0.2812,0.2811,1515.99,0.281075,426.10688925,1515.99,426.10688925,
2023-10-11 08:50:00+00:00,0.2808,0.2812,0.2812,0.2811,1515.99,0.281075,426.10688925,1515.99,426.10688925,
2023-10-11 08:55:00+00:00,0.2811,0.2812,0.2811,0.2812,902.27,0.28115,253.6732105,902.27,253.6732105,
2023-10-11 09:00:00+00:00,0.2811,0.2816,0.2811,0.2815,3323.14,0.281325,934.8823605,3323.14,934.8823605,
2023-10-11 09:05:00+00:00,0.2814,0.2819,0.2814,0.2819,83.57,0.28165,23.5374905,83.57,23.5374905,
2023-10-11 09:10:00+00:00,0.2814,0.2819,0.2814,0.2819,83.57,0.28165,23.5374905,83.57,23.5374905,
2023-10-11 09:15:00+00:00,0.2822,0.2823,0.2822,0.2822,10463.81,0.282225,2953.14877725,10463.81,2953.14877725,
2023-10-11 09:20:00+00:00,0.2816,0.2819,0.2819,0.2819,269.26,0.281825,75.8841995,269.26,75.8841995,
2023-10-11 09:25:00+00:00,0.2816,0.2819,0.2819,0.2819,269.26,0.281825,75.8841995,269.26,75.8841995,
2023-10-11 09:30:00+00:00,0.2818,0.2822,0.2822,0.2818,4.11,0.282,1.15902,4.11,1.15902,
2023-10-11 09:35:00+00:00,0.2822,0.2828,0.2822,0.2822,1675.75,0.28235,473.1480125,1675.75,473.1480125,
2023-10-11 09:40:00+00:00,0.2825,0.2829,0.2825,0.2825,2117.64,0.2826,598.445064,2117.64,598.445064,
2023-10-11 09:45:00+00:00,0.2828,0.2831,0.2828,0.2831,504.6,0.28295,142.77657,504.6,142.77657,
2023-10-11 09:50:00+00:00,0.2831,0.2834,0.2831,0.2834,1017.98,0.28325,288.342835,1017.98,288.342835,
2023-10-11 09:55:00+00:00,0.2827,0.2831,0.2831,0.2831,2592.02,0.283,733.54166,2592.02,733.54166,
2023-10-11 10:00:00+00:00,0.2826,0.283,0.283,0.2826,1733.69,0.2828,490.287532,1733.69,490.287532,
2023-10-11 10:05:00+00:00,0.2825,0.2825,0.2825,0.2825,89.49,0.2825,25.280925,89.49,25.280925,
2023-10-11 10:10:00+00:00,0.2821,0.2825,0.2822,0.2825,23069.56,0.282325,6513.113527,23069.56,6513.113527,
2023-10-11 10:15:00+00:00,0.2825,0.2826,0.2825,0.2825,192.57,0.282525,54.40583925,192.57,54.40583925,
2023-10-11 10:20:00+00:00,0.2825,0.2831,0.2825,0.2831,1765.98,0.2828,499.419144,1765.98,499.419144,
2023-10-11 10:25:00+00:00,0.2828,0.2833,0.2832,0.2828,1521.75,0.283025,430.69329375,1521.75,430.69329375,
2023-10-11 10:30:00+00:00,0.2825,0.2828,0.2826,0.2828,2250.97,0.282675,636.29294475,2250.97,636.29294475,
2023-10-11 10:35:00+00:00,0.2825,0.2825,0.2825,0.2825,413.09,0.2825,116.697925,413.09,116.697925,
2023-10-11 10:40:00+00:00,0.2825,0.2825,0.2825,0.2825,413.09,0.2825,116.697925,413.09,116.697925,
2023-10-11 10:45:00+00:00,0.2824,0.2824,0.2824,0.2824,1531.06,0.2824,432.371344,1531.06,432.371344,
2023-10-11 10:50:00+00:00,0.2824,0.2824,0.2824,0.2824,1531.06,0.2824,432.371344,1531.06,432.371344,
2023-10-11 10:55:00+00:00,0.2823,0.2825,0.2825,0.2824,1623.85,0.282425,458.61583625,1623.85,458.61583625,
2023-10-11 11:00:00+00:00,0.2824,0.2826,0.2826,0.2824,52.63,0.2825,14.867975,52.63,14.867975,
2023-10-11 11:05:00+00:00,0.2823,0.2824,0.2823,0.2824,1594.39,0.28235,450.1760165,1594.39,450.1760165,
2023-10-11 11:10:00+00:00,0.2823,0.2824,0.2823,0.2824,1594.39,0.28235,450.1760165,1594.39,450.1760165,
2023-10-11 11:15:00+00:00,0.2825,0.2825,0.2825,0.2825,1199.86,0.2825,338.96045,1199.86,338.96045,
2023-10-11 11:20:00+00:00,0.2825,0.2825,0.2825,0.2825,1199.86,0.2825,338.96045,1199.86,338.96045,
2023-10-11 11:25:00+00:00,0.282,0.2824,0.2824,0.2822,1394.37,0.28225,393.5609325,1394.37,393.5609325,
2023-10-11 11:30:00+00:00,0.282,0.2824,0.2824,0.2822,1394.37,0.28225,393.5609325,1394.37,393.5609325,
2023-10-11 11:35:00+00:00,0.2819,0.282,0.2819,0.282,458.74,0.28195,129.341743,458.74,129.341743,
2023-10-11 11:40:00+00:00,0.2815,0.2817,0.2817,0.2815,2001.51,0.2816,563.625216,2001.51,563.625216,
2023-10-11 11:45:00+00:00,0.2815,0.2817,0.2815,0.2817,1153.86,0.2816,324.926976,1153.86,324.926976,
2023-10-11 11:50:00+00:00,0.2816,0.2817,0.2817,0.2816,295.49,0.28165,83.2247585,295.49,83.2247585,
2023-10-11 11:55:00+00:00,0.2818,0.2818,0.2818,0.2818,1357.94,0.2818,382.667492,1357.94,382.667492,
2023-10-11 12:00:00+00:00,0.2813,0.2816,0.2815,0.2816,6401.15,0.2815,1801.923725,6401.15,1801.923725,
2023-10-11 12:05:00+00:00,0.2818,0.2821,0.2818,0.2821,1049.91,0.28195,296.0221245,1049.91,296.0221245,
2023-10-11 12:10:00+00:00,0.2817,0.2821,0.2821,0.2817,116.1,0.2819,32.72859,116.1,32.72859,
2023-10-11 12:15:00+00:00,0.2814,0.2817,0.2817,0.2814,705.48,0.28155,198.627894,705.48,198.627894,
2023-10-11 12:20:00+00:00,0.2814,0.2817,0.2817,0.2814,705.48,0.28155,198.627894,705.48,198.627894,
2023-10-11 12:25:00+00:00,0.2816,0.2817,0.2817,0.2817,2018.98,0.281675,568.6961915,2018.98,568.6961915,
2023-10-11 12:30:00+00:00,0.2805,0.2814,0.2813,0.2805,3339.11,0.280925,938.03947675,3339.11,938.03947675,
2023-10-11 12:35:00+00:00,0.2802,0.2806,0.2804,0.2806,440.34,0.28045,123.493353,440.34,123.493353,
2023-10-11 12:40:00+00:00,0.2805,0.2809,0.2805,0.2809,311.57,0.2807,87.457699,311.57,87.457699,
2023-10-11 12:45:00+00:00,0.2805,0.2811,0.2805,0.2811,703.75,0.2808,197.613,703.75,197.613,
2023-10-11 12:50:00+00:00,0.2811,0.2813,0.2812,0.2811,374.67,0.281175,105.34783725,374.67,105.34783725,
2023-10-11 12:55:00+00:00,0.281,0.2812,0.281,0.2812,96.12,0.2811,27.019332,96.12,27.019332,
2023-10-11 13:00:00+00:00,0.2811,0.2814,0.2813,0.2814,1449.53,0.2813,407.752789,1449.53,407.752789,
2023-10-11 13:05:00+00:00,0.281,0.2812,0.2812,0.281,1025.0,0.2811,288.1275,1025.0,288.1275,
2023-10-11 13:10:00+00:00,0.2809,0.2812,0.2812,0.2809,846.34,0.28105,237.863857,846.34,237.863857,
2023-10-11 13:15:00+00:00,0.2808,0.2811,0.281,0.2811,920.21,0.281,258.57901,920.21,258.57901,
2023-10-11 13:20:00+00:00,0.2808,0.2811,0.281,0.2811,920.21,0.281,258.57901,920.21,258.57901,
2023-10-11 13:25:00+00:00,0.2809,0.2812,0.2812,0.2811,734.89,0.2811,206.577579,734.89,206.577579,
2023-10-11 13:30:00+00:00,0.2807,0.2811,0.2811,0.2807,4137.67,0.2809,1162.271503,4137.67,1162.271503,
2023-10-11 13:35:00+00:00,0.2805,0.2811,0.2807,0.2809,1041.38,0.2808,292.419504,1041.38,292.419504,
2023-10-11 13:40:00+00:00,0.281,0.2813,0.2812,0.2812,1011.6,0.281175,284.43663,1011.6,284.43663,
2023-10-11 13:45:00+00:00,0.281,0.2813,0.2812,0.2812,1011.6,0.281175,284.43663,1011.6,284.43663,
2023-10-11 13:50:00+00:00,0.2813,0.2815,0.2813,0.2815,92.09,0.2814,25.914126,92.09,25.914126,
2023-10-11 13:55:00+00:00,0.2816,0.282,0.2816,0.2816,769.73,0.2817,216.832941,769.73,216.832941,
2023-10-11 14:00:00+00:00,0.2813,0.2815,0.2813,0.2815,364.98,0.2814,102.705372,364.98,102.705372,
2023-10-11 14:05:00+00:00,0.2816,0.282,0.2816,0.2816,2113.46,0.2817,595.361682,2113.46,595.361682,
2023-10-11 14:10:00+00:00,0.2811,0.2813,0.2813,0.2811,444.58,0.2812,125.015896,444.58,125.015896,
2023-10-11 14:15:00+00:00,0.2811,0.2813,0.2812,0.2812,789.5,0.2812,222.0074,789.5,222.0074,
2023-10-11 14:20:00+00:00,0.2812,0.2813,0.2812,0.2812,501.71,0.281225,141.09339475,501.71,141.09339475,
2023-10-11 14:25:00+00:00,0.2804,0.2813,0.2813,0.2808,10708.31,0.28095,3008.4996945,10708.31,3008.4996945,
2023-10-11 14:30:00+00:00,0.2808,0.2811,0.2811,0.2808,177.98,0.28095,50.003481,177.98,50.003481,
2023-10-11 14:35:00+00:00,0.2808,0.281,0.2809,0.2808,10349.99,0.280875,2907.05344125,10349.99,2907.05344125,
2023-10-11 14:40:00+00:00,0.2806,0.2809,0.2809,0.2806,597.6,0.28075,167.7762,597.6,167.7762,
2023-10-11 14:45:00+00:00,0.2805,0.2807,0.2805,0.2807,626.78,0.2806,175.874468,626.78,175.874468,
2023-10-11 14:50:00+00:00,0.2808,0.2811,0.2808,0.2809,1190.17,0.2809,334.318753,1190.17,334.318753,
2023-10-11 14:55:00+00:00,0.2808,0.2811,0.2808,0.2809,1190.17,0.2809,334.318753,1190.17,334.318753,
2023-10-11 15:00:00+00:00,0.2808,0.2811,0.281,0.2808,185.45,0.280925,52.09754125,185.45,52.09754125,
2023-10-11 15:05:00+00:00,0.2808,0.2811,0.281,0.2808,185.45,0.280925,52.09754125,185.45,52.09754125,
2023-10-11 15:10:00+00:00,0.2806,0.2806,0.2806,0.2806,2902.86,0.2806,814.542516,2902.86,814.542516,
2023-10-11 15:15:00+00:00,0.2793,0.2806,0.2805,0.28,12873.71,0.2801,3605.926171,12873.71,3605.926171,
2023-10-11 15:20:00+00:00,0.2789,0.2799,0.2799,0.2789,8393.75,0.2794,2345.21375,8393.75,2345.21375,
2023-10-11 15:25:00+00:00,0.2775,0.2794,0.2787,0.2793,13018.17,0.278725,3628.48943325,13018.17,3628.48943325,
2023-10-11 15:30:00+00:00,0.2784,0.2792,0.279,0.2789,5334.19,0.278875,1487.57223625,5334.19,1487.57223625,
2023-10-11 15:35:00+00:00,0.279,0.2798,0.279,0.2798,8913.05,0.2794,2490.30617,8913.05,2490.30617,
2023-10-11 15:40:00+00:00,0.2787,0.2793,0.2793,0.279,3809.39,0.279075,1063.10551425,3809.39,1063.10551425,
2023-10-11 15:45:00+00:00,0.2787,0.2794,0.2787,0.2792,1634.48,0.279,456.01992,1634.48,456.01992,
2023-10-11 15:50:00+00:00,0.2794,0.2796,0.2796,0.2796,754.58,0.27955,210.942839,754.58,210.942839,
2023-10-11 15:55:00+00:00,0.2793,0.2796,0.2793,0.2793,1757.94,0.279375,491.1244875,1757.94,491.1244875,
2023-10-11 16:00:00+00:00,0.2788,0.2791,0.2791,0.2788,406.39,0.27895,113.3624905,406.39,113.3624905,
2023-10-11 16:05:00+00:00,0.2792,0.2794,0.2793,0.2794,1913.57,0.279325,534.50794025,1913.57,534.50794025,
2023-10-11 16:10:00+00:00,0.2784,0.2796,0.279,0.2793,2071.79,0.279075,578.18479425,2071.79,578.18479425,
2023-10-11 16:15:00+00:00,0.2792,0.2795,0.2795,0.2795,9398.49,0.279425,2626.17306825,9398.49,2626.17306825,
2023-10-11 16:20:00+00:00,0.2792,0.2796,0.2796,0.2794,2724.5,0.27945,761.361525,2724.5,761.361525,
2023-10-11 16:25:00+00:00,0.2792,0.2796,0.2795,0.2796,1643.97,0.279475,459.44851575,1643.97,459.44851575,
2023-10-11 16:30:00+00:00,0.2795,0.2801,0.2795,0.2796,1721.81,0.279675,481.54721175,1721.81,481.54721175,
2023-10-11 16:35:00+00:00,0.2792,0.2799,0.2798,0.2792,562.77,0.279525,157.30828425,562.77,157.30828425,
2023-10-11 16:40:00+00:00,0.2792,0.2793,0.2793,0.2792,867.45,0.27925,242.2354125,867.45,242.2354125,
2023-10-11 16:45:00+00:00,0.279,0.2791,0.2791,0.279,213.57,0.27905,59.5967085,213.57,59.5967085,
2023-10-11 16:50:00+00:00,0.2781,0.2787,0.2787,0.2787,1360.09,0.27855,378.8530695,1360.09,378.8530695,
2023-10-11 16:55:00+00:00,0.2789,0.2794,0.279,0.2789,4256.0,0.27905,1187.6368,4256.0,1187.6368,
2023-10-11 17:00:00+00:00,0.2787,0.2793,0.2787,0.2793,1780.72,0.279,496.82088,1780.72,496.82088,
2023-10-11 17:05:00+00:00,0.2792,0.2797,0.2792,0.2797,193.47,0.27945,54.0651915,193.47,54.0651915,
2023-10-11 17:10:00+00:00,0.2796,0.2799,0.2796,0.2798,95.37,0.279725,26.67737325,95.37,26.67737325,
2023-10-11 17:15:00+00:00,0.2795,0.2799,0.2796,0.2799,2823.56,0.279725,789.820321,2823.56,789.820321,
2023-10-11 17:20:00+00:00,0.28,0.2806,0.28,0.28,2944.86,0.28015,825.002529,2944.86,825.002529,
2023-10-11 17:25:00+00:00,0.28,0.2806,0.28,0.28,2944.86,0.28015,825.002529,2944.86,825.002529,
2023-10-11 17:30:00+00:00,0.28,0.2806,0.28,0.28,2944.86,0.28015,825.002529,2944.86,825.002529,
2023-10-11 17:35:00+00:00,0.28,0.2803,0.2801,0.2803,506.31,0.280175,141.85540425,506.31,141.85540425,
2023-10-11 17:40:00+00:00,0.28,0.2805,0.2804,0.2801,2531.2,0.28025,709.3688,2531.2,709.3688,
2023-10-11 17:45:00+00:00,0.2796,0.2801,0.2801,0.2796,484.01,0.27985,135.4501985,484.01,135.4501985,
2023-10-11 17:50:00+00:00,0.2796,0.2804,0.2796,0.2804,3229.51,0.28,904.2628,3229.51,904.2628,
2023-10-11 17:55:00+00:00,0.2799,0.2806,0.2805,0.2799,3188.07,0.280225,893.37691575,3188.07,893.37691575,
2023-10-11 18:00:00+00:00,0.2799,0.2806,0.2802,0.2799,5387.28,0.28015,1509.246492,5387.28,1509.246492,
2023-10-11 18:05:00+00:00,0.2795,0.2796,0.2796,0.2795,793.52,0.27955,221.828516,793.52,221.828516,
2023-10-11 18:10:00+00:00,0.2795,0.2803,0.2796,0.2803,488.59,0.279925,136.76855575,488.59,136.76855575,
2023-10-11 18:15:00+00:00,0.2795,0.2803,0.2796,0.2803,488.59,0.279925,136.76855575,488.59,136.76855575,
2023-10-11 18:20:00+00:00,0.2802,0.2807,0.2802,0.2804,156.65,0.280375,43.92074375,156.65,43.92074375,
2023-10-11 18:25:00+00:00,0.2802,0.2807,0.2802,0.2804,156.65,0.280375,43.92074375,156.65,43.92074375,
2023-10-11 18:30:00+00:00,0.2806,0.2811,0.2808,0.2806,498.77,0.280775,140.04214675,498.77,140.04214675,
2023-10-11 18:35:00+00:00,0.2803,0.2809,0.2806,0.2809,380.7,0.280675,106.8529725,380.7,106.8529725,
2023-10-11 18:40:00+00:00,0.2806,0.2809,0.2809,0.2806,700.37,0.28075,196.6288775,700.37,196.6288775,
2023-10-11 18:45:00+00:00,0.2806,0.2809,0.2809,0.2806,700.37,0.28075,196.6288775,700.37,196.6288775,
2023-10-11 18:50:00+00:00,0.2804,0.281,0.2805,0.281,1891.75,0.280725,531.06151875,1891.75,531.06151875,
2023-10-11 18:55:00+00:00,0.2808,0.2815,0.2808,0.281,4830.79,0.281025,1357.57275975,4830.79,1357.57275975,
2023-10-11 19:00:00+00:00,0.2808,0.281,0.2809,0.281,3677.71,0.280925,1033.16068175,3677.71,1033.16068175,
2023-10-11 19:05:00+00:00,0.2806,0.281,0.2809,0.2806,2617.57,0.280775,734.94821675,2617.57,734.94821675,
2023-10-11 19:10:00+00:00,0.2807,0.2809,0.2808,0.2807,2779.58,0.280775,780.4365745,2779.58,780.4365745,
2023-10-11 19:15:00+00:00,0.2805,0.2806,0.2805,0.2805,10253.55,0.280525,2876.37711375,10253.55,2876.37711375,
2023-10-11 19:20:00+00:00,0.2805,0.2806,0.2805,0.2805,10253.55,0.280525,2876.37711375,10253.55,2876.37711375,
2023-10-11 19:25:00+00:00,0.2807,0.281,0.2808,0.2808,3365.82,0.280825,945.2064015,3365.82,945.2064015,
2023-10-11 19:30:00+00:00,0.2807,0.281,0.2808,0.2808,3365.82,0.280825,945.2064015,3365.82,945.2064015,
2023-10-11 19:35:00+00:00,0.2807,0.2811,0.2807,0.281,396.52,0.280875,111.372555,396.52,111.372555,
2023-10-11 19:40:00+00:00,0.2812,0.2818,0.2812,0.2818,143102.59,0.2815,40283.379085,143102.59,40283.379085,
2023-10-11 19:45:00+00:00,0.2816,0.2819,0.2816,0.2819,174.25,0.28175,49.0949375,174.25,49.0949375,
2023-10-11 19:50:00+00:00,0.2816,0.2819,0.2816,0.2819,174.25,0.28175,49.0949375,174.25,49.0949375,
2023-10-11 19:55:00+00:00,0.2816,0.2818,0.2817,0.2816,224.66,0.281675,63.2811055,224.66,63.2811055,
2023-10-11 20:00:00+00:00,0.2813,0.2818,0.2816,0.2814,2588.79,0.281525,728.80910475,2588.79,728.80910475,
2023-10-11 20:05:00+00:00,0.2812,0.2814,0.2813,0.2812,1727.18,0.281275,485.8125545,1727.18,485.8125545,
2023-10-11 20:10:00+00:00,0.2811,0.2815,0.2811,0.2815,3239.57,0.2813,911.291041,3239.57,911.291041,
2023-10-11 20:15:00+00:00,0.2811,0.2815,0.2815,0.2813,5853.11,0.28135,1646.7724985,5853.11,1646.7724985,
2023-10-11 20:20:00+00:00,0.2812,0.2815,0.2813,0.2812,736.74,0.2813,207.244962,736.74,207.244962,
2023-10-11 20:25:00+00:00,0.2811,0.2816,0.2811,0.2816,898.99,0.28135,252.9308365,898.99,252.9308365,
2023-10-11 20:30:00+00:00,0.2815,0.2816,0.2816,0.2816,222.52,0.281575,62.656069,222.52,62.656069,
2023-10-11 20:35:00+00:00,0.2816,0.2818,0.2818,0.2816,441.67,0.2817,124.418439,441.67,124.418439,
2023-10-11 20:40:00+00:00,0.281,0.2815,0.2815,0.2812,146105.29,0.2813,41099.418077,146105.29,41099.418077,
2023-10-11 20:45:00+00:00,0.2811,0.2813,0.2811,0.2811,1625.98,0.28115,457.144277,1625.98,457.144277,
2023-10-11 20:50:00+00:00,0.2812,0.2815,0.2812,0.2815,831.26,0.28135,233.875001,831.26,233.875001,
2023-10-11 20:55:00+00:00,0.2815,0.2816,0.2815,0.2816,579.24,0.28155,163.085022,579.24,163.085022,
2023-10-11 21:00:00+00:00,0.2814,0.2814,0.2814,0.2814,1844.68,0.2814,519.092952,1844.68,519.092952,
2023-10-11 21:05:00+00:00,0.2814,0.2814,0.2814,0.2814,1844.68,0.2814,519.092952,1844.68,519.092952,
2023-10-11 21:10:00+00:00,0.2815,0.2818,0.2815,0.2818,5143.0,0.28165,1448.52595,5143.0,1448.52595,
2023-10-11 21:15:00+00:00,0.2815,0.2818,0.2815,0.2818,5143.0,0.28165,1448.52595,5143.0,1448.52595,
2023-10-11 21:20:00+00:00,0.2818,0.2821,0.2819,0.2818,1673.35,0.2819,471.717365,1673.35,471.717365,
2023-10-11 21:25:00+00:00,0.2814,0.2816,0.2816,0.2814,332.76,0.2815,93.67194,332.76,93.67194,
2023-10-11 21:30:00+00:00,0.2813,0.2816,0.2816,0.2813,998.76,0.28145,281.101002,998.76,281.101002,
2023-10-11 21:35:00+00:00,0.281,0.2812,0.2812,0.281,494.89,0.2811,139.113579,494.89,139.113579,
2023-10-11 21:40:00+00:00,0.281,0.2812,0.2812,0.281,494.89,0.2811,139.113579,494.89,139.113579,
2023-10-11 21:45:00+00:00,0.2808,0.2811,0.2811,0.2811,9846.31,0.281025,2767.05926775,9846.31,2767.05926775,
2023-10-11 21:50:00+00:00,0.2808,0.2811,0.2809,0.2811,11378.98,0.280975,3197.2089055,11378.98,3197.2089055,
2023-10-11 21:55:00+00:00,0.281,0.2819,0.281,0.2817,18625.0,0.2814,5241.075,18625.0,5241.075,
2023-10-11 22:00:00+00:00,0.2813,0.2815,0.2815,0.2815,1284.49,0.28145,361.5197105,1284.49,361.5197105,
2023-10-11 22:05:00+00:00,0.2814,0.2815,0.2815,0.2814,47.37,0.28145,13.3322865,47.37,13.3322865,
2023-10-11 22:10:00+00:00,0.2813,0.2813,0.2813,0.2813,58.36,0.2813,16.416668,58.36,16.416668,
2023-10-11 22:15:00+00:00,0.2814,0.2814,0.2814,0.2814,425.24,0.2814,119.662536,425.24,119.662536,
2023-10-11 22:20:00+00:00,0.2814,0.2814,0.2814,0.2814,425.24,0.2814,119.662536,425.24,119.662536,
2023-10-11 22:25:00+00:00,0.2815,0.2819,0.2815,0.2819,1337.63,0.2817,376.810371,1337.63,376.810371,
2023-10-11 22:30:00+00:00,0.2815,0.2819,0.2815,0.2819,1337.63,0.2817,376.810371,1337.63,376.810371,
2023-10-11 22:35:00+00:00,0.2815,0.2819,0.2815,0.2819,1337.63,0.2817,376.810371,1337.63,376.810371,
2023-10-11 22:40:00+00:00,0.2818,0.2821,0.2818,0.2819,239.75,0.2819,67.585525,239.75,67.585525,
2023-10-11 22:45:00+00:00,0.2819,0.2822,0.2819,0.2822,177.78,0.28205,50.142849,177.78,50.142849,
2023-10-11 22:50:00+00:00,0.2819,0.2822,0.2819,0.2822,177.78,0.28205,50.142849,177.78,50.142849,
2023-10-11 22:55:00+00:00,0.2819,0.2822,0.2819,0.2822,177.78,0.28205,50.142849,177.78,50.142849,
2023-10-11 23:00:00+00:00,0.2816,0.2825,0.2824,0.2816,9732.02,0.282025,2744.6729405,9732.02,2744.6729405,
2023-10-11 23:05:00+00:00,0.2813,0.2816,0.2816,0.2813,252.64,0.28145,71.105528,252.64,71.105528,
2023-10-11 23:10:00+00:00,0.2812,0.2813,0.2813,0.2813,199.46,0.281275,56.1031115,199.46,56.1031115,
2023-10-11 23:15:00+00:00,0.2812,0.2813,0.2813,0.2813,199.46,0.281275,56.1031115,199.46,56.1031115,
2023-10-11 23:20:00+00:00,0.2816,0.2819,0.2816,0.2819,183.54,0.28175,51.712395,183.54,51.712395,
2023-10-11 23:25:00+00:00,0.2816,0.2819,0.2816,0.2819,183.54,0.28175,51.712395,183.54,51.712395,
2023-10-11 23:30:00+00:00,0.2815,0.2819,0.2816,0.2819,281.56,0.281725,79.322491,281.56,79.322491,
2023-10-11 23:35:00+00:00,0.2815,0.2819,0.2816,0.2819,281.56,0.281725,79.322491,281.56,79.322491,
2023-10-11 23:40:00+00:00,0.2815,0.2819,0.2816,0.2819,281.56,0.281725,79.322491,281.56,79.322491,
2023-10-11 23:45:00+00:00,0.2816,0.2818,0.2818,0.2816,2082.77,0.2817,586.716309,2082.77,586.716309,
2023-10-11 23:50:00+00:00,0.2816,0.2818,0.2818,0.2816,2082.77,0.2817,586.716309,2082.77,586.716309,
2023-10-11 23:55:00+00:00,0.2814,0.282,0.2817,0.2815,1304.34,0.28165,367.367361,1304.34,367.367361,
2023-10-12 00:00:00+00:00,0.2814,0.282,0.2817,0.2815,1304.34,0.28165,367.367361,1304.34,367.367361,
2023-10-12 00:05:00+00:00,0.2816,0.282,0.2818,0.2816,3491.36,0.28175,983.69068,3491.36,983.69068,
2023-10-12 00:10:00+00:00,0.2815,0.2815,0.2815,0.2815,394.71,0.2815,111.110865,394.71,111.110865,
2023-10-12 00:15:00+00:00,0.2813,0.2817,0.2815,0.2817,1169.17,0.28155,329.1798135,1169.17,329.1798135,
2023-10-12 00:20:00+00:00,0.2813,0.2817,0.2815,0.2817,1169.17,0.28155,329.1798135,1169.17,329.1798135,
2023-10-12 00:25:00+00:00,0.281,0.2813,0.2813,0.2811,8345.04,0.281175,2346.416622,8345.04,2346.416622,
2023-10-12 00:30:00+00:00,0.2811,0.2812,0.2812,0.2811,1675.35,0.28115,471.0246525,1675.35,471.0246525,
2023-10-12 00:35:00+00:00,0.2806,0.281,0.281,0.2806,955.62,0.2808,268.338096,955.62,268.338096,
2023-10-12 00:40:00+00:00,0.2801,0.2805,0.2805,0.2801,541.14,0.2803,151.681542,541.14,151.681542,
2023-10-12 00:45:00+00:00,0.2801,0.2805,0.2805,0.2801,541.14,0.2803,151.681542,541.14,151.681542,
2023-10-12 00:50:00+00:00,0.2804,0.2805,0.2804,0.2805,435.31,0.28045,122.0826895,435.31,122.0826895,
2023-10-12 00:55:00+00:00,0.2802,0.2804,0.2804,0.2802,95.2,0.2803,26.68456,95.2,26.68456,
2023-10-12 01:00:00+00:00,0.2798,0.28,0.28,0.2798,353.05,0.2799,98.818695,353.05,98.818695,
2023-10-12 01:05:00+00:00,0.2798,0.28,0.28,0.2798,353.05,0.2799,98.818695,353.05,98.818695,
2023-10-12 01:10:00+00:00,0.2794,0.2796,0.2796,0.2794,803.8,0.2795,224.6621,803.8,224.6621,
2023-10-12 01:15:00+00:00,0.2793,0.2796,0.2794,0.2793,4958.02,0.2794,1385.270788,4958.02,1385.270788,
2023-10-12 01:20:00+00:00,0.2792,0.2795,0.2792,0.2795,2520.58,0.27935,704.124023,2520.58,704.124023,
2023-10-12 01:25:00+00:00,0.2796,0.2799,0.2796,0.2798,1153.94,0.279725,322.7858665,1153.94,322.7858665,
2023-10-12 01:30:00+00:00,0.2796,0.2796,0.2796,0.2796,321.9,0.2796,90.00324,321.9,90.00324,
2023-10-12 01:35:00+00:00,0.2792,0.2798,0.2796,0.2794,3333.62,0.2795,931.74679,3333.62,931.74679,
2023-10-12 01:40:00+00:00,0.2793,0.2797,0.2794,0.2796,9114.92,0.2795,2547.62014,9114.92,2547.62014,
2023-10-12 01:45:00+00:00,0.2793,0.2796,0.2796,0.2793,4675.61,0.27945,1306.5992145,4675.61,1306.5992145,
2023-10-12 01:50:00+00:00,0.2793,0.2796,0.2796,0.2793,4675.61,0.27945,1306.5992145,4675.61,1306.5992145,
2023-10-12 01:55:00+00:00,0.2793,0.2796,0.2796,0.2793,4675.61,0.27945,1306.5992145,4675.61,1306.5992145,
2023-10-12 02:00:00+00:00,0.2796,0.2796,0.2796,0.2796,1392.56,0.2796,389.359776,1392.56,389.359776,
2023-10-12 02:05:00+00:00,0.2793,0.2797,0.2796,0.2793,11055.7,0.279475,3089.7917575,11055.7,3089.7917575,
2023-10-12 02:10:00+00:00,0.279,0.2794,0.279,0.2793,493.76,0.279175,137.845448,493.76,137.845448,
2023-10-12 02:15:00+00:00,0.2796,0.2797,0.2796,0.2797,963.28,0.27965,269.381252,963.28,269.381252,
2023-10-12 02:20:00+00:00,0.2799,0.2799,0.2799,0.2799,220.64,0.2799,61.757136,220.64,61.757136,
2023-10-12 02:25:00+00:00,0.2798,0.2798,0.2798,0.2798,17.53,0.2798,4.904894,17.53,4.904894,
2023-10-12 02:30:00+00:00,0.2798,0.2801,0.2799,0.2801,1445.41,0.279975,404.67866475,1445.41,404.67866475,
2023-10-12 02:35:00+00:00,0.2802,0.2808,0.2802,0.2808,3786.81,0.2805,1062.200205,3786.81,1062.200205,
2023-10-12 02:40:00+00:00,0.2802,0.2808,0.2802,0.2808,3786.81,0.2805,1062.200205,3786.81,1062.200205,
2023-10-12 02:45:00+00:00,0.2802,0.2808,0.2802,0.2808,3786.81,0.2805,1062.200205,3786.81,1062.200205,
2023-10-12 02:50:00+00:00,0.2811,0.2816,0.2811,0.2815,10696.2,0.281325,3009.108465,10696.2,3009.108465,
2023-10-12 02:55:00+00:00,0.2808,0.2815,0.2815,0.2808,1212.81,0.28115,340.9815315,1212.81,340.9815315,
2023-10-12 03:00:00+00:00,0.2808,0.2815,0.2815,0.2808,1212.81,0.28115,340.9815315,1212.81,340.9815315,
2023-10-12 03:05:00+00:00,0.2808,0.2815,0.2815,0.2808,1212.81,0.28115,340.9815315,1212.81,340.9815315,
2023-10-12 03:10:00+00:00,0.2802,0.281,0.281,0.2802,150.46,0.2806,42.219076,150.46,42.219076,
2023-10-12 03:15:00+00:00,0.28,0.2802,0.2802,0.28,363.24,0.2801,101.743524,363.24,101.743524,
2023-10-12 03:20:00+00:00,0.28,0.2802,0.2802,0.28,363.24,0.2801,101.743524,363.24,101.743524,
2023-10-12 03:25:00+00:00,0.2801,0.2803,0.2803,0.2801,68.52,0.2802,19.199304,68.52,19.199304,
2023-10-12 03:30:00+00:00,0.2801,0.2803,0.2803,0.2801,68.52,0.2802,19.199304,68.52,19.199304,
2023-10-12 03:35:00+00:00,0.2803,0.2803,0.2803,0.2803,49.98,0.2803,14.009394,49.98,14.009394,
2023-10-12 03:40:00+00:00,0.2801,0.2808,0.2801,0.2804,2760.0,0.28035,773.766,2760.0,773.766,
2023-10-12 03:45:00+00:00,0.2805,0.2808,0.2805,0.2808,1615.11,0.28065,453.2806215,1615.11,453.2806215,
2023-10-12 03:50:00+00:00,0.2805,0.2808,0.2805,0.2808,1615.11,0.28065,453.2806215,1615.11,453.2806215,
2023-10-12 03:55:00+00:00,0.2807,0.2809,0.2809,0.2809,523.78,0.28085,147.103613,523.78,147.103613,
2023-10-12 04:00:00+00:00,0.2807,0.2809,0.2809,0.2809,523.78,0.28085,147.103613,523.78,147.103613,
2023-10-12 04:05:00+00:00,0.2807,0.2809,0.2809,0.2809,523.78,0.28085,147.103613,523.78,147.103613,
2023-10-12 04:10:00+00:00,0.2808,0.2811,0.2808,0.2811,100.72,0.28095,28.297284,100.72,28.297284,
2023-10-12 04:15:00+00:00,0.2808,0.2811,0.2808,0.2811,100.72,0.28095,28.297284,100.72,28.297284,
2023-10-12 04:20:00+00:00,0.2808,0.2811,0.2808,0.2811,100.72,0.28095,28.297284,100.72,28.297284,
2023-10-12 04:25:00+00:00,0.281,0.2812,0.2811,0.281,1917.3,0.281075,538.9050975,1917.3,538.9050975,
2023-10-12 04:30:00+00:00,0.281,0.2812,0.2811,0.281,1917.3,0.281075,538.9050975,1917.3,538.9050975,
2023-10-12 04:35:00+00:00,0.2808,0.2809,0.2809,0.2808,1949.59,0.28085,547.5423515,1949.59,547.5423515,
2023-10-12 04:40:00+00:00,0.2808,0.2809,0.2809,0.2808,1949.59,0.28085,547.5423515,1949.59,547.5423515,
2023-10-12 04:45:00+00:00,0.2808,0.2809,0.2809,0.2808,1949.59,0.28085,547.5423515,1949.59,547.5423515,
2023-10-12 04:50:00+00:00,0.2805,0.2808,0.2808,0.2805,24.0,0.28065,6.7356,24.0,6.7356,
2023-10-12 04:55:00+00:00,0.2802,0.2805,0.2805,0.2802,7202.01,0.28035,2019.0835035,7202.01,2019.0835035,
2023-10-12 05:00:00+00:00,0.2802,0.2805,0.2805,0.2802,7202.01,0.28035,2019.0835035,7202.01,2019.0835035,
2023-10-12 05:05:00+00:00,0.2799,0.2802,0.2802,0.2799,156.74,0.28005,43.895037,156.74,43.895037,
2023-10-12 05:10:00+00:00,0.2799,0.2802,0.2802,0.2799,156.74,0.28005,43.895037,156.74,43.895037,
2023-10-12 05:15:00+00:00,0.2802,0.2805,0.2802,0.2805,188.26,0.28035,52.778691,188.26,52.778691,
2023-10-12 05:20:00+00:00,0.2802,0.2805,0.2802,0.2805,188.26,0.28035,52.778691,188.26,52.778691,
2023-10-12 05:25:00+00:00,0.2804,0.2807,0.2806,0.2806,2458.85,0.280575,689.89183875,2458.85,689.89183875,
2023-10-12 05:30:00+00:00,0.2804,0.2805,0.2804,0.2805,36.07,0.28045,10.1158315,36.07,10.1158315,
2023-10-12 05:35:00+00:00,0.2806,0.2808,0.2806,0.2808,6132.53,0.2807,1721.401171,6132.53,1721.401171,
2023-10-12 05:40:00+00:00,0.2806,0.2808,0.2806,0.2808,6132.53,0.2807,1721.401171,6132.53,1721.401171,
2023-10-12 05:45:00+00:00,0.2806,0.2809,0.2808,0.2809,4142.28,0.2808,1163.152224,4142.28,1163.152224,
2023-10-12 05:50:00+00:00,0.2806,0.2809,0.2808,0.2809,4142.28,0.2808,1163.152224,4142.28,1163.152224,
2023-10-12 05:55:00+00:00,0.281,0.2818,0.281,0.2813,13089.89,0.281275,3681.85880975,13089.89,3681.85880975,
2023-10-12 06:00:00+00:00,0.2813,0.2815,0.2813,0.2815,437.72,0.2814,123.174408,437.72,123.174408,
2023-10-12 06:05:00+00:00,0.2813,0.2816,0.2816,0.2813,1134.92,0.28145,319.423234,1134.92,319.423234,
2023-10-12 06:10:00+00:00,0.2813,0.2816,0.2816,0.2813,1134.92,0.28145,319.423234,1134.92,319.423234,
2023-10-12 06:15:00+00:00,0.2816,0.2818,0.2816,0.2818,1042.47,0.2817,293.663799,1042.47,293.663799,
2023-10-12 06:20:00+00:00,0.2816,0.2818,0.2816,0.2818,1042.47,0.2817,293.663799,1042.47,293.663799,
2023-10-12 06:25:00+00:00,0.2817,0.2817,0.2817,0.2817,243.58,0.2817,68.616486,243.58,68.616486,
2023-10-12 06:30:00+00:00,0.2815,0.2821,0.2819,0.2815,1190.63,0.28175,335.4600025,1190.63,335.4600025,
2023-10-12 06:35:00+00:00,0.2816,0.2819,0.2818,0.2816,1450.09,0.281725,408.52660525,1450.09,408.52660525,
2023-10-12 06:40:00+00:00,0.2813,0.2819,0.2819,0.2813,1154.86,0.2816,325.208576,1154.86,325.208576,
2023-10-12 06:45:00+00:00,0.2812,0.2815,0.2812,0.2812,775.35,0.281275,218.08657125,775.35,218.08657125,
2023-10-12 06:50:00+00:00,0.281,0.2812,0.2812,0.281,497.37,0.2811,139.810707,497.37,139.810707,
2023-10-12 06:55:00+00:00,0.281,0.2812,0.2812,0.281,497.37,0.2811,139.810707,497.37,139.810707,
2023-10-12 07:00:00+00:00,0.2805,0.2808,0.2808,0.2806,4954.48,0.280675,1390.598674,4954.48,1390.598674,
2023-10-12 07:05:00+00:00,0.2804,0.2813,0.2805,0.2813,8576.73,0.280875,2408.98903875,8576.73,2408.98903875,
2023-10-12 07:10:00+00:00,0.2813,0.2816,0.2816,0.2813,91.78,0.28145,25.831481,91.78,25.831481,
2023-10-12 07:15:00+00:00,0.2813,0.2816,0.2816,0.2813,91.78,0.28145,25.831481,91.78,25.831481,
2023-10-12 07:20:00+00:00,0.2813,0.2816,0.2813,0.2816,3702.19,0.28145,1041.9813755,3702.19,1041.9813755,
2023-10-12 07:25:00+00:00,0.2813,0.2817,0.2814,0.2813,1162.59,0.281425,327.18189075,1162.59,327.18189075,
2023-10-12 07:30:00+00:00,0.2813,0.2817,0.2814,0.2813,1162.59,0.281425,327.18189075,1162.59,327.18189075,
2023-10-12 07:35:00+00:00,0.2814,0.2816,0.2816,0.2814,439.26,0.2815,123.65169,439.26,123.65169,
2023-10-12 07:40:00+00:00,0.2814,0.2816,0.2816,0.2814,439.26,0.2815,123.65169,439.26,123.65169,
2023-10-12 07:45:00+00:00,0.2814,0.2816,0.2816,0.2814,439.26,0.2815,123.65169,439.26,123.65169,
2023-10-12 07:50:00+00:00,0.2812,0.2813,0.2813,0.2812,177.79,0.28125,50.0034375,177.79,50.0034375,
2023-10-12 07:55:00+00:00,0.281,0.2813,0.2812,0.2812,1064.39,0.281175,299.27985825,1064.39,299.27985825,
2023-10-12 08:00:00+00:00,0.2811,0.2813,0.2813,0.2811,474.87,0.2812,133.533444,474.87,133.533444,
2023-10-12 08:05:00+00:00,0.2807,0.2809,0.2809,0.2809,495.02,0.28085,139.026367,495.02,139.026367,
2023-10-12 08:10:00+00:00,0.2806,0.2808,0.2808,0.2808,765.46,0.28075,214.902895,765.46,214.902895,
2023-10-12 08:15:00+00:00,0.2807,0.2809,0.2807,0.2809,978.48,0.2808,274.757184,978.48,274.757184,
2023-10-12 08:20:00+00:00,0.2807,0.2809,0.2808,0.2807,1122.78,0.280775,315.2485545,1122.78,315.2485545,
2023-10-12 08:25:00+00:00,0.2807,0.2809,0.2808,0.2807,1122.78,0.280775,315.2485545,1122.78,315.2485545,
2023-10-12 08:30:00+00:00,0.281,0.2812,0.2811,0.2811,277.78,0.2811,78.083958,277.78,78.083958,
2023-10-12 08:35:00+00:00,0.281,0.2813,0.2812,0.2813,5329.12,0.2812,1498.548544,5329.12,1498.548544,
2023-10-12 08:40:00+00:00,0.2816,0.2816,0.2816,0.2816,369.14,0.2816,103.949824,369.14,103.949824,
2023-10-12 08:45:00+00:00,0.2812,0.2813,0.2813,0.2812,177.79,0.28125,50.0034375,177.79,50.0034375,
2023-10-12 08:50:00+00:00,0.2813,0.2813,0.2813,0.2813,349.28,0.2813,98.252464,349.28,98.252464,
2023-10-12 08:55:00+00:00,0.2808,0.2812,0.2812,0.2808,1930.77,0.281,542.54637,1930.77,542.54637,
2023-10-12 09:00:00+00:00,0.281,0.2811,0.281,0.2811,437.13,0.28105,122.8553865,437.13,122.8553865,
2023-10-12 09:05:00+00:00,0.2809,0.2809,0.2809,0.2809,15.1,0.2809,4.24159,15.1,4.24159,
2023-10-12 09:10:00+00:00,0.2809,0.2811,0.2811,0.281,930.02,0.281025,261.3588705,930.02,261.3588705,
2023-10-12 09:15:00+00:00,0.2811,0.2812,0.2811,0.2811,1228.97,0.281125,345.49419125,1228.97,345.49419125,
2023-10-12 09:20:00+00:00,0.2802,0.281,0.2809,0.2802,9441.37,0.280575,2649.01238775,9441.37,2649.01238775,
2023-10-12 09:25:00+00:00,0.2802,0.281,0.2809,0.2802,9441.37,0.280575,2649.01238775,9441.37,2649.01238775,
2023-10-12 09:30:00+00:00,0.2796,0.2803,0.2803,0.2796,192.02,0.27995,53.755999,192.02,53.755999,
2023-10-12 09:35:00+00:00,0.2786,0.2795,0.2795,0.279,10820.37,0.27915,3020.5062855,10820.37,3020.5062855,
2023-10-12 09:40:00+00:00,0.2792,0.2793,0.2792,0.2792,10780.16,0.279225,3010.090176,10780.16,3010.090176,
2023-10-12 09:45:00+00:00,0.2787,0.2793,0.2793,0.279,1047.85,0.279075,292.42873875,1047.85,292.42873875,
2023-10-12 09:50:00+00:00,0.2785,0.2793,0.2793,0.2786,909.01,0.278925,253.54561425,909.01,253.54561425,
2023-10-12 09:55:00+00:00,0.2762,0.2784,0.2784,0.2781,27322.95,0.277775,7589.63243625,27322.95,7589.63243625,
2023-10-12 10:00:00+00:00,0.2778,0.2787,0.2778,0.2787,1013.2,0.27825,281.9229,1013.2,281.9229,
2023-10-12 10:05:00+00:00,0.2786,0.2792,0.2787,0.279,12889.62,0.278875,3594.5927775,12889.62,3594.5927775,
2023-10-12 10:10:00+00:00,0.2786,0.2791,0.2791,0.279,11422.39,0.27895,3186.2756905,11422.39,3186.2756905,
2023-10-12 10:15:00+00:00,0.2787,0.279,0.279,0.2787,3660.34,0.27885,1020.685809,3660.34,1020.685809,
2023-10-12 10:20:00+00:00,0.2787,0.279,0.2788,0.279,21665.65,0.278875,6042.00814375,21665.65,6042.00814375,
2023-10-12 10:25:00+00:00,0.2789,0.2793,0.2789,0.2793,2894.25,0.2791,807.785175,2894.25,807.785175,
2023-10-12 10:30:00+00:00,0.279,0.2794,0.2794,0.279,1087.79,0.2792,303.710968,1087.79,303.710968,
2023-10-12 10:35:00+00:00,0.2792,0.2796,0.2793,0.2796,996.43,0.279425,278.42745275,996.43,278.42745275,
2023-10-12 10:40:00+00:00,0.2796,0.2798,0.2798,0.2796,805.02,0.2797,225.164094,805.02,225.164094,
2023-10-12 10:45:00+00:00,0.2795,0.2798,0.2798,0.2797,2899.1,0.2797,810.87827,2899.1,810.87827,
2023-10-12 10:50:00+00:00,0.2795,0.2798,0.2798,0.2797,2899.1,0.2797,810.87827,2899.1,810.87827,
2023-10-12 10:55:00+00:00,0.2797,0.28,0.2797,0.28,2083.68,0.27985,583.117848,2083.68,583.117848,
2023-10-12 11:00:00+00:00,0.2801,0.2805,0.2801,0.2801,8864.38,0.2802,2483.799276,8864.38,2483.799276,
2023-10-12 11:05:00+00:00,0.2802,0.2803,0.2803,0.2802,2172.82,0.28025,608.932805,2172.82,608.932805,
2023-10-12 11:10:00+00:00,0.2802,0.2803,0.2803,0.2802,2172.82,0.28025,608.932805,2172.82,608.932805,
2023-10-12 11:15:00+00:00,0.2802,0.2804,0.2802,0.2803,2291.54,0.280275,642.2613735,2291.54,642.2613735,
2023-10-12 11:20:00+00:00,0.2801,0.2803,0.2803,0.2801,1827.59,0.2802,512.090718,1827.59,512.090718,
2023-10-12 11:25:00+00:00,0.28,0.2806,0.28,0.2806,2582.15,0.2803,723.776645,2582.15,723.776645,
2023-10-12 11:30:00+00:00,0.2808,0.2811,0.2808,0.2811,433.31,0.28095,121.7384445,433.31,121.7384445,
2023-10-12 11:35:00+00:00,0.2811,0.2814,0.2812,0.2812,3488.85,0.281225,981.15184125,3488.85,981.15184125,
2023-10-12 11:40:00+00:00,0.2812,0.2816,0.2813,0.2816,7746.33,0.281425,2180.01092025,7746.33,2180.01092025,
2023-10-12 11:45:00+00:00,0.2812,0.2816,0.2813,0.2816,7746.33,0.281425,2180.01092025,7746.33,2180.01092025,
2023-10-12 11:50:00+00:00,0.2819,0.2828,0.2819,0.2824,1438.87,0.28225,406.1210575,1438.87,406.1210575,
2023-10-12 11:55:00+00:00,0.2822,0.2824,0.2822,0.2824,1893.24,0.2823,534.461652,1893.24,534.461652,
2023-10-12 12:00:00+00:00,0.2819,0.2825,0.2825,0.2819,1906.28,0.2822,537.952216,1906.28,537.952216,
2023-10-12 12:05:00+00:00,0.282,0.2822,0.282,0.2822,3981.78,0.2821,1123.260138,3981.78,1123.260138,
2023-10-12 12:10:00+00:00,0.2819,0.2821,0.282,0.2819,375.86,0.281975,105.9831235,375.86,105.9831235,
2023-10-12 12:15:00+00:00,0.2819,0.2819,0.2819,0.2819,341.4,0.2819,96.24066,341.4,96.24066,
2023-10-12 12:20:00+00:00,0.281,0.2816,0.2816,0.2813,9300.9,0.281375,2617.0407375,9300.9,2617.0407375,
2023-10-12 12:25:00+00:00,0.2811,0.2813,0.2812,0.2811,359.11,0.281175,100.97275425,359.11,100.97275425,
2023-10-12 12:30:00+00:00,0.2808,0.2816,0.2808,0.2811,1896.67,0.281075,533.10652025,1896.67,533.10652025,
2023-10-12 12:35:00+00:00,0.2812,0.2817,0.2812,0.2816,2277.6,0.281425,640.97358,2277.6,640.97358,
2023-10-12 12:40:00+00:00,0.2812,0.2817,0.2813,0.2816,3676.98,0.28145,1034.886021,3676.98,1034.886021,
2023-10-12 12:45:00+00:00,0.2811,0.2813,0.2813,0.2812,7764.58,0.281225,2183.5940105,7764.58,2183.5940105,
2023-10-12 12:50:00+00:00,0.2809,0.2812,0.2811,0.2809,3126.2,0.281025,878.540355,3126.2,878.540355,
2023-10-12 12:55:00+00:00,0.2808,0.2812,0.2808,0.2812,2518.54,0.281,707.70974,2518.54,707.70974,
2023-10-12 13:00:00+00:00,0.2812,0.2813,0.2813,0.2812,177.79,0.28125,50.0034375,177.79,50.0034375,
2023-10-12 13:05:00+00:00,0.2811,0.2813,0.2813,0.2813,1217.84,0.28125,342.5175,1217.84,342.5175,
2023-10-12 13:10:00+00:00,0.2813,0.2814,0.2813,0.2813,1098.04,0.281325,308.906103,1098.04,308.906103,
2023-10-12 13:15:00+00:00,0.2812,0.282,0.2814,0.2812,8339.46,0.28145,2347.141017,8339.46,2347.141017,
2023-10-12 13:20:00+00:00,0.2808,0.2811,0.2811,0.2808,1040.93,0.28095,292.4492835,1040.93,292.4492835,
2023-10-12 13:25:00+00:00,0.2804,0.2808,0.2808,0.2808,9652.8,0.2807,2709.54096,9652.8,2709.54096,
2023-10-12 13:30:00+00:00,0.2804,0.2811,0.2811,0.2804,1934.11,0.28075,543.0013825,1934.11,543.0013825,
2023-10-12 13:35:00+00:00,0.2799,0.2802,0.2802,0.2799,1757.54,0.28005,492.199077,1757.54,492.199077,
2023-10-12 13:40:00+00:00,0.2798,0.2801,0.2798,0.2798,425.32,0.279875,119.036435,425.32,119.036435,
2023-10-12 13:45:00+00:00,0.2796,0.2801,0.2801,0.28,850.81,0.27995,238.1842595,850.81,238.1842595,
2023-10-12 13:50:00+00:00,0.2801,0.2802,0.2801,0.2802,1171.58,0.28015,328.218137,1171.58,328.218137,
2023-10-12 13:55:00+00:00,0.2805,0.2806,0.2805,0.2806,391.26,0.28055,109.767993,391.26,109.767993,
2023-10-12 14:00:00+00:00,0.2801,0.281,0.2802,0.281,1745.45,0.280575,489.72963375,1745.45,489.72963375,
2023-10-12 14:05:00+00:00,0.2801,0.281,0.2802,0.281,1745.45,0.280575,489.72963375,1745.45,489.72963375,
2023-10-12 14:10:00+00:00,0.2804,0.2808,0.2805,0.2804,583.46,0.280525,163.6751165,583.46,163.6751165,
2023-10-12 14:15:00+00:00,0.2803,0.2808,0.2803,0.2808,591.25,0.28055,165.8751875,591.25,165.8751875,
2023-10-12 14:20:00+00:00,0.2808,0.2809,0.2809,0.2808,94.39,0.28085,26.5094315,94.39,26.5094315,
2023-10-12 14:25:00+00:00,0.2806,0.2812,0.281,0.2812,978.77,0.281,275.03437,978.77,275.03437,
2023-10-12 14:30:00+00:00,0.2804,0.2811,0.2811,0.2806,2814.72,0.2808,790.373376,2814.72,790.373376,
2023-10-12 14:35:00+00:00,0.2802,0.2808,0.2808,0.2804,10455.91,0.28055,2933.4055505,10455.91,2933.4055505,
2023-10-12 14:40:00+00:00,0.2805,0.2811,0.2805,0.2811,1056.19,0.2808,296.578152,1056.19,296.578152,
2023-10-12 14:45:00+00:00,0.2809,0.2812,0.2812,0.2812,284.38,0.281125,79.9463275,284.38,79.9463275,
2023-10-12 14:50:00+00:00,0.2809,0.2812,0.2812,0.2812,284.38,0.281125,79.9463275,284.38,79.9463275,
2023-10-12 14:55:00+00:00,0.2811,0.2814,0.2811,0.2813,272.49,0.281225,76.63100025,272.49,76.63100025,
2023-10-12 15:00:00+00:00,0.2812,0.2817,0.2812,0.2816,588.33,0.281425,165.57077025,588.33,165.57077025,
2023-10-12 15:05:00+00:00,0.2812,0.2817,0.2812,0.2816,588.33,0.281425,165.57077025,588.33,165.57077025,
2023-10-12 15:10:00+00:00,0.2816,0.2819,0.2817,0.2816,6819.94,0.2817,1921.177098,6819.94,1921.177098,
2023-10-12 15:15:00+00:00,0.2816,0.2819,0.2817,0.2816,6819.94,0.2817,1921.177098,6819.94,1921.177098,
2023-10-12 15:20:00+00:00,0.2813,0.2814,0.2814,0.2813,99.49,0.28135,27.9915115,99.49,27.9915115,
2023-10-12 15:25:00+00:00,0.281,0.2812,0.2812,0.281,419.94,0.2811,118.045134,419.94,118.045134,
2023-10-12 15:30:00+00:00,0.281,0.2812,0.2812,0.281,419.94,0.2811,118.045134,419.94,118.045134,
2023-10-12 15:35:00+00:00,0.281,0.2813,0.2812,0.2813,7491.77,0.2812,2106.685724,7491.77,2106.685724,
2023-10-12 15:40:00+00:00,0.2807,0.2811,0.2811,0.2809,1281.72,0.28095,360.099234,1281.72,360.099234,
2023-10-12 15:45:00+00:00,0.2806,0.2812,0.2811,0.2806,1880.4,0.280875,528.15735,1880.4,528.15735,
2023-10-12 15:50:00+00:00,0.2809,0.2813,0.2809,0.2812,1538.95,0.281075,432.56037125,1538.95,432.56037125,
2023-10-12 15:55:00+00:00,0.2809,0.2811,0.2811,0.281,1103.83,0.281025,310.20382575,1103.83,310.20382575,
2023-10-12 16:00:00+00:00,0.281,0.2813,0.2811,0.2811,2982.5,0.281125,838.4553125,2982.5,838.4553125,
2023-10-12 16:05:00+00:00,0.2812,0.2813,0.2812,0.2813,610.66,0.28125,171.748125,610.66,171.748125,
2023-10-12 16:10:00+00:00,0.2812,0.2816,0.2812,0.2816,119.86,0.2814,33.728604,119.86,33.728604,
2023-10-12 16:15:00+00:00,0.2817,0.2818,0.2818,0.2817,3658.3,0.28175,1030.726025,3658.3,1030.726025,
2023-10-12 16:20:00+00:00,0.2811,0.2815,0.2813,0.2811,2872.4,0.28125,807.8625,2872.4,807.8625,
2023-10-12 16:25:00+00:00,0.2782,0.2808,0.2808,0.2805,23688.07,0.280075,6634.43620525,23688.07,6634.43620525,
2023-10-12 16:30:00+00:00,0.2802,0.2816,0.2802,0.2811,4643.08,0.280775,1303.660787,4643.08,1303.660787,
2023-10-12 16:35:00+00:00,0.2808,0.2816,0.2808,0.2812,1650.3,0.2811,463.89933,1650.3,463.89933,
2023-10-12 16:40:00+00:00,0.2808,0.2812,0.2812,0.2808,185.28,0.281,52.06368,185.28,52.06368,
2023-10-12 16:45:00+00:00,0.2808,0.2812,0.2808,0.2808,2690.43,0.2809,755.741787,2690.43,755.741787,
2023-10-12 16:50:00+00:00,0.2802,0.2806,0.2805,0.2804,1427.02,0.280425,400.1720835,1427.02,400.1720835,
2023-10-12 16:55:00+00:00,0.2802,0.2805,0.2803,0.2802,1480.54,0.2803,414.995362,1480.54,414.995362,
2023-10-12 17:00:00+00:00,0.2798,0.2805,0.2804,0.2798,5605.76,0.280125,1570.31352,5605.76,1570.31352,
2023-10-12 17:05:00+00:00,0.2795,0.2801,0.2799,0.2799,4194.41,0.27985,1173.8056385,4194.41,1173.8056385,
2023-10-12 17:10:00+00:00,0.2802,0.2806,0.2802,0.2806,770.65,0.2804,216.09026,770.65,216.09026,
2023-10-12 17:15:00+00:00,0.2799,0.2808,0.2802,0.2808,15219.86,0.280425,4268.0292405,15219.86,4268.0292405,
2023-10-12 17:20:00+00:00,0.2802,0.2805,0.2805,0.2805,3252.22,0.280425,912.0037935,3252.22,912.0037935,
2023-10-12 17:25:00+00:00,0.2801,0.2805,0.2802,0.2801,4020.28,0.280225,1126.582963,4020.28,1126.582963,
2023-10-12 17:30:00+00:00,0.2796,0.2799,0.2799,0.2796,732.51,0.27975,204.9196725,732.51,204.9196725,
2023-10-12 17:35:00+00:00,0.2796,0.2802,0.2796,0.28,1137.66,0.27985,318.374151,1137.66,318.374151,
2023-10-12 17:40:00+00:00,0.28,0.2802,0.2801,0.28,3306.16,0.280075,925.972762,3306.16,925.972762,
2023-10-12 17:45:00+00:00,0.2801,0.2802,0.2801,0.2801,4233.61,0.280125,1185.94000125,4233.61,1185.94000125,
2023-10-12 17:50:00+00:00,0.2801,0.2804,0.2801,0.2804,1641.32,0.28025,459.97993,1641.32,459.97993,
2023-10-12 17:55:00+00:00,0.2802,0.2805,0.2805,0.2802,146.7,0.28035,41.127345,146.7,41.127345,
2023-10-12 18:00:00+00:00,0.28,0.2804,0.2803,0.28,6466.5,0.280175,1811.7516375,6466.5,1811.7516375,
2023-10-12 18:05:00+00:00,0.28,0.2803,0.2801,0.2801,3181.6,0.280125,891.2457,3181.6,891.2457,
2023-10-12 18:10:00+00:00,0.2798,0.2802,0.2799,0.28,1033.8,0.279975,289.438155,1033.8,289.438155,
2023-10-12 18:15:00+00:00,0.2799,0.2801,0.2799,0.2801,160.01,0.28,44.8028,160.01,44.8028,
2023-10-12 18:20:00+00:00,0.2801,0.2807,0.2801,0.2807,1237.59,0.2804,347.020236,1237.59,347.020236,
2023-10-12 18:25:00+00:00,0.2806,0.2809,0.2808,0.2807,728.6,0.28075,204.55445,728.6,204.55445,
2023-10-12 18:30:00+00:00,0.281,0.2811,0.2811,0.2811,320.79,0.281075,90.16604925,320.79,90.16604925,
2023-10-12 18:35:00+00:00,0.2808,0.2809,0.2808,0.2808,334.25,0.280825,93.86575625,334.25,93.86575625,
2023-10-12 18:40:00+00:00,0.2808,0.2809,0.2808,0.2808,334.25,0.280825,93.86575625,334.25,93.86575625,
2023-10-12 18:45:00+00:00,0.2802,0.2805,0.2805,0.2802,121.27,0.28035,33.9980445,121.27,33.9980445,
2023-10-12 18:50:00+00:00,0.2797,0.2802,0.2802,0.2797,1725.19,0.27995,482.9669405,1725.19,482.9669405,
2023-10-12 18:55:00+00:00,0.2797,0.2802,0.2802,0.2797,1725.19,0.27995,482.9669405,1725.19,482.9669405,
2023-10-12 19:00:00+00:00,0.2793,0.2796,0.2796,0.2793,874.38,0.27945,244.345491,874.38,244.345491,
2023-10-12 19:05:00+00:00,0.2793,0.2796,0.2796,0.2793,874.38,0.27945,244.345491,874.38,244.345491,
2023-10-12 19:10:00+00:00,0.2795,0.2801,0.2796,0.28,1410.11,0.2798,394.548778,1410.11,394.548778,
2023-10-12 19:15:00+00:00,0.2797,0.2802,0.2797,0.28,441.41,0.2799,123.550659,441.41,123.550659,
2023-10-12 19:20:00+00:00,0.28,0.2802,0.2802,0.2801,1769.72,0.280125,495.742815,1769.72,495.742815,
2023-10-12 19:25:00+00:00,0.2801,0.2805,0.2801,0.2805,105.61,0.2803,29.602483,105.61,29.602483,
2023-10-12 19:30:00+00:00,0.2801,0.2805,0.2801,0.2805,105.61,0.2803,29.602483,105.61,29.602483,
2023-10-12 19:35:00+00:00,0.2804,0.2806,0.2804,0.2804,375.84,0.28045,105.404328,375.84,105.404328,
2023-10-12 19:40:00+00:00,0.2801,0.2803,0.2803,0.2801,1601.63,0.2802,448.776726,1601.63,448.776726,
2023-10-12 19:45:00+00:00,0.2801,0.2803,0.2803,0.2801,1601.63,0.2802,448.776726,1601.63,448.776726,
2023-10-12 19:50:00+00:00,0.2799,0.2803,0.2803,0.2799,2507.65,0.2801,702.392765,2507.65,702.392765,
2023-10-12 19:55:00+00:00,0.2799,0.28,0.28,0.2799,1667.72,0.27995,466.878214,1667.72,466.878214,
2023-10-12 20:00:00+00:00,0.2798,0.2798,0.2798,0.2798,1435.99,0.2798,401.790002,1435.99,401.790002,
2023-10-12 20:05:00+00:00,0.2798,0.2798,0.2798,0.2798,1435.99,0.2798,401.790002,1435.99,401.790002,
2023-10-12 20:10:00+00:00,0.28,0.2802,0.28,0.2802,930.43,0.2801,260.613443,930.43,260.613443,
2023-10-12 20:15:00+00:00,0.28,0.2803,0.2803,0.28,634.93,0.28015,177.8756395,634.93,177.8756395,
2023-10-12 20:20:00+00:00,0.28,0.2802,0.2801,0.28,498.65,0.280075,139.65939875,498.65,139.65939875,
2023-10-12 20:25:00+00:00,0.28,0.2802,0.2801,0.28,498.65,0.280075,139.65939875,498.65,139.65939875,
2023-10-12 20:30:00+00:00,0.2801,0.2807,0.2801,0.2807,95.92,0.2804,26.895968,95.92,26.895968,
2023-10-12 20:35:00+00:00,0.2805,0.2807,0.2805,0.2807,5449.92,0.2806,1529.247552,5449.92,1529.247552,
2023-10-12 20:40:00+00:00,0.2805,0.2807,0.2805,0.2807,5449.92,0.2806,1529.247552,5449.92,1529.247552,
2023-10-12 20:45:00+00:00,0.2805,0.2807,0.2805,0.2807,5449.92,0.2806,1529.247552,5449.92,1529.247552,
2023-10-12 20:50:00+00:00,0.2803,0.2805,0.2803,0.2804,2308.35,0.280375,647.20363125,2308.35,647.20363125,
2023-10-12 20:55:00+00:00,0.2804,0.2807,0.2804,0.2807,3728.59,0.28055,1046.0559245,3728.59,1046.0559245,
2023-10-12 21:00:00+00:00,0.2806,0.2806,0.2806,0.2806,466.88,0.2806,131.006528,466.88,131.006528,
2023-10-12 21:05:00+00:00,0.2802,0.2806,0.2806,0.2802,88.47,0.2804,24.806988,88.47,24.806988,
2023-10-12 21:10:00+00:00,0.2802,0.2806,0.2806,0.2802,88.47,0.2804,24.806988,88.47,24.806988,
2023-10-12 21:15:00+00:00,0.2802,0.2806,0.2806,0.2802,88.47,0.2804,24.806988,88.47,24.806988,
2023-10-12 21:20:00+00:00,0.2802,0.2805,0.2805,0.2804,14685.8,0.2804,4117.89832,14685.8,4117.89832,
2023-10-12 21:25:00+00:00,0.2803,0.2807,0.2803,0.2807,2168.81,0.2805,608.351205,2168.81,608.351205,
2023-10-12 21:30:00+00:00,0.2807,0.2812,0.2807,0.2809,17926.42,0.280875,5035.0832175,17926.42,5035.0832175,
2023-10-12 21:35:00+00:00,0.2808,0.2811,0.2811,0.2808,1089.04,0.28095,305.965788,1089.04,305.965788,
2023-10-12 21:40:00+00:00,0.2806,0.2808,0.2806,0.2806,2066.06,0.28065,579.839739,2066.06,579.839739,
2023-10-12 21:45:00+00:00,0.2805,0.2806,0.2805,0.2806,189.13,0.28055,53.0604215,189.13,53.0604215,
2023-10-12 21:50:00+00:00,0.2805,0.2806,0.2805,0.2806,189.13,0.28055,53.0604215,189.13,53.0604215,
2023-10-12 21:55:00+00:00,0.2808,0.2812,0.2808,0.2812,1045.11,0.281,293.67591,1045.11,293.67591,
2023-10-12 22:00:00+00:00,0.281,0.2812,0.2812,0.281,1007.7,0.2811,283.26447,1007.7,283.26447,
2023-10-12 22:05:00+00:00,0.2811,0.2813,0.2811,0.2812,976.76,0.281175,274.640493,976.76,274.640493,
2023-10-12 22:10:00+00:00,0.2812,0.2814,0.2814,0.2812,2166.59,0.2813,609.461767,2166.59,609.461767,
2023-10-12 22:15:00+00:00,0.2808,0.2812,0.2812,0.2808,1864.98,0.281,524.05938,1864.98,524.05938,
2023-10-12 22:20:00+00:00,0.2807,0.281,0.2808,0.281,806.13,0.280875,226.42176375,806.13,226.42176375,
2023-10-12 22:25:00+00:00,0.2808,0.2809,0.2809,0.2808,267.44,0.28085,75.110524,267.44,75.110524,
2023-10-12 22:30:00+00:00,0.2808,0.2809,0.2808,0.2809,365.17,0.28085,102.5579945,365.17,102.5579945,
2023-10-12 22:35:00+00:00,0.2808,0.2809,0.2808,0.2809,365.17,0.28085,102.5579945,365.17,102.5579945,
2023-10-12 22:40:00+00:00,0.2808,0.2809,0.2808,0.2809,365.17,0.28085,102.5579945,365.17,102.5579945,
2023-10-12 22:45:00+00:00,0.2808,0.2812,0.2808,0.2812,1031.76,0.281,289.92456,1031.76,289.92456,
2023-10-12 22:50:00+00:00,0.2811,0.2814,0.2813,0.2811,4091.0,0.281225,1150.491475,4091.0,1150.491475,
2023-10-12 22:55:00+00:00,0.2811,0.2814,0.2812,0.2814,1268.73,0.281275,356.86203075,1268.73,356.86203075,
2023-10-12 23:00:00+00:00,0.2811,0.2812,0.2812,0.2811,1406.82,0.28115,395.527443,1406.82,395.527443,
2023-10-12 23:05:00+00:00,0.2811,0.2812,0.2812,0.2811,1406.82,0.28115,395.527443,1406.82,395.527443,
2023-10-12 23:10:00+00:00,0.281,0.2814,0.281,0.2811,32683.11,0.281125,9188.03929875,32683.11,9188.03929875,
2023-10-12 23:15:00+00:00,0.2812,0.2813,0.2812,0.2813,2775.72,0.28125,780.67125,2775.72,780.67125,
2023-10-12 23:20:00+00:00,0.2814,0.2815,0.2814,0.2815,525.83,0.28145,147.9948535,525.83,147.9948535,
2023-10-12 23:25:00+00:00,0.2814,0.2815,0.2814,0.2815,525.83,0.28145,147.9948535,525.83,147.9948535,
2023-10-12 23:30:00+00:00,0.2816,0.2819,0.2816,0.2817,617.9,0.2817,174.06243,617.9,174.06243,
2023-10-12 23:35:00+00:00,0.2816,0.2819,0.2816,0.2817,617.9,0.2817,174.06243,617.9,174.06243,
2023-10-12 23:40:00+00:00,0.2816,0.2819,0.2816,0.2817,617.9,0.2817,174.06243,617.9,174.06243,
2023-10-12 23:45:00+00:00,0.2815,0.2817,0.2816,0.2817,128.59,0.281625,36.21415875,128.59,36.21415875,
2023-10-12 23:50:00+00:00,0.2817,0.2819,0.2817,0.2819,37508.49,0.2818,10569.892482,37508.49,10569.892482,
2023-10-12 23:55:00+00:00,0.2818,0.2821,0.2821,0.2818,1311.78,0.28195,369.856371,1311.78,369.856371,
2023-10-13 00:00:00+00:00,0.2817,0.282,0.2818,0.282,6735.93,0.281875,1898.69026875,6735.93,1898.69026875,
2023-10-13 00:05:00+00:00,0.282,0.2824,0.282,0.2822,5769.62,0.28215,1627.898283,5769.62,1627.898283,
2023-10-13 00:10:00+00:00,0.2819,0.2822,0.2821,0.2822,4511.97,0.2821,1272.826737,4511.97,1272.826737,
2023-10-13 00:15:00+00:00,0.2822,0.2827,0.2825,0.2822,2577.52,0.2824,727.891648,2577.52,727.891648,
2023-10-13 00:20:00+00:00,0.2824,0.2825,0.2824,0.2824,2029.83,0.282425,573.27473775,2029.83,573.27473775,
2023-10-13 00:25:00+00:00,0.2824,0.2826,0.2824,0.2826,2834.0,0.2825,800.605,2834.0,800.605,
2023-10-13 00:30:00+00:00,0.2825,0.2828,0.2825,0.2825,1549.78,0.282575,437.9290835,1549.78,437.9290835,
2023-10-13 00:35:00+00:00,0.2823,0.2824,0.2823,0.2824,1023.04,0.28235,288.855344,1023.04,288.855344,
2023-10-13 00:40:00+00:00,0.2825,0.2827,0.2826,0.2827,4500.92,0.282625,1272.072515,4500.92,1272.072515,
2023-10-13 00:45:00+00:00,0.2825,0.2827,0.2826,0.2827,4500.92,0.282625,1272.072515,4500.92,1272.072515,
2023-10-13 00:50:00+00:00,0.2826,0.2828,0.2826,0.2828,802.41,0.2827,226.841307,802.41,226.841307,
2023-10-13 00:55:00+00:00,0.2826,0.2828,0.2826,0.2828,802.41,0.2827,226.841307,802.41,226.841307,
2023-10-13 01:00:00+00:00,0.2827,0.283,0.2827,0.283,4891.41,0.28285,1383.5353185,4891.41,1383.5353185,
2023-10-13 01:05:00+00:00,0.2825,0.283,0.283,0.2825,1541.45,0.28275,435.8449875,1541.45,435.8449875,
2023-10-13 01:10:00+00:00,0.2824,0.2826,0.2824,0.2826,354.55,0.2825,100.160375,354.55,100.160375,
2023-10-13 01:15:00+00:00,0.2824,0.2826,0.2824,0.2826,354.55,0.2825,100.160375,354.55,100.160375,
2023-10-13 01:20:00+00:00,0.2825,0.2828,0.2827,0.2825,391.79,0.282625,110.72964875,391.79,110.72964875,
2023-10-13 01:25:00+00:00,0.2825,0.2828,0.2827,0.2825,391.79,0.282625,110.72964875,391.79,110.72964875,
2023-10-13 01:30:00+00:00,0.2825,0.2828,0.2827,0.2825,391.79,0.282625,110.72964875,391.79,110.72964875,
2023-10-13 01:35:00+00:00,0.2826,0.2826,0.2826,0.2826,355.83,0.2826,100.557558,355.83,100.557558,
2023-10-13 01:40:00+00:00,0.2826,0.2826,0.2826,0.2826,355.83,0.2826,100.557558,355.83,100.557558,
2023-10-13 01:45:00+00:00,0.2827,0.283,0.2828,0.283,146.8,0.282875,41.52605,146.8,41.52605,
2023-10-13 01:50:00+00:00,0.2831,0.2834,0.2831,0.2834,59320.35,0.28325,16802.4891375,59320.35,16802.4891375,
2023-10-13 01:55:00+00:00,0.2827,0.2831,0.2831,0.2828,911.64,0.282925,257.925747,911.64,257.925747,
2023-10-13 02:00:00+00:00,0.2828,0.2831,0.2828,0.2831,2725.91,0.28295,771.2962345,2725.91,771.2962345,
2023-10-13 02:05:00+00:00,0.2831,0.2831,0.2831,0.2831,1229.84,0.2831,348.167704,1229.84,348.167704,
2023-10-13 02:10:00+00:00,0.2828,0.2831,0.2831,0.283,792.44,0.283,224.26052,792.44,224.26052,
2023-10-13 02:15:00+00:00,0.2829,0.2829,0.2829,0.2829,473.07,0.2829,133.831503,473.07,133.831503,
2023-10-13 02:20:00+00:00,0.2829,0.2829,0.2829,0.2829,473.07,0.2829,133.831503,473.07,133.831503,
2023-10-13 02:25:00+00:00,0.2827,0.283,0.2829,0.2827,494.07,0.282825,139.73534775,494.07,139.73534775,
2023-10-13 02:30:00+00:00,0.2827,0.283,0.2829,0.2827,494.07,0.282825,139.73534775,494.07,139.73534775,
2023-10-13 02:35:00+00:00,0.2824,0.2826,0.2825,0.2824,8590.81,0.282475,2426.68905475,8590.81,2426.68905475,
2023-10-13 02:40:00+00:00,0.2824,0.2826,0.2825,0.2824,8590.81,0.282475,2426.68905475,8590.81,2426.68905475,
2023-10-13 02:45:00+00:00,0.2824,0.2826,0.2825,0.2824,8590.81,0.282475,2426.68905475,8590.81,2426.68905475,
2023-10-13 02:50:00+00:00,0.2824,0.2827,0.2824,0.2825,2666.67,0.2825,753.334275,2666.67,753.334275,
2023-10-13 02:55:00+00:00,0.2824,0.2825,0.2824,0.2825,1130.15,0.28245,319.2108675,1130.15,319.2108675,
2023-10-13 03:00:00+00:00,0.2824,0.2825,0.2824,0.2825,1130.15,0.28245,319.2108675,1130.15,319.2108675,
2023-10-13 03:05:00+00:00,0.2825,0.2826,0.2826,0.2826,315.51,0.282575,89.15523825,315.51,89.15523825,
2023-10-13 03:10:00+00:00,0.2824,0.2828,0.2824,0.2828,2936.51,0.2826,829.857726,2936.51,829.857726,
2023-10-13 03:15:00+00:00,0.2823,0.2827,0.2827,0.2825,5256.08,0.28255,1485.105404,5256.08,1485.105404,
2023-10-13 03:20:00+00:00,0.2822,0.2823,0.2823,0.2822,665.44,0.28225,187.82044,665.44,187.82044,
2023-10-13 03:25:00+00:00,0.2822,0.2823,0.2823,0.2823,810.31,0.282275,228.73025525,810.31,228.73025525,
2023-10-13 03:30:00+00:00,0.2819,0.282,0.282,0.2819,112.85,0.28195,31.8180575,112.85,31.8180575,
2023-10-13 03:35:00+00:00,0.2818,0.2819,0.2818,0.2819,509.47,0.28185,143.5941195,509.47,143.5941195,
2023-10-13 03:40:00+00:00,0.2816,0.2819,0.2817,0.2816,1181.04,0.2817,332.698968,1181.04,332.698968,
2023-10-13 03:45:00+00:00,0.2815,0.2816,0.2816,0.2816,235.67,0.281575,66.35878025,235.67,66.35878025,
2023-10-13 03:50:00+00:00,0.2815,0.2816,0.2816,0.2816,235.67,0.281575,66.35878025,235.67,66.35878025,
2023-10-13 03:55:00+00:00,0.2816,0.2819,0.2816,0.2817,835.15,0.2817,235.261755,835.15,235.261755,
2023-10-13 04:00:00+00:00,0.2818,0.2818,0.2818,0.2818,104.02,0.2818,29.312836,104.02,29.312836,
2023-10-13 04:05:00+00:00,0.2818,0.2818,0.2818,0.2818,135.8,0.2818,38.26844,135.8,38.26844,
2023-10-13 04:10:00+00:00,0.2816,0.2819,0.2816,0.2819,300.42,0.28175,84.643335,300.42,84.643335,
2023-10-13 04:15:00+00:00,0.2819,0.2819,0.2819,0.2819,53.24,0.2819,15.008356,53.24,15.008356,
2023-10-13 04:20:00+00:00,0.2819,0.2819,0.2819,0.2819,1184.93,0.2819,334.031767,1184.93,334.031767,
2023-10-13 04:25:00+00:00,0.2818,0.2818,0.2818,0.2818,100.0,0.2818,28.18,100.0,28.18,
2023-10-13 04:30:00+00:00,0.2818,0.282,0.2819,0.282,2263.76,0.281925,638.210538,2263.76,638.210538,
2023-10-13 04:35:00+00:00,0.2819,0.2821,0.2821,0.2819,2739.14,0.282,772.43748,2739.14,772.43748,
2023-10-13 04:40:00+00:00,0.2818,0.2819,0.2819,0.2818,781.65,0.28185,220.3080525,781.65,220.3080525,
2023-10-13 04:45:00+00:00,0.2818,0.2819,0.2819,0.2818,781.65,0.28185,220.3080525,781.65,220.3080525,
2023-10-13 04:50:00+00:00,0.2818,0.2819,0.2818,0.2819,262.52,0.28185,73.991262,262.52,73.991262,
2023-10-13 04:55:00+00:00,0.2819,0.282,0.2819,0.282,1189.4,0.28195,335.35133,1189.4,335.35133,
2023-10-13 05:00:00+00:00,0.2822,0.2822,0.2822,0.2822,1151.02,0.2822,324.817844,1151.02,324.817844,
2023-10-13 05:05:00+00:00,0.2822,0.2822,0.2822,0.2822,1151.02,0.2822,324.817844,1151.02,324.817844,
2023-10-13 05:10:00+00:00,0.2823,0.2824,0.2824,0.2823,59.33,0.28235,16.7518255,59.33,16.7518255,
2023-10-13 05:15:00+00:00,0.2823,0.2824,0.2824,0.2823,59.33,0.28235,16.7518255,59.33,16.7518255,
2023-10-13 05:20:00+00:00,0.2821,0.2825,0.2823,0.2821,2237.21,0.28225,631.4525225,2237.21,631.4525225,
2023-10-13 05:25:00+00:00,0.2819,0.282,0.282,0.2819,1140.8,0.28195,321.64856,1140.8,321.64856,
2023-10-13 05:30:00+00:00,0.2819,0.282,0.282,0.2819,1140.8,0.28195,321.64856,1140.8,321.64856,
2023-10-13 05:35:00+00:00,0.2819,0.282,0.282,0.2819,1140.8,0.28195,321.64856,1140.8,321.64856,
2023-10-13 05:40:00+00:00,0.2819,0.282,0.282,0.2819,1140.8,0.28195,321.64856,1140.8,321.64856,
2023-10-13 05:45:00+00:00,0.2816,0.2816,0.2816,0.2816,353.98,0.2816,99.680768,353.98,99.680768,
2023-10-13 05:50:00+00:00,0.2816,0.2817,0.2816,0.2817,697.15,0.28165,196.3522975,697.15,196.3522975,
2023-10-13 05:55:00+00:00,0.2816,0.2817,0.2816,0.2817,697.15,0.28165,196.3522975,697.15,196.3522975,
2023-10-13 06:00:00+00:00,0.2815,0.2817,0.2815,0.2817,2172.41,0.2816,611.750656,2172.41,611.750656,
2023-10-13 06:05:00+00:00,0.2815,0.2817,0.2815,0.2817,2172.41,0.2816,611.750656,2172.41,611.750656,
2023-10-13 06:10:00+00:00,0.2814,0.2816,0.2816,0.2815,979.06,0.281525,275.6298665,979.06,275.6298665,
2023-10-13 06:15:00+00:00,0.2814,0.2816,0.2816,0.2815,979.06,0.281525,275.6298665,979.06,275.6298665,
2023-10-13 06:20:00+00:00,0.2814,0.2814,0.2814,0.2814,102.22,0.2814,28.764708,102.22,28.764708,
2023-10-13 06:25:00+00:00,0.2815,0.2816,0.2815,0.2815,1293.02,0.281525,364.0174555,1293.02,364.0174555,
2023-10-13 06:30:00+00:00,0.2815,0.2816,0.2815,0.2815,1293.02,0.281525,364.0174555,1293.02,364.0174555,
2023-10-13 06:35:00+00:00,0.2815,0.2819,0.2815,0.2819,1414.09,0.2817,398.349153,1414.09,398.349153,
2023-10-13 06:40:00+00:00,0.2818,0.2818,0.2818,0.2818,78.92,0.2818,22.239656,78.92,22.239656,
2023-10-13 06:45:00+00:00,0.2818,0.2818,0.2818,0.2818,78.92,0.2818,22.239656,78.92,22.239656,
2023-10-13 06:50:00+00:00,0.2818,0.2818,0.2818,0.2818,78.92,0.2818,22.239656,78.92,22.239656,
2023-10-13 06:55:00+00:00,0.2817,0.2817,0.2817,0.2817,1439.26,0.2817,405.439542,1439.26,405.439542,
2023-10-13 07:00:00+00:00,0.2816,0.282,0.2817,0.282,710.29,0.281825,200.17747925,710.29,200.17747925,
2023-10-13 07:05:00+00:00,0.282,0.2823,0.282,0.2823,780.1,0.28215,220.105215,780.1,220.105215,
2023-10-13 07:10:00+00:00,0.2823,0.2825,0.2823,0.2825,775.21,0.2824,218.919304,775.21,218.919304,
2023-10-13 07:15:00+00:00,0.2826,0.2835,0.2826,0.283,2633.62,0.282925,745.1169385,2633.62,745.1169385,
2023-10-13 07:20:00+00:00,0.2828,0.2831,0.2828,0.2831,176.72,0.28295,50.002924,176.72,50.002924,
2023-10-13 07:25:00+00:00,0.2828,0.2831,0.2828,0.2831,176.72,0.28295,50.002924,176.72,50.002924,
2023-10-13 07:30:00+00:00,0.2834,0.2837,0.2834,0.2836,31813.64,0.283525,9019.962281,31813.64,9019.962281,
2023-10-13 07:35:00+00:00,0.2832,0.2835,0.2835,0.2832,45829.67,0.28335,12985.8369945,45829.67,12985.8369945,
2023-10-13 07:40:00+00:00,0.2829,0.2833,0.2832,0.2829,39607.71,0.283075,11211.95250825,39607.71,11211.95250825,
2023-10-13 07:45:00+00:00,0.2828,0.2833,0.2831,0.2828,5589.93,0.283,1581.95019,5589.93,1581.95019,
2023-10-13 07:50:00+00:00,0.2828,0.2833,0.2831,0.2828,5589.93,0.283,1581.95019,5589.93,1581.95019,
2023-10-13 07:55:00+00:00,0.283,0.2832,0.283,0.2832,1224.55,0.2831,346.670105,1224.55,346.670105,
2023-10-13 08:00:00+00:00,0.2834,0.2835,0.2834,0.2835,91.31,0.28345,25.8818195,91.31,25.8818195,
2023-10-13 08:05:00+00:00,0.2834,0.2835,0.2834,0.2835,91.31,0.28345,25.8818195,91.31,25.8818195,
2023-10-13 08:10:00+00:00,0.2834,0.2837,0.2834,0.2837,413.56,0.28355,117.264938,413.56,117.264938,
2023-10-13 08:15:00+00:00,0.2837,0.2837,0.2837,0.2837,297.92,0.2837,84.519904,297.92,84.519904,
2023-10-13 08:20:00+00:00,0.2835,0.2835,0.2835,0.2835,966.49,0.2835,273.999915,966.49,273.999915,
2023-10-13 08:25:00+00:00,0.2834,0.2836,0.2834,0.2835,784.97,0.283475,222.51937075,784.97,222.51937075,
2023-10-13 08:30:00+00:00,0.2836,0.2838,0.2838,0.2836,2568.65,0.2837,728.726005,2568.65,728.726005,
2023-10-13 08:35:00+00:00,0.2836,0.2838,0.2838,0.2836,2568.65,0.2837,728.726005,2568.65,728.726005,
2023-10-13 08:40:00+00:00,0.2836,0.2838,0.2838,0.2836,2568.65,0.2837,728.726005,2568.65,728.726005,
2023-10-13 08:45:00+00:00,0.2831,0.2832,0.2832,0.2831,17365.48,0.28315,4917.035662,17365.48,4917.035662,
2023-10-13 08:50:00+00:00,0.2831,0.2831,0.2831,0.2831,40.0,0.2831,11.324,40.0,11.324,
2023-10-13 08:55:00+00:00,0.2828,0.2831,0.2831,0.2828,248.73,0.28295,70.3781535,248.73,70.3781535,
2023-10-13 09:00:00+00:00,0.2828,0.2831,0.2831,0.2828,248.73,0.28295,70.3781535,248.73,70.3781535,
2023-10-13 09:05:00+00:00,0.2829,0.2831,0.2829,0.2831,1896.94,0.283,536.83402,1896.94,536.83402,
2023-10-13 09:10:00+00:00,0.2829,0.2831,0.2829,0.2831,1896.94,0.283,536.83402,1896.94,536.83402,
2023-10-13 09:15:00+00:00,0.2829,0.2831,0.2829,0.2831,1896.94,0.283,536.83402,1896.94,536.83402,
2023-10-13 09:20:00+00:00,0.283,0.2832,0.283,0.2832,26.07,0.2831,7.380417,26.07,7.380417,
2023-10-13 09:25:00+00:00,0.283,0.283,0.283,0.283,199.97,0.283,56.59151,199.97,56.59151,
2023-10-13 09:30:00+00:00,0.2826,0.2831,0.2831,0.2826,8507.29,0.28285,2406.2869765,8507.29,2406.2869765,
2023-10-13 09:35:00+00:00,0.2827,0.2829,0.2829,0.2827,1630.94,0.2828,461.229832,1630.94,461.229832,
2023-10-13 09:40:00+00:00,0.2827,0.2829,0.2829,0.2827,1630.94,0.2828,461.229832,1630.94,461.229832,
2023-10-13 09:45:00+00:00,0.2825,0.2826,0.2826,0.2825,130.95,0.28255,36.9999225,130.95,36.9999225,
2023-10-13 09:50:00+00:00,0.2825,0.2826,0.2826,0.2825,130.95,0.28255,36.9999225,130.95,36.9999225,
2023-10-13 09:55:00+00:00,0.2822,0.2825,0.2822,0.2822,1615.35,0.282275,455.97292125,1615.35,455.97292125,
2023-10-13 10:00:00+00:00,0.2822,0.2825,0.2822,0.2822,1615.35,0.282275,455.97292125,1615.35,455.97292125,
2023-10-13 10:05:00+00:00,0.2822,0.2825,0.2822,0.2822,1615.35,0.282275,455.97292125,1615.35,455.97292125,
2023-10-13 10:10:00+00:00,0.2822,0.2825,0.2822,0.2822,1615.35,0.282275,455.97292125,1615.35,455.97292125,
2023-10-13 10:15:00+00:00,0.2822,0.2825,0.2822,0.2822,1615.35,0.282275,455.97292125,1615.35,455.97292125,
2023-10-13 10:20:00+00:00,0.2825,0.2825,0.2825,0.2825,91.36,0.2825,25.8092,91.36,25.8092,
2023-10-13 10:25:00+00:00,0.2825,0.2825,0.2825,0.2825,91.36,0.2825,25.8092,91.36,25.8092,
2023-10-13 10:30:00+00:00,0.2825,0.2827,0.2825,0.2827,4543.76,0.2826,1284.066576,4543.76,1284.066576,
2023-10-13 10:35:00+00:00,0.2826,0.2827,0.2827,0.2826,1056.93,0.28265,298.7412645,1056.93,298.7412645,
2023-10-13 10:40:00+00:00,0.2826,0.2828,0.2826,0.2828,169.77,0.2827,47.993979,169.77,47.993979,
2023-10-13 10:45:00+00:00,0.2826,0.2828,0.2826,0.2828,169.77,0.2827,47.993979,169.77,47.993979,
2023-10-13 10:50:00+00:00,0.2826,0.2829,0.2828,0.2826,320.62,0.282725,90.6472895,320.62,90.6472895,
2023-10-13 10:55:00+00:00,0.2826,0.2829,0.2828,0.2826,320.62,0.282725,90.6472895,320.62,90.6472895,
2023-10-13 11:00:00+00:00,0.2826,0.2829,0.2828,0.2826,320.62,0.282725,90.6472895,320.62,90.6472895,
2023-10-13 11:05:00+00:00,0.2831,0.2832,0.2831,0.2832,2655.91,0.28315,752.0209165,2655.91,752.0209165,
2023-10-13 11:10:00+00:00,0.2834,0.2834,0.2834,0.2834,2903.71,0.2834,822.911414,2903.71,822.911414,
2023-10-13 11:15:00+00:00,0.2833,0.2836,0.2834,0.2835,2730.71,0.28345,774.0197495,2730.71,774.0197495,
2023-10-13 11:20:00+00:00,0.2833,0.2836,0.2834,0.2835,2730.71,0.28345,774.0197495,2730.71,774.0197495,
2023-10-13 11:25:00+00:00,0.2836,0.2843,0.2837,0.2843,4786.05,0.283975,1359.11854875,4786.05,1359.11854875,
2023-10-13 11:30:00+00:00,0.2842,0.2843,0.2842,0.2843,74.18,0.28425,21.085665,74.18,21.085665,
2023-10-13 11:35:00+00:00,0.284,0.2846,0.2842,0.2846,60.15,0.28435,17.1036525,60.15,17.1036525,
2023-10-13 11:40:00+00:00,0.284,0.2846,0.2842,0.2846,60.15,0.28435,17.1036525,60.15,17.1036525,
2023-10-13 11:45:00+00:00,0.284,0.2842,0.2841,0.284,813.74,0.284075,231.1631905,813.74,231.1631905,
2023-10-13 11:50:00+00:00,0.2839,0.284,0.2839,0.284,640.76,0.28395,181.943802,640.76,181.943802,
2023-10-13 11:55:00+00:00,0.2839,0.284,0.2839,0.284,640.76,0.28395,181.943802,640.76,181.943802,
2023-10-13 12:00:00+00:00,0.2839,0.284,0.2839,0.284,640.76,0.28395,181.943802,640.76,181.943802,
2023-10-13 12:05:00+00:00,0.2838,0.2843,0.284,0.2843,2131.83,0.2841,605.652903,2131.83,605.652903,
2023-10-13 12:10:00+00:00,0.2838,0.2843,0.284,0.2843,2131.83,0.2841,605.652903,2131.83,605.652903,
2023-10-13 12:15:00+00:00,0.2842,0.2843,0.2842,0.2843,7.64,0.28425,2.17167,7.64,2.17167,
2023-10-13 12:20:00+00:00,0.2842,0.2846,0.2843,0.2844,4135.57,0.284375,1176.05271875,4135.57,1176.05271875,
2023-10-13 12:25:00+00:00,0.2842,0.2846,0.2843,0.2844,4135.57,0.284375,1176.05271875,4135.57,1176.05271875,
2023-10-13 12:30:00+00:00,0.2844,0.2849,0.2844,0.2849,2728.22,0.28465,776.587823,2728.22,776.587823,
2023-10-13 12:35:00+00:00,0.2849,0.2854,0.2852,0.285,10836.07,0.285125,3089.63445875,10836.07,3089.63445875,
2023-10-13 12:40:00+00:00,0.2847,0.2848,0.2847,0.2848,3.13,0.28475,0.8912675,3.13,0.8912675,
2023-10-13 12:45:00+00:00,0.2849,0.2853,0.2849,0.2853,1209.07,0.2851,344.705857,1209.07,344.705857,
2023-10-13 12:50:00+00:00,0.2854,0.2855,0.2855,0.2854,126.57,0.28545,36.1294065,126.57,36.1294065,
2023-10-13 12:55:00+00:00,0.2854,0.2855,0.2855,0.2854,126.57,0.28545,36.1294065,126.57,36.1294065,
2023-10-13 13:00:00+00:00,0.285,0.2853,0.2853,0.285,357.18,0.28515,101.849877,357.18,101.849877,
2023-10-13 13:05:00+00:00,0.285,0.2853,0.2853,0.285,357.18,0.28515,101.849877,357.18,101.849877,
2023-10-13 13:10:00+00:00,0.2851,0.2852,0.2852,0.2851,752.11,0.28515,214.4641665,752.11,214.4641665,
2023-10-13 13:15:00+00:00,0.285,0.2852,0.285,0.2851,1685.01,0.285075,480.35422575,1685.01,480.35422575,
2023-10-13 13:20:00+00:00,0.2849,0.285,0.2849,0.285,1028.13,0.28495,292.9656435,1028.13,292.9656435,
2023-10-13 13:25:00+00:00,0.285,0.285,0.285,0.285,629.28,0.285,179.3448,629.28,179.3448,
2023-10-13 13:30:00+00:00,0.2849,0.285,0.2849,0.285,337.18,0.28495,96.079441,337.18,96.079441,
2023-10-13 13:35:00+00:00,0.2849,0.285,0.2849,0.285,337.18,0.28495,96.079441,337.18,96.079441,
2023-10-13 13:40:00+00:00,0.2846,0.2848,0.2848,0.2846,368.53,0.2847,104.920491,368.53,104.920491,
2023-10-13 13:45:00+00:00,0.2848,0.2849,0.2849,0.2849,259.62,0.284875,73.9592475,259.62,73.9592475,
2023-10-13 13:50:00+00:00,0.2849,0.2851,0.2849,0.285,5385.03,0.284975,1534.59892425,5385.03,1534.59892425,
2023-10-13 13:55:00+00:00,0.2849,0.2849,0.2849,0.2849,209.12,0.2849,59.578288,209.12,59.578288,
2023-10-13 14:00:00+00:00,0.2848,0.2851,0.2849,0.2851,1174.62,0.284975,334.7373345,1174.62,334.7373345,
2023-10-13 14:05:00+00:00,0.285,0.285,0.285,0.285,1895.85,0.285,540.31725,1895.85,540.31725,
2023-10-13 14:10:00+00:00,0.2849,0.2852,0.2851,0.2849,15641.05,0.285025,4458.09027625,15641.05,4458.09027625,
2023-10-13 14:15:00+00:00,0.2848,0.2848,0.2848,0.2848,1033.56,0.2848,294.357888,1033.56,294.357888,
2023-10-13 14:20:00+00:00,0.2845,0.2847,0.2847,0.2845,475.61,0.2846,135.358606,475.61,135.358606,
2023-10-13 14:25:00+00:00,0.2846,0.2847,0.2846,0.2847,359.7,0.28465,102.388605,359.7,102.388605,
2023-10-13 14:30:00+00:00,0.2846,0.2848,0.2847,0.2846,901.34,0.284675,256.5889645,901.34,256.5889645,
2023-10-13 14:35:00+00:00,0.2846,0.2848,0.2847,0.2846,901.34,0.284675,256.5889645,901.34,256.5889645,
2023-10-13 14:40:00+00:00,0.2843,0.2845,0.2845,0.2843,790.25,0.2844,224.7471,790.25,224.7471,
2023-10-13 14:45:00+00:00,0.2843,0.2845,0.2845,0.2843,790.25,0.2844,224.7471,790.25,224.7471,
2023-10-13 14:50:00+00:00,0.2839,0.2843,0.2843,0.2841,185.62,0.28415,52.743923,185.62,52.743923,
2023-10-13 14:55:00+00:00,0.2839,0.2843,0.2843,0.2841,185.62,0.28415,52.743923,185.62,52.743923,
2023-10-13 15:00:00+00:00,0.2837,0.2846,0.2838,0.2842,18103.92,0.284075,5142.871074,18103.92,5142.871074,
2023-10-13 15:05:00+00:00,0.2837,0.284,0.284,0.284,439.1,0.283925,124.6714675,439.1,124.6714675,
2023-10-13 15:10:00+00:00,0.2837,0.2838,0.2838,0.2837,634.45,0.28375,180.0251875,634.45,180.0251875,
2023-10-13 15:15:00+00:00,0.2837,0.2839,0.2838,0.2837,2560.22,0.283775,726.5264305,2560.22,726.5264305,
2023-10-13 15:20:00+00:00,0.283,0.2837,0.2837,0.2831,759.71,0.283375,215.28282125,759.71,215.28282125,
2023-10-13 15:25:00+00:00,0.2831,0.2836,0.2831,0.2836,3585.89,0.28335,1016.0619315,3585.89,1016.0619315,
2023-10-13 15:30:00+00:00,0.2833,0.2834,0.2834,0.2833,205.94,0.28335,58.353099,205.94,58.353099,
2023-10-13 15:35:00+00:00,0.2834,0.2835,0.2834,0.2835,2200.49,0.28345,623.7288905,2200.49,623.7288905,
2023-10-13 15:40:00+00:00,0.2834,0.2835,0.2834,0.2835,2200.49,0.28345,623.7288905,2200.49,623.7288905,
2023-10-13 15:45:00+00:00,0.2832,0.2835,0.2835,0.2832,1318.63,0.28335,373.6338105,1318.63,373.6338105,
2023-10-13 15:50:00+00:00,0.2832,0.2834,0.2833,0.2832,1555.09,0.283275,440.51811975,1555.09,440.51811975,
2023-10-13 15:55:00+00:00,0.2832,0.2836,0.2834,0.2832,1712.56,0.28335,485.253876,1712.56,485.253876,
2023-10-13 16:00:00+00:00,0.2832,0.2834,0.2833,0.2833,2299.69,0.2833,651.502177,2299.69,651.502177,
2023-10-13 16:05:00+00:00,0.2833,0.2834,0.2833,0.2834,143.37,0.28335,40.6238895,143.37,40.6238895,
2023-10-13 16:10:00+00:00,0.2833,0.2834,0.2833,0.2834,143.37,0.28335,40.6238895,143.37,40.6238895,
2023-10-13 16:15:00+00:00,0.2833,0.2836,0.2833,0.2836,1498.96,0.28345,424.880212,1498.96,424.880212,
2023-10-13 16:20:00+00:00,0.2835,0.2835,0.2835,0.2835,804.42,0.2835,228.05307,804.42,228.05307,
2023-10-13 16:25:00+00:00,0.2834,0.2837,0.2834,0.2837,2248.88,0.28355,637.669924,2248.88,637.669924,
2023-10-13 16:30:00+00:00,0.2834,0.2843,0.2835,0.284,4607.36,0.2838,1307.568768,4607.36,1307.568768,
2023-10-13 16:35:00+00:00,0.284,0.284,0.284,0.284,3.13,0.284,0.88892,3.13,0.88892,
2023-10-13 16:40:00+00:00,0.2842,0.2846,0.2842,0.2846,2277.88,0.2844,647.829072,2277.88,647.829072,
2023-10-13 16:45:00+00:00,0.284,0.2845,0.2845,0.284,1912.95,0.28425,543.7560375,1912.95,543.7560375,
2023-10-13 16:50:00+00:00,0.2843,0.2846,0.2843,0.2846,5344.83,0.28445,1520.3368935,5344.83,1520.3368935,
2023-10-13 16:55:00+00:00,0.2843,0.2845,0.2844,0.2843,1984.18,0.284375,564.2511875,1984.18,564.2511875,
2023-10-13 17:00:00+00:00,0.2843,0.2845,0.2843,0.2843,3374.3,0.28435,959.482205,3374.3,959.482205,
2023-10-13 17:05:00+00:00,0.2841,0.2845,0.2841,0.2845,518.12,0.2843,147.301516,518.12,147.301516,
2023-10-13 17:10:00+00:00,0.2841,0.2845,0.2841,0.2845,518.12,0.2843,147.301516,518.12,147.301516,
2023-10-13 17:15:00+00:00,0.284,0.2844,0.2843,0.2844,1355.28,0.284275,385.272222,1355.28,385.272222,
2023-10-13 17:20:00+00:00,0.2844,0.2846,0.2844,0.2846,2400.65,0.2845,682.984925,2400.65,682.984925,
2023-10-13 17:25:00+00:00,0.2841,0.2844,0.2844,0.2841,469.02,0.28425,133.318935,469.02,133.318935,
2023-10-13 17:30:00+00:00,0.284,0.284,0.284,0.284,3707.39,0.284,1052.89876,3707.39,1052.89876,
2023-10-13 17:35:00+00:00,0.284,0.2843,0.2843,0.2843,186.8,0.284225,53.09323,186.8,53.09323,
2023-10-13 17:40:00+00:00,0.2842,0.2844,0.2844,0.2842,847.38,0.2843,240.910134,847.38,240.910134,
2023-10-13 17:45:00+00:00,0.2842,0.2844,0.2844,0.2842,847.38,0.2843,240.910134,847.38,240.910134,
2023-10-13 17:50:00+00:00,0.2843,0.2843,0.2843,0.2843,262.53,0.2843,74.637279,262.53,74.637279,
2023-10-13 17:55:00+00:00,0.2843,0.2843,0.2843,0.2843,262.53,0.2843,74.637279,262.53,74.637279,
2023-10-13 18:00:00+00:00,0.2842,0.2843,0.2843,0.2843,298.77,0.284275,84.93284175,298.77,84.93284175,
2023-10-13 18:05:00+00:00,0.2841,0.2845,0.2842,0.2845,4063.03,0.284325,1155.22100475,4063.03,1155.22100475,
2023-10-13 18:10:00+00:00,0.2843,0.2843,0.2843,0.2843,862.71,0.2843,245.268453,862.71,245.268453,
2023-10-13 18:15:00+00:00,0.2842,0.2845,0.2842,0.2845,1632.71,0.28435,464.2610885,1632.71,464.2610885,
2023-10-13 18:20:00+00:00,0.2844,0.2845,0.2845,0.2844,1484.12,0.28445,422.157934,1484.12,422.157934,
2023-10-13 18:25:00+00:00,0.2844,0.2845,0.2845,0.2844,1484.12,0.28445,422.157934,1484.12,422.157934,
2023-10-13 18:30:00+00:00,0.2843,0.2846,0.2844,0.2843,438.38,0.2844,124.675272,438.38,124.675272,
2023-10-13 18:35:00+00:00,0.2838,0.284,0.284,0.2838,91.34,0.2839,25.931426,91.34,25.931426,
2023-10-13 18:40:00+00:00,0.2837,0.284,0.2838,0.2839,1218.86,0.28385,345.973411,1218.86,345.973411,
2023-10-13 18:45:00+00:00,0.2838,0.2841,0.2838,0.2838,280.11,0.283875,79.51622625,280.11,79.51622625,
2023-10-13 18:50:00+00:00,0.284,0.2841,0.284,0.2841,388.34,0.28405,110.307977,388.34,110.307977,
2023-10-13 18:55:00+00:00,0.2841,0.2842,0.2841,0.2841,341.46,0.284125,97.0173225,341.46,97.0173225,
2023-10-13 19:00:00+00:00,0.2841,0.2841,0.2841,0.2841,218.82,0.2841,62.166762,218.82,62.166762,
2023-10-13 19:05:00+00:00,0.2838,0.2842,0.2842,0.2839,532.87,0.284025,151.34840175,532.87,151.34840175,
2023-10-13 19:10:00+00:00,0.2837,0.2841,0.2839,0.2841,642.71,0.28395,182.4975045,642.71,182.4975045,
2023-10-13 19:15:00+00:00,0.2837,0.2841,0.2839,0.2841,642.71,0.28395,182.4975045,642.71,182.4975045,
2023-10-13 19:20:00+00:00,0.2839,0.2842,0.2841,0.2842,2429.49,0.2841,690.218109,2429.49,690.218109,
2023-10-13 19:25:00+00:00,0.284,0.2841,0.284,0.2841,701.89,0.28405,199.3718545,701.89,199.3718545,
2023-10-13 19:30:00+00:00,0.2837,0.2841,0.284,0.2837,747.43,0.283875,212.17669125,747.43,212.17669125,
2023-10-13 19:35:00+00:00,0.2837,0.2841,0.284,0.2837,747.43,0.283875,212.17669125,747.43,212.17669125,
2023-10-13 19:40:00+00:00,0.2837,0.2841,0.284,0.2837,747.43,0.283875,212.17669125,747.43,212.17669125,
2023-10-13 19:45:00+00:00,0.2833,0.2838,0.2835,0.2838,12701.26,0.2836,3602.077336,12701.26,3602.077336,
2023-10-13 19:50:00+00:00,0.2836,0.2839,0.2837,0.2837,6101.91,0.283725,1731.26441475,6101.91,1731.26441475,
2023-10-13 19:55:00+00:00,0.2836,0.2839,0.2837,0.2839,353.16,0.283775,100.217979,353.16,100.217979,
2023-10-13 20:00:00+00:00,0.2838,0.284,0.2839,0.2838,2581.15,0.283875,732.72395625,2581.15,732.72395625,
2023-10-13 20:05:00+00:00,0.284,0.2842,0.2841,0.2841,20829.7,0.2841,5917.71777,20829.7,5917.71777,
2023-10-13 20:10:00+00:00,0.2839,0.284,0.284,0.2839,186.74,0.28395,53.024823,186.74,53.024823,
2023-10-13 20:15:00+00:00,0.2838,0.284,0.284,0.284,1676.55,0.28395,476.0563725,1676.55,476.0563725,
2023-10-13 20:20:00+00:00,0.284,0.284,0.284,0.284,116.24,0.284,33.01216,116.24,33.01216,
2023-10-13 20:25:00+00:00,0.2839,0.284,0.2839,0.284,1998.6,0.28395,567.50247,1998.6,567.50247,
2023-10-13 20:30:00+00:00,0.2838,0.284,0.2839,0.284,697.93,0.283925,198.15977525,697.93,198.15977525,
2023-10-13 20:35:00+00:00,0.284,0.2842,0.284,0.2841,4428.29,0.284075,1257.96648175,4428.29,1257.96648175,
2023-10-13 20:40:00+00:00,0.2842,0.2848,0.2842,0.2848,8497.21,0.2845,2417.456245,8497.21,2417.456245,
2023-10-13 20:45:00+00:00,0.2842,0.2846,0.2846,0.2844,2078.49,0.28445,591.2264805,2078.49,591.2264805,
2023-10-13 20:50:00+00:00,0.2844,0.2872,0.2844,0.2867,9483.64,0.285675,2709.238857,9483.64,2709.238857,
2023-10-13 20:55:00+00:00,0.2859,0.2869,0.2864,0.2869,1598.88,0.286525,458.119092,1598.88,458.119092,
2023-10-13 21:00:00+00:00,0.287,0.289,0.287,0.2882,9683.2,0.2878,2786.82496,9683.2,2786.82496,
2023-10-13 21:05:00+00:00,0.2875,0.2885,0.2885,0.2875,23072.12,0.288,6644.77056,23072.12,6644.77056,
2023-10-13 21:10:00+00:00,0.2867,0.2873,0.2873,0.2867,18205.79,0.287,5225.06173,18205.79,5225.06173,
2023-10-13 21:15:00+00:00,0.2864,0.2873,0.2867,0.2873,26972.35,0.286925,7739.04152375,26972.35,7739.04152375,
2023-10-13 21:20:00+00:00,0.2872,0.2882,0.2872,0.2881,34692.85,0.287675,9980.26562375,34692.85,9980.26562375,
2023-10-13 21:25:00+00:00,0.2878,0.2882,0.2879,0.2882,7129.56,0.288025,2053.491519,7129.56,2053.491519,
2023-10-13 21:30:00+00:00,0.2876,0.2881,0.288,0.2878,12039.52,0.287875,3465.87682,12039.52,3465.87682,
2023-10-13 21:35:00+00:00,0.2879,0.2883,0.2879,0.2883,858.25,0.2881,247.261825,858.25,247.261825,
2023-10-13 21:40:00+00:00,0.2877,0.288,0.288,0.2878,2516.81,0.287875,724.52667875,2516.81,724.52667875,
2023-10-13 21:45:00+00:00,0.2877,0.288,0.288,0.2877,2072.1,0.28785,596.453985,2072.1,596.453985,
2023-10-13 21:50:00+00:00,0.2877,0.288,0.288,0.2877,2072.1,0.28785,596.453985,2072.1,596.453985,
2023-10-13 21:55:00+00:00,0.2873,0.2878,0.2877,0.2875,482.92,0.287575,138.875719,482.92,138.875719,
2023-10-13 22:00:00+00:00,0.2873,0.2878,0.2877,0.2875,482.92,0.287575,138.875719,482.92,138.875719,
2023-10-13 22:05:00+00:00,0.2876,0.2882,0.2876,0.2879,5571.37,0.287825,1603.57957025,5571.37,1603.57957025,
2023-10-13 22:10:00+00:00,0.2876,0.2879,0.2879,0.2876,3671.17,0.28775,1056.3791675,3671.17,1056.3791675,
2023-10-13 22:15:00+00:00,0.2874,0.2878,0.2874,0.2878,48.14,0.2876,13.845064,48.14,13.845064,
2023-10-13 22:20:00+00:00,0.2873,0.2876,0.2876,0.2873,252.23,0.28745,72.5035135,252.23,72.5035135,
2023-10-13 22:25:00+00:00,0.2867,0.2872,0.2872,0.2867,292.94,0.28695,84.059133,292.94,84.059133,
2023-10-13 22:30:00+00:00,0.2866,0.2869,0.2869,0.2866,11954.73,0.28675,3428.0188275,11954.73,3428.0188275,
2023-10-13 22:35:00+00:00,0.2861,0.2866,0.2866,0.2861,1070.81,0.28635,306.6264435,1070.81,306.6264435,
2023-10-13 22:40:00+00:00,0.286,0.2862,0.2861,0.2862,509.06,0.286125,145.6547925,509.06,145.6547925,
2023-10-13 22:45:00+00:00,0.286,0.2862,0.2861,0.2862,509.06,0.286125,145.6547925,509.06,145.6547925,
2023-10-13 22:50:00+00:00,0.2853,0.2858,0.2858,0.2853,431.73,0.28555,123.2805015,431.73,123.2805015,
2023-10-13 22:55:00+00:00,0.2851,0.2858,0.2852,0.2858,17184.44,0.285475,4905.728009,17184.44,4905.728009,
2023-10-13 23:00:00+00:00,0.2854,0.2857,0.2855,0.2857,518.69,0.285575,148.12489675,518.69,148.12489675,
2023-10-13 23:05:00+00:00,0.285,0.2852,0.2852,0.285,6641.07,0.2851,1893.369057,6641.07,1893.369057,
2023-10-13 23:10:00+00:00,0.2849,0.2852,0.2849,0.2852,122.76,0.28505,34.992738,122.76,34.992738,
2023-10-13 23:15:00+00:00,0.2849,0.2852,0.2849,0.2852,122.76,0.28505,34.992738,122.76,34.992738,
2023-10-13 23:20:00+00:00,0.2849,0.2852,0.2849,0.2852,122.76,0.28505,34.992738,122.76,34.992738,
2023-10-13 23:25:00+00:00,0.2849,0.2852,0.2849,0.2852,122.76,0.28505,34.992738,122.76,34.992738,
2023-10-13 23:30:00+00:00,0.2849,0.2852,0.2849,0.2852,122.76,0.28505,34.992738,122.76,34.992738,
2023-10-13 23:35:00+00:00,0.285,0.2851,0.285,0.2851,783.29,0.28505,223.2768145,783.29,223.2768145,
2023-10-13 23:40:00+00:00,0.2852,0.2854,0.2852,0.2852,11095.26,0.28525,3164.922915,11095.26,3164.922915,
2023-10-13 23:45:00+00:00,0.2851,0.2851,0.2851,0.2851,972.21,0.2851,277.177071,972.21,277.177071,
2023-10-13 23:50:00+00:00,0.2849,0.2851,0.2849,0.2849,130.58,0.28495,37.208771,130.58,37.208771,
2023-10-13 23:55:00+00:00,0.2849,0.2851,0.2849,0.2849,130.58,0.28495,37.208771,130.58,37.208771,
2023-10-14 00:00:00+00:00,0.285,0.2852,0.2852,0.285,138.42,0.2851,39.463542,138.42,39.463542,
2023-10-14 00:05:00+00:00,0.2853,0.2854,0.2853,0.2854,1106.17,0.28535,315.6456095,1106.17,315.6456095,
2023-10-14 00:10:00+00:00,0.2855,0.2855,0.2855,0.2855,90.79,0.2855,25.920545,90.79,25.920545,
2023-10-14 00:15:00+00:00,0.2856,0.2859,0.2856,0.2859,962.7,0.28575,275.091525,962.7,275.091525,
2023-10-14 00:20:00+00:00,0.2859,0.2874,0.2859,0.2874,10665.66,0.28665,3057.311439,10665.66,3057.311439,
2023-10-14 00:25:00+00:00,0.2876,0.289,0.2876,0.289,1041.32,0.2883,300.212556,1041.32,300.212556,
2023-10-14 00:30:00+00:00,0.287,0.2885,0.2885,0.287,1476.72,0.28775,424.92618,1476.72,424.92618,
2023-10-14 00:35:00+00:00,0.2869,0.287,0.2869,0.287,174.25,0.28695,50.0010375,174.25,50.0010375,
2023-10-14 00:40:00+00:00,0.2872,0.2873,0.2872,0.2872,3561.64,0.287225,1022.992049,3561.64,1022.992049,
2023-10-14 00:45:00+00:00,0.287,0.2873,0.2871,0.2873,875.83,0.287175,251.51648025,875.83,251.51648025,
2023-10-14 00:50:00+00:00,0.287,0.2873,0.2871,0.2873,875.83,0.287175,251.51648025,875.83,251.51648025,
2023-10-14 00:55:00+00:00,0.2875,0.2878,0.2875,0.2877,2765.96,0.287625,795.559245,2765.96,795.559245,
2023-10-14 01:00:00+00:00,0.2874,0.2875,0.2875,0.2874,821.64,0.28745,236.180418,821.64,236.180418,
2023-10-14 01:05:00+00:00,0.287,0.2874,0.2874,0.287,2288.76,0.2872,657.331872,2288.76,657.331872,
2023-10-14 01:10:00+00:00,0.287,0.2874,0.2874,0.287,2288.76,0.2872,657.331872,2288.76,657.331872,
2023-10-14 01:15:00+00:00,0.287,0.2874,0.2874,0.287,2288.76,0.2872,657.331872,2288.76,657.331872,
2023-10-14 01:20:00+00:00,0.2871,0.2875,0.2873,0.2871,3390.11,0.28725,973.8090975,3390.11,973.8090975,
2023-10-14 01:25:00+00:00,0.287,0.2873,0.287,0.2873,224.95,0.28715,64.5943925,224.95,64.5943925,
2023-10-14 01:30:00+00:00,0.287,0.2873,0.287,0.2873,224.95,0.28715,64.5943925,224.95,64.5943925,
2023-10-14 01:35:00+00:00,0.2873,0.2876,0.2873,0.2876,165.12,0.28745,47.463744,165.12,47.463744,
2023-10-14 01:40:00+00:00,0.2876,0.2879,0.2876,0.2879,1538.0,0.28775,442.5595,1538.0,442.5595,
2023-10-14 01:45:00+00:00,0.288,0.2882,0.288,0.288,9059.71,0.28805,2609.6494655,9059.71,2609.6494655,
2023-10-14 01:50:00+00:00,0.288,0.2882,0.288,0.2882,267.14,0.2881,76.963034,267.14,76.963034,
2023-10-14 01:55:00+00:00,0.2881,0.2884,0.2881,0.2884,395.38,0.28825,113.968285,395.38,113.968285,
2023-10-14 02:00:00+00:00,0.2881,0.2884,0.2881,0.2884,395.38,0.28825,113.968285,395.38,113.968285,
2023-10-14 02:05:00+00:00,0.2879,0.2886,0.2885,0.2879,5363.69,0.288225,1545.94955025,5363.69,1545.94955025,
2023-10-14 02:10:00+00:00,0.2877,0.288,0.2877,0.288,6649.5,0.28785,1914.058575,6649.5,1914.058575,
2023-10-14 02:15:00+00:00,0.2878,0.288,0.2879,0.288,2820.34,0.287925,812.0463945,2820.34,812.0463945,
2023-10-14 02:20:00+00:00,0.2878,0.288,0.2879,0.288,2820.34,0.287925,812.0463945,2820.34,812.0463945,
2023-10-14 02:25:00+00:00,0.2878,0.2879,0.2879,0.2879,1133.43,0.287875,326.28616125,1133.43,326.28616125,
2023-10-14 02:30:00+00:00,0.2878,0.2879,0.2879,0.2879,1133.43,0.287875,326.28616125,1133.43,326.28616125,
2023-10-14 02:35:00+00:00,0.2879,0.2883,0.2881,0.2879,3242.0,0.28805,933.8581,3242.0,933.8581,
2023-10-14 02:40:00+00:00,0.2875,0.2876,0.2876,0.2875,3086.93,0.28755,887.6467215,3086.93,887.6467215,
2023-10-14 02:45:00+00:00,0.2874,0.2879,0.2874,0.2879,294.59,0.28765,84.7388135,294.59,84.7388135,
2023-10-14 02:50:00+00:00,0.2874,0.2879,0.2874,0.2879,294.59,0.28765,84.7388135,294.59,84.7388135,
2023-10-14 02:55:00+00:00,0.2876,0.2878,0.2878,0.2876,2384.71,0.2877,686.081067,2384.71,686.081067,
2023-10-14 03:00:00+00:00,0.2876,0.2878,0.2878,0.2876,2384.71,0.2877,686.081067,2384.71,686.081067,
2023-10-14 03:05:00+00:00,0.2876,0.2878,0.2878,0.2876,2384.71,0.2877,686.081067,2384.71,686.081067,
2023-10-14 03:10:00+00:00,0.2876,0.2877,0.2876,0.2877,10282.0,0.28765,2957.6173,10282.0,2957.6173,
2023-10-14 03:15:00+00:00,0.2877,0.2879,0.2879,0.2877,225.78,0.2878,64.979484,225.78,64.979484,
2023-10-14 03:20:00+00:00,0.2877,0.288,0.2877,0.288,1437.6,0.28785,413.81316,1437.6,413.81316,
2023-10-14 03:25:00+00:00,0.2877,0.288,0.2877,0.288,1437.6,0.28785,413.81316,1437.6,413.81316,
2023-10-14 03:30:00+00:00,0.2877,0.288,0.2877,0.288,1437.6,0.28785,413.81316,1437.6,413.81316,
2023-10-14 03:35:00+00:00,0.288,0.288,0.288,0.288,542.97,0.288,156.37536,542.97,156.37536,
2023-10-14 03:40:00+00:00,0.288,0.288,0.288,0.288,542.97,0.288,156.37536,542.97,156.37536,
2023-10-14 03:45:00+00:00,0.2878,0.288,0.288,0.2878,838.46,0.2879,241.392634,838.46,241.392634,
2023-10-14 03:50:00+00:00,0.2876,0.2878,0.2877,0.2878,1809.34,0.287725,520.5923515,1809.34,520.5923515,
2023-10-14 03:55:00+00:00,0.2876,0.2878,0.2877,0.2878,1809.34,0.287725,520.5923515,1809.34,520.5923515,
2023-10-14 04:00:00+00:00,0.2877,0.2879,0.2879,0.2877,1568.23,0.2878,451.336594,1568.23,451.336594,
2023-10-14 04:05:00+00:00,0.2877,0.2879,0.2879,0.2877,1568.23,0.2878,451.336594,1568.23,451.336594,
2023-10-14 04:10:00+00:00,0.2877,0.2879,0.2879,0.2877,1568.23,0.2878,451.336594,1568.23,451.336594,
2023-10-14 04:15:00+00:00,0.288,0.2881,0.288,0.2881,1142.0,0.28805,328.9531,1142.0,328.9531,
2023-10-14 04:20:00+00:00,0.2881,0.2882,0.2881,0.2881,525.01,0.288125,151.26850625,525.01,151.26850625,
2023-10-14 04:25:00+00:00,0.288,0.2881,0.288,0.2881,477.68,0.28805,137.595724,477.68,137.595724,
2023-10-14 04:30:00+00:00,0.288,0.2881,0.288,0.2881,477.68,0.28805,137.595724,477.68,137.595724,
2023-10-14 04:35:00+00:00,0.2878,0.288,0.288,0.288,9835.84,0.28795,2832.230128,9835.84,2832.230128,
2023-10-14 04:40:00+00:00,0.2878,0.288,0.288,0.288,9835.84,0.28795,2832.230128,9835.84,2832.230128,
2023-10-14 04:45:00+00:00,0.2876,0.2879,0.2879,0.2876,2075.55,0.28775,597.2395125,2075.55,597.2395125,
2023-10-14 04:50:00+00:00,0.2876,0.2879,0.2879,0.2876,2075.55,0.28775,597.2395125,2075.55,597.2395125,
2023-10-14 04:55:00+00:00,0.2876,0.2879,0.2879,0.2876,2075.55,0.28775,597.2395125,2075.55,597.2395125,
2023-10-14 05:00:00+00:00,0.2873,0.2873,0.2873,0.2873,90.28,0.2873,25.937444,90.28,25.937444,
2023-10-14 05:05:00+00:00,0.2873,0.2873,0.2873,0.2873,90.28,0.2873,25.937444,90.28,25.937444,
2023-10-14 05:10:00+00:00,0.2873,0.2873,0.2873,0.2873,90.28,0.2873,25.937444,90.28,25.937444,
2023-10-14 05:15:00+00:00,0.2872,0.2875,0.2874,0.2872,340.08,0.287325,97.713486,340.08,97.713486,
2023-10-14 05:20:00+00:00,0.2872,0.2875,0.2874,0.2872,340.08,0.287325,97.713486,340.08,97.713486,
2023-10-14 05:25:00+00:00,0.2874,0.2876,0.2874,0.2876,335.84,0.2875,96.554,335.84,96.554,
2023-10-14 05:30:00+00:00,0.2874,0.2875,0.2874,0.2874,622.5,0.287425,178.9220625,622.5,178.9220625,
2023-10-14 05:35:00+00:00,0.2873,0.2876,0.2876,0.2873,332.5,0.28745,95.577125,332.5,95.577125,
2023-10-14 05:40:00+00:00,0.2873,0.2876,0.2876,0.2873,332.5,0.28745,95.577125,332.5,95.577125,
2023-10-14 05:45:00+00:00,0.2873,0.2876,0.2876,0.2873,332.5,0.28745,95.577125,332.5,95.577125,
2023-10-14 05:50:00+00:00,0.2869,0.287,0.287,0.2869,174.25,0.28695,50.0010375,174.25,50.0010375,
2023-10-14 05:55:00+00:00,0.2867,0.2868,0.2868,0.2867,106.06,0.28675,30.412705,106.06,30.412705,
2023-10-14 06:00:00+00:00,0.2867,0.2868,0.2868,0.2867,106.06,0.28675,30.412705,106.06,30.412705,
2023-10-14 06:05:00+00:00,0.2864,0.2864,0.2864,0.2864,3.05,0.2864,0.87352,3.05,0.87352,
2023-10-14 06:10:00+00:00,0.2864,0.2865,0.2865,0.2864,265.73,0.28645,76.1183585,265.73,76.1183585,
2023-10-14 06:15:00+00:00,0.2861,0.2862,0.2862,0.2861,93.84,0.28615,26.852316,93.84,26.852316,
2023-10-14 06:20:00+00:00,0.2861,0.2862,0.2862,0.2861,93.84,0.28615,26.852316,93.84,26.852316,
2023-10-14 06:25:00+00:00,0.2861,0.2862,0.2862,0.2861,93.84,0.28615,26.852316,93.84,26.852316,
2023-10-14 06:30:00+00:00,0.286,0.2863,0.2863,0.286,91.19,0.28615,26.0940185,91.19,26.0940185,
2023-10-14 06:35:00+00:00,0.286,0.2863,0.2863,0.286,91.19,0.28615,26.0940185,91.19,26.0940185,
2023-10-14 06:40:00+00:00,0.286,0.2861,0.286,0.2861,118.92,0.28605,34.017066,118.92,34.017066,
2023-10-14 06:45:00+00:00,0.286,0.2861,0.286,0.2861,118.92,0.28605,34.017066,118.92,34.017066,
2023-10-14 06:50:00+00:00,0.2858,0.286,0.286,0.2858,4822.24,0.2859,1378.678416,4822.24,1378.678416,
2023-10-14 06:55:00+00:00,0.2858,0.286,0.286,0.2858,4822.24,0.2859,1378.678416,4822.24,1378.678416,
2023-10-14 07:00:00+00:00,0.2858,0.286,0.286,0.2858,4822.24,0.2859,1378.678416,4822.24,1378.678416,
2023-10-14 07:05:00+00:00,0.2857,0.2858,0.2858,0.2858,8563.84,0.285775,2447.331376,8563.84,2447.331376,
2023-10-14 07:10:00+00:00,0.2857,0.2858,0.2858,0.2858,8563.84,0.285775,2447.331376,8563.84,2447.331376,
2023-10-14 07:15:00+00:00,0.286,0.2864,0.286,0.2861,3240.74,0.286125,927.2567325,3240.74,927.2567325,
2023-10-14 07:20:00+00:00,0.286,0.2864,0.286,0.2861,3240.74,0.286125,927.2567325,3240.74,927.2567325,
2023-10-14 07:25:00+00:00,0.2862,0.2864,0.2864,0.2862,161.24,0.2863,46.163012,161.24,46.163012,
2023-10-14 07:30:00+00:00,0.2861,0.2863,0.2861,0.2863,686.94,0.2862,196.602228,686.94,196.602228,
2023-10-14 07:35:00+00:00,0.2861,0.2863,0.2861,0.2863,686.94,0.2862,196.602228,686.94,196.602228,
2023-10-14 07:40:00+00:00,0.286,0.2861,0.2861,0.286,122.9,0.28605,35.155545,122.9,35.155545,
2023-10-14 07:45:00+00:00,0.286,0.2861,0.2861,0.286,122.9,0.28605,35.155545,122.9,35.155545,
2023-10-14 07:50:00+00:00,0.2862,0.2864,0.2863,0.2864,1206.87,0.286325,345.55705275,1206.87,345.55705275,
2023-10-14 07:55:00+00:00,0.2862,0.2864,0.2863,0.2864,1206.87,0.286325,345.55705275,1206.87,345.55705275,
2023-10-14 08:00:00+00:00,0.2864,0.2867,0.2864,0.2867,311.59,0.28655,89.2861145,311.59,89.2861145,
2023-10-14 08:05:00+00:00,0.2864,0.2867,0.2867,0.2864,261.7,0.28655,74.990135,261.7,74.990135,
2023-10-14 08:10:00+00:00,0.2864,0.2867,0.2867,0.2864,261.7,0.28655,74.990135,261.7,74.990135,
2023-10-14 08:15:00+00:00,0.2864,0.2867,0.2867,0.2864,261.7,0.28655,74.990135,261.7,74.990135,
2023-10-14 08:20:00+00:00,0.2864,0.2867,0.2867,0.2864,261.7,0.28655,74.990135,261.7,74.990135,
2023-10-14 08:25:00+00:00,0.2863,0.2863,0.2863,0.2863,621.43,0.2863,177.915409,621.43,177.915409,
2023-10-14 08:30:00+00:00,0.2861,0.2862,0.2862,0.2861,1324.81,0.28615,379.0943815,1324.81,379.0943815,
2023-10-14 08:35:00+00:00,0.2861,0.2862,0.2862,0.2861,1324.81,0.28615,379.0943815,1324.81,379.0943815,
2023-10-14 08:40:00+00:00,0.2861,0.2862,0.2862,0.2861,1324.81,0.28615,379.0943815,1324.81,379.0943815,
2023-10-14 08:45:00+00:00,0.2861,0.2862,0.2862,0.2861,1324.81,0.28615,379.0943815,1324.81,379.0943815,
2023-10-14 08:50:00+00:00,0.2858,0.2861,0.286,0.286,811.77,0.285975,232.14592575,811.77,232.14592575,
2023-10-14 08:55:00+00:00,0.2858,0.2861,0.286,0.2858,45375.02,0.285925,12973.8525935,45375.02,12973.8525935,
2023-10-14 09:00:00+00:00,0.2861,0.2864,0.2861,0.2864,2238.6,0.28625,640.79925,2238.6,640.79925,
2023-10-14 09:05:00+00:00,0.2861,0.2864,0.2861,0.2864,2238.6,0.28625,640.79925,2238.6,640.79925,
2023-10-14 09:10:00+00:00,0.2862,0.2863,0.2863,0.2862,1782.74,0.28625,510.309325,1782.74,510.309325,
2023-10-14 09:15:00+00:00,0.2862,0.2864,0.2862,0.2864,1893.6,0.2863,542.13768,1893.6,542.13768,
2023-10-14 09:20:00+00:00,0.2862,0.2864,0.2862,0.2864,1893.6,0.2863,542.13768,1893.6,542.13768,
2023-10-14 09:25:00+00:00,0.2861,0.2864,0.2863,0.2861,1797.11,0.286225,514.37780975,1797.11,514.37780975,
2023-10-14 09:30:00+00:00,0.2862,0.2863,0.2862,0.2863,2044.13,0.28625,585.1322125,2044.13,585.1322125,
2023-10-14 09:35:00+00:00,0.2862,0.2863,0.2862,0.2863,2044.13,0.28625,585.1322125,2044.13,585.1322125,
2023-10-14 09:40:00+00:00,0.2862,0.2864,0.2862,0.2864,90.42,0.2863,25.887246,90.42,25.887246,
2023-10-14 09:45:00+00:00,0.2862,0.2864,0.2862,0.2864,90.42,0.2863,25.887246,90.42,25.887246,
2023-10-14 09:50:00+00:00,0.2866,0.2866,0.2866,0.2866,225.83,0.2866,64.722878,225.83,64.722878,
2023-10-14 09:55:00+00:00,0.2866,0.2866,0.2866,0.2866,225.83,0.2866,64.722878,225.83,64.722878,
2023-10-14 10:00:00+00:00,0.2866,0.2866,0.2866,0.2866,225.83,0.2866,64.722878,225.83,64.722878,
2023-10-14 10:05:00+00:00,0.2866,0.2869,0.2866,0.2869,426.68,0.28675,122.35049,426.68,122.35049,
2023-10-14 10:10:00+00:00,0.2866,0.2869,0.2866,0.2869,426.68,0.28675,122.35049,426.68,122.35049,
2023-10-14 10:15:00+00:00,0.2869,0.287,0.287,0.2869,3253.74,0.28695,933.660693,3253.74,933.660693,
2023-10-14 10:20:00+00:00,0.2868,0.2869,0.2869,0.2868,203.72,0.28685,58.437082,203.72,58.437082,
2023-10-14 10:25:00+00:00,0.2869,0.287,0.2869,0.287,361.24,0.28695,103.657818,361.24,103.657818,
2023-10-14 10:30:00+00:00,0.287,0.2872,0.287,0.2872,118.17,0.2871,33.926607,118.17,33.926607,
2023-10-14 10:35:00+00:00,0.287,0.2872,0.2872,0.287,47.94,0.2871,13.763574,47.94,13.763574,
2023-10-14 10:40:00+00:00,0.287,0.2872,0.2872,0.287,47.94,0.2871,13.763574,47.94,13.763574,
2023-10-14 10:45:00+00:00,0.2871,0.2873,0.2871,0.2873,571.06,0.2872,164.008432,571.06,164.008432,
2023-10-14 10:50:00+00:00,0.2874,0.2876,0.2876,0.2874,983.07,0.2875,282.632625,983.07,282.632625,
2023-10-14 10:55:00+00:00,0.2874,0.2876,0.2876,0.2874,983.07,0.2875,282.632625,983.07,282.632625,
2023-10-14 11:00:00+00:00,0.2873,0.2874,0.2873,0.2874,107.72,0.28735,30.953342,107.72,30.953342,
2023-10-14 11:05:00+00:00,0.2872,0.2874,0.2872,0.2874,81.73,0.2873,23.481029,81.73,23.481029,
2023-10-14 11:10:00+00:00,0.2872,0.2874,0.2872,0.2874,81.73,0.2873,23.481029,81.73,23.481029,
2023-10-14 11:15:00+00:00,0.2872,0.2872,0.2872,0.2872,146.7,0.2872,42.13224,146.7,42.13224,
2023-10-14 11:20:00+00:00,0.2872,0.2872,0.2872,0.2872,146.7,0.2872,42.13224,146.7,42.13224,
2023-10-14 11:25:00+00:00,0.2871,0.2873,0.2873,0.2873,2017.68,0.28725,579.57858,2017.68,579.57858,
2023-10-14 11:30:00+00:00,0.2871,0.2873,0.2873,0.2873,2017.68,0.28725,579.57858,2017.68,579.57858,
2023-10-14 11:35:00+00:00,0.2873,0.2876,0.2873,0.2875,106.76,0.287425,30.685493,106.76,30.685493,
2023-10-14 11:40:00+00:00,0.2872,0.2873,0.2873,0.2872,2614.96,0.28725,751.14726,2614.96,751.14726,
2023-10-14 11:45:00+00:00,0.2872,0.2873,0.2872,0.2873,2303.75,0.28725,661.7521875,2303.75,661.7521875,
2023-10-14 11:50:00+00:00,0.2872,0.2873,0.2872,0.2873,2303.75,0.28725,661.7521875,2303.75,661.7521875,
2023-10-14 11:55:00+00:00,0.2873,0.2876,0.2875,0.2876,1724.56,0.2875,495.811,1724.56,495.811,
2023-10-14 12:00:00+00:00,0.2875,0.2876,0.2875,0.2876,577.19,0.28755,165.9709845,577.19,165.9709845,
2023-10-14 12:05:00+00:00,0.2875,0.2876,0.2875,0.2876,577.19,0.28755,165.9709845,577.19,165.9709845,
2023-10-14 12:10:00+00:00,0.2873,0.2874,0.2874,0.2873,856.06,0.28735,245.988841,856.06,245.988841,
2023-10-14 12:15:00+00:00,0.2873,0.2873,0.2873,0.2873,1527.81,0.2873,438.939813,1527.81,438.939813,
2023-10-14 12:20:00+00:00,0.2873,0.2873,0.2873,0.2873,1527.81,0.2873,438.939813,1527.81,438.939813,
2023-10-14 12:25:00+00:00,0.2873,0.2873,0.2873,0.2873,1527.81,0.2873,438.939813,1527.81,438.939813,
2023-10-14 12:30:00+00:00,0.2873,0.2874,0.2874,0.2873,1173.96,0.28735,337.337406,1173.96,337.337406,
2023-10-14 12:35:00+00:00,0.2873,0.2874,0.2874,0.2873,1173.96,0.28735,337.337406,1173.96,337.337406,
2023-10-14 12:40:00+00:00,0.2873,0.2873,0.2873,0.2873,242.55,0.2873,69.684615,242.55,69.684615,
2023-10-14 12:45:00+00:00,0.2873,0.2874,0.2874,0.2873,657.66,0.28735,188.978601,657.66,188.978601,
2023-10-14 12:50:00+00:00,0.2873,0.2874,0.2874,0.2873,657.66,0.28735,188.978601,657.66,188.978601,
2023-10-14 12:55:00+00:00,0.2875,0.2876,0.2876,0.2876,21.95,0.287575,6.31227125,21.95,6.31227125,
2023-10-14 13:00:00+00:00,0.2874,0.2876,0.2876,0.2875,2092.13,0.287525,601.53967825,2092.13,601.53967825,
2023-10-14 13:05:00+00:00,0.2874,0.2876,0.2876,0.2875,2092.13,0.287525,601.53967825,2092.13,601.53967825,
2023-10-14 13:10:00+00:00,0.2874,0.2878,0.2874,0.2878,319.75,0.2876,91.9601,319.75,91.9601,
2023-10-14 13:15:00+00:00,0.2874,0.2878,0.2874,0.2878,319.75,0.2876,91.9601,319.75,91.9601,
2023-10-14 13:20:00+00:00,0.2875,0.288,0.2875,0.288,93.52,0.28775,26.91038,93.52,26.91038,
2023-10-14 13:25:00+00:00,0.2875,0.288,0.2875,0.288,93.52,0.28775,26.91038,93.52,26.91038,
2023-10-14 13:30:00+00:00,0.2875,0.288,0.2875,0.288,93.52,0.28775,26.91038,93.52,26.91038,
2023-10-14 13:35:00+00:00,0.2876,0.2878,0.2876,0.2878,265.63,0.2877,76.421751,265.63,76.421751,
2023-10-14 13:40:00+00:00,0.2876,0.2878,0.2876,0.2878,265.63,0.2877,76.421751,265.63,76.421751,
2023-10-14 13:45:00+00:00,0.2876,0.2877,0.2876,0.2876,334.95,0.287625,96.33999375,334.95,96.33999375,
2023-10-14 13:50:00+00:00,0.2876,0.2877,0.2876,0.2876,334.95,0.287625,96.33999375,334.95,96.33999375,
2023-10-14 13:55:00+00:00,0.2875,0.2879,0.2876,0.2879,176.53,0.287725,50.79209425,176.53,50.79209425,
2023-10-14 14:00:00+00:00,0.2875,0.2879,0.2876,0.2879,176.53,0.287725,50.79209425,176.53,50.79209425,
2023-10-14 14:05:00+00:00,0.2875,0.2879,0.2876,0.2879,176.53,0.287725,50.79209425,176.53,50.79209425,
2023-10-14 14:10:00+00:00,0.2879,0.2881,0.2879,0.288,23.33,0.287975,6.71845675,23.33,6.71845675,
2023-10-14 14:15:00+00:00,0.2879,0.2881,0.2879,0.288,23.33,0.287975,6.71845675,23.33,6.71845675,
2023-10-14 14:20:00+00:00,0.2877,0.2878,0.2878,0.2877,244.12,0.28775,70.24553,244.12,70.24553,
2023-10-14 14:25:00+00:00,0.2877,0.2878,0.2878,0.2877,244.12,0.28775,70.24553,244.12,70.24553,
2023-10-14 14:30:00+00:00,0.2877,0.2879,0.2878,0.2879,470.49,0.287825,135.41878425,470.49,135.41878425,
2023-10-14 14:35:00+00:00,0.2876,0.2877,0.2877,0.2876,364.13,0.28765,104.7419945,364.13,104.7419945,
2023-10-14 14:40:00+00:00,0.2876,0.2877,0.2876,0.2877,1050.95,0.28765,302.3057675,1050.95,302.3057675,
2023-10-14 14:45:00+00:00,0.2876,0.2876,0.2876,0.2876,888.58,0.2876,255.555608,888.58,255.555608,
2023-10-14 14:50:00+00:00,0.2876,0.2877,0.2877,0.2876,786.77,0.28765,226.3143905,786.77,226.3143905,
2023-10-14 14:55:00+00:00,0.2875,0.2875,0.2875,0.2875,401.28,0.2875,115.368,401.28,115.368,
2023-10-14 15:00:00+00:00,0.2873,0.2875,0.2875,0.2874,9964.96,0.287425,2864.178628,9964.96,2864.178628,
2023-10-14 15:05:00+00:00,0.2873,0.2875,0.2875,0.2874,9964.96,0.287425,2864.178628,9964.96,2864.178628,
2023-10-14 15:10:00+00:00,0.2873,0.2875,0.2875,0.2874,9964.96,0.287425,2864.178628,9964.96,2864.178628,
2023-10-14 15:15:00+00:00,0.2873,0.2875,0.2875,0.2874,9964.96,0.287425,2864.178628,9964.96,2864.178628,
2023-10-14 15:20:00+00:00,0.2874,0.2876,0.2875,0.2876,1021.1,0.287525,293.5917775,1021.1,293.5917775,
2023-10-14 15:25:00+00:00,0.2874,0.2876,0.2875,0.2876,1021.1,0.287525,293.5917775,1021.1,293.5917775,
2023-10-14 15:30:00+00:00,0.2877,0.2878,0.2878,0.2878,1105.49,0.287775,318.13238475,1105.49,318.13238475,
2023-10-14 15:35:00+00:00,0.2876,0.2879,0.2876,0.2879,250.95,0.28775,72.2108625,250.95,72.2108625,
2023-10-14 15:40:00+00:00,0.288,0.288,0.288,0.288,2767.91,0.288,797.15808,2767.91,797.15808,
2023-10-14 15:45:00+00:00,0.2879,0.2883,0.2879,0.2883,257.5,0.2881,74.18575,257.5,74.18575,
2023-10-14 15:50:00+00:00,0.2879,0.2883,0.2879,0.2883,257.5,0.2881,74.18575,257.5,74.18575,
2023-10-14 15:55:00+00:00,0.2882,0.2887,0.2884,0.2885,3157.22,0.28845,910.700109,3157.22,910.700109,
2023-10-14 16:00:00+00:00,0.2886,0.2889,0.2888,0.2887,1068.51,0.28875,308.5322625,1068.51,308.5322625,
2023-10-14 16:05:00+00:00,0.2887,0.2891,0.289,0.289,5622.48,0.28895,1624.615596,5622.48,1624.615596,
2023-10-14 16:10:00+00:00,0.2886,0.2888,0.2888,0.2888,286.2,0.28875,82.64025,286.2,82.64025,
2023-10-14 16:15:00+00:00,0.2885,0.2888,0.2887,0.2885,2843.44,0.288625,820.68787,2843.44,820.68787,
2023-10-14 16:20:00+00:00,0.2883,0.2885,0.2884,0.2883,3751.98,0.288375,1081.9772325,3751.98,1081.9772325,
2023-10-14 16:25:00+00:00,0.2881,0.2883,0.2883,0.2881,1016.91,0.2882,293.073462,1016.91,293.073462,
2023-10-14 16:30:00+00:00,0.2882,0.2883,0.2882,0.2882,1747.59,0.288225,503.69912775,1747.59,503.69912775,
2023-10-14 16:35:00+00:00,0.2881,0.2884,0.2881,0.2884,515.0,0.28825,148.44875,515.0,148.44875,
2023-10-14 16:40:00+00:00,0.2881,0.2884,0.2881,0.2884,515.0,0.28825,148.44875,515.0,148.44875,
2023-10-14 16:45:00+00:00,0.2885,0.2885,0.2885,0.2885,162.06,0.2885,46.75431,162.06,46.75431,
2023-10-14 16:50:00+00:00,0.2885,0.2888,0.2885,0.2888,264.97,0.28865,76.4835905,264.97,76.4835905,
2023-10-14 16:55:00+00:00,0.2885,0.2888,0.2885,0.2888,264.97,0.28865,76.4835905,264.97,76.4835905,
2023-10-14 17:00:00+00:00,0.2886,0.289,0.2886,0.289,236.09,0.2888,68.182792,236.09,68.182792,
2023-10-14 17:05:00+00:00,0.2887,0.289,0.289,0.2887,254.26,0.28885,73.443001,254.26,73.443001,
2023-10-14 17:10:00+00:00,0.2884,0.2887,0.2885,0.2887,2296.95,0.288575,662.84234625,2296.95,662.84234625,
2023-10-14 17:15:00+00:00,0.2887,0.2888,0.2887,0.2888,372.8,0.28875,107.646,372.8,107.646,
2023-10-14 17:20:00+00:00,0.289,0.2891,0.289,0.2891,2300.32,0.28905,664.907496,2300.32,664.907496,
2023-10-14 17:25:00+00:00,0.289,0.2891,0.289,0.2891,1247.96,0.28905,360.722838,1247.96,360.722838,
2023-10-14 17:30:00+00:00,0.289,0.2891,0.289,0.2891,1247.96,0.28905,360.722838,1247.96,360.722838,
2023-10-14 17:35:00+00:00,0.289,0.2891,0.289,0.2891,1247.96,0.28905,360.722838,1247.96,360.722838,
2023-10-14 17:40:00+00:00,0.289,0.289,0.289,0.289,847.54,0.289,244.93906,847.54,244.93906,
2023-10-14 17:45:00+00:00,0.289,0.289,0.289,0.289,847.54,0.289,244.93906,847.54,244.93906,
2023-10-14 17:50:00+00:00,0.2888,0.289,0.2889,0.289,1636.27,0.288925,472.75930975,1636.27,472.75930975,
2023-10-14 17:55:00+00:00,0.2888,0.289,0.2889,0.289,1636.27,0.288925,472.75930975,1636.27,472.75930975,
2023-10-14 18:00:00+00:00,0.2889,0.2892,0.2891,0.2892,1636.08,0.2891,472.990728,1636.08,472.990728,
2023-10-14 18:05:00+00:00,0.2891,0.2892,0.2892,0.2891,944.09,0.28915,272.9836235,944.09,272.9836235,
2023-10-14 18:10:00+00:00,0.2888,0.2891,0.289,0.2888,1236.59,0.288925,357.28176575,1236.59,357.28176575,
2023-10-14 18:15:00+00:00,0.2889,0.2891,0.2891,0.289,1629.33,0.289025,470.91710325,1629.33,470.91710325,
2023-10-14 18:20:00+00:00,0.289,0.2891,0.289,0.289,1516.86,0.289025,438.4104615,1516.86,438.4104615,
2023-10-14 18:25:00+00:00,0.2887,0.2891,0.2891,0.2891,6040.42,0.289,1745.68138,6040.42,1745.68138,
2023-10-14 18:30:00+00:00,0.2891,0.2892,0.2891,0.2892,1488.74,0.28915,430.469171,1488.74,430.469171,
2023-10-14 18:35:00+00:00,0.2891,0.2892,0.2891,0.2892,717.48,0.28915,207.459342,717.48,207.459342,
2023-10-14 18:40:00+00:00,0.2889,0.2891,0.2891,0.2891,16.62,0.28905,4.804011,16.62,4.804011,
2023-10-14 18:45:00+00:00,0.2889,0.2891,0.2891,0.2891,16.62,0.28905,4.804011,16.62,4.804011,
2023-10-14 18:50:00+00:00,0.289,0.2891,0.289,0.2891,1113.13,0.28905,321.7502265,1113.13,321.7502265,
2023-10-14 18:55:00+00:00,0.289,0.2891,0.289,0.2891,192.28,0.28905,55.578534,192.28,55.578534,
2023-10-14 19:00:00+00:00,0.289,0.2891,0.2891,0.289,10.72,0.28905,3.098616,10.72,3.098616,
2023-10-14 19:05:00+00:00,0.289,0.2892,0.2892,0.289,151.21,0.2891,43.714811,151.21,43.714811,
2023-10-14 19:10:00+00:00,0.2889,0.289,0.289,0.2889,452.66,0.28895,130.796107,452.66,130.796107,
2023-10-14 19:15:00+00:00,0.2889,0.2891,0.2889,0.289,1152.92,0.288975,333.165057,1152.92,333.165057,
2023-10-14 19:20:00+00:00,0.289,0.2892,0.289,0.2892,174.73,0.2891,50.514443,174.73,50.514443,
2023-10-14 19:25:00+00:00,0.289,0.2892,0.2892,0.289,1696.96,0.2891,490.591136,1696.96,490.591136,
2023-10-14 19:30:00+00:00,0.2889,0.2889,0.2889,0.2889,5.95,0.2889,1.718955,5.95,1.718955,
2023-10-14 19:35:00+00:00,0.2889,0.2889,0.2889,0.2889,5.95,0.2889,1.718955,5.95,1.718955,
2023-10-14 19:40:00+00:00,0.289,0.2892,0.289,0.2892,1621.24,0.2891,468.700484,1621.24,468.700484,
2023-10-14 19:45:00+00:00,0.289,0.2892,0.289,0.2892,1621.24,0.2891,468.700484,1621.24,468.700484,
2023-10-14 19:50:00+00:00,0.2892,0.2893,0.2892,0.2893,660.53,0.28925,191.0583025,660.53,191.0583025,
2023-10-14 19:55:00+00:00,0.2892,0.2893,0.2892,0.2893,660.53,0.28925,191.0583025,660.53,191.0583025,
2023-10-14 20:00:00+00:00,0.2894,0.2895,0.2894,0.2895,141.59,0.28945,40.9832255,141.59,40.9832255,
2023-10-14 20:05:00+00:00,0.2895,0.2896,0.2895,0.2895,3418.41,0.289525,989.71515525,3418.41,989.71515525,
2023-10-14 20:10:00+00:00,0.2893,0.2893,0.2893,0.2893,974.06,0.2893,281.795558,974.06,281.795558,
2023-10-14 20:15:00+00:00,0.2892,0.2893,0.2892,0.2892,1299.1,0.289225,375.7321975,1299.1,375.7321975,
2023-10-14 20:20:00+00:00,0.2892,0.2893,0.2892,0.2892,1299.1,0.289225,375.7321975,1299.1,375.7321975,
2023-10-14 20:25:00+00:00,0.2891,0.2891,0.2891,0.2891,86.48,0.2891,25.001368,86.48,25.001368,
2023-10-14 20:30:00+00:00,0.289,0.2892,0.2891,0.2892,393.14,0.289125,113.6666025,393.14,113.6666025,
2023-10-14 20:35:00+00:00,0.2891,0.2893,0.2893,0.2891,165.5,0.2892,47.8626,165.5,47.8626,
2023-10-14 20:40:00+00:00,0.289,0.2891,0.289,0.2891,1176.59,0.28905,340.0933395,1176.59,340.0933395,
2023-10-14 20:45:00+00:00,0.2893,0.2893,0.2893,0.2893,6.84,0.2893,1.978812,6.84,1.978812,
2023-10-14 20:50:00+00:00,0.2893,0.2893,0.2893,0.2893,6.84,0.2893,1.978812,6.84,1.978812,
2023-10-14 20:55:00+00:00,0.289,0.2892,0.289,0.2892,346.36,0.2891,100.132676,346.36,100.132676,
2023-10-14 21:00:00+00:00,0.2893,0.2895,0.2893,0.2895,1630.41,0.2894,471.840654,1630.41,471.840654,
2023-10-14 21:05:00+00:00,0.2893,0.2895,0.2893,0.2895,1630.41,0.2894,471.840654,1630.41,471.840654,
2023-10-14 21:10:00+00:00,0.2894,0.2894,0.2894,0.2894,6.15,0.2894,1.77981,6.15,1.77981,
2023-10-14 21:15:00+00:00,0.2894,0.2894,0.2894,0.2894,6.15,0.2894,1.77981,6.15,1.77981,
2023-10-14 21:20:00+00:00,0.2894,0.2894,0.2894,0.2894,6.15,0.2894,1.77981,6.15,1.77981,
2023-10-14 21:25:00+00:00,0.289,0.2892,0.2892,0.289,5780.47,0.2891,1671.133877,5780.47,1671.133877,
2023-10-14 21:30:00+00:00,0.289,0.289,0.289,0.289,4050.87,0.289,1170.70143,4050.87,1170.70143,
2023-10-14 21:35:00+00:00,0.289,0.2893,0.289,0.289,270.35,0.289075,78.15142625,270.35,78.15142625,
2023-10-14 21:40:00+00:00,0.289,0.2891,0.2891,0.289,33.47,0.28905,9.6745035,33.47,9.6745035,
2023-10-14 21:45:00+00:00,0.289,0.2891,0.2891,0.289,33.47,0.28905,9.6745035,33.47,9.6745035,
2023-10-14 21:50:00+00:00,0.2892,0.2892,0.2892,0.2892,268.09,0.2892,77.531628,268.09,77.531628,
2023-10-14 21:55:00+00:00,0.2892,0.2892,0.2892,0.2892,268.09,0.2892,77.531628,268.09,77.531628,
2023-10-14 22:00:00+00:00,0.2892,0.2894,0.2894,0.2892,1417.86,0.2893,410.186898,1417.86,410.186898,
2023-10-14 22:05:00+00:00,0.2892,0.2894,0.2894,0.2892,1417.86,0.2893,410.186898,1417.86,410.186898,
2023-10-14 22:10:00+00:00,0.2893,0.2893,0.2893,0.2893,2.82,0.2893,0.815826,2.82,0.815826,
2023-10-14 22:15:00+00:00,0.2894,0.2895,0.2894,0.2895,658.45,0.28945,190.5883525,658.45,190.5883525,
2023-10-14 22:20:00+00:00,0.2893,0.2896,0.2896,0.2893,3542.42,0.28945,1025.353469,3542.42,1025.353469,
2023-10-14 22:25:00+00:00,0.2893,0.2896,0.2896,0.2893,3542.42,0.28945,1025.353469,3542.42,1025.353469,
2023-10-14 22:30:00+00:00,0.2891,0.2892,0.2891,0.2891,911.98,0.289125,263.6762175,911.98,263.6762175,
2023-10-14 22:35:00+00:00,0.2891,0.2892,0.2891,0.2891,911.98,0.289125,263.6762175,911.98,263.6762175,
2023-10-14 22:40:00+00:00,0.2891,0.2893,0.2891,0.2891,55.68,0.28915,16.099872,55.68,16.099872,
2023-10-14 22:45:00+00:00,0.2891,0.2893,0.2891,0.2891,55.68,0.28915,16.099872,55.68,16.099872,
2023-10-14 22:50:00+00:00,0.2893,0.2894,0.2894,0.2893,346.08,0.28935,100.138248,346.08,100.138248,
2023-10-14 22:55:00+00:00,0.2893,0.2894,0.2894,0.2893,346.08,0.28935,100.138248,346.08,100.138248,
2023-10-14 23:00:00+00:00,0.2892,0.2896,0.2895,0.2892,1755.36,0.289375,507.9573,1755.36,507.9573,
2023-10-14 23:05:00+00:00,0.2892,0.2896,0.2895,0.2892,1755.36,0.289375,507.9573,1755.36,507.9573,
2023-10-14 23:10:00+00:00,0.2892,0.2896,0.2895,0.2892,1755.36,0.289375,507.9573,1755.36,507.9573,
2023-10-14 23:15:00+00:00,0.2892,0.2896,0.2895,0.2892,1755.36,0.289375,507.9573,1755.36,507.9573,
2023-10-14 23:20:00+00:00,0.2893,0.2894,0.2894,0.2893,247.91,0.28935,71.7327585,247.91,71.7327585,
2023-10-14 23:25:00+00:00,0.2891,0.2891,0.2891,0.2891,535.7,0.2891,154.87087,535.7,154.87087,
2023-10-14 23:30:00+00:00,0.2891,0.2891,0.2891,0.2891,535.7,0.2891,154.87087,535.7,154.87087,
2023-10-14 23:35:00+00:00,0.2892,0.2893,0.2892,0.2893,363.63,0.28925,105.1799775,363.63,105.1799775,
2023-10-14 23:40:00+00:00,0.2892,0.2893,0.2892,0.2893,363.63,0.28925,105.1799775,363.63,105.1799775,
2023-10-14 23:45:00+00:00,0.2892,0.2893,0.2893,0.2892,538.04,0.28925,155.62807,538.04,155.62807,
2023-10-14 23:50:00+00:00,0.289,0.2893,0.289,0.2893,709.19,0.28915,205.0622885,709.19,205.0622885,
2023-10-14 23:55:00+00:00,0.289,0.2893,0.289,0.2893,709.19,0.28915,205.0622885,709.19,205.0622885,
2023-10-15 00:00:00+00:00,0.289,0.2893,0.289,0.2893,709.19,0.28915,205.0622885,709.19,205.0622885,
2023-10-15 00:05:00+00:00,0.2888,0.2894,0.2893,0.2888,4938.94,0.289075,1427.7240805,4938.94,1427.7240805,
2023-10-15 00:10:00+00:00,0.2888,0.2894,0.2893,0.2888,4938.94,0.289075,1427.7240805,4938.94,1427.7240805,
2023-10-15 00:15:00+00:00,0.2891,0.2894,0.2891,0.2894,888.38,0.28925,256.963915,888.38,256.963915,
2023-10-15 00:20:00+00:00,0.2888,0.2892,0.2892,0.2888,1552.37,0.289,448.63493,1552.37,448.63493,
2023-10-15 00:25:00+00:00,0.2888,0.2892,0.2892,0.2888,1552.37,0.289,448.63493,1552.37,448.63493,
2023-10-15 00:30:00+00:00,0.2885,0.2886,0.2886,0.2885,94.93,0.28855,27.3920515,94.93,27.3920515,
2023-10-15 00:35:00+00:00,0.2883,0.2885,0.2884,0.2885,4954.99,0.288425,1429.14299075,4954.99,1429.14299075,
2023-10-15 00:40:00+00:00,0.2886,0.2886,0.2886,0.2886,1085.68,0.2886,313.327248,1085.68,313.327248,
2023-10-15 00:45:00+00:00,0.2886,0.2886,0.2886,0.2886,1085.68,0.2886,313.327248,1085.68,313.327248,
2023-10-15 00:50:00+00:00,0.2887,0.2887,0.2887,0.2887,122.88,0.2887,35.475456,122.88,35.475456,
2023-10-15 00:55:00+00:00,0.2884,0.2886,0.2884,0.2886,255.75,0.2885,73.783875,255.75,73.783875,
2023-10-15 01:00:00+00:00,0.2885,0.2887,0.2885,0.2887,498.3,0.2886,143.80938,498.3,143.80938,
2023-10-15 01:05:00+00:00,0.2885,0.2887,0.2885,0.2887,498.3,0.2886,143.80938,498.3,143.80938,
2023-10-15 01:10:00+00:00,0.2885,0.2885,0.2885,0.2885,31.43,0.2885,9.067555,31.43,9.067555,
2023-10-15 01:15:00+00:00,0.2888,0.2891,0.2888,0.2891,775.77,0.28895,224.1587415,775.77,224.1587415,
2023-10-15 01:20:00+00:00,0.2888,0.2891,0.2888,0.2891,775.77,0.28895,224.1587415,775.77,224.1587415,
2023-10-15 01:25:00+00:00,0.2888,0.2891,0.2888,0.2891,775.77,0.28895,224.1587415,775.77,224.1587415,
2023-10-15 01:30:00+00:00,0.2888,0.2891,0.2888,0.2891,775.77,0.28895,224.1587415,775.77,224.1587415,
2023-10-15 01:35:00+00:00,0.2892,0.2894,0.2892,0.2894,141.61,0.2893,40.967773,141.61,40.967773,
2023-10-15 01:40:00+00:00,0.2897,0.2909,0.2897,0.2907,1430.04,0.29025,415.06911,1430.04,415.06911,
2023-10-15 01:45:00+00:00,0.2904,0.2909,0.2904,0.2907,451.57,0.2906,131.226242,451.57,131.226242,
2023-10-15 01:50:00+00:00,0.2903,0.2906,0.2906,0.2904,851.5,0.290475,247.3394625,851.5,247.3394625,
2023-10-15 01:55:00+00:00,0.2903,0.2907,0.2906,0.2907,527.03,0.290575,153.14174225,527.03,153.14174225,
2023-10-15 02:00:00+00:00,0.2907,0.2909,0.2907,0.2907,927.03,0.29075,269.5339725,927.03,269.5339725,
2023-10-15 02:05:00+00:00,0.2907,0.2909,0.2907,0.2907,927.03,0.29075,269.5339725,927.03,269.5339725,
2023-10-15 02:10:00+00:00,0.2909,0.2912,0.2909,0.2911,2918.84,0.291025,849.455411,2918.84,849.455411,
2023-10-15 02:15:00+00:00,0.291,0.2911,0.291,0.2911,488.99,0.29105,142.3205395,488.99,142.3205395,
2023-10-15 02:20:00+00:00,0.2906,0.291,0.2909,0.2907,2536.86,0.2908,737.718888,2536.86,737.718888,
2023-10-15 02:25:00+00:00,0.2907,0.2909,0.2907,0.2909,404.04,0.2908,117.494832,404.04,117.494832,
2023-10-15 02:30:00+00:00,0.2907,0.2909,0.2907,0.2909,404.04,0.2908,117.494832,404.04,117.494832,
2023-10-15 02:35:00+00:00,0.2908,0.2911,0.2911,0.2908,3266.88,0.29095,950.498736,3266.88,950.498736,
2023-10-15 02:40:00+00:00,0.2909,0.2912,0.2911,0.2909,147.08,0.291025,42.803957,147.08,42.803957,
2023-10-15 02:45:00+00:00,0.2908,0.2909,0.2909,0.2908,584.75,0.29085,170.0745375,584.75,170.0745375,
2023-10-15 02:50:00+00:00,0.2908,0.2909,0.2909,0.2908,584.75,0.29085,170.0745375,584.75,170.0745375,
2023-10-15 02:55:00+00:00,0.2907,0.291,0.291,0.2908,2217.63,0.290875,645.05312625,2217.63,645.05312625,
2023-10-15 03:00:00+00:00,0.2907,0.291,0.291,0.2908,2217.63,0.290875,645.05312625,2217.63,645.05312625,
2023-10-15 03:05:00+00:00,0.2907,0.2908,0.2907,0.2908,4.28,0.29075,1.24441,4.28,1.24441,
2023-10-15 03:10:00+00:00,0.2907,0.2908,0.2907,0.2908,4.28,0.29075,1.24441,4.28,1.24441,
2023-10-15 03:15:00+00:00,0.2907,0.2908,0.2907,0.2908,4.28,0.29075,1.24441,4.28,1.24441,
2023-10-15 03:20:00+00:00,0.2907,0.2908,0.2907,0.2908,4.28,0.29075,1.24441,4.28,1.24441,
2023-10-15 03:25:00+00:00,0.2906,0.2908,0.2908,0.2906,274.78,0.2907,79.878546,274.78,79.878546,
2023-10-15 03:30:00+00:00,0.2906,0.2908,0.2906,0.2906,362.01,0.29065,105.2182065,362.01,105.2182065,
2023-10-15 03:35:00+00:00,0.2903,0.2907,0.2907,0.2903,497.77,0.2905,144.602185,497.77,144.602185,
2023-10-15 03:40:00+00:00,0.2903,0.2907,0.2907,0.2903,497.77,0.2905,144.602185,497.77,144.602185,
2023-10-15 03:45:00+00:00,0.2903,0.2907,0.2907,0.2903,497.77,0.2905,144.602185,497.77,144.602185,
2023-10-15 03:50:00+00:00,0.29,0.29,0.29,0.29,418.89,0.29,121.4781,418.89,121.4781,
2023-10-15 03:55:00+00:00,0.29,0.29,0.29,0.29,418.89,0.29,121.4781,418.89,121.4781,
2023-10-15 04:00:00+00:00,0.29,0.2901,0.29,0.2901,112.36,0.29005,32.590018,112.36,32.590018,
2023-10-15 04:05:00+00:00,0.2892,0.2902,0.2901,0.2892,58159.36,0.289675,16847.312608,58159.36,16847.312608,
2023-10-15 04:10:00+00:00,0.2894,0.2896,0.2895,0.2894,15332.23,0.289475,4438.29727925,15332.23,4438.29727925,
2023-10-15 04:15:00+00:00,0.2894,0.2896,0.2895,0.2894,15332.23,0.289475,4438.29727925,15332.23,4438.29727925,
2023-10-15 04:20:00+00:00,0.2894,0.2897,0.2894,0.2897,4866.77,0.28955,1409.1732535,4866.77,1409.1732535,
2023-10-15 04:25:00+00:00,0.2895,0.2895,0.2895,0.2895,580.0,0.2895,167.91,580.0,167.91,
2023-10-15 04:30:00+00:00,0.2896,0.29,0.2896,0.2899,2672.6,0.289775,774.452665,2672.6,774.452665,
2023-10-15 04:35:00+00:00,0.2896,0.29,0.2896,0.2899,2672.6,0.289775,774.452665,2672.6,774.452665,
2023-10-15 04:40:00+00:00,0.2896,0.2897,0.2897,0.2896,2050.89,0.28965,594.0402885,2050.89,594.0402885,
2023-10-15 04:45:00+00:00,0.2897,0.2901,0.2897,0.2901,3004.39,0.2899,870.972661,3004.39,870.972661,
2023-10-15 04:50:00+00:00,0.29,0.2901,0.29,0.2901,1142.49,0.29005,331.3792245,1142.49,331.3792245,
2023-10-15 04:55:00+00:00,0.2901,0.2903,0.2901,0.2902,2000.61,0.290175,580.52700675,2000.61,580.52700675,
2023-10-15 05:00:00+00:00,0.2901,0.2903,0.2901,0.2902,2000.61,0.290175,580.52700675,2000.61,580.52700675,
2023-10-15 05:05:00+00:00,0.2901,0.2903,0.2903,0.2901,1718.49,0.2902,498.705798,1718.49,498.705798,
2023-10-15 05:10:00+00:00,0.2899,0.29,0.29,0.2899,500.0,0.28995,144.975,500.0,144.975,
2023-10-15 05:15:00+00:00,0.2902,0.2902,0.2902,0.2902,1013.07,0.2902,293.992914,1013.07,293.992914,
2023-10-15 05:20:00+00:00,0.2901,0.2902,0.2901,0.2902,741.87,0.29015,215.2535805,741.87,215.2535805,
2023-10-15 05:25:00+00:00,0.2901,0.2902,0.2901,0.2902,741.87,0.29015,215.2535805,741.87,215.2535805,
2023-10-15 05:30:00+00:00,0.2902,0.2902,0.2902,0.2902,1902.74,0.2902,552.175148,1902.74,552.175148,
2023-10-15 05:35:00+00:00,0.29,0.2902,0.2901,0.2902,9567.4,0.290125,2775.741925,9567.4,2775.741925,
2023-10-15 05:40:00+00:00,0.29,0.2902,0.2901,0.2902,9567.4,0.290125,2775.741925,9567.4,2775.741925,
2023-10-15 05:45:00+00:00,0.29,0.2902,0.2901,0.2902,9567.4,0.290125,2775.741925,9567.4,2775.741925,
2023-10-15 05:50:00+00:00,0.2897,0.2901,0.2901,0.2897,3029.04,0.2899,878.118696,3029.04,878.118696,
2023-10-15 05:55:00+00:00,0.2897,0.2901,0.2901,0.2897,3029.04,0.2899,878.118696,3029.04,878.118696,
2023-10-15 06:00:00+00:00,0.2897,0.2901,0.2901,0.2897,3029.04,0.2899,878.118696,3029.04,878.118696,
2023-10-15 06:05:00+00:00,0.2896,0.2898,0.2897,0.2898,3979.37,0.289725,1152.92297325,3979.37,1152.92297325,
2023-10-15 06:10:00+00:00,0.2896,0.2898,0.2897,0.2898,3979.37,0.289725,1152.92297325,3979.37,1152.92297325,
2023-10-15 06:15:00+00:00,0.2897,0.29,0.2897,0.29,1121.02,0.28985,324.927647,1121.02,324.927647,
2023-10-15 06:20:00+00:00,0.2898,0.29,0.29,0.2899,1611.71,0.289925,467.27502175,1611.71,467.27502175,
2023-10-15 06:25:00+00:00,0.2899,0.29,0.2899,0.2899,872.57,0.289925,252.97985725,872.57,252.97985725,
2023-10-15 06:30:00+00:00,0.2895,0.2898,0.2898,0.2895,2081.69,0.28965,602.9615085,2081.69,602.9615085,
2023-10-15 06:35:00+00:00,0.2895,0.2898,0.2898,0.2895,2081.69,0.28965,602.9615085,2081.69,602.9615085,
2023-10-15 06:40:00+00:00,0.2894,0.2897,0.2897,0.2894,90.48,0.28955,26.198484,90.48,26.198484,
2023-10-15 06:45:00+00:00,0.2894,0.2897,0.2897,0.2894,90.48,0.28955,26.198484,90.48,26.198484,
2023-10-15 06:50:00+00:00,0.2894,0.2897,0.2897,0.2894,90.48,0.28955,26.198484,90.48,26.198484,
2023-10-15 06:55:00+00:00,0.2894,0.2894,0.2894,0.2894,6.32,0.2894,1.829008,6.32,1.829008,
2023-10-15 07:00:00+00:00,0.2894,0.2897,0.2894,0.2897,675.6,0.28955,195.61998,675.6,195.61998,
2023-10-15 07:05:00+00:00,0.29,0.29,0.29,0.29,931.89,0.29,270.2481,931.89,270.2481,
2023-10-15 07:10:00+00:00,0.29,0.2901,0.29,0.29,1267.42,0.290025,367.5834855,1267.42,367.5834855,
2023-10-15 07:15:00+00:00,0.29,0.2901,0.29,0.29,1267.42,0.290025,367.5834855,1267.42,367.5834855,
2023-10-15 07:20:00+00:00,0.2899,0.29,0.29,0.29,342.23,0.289975,99.23814425,342.23,99.23814425,
2023-10-15 07:25:00+00:00,0.2901,0.2903,0.2901,0.2902,1310.04,0.290175,380.140857,1310.04,380.140857,
2023-10-15 07:30:00+00:00,0.2901,0.2903,0.2901,0.2902,1310.04,0.290175,380.140857,1310.04,380.140857,
2023-10-15 07:35:00+00:00,0.2901,0.2903,0.2901,0.2902,1310.04,0.290175,380.140857,1310.04,380.140857,
2023-10-15 07:40:00+00:00,0.29,0.2904,0.2902,0.2901,17980.95,0.290175,5217.62216625,17980.95,5217.62216625,
2023-10-15 07:45:00+00:00,0.2902,0.2902,0.2902,0.2902,219.29,0.2902,63.637958,219.29,63.637958,
2023-10-15 07:50:00+00:00,0.2903,0.2905,0.2903,0.2903,253.88,0.29035,73.714058,253.88,73.714058,
2023-10-15 07:55:00+00:00,0.2903,0.2905,0.2903,0.2903,253.88,0.29035,73.714058,253.88,73.714058,
2023-10-15 08:00:00+00:00,0.2905,0.2907,0.2905,0.2906,6256.62,0.290575,1818.0173565,6256.62,1818.0173565,
2023-10-15 08:05:00+00:00,0.2905,0.2907,0.2905,0.2906,6256.62,0.290575,1818.0173565,6256.62,1818.0173565,
2023-10-15 08:10:00+00:00,0.2905,0.2907,0.2905,0.2906,6256.62,0.290575,1818.0173565,6256.62,1818.0173565,
2023-10-15 08:15:00+00:00,0.2907,0.291,0.2907,0.291,1538.75,0.29085,447.5454375,1538.75,447.5454375,
2023-10-15 08:20:00+00:00,0.2907,0.291,0.2907,0.291,1538.75,0.29085,447.5454375,1538.75,447.5454375,
2023-10-15 08:25:00+00:00,0.2907,0.291,0.2907,0.291,1538.75,0.29085,447.5454375,1538.75,447.5454375,
2023-10-15 08:30:00+00:00,0.2908,0.291,0.291,0.2908,102.53,0.2909,29.825977,102.53,29.825977,
2023-10-15 08:35:00+00:00,0.2908,0.291,0.291,0.2908,102.53,0.2909,29.825977,102.53,29.825977,
2023-10-15 08:40:00+00:00,0.2908,0.291,0.291,0.2908,102.53,0.2909,29.825977,102.53,29.825977,
2023-10-15 08:45:00+00:00,0.291,0.2912,0.291,0.2912,523.17,0.2911,152.294787,523.17,152.294787,
2023-10-15 08:50:00+00:00,0.291,0.2912,0.291,0.2912,523.17,0.2911,152.294787,523.17,152.294787,
2023-10-15 08:55:00+00:00,0.2911,0.2912,0.2911,0.2911,6856.95,0.291125,1996.22956875,6856.95,1996.22956875,
2023-10-15 09:00:00+00:00,0.2911,0.2912,0.2911,0.2911,6856.95,0.291125,1996.22956875,6856.95,1996.22956875,
2023-10-15 09:05:00+00:00,0.2912,0.2912,0.2912,0.2912,594.03,0.2912,172.981536,594.03,172.981536,
2023-10-15 09:10:00+00:00,0.2911,0.2912,0.2912,0.2911,97.03,0.29115,28.2502845,97.03,28.2502845,
2023-10-15 09:15:00+00:00,0.2911,0.2912,0.2912,0.2911,97.03,0.29115,28.2502845,97.03,28.2502845,
2023-10-15 09:20:00+00:00,0.2911,0.2912,0.2912,0.2911,97.03,0.29115,28.2502845,97.03,28.2502845,
2023-10-15 09:25:00+00:00,0.2911,0.2912,0.2912,0.2911,97.03,0.29115,28.2502845,97.03,28.2502845,
2023-10-15 09:30:00+00:00,0.291,0.2911,0.291,0.2911,3301.46,0.29105,960.889933,3301.46,960.889933,
2023-10-15 09:35:00+00:00,0.2909,0.2912,0.2912,0.2909,1694.47,0.29105,493.1754935,1694.47,493.1754935,
2023-10-15 09:40:00+00:00,0.2909,0.2909,0.2909,0.2909,361.18,0.2909,105.067262,361.18,105.067262,
2023-10-15 09:45:00+00:00,0.2908,0.2909,0.2908,0.2909,573.94,0.29085,166.930449,573.94,166.930449,
2023-10-15 09:50:00+00:00,0.2907,0.2911,0.2911,0.2907,46.3,0.2909,13.46867,46.3,13.46867,
2023-10-15 09:55:00+00:00,0.2907,0.2911,0.2911,0.2907,46.3,0.2909,13.46867,46.3,13.46867,
2023-10-15 10:00:00+00:00,0.2907,0.2911,0.2911,0.2907,46.3,0.2909,13.46867,46.3,13.46867,
2023-10-15 10:05:00+00:00,0.2907,0.2911,0.2911,0.2907,46.3,0.2909,13.46867,46.3,13.46867,
2023-10-15 10:10:00+00:00,0.2907,0.291,0.2907,0.2909,2839.54,0.290825,825.8092205,2839.54,825.8092205,
2023-10-15 10:15:00+00:00,0.2907,0.291,0.2907,0.2909,2839.54,0.290825,825.8092205,2839.54,825.8092205,
2023-10-15 10:20:00+00:00,0.2907,0.291,0.2907,0.2909,2839.54,0.290825,825.8092205,2839.54,825.8092205,
2023-10-15 10:25:00+00:00,0.2907,0.291,0.2907,0.2909,2839.54,0.290825,825.8092205,2839.54,825.8092205,
2023-10-15 10:30:00+00:00,0.2907,0.291,0.2907,0.2909,2839.54,0.290825,825.8092205,2839.54,825.8092205,
2023-10-15 10:35:00+00:00,0.2907,0.291,0.2907,0.2909,2839.54,0.290825,825.8092205,2839.54,825.8092205,
2023-10-15 10:40:00+00:00,0.2907,0.291,0.2907,0.2909,2839.54,0.290825,825.8092205,2839.54,825.8092205,
2023-10-15 10:45:00+00:00,0.2909,0.2912,0.2909,0.2911,12113.59,0.291025,3525.35752975,12113.59,3525.35752975,
2023-10-15 10:50:00+00:00,0.2909,0.2912,0.2909,0.2911,12113.59,0.291025,3525.35752975,12113.59,3525.35752975,
2023-10-15 10:55:00+00:00,0.2909,0.2912,0.2909,0.2911,12113.59,0.291025,3525.35752975,12113.59,3525.35752975,
2023-10-15 11:00:00+00:00,0.2909,0.291,0.291,0.2909,1869.06,0.29095,543.803007,1869.06,543.803007,
2023-10-15 11:05:00+00:00,0.2909,0.291,0.291,0.2909,1869.06,0.29095,543.803007,1869.06,543.803007,
2023-10-15 11:10:00+00:00,0.2909,0.291,0.291,0.2909,1869.06,0.29095,543.803007,1869.06,543.803007,
2023-10-15 11:15:00+00:00,0.2907,0.2908,0.2908,0.2908,1309.42,0.290775,380.7466005,1309.42,380.7466005,
2023-10-15 11:20:00+00:00,0.2907,0.2908,0.2908,0.2908,1309.42,0.290775,380.7466005,1309.42,380.7466005,
2023-10-15 11:25:00+00:00,0.2906,0.2908,0.2906,0.2908,36.84,0.2907,10.709388,36.84,10.709388,
2023-10-15 11:30:00+00:00,0.2906,0.2907,0.2906,0.2906,88.36,0.290625,25.679625,88.36,25.679625,
2023-10-15 11:35:00+00:00,0.2904,0.2906,0.2904,0.2906,777.11,0.2905,225.750455,777.11,225.750455,
2023-10-15 11:40:00+00:00,0.2904,0.2906,0.2904,0.2904,1725.13,0.29045,501.0640085,1725.13,501.0640085,
2023-10-15 11:45:00+00:00,0.2903,0.2905,0.2904,0.2905,786.69,0.290425,228.47444325,786.69,228.47444325,
2023-10-15 11:50:00+00:00,0.2903,0.2904,0.2904,0.2904,1051.77,0.290375,305.40771375,1051.77,305.40771375,
2023-10-15 11:55:00+00:00,0.2903,0.2904,0.2904,0.2904,1051.77,0.290375,305.40771375,1051.77,305.40771375,
2023-10-15 12:00:00+00:00,0.29,0.2904,0.2903,0.2903,1712.49,0.29025,497.0502225,1712.49,497.0502225,
2023-10-15 12:05:00+00:00,0.29,0.2904,0.2903,0.2903,1712.49,0.29025,497.0502225,1712.49,497.0502225,
2023-10-15 12:10:00+00:00,0.29,0.2901,0.2901,0.2901,997.39,0.290075,289.31790425,997.39,289.31790425,
2023-10-15 12:15:00+00:00,0.2897,0.2902,0.2901,0.2902,166.35,0.29005,48.2498175,166.35,48.2498175,
2023-10-15 12:20:00+00:00,0.2899,0.29,0.29,0.29,1266.94,0.289975,367.3809265,1266.94,367.3809265,
2023-10-15 12:25:00+00:00,0.2899,0.29,0.29,0.2899,203.67,0.28995,59.0541165,203.67,59.0541165,
2023-10-15 12:30:00+00:00,0.29,0.2901,0.29,0.2901,185.84,0.29005,53.902892,185.84,53.902892,
2023-10-15 12:35:00+00:00,0.29,0.2901,0.29,0.2901,185.84,0.29005,53.902892,185.84,53.902892,
2023-10-15 12:40:00+00:00,0.2897,0.2901,0.29,0.2897,6040.0,0.289875,1750.845,6040.0,1750.845,
2023-10-15 12:45:00+00:00,0.2897,0.29,0.2899,0.2898,3173.67,0.28985,919.8882495,3173.67,919.8882495,
2023-10-15 12:50:00+00:00,0.2898,0.29,0.29,0.2898,88.4,0.2899,25.62716,88.4,25.62716,
2023-10-15 12:55:00+00:00,0.2897,0.2897,0.2897,0.2897,1426.79,0.2897,413.341063,1426.79,413.341063,
2023-10-15 13:00:00+00:00,0.289,0.2894,0.2894,0.2891,4245.68,0.289225,1227.956798,4245.68,1227.956798,
2023-10-15 13:05:00+00:00,0.289,0.2891,0.289,0.2891,2337.31,0.28905,675.5994555,2337.31,675.5994555,
2023-10-15 13:10:00+00:00,0.289,0.2891,0.289,0.2891,2337.31,0.28905,675.5994555,2337.31,675.5994555,
2023-10-15 13:15:00+00:00,0.2892,0.2898,0.2892,0.2898,949.62,0.2895,274.91499,949.62,274.91499,
2023-10-15 13:20:00+00:00,0.2893,0.2897,0.2894,0.2897,640.46,0.289525,185.4291815,640.46,185.4291815,
2023-10-15 13:25:00+00:00,0.2898,0.2901,0.29,0.2898,722.07,0.289925,209.34614475,722.07,209.34614475,
2023-10-15 13:30:00+00:00,0.2894,0.2897,0.2897,0.2894,555.58,0.28955,160.868189,555.58,160.868189,
2023-10-15 13:35:00+00:00,0.2895,0.2895,0.2895,0.2895,70.82,0.2895,20.50239,70.82,20.50239,
2023-10-15 13:40:00+00:00,0.2891,0.2894,0.2894,0.2891,1833.36,0.28925,530.29938,1833.36,530.29938,
2023-10-15 13:45:00+00:00,0.2882,0.2888,0.2888,0.2882,3147.69,0.2885,908.108565,3147.69,908.108565,
2023-10-15 13:50:00+00:00,0.2879,0.288,0.288,0.2879,119.3,0.28795,34.352435,119.3,34.352435,
2023-10-15 13:55:00+00:00,0.2882,0.2884,0.2882,0.2883,1550.11,0.288275,446.85796025,1550.11,446.85796025,
2023-10-15 14:00:00+00:00,0.2881,0.2884,0.2881,0.2884,308.34,0.28825,88.879005,308.34,88.879005,
2023-10-15 14:05:00+00:00,0.2883,0.2884,0.2883,0.2884,850.88,0.28835,245.351248,850.88,245.351248,
2023-10-15 14:10:00+00:00,0.2884,0.2887,0.2884,0.2886,2575.39,0.288525,743.06439975,2575.39,743.06439975,
2023-10-15 14:15:00+00:00,0.2884,0.2886,0.2885,0.2885,1742.0,0.2885,502.567,1742.0,502.567,
2023-10-15 14:20:00+00:00,0.2886,0.289,0.2886,0.289,1477.73,0.2888,426.768424,1477.73,426.768424,
2023-10-15 14:25:00+00:00,0.2886,0.289,0.2886,0.289,1477.73,0.2888,426.768424,1477.73,426.768424,
2023-10-15 14:30:00+00:00,0.2886,0.2891,0.2891,0.2886,2107.8,0.28885,608.83803,2107.8,608.83803,
2023-10-15 14:35:00+00:00,0.2886,0.2887,0.2886,0.2887,1142.4,0.28865,329.75376,1142.4,329.75376,
2023-10-15 14:40:00+00:00,0.2887,0.289,0.2887,0.2887,1476.53,0.288775,426.38495075,1476.53,426.38495075,
2023-10-15 14:45:00+00:00,0.2884,0.2887,0.2887,0.2884,1860.41,0.28855,536.8213055,1860.41,536.8213055,
2023-10-15 14:50:00+00:00,0.2884,0.2885,0.2885,0.2884,580.65,0.28845,167.4884925,580.65,167.4884925,
2023-10-15 14:55:00+00:00,0.2884,0.2885,0.2885,0.2884,580.65,0.28845,167.4884925,580.65,167.4884925,
2023-10-15 15:00:00+00:00,0.2882,0.2885,0.2885,0.2882,1644.58,0.28835,474.214643,1644.58,474.214643,
2023-10-15 15:05:00+00:00,0.2881,0.2885,0.2881,0.2885,3156.21,0.2883,909.935343,3156.21,909.935343,
2023-10-15 15:10:00+00:00,0.2884,0.2887,0.2884,0.2887,2892.98,0.28855,834.769379,2892.98,834.769379,
2023-10-15 15:15:00+00:00,0.2887,0.2888,0.2888,0.2888,1675.73,0.288775,483.90893075,1675.73,483.90893075,
2023-10-15 15:20:00+00:00,0.2887,0.2888,0.2887,0.2888,622.34,0.28875,179.700675,622.34,179.700675,
2023-10-15 15:25:00+00:00,0.2887,0.2889,0.2889,0.2887,47.51,0.2888,13.720888,47.51,13.720888,
2023-10-15 15:30:00+00:00,0.2886,0.2888,0.2887,0.2887,1114.54,0.2887,321.767698,1114.54,321.767698,
2023-10-15 15:35:00+00:00,0.2886,0.2887,0.2887,0.2886,29.88,0.28865,8.624862,29.88,8.624862,
2023-10-15 15:40:00+00:00,0.2887,0.2887,0.2887,0.2887,268.66,0.2887,77.562142,268.66,77.562142,
2023-10-15 15:45:00+00:00,0.2885,0.2887,0.2887,0.2885,39.96,0.2886,11.532456,39.96,11.532456,
2023-10-15 15:50:00+00:00,0.2885,0.2887,0.2885,0.2885,206.65,0.28855,59.6288575,206.65,59.6288575,
2023-10-15 15:55:00+00:00,0.2885,0.2887,0.2885,0.2886,1631.33,0.288575,470.76105475,1631.33,470.76105475,
2023-10-15 16:00:00+00:00,0.2886,0.2888,0.2886,0.2887,102.45,0.288675,29.57475375,102.45,29.57475375,
2023-10-15 16:05:00+00:00,0.2887,0.2887,0.2887,0.2887,514.37,0.2887,148.498619,514.37,148.498619,
2023-10-15 16:10:00+00:00,0.2887,0.2888,0.2888,0.2887,3671.42,0.28875,1060.122525,3671.42,1060.122525,
2023-10-15 16:15:00+00:00,0.2885,0.2886,0.2885,0.2886,233.11,0.28855,67.2638905,233.11,67.2638905,
2023-10-15 16:20:00+00:00,0.2887,0.289,0.2887,0.289,1743.33,0.28885,503.5608705,1743.33,503.5608705,
2023-10-15 16:25:00+00:00,0.2887,0.289,0.2887,0.289,1743.33,0.28885,503.5608705,1743.33,503.5608705,
2023-10-15 16:30:00+00:00,0.289,0.2894,0.2891,0.2894,175.93,0.289225,50.88335425,175.93,50.88335425,
2023-10-15 16:35:00+00:00,0.289,0.2894,0.2891,0.2894,175.93,0.289225,50.88335425,175.93,50.88335425,
2023-10-15 16:40:00+00:00,0.2896,0.2897,0.2896,0.2897,283.1,0.28965,81.999915,283.1,81.999915,
2023-10-15 16:45:00+00:00,0.2896,0.29,0.2899,0.2899,64.78,0.28985,18.776483,64.78,18.776483,
2023-10-15 16:50:00+00:00,0.2897,0.2899,0.2899,0.2899,340.19,0.28985,98.6040715,340.19,98.6040715,
2023-10-15 16:55:00+00:00,0.2897,0.2899,0.2899,0.2899,340.19,0.28985,98.6040715,340.19,98.6040715,
2023-10-15 17:00:00+00:00,0.2897,0.2899,0.2899,0.2899,340.19,0.28985,98.6040715,340.19,98.6040715,
2023-10-15 17:05:00+00:00,0.2898,0.2899,0.2899,0.2898,178.34,0.28985,51.691849,178.34,51.691849,
2023-10-15 17:10:00+00:00,0.2898,0.2899,0.2899,0.2898,178.34,0.28985,51.691849,178.34,51.691849,
2023-10-15 17:15:00+00:00,0.2898,0.29,0.2898,0.29,579.69,0.2899,168.052131,579.69,168.052131,
2023-10-15 17:20:00+00:00,0.2898,0.29,0.2898,0.29,579.69,0.2899,168.052131,579.69,168.052131,
2023-10-15 17:25:00+00:00,0.2898,0.2898,0.2898,0.2898,3.06,0.2898,0.886788,3.06,0.886788,
2023-10-15 17:30:00+00:00,0.2899,0.2901,0.2901,0.2899,21.45,0.29,6.2205,21.45,6.2205,
2023-10-15 17:35:00+00:00,0.2898,0.29,0.29,0.2898,15.79,0.2899,4.577521,15.79,4.577521,
2023-10-15 17:40:00+00:00,0.2898,0.29,0.29,0.2898,15.79,0.2899,4.577521,15.79,4.577521,
2023-10-15 17:45:00+00:00,0.2898,0.29,0.29,0.2898,15.79,0.2899,4.577521,15.79,4.577521,
2023-10-15 17:50:00+00:00,0.2898,0.29,0.29,0.2898,15.79,0.2899,4.577521,15.79,4.577521,
2023-10-15 17:55:00+00:00,0.2898,0.29,0.29,0.2898,15.79,0.2899,4.577521,15.79,4.577521,
2023-10-15 18:00:00+00:00,0.29,0.2902,0.2901,0.29,303.42,0.290075,88.0145565,303.42,88.0145565,
2023-10-15 18:05:00+00:00,0.29,0.2902,0.2901,0.29,303.42,0.290075,88.0145565,303.42,88.0145565,
2023-10-15 18:10:00+00:00,0.2898,0.2899,0.2899,0.2899,349.93,0.289875,101.43595875,349.93,101.43595875,
2023-10-15 18:15:00+00:00,0.2898,0.2898,0.2898,0.2898,360.82,0.2898,104.565636,360.82,104.565636,
2023-10-15 18:20:00+00:00,0.2898,0.2898,0.2898,0.2898,360.82,0.2898,104.565636,360.82,104.565636,
2023-10-15 18:25:00+00:00,0.2898,0.2903,0.2898,0.2903,2052.81,0.29005,595.4175405,2052.81,595.4175405,
2023-10-15 18:30:00+00:00,0.2898,0.2903,0.2898,0.2903,2052.81,0.29005,595.4175405,2052.81,595.4175405,
2023-10-15 18:35:00+00:00,0.2899,0.29,0.29,0.2899,778.98,0.28995,225.865251,778.98,225.865251,
2023-10-15 18:40:00+00:00,0.2899,0.29,0.29,0.2899,778.98,0.28995,225.865251,778.98,225.865251,
2023-10-15 18:45:00+00:00,0.2899,0.29,0.29,0.2899,778.98,0.28995,225.865251,778.98,225.865251,
2023-10-15 18:50:00+00:00,0.2899,0.2902,0.29,0.2899,4710.35,0.29,1366.0015,4710.35,1366.0015,
2023-10-15 18:55:00+00:00,0.2899,0.2902,0.29,0.2899,4710.35,0.29,1366.0015,4710.35,1366.0015,
2023-10-15 19:00:00+00:00,0.2901,0.2904,0.2903,0.2903,2079.35,0.290275,603.58332125,2079.35,603.58332125,
2023-10-15 19:05:00+00:00,0.2903,0.2904,0.2904,0.2904,825.77,0.290375,239.78296375,825.77,239.78296375,
2023-10-15 19:10:00+00:00,0.2902,0.2903,0.2902,0.2903,1152.2,0.29025,334.42605,1152.2,334.42605,
2023-10-15 19:15:00+00:00,0.2902,0.2903,0.2902,0.2903,1152.2,0.29025,334.42605,1152.2,334.42605,
2023-10-15 19:20:00+00:00,0.29,0.2902,0.2902,0.29,485.5,0.2901,140.84355,485.5,140.84355,
2023-10-15 19:25:00+00:00,0.29,0.2902,0.2902,0.29,485.5,0.2901,140.84355,485.5,140.84355,
2023-10-15 19:30:00+00:00,0.29,0.2901,0.2901,0.29,484.72,0.29005,140.593036,484.72,140.593036,
2023-10-15 19:35:00+00:00,0.29,0.2902,0.29,0.2901,379.45,0.290075,110.06895875,379.45,110.06895875,
2023-10-15 19:40:00+00:00,0.29,0.2902,0.29,0.2901,379.45,0.290075,110.06895875,379.45,110.06895875,
2023-10-15 19:45:00+00:00,0.29,0.2902,0.2902,0.29,344.85,0.2901,100.040985,344.85,100.040985,
2023-10-15 19:50:00+00:00,0.29,0.2902,0.2902,0.29,344.85,0.2901,100.040985,344.85,100.040985,
2023-10-15 19:55:00+00:00,0.29,0.2901,0.29,0.29,610.34,0.290025,177.0138585,610.34,177.0138585,
2023-10-15 20:00:00+00:00,0.29,0.2901,0.29,0.29,610.34,0.290025,177.0138585,610.34,177.0138585,
2023-10-15 20:05:00+00:00,0.2898,0.2899,0.2899,0.2898,29.35,0.28985,8.5070975,29.35,8.5070975,
2023-10-15 20:10:00+00:00,0.2897,0.2897,0.2897,0.2897,6.15,0.2897,1.781655,6.15,1.781655,
2023-10-15 20:15:00+00:00,0.2895,0.2898,0.2897,0.2895,5130.86,0.289625,1486.0253275,5130.86,1486.0253275,
2023-10-15 20:20:00+00:00,0.2895,0.2898,0.2897,0.2895,5130.86,0.289625,1486.0253275,5130.86,1486.0253275,
2023-10-15 20:25:00+00:00,0.2895,0.2898,0.2897,0.2895,5130.86,0.289625,1486.0253275,5130.86,1486.0253275,
2023-10-15 20:30:00+00:00,0.2896,0.2898,0.2898,0.2896,2266.47,0.2897,656.596359,2266.47,656.596359,
2023-10-15 20:35:00+00:00,0.2896,0.2898,0.2898,0.2896,2266.47,0.2897,656.596359,2266.47,656.596359,
2023-10-15 20:40:00+00:00,0.2899,0.2912,0.2899,0.2906,29343.29,0.2904,8521.291416,29343.29,8521.291416,
2023-10-15 20:45:00+00:00,0.2899,0.2912,0.2899,0.2906,29343.29,0.2904,8521.291416,29343.29,8521.291416,
2023-10-15 20:50:00+00:00,0.2904,0.2906,0.2904,0.2906,533.38,0.2905,154.94689,533.38,154.94689,
2023-10-15 20:55:00+00:00,0.2906,0.2907,0.2906,0.2907,1646.36,0.29065,478.514534,1646.36,478.514534,
2023-10-15 21:00:00+00:00,0.2908,0.291,0.2908,0.291,557.92,0.2909,162.298928,557.92,162.298928,
2023-10-15 21:05:00+00:00,0.2903,0.2908,0.2908,0.2903,2465.92,0.29055,716.473056,2465.92,716.473056,
2023-10-15 21:10:00+00:00,0.2901,0.2904,0.2901,0.2901,1083.05,0.290175,314.27403375,1083.05,314.27403375,
2023-10-15 21:15:00+00:00,0.2901,0.2906,0.2901,0.2906,2340.53,0.29035,679.5728855,2340.53,679.5728855,
2023-10-15 21:20:00+00:00,0.2904,0.2909,0.2904,0.2909,851.29,0.29065,247.4274385,851.29,247.4274385,
2023-10-15 21:25:00+00:00,0.2907,0.2908,0.2907,0.2908,225.41,0.29075,65.5379575,225.41,65.5379575,
2023-10-15 21:30:00+00:00,0.2906,0.2908,0.2907,0.2906,343.28,0.290675,99.782914,343.28,99.782914,
2023-10-15 21:35:00+00:00,0.29,0.2908,0.2908,0.29,23732.51,0.2904,6891.920904,23732.51,6891.920904,
2023-10-15 21:40:00+00:00,0.29,0.29,0.29,0.29,35.21,0.29,10.2109,35.21,10.2109,
2023-10-15 21:45:00+00:00,0.29,0.29,0.29,0.29,35.21,0.29,10.2109,35.21,10.2109,
2023-10-15 21:50:00+00:00,0.2897,0.2899,0.2899,0.2897,3448.72,0.2898,999.439056,3448.72,999.439056,
2023-10-15 21:55:00+00:00,0.2897,0.2899,0.2899,0.2897,3448.72,0.2898,999.439056,3448.72,999.439056,
2023-10-15 22:00:00+00:00,0.2899,0.2902,0.2899,0.2902,814.27,0.29005,236.1790135,814.27,236.1790135,
2023-10-15 22:05:00+00:00,0.2903,0.2903,0.2903,0.2903,1500.31,0.2903,435.539993,1500.31,435.539993,
2023-10-15 22:10:00+00:00,0.2897,0.29,0.29,0.2898,2954.3,0.289875,856.3777125,2954.3,856.3777125,
2023-10-15 22:15:00+00:00,0.2897,0.2901,0.2897,0.2901,1077.15,0.2899,312.265785,1077.15,312.265785,
2023-10-15 22:20:00+00:00,0.2898,0.2902,0.2902,0.2898,3131.39,0.29,908.1031,3131.39,908.1031,
2023-10-15 22:25:00+00:00,0.2898,0.2899,0.2898,0.2898,1302.6,0.289825,377.526045,1302.6,377.526045,
2023-10-15 22:30:00+00:00,0.2898,0.2899,0.2898,0.2898,1302.6,0.289825,377.526045,1302.6,377.526045,
2023-10-15 22:35:00+00:00,0.2897,0.29,0.29,0.2897,710.98,0.28985,206.077553,710.98,206.077553,
2023-10-15 22:40:00+00:00,0.2893,0.2898,0.2897,0.2893,1830.48,0.289525,529.969722,1830.48,529.969722,
2023-10-15 22:45:00+00:00,0.2891,0.2892,0.2891,0.2892,327.6,0.28915,94.72554,327.6,94.72554,
2023-10-15 22:50:00+00:00,0.2889,0.289,0.2889,0.2889,253.77,0.288925,73.32049725,253.77,73.32049725,
2023-10-15 22:55:00+00:00,0.2889,0.289,0.2889,0.2889,253.77,0.288925,73.32049725,253.77,73.32049725,
2023-10-15 23:00:00+00:00,0.2889,0.289,0.2889,0.2889,253.77,0.288925,73.32049725,253.77,73.32049725,
2023-10-15 23:05:00+00:00,0.2888,0.289,0.2888,0.289,12.46,0.2889,3.599694,12.46,3.599694,
2023-10-15 23:10:00+00:00,0.2888,0.289,0.2888,0.289,12.46,0.2889,3.599694,12.46,3.599694,
2023-10-15 23:15:00+00:00,0.2888,0.289,0.289,0.2888,1772.03,0.2889,511.939467,1772.03,511.939467,
2023-10-15 23:20:00+00:00,0.2888,0.289,0.2888,0.289,1791.7,0.2889,517.62213,1791.7,517.62213,
2023-10-15 23:25:00+00:00,0.2891,0.2893,0.2891,0.2893,310.67,0.2892,89.845764,310.67,89.845764,
2023-10-15 23:30:00+00:00,0.2891,0.2894,0.2891,0.2894,1576.04,0.28925,455.86957,1576.04,455.86957,
2023-10-15 23:35:00+00:00,0.2892,0.2895,0.2894,0.2893,1390.99,0.28935,402.4829565,1390.99,402.4829565,
2023-10-15 23:40:00+00:00,0.2892,0.2895,0.2894,0.2893,1390.99,0.28935,402.4829565,1390.99,402.4829565,
2023-10-15 23:45:00+00:00,0.2892,0.2895,0.2894,0.2893,1390.99,0.28935,402.4829565,1390.99,402.4829565,
2023-10-15 23:50:00+00:00,0.2893,0.2894,0.2894,0.2894,613.35,0.289375,177.48815625,613.35,177.48815625,
2023-10-15 23:55:00+00:00,0.2897,0.2897,0.2897,0.2897,1367.8,0.2897,396.25166,1367.8,396.25166,
2023-10-16 00:00:00+00:00,0.2897,0.2897,0.2897,0.2897,1367.8,0.2897,396.25166,1367.8,396.25166,
2023-10-16 00:05:00+00:00,0.2896,0.2898,0.2896,0.2898,966.02,0.2897,279.855994,966.02,279.855994,
2023-10-16 00:10:00+00:00,0.2895,0.2896,0.2896,0.2895,1074.1,0.28955,311.005655,1074.1,311.005655,
2023-10-16 00:15:00+00:00,0.2893,0.2897,0.2894,0.2897,925.27,0.289525,267.88879675,925.27,267.88879675,
2023-10-16 00:20:00+00:00,0.2893,0.2897,0.2894,0.2897,925.27,0.289525,267.88879675,925.27,267.88879675,
2023-10-16 00:25:00+00:00,0.2894,0.2897,0.2897,0.2896,1764.45,0.2896,510.98472,1764.45,510.98472,
2023-10-16 00:30:00+00:00,0.2895,0.2897,0.2895,0.2897,1548.45,0.2896,448.43112,1548.45,448.43112,
2023-10-16 00:35:00+00:00,0.2895,0.2896,0.2896,0.2895,1298.24,0.28955,375.905392,1298.24,375.905392,
2023-10-16 00:40:00+00:00,0.2891,0.2894,0.2894,0.2892,1034.26,0.289275,299.1855615,1034.26,299.1855615,
2023-10-16 00:45:00+00:00,0.289,0.2894,0.289,0.2894,460.46,0.2892,133.165032,460.46,133.165032,
2023-10-16 00:50:00+00:00,0.2888,0.2892,0.289,0.2888,306.72,0.28895,88.626744,306.72,88.626744,
2023-10-16 00:55:00+00:00,0.2888,0.2891,0.2888,0.2891,104.42,0.28895,30.172159,104.42,30.172159,
2023-10-16 01:00:00+00:00,0.2889,0.2891,0.2891,0.2891,34.53,0.28905,9.9808965,34.53,9.9808965,
2023-10-16 01:05:00+00:00,0.2892,0.2894,0.2892,0.2894,617.03,0.2893,178.506779,617.03,178.506779,
2023-10-16 01:10:00+00:00,0.2894,0.2896,0.2895,0.2895,1871.92,0.2895,541.92084,1871.92,541.92084,
2023-10-16 01:15:00+00:00,0.2897,0.2901,0.2897,0.2901,6436.79,0.2899,1866.025421,6436.79,1866.025421,
2023-10-16 01:20:00+00:00,0.2899,0.2902,0.2899,0.2901,197.82,0.290025,57.3727455,197.82,57.3727455,
2023-10-16 01:25:00+00:00,0.2903,0.2909,0.2903,0.2909,252.16,0.2906,73.277696,252.16,73.277696,
2023-10-16 01:30:00+00:00,0.2907,0.291,0.291,0.2907,1644.82,0.29085,478.395897,1644.82,478.395897,
2023-10-16 01:35:00+00:00,0.2903,0.2906,0.2906,0.2904,1942.6,0.290475,564.276735,1942.6,564.276735,
2023-10-16 01:40:00+00:00,0.2903,0.2906,0.2906,0.2904,1942.6,0.290475,564.276735,1942.6,564.276735,
2023-10-16 01:45:00+00:00,0.2902,0.2906,0.2904,0.2906,3134.34,0.29045,910.369053,3134.34,910.369053,
2023-10-16 01:50:00+00:00,0.2905,0.2907,0.2905,0.2907,1182.57,0.2906,343.654842,1182.57,343.654842,
2023-10-16 01:55:00+00:00,0.2903,0.2907,0.2905,0.2904,1972.26,0.290475,572.8922235,1972.26,572.8922235,
2023-10-16 02:00:00+00:00,0.2902,0.2903,0.2903,0.2903,1405.93,0.290275,408.10633075,1405.93,408.10633075,
2023-10-16 02:05:00+00:00,0.2903,0.2906,0.2903,0.2905,1525.95,0.290425,443.17402875,1525.95,443.17402875,
2023-10-16 02:10:00+00:00,0.2903,0.2907,0.2904,0.2907,5311.96,0.290525,1543.257179,5311.96,1543.257179,
2023-10-16 02:15:00+00:00,0.2906,0.2907,0.2907,0.2907,425.96,0.290675,123.815923,425.96,123.815923,
2023-10-16 02:20:00+00:00,0.2906,0.2908,0.2907,0.2908,738.89,0.290725,214.81379525,738.89,214.81379525,
2023-10-16 02:25:00+00:00,0.2906,0.291,0.2907,0.2907,1739.74,0.29075,505.829405,1739.74,505.829405,
2023-10-16 02:30:00+00:00,0.2907,0.291,0.2909,0.2907,657.42,0.290825,191.1941715,657.42,191.1941715,
2023-10-16 02:35:00+00:00,0.2906,0.2908,0.2908,0.2906,2563.56,0.2907,745.226892,2563.56,745.226892,
2023-10-16 02:40:00+00:00,0.29,0.2906,0.2906,0.29,1240.7,0.2903,360.17521,1240.7,360.17521,
2023-10-16 02:45:00+00:00,0.29,0.2906,0.2906,0.29,1240.7,0.2903,360.17521,1240.7,360.17521,
2023-10-16 02:50:00+00:00,0.29,0.2906,0.2906,0.29,1240.7,0.2903,360.17521,1240.7,360.17521,
2023-10-16 02:55:00+00:00,0.29,0.2906,0.2906,0.29,1240.7,0.2903,360.17521,1240.7,360.17521,
2023-10-16 03:00:00+00:00,0.29,0.2901,0.29,0.2901,94.05,0.29005,27.2792025,94.05,27.2792025,
2023-10-16 03:05:00+00:00,0.29,0.2901,0.29,0.2901,94.05,0.29005,27.2792025,94.05,27.2792025,
2023-10-16 03:10:00+00:00,0.29,0.2901,0.29,0.2901,94.05,0.29005,27.2792025,94.05,27.2792025,
2023-10-16 03:15:00+00:00,0.29,0.2901,0.29,0.2901,94.05,0.29005,27.2792025,94.05,27.2792025,
2023-10-16 03:20:00+00:00,0.29,0.2903,0.29,0.2903,616.36,0.29015,178.836854,616.36,178.836854,
2023-10-16 03:25:00+00:00,0.29,0.2903,0.29,0.2903,616.36,0.29015,178.836854,616.36,178.836854,
2023-10-16 03:30:00+00:00,0.2904,0.2905,0.2904,0.2905,217.57,0.29045,63.1932065,217.57,63.1932065,
2023-10-16 03:35:00+00:00,0.2904,0.2905,0.2904,0.2905,217.57,0.29045,63.1932065,217.57,63.1932065,
2023-10-16 03:40:00+00:00,0.2906,0.2908,0.2906,0.2907,858.97,0.290675,249.68110475,858.97,249.68110475,
2023-10-16 03:45:00+00:00,0.2906,0.2908,0.2906,0.2907,858.97,0.290675,249.68110475,858.97,249.68110475,
2023-10-16 03:50:00+00:00,0.2906,0.291,0.2906,0.291,726.52,0.2908,211.272016,726.52,211.272016,
2023-10-16 03:55:00+00:00,0.2906,0.291,0.2906,0.291,726.52,0.2908,211.272016,726.52,211.272016,
2023-10-16 04:00:00+00:00,0.291,0.291,0.291,0.291,112.16,0.291,32.63856,112.16,32.63856,
2023-10-16 04:05:00+00:00,0.2907,0.291,0.291,0.2907,1665.05,0.29085,484.2797925,1665.05,484.2797925,
2023-10-16 04:10:00+00:00,0.2905,0.2906,0.2906,0.2905,321.62,0.29055,93.446691,321.62,93.446691,
2023-10-16 04:15:00+00:00,0.2905,0.2906,0.2906,0.2905,321.62,0.29055,93.446691,321.62,93.446691,
2023-10-16 04:20:00+00:00,0.2905,0.2906,0.2905,0.2906,550.7,0.29055,160.005885,550.7,160.005885,
2023-10-16 04:25:00+00:00,0.2904,0.2905,0.2904,0.2905,688.27,0.29045,199.9080215,688.27,199.9080215,
2023-10-16 04:30:00+00:00,0.2904,0.2905,0.2904,0.2905,688.27,0.29045,199.9080215,688.27,199.9080215,
2023-10-16 04:35:00+00:00,0.2902,0.2905,0.2905,0.2904,4109.87,0.2904,1193.506248,4109.87,1193.506248,
2023-10-16 04:40:00+00:00,0.2902,0.2905,0.2905,0.2904,4109.87,0.2904,1193.506248,4109.87,1193.506248,
2023-10-16 04:45:00+00:00,0.2906,0.2907,0.2906,0.2906,1273.59,0.290625,370.13709375,1273.59,370.13709375,
2023-10-16 04:50:00+00:00,0.2907,0.291,0.2907,0.291,304.45,0.29085,88.5492825,304.45,88.5492825,
2023-10-16 04:55:00+00:00,0.2907,0.2912,0.291,0.2912,156.0,0.291025,45.3999,156.0,45.3999,
2023-10-16 05:00:00+00:00,0.2907,0.2912,0.291,0.2912,156.0,0.291025,45.3999,156.0,45.3999,
2023-10-16 05:05:00+00:00,0.2907,0.2912,0.291,0.2912,156.0,0.291025,45.3999,156.0,45.3999,
2023-10-16 05:10:00+00:00,0.2907,0.2912,0.291,0.2912,156.0,0.291025,45.3999,156.0,45.3999,
2023-10-16 05:15:00+00:00,0.2912,0.2944,0.2912,0.2944,31541.28,0.2928,9235.286784,31541.28,9235.286784,
2023-10-16 05:20:00+00:00,0.2934,0.2946,0.2944,0.2943,1539.27,0.294175,452.81475225,1539.27,452.81475225,
2023-10-16 05:25:00+00:00,0.2938,0.2943,0.294,0.2943,2116.9,0.2941,622.58029,2116.9,622.58029,
2023-10-16 05:30:00+00:00,0.294,0.2952,0.2946,0.295,3096.42,0.2947,912.514974,3096.42,912.514974,
2023-10-16 05:35:00+00:00,0.2948,0.2955,0.2948,0.2955,305.15,0.29515,90.0650225,305.15,90.0650225,
2023-10-16 05:40:00+00:00,0.294,0.2952,0.2952,0.294,646.1,0.2946,190.34106,646.1,190.34106,
2023-10-16 05:45:00+00:00,0.2936,0.294,0.294,0.294,504.59,0.2939,148.299001,504.59,148.299001,
2023-10-16 05:50:00+00:00,0.2938,0.2942,0.2942,0.2939,1404.7,0.294025,413.0169175,1404.7,413.0169175,
2023-10-16 05:55:00+00:00,0.2937,0.294,0.2937,0.2939,2736.03,0.293825,803.91401475,2736.03,803.91401475,
2023-10-16 06:00:00+00:00,0.2942,0.2943,0.2943,0.2943,758.46,0.294275,223.1958165,758.46,223.1958165,
2023-10-16 06:05:00+00:00,0.2939,0.2944,0.2944,0.2942,487.73,0.294225,143.50235925,487.73,143.50235925,
2023-10-16 06:10:00+00:00,0.2943,0.2943,0.2943,0.2943,580.43,0.2943,170.820549,580.43,170.820549,
2023-10-16 06:15:00+00:00,0.2937,0.294,0.294,0.2938,2246.71,0.293875,660.25190125,2246.71,660.25190125,
2023-10-16 06:20:00+00:00,0.2934,0.2935,0.2935,0.2934,3242.09,0.29345,951.3913105,3242.09,951.3913105,
2023-10-16 06:25:00+00:00,0.293,0.2934,0.2931,0.2934,1647.33,0.293225,483.03833925,1647.33,483.03833925,
2023-10-16 06:30:00+00:00,0.2933,0.2937,0.2935,0.2933,1371.12,0.29345,402.355164,1371.12,402.355164,
2023-10-16 06:35:00+00:00,0.2935,0.2937,0.2935,0.2937,1285.91,0.2936,377.543176,1285.91,377.543176,
2023-10-16 06:40:00+00:00,0.2935,0.2938,0.2936,0.2935,82.19,0.2936,24.130984,82.19,24.130984,
2023-10-16 06:45:00+00:00,0.2934,0.2935,0.2935,0.2934,2699.32,0.29345,792.115454,2699.32,792.115454,
2023-10-16 06:50:00+00:00,0.2934,0.2935,0.2935,0.2934,2699.32,0.29345,792.115454,2699.32,792.115454,
2023-10-16 06:55:00+00:00,0.2934,0.2935,0.2935,0.2935,1986.53,0.293475,582.99689175,1986.53,582.99689175,
2023-10-16 07:00:00+00:00,0.2934,0.2935,0.2935,0.2935,1986.53,0.293475,582.99689175,1986.53,582.99689175,
2023-10-16 07:05:00+00:00,0.2934,0.2935,0.2935,0.2934,4463.3,0.29345,1309.755385,4463.3,1309.755385,
2023-10-16 07:10:00+00:00,0.2931,0.2934,0.2931,0.2934,152.88,0.29325,44.83206,152.88,44.83206,
2023-10-16 07:15:00+00:00,0.2931,0.2934,0.2931,0.2934,152.88,0.29325,44.83206,152.88,44.83206,
2023-10-16 07:20:00+00:00,0.2931,0.2934,0.2931,0.2934,129.88,0.29325,38.08731,129.88,38.08731,
2023-10-16 07:25:00+00:00,0.2931,0.2934,0.2931,0.2934,129.88,0.29325,38.08731,129.88,38.08731,
2023-10-16 07:30:00+00:00,0.2932,0.2935,0.2935,0.2932,1078.03,0.29335,316.2401005,1078.03,316.2401005,
2023-10-16 07:35:00+00:00,0.2935,0.2936,0.2935,0.2936,352.3,0.29355,103.417665,352.3,103.417665,
2023-10-16 07:40:00+00:00,0.2934,0.2937,0.2937,0.2934,583.2,0.29355,171.19836,583.2,171.19836,
2023-10-16 07:45:00+00:00,0.2933,0.2933,0.2933,0.2933,80.45,0.2933,23.595985,80.45,23.595985,
2023-10-16 07:50:00+00:00,0.2931,0.2932,0.2932,0.2931,1148.22,0.29315,336.600693,1148.22,336.600693,
2023-10-16 07:55:00+00:00,0.2928,0.2931,0.293,0.2931,3351.81,0.293,982.08033,3351.81,982.08033,
2023-10-16 08:00:00+00:00,0.2933,0.2934,0.2933,0.2934,594.44,0.29335,174.378974,594.44,174.378974,
2023-10-16 08:05:00+00:00,0.2933,0.2934,0.2933,0.2934,594.44,0.29335,174.378974,594.44,174.378974,
2023-10-16 08:10:00+00:00,0.2929,0.2931,0.2931,0.2929,96.07,0.293,28.14851,96.07,28.14851,
2023-10-16 08:15:00+00:00,0.2933,0.2934,0.2934,0.2933,88.31,0.29335,25.9057385,88.31,25.9057385,
2023-10-16 08:20:00+00:00,0.2933,0.2934,0.2934,0.2933,88.31,0.29335,25.9057385,88.31,25.9057385,
2023-10-16 08:25:00+00:00,0.2933,0.2934,0.2934,0.2933,88.31,0.29335,25.9057385,88.31,25.9057385,
2023-10-16 08:30:00+00:00,0.2935,0.2937,0.2937,0.2935,226.15,0.2936,66.39764,226.15,66.39764,
2023-10-16 08:35:00+00:00,0.2935,0.2937,0.2937,0.2935,226.15,0.2936,66.39764,226.15,66.39764,
2023-10-16 08:40:00+00:00,0.2935,0.2937,0.2937,0.2935,226.15,0.2936,66.39764,226.15,66.39764,
2023-10-16 08:45:00+00:00,0.2934,0.2937,0.2937,0.2934,155.31,0.29355,45.5912505,155.31,45.5912505,
2023-10-16 08:50:00+00:00,0.2934,0.2937,0.2937,0.2934,155.31,0.29355,45.5912505,155.31,45.5912505,
2023-10-16 08:55:00+00:00,0.2931,0.2937,0.2937,0.2931,982.99,0.2934,288.409266,982.99,288.409266,
2023-10-16 09:00:00+00:00,0.2931,0.2937,0.2937,0.2931,982.99,0.2934,288.409266,982.99,288.409266,
2023-10-16 09:05:00+00:00,0.2927,0.293,0.293,0.2928,1066.58,0.292875,312.3746175,1066.58,312.3746175,
2023-10-16 09:10:00+00:00,0.2926,0.2928,0.2927,0.2928,493.81,0.292725,144.55053225,493.81,144.55053225,
2023-10-16 09:15:00+00:00,0.2926,0.2928,0.2927,0.2928,493.81,0.292725,144.55053225,493.81,144.55053225,
2023-10-16 09:20:00+00:00,0.2924,0.2931,0.293,0.2924,1948.58,0.292725,570.3980805,1948.58,570.3980805,
2023-10-16 09:25:00+00:00,0.2924,0.2931,0.293,0.2924,1948.58,0.292725,570.3980805,1948.58,570.3980805,
2023-10-16 09:30:00+00:00,0.2928,0.2931,0.2928,0.2931,606.52,0.29295,177.680034,606.52,177.680034,
2023-10-16 09:35:00+00:00,0.2931,0.2934,0.2931,0.2934,568.53,0.29325,166.7214225,568.53,166.7214225,
2023-10-16 09:40:00+00:00,0.2931,0.2934,0.2931,0.2934,568.53,0.29325,166.7214225,568.53,166.7214225,
2023-10-16 09:45:00+00:00,0.2934,0.2936,0.2934,0.2936,414.92,0.2935,121.77902,414.92,121.77902,
2023-10-16 09:50:00+00:00,0.2934,0.2936,0.2934,0.2936,414.92,0.2935,121.77902,414.92,121.77902,
2023-10-16 09:55:00+00:00,0.2934,0.294,0.2935,0.294,12559.85,0.293725,3689.14194125,12559.85,3689.14194125,
2023-10-16 10:00:00+00:00,0.2937,0.294,0.2937,0.294,170.17,0.29385,50.0044545,170.17,50.0044545,
2023-10-16 10:05:00+00:00,0.294,0.2943,0.2942,0.2943,3711.88,0.2942,1092.035096,3711.88,1092.035096,
2023-10-16 10:10:00+00:00,0.294,0.2943,0.2942,0.2943,3711.88,0.2942,1092.035096,3711.88,1092.035096,
2023-10-16 10:15:00+00:00,0.2935,0.2941,0.2941,0.2938,5181.52,0.293875,1522.71919,5181.52,1522.71919,
2023-10-16 10:20:00+00:00,0.2935,0.2941,0.2941,0.2938,5181.52,0.293875,1522.71919,5181.52,1522.71919,
2023-10-16 10:25:00+00:00,0.2935,0.294,0.2935,0.294,2358.99,0.29375,692.9533125,2358.99,692.9533125,
2023-10-16 10:30:00+00:00,0.2935,0.294,0.2935,0.294,2358.99,0.29375,692.9533125,2358.99,692.9533125,
2023-10-16 10:35:00+00:00,0.2942,0.2943,0.2942,0.2943,834.06,0.29425,245.422155,834.06,245.422155,
2023-10-16 10:40:00+00:00,0.2942,0.2943,0.2942,0.2943,834.06,0.29425,245.422155,834.06,245.422155,
2023-10-16 10:45:00+00:00,0.2939,0.294,0.294,0.294,885.79,0.293975,260.40011525,885.79,260.40011525,
2023-10-16 10:50:00+00:00,0.2935,0.294,0.2937,0.2935,5932.62,0.293675,1742.2621785,5932.62,1742.2621785,
2023-10-16 10:55:00+00:00,0.2935,0.294,0.2937,0.2935,5932.62,0.293675,1742.2621785,5932.62,1742.2621785,
2023-10-16 11:00:00+00:00,0.2934,0.2934,0.2934,0.2934,85.21,0.2934,25.000614,85.21,25.000614,
2023-10-16 11:05:00+00:00,0.2934,0.2934,0.2934,0.2934,85.21,0.2934,25.000614,85.21,25.000614,
2023-10-16 11:10:00+00:00,0.2932,0.2934,0.2933,0.2932,295.24,0.293275,86.586511,295.24,86.586511,
2023-10-16 11:15:00+00:00,0.2932,0.2934,0.2933,0.2932,295.24,0.293275,86.586511,295.24,86.586511,
2023-10-16 11:20:00+00:00,0.2931,0.2934,0.2932,0.2931,928.71,0.2932,272.297772,928.71,272.297772,
2023-10-16 11:25:00+00:00,0.2931,0.2934,0.2932,0.2931,928.71,0.2932,272.297772,928.71,272.297772,
2023-10-16 11:30:00+00:00,0.2928,0.293,0.293,0.2928,88.88,0.2929,26.032952,88.88,26.032952,
2023-10-16 11:35:00+00:00,0.2927,0.2929,0.2927,0.2929,187.73,0.2928,54.967344,187.73,54.967344,
2023-10-16 11:40:00+00:00,0.2927,0.2929,0.2927,0.2929,187.73,0.2928,54.967344,187.73,54.967344,
2023-10-16 11:45:00+00:00,0.2927,0.293,0.293,0.2928,12.62,0.292875,3.6960825,12.62,3.6960825,
2023-10-16 11:50:00+00:00,0.2927,0.293,0.293,0.2928,12.62,0.292875,3.6960825,12.62,3.6960825,
2023-10-16 11:55:00+00:00,0.2928,0.293,0.293,0.293,159.46,0.29295,46.713807,159.46,46.713807,
2023-10-16 12:00:00+00:00,0.2927,0.2928,0.2928,0.2927,209.22,0.29275,61.249155,209.22,61.249155,
2023-10-16 12:05:00+00:00,0.2925,0.2931,0.2925,0.2931,1996.0,0.2928,584.4288,1996.0,584.4288,
2023-10-16 12:10:00+00:00,0.293,0.2932,0.2932,0.293,213.14,0.2931,62.471334,213.14,62.471334,
2023-10-16 12:15:00+00:00,0.2932,0.2934,0.2932,0.2934,2193.02,0.2933,643.212766,2193.02,643.212766,
2023-10-16 12:20:00+00:00,0.2932,0.2943,0.2933,0.2943,4918.33,0.293775,1444.88239575,4918.33,1444.88239575,
2023-10-16 12:25:00+00:00,0.2937,0.2943,0.2943,0.2939,2626.71,0.29405,772.3840755,2626.71,772.3840755,
2023-10-16 12:30:00+00:00,0.2937,0.2943,0.2939,0.2943,876.5,0.29405,257.734825,876.5,257.734825,
2023-10-16 12:35:00+00:00,0.2941,0.2943,0.2943,0.2941,46.73,0.2942,13.747966,46.73,13.747966,
2023-10-16 12:40:00+00:00,0.294,0.2943,0.294,0.2943,1860.46,0.29415,547.254309,1860.46,547.254309,
2023-10-16 12:45:00+00:00,0.294,0.2943,0.294,0.2943,1860.46,0.29415,547.254309,1860.46,547.254309,
2023-10-16 12:50:00+00:00,0.2941,0.2944,0.2942,0.2941,701.54,0.2942,206.393068,701.54,206.393068,
2023-10-16 12:55:00+00:00,0.2941,0.2942,0.2942,0.2942,1296.41,0.294175,381.37141175,1296.41,381.37141175,
2023-10-16 13:00:00+00:00,0.294,0.2943,0.2943,0.294,1974.1,0.29415,580.681515,1974.1,580.681515,
2023-10-16 13:05:00+00:00,0.2939,0.2944,0.2943,0.2939,2304.63,0.294125,677.84929875,2304.63,677.84929875,
2023-10-16 13:10:00+00:00,0.294,0.2943,0.294,0.2943,2437.17,0.29415,716.8935555,2437.17,716.8935555,
2023-10-16 13:15:00+00:00,0.294,0.2943,0.294,0.2943,381.74,0.29415,112.288821,381.74,112.288821,
2023-10-16 13:20:00+00:00,0.2943,0.2953,0.2944,0.2949,12610.28,0.294725,3716.564773,12610.28,3716.564773,
2023-10-16 13:25:00+00:00,0.2952,0.2998,0.2952,0.2998,39921.4,0.2975,11876.6165,39921.4,11876.6165,
2023-10-16 13:30:00+00:00,0.2985,0.3021,0.2999,0.2987,91209.99,0.2998,27344.755002,91209.99,27344.755002,
2023-10-16 13:35:00+00:00,0.2963,0.2985,0.2985,0.2976,8090.08,0.297725,2408.619068,8090.08,2408.619068,
2023-10-16 13:40:00+00:00,0.2932,0.2973,0.2973,0.2937,17715.38,0.295375,5232.6803675,17715.38,5232.6803675,
2023-10-16 13:45:00+00:00,0.2903,0.2952,0.2943,0.2909,11938.43,0.292675,3494.08000025,11938.43,3494.08000025,
2023-10-16 13:50:00+00:00,0.2906,0.2931,0.2906,0.2928,2003.93,0.291775,584.69667575,2003.93,584.69667575,
2023-10-16 13:55:00+00:00,0.2926,0.2934,0.2928,0.2934,4513.97,0.29305,1322.8189085,4513.97,1322.8189085,
2023-10-16 14:00:00+00:00,0.2928,0.2934,0.2931,0.2934,4420.65,0.293175,1296.02406375,4420.65,1296.02406375,
2023-10-16 14:05:00+00:00,0.2924,0.2931,0.293,0.2924,4644.01,0.292725,1359.41782725,4644.01,1359.41782725,
2023-10-16 14:10:00+00:00,0.2922,0.2931,0.2922,0.2928,2188.2,0.292575,640.212615,2188.2,640.212615,
2023-10-16 14:15:00+00:00,0.2931,0.2933,0.2931,0.2931,5466.09,0.29315,1602.3842835,5466.09,1602.3842835,
2023-10-16 14:20:00+00:00,0.2934,0.294,0.2934,0.294,10465.16,0.2937,3073.617492,10465.16,3073.617492,
2023-10-16 14:25:00+00:00,0.2935,0.2944,0.2937,0.2944,988.38,0.294,290.58372,988.38,290.58372,
2023-10-16 14:30:00+00:00,0.2942,0.2946,0.2945,0.2946,8110.06,0.294475,2388.2099185,8110.06,2388.2099185,
2023-10-16 14:35:00+00:00,0.294,0.2945,0.2943,0.294,1281.81,0.2942,377.108502,1281.81,377.108502,
2023-10-16 14:40:00+00:00,0.2941,0.2941,0.2941,0.2941,111.83,0.2941,32.889203,111.83,32.889203,
2023-10-16 14:45:00+00:00,0.2937,0.294,0.2937,0.2938,1476.36,0.2938,433.754568,1476.36,433.754568,
2023-10-16 14:50:00+00:00,0.294,0.2943,0.294,0.2943,1150.3,0.29415,338.360745,1150.3,338.360745,
2023-10-16 14:55:00+00:00,0.294,0.2944,0.2944,0.294,1263.51,0.2942,371.724642,1263.51,371.724642,
2023-10-16 15:00:00+00:00,0.2938,0.2943,0.2942,0.2943,2786.82,0.29415,819.743103,2786.82,819.743103,
2023-10-16 15:05:00+00:00,0.2935,0.2942,0.2942,0.2935,2411.56,0.29385,708.636906,2411.56,708.636906,
2023-10-16 15:10:00+00:00,0.2934,0.2938,0.2934,0.2938,11055.62,0.2936,3245.930032,11055.62,3245.930032,
2023-10-16 15:15:00+00:00,0.2931,0.2939,0.2939,0.2931,1244.6,0.2935,365.2901,1244.6,365.2901,
2023-10-16 15:20:00+00:00,0.2921,0.293,0.293,0.2926,11798.18,0.292675,3453.0323315,11798.18,3453.0323315,
2023-10-16 15:25:00+00:00,0.2926,0.2931,0.2926,0.2927,6672.84,0.29275,1953.47391,6672.84,1953.47391,
2023-10-16 15:30:00+00:00,0.2927,0.2931,0.2928,0.2927,2357.4,0.292825,690.305655,2357.4,690.305655,
2023-10-16 15:35:00+00:00,0.291,0.2924,0.2924,0.291,5980.85,0.2917,1744.613945,5980.85,1744.613945,
2023-10-16 15:40:00+00:00,0.2906,0.2909,0.2909,0.2908,5869.71,0.2908,1706.911668,5869.71,1706.911668,
2023-10-16 15:45:00+00:00,0.2907,0.291,0.2909,0.2907,5397.79,0.290825,1569.81227675,5397.79,1569.81227675,
2023-10-16 15:50:00+00:00,0.2906,0.2908,0.2907,0.2907,635.69,0.2907,184.795083,635.69,184.795083,
2023-10-16 15:55:00+00:00,0.2903,0.2906,0.2906,0.2903,28072.59,0.29045,8153.6837655,28072.59,8153.6837655,
2023-10-16 16:00:00+00:00,0.2902,0.2907,0.2902,0.2907,3629.31,0.29045,1054.1330895,3629.31,1054.1330895,
2023-10-16 16:05:00+00:00,0.2904,0.2908,0.2906,0.2908,2099.44,0.29065,610.202236,2099.44,610.202236,
2023-10-16 16:10:00+00:00,0.2907,0.2909,0.2908,0.2909,439.49,0.290825,127.81467925,439.49,127.81467925,
2023-10-16 16:15:00+00:00,0.2911,0.2911,0.2911,0.2911,1001.03,0.2911,291.399833,1001.03,291.399833,
2023-10-16 16:20:00+00:00,0.2911,0.2911,0.2911,0.2911,1001.03,0.2911,291.399833,1001.03,291.399833,
2023-10-16 16:25:00+00:00,0.2907,0.2912,0.2907,0.2912,2061.16,0.29095,599.694502,2061.16,599.694502,
2023-10-16 16:30:00+00:00,0.2908,0.2909,0.2909,0.2909,5001.84,0.290875,1454.91021,5001.84,1454.91021,
2023-10-16 16:35:00+00:00,0.2908,0.2912,0.291,0.2908,1313.65,0.29095,382.2064675,1313.65,382.2064675,
2023-10-16 16:40:00+00:00,0.2909,0.2911,0.2909,0.2911,1128.82,0.291,328.48662,1128.82,328.48662,
2023-10-16 16:45:00+00:00,0.2909,0.2911,0.2909,0.2911,1128.82,0.291,328.48662,1128.82,328.48662,
2023-10-16 16:50:00+00:00,0.2909,0.2909,0.2909,0.2909,134.38,0.2909,39.091142,134.38,39.091142,
2023-10-16 16:55:00+00:00,0.2909,0.2909,0.2909,0.2909,134.38,0.2909,39.091142,134.38,39.091142,
2023-10-16 17:00:00+00:00,0.2911,0.2913,0.2912,0.2911,201.13,0.291175,58.56402775,201.13,58.56402775,
2023-10-16 17:05:00+00:00,0.2913,0.2916,0.2913,0.2916,681.11,0.29145,198.5095095,681.11,198.5095095,
2023-10-16 17:10:00+00:00,0.2913,0.2918,0.2914,0.2917,1557.09,0.29155,453.9695895,1557.09,453.9695895,
2023-10-16 17:15:00+00:00,0.2916,0.2922,0.2916,0.2919,10710.46,0.291825,3125.5799895,10710.46,3125.5799895,
2023-10-16 17:20:00+00:00,0.2913,0.2917,0.2917,0.2913,1088.72,0.2915,317.36188,1088.72,317.36188,
2023-10-16 17:25:00+00:00,0.2903,0.2913,0.2913,0.2903,10495.14,0.2908,3051.986712,10495.14,3051.986712,
2023-10-16 17:30:00+00:00,0.2904,0.2906,0.2904,0.2906,819.84,0.2905,238.16352,819.84,238.16352,
2023-10-16 17:35:00+00:00,0.2904,0.2906,0.2905,0.2905,2714.16,0.2905,788.46348,2714.16,788.46348,
2023-10-16 17:40:00+00:00,0.2903,0.2907,0.2906,0.2906,1999.34,0.29055,580.908237,1999.34,580.908237,
2023-10-16 17:45:00+00:00,0.2906,0.2907,0.2906,0.2907,984.6,0.29065,286.17399,984.6,286.17399,
2023-10-16 17:50:00+00:00,0.2909,0.2912,0.2909,0.2912,644.06,0.29105,187.453663,644.06,187.453663,
2023-10-16 17:55:00+00:00,0.2909,0.2912,0.2909,0.2912,644.06,0.29105,187.453663,644.06,187.453663,
2023-10-16 18:00:00+00:00,0.2913,0.2919,0.2913,0.2917,4503.86,0.29155,1313.100383,4503.86,1313.100383,
2023-10-16 18:05:00+00:00,0.2917,0.2921,0.2917,0.2921,88.18,0.2919,25.739742,88.18,25.739742,
2023-10-16 18:10:00+00:00,0.2919,0.2922,0.2919,0.2921,2024.16,0.292025,591.105324,2024.16,591.105324,
2023-10-16 18:15:00+00:00,0.292,0.2924,0.2924,0.2924,1854.84,0.2923,542.169732,1854.84,542.169732,
2023-10-16 18:20:00+00:00,0.292,0.2924,0.2924,0.292,1766.31,0.2922,516.115782,1766.31,516.115782,
2023-10-16 18:25:00+00:00,0.292,0.2924,0.2921,0.2924,2361.99,0.292225,690.23252775,2361.99,690.23252775,
2023-10-16 18:30:00+00:00,0.2921,0.2922,0.2922,0.2921,3027.65,0.29215,884.5279475,3027.65,884.5279475,
2023-10-16 18:35:00+00:00,0.2923,0.2924,0.2923,0.2924,419.02,0.29235,122.500497,419.02,122.500497,
2023-10-16 18:40:00+00:00,0.2922,0.2925,0.2923,0.2925,2117.61,0.292375,619.13622375,2117.61,619.13622375,
2023-10-16 18:45:00+00:00,0.2927,0.2927,0.2927,0.2927,1679.64,0.2927,491.630628,1679.64,491.630628,
2023-10-16 18:50:00+00:00,0.2928,0.2931,0.2928,0.2929,2894.52,0.2929,847.804908,2894.52,847.804908,
2023-10-16 18:55:00+00:00,0.2928,0.2931,0.2928,0.2929,2894.52,0.2929,847.804908,2894.52,847.804908,
2023-10-16 19:00:00+00:00,0.293,0.294,0.293,0.294,494.82,0.2935,145.22967,494.82,145.22967,
2023-10-16 19:05:00+00:00,0.2939,0.294,0.294,0.2939,90.93,0.29395,26.7288735,90.93,26.7288735,
2023-10-16 19:10:00+00:00,0.2937,0.294,0.2937,0.294,16.34,0.29385,4.801509,16.34,4.801509,
2023-10-16 19:15:00+00:00,0.2937,0.2939,0.2937,0.2939,362.97,0.2938,106.640586,362.97,106.640586,
2023-10-16 19:20:00+00:00,0.2937,0.2939,0.2937,0.2939,362.97,0.2938,106.640586,362.97,106.640586,
2023-10-16 19:25:00+00:00,0.2937,0.294,0.294,0.2937,1848.97,0.29385,543.3198345,1848.97,543.3198345,
2023-10-16 19:30:00+00:00,0.2928,0.2937,0.2937,0.2928,4303.84,0.29325,1262.10108,4303.84,1262.10108,
2023-10-16 19:35:00+00:00,0.2927,0.2931,0.2929,0.2927,16113.62,0.29285,4718.873617,16113.62,4718.873617,
2023-10-16 19:40:00+00:00,0.2927,0.2928,0.2927,0.2927,813.92,0.292725,238.254732,813.92,238.254732,
2023-10-16 19:45:00+00:00,0.2928,0.293,0.2928,0.2928,3145.3,0.29285,921.101105,3145.3,921.101105,
2023-10-16 19:50:00+00:00,0.2925,0.293,0.2929,0.2925,4725.44,0.292725,1383.254424,4725.44,1383.254424,
2023-10-16 19:55:00+00:00,0.2924,0.2927,0.2925,0.2927,174.01,0.292575,50.91097575,174.01,50.91097575,
2023-10-16 20:00:00+00:00,0.2927,0.2928,0.2928,0.2927,771.71,0.29275,225.9181025,771.71,225.9181025,
2023-10-16 20:05:00+00:00,0.2927,0.2928,0.2928,0.2927,771.71,0.29275,225.9181025,771.71,225.9181025,
2023-10-16 20:10:00+00:00,0.2928,0.2931,0.2928,0.293,172.35,0.292925,50.48562375,172.35,50.48562375,
2023-10-16 20:15:00+00:00,0.2931,0.2933,0.2931,0.2933,634.77,0.2932,186.114564,634.77,186.114564,
2023-10-16 20:20:00+00:00,0.2934,0.2938,0.2934,0.2938,963.33,0.2936,282.833688,963.33,282.833688,
2023-10-16 20:25:00+00:00,0.2934,0.2936,0.2936,0.2934,291.47,0.2935,85.546445,291.47,85.546445,
2023-10-16 20:30:00+00:00,0.2931,0.2933,0.2933,0.2931,14.82,0.2932,4.345224,14.82,4.345224,
2023-10-16 20:35:00+00:00,0.2932,0.2935,0.2934,0.2933,1896.55,0.29335,556.3529425,1896.55,556.3529425,
2023-10-16 20:40:00+00:00,0.293,0.2933,0.2933,0.293,4429.64,0.29315,1298.548966,4429.64,1298.548966,
2023-10-16 20:45:00+00:00,0.2928,0.2931,0.2929,0.2929,1864.9,0.292925,546.2758325,1864.9,546.2758325,
2023-10-16 20:50:00+00:00,0.2924,0.2927,0.2927,0.2924,244.88,0.29255,71.639644,244.88,71.639644,
2023-10-16 20:55:00+00:00,0.2924,0.2927,0.2927,0.2924,244.88,0.29255,71.639644,244.88,71.639644,
2023-10-16 21:00:00+00:00,0.2923,0.2927,0.2927,0.2923,760.72,0.2925,222.5106,760.72,222.5106,
2023-10-16 21:05:00+00:00,0.2917,0.2924,0.2924,0.2917,1523.93,0.29205,445.0637565,1523.93,445.0637565,
2023-10-16 21:10:00+00:00,0.2918,0.2924,0.2918,0.2924,174.14,0.2921,50.866294,174.14,50.866294,
2023-10-16 21:15:00+00:00,0.2925,0.2926,0.2925,0.2926,918.31,0.29255,268.6515905,918.31,268.6515905,
2023-10-16 21:20:00+00:00,0.2927,0.2928,0.2927,0.2928,612.68,0.29275,179.36207,612.68,179.36207,
2023-10-16 21:25:00+00:00,0.2929,0.2932,0.2929,0.2932,1798.52,0.29305,527.056286,1798.52,527.056286,
2023-10-16 21:30:00+00:00,0.2928,0.2931,0.2931,0.2928,514.09,0.29295,150.6026655,514.09,150.6026655,
2023-10-16 21:35:00+00:00,0.2928,0.2931,0.2931,0.2928,514.09,0.29295,150.6026655,514.09,150.6026655,
2023-10-16 21:40:00+00:00,0.2928,0.2931,0.2931,0.2928,514.09,0.29295,150.6026655,514.09,150.6026655,
2023-10-16 21:45:00+00:00,0.2929,0.293,0.2929,0.293,1501.7,0.29295,439.923015,1501.7,439.923015,
2023-10-16 21:50:00+00:00,0.2928,0.293,0.2928,0.293,181.63,0.2929,53.199427,181.63,53.199427,
2023-10-16 21:55:00+00:00,0.2929,0.2931,0.2929,0.2931,997.17,0.293,292.17081,997.17,292.17081,
2023-10-16 22:00:00+00:00,0.2933,0.2936,0.2933,0.2935,3328.72,0.293425,976.729666,3328.72,976.729666,
2023-10-16 22:05:00+00:00,0.2933,0.2934,0.2933,0.2934,1872.34,0.29335,549.250939,1872.34,549.250939,
2023-10-16 22:10:00+00:00,0.2937,0.2938,0.2937,0.2938,168.7,0.29375,49.555625,168.7,49.555625,
2023-10-16 22:15:00+00:00,0.2937,0.2938,0.2937,0.2938,168.7,0.29375,49.555625,168.7,49.555625,
2023-10-16 22:20:00+00:00,0.2934,0.294,0.2934,0.2937,5908.86,0.293625,1734.9890175,5908.86,1734.9890175,
2023-10-16 22:25:00+00:00,0.2934,0.294,0.2934,0.2937,5908.86,0.293625,1734.9890175,5908.86,1734.9890175,
2023-10-16 22:30:00+00:00,0.2934,0.294,0.2934,0.2937,5908.86,0.293625,1734.9890175,5908.86,1734.9890175,
2023-10-16 22:35:00+00:00,0.294,0.2942,0.294,0.2942,121.09,0.2941,35.612569,121.09,35.612569,
2023-10-16 22:40:00+00:00,0.2941,0.2947,0.2941,0.2947,1480.51,0.2944,435.862144,1480.51,435.862144,
2023-10-16 22:45:00+00:00,0.2944,0.2946,0.2946,0.2944,1033.74,0.2945,304.43643,1033.74,304.43643,
2023-10-16 22:50:00+00:00,0.2941,0.2943,0.2943,0.2941,723.18,0.2942,212.759556,723.18,212.759556,
2023-10-16 22:55:00+00:00,0.294,0.2948,0.294,0.2946,1933.12,0.29435,569.013872,1933.12,569.013872,
2023-10-16 23:00:00+00:00,0.2944,0.2944,0.2944,0.2944,1479.14,0.2944,435.458816,1479.14,435.458816,
2023-10-16 23:05:00+00:00,0.2943,0.2948,0.2946,0.2945,6856.53,0.29455,2019.5909115,6856.53,2019.5909115,
2023-10-16 23:10:00+00:00,0.2942,0.2946,0.2945,0.2942,2585.45,0.294375,761.09184375,2585.45,761.09184375,
2023-10-16 23:15:00+00:00,0.294,0.2941,0.2941,0.294,138.24,0.29405,40.649472,138.24,40.649472,
2023-10-16 23:20:00+00:00,0.2938,0.294,0.294,0.2938,80.49,0.2939,23.656011,80.49,23.656011,
2023-10-16 23:25:00+00:00,0.2938,0.294,0.294,0.2938,80.49,0.2939,23.656011,80.49,23.656011,
2023-10-16 23:30:00+00:00,0.2938,0.2941,0.2938,0.2939,1672.75,0.2939,491.621225,1672.75,491.621225,
2023-10-16 23:35:00+00:00,0.2939,0.294,0.2939,0.294,51.34,0.29395,15.091393,51.34,15.091393,
2023-10-16 23:40:00+00:00,0.2939,0.294,0.2939,0.294,51.34,0.29395,15.091393,51.34,15.091393,
2023-10-16 23:45:00+00:00,0.294,0.2943,0.2943,0.294,1177.18,0.29415,346.267497,1177.18,346.267497,
2023-10-16 23:50:00+00:00,0.2937,0.294,0.294,0.2937,193.67,0.29385,56.9099295,193.67,56.9099295,
2023-10-16 23:55:00+00:00,0.2935,0.2937,0.2935,0.2937,271.64,0.2936,79.753504,271.64,79.753504,
2023-10-17 00:00:00+00:00,0.2935,0.2937,0.2935,0.2937,271.64,0.2936,79.753504,271.64,79.753504,
2023-10-17 00:05:00+00:00,0.2931,0.2934,0.2934,0.2934,286.15,0.293325,83.93494875,286.15,83.93494875,
2023-10-17 00:10:00+00:00,0.2931,0.2934,0.2934,0.2934,286.15,0.293325,83.93494875,286.15,83.93494875,
2023-10-17 00:15:00+00:00,0.2931,0.2934,0.2933,0.2934,787.63,0.2933,231.011879,787.63,231.011879,
2023-10-17 00:20:00+00:00,0.2933,0.2934,0.2934,0.2933,126.39,0.29335,37.0765065,126.39,37.0765065,
2023-10-17 00:25:00+00:00,0.2928,0.2936,0.2936,0.293,9403.14,0.29325,2757.470805,9403.14,2757.470805,
2023-10-17 00:30:00+00:00,0.2931,0.2934,0.2931,0.2934,891.75,0.29325,261.5056875,891.75,261.5056875,
2023-10-17 00:35:00+00:00,0.2928,0.2931,0.2931,0.2928,608.81,0.29295,178.3508895,608.81,178.3508895,
2023-10-17 00:40:00+00:00,0.2928,0.2928,0.2928,0.2928,1238.93,0.2928,362.758704,1238.93,362.758704,
2023-10-17 00:45:00+00:00,0.2928,0.2928,0.2928,0.2928,1238.93,0.2928,362.758704,1238.93,362.758704,
2023-10-17 00:50:00+00:00,0.2924,0.2927,0.2927,0.2924,94.99,0.29255,27.7893245,94.99,27.7893245,
2023-10-17 00:55:00+00:00,0.2921,0.2927,0.2924,0.2927,206.35,0.292475,60.35221625,206.35,60.35221625,
2023-10-17 01:00:00+00:00,0.2928,0.2929,0.2928,0.2929,1159.45,0.29285,339.5449325,1159.45,339.5449325,
2023-10-17 01:05:00+00:00,0.2928,0.293,0.2929,0.293,5966.29,0.292925,1747.67549825,5966.29,1747.67549825,
2023-10-17 01:10:00+00:00,0.2929,0.293,0.293,0.2929,698.39,0.29295,204.5933505,698.39,204.5933505,
2023-10-17 01:15:00+00:00,0.2927,0.2927,0.2927,0.2927,1199.19,0.2927,351.002913,1199.19,351.002913,
2023-10-17 01:20:00+00:00,0.2927,0.2928,0.2928,0.2927,4220.06,0.29275,1235.422565,4220.06,1235.422565,
2023-10-17 01:25:00+00:00,0.2927,0.2929,0.2927,0.2929,2188.34,0.2928,640.745952,2188.34,640.745952,
2023-10-17 01:30:00+00:00,0.2927,0.2928,0.2927,0.2928,1939.26,0.29275,567.718365,1939.26,567.718365,
2023-10-17 01:35:00+00:00,0.2922,0.2928,0.2928,0.2925,9820.42,0.292575,2873.2093815,9820.42,2873.2093815,
2023-10-17 01:40:00+00:00,0.2926,0.2931,0.2926,0.2931,1650.79,0.29285,483.4338515,1650.79,483.4338515,
2023-10-17 01:45:00+00:00,0.2929,0.293,0.2929,0.293,317.12,0.29295,92.900304,317.12,92.900304,
2023-10-17 01:50:00+00:00,0.2927,0.2928,0.2928,0.2927,716.71,0.29275,209.8168525,716.71,209.8168525,
2023-10-17 01:55:00+00:00,0.2924,0.2926,0.2926,0.2925,811.22,0.292525,237.3021305,811.22,237.3021305,
2023-10-17 02:00:00+00:00,0.292,0.2922,0.2922,0.292,651.26,0.2921,190.233046,651.26,190.233046,
2023-10-17 02:05:00+00:00,0.2919,0.2921,0.2921,0.2919,1536.99,0.292,448.80108,1536.99,448.80108,
2023-10-17 02:10:00+00:00,0.2917,0.2918,0.2918,0.2917,89.32,0.29175,26.05911,89.32,26.05911,
2023-10-17 02:15:00+00:00,0.2913,0.2918,0.2916,0.2916,29946.13,0.291575,8731.54285475,29946.13,8731.54285475,
2023-10-17 02:20:00+00:00,0.291,0.2915,0.2914,0.2915,1628.09,0.29135,474.3440215,1628.09,474.3440215,
2023-10-17 02:25:00+00:00,0.2913,0.2917,0.2914,0.2917,2213.71,0.291525,645.35180775,2213.71,645.35180775,
2023-10-17 02:30:00+00:00,0.2918,0.2921,0.2918,0.2921,789.5,0.29195,230.494525,789.5,230.494525,
2023-10-17 02:35:00+00:00,0.2924,0.2925,0.2924,0.2925,290.65,0.29245,85.0005925,290.65,85.0005925,
2023-10-17 02:40:00+00:00,0.2924,0.2928,0.2924,0.2927,17158.02,0.292575,5020.0077015,17158.02,5020.0077015,
2023-10-17 02:45:00+00:00,0.2926,0.2927,0.2926,0.2926,626.87,0.292625,183.43783375,626.87,183.43783375,
2023-10-17 02:50:00+00:00,0.2926,0.2927,0.2926,0.2926,626.87,0.292625,183.43783375,626.87,183.43783375,
2023-10-17 02:55:00+00:00,0.2927,0.2927,0.2927,0.2927,114.55,0.2927,33.528785,114.55,33.528785,
2023-10-17 03:00:00+00:00,0.2924,0.2927,0.2927,0.2924,210.52,0.29255,61.587626,210.52,61.587626,
2023-10-17 03:05:00+00:00,0.2924,0.2927,0.2927,0.2924,210.52,0.29255,61.587626,210.52,61.587626,
2023-10-17 03:10:00+00:00,0.2924,0.2924,0.2924,0.2924,217.98,0.2924,63.737352,217.98,63.737352,
2023-10-17 03:15:00+00:00,0.292,0.2924,0.2924,0.292,1191.05,0.2922,348.02481,1191.05,348.02481,
2023-10-17 03:20:00+00:00,0.2915,0.2918,0.2918,0.2915,205.4,0.29165,59.90491,205.4,59.90491,
2023-10-17 03:25:00+00:00,0.2913,0.2915,0.2913,0.2915,250.05,0.2914,72.86457,250.05,72.86457,
2023-10-17 03:30:00+00:00,0.2915,0.2916,0.2915,0.2916,718.72,0.29155,209.542816,718.72,209.542816,
2023-10-17 03:35:00+00:00,0.2915,0.2917,0.2915,0.2916,27088.73,0.291575,7898.39644975,27088.73,7898.39644975,
2023-10-17 03:40:00+00:00,0.2916,0.2918,0.2916,0.2918,769.95,0.2917,224.594415,769.95,224.594415,
2023-10-17 03:45:00+00:00,0.2912,0.2916,0.2915,0.2912,860.18,0.291375,250.6349475,860.18,250.6349475,
2023-10-17 03:50:00+00:00,0.291,0.2914,0.291,0.2914,99.04,0.2912,28.840448,99.04,28.840448,
2023-10-17 03:55:00+00:00,0.2909,0.2914,0.2914,0.2909,142.81,0.29115,41.5791315,142.81,41.5791315,
2023-10-17 04:00:00+00:00,0.2906,0.2908,0.2906,0.2908,164.4,0.2907,47.79108,164.4,47.79108,
2023-10-17 04:05:00+00:00,0.2904,0.2908,0.2908,0.2908,2745.96,0.2907,798.250572,2745.96,798.250572,
2023-10-17 04:10:00+00:00,0.2908,0.2911,0.2909,0.2908,1817.67,0.2909,528.760203,1817.67,528.760203,
2023-10-17 04:15:00+00:00,0.2912,0.2915,0.2912,0.2915,511.74,0.29135,149.095449,511.74,149.095449,
2023-10-17 04:20:00+00:00,0.2912,0.2915,0.2912,0.2915,511.74,0.29135,149.095449,511.74,149.095449,
2023-10-17 04:25:00+00:00,0.2917,0.2918,0.2917,0.2918,847.2,0.29175,247.1706,847.2,247.1706,
2023-10-17 04:30:00+00:00,0.2915,0.2918,0.2918,0.2917,7485.35,0.2917,2183.476595,7485.35,2183.476595,
2023-10-17 04:35:00+00:00,0.2918,0.292,0.2918,0.2919,4909.6,0.291875,1432.9895,4909.6,1432.9895,
2023-10-17 04:40:00+00:00,0.2918,0.292,0.2918,0.2919,4909.6,0.291875,1432.9895,4909.6,1432.9895,
2023-10-17 04:45:00+00:00,0.2915,0.2918,0.2918,0.2915,438.86,0.29165,127.993519,438.86,127.993519,
2023-10-17 04:50:00+00:00,0.2918,0.2921,0.2918,0.2921,2353.64,0.29195,687.145198,2353.64,687.145198,
2023-10-17 04:55:00+00:00,0.2918,0.2921,0.2921,0.2918,1974.38,0.29195,576.420241,1974.38,576.420241,
2023-10-17 05:00:00+00:00,0.2918,0.2922,0.2918,0.2922,4324.02,0.292,1262.61384,4324.02,1262.61384,
2023-10-17 05:05:00+00:00,0.292,0.2921,0.2921,0.292,1257.25,0.29205,367.1798625,1257.25,367.1798625,
2023-10-17 05:10:00+00:00,0.2916,0.2918,0.2918,0.2918,196.95,0.29175,57.4601625,196.95,57.4601625,
2023-10-17 05:15:00+00:00,0.2916,0.2918,0.2918,0.2918,196.95,0.29175,57.4601625,196.95,57.4601625,
2023-10-17 05:20:00+00:00,0.2916,0.2918,0.2918,0.2918,196.95,0.29175,57.4601625,196.95,57.4601625,
2023-10-17 05:25:00+00:00,0.2916,0.2917,0.2916,0.2917,621.0,0.29165,181.11465,621.0,181.11465,
2023-10-17 05:30:00+00:00,0.2916,0.2917,0.2916,0.2917,621.0,0.29165,181.11465,621.0,181.11465,
2023-10-17 05:35:00+00:00,0.2913,0.2915,0.2915,0.2913,90.58,0.2914,26.395012,90.58,26.395012,
2023-10-17 05:40:00+00:00,0.2913,0.2914,0.2913,0.2914,10.9,0.29135,3.175715,10.9,3.175715,
2023-10-17 05:45:00+00:00,0.2913,0.2914,0.2913,0.2914,10.9,0.29135,3.175715,10.9,3.175715,
2023-10-17 05:50:00+00:00,0.2913,0.2914,0.2913,0.2914,10.9,0.29135,3.175715,10.9,3.175715,
2023-10-17 05:55:00+00:00,0.2913,0.2915,0.2914,0.2913,456.56,0.291375,133.03017,456.56,133.03017,
2023-10-17 06:00:00+00:00,0.2913,0.2915,0.2914,0.2913,456.56,0.291375,133.03017,456.56,133.03017,
2023-10-17 06:05:00+00:00,0.2909,0.2912,0.2912,0.2912,34972.87,0.291125,10181.47677875,34972.87,10181.47677875,
2023-10-17 06:10:00+00:00,0.291,0.2912,0.291,0.2912,1219.39,0.2911,354.964429,1219.39,354.964429,
2023-10-17 06:15:00+00:00,0.291,0.2912,0.291,0.2912,1219.39,0.2911,354.964429,1219.39,354.964429,
2023-10-17 06:20:00+00:00,0.2908,0.2911,0.2911,0.2908,17466.14,0.29095,5081.773433,17466.14,5081.773433,
2023-10-17 06:25:00+00:00,0.2906,0.2908,0.2908,0.2906,19623.31,0.2907,5704.496217,19623.31,5704.496217,
2023-10-17 06:30:00+00:00,0.2905,0.2909,0.2906,0.2909,4415.8,0.290725,1283.783455,4415.8,1283.783455,
2023-10-17 06:35:00+00:00,0.2905,0.2909,0.2906,0.2909,4415.8,0.290725,1283.783455,4415.8,1283.783455,
2023-10-17 06:40:00+00:00,0.2905,0.2909,0.2906,0.2909,4415.8,0.290725,1283.783455,4415.8,1283.783455,
2023-10-17 06:45:00+00:00,0.2908,0.2909,0.2909,0.2908,797.76,0.29085,232.028496,797.76,232.028496,
2023-10-17 06:50:00+00:00,0.2908,0.2909,0.2909,0.2908,797.76,0.29085,232.028496,797.76,232.028496,
2023-10-17 06:55:00+00:00,0.2907,0.2909,0.2907,0.2907,2075.58,0.29075,603.474885,2075.58,603.474885,
2023-10-17 07:00:00+00:00,0.2907,0.2911,0.2907,0.2911,2853.49,0.2909,830.080241,2853.49,830.080241,
2023-10-17 07:05:00+00:00,0.2911,0.2912,0.2912,0.2911,231.79,0.29115,67.4856585,231.79,67.4856585,
2023-10-17 07:10:00+00:00,0.2911,0.2913,0.2911,0.2911,1358.2,0.29115,395.43993,1358.2,395.43993,
2023-10-17 07:15:00+00:00,0.2911,0.2913,0.2911,0.2913,62.92,0.2912,18.322304,62.92,18.322304,
2023-10-17 07:20:00+00:00,0.2911,0.2913,0.2913,0.2911,888.09,0.2912,258.611808,888.09,258.611808,
2023-10-17 07:25:00+00:00,0.2909,0.2912,0.2912,0.2909,578.01,0.29105,168.2298105,578.01,168.2298105,
2023-10-17 07:30:00+00:00,0.2905,0.2908,0.2906,0.2907,1063.17,0.29065,309.0103605,1063.17,309.0103605,
2023-10-17 07:35:00+00:00,0.2905,0.2908,0.2906,0.2907,1063.17,0.29065,309.0103605,1063.17,309.0103605,
2023-10-17 07:40:00+00:00,0.2909,0.2915,0.2909,0.2915,2114.36,0.2912,615.701632,2114.36,615.701632,
2023-10-17 07:45:00+00:00,0.2914,0.2915,0.2914,0.2915,188.28,0.29145,54.874206,188.28,54.874206,
2023-10-17 07:50:00+00:00,0.2917,0.2918,0.2918,0.2917,2791.64,0.29175,814.46097,2791.64,814.46097,
2023-10-17 07:55:00+00:00,0.2913,0.2916,0.2916,0.2913,870.51,0.29145,253.7101395,870.51,253.7101395,
2023-10-17 08:00:00+00:00,0.2912,0.2918,0.2912,0.2918,2742.12,0.2915,799.32798,2742.12,799.32798,
2023-10-17 08:05:00+00:00,0.2916,0.2918,0.2917,0.2916,124.71,0.291675,36.37478925,124.71,36.37478925,
2023-10-17 08:10:00+00:00,0.2915,0.2917,0.2917,0.2915,1114.27,0.2916,324.921132,1114.27,324.921132,
2023-10-17 08:15:00+00:00,0.2912,0.2914,0.2914,0.2913,96.35,0.291325,28.06916375,96.35,28.06916375,
2023-10-17 08:20:00+00:00,0.2913,0.2915,0.2915,0.2915,1804.87,0.29145,526.0293615,1804.87,526.0293615,
2023-10-17 08:25:00+00:00,0.2916,0.2917,0.2916,0.2917,1382.27,0.29165,403.1390455,1382.27,403.1390455,
2023-10-17 08:30:00+00:00,0.2916,0.2918,0.2918,0.2916,2444.3,0.2917,713.00231,2444.3,713.00231,
2023-10-17 08:35:00+00:00,0.292,0.2922,0.292,0.2922,109.4,0.2921,31.95574,109.4,31.95574,
2023-10-17 08:40:00+00:00,0.2918,0.2921,0.2918,0.2921,105.68,0.29195,30.853276,105.68,30.853276,
2023-10-17 08:45:00+00:00,0.2919,0.2922,0.292,0.2922,2158.1,0.292075,630.3270575,2158.1,630.3270575,
2023-10-17 08:50:00+00:00,0.2922,0.2925,0.2922,0.2925,1085.48,0.29235,317.340078,1085.48,317.340078,
2023-10-17 08:55:00+00:00,0.2923,0.2924,0.2923,0.2924,791.05,0.29235,231.2634675,791.05,231.2634675,
2023-10-17 09:00:00+00:00,0.2921,0.2922,0.2922,0.2922,445.3,0.292175,130.1055275,445.3,130.1055275,
2023-10-17 09:05:00+00:00,0.2921,0.2922,0.2922,0.2922,445.3,0.292175,130.1055275,445.3,130.1055275,
2023-10-17 09:10:00+00:00,0.2918,0.292,0.292,0.2918,311.85,0.2919,91.029015,311.85,91.029015,
2023-10-17 09:15:00+00:00,0.2916,0.2917,0.2917,0.2916,312.96,0.29165,91.274784,312.96,91.274784,
2023-10-17 09:20:00+00:00,0.2916,0.2917,0.2917,0.2916,6142.65,0.29165,1791.5038725,6142.65,1791.5038725,
2023-10-17 09:25:00+00:00,0.2916,0.2918,0.2917,0.2918,1172.47,0.291725,342.03881075,1172.47,342.03881075,
2023-10-17 09:30:00+00:00,0.2919,0.2921,0.292,0.292,675.04,0.292,197.11168,675.04,197.11168,
2023-10-17 09:35:00+00:00,0.2919,0.2921,0.292,0.292,675.04,0.292,197.11168,675.04,197.11168,
2023-10-17 09:40:00+00:00,0.2919,0.2921,0.292,0.292,675.04,0.292,197.11168,675.04,197.11168,
2023-10-17 09:45:00+00:00,0.2919,0.2922,0.292,0.2922,14.69,0.292075,4.29058175,14.69,4.29058175,
2023-10-17 09:50:00+00:00,0.2919,0.2922,0.292,0.2922,14.69,0.292075,4.29058175,14.69,4.29058175,
2023-10-17 09:55:00+00:00,0.2919,0.2922,0.292,0.2922,14.69,0.292075,4.29058175,14.69,4.29058175,
2023-10-17 10:00:00+00:00,0.292,0.2924,0.292,0.2924,147.42,0.2922,43.076124,147.42,43.076124,
2023-10-17 10:05:00+00:00,0.2923,0.2924,0.2924,0.2923,5.71,0.29235,1.6693185,5.71,1.6693185,
2023-10-17 10:10:00+00:00,0.2923,0.2924,0.2924,0.2923,5.71,0.29235,1.6693185,5.71,1.6693185,
2023-10-17 10:15:00+00:00,0.2923,0.2924,0.2924,0.2923,5.71,0.29235,1.6693185,5.71,1.6693185,
2023-10-17 10:20:00+00:00,0.2923,0.2928,0.2927,0.2923,568.92,0.292525,166.423323,568.92,166.423323,
2023-10-17 10:25:00+00:00,0.2921,0.2923,0.2923,0.2921,597.26,0.2922,174.519372,597.26,174.519372,
2023-10-17 10:30:00+00:00,0.2915,0.2918,0.2918,0.2918,1262.4,0.291725,368.27364,1262.4,368.27364,
2023-10-17 10:35:00+00:00,0.2915,0.2918,0.2918,0.2918,1262.4,0.291725,368.27364,1262.4,368.27364,
2023-10-17 10:40:00+00:00,0.2918,0.2919,0.2918,0.2919,1064.22,0.29185,310.592607,1064.22,310.592607,
2023-10-17 10:45:00+00:00,0.2918,0.2919,0.2919,0.2918,32713.0,0.29185,9547.28905,32713.0,9547.28905,
2023-10-17 10:50:00+00:00,0.2915,0.2918,0.2918,0.2915,36569.77,0.29165,10665.5734205,36569.77,10665.5734205,
2023-10-17 10:55:00+00:00,0.2911,0.2915,0.2915,0.2911,1300.98,0.2913,378.975474,1300.98,378.975474,
2023-10-17 11:00:00+00:00,0.2911,0.2915,0.2915,0.2911,1300.98,0.2913,378.975474,1300.98,378.975474,
2023-10-17 11:05:00+00:00,0.2912,0.2914,0.2912,0.2913,2527.25,0.291275,736.12474375,2527.25,736.12474375,
2023-10-17 11:10:00+00:00,0.2912,0.2914,0.2913,0.2912,1145.19,0.291275,333.56521725,1145.19,333.56521725,
2023-10-17 11:15:00+00:00,0.2912,0.2914,0.2913,0.2912,1145.19,0.291275,333.56521725,1145.19,333.56521725,
2023-10-17 11:20:00+00:00,0.2912,0.2913,0.2912,0.2913,40.49,0.29125,11.7927125,40.49,11.7927125,
2023-10-17 11:25:00+00:00,0.2912,0.2913,0.2912,0.2913,21.09,0.29125,6.1424625,21.09,6.1424625,
2023-10-17 11:30:00+00:00,0.291,0.2913,0.2911,0.2913,6585.78,0.291175,1917.6144915,6585.78,1917.6144915,
2023-10-17 11:35:00+00:00,0.2913,0.2914,0.2914,0.2913,452.34,0.29135,131.789259,452.34,131.789259,
2023-10-17 11:40:00+00:00,0.291,0.2913,0.291,0.2911,276.57,0.2911,80.509527,276.57,80.509527,
2023-10-17 11:45:00+00:00,0.2912,0.2915,0.2912,0.2915,7.93,0.29135,2.3104055,7.93,2.3104055,
2023-10-17 11:50:00+00:00,0.2912,0.2914,0.2914,0.2912,346.07,0.2913,100.810191,346.07,100.810191,
2023-10-17 11:55:00+00:00,0.291,0.2913,0.2912,0.291,9685.73,0.291125,2819.75814625,9685.73,2819.75814625,
2023-10-17 12:00:00+00:00,0.291,0.2912,0.2912,0.291,3009.6,0.2911,876.09456,3009.6,876.09456,
2023-10-17 12:05:00+00:00,0.2909,0.2909,0.2909,0.2909,85.95,0.2909,25.002855,85.95,25.002855,
2023-10-17 12:10:00+00:00,0.2906,0.2907,0.2906,0.2907,754.46,0.29065,219.283799,754.46,219.283799,
2023-10-17 12:15:00+00:00,0.2906,0.291,0.2909,0.2908,699.81,0.290825,203.52224325,699.81,203.52224325,
2023-10-17 12:20:00+00:00,0.2905,0.2908,0.2908,0.2905,1755.82,0.29065,510.329083,1755.82,510.329083,
2023-10-17 12:25:00+00:00,0.29,0.2904,0.2903,0.29,23181.7,0.290175,6726.7497975,23181.7,6726.7497975,
2023-10-17 12:30:00+00:00,0.2896,0.29,0.2899,0.2896,1114.32,0.289775,322.902078,1114.32,322.902078,
2023-10-17 12:35:00+00:00,0.289,0.2894,0.2894,0.2894,84202.4,0.2893,24359.75432,84202.4,24359.75432,
2023-10-17 12:40:00+00:00,0.2891,0.2895,0.2892,0.2891,1443.45,0.289225,417.48182625,1443.45,417.48182625,
2023-10-17 12:45:00+00:00,0.2891,0.2899,0.2891,0.2899,2197.61,0.2895,636.208095,2197.61,636.208095,
2023-10-17 12:50:00+00:00,0.2893,0.2897,0.2897,0.2893,2561.5,0.2895,741.55425,2561.5,741.55425,
2023-10-17 12:55:00+00:00,0.2882,0.2892,0.2892,0.2882,23224.49,0.2887,6704.910263,23224.49,6704.910263,
2023-10-17 13:00:00+00:00,0.2879,0.2885,0.2879,0.2885,260.25,0.2882,75.00405,260.25,75.00405,
2023-10-17 13:05:00+00:00,0.2888,0.2891,0.2888,0.289,10065.6,0.288925,2908.20348,10065.6,2908.20348,
2023-10-17 13:10:00+00:00,0.2888,0.2891,0.289,0.289,3555.86,0.288975,1027.5546435,3555.86,1027.5546435,
2023-10-17 13:15:00+00:00,0.2888,0.2891,0.289,0.289,3555.86,0.288975,1027.5546435,3555.86,1027.5546435,
2023-10-17 13:20:00+00:00,0.2889,0.2891,0.289,0.289,3105.52,0.289,897.49528,3105.52,897.49528,
2023-10-17 13:25:00+00:00,0.2885,0.2888,0.2888,0.2885,2324.03,0.28865,670.8312595,2324.03,670.8312595,
2023-10-17 13:30:00+00:00,0.2885,0.2888,0.2885,0.2885,1717.44,0.288575,495.610248,1717.44,495.610248,
2023-10-17 13:35:00+00:00,0.2886,0.2888,0.2886,0.2886,864.61,0.28865,249.5696765,864.61,249.5696765,
2023-10-17 13:40:00+00:00,0.288,0.2885,0.2885,0.2881,4925.35,0.288275,1419.85527125,4925.35,1419.85527125,
2023-10-17 13:45:00+00:00,0.2834,0.2879,0.2879,0.2858,56149.68,0.28625,16072.8459,56149.68,16072.8459,
2023-10-17 13:50:00+00:00,0.2855,0.2864,0.2858,0.2864,7504.14,0.286025,2146.3716435,7504.14,2146.3716435,
2023-10-17 13:55:00+00:00,0.2861,0.2864,0.2861,0.2861,3931.0,0.286175,1124.953925,3931.0,1124.953925,
2023-10-17 14:00:00+00:00,0.2862,0.287,0.2862,0.2869,2564.73,0.286575,734.98749975,2564.73,734.98749975,
2023-10-17 14:05:00+00:00,0.2867,0.287,0.2869,0.2869,4328.43,0.286875,1241.71835625,4328.43,1241.71835625,
2023-10-17 14:10:00+00:00,0.2869,0.2873,0.2869,0.2873,4122.76,0.2871,1183.644396,4122.76,1183.644396,
2023-10-17 14:15:00+00:00,0.2868,0.2873,0.2872,0.287,1494.2,0.287075,428.947465,1494.2,428.947465,
2023-10-17 14:20:00+00:00,0.2867,0.287,0.287,0.2868,5832.95,0.286875,1673.32753125,5832.95,1673.32753125,
2023-10-17 14:25:00+00:00,0.2864,0.2869,0.2867,0.2864,2386.55,0.2866,683.98523,2386.55,683.98523,
2023-10-17 14:30:00+00:00,0.2862,0.2865,0.2864,0.2865,2278.69,0.2864,652.616816,2278.69,652.616816,
2023-10-17 14:35:00+00:00,0.2865,0.2873,0.2865,0.2873,1887.77,0.2869,541.601213,1887.77,541.601213,
2023-10-17 14:40:00+00:00,0.2864,0.2871,0.2871,0.2869,408.83,0.286875,117.28310625,408.83,117.28310625,
2023-10-17 14:45:00+00:00,0.2868,0.287,0.2868,0.287,1580.35,0.2869,453.402415,1580.35,453.402415,
2023-10-17 14:50:00+00:00,0.2868,0.287,0.2869,0.287,1177.5,0.286925,337.8541875,1177.5,337.8541875,
2023-10-17 14:55:00+00:00,0.2871,0.2873,0.2871,0.2873,200.35,0.2872,57.54052,200.35,57.54052,
2023-10-17 15:00:00+00:00,0.2872,0.2879,0.2872,0.2879,176.79,0.28755,50.8359645,176.79,50.8359645,
2023-10-17 15:05:00+00:00,0.2879,0.2882,0.2882,0.2879,1395.57,0.28805,401.9939385,1395.57,401.9939385,
2023-10-17 15:10:00+00:00,0.2878,0.2886,0.2878,0.2883,27106.2,0.288125,7809.973875,27106.2,7809.973875,
2023-10-17 15:15:00+00:00,0.2879,0.2882,0.2882,0.2882,3672.5,0.288125,1058.1390625,3672.5,1058.1390625,
2023-10-17 15:20:00+00:00,0.2885,0.2885,0.2885,0.2885,263.51,0.2885,76.022635,263.51,76.022635,
2023-10-17 15:25:00+00:00,0.2885,0.2885,0.2885,0.2885,263.51,0.2885,76.022635,263.51,76.022635,
2023-10-17 15:30:00+00:00,0.2883,0.2888,0.2883,0.2888,2245.69,0.28855,647.9938495,2245.69,647.9938495,
2023-10-17 15:35:00+00:00,0.2888,0.2889,0.2889,0.2888,679.02,0.28885,196.134927,679.02,196.134927,
2023-10-17 15:40:00+00:00,0.2888,0.2889,0.2889,0.2888,679.02,0.28885,196.134927,679.02,196.134927,
2023-10-17 15:45:00+00:00,0.2883,0.2885,0.2885,0.2885,3356.39,0.28845,968.1506955,3356.39,968.1506955,
2023-10-17 15:50:00+00:00,0.2883,0.2885,0.2885,0.2885,3356.39,0.28845,968.1506955,3356.39,968.1506955,
2023-10-17 15:55:00+00:00,0.2882,0.2885,0.2885,0.2882,373.96,0.28835,107.831366,373.96,107.831366,
2023-10-17 16:00:00+00:00,0.2881,0.2883,0.2881,0.2882,318.97,0.288175,91.91917975,318.97,91.91917975,
2023-10-17 16:05:00+00:00,0.2882,0.2883,0.2883,0.2882,984.05,0.28825,283.6524125,984.05,283.6524125,
2023-10-17 16:10:00+00:00,0.2882,0.2885,0.2882,0.2885,1956.19,0.28835,564.0673865,1956.19,564.0673865,
2023-10-17 16:15:00+00:00,0.2884,0.2888,0.2885,0.2886,1076.05,0.288575,310.52112875,1076.05,310.52112875,
2023-10-17 16:20:00+00:00,0.2889,0.2892,0.289,0.2889,6821.62,0.289,1971.44818,6821.62,1971.44818,
2023-10-17 16:25:00+00:00,0.2888,0.289,0.2889,0.2888,5681.41,0.288875,1641.21731375,5681.41,1641.21731375,
2023-10-17 16:30:00+00:00,0.2886,0.2888,0.2888,0.2886,936.12,0.2887,270.257844,936.12,270.257844,
2023-10-17 16:35:00+00:00,0.2888,0.2891,0.2888,0.2891,508.75,0.28895,147.0033125,508.75,147.0033125,
2023-10-17 16:40:00+00:00,0.2889,0.2891,0.2889,0.2891,588.35,0.289,170.03315,588.35,170.03315,
2023-10-17 16:45:00+00:00,0.2889,0.2891,0.2891,0.289,5002.87,0.289025,1445.95450175,5002.87,1445.95450175,
2023-10-17 16:50:00+00:00,0.2887,0.289,0.2889,0.2887,12440.47,0.288825,3593.11874775,12440.47,3593.11874775,
2023-10-17 16:55:00+00:00,0.2885,0.2885,0.2885,0.2885,86.66,0.2885,25.00141,86.66,25.00141,
2023-10-17 17:00:00+00:00,0.288,0.2884,0.2884,0.2883,182.44,0.288275,52.592891,182.44,52.592891,
2023-10-17 17:05:00+00:00,0.2882,0.2884,0.2883,0.2883,1202.03,0.2883,346.545249,1202.03,346.545249,
2023-10-17 17:10:00+00:00,0.2882,0.2884,0.2883,0.2883,1202.03,0.2883,346.545249,1202.03,346.545249,
2023-10-17 17:15:00+00:00,0.2878,0.288,0.2879,0.288,1463.66,0.287925,421.4243055,1463.66,421.4243055,
2023-10-17 17:20:00+00:00,0.2878,0.288,0.2879,0.2878,872.14,0.287875,251.0673025,872.14,251.0673025,
2023-10-17 17:25:00+00:00,0.2877,0.288,0.288,0.2877,1881.36,0.28785,541.549476,1881.36,541.549476,
2023-10-17 17:30:00+00:00,0.2876,0.2878,0.2877,0.2877,3637.64,0.2877,1046.549028,3637.64,1046.549028,
2023-10-17 17:35:00+00:00,0.2873,0.2878,0.2878,0.2873,1904.22,0.28755,547.558461,1904.22,547.558461,
2023-10-17 17:40:00+00:00,0.2871,0.2875,0.2873,0.2871,618.98,0.28725,177.802005,618.98,177.802005,
2023-10-17 17:45:00+00:00,0.2871,0.2875,0.2873,0.2871,618.98,0.28725,177.802005,618.98,177.802005,
2023-10-17 17:50:00+00:00,0.2873,0.2877,0.2876,0.2877,5180.12,0.287575,1489.673009,5180.12,1489.673009,
2023-10-17 17:55:00+00:00,0.2874,0.2875,0.2875,0.2874,335.35,0.28745,96.3963575,335.35,96.3963575,
2023-10-17 18:00:00+00:00,0.2871,0.2873,0.2873,0.2871,4007.24,0.2872,1150.879328,4007.24,1150.879328,
2023-10-17 18:05:00+00:00,0.2874,0.2875,0.2874,0.2875,6622.29,0.28745,1903.5772605,6622.29,1903.5772605,
2023-10-17 18:10:00+00:00,0.2873,0.2875,0.2874,0.2875,13453.34,0.287425,3866.8262495,13453.34,3866.8262495,
2023-10-17 18:15:00+00:00,0.2876,0.2876,0.2876,0.2876,667.07,0.2876,191.849332,667.07,191.849332,
2023-10-17 18:20:00+00:00,0.2874,0.2876,0.2876,0.2874,4068.79,0.2875,1169.777125,4068.79,1169.777125,
2023-10-17 18:25:00+00:00,0.2873,0.2875,0.2875,0.2873,144.58,0.2874,41.552292,144.58,41.552292,
2023-10-17 18:30:00+00:00,0.2873,0.2875,0.2875,0.2873,144.58,0.2874,41.552292,144.58,41.552292,
2023-10-17 18:35:00+00:00,0.2873,0.2875,0.2873,0.2875,2672.04,0.2874,767.944296,2672.04,767.944296,
2023-10-17 18:40:00+00:00,0.2873,0.2875,0.2873,0.2875,2672.04,0.2874,767.944296,2672.04,767.944296,
2023-10-17 18:45:00+00:00,0.2872,0.2874,0.2874,0.2872,1794.91,0.2873,515.677643,1794.91,515.677643,
2023-10-17 18:50:00+00:00,0.2854,0.2873,0.2872,0.2858,20292.03,0.286425,5812.14469275,20292.03,5812.14469275,
2023-10-17 18:55:00+00:00,0.2856,0.2861,0.2858,0.286,340.49,0.285875,97.33757875,340.49,97.33757875,
2023-10-17 19:00:00+00:00,0.2856,0.286,0.2859,0.286,1566.7,0.285875,447.8803625,1566.7,447.8803625,
2023-10-17 19:05:00+00:00,0.2859,0.2863,0.286,0.2859,10407.87,0.286025,2976.91101675,10407.87,2976.91101675,
2023-10-17 19:10:00+00:00,0.2858,0.2861,0.286,0.2861,3666.09,0.286,1048.50174,3666.09,1048.50174,
2023-10-17 19:15:00+00:00,0.2859,0.2864,0.2862,0.2864,39955.25,0.286225,11436.19143125,39955.25,11436.19143125,
2023-10-17 19:20:00+00:00,0.2865,0.2867,0.2865,0.2867,696.63,0.2866,199.654158,696.63,199.654158,
2023-10-17 19:25:00+00:00,0.2866,0.2868,0.2867,0.2866,2880.01,0.286675,825.62686675,2880.01,825.62686675,
2023-10-17 19:30:00+00:00,0.2867,0.287,0.2869,0.2867,2838.64,0.286825,814.192918,2838.64,814.192918,
2023-10-17 19:35:00+00:00,0.2868,0.287,0.2868,0.2869,1712.24,0.286875,491.19885,1712.24,491.19885,
2023-10-17 19:40:00+00:00,0.287,0.2873,0.2873,0.287,34.16,0.28715,9.809044,34.16,9.809044,
2023-10-17 19:45:00+00:00,0.287,0.287,0.287,0.287,814.51,0.287,233.76437,814.51,233.76437,
2023-10-17 19:50:00+00:00,0.2869,0.2873,0.2869,0.2871,318.32,0.28705,91.373756,318.32,91.373756,
2023-10-17 19:55:00+00:00,0.2869,0.2873,0.2869,0.2871,318.32,0.28705,91.373756,318.32,91.373756,
2023-10-17 20:00:00+00:00,0.287,0.2873,0.2871,0.287,8269.67,0.2871,2374.222257,8269.67,2374.222257,
2023-10-17 20:05:00+00:00,0.2869,0.287,0.2869,0.287,174.25,0.28695,50.0010375,174.25,50.0010375,
2023-10-17 20:10:00+00:00,0.2867,0.287,0.2869,0.2867,343.71,0.286825,98.58462075,343.71,98.58462075,
2023-10-17 20:15:00+00:00,0.2865,0.2866,0.2865,0.2866,266.4,0.28655,76.33692,266.4,76.33692,
2023-10-17 20:20:00+00:00,0.2866,0.2866,0.2866,0.2866,323.65,0.2866,92.75809,323.65,92.75809,
2023-10-17 20:25:00+00:00,0.2866,0.2867,0.2867,0.2866,1456.13,0.28665,417.3996645,1456.13,417.3996645,
2023-10-17 20:30:00+00:00,0.2865,0.2866,0.2866,0.2865,383.16,0.28655,109.794498,383.16,109.794498,
2023-10-17 20:35:00+00:00,0.2865,0.2865,0.2865,0.2865,394.1,0.2865,112.90965,394.1,112.90965,
2023-10-17 20:40:00+00:00,0.2864,0.2864,0.2864,0.2864,6.16,0.2864,1.764224,6.16,1.764224,
2023-10-17 20:45:00+00:00,0.2864,0.2864,0.2864,0.2864,6.16,0.2864,1.764224,6.16,1.764224,
2023-10-17 20:50:00+00:00,0.2861,0.2864,0.2864,0.2861,7600.91,0.28625,2175.7604875,7600.91,2175.7604875,
2023-10-17 20:55:00+00:00,0.2861,0.2863,0.2862,0.2861,369.81,0.286175,105.83037675,369.81,105.83037675,
2023-10-17 21:00:00+00:00,0.2859,0.2863,0.2863,0.286,25.26,0.286125,7.2275175,25.26,7.2275175,
2023-10-17 21:05:00+00:00,0.2861,0.2866,0.2861,0.2866,1462.72,0.28635,418.849872,1462.72,418.849872,
2023-10-17 21:10:00+00:00,0.2867,0.2867,0.2867,0.2867,493.7,0.2867,141.54379,493.7,141.54379,
2023-10-17 21:15:00+00:00,0.2869,0.2875,0.2869,0.2874,943.85,0.287175,271.05012375,943.85,271.05012375,
2023-10-17 21:20:00+00:00,0.2869,0.2875,0.2869,0.2874,943.85,0.287175,271.05012375,943.85,271.05012375,
2023-10-17 21:25:00+00:00,0.2873,0.2874,0.2874,0.2873,231.07,0.28735,66.3979645,231.07,66.3979645,
2023-10-17 21:30:00+00:00,0.2871,0.2872,0.2871,0.2872,10923.22,0.28715,3136.602623,10923.22,3136.602623,
2023-10-17 21:35:00+00:00,0.2871,0.2872,0.2871,0.2872,10923.22,0.28715,3136.602623,10923.22,3136.602623,
2023-10-17 21:40:00+00:00,0.2869,0.2871,0.287,0.2869,1873.46,0.286975,537.6361835,1873.46,537.6361835,
2023-10-17 21:45:00+00:00,0.2868,0.287,0.287,0.2868,262.33,0.2869,75.262477,262.33,75.262477,
2023-10-17 21:50:00+00:00,0.2868,0.287,0.287,0.2868,262.33,0.2869,75.262477,262.33,75.262477,
2023-10-17 21:55:00+00:00,0.2868,0.287,0.287,0.2868,3944.64,0.2869,1131.717216,3944.64,1131.717216,
2023-10-17 22:00:00+00:00,0.2864,0.2868,0.2868,0.2867,325.46,0.286675,93.3012455,325.46,93.3012455,
2023-10-17 22:05:00+00:00,0.2865,0.2868,0.2867,0.2867,16623.2,0.286675,4765.45586,16623.2,4765.45586,
2023-10-17 22:10:00+00:00,0.2867,0.287,0.2867,0.2868,14672.69,0.2868,4208.127492,14672.69,4208.127492,
2023-10-17 22:15:00+00:00,0.2867,0.2871,0.287,0.2871,3326.02,0.286975,954.4845895,3326.02,954.4845895,
2023-10-17 22:20:00+00:00,0.2871,0.2873,0.2871,0.2871,1647.85,0.28715,473.1801275,1647.85,473.1801275,
2023-10-17 22:25:00+00:00,0.2871,0.2872,0.2872,0.2871,2907.14,0.28715,834.785251,2907.14,834.785251,
2023-10-17 22:30:00+00:00,0.2871,0.2872,0.2872,0.2871,2907.14,0.28715,834.785251,2907.14,834.785251,
2023-10-17 22:35:00+00:00,0.2871,0.2873,0.2873,0.2873,2214.61,0.28725,636.1467225,2214.61,636.1467225,
2023-10-17 22:40:00+00:00,0.2868,0.2874,0.2873,0.2869,24236.41,0.2871,6958.273311,24236.41,6958.273311,
2023-10-17 22:45:00+00:00,0.2868,0.2869,0.2869,0.2868,389.05,0.28685,111.5989925,389.05,111.5989925,
2023-10-17 22:50:00+00:00,0.2866,0.287,0.2867,0.287,1841.02,0.286825,528.0505615,1841.02,528.0505615,
2023-10-17 22:55:00+00:00,0.287,0.2871,0.287,0.2871,489.54,0.28705,140.522457,489.54,140.522457,
2023-10-17 23:00:00+00:00,0.287,0.2871,0.287,0.2871,489.54,0.28705,140.522457,489.54,140.522457,
2023-10-17 23:05:00+00:00,0.2872,0.2875,0.2872,0.2873,930.67,0.2873,267.381491,930.67,267.381491,
2023-10-17 23:10:00+00:00,0.2873,0.2875,0.2875,0.2873,310.53,0.2874,89.246322,310.53,89.246322,
2023-10-17 23:15:00+00:00,0.2874,0.2875,0.2874,0.2875,4.69,0.28745,1.3481405,4.69,1.3481405,
2023-10-17 23:20:00+00:00,0.2876,0.2878,0.2876,0.2878,458.29,0.2877,131.850033,458.29,131.850033,
2023-10-17 23:25:00+00:00,0.2877,0.2879,0.2877,0.2879,13.16,0.2878,3.787448,13.16,3.787448,
2023-10-17 23:30:00+00:00,0.2877,0.2879,0.2877,0.2879,13.16,0.2878,3.787448,13.16,3.787448,
2023-10-17 23:35:00+00:00,0.2877,0.2878,0.2878,0.2877,2001.7,0.28775,575.989175,2001.7,575.989175,
2023-10-17 23:40:00+00:00,0.2875,0.2876,0.2876,0.2875,611.76,0.28755,175.911588,611.76,175.911588,
2023-10-17 23:45:00+00:00,0.2873,0.2875,0.2874,0.2874,3780.0,0.2874,1086.372,3780.0,1086.372,
2023-10-17 23:50:00+00:00,0.2873,0.2875,0.2874,0.2874,3780.0,0.2874,1086.372,3780.0,1086.372,
2023-10-17 23:55:00+00:00,0.2873,0.2875,0.2875,0.2873,1640.38,0.2874,471.445212,1640.38,471.445212,
2023-10-18 00:00:00+00:00,0.2867,0.2871,0.2869,0.2871,1052.94,0.28695,302.141133,1052.94,302.141133,
2023-10-18 00:05:00+00:00,0.2867,0.2869,0.2869,0.2869,435.98,0.28685,125.060863,435.98,125.060863,
2023-10-18 00:10:00+00:00,0.2864,0.287,0.287,0.2864,1542.5,0.2867,442.23475,1542.5,442.23475,
2023-10-18 00:15:00+00:00,0.2866,0.2867,0.2866,0.2867,7608.81,0.28665,2181.0653865,7608.81,2181.0653865,
2023-10-18 00:20:00+00:00,0.2866,0.2869,0.2869,0.2866,3477.94,0.28675,997.299295,3477.94,997.299295,
2023-10-18 00:25:00+00:00,0.2864,0.2866,0.2865,0.2866,633.75,0.286525,181.58521875,633.75,181.58521875,
2023-10-18 00:30:00+00:00,0.286,0.2863,0.2863,0.286,381.65,0.28615,109.2091475,381.65,109.2091475,
2023-10-18 00:35:00+00:00,0.2852,0.2859,0.2859,0.2856,6346.24,0.28565,1812.803456,6346.24,1812.803456,
2023-10-18 00:40:00+00:00,0.2853,0.2857,0.2855,0.2855,2185.39,0.2855,623.928845,2185.39,623.928845,
2023-10-18 00:45:00+00:00,0.2853,0.2857,0.2855,0.2856,5494.97,0.285525,1568.95130925,5494.97,1568.95130925,
2023-10-18 00:50:00+00:00,0.2858,0.286,0.2858,0.2858,2459.48,0.28585,703.042358,2459.48,703.042358,
2023-10-18 00:55:00+00:00,0.2858,0.2859,0.2859,0.2858,269.79,0.28585,77.1194715,269.79,77.1194715,
2023-10-18 01:00:00+00:00,0.2855,0.2858,0.2858,0.2857,1401.87,0.2857,400.514259,1401.87,400.514259,
2023-10-18 01:05:00+00:00,0.2858,0.2865,0.2858,0.2865,1653.04,0.28615,473.017396,1653.04,473.017396,
2023-10-18 01:10:00+00:00,0.2862,0.2865,0.2865,0.2863,387.92,0.286375,111.09059,387.92,111.09059,
2023-10-18 01:15:00+00:00,0.2855,0.2861,0.2861,0.2855,1600.94,0.2858,457.548652,1600.94,457.548652,
2023-10-18 01:20:00+00:00,0.2854,0.2857,0.2854,0.2857,728.76,0.28555,208.097418,728.76,208.097418,
2023-10-18 01:25:00+00:00,0.2854,0.2855,0.2854,0.2855,1283.34,0.28545,366.329403,1283.34,366.329403,
2023-10-18 01:30:00+00:00,0.2856,0.2858,0.2856,0.2858,180.2,0.2857,51.48314,180.2,51.48314,
2023-10-18 01:35:00+00:00,0.2856,0.2858,0.2856,0.2858,180.2,0.2857,51.48314,180.2,51.48314,
2023-10-18 01:40:00+00:00,0.2855,0.2857,0.2857,0.2855,1651.25,0.2856,471.597,1651.25,471.597,
2023-10-18 01:45:00+00:00,0.2855,0.2857,0.2857,0.2855,1651.25,0.2856,471.597,1651.25,471.597,
2023-10-18 01:50:00+00:00,0.2855,0.2855,0.2855,0.2855,295.35,0.2855,84.322425,295.35,84.322425,
2023-10-18 01:55:00+00:00,0.2855,0.2855,0.2855,0.2855,295.35,0.2855,84.322425,295.35,84.322425,
2023-10-18 02:00:00+00:00,0.2852,0.2855,0.2852,0.2854,3389.94,0.285325,967.2346305,3389.94,967.2346305,
2023-10-18 02:05:00+00:00,0.285,0.2853,0.2853,0.285,2434.72,0.28515,694.260408,2434.72,694.260408,
2023-10-18 02:10:00+00:00,0.2846,0.2852,0.2852,0.2846,1067.54,0.2849,304.142146,1067.54,304.142146,
2023-10-18 02:15:00+00:00,0.2845,0.285,0.2845,0.285,935.77,0.28475,266.4605075,935.77,266.4605075,
2023-10-18 02:20:00+00:00,0.2847,0.2849,0.2849,0.2849,2008.63,0.28485,572.1582555,2008.63,572.1582555,
2023-10-18 02:25:00+00:00,0.2851,0.2854,0.2851,0.2852,3894.98,0.2852,1110.848296,3894.98,1110.848296,
2023-10-18 02:30:00+00:00,0.2851,0.2854,0.2852,0.2852,2572.05,0.285225,733.61296125,2572.05,733.61296125,
2023-10-18 02:35:00+00:00,0.2851,0.2854,0.2852,0.2852,2572.05,0.285225,733.61296125,2572.05,733.61296125,
2023-10-18 02:40:00+00:00,0.2849,0.2854,0.2854,0.2849,699.17,0.28515,199.3683255,699.17,199.3683255,
2023-10-18 02:45:00+00:00,0.2849,0.2851,0.2849,0.2851,107.62,0.285,30.6717,107.62,30.6717,
2023-10-18 02:50:00+00:00,0.285,0.2852,0.2852,0.285,176.65,0.2851,50.362915,176.65,50.362915,
2023-10-18 02:55:00+00:00,0.2852,0.2852,0.2852,0.2852,1895.55,0.2852,540.61086,1895.55,540.61086,
2023-10-18 03:00:00+00:00,0.2852,0.2852,0.2852,0.2852,1895.55,0.2852,540.61086,1895.55,540.61086,
2023-10-18 03:05:00+00:00,0.2851,0.2853,0.2852,0.2853,1426.28,0.285225,406.810713,1426.28,406.810713,
2023-10-18 03:10:00+00:00,0.2852,0.2852,0.2852,0.2852,1006.94,0.2852,287.179288,1006.94,287.179288,
2023-10-18 03:15:00+00:00,0.2852,0.2852,0.2852,0.2852,1006.94,0.2852,287.179288,1006.94,287.179288,
2023-10-18 03:20:00+00:00,0.2849,0.2852,0.2851,0.2851,2628.88,0.285075,749.427966,2628.88,749.427966,
2023-10-18 03:25:00+00:00,0.2852,0.2854,0.2852,0.2854,1004.5,0.2853,286.58385,1004.5,286.58385,
2023-10-18 03:30:00+00:00,0.2852,0.2855,0.2855,0.2854,938.16,0.2854,267.750864,938.16,267.750864,
2023-10-18 03:35:00+00:00,0.2854,0.2856,0.2854,0.2856,776.84,0.2855,221.78782,776.84,221.78782,
2023-10-18 03:40:00+00:00,0.2856,0.2857,0.2857,0.2856,24.77,0.28565,7.0755505,24.77,7.0755505,
2023-10-18 03:45:00+00:00,0.2852,0.2852,0.2852,0.2852,845.1,0.2852,241.02252,845.1,241.02252,
2023-10-18 03:50:00+00:00,0.2851,0.2857,0.2853,0.2857,2025.18,0.28545,578.087631,2025.18,578.087631,
2023-10-18 03:55:00+00:00,0.2851,0.2857,0.2853,0.2857,2025.18,0.28545,578.087631,2025.18,578.087631,
2023-10-18 04:00:00+00:00,0.2854,0.2856,0.2856,0.2856,1566.91,0.28555,447.4311505,1566.91,447.4311505,
2023-10-18 04:05:00+00:00,0.2855,0.2859,0.2856,0.2859,2342.45,0.285725,669.29652625,2342.45,669.29652625,
2023-10-18 04:10:00+00:00,0.2855,0.2859,0.2856,0.2859,2342.45,0.285725,669.29652625,2342.45,669.29652625,
2023-10-18 04:15:00+00:00,0.2859,0.2861,0.2861,0.2861,1368.47,0.28605,391.4508435,1368.47,391.4508435,
2023-10-18 04:20:00+00:00,0.2859,0.2862,0.2862,0.2859,177.61,0.28605,50.8053405,177.61,50.8053405,
2023-10-18 04:25:00+00:00,0.2861,0.2862,0.2861,0.2862,1789.58,0.28615,512.088317,1789.58,512.088317,
2023-10-18 04:30:00+00:00,0.2857,0.2861,0.2861,0.2861,3627.58,0.286,1037.48788,3627.58,1037.48788,
2023-10-18 04:35:00+00:00,0.2857,0.2861,0.2861,0.2861,3627.58,0.286,1037.48788,3627.58,1037.48788,
2023-10-18 04:40:00+00:00,0.2861,0.2862,0.2862,0.2862,385.68,0.286175,110.371974,385.68,110.371974,
2023-10-18 04:45:00+00:00,0.2863,0.2868,0.2863,0.2868,1063.06,0.28655,304.619843,1063.06,304.619843,
2023-10-18 04:50:00+00:00,0.2869,0.2872,0.2869,0.2872,4940.39,0.28705,1418.1389495,4940.39,1418.1389495,
2023-10-18 04:55:00+00:00,0.2872,0.2897,0.2872,0.2888,39272.26,0.288225,11319.2471385,39272.26,11319.2471385,
2023-10-18 05:00:00+00:00,0.2877,0.289,0.289,0.2882,6700.28,0.288475,1932.863273,6700.28,1932.863273,
2023-10-18 05:05:00+00:00,0.2877,0.288,0.288,0.2879,3888.56,0.2879,1119.516424,3888.56,1119.516424,
2023-10-18 05:10:00+00:00,0.2875,0.2879,0.2878,0.2877,1801.58,0.287725,518.3596055,1801.58,518.3596055,
2023-10-18 05:15:00+00:00,0.2876,0.2879,0.2879,0.2877,1072.47,0.287775,308.63005425,1072.47,308.63005425,
2023-10-18 05:20:00+00:00,0.2878,0.288,0.2878,0.2879,1765.88,0.287875,508.352705,1765.88,508.352705,
2023-10-18 05:25:00+00:00,0.2881,0.2883,0.2882,0.2883,1009.42,0.288225,290.9400795,1009.42,290.9400795,
2023-10-18 05:30:00+00:00,0.2881,0.2883,0.2882,0.2883,1009.42,0.288225,290.9400795,1009.42,290.9400795,
2023-10-18 05:35:00+00:00,0.2881,0.2887,0.2882,0.2887,4307.35,0.288425,1242.34742375,4307.35,1242.34742375,
2023-10-18 05:40:00+00:00,0.2885,0.2889,0.2885,0.2885,9364.02,0.2886,2702.456172,9364.02,2702.456172,
2023-10-18 05:45:00+00:00,0.2881,0.2884,0.2884,0.2881,1731.23,0.28825,499.0270475,1731.23,499.0270475,
2023-10-18 05:50:00+00:00,0.2877,0.2881,0.2879,0.2881,920.15,0.28795,264.9571925,920.15,264.9571925,
2023-10-18 05:55:00+00:00,0.2878,0.288,0.2878,0.288,873.46,0.2879,251.469134,873.46,251.469134,
2023-10-18 06:00:00+00:00,0.2882,0.2883,0.2882,0.2882,1220.14,0.288225,351.6748515,1220.14,351.6748515,
2023-10-18 06:05:00+00:00,0.2882,0.2883,0.2882,0.2882,1220.14,0.288225,351.6748515,1220.14,351.6748515,
2023-10-18 06:10:00+00:00,0.2884,0.2888,0.2884,0.2888,826.56,0.2886,238.545216,826.56,238.545216,
2023-10-18 06:15:00+00:00,0.2887,0.2888,0.2887,0.2887,528.83,0.288725,152.68644175,528.83,152.68644175,
2023-10-18 06:20:00+00:00,0.2887,0.2888,0.2887,0.2887,528.83,0.288725,152.68644175,528.83,152.68644175,
2023-10-18 06:25:00+00:00,0.288,0.2885,0.2885,0.288,1498.26,0.28825,431.873445,1498.26,431.873445,
2023-10-18 06:30:00+00:00,0.288,0.2885,0.2885,0.288,1498.26,0.28825,431.873445,1498.26,431.873445,
2023-10-18 06:35:00+00:00,0.2878,0.2879,0.2879,0.2878,1338.18,0.28785,385.195113,1338.18,385.195113,
2023-10-18 06:40:00+00:00,0.2879,0.288,0.2879,0.288,130.89,0.28795,37.6897755,130.89,37.6897755,
2023-10-18 06:45:00+00:00,0.2876,0.288,0.2876,0.2879,3729.02,0.287775,1073.1187305,3729.02,1073.1187305,
2023-10-18 06:50:00+00:00,0.2879,0.2879,0.2879,0.2879,837.26,0.2879,241.047154,837.26,241.047154,
2023-10-18 06:55:00+00:00,0.2878,0.2879,0.2879,0.2878,1018.4,0.28785,293.14644,1018.4,293.14644,
2023-10-18 07:00:00+00:00,0.2869,0.2879,0.2878,0.2873,3919.81,0.287475,1126.84737975,3919.81,1126.84737975,
2023-10-18 07:05:00+00:00,0.2867,0.287,0.287,0.287,678.51,0.286925,194.68148175,678.51,194.68148175,
2023-10-18 07:10:00+00:00,0.2871,0.2873,0.2871,0.2873,498.51,0.2872,143.172072,498.51,143.172072,
2023-10-18 07:15:00+00:00,0.2873,0.2876,0.2876,0.2873,883.02,0.28745,253.824099,883.02,253.824099,
2023-10-18 07:20:00+00:00,0.287,0.2874,0.2873,0.287,1445.51,0.287175,415.11433425,1445.51,415.11433425,
2023-10-18 07:25:00+00:00,0.287,0.2875,0.287,0.2875,1179.21,0.28725,338.7280725,1179.21,338.7280725,
2023-10-18 07:30:00+00:00,0.2876,0.2877,0.2876,0.2876,1661.94,0.287625,478.0154925,1661.94,478.0154925,
2023-10-18 07:35:00+00:00,0.287,0.2875,0.2875,0.287,2885.59,0.28725,828.8857275,2885.59,828.8857275,
2023-10-18 07:40:00+00:00,0.2872,0.2872,0.2872,0.2872,2382.32,0.2872,684.202304,2382.32,684.202304,
2023-10-18 07:45:00+00:00,0.2868,0.2871,0.2871,0.2868,598.78,0.28695,171.819921,598.78,171.819921,
2023-10-18 07:50:00+00:00,0.2868,0.287,0.2868,0.287,276.33,0.2869,79.279077,276.33,79.279077,
2023-10-18 07:55:00+00:00,0.2867,0.2868,0.2868,0.2867,101.04,0.28675,28.97322,101.04,28.97322,
2023-10-18 08:00:00+00:00,0.2868,0.2869,0.2868,0.2869,197.0,0.28685,56.50945,197.0,56.50945,
2023-10-18 08:05:00+00:00,0.2865,0.2869,0.2869,0.2865,4312.3,0.2867,1236.33641,4312.3,1236.33641,
2023-10-18 08:10:00+00:00,0.2861,0.2865,0.2864,0.2861,465.36,0.286275,133.220934,465.36,133.220934,
2023-10-18 08:15:00+00:00,0.286,0.2862,0.286,0.2862,32.31,0.2861,9.243891,32.31,9.243891,
2023-10-18 08:20:00+00:00,0.2862,0.2866,0.2862,0.2866,7571.45,0.2864,2168.46328,7571.45,2168.46328,
2023-10-18 08:25:00+00:00,0.2866,0.2869,0.2867,0.2866,1352.29,0.2867,387.701543,1352.29,387.701543,
2023-10-18 08:30:00+00:00,0.2866,0.2868,0.2866,0.2868,3173.41,0.2867,909.816647,3173.41,909.816647,
2023-10-18 08:35:00+00:00,0.2864,0.2866,0.2866,0.2864,1127.06,0.2865,322.90269,1127.06,322.90269,
2023-10-18 08:40:00+00:00,0.2865,0.2867,0.2865,0.2867,4589.01,0.2866,1315.210266,4589.01,1315.210266,
2023-10-18 08:45:00+00:00,0.2865,0.2865,0.2865,0.2865,269.29,0.2865,77.151585,269.29,77.151585,
2023-10-18 08:50:00+00:00,0.2869,0.287,0.2869,0.287,945.32,0.28695,271.259574,945.32,271.259574,
2023-10-18 08:55:00+00:00,0.2869,0.287,0.2869,0.287,945.32,0.28695,271.259574,945.32,271.259574,
2023-10-18 09:00:00+00:00,0.2866,0.2869,0.2869,0.2869,31052.23,0.286825,8906.55586975,31052.23,8906.55586975,
2023-10-18 09:05:00+00:00,0.2866,0.2869,0.2869,0.2869,31052.23,0.286825,8906.55586975,31052.23,8906.55586975,
2023-10-18 09:10:00+00:00,0.2869,0.287,0.2869,0.2869,8717.21,0.286925,2501.18547925,8717.21,2501.18547925,
2023-10-18 09:15:00+00:00,0.2869,0.2872,0.2871,0.2872,227.9,0.2871,65.43009,227.9,65.43009,
2023-10-18 09:20:00+00:00,0.2869,0.2872,0.2871,0.2872,227.9,0.2871,65.43009,227.9,65.43009,
2023-10-18 09:25:00+00:00,0.2871,0.2871,0.2871,0.2871,1031.56,0.2871,296.160876,1031.56,296.160876,
2023-10-18 09:30:00+00:00,0.2872,0.2873,0.2873,0.2872,91.27,0.28725,26.2173075,91.27,26.2173075,
2023-10-18 09:35:00+00:00,0.2872,0.2873,0.2873,0.2872,91.27,0.28725,26.2173075,91.27,26.2173075,
2023-10-18 09:40:00+00:00,0.2873,0.2875,0.2873,0.2875,2513.5,0.2874,722.3799,2513.5,722.3799,
2023-10-18 09:45:00+00:00,0.2873,0.2875,0.2873,0.2875,2513.5,0.2874,722.3799,2513.5,722.3799,
2023-10-18 09:50:00+00:00,0.2872,0.2874,0.2874,0.2872,752.45,0.2873,216.178885,752.45,216.178885,
2023-10-18 09:55:00+00:00,0.2855,0.287,0.287,0.2855,2346.02,0.28625,671.548225,2346.02,671.548225,
2023-10-18 10:00:00+00:00,0.2858,0.286,0.2858,0.286,125.2,0.2859,35.79468,125.2,35.79468,
2023-10-18 10:05:00+00:00,0.2861,0.2864,0.2861,0.2863,1240.35,0.286225,355.01917875,1240.35,355.01917875,
2023-10-18 10:10:00+00:00,0.2865,0.2867,0.2865,0.2867,369.36,0.2866,105.858576,369.36,105.858576,
2023-10-18 10:15:00+00:00,0.2867,0.2871,0.2867,0.2871,920.38,0.2869,264.057022,920.38,264.057022,
2023-10-18 10:20:00+00:00,0.2867,0.2873,0.2872,0.2867,495.11,0.286975,142.08419225,495.11,142.08419225,
2023-10-18 10:25:00+00:00,0.2865,0.2867,0.2867,0.2866,2442.7,0.286625,700.1388875,2442.7,700.1388875,
2023-10-18 10:30:00+00:00,0.2865,0.2869,0.2865,0.2869,3198.99,0.2867,917.150433,3198.99,917.150433,
2023-10-18 10:35:00+00:00,0.2869,0.287,0.2869,0.2869,2390.59,0.286925,685.92003575,2390.59,685.92003575,
2023-10-18 10:40:00+00:00,0.287,0.2872,0.287,0.2872,119.56,0.2871,34.325676,119.56,34.325676,
2023-10-18 10:45:00+00:00,0.287,0.2872,0.287,0.2872,119.56,0.2871,34.325676,119.56,34.325676,
2023-10-18 10:50:00+00:00,0.2869,0.287,0.2869,0.287,210.28,0.28695,60.339846,210.28,60.339846,
2023-10-18 10:55:00+00:00,0.2869,0.287,0.2869,0.287,210.28,0.28695,60.339846,210.28,60.339846,
2023-10-18 11:00:00+00:00,0.2868,0.2869,0.2869,0.2869,356.54,0.286875,102.2824125,356.54,102.2824125,
2023-10-18 11:05:00+00:00,0.2868,0.2869,0.2869,0.2869,356.54,0.286875,102.2824125,356.54,102.2824125,
2023-10-18 11:10:00+00:00,0.2867,0.287,0.2867,0.287,760.74,0.28685,218.218269,760.74,218.218269,
2023-10-18 11:15:00+00:00,0.2871,0.2873,0.2872,0.2872,1402.46,0.2872,402.786512,1402.46,402.786512,
2023-10-18 11:20:00+00:00,0.2869,0.2873,0.2873,0.2869,1222.65,0.2871,351.022815,1222.65,351.022815,
2023-10-18 11:25:00+00:00,0.2866,0.2869,0.2869,0.2866,1014.28,0.28675,290.84479,1014.28,290.84479,
2023-10-18 11:30:00+00:00,0.2865,0.2866,0.2865,0.2866,896.91,0.28655,257.0095605,896.91,257.0095605,
2023-10-18 11:35:00+00:00,0.2864,0.2866,0.2866,0.2864,3307.74,0.2865,947.66751,3307.74,947.66751,
2023-10-18 11:40:00+00:00,0.2863,0.2864,0.2864,0.2864,1650.66,0.286375,472.7077575,1650.66,472.7077575,
2023-10-18 11:45:00+00:00,0.2864,0.2864,0.2864,0.2864,428.99,0.2864,122.862736,428.99,122.862736,
2023-10-18 11:50:00+00:00,0.286,0.2865,0.2865,0.286,1310.93,0.28625,375.2537125,1310.93,375.2537125,
2023-10-18 11:55:00+00:00,0.286,0.2865,0.2865,0.286,1310.93,0.28625,375.2537125,1310.93,375.2537125,
2023-10-18 12:00:00+00:00,0.2859,0.286,0.286,0.2859,1813.22,0.28595,518.490259,1813.22,518.490259,
2023-10-18 12:05:00+00:00,0.2856,0.2859,0.2859,0.2856,2005.83,0.28575,573.1659225,2005.83,573.1659225,
2023-10-18 12:10:00+00:00,0.2856,0.286,0.2858,0.286,1064.16,0.28585,304.190136,1064.16,304.190136,
2023-10-18 12:15:00+00:00,0.2856,0.286,0.2858,0.286,1064.16,0.28585,304.190136,1064.16,304.190136,
2023-10-18 12:20:00+00:00,0.2858,0.2861,0.286,0.2859,632.03,0.28595,180.7289785,632.03,180.7289785,
2023-10-18 12:25:00+00:00,0.2858,0.2861,0.286,0.2859,632.03,0.28595,180.7289785,632.03,180.7289785,
2023-10-18 12:30:00+00:00,0.2857,0.2859,0.2859,0.2858,1687.69,0.285825,482.38399425,1687.69,482.38399425,
2023-10-18 12:35:00+00:00,0.2855,0.2856,0.2856,0.2855,6.31,0.28555,1.8018205,6.31,1.8018205,
2023-10-18 12:40:00+00:00,0.2858,0.2858,0.2858,0.2858,1370.07,0.2858,391.566006,1370.07,391.566006,
2023-10-18 12:45:00+00:00,0.2854,0.2855,0.2855,0.2855,1316.17,0.285475,375.73363075,1316.17,375.73363075,
2023-10-18 12:50:00+00:00,0.2852,0.2855,0.2855,0.2852,917.66,0.28535,261.854281,917.66,261.854281,
2023-10-18 12:55:00+00:00,0.2852,0.2855,0.2854,0.2852,1164.22,0.285325,332.1810715,1164.22,332.1810715,
2023-10-18 13:00:00+00:00,0.2852,0.2855,0.2854,0.2852,1164.22,0.285325,332.1810715,1164.22,332.1810715,
2023-10-18 13:05:00+00:00,0.2853,0.2857,0.2853,0.2857,105.25,0.2855,30.048875,105.25,30.048875,
2023-10-18 13:10:00+00:00,0.2857,0.2857,0.2857,0.2857,9.0,0.2857,2.5713,9.0,2.5713,
2023-10-18 13:15:00+00:00,0.2855,0.2858,0.2856,0.2858,1798.79,0.285675,513.86933325,1798.79,513.86933325,
2023-10-18 13:20:00+00:00,0.2854,0.2857,0.2857,0.2854,336.33,0.28555,96.0390315,336.33,96.0390315,
2023-10-18 13:25:00+00:00,0.2853,0.2855,0.2855,0.2853,119.58,0.2854,34.128132,119.58,34.128132,
2023-10-18 13:30:00+00:00,0.2853,0.2856,0.2854,0.2856,188.75,0.285475,53.88340625,188.75,53.88340625,
2023-10-18 13:35:00+00:00,0.2849,0.2854,0.2854,0.2849,1731.42,0.28515,493.714413,1731.42,493.714413,
2023-10-18 13:40:00+00:00,0.2846,0.2846,0.2846,0.2846,538.42,0.2846,153.234332,538.42,153.234332,
2023-10-18 13:45:00+00:00,0.2845,0.2847,0.2845,0.2845,1030.7,0.28455,293.285685,1030.7,293.285685,
2023-10-18 13:50:00+00:00,0.284,0.2846,0.2844,0.2846,1169.2,0.2844,332.52048,1169.2,332.52048,
2023-10-18 13:55:00+00:00,0.2843,0.2845,0.2843,0.2844,715.85,0.284375,203.56984375,715.85,203.56984375,
2023-10-18 14:00:00+00:00,0.2839,0.2844,0.284,0.2844,1121.57,0.284175,318.72215475,1121.57,318.72215475,
2023-10-18 14:05:00+00:00,0.2844,0.2846,0.2844,0.2846,235.01,0.2845,66.860345,235.01,66.860345,
2023-10-18 14:10:00+00:00,0.2844,0.2846,0.2844,0.2846,235.01,0.2845,66.860345,235.01,66.860345,
2023-10-18 14:15:00+00:00,0.2844,0.2849,0.2844,0.2849,780.15,0.28465,222.0696975,780.15,222.0696975,
2023-10-18 14:20:00+00:00,0.2844,0.2849,0.2844,0.2849,780.15,0.28465,222.0696975,780.15,222.0696975,
2023-10-18 14:25:00+00:00,0.2845,0.2846,0.2846,0.2846,414.12,0.284575,117.848199,414.12,117.848199,
2023-10-18 14:30:00+00:00,0.2837,0.2845,0.2845,0.2837,1390.16,0.2841,394.944456,1390.16,394.944456,
2023-10-18 14:35:00+00:00,0.284,0.2842,0.284,0.2842,915.37,0.2841,260.056617,915.37,260.056617,
2023-10-18 14:40:00+00:00,0.2842,0.2845,0.2843,0.2842,1062.64,0.2843,302.108552,1062.64,302.108552,
2023-10-18 14:45:00+00:00,0.2839,0.284,0.284,0.2839,90.84,0.28395,25.794018,90.84,25.794018,
2023-10-18 14:50:00+00:00,0.2839,0.284,0.284,0.2839,90.84,0.28395,25.794018,90.84,25.794018,
2023-10-18 14:55:00+00:00,0.284,0.2841,0.284,0.2841,140.9,0.28405,40.022645,140.9,40.022645,
2023-10-18 15:00:00+00:00,0.2839,0.284,0.2839,0.284,57.87,0.28395,16.4321865,57.87,16.4321865,
2023-10-18 15:05:00+00:00,0.2839,0.284,0.2839,0.284,57.87,0.28395,16.4321865,57.87,16.4321865,
2023-10-18 15:10:00+00:00,0.2842,0.2843,0.2842,0.2843,1078.59,0.28425,306.5892075,1078.59,306.5892075,
2023-10-18 15:15:00+00:00,0.2842,0.2842,0.2842,0.2842,2719.31,0.2842,772.827902,2719.31,772.827902,
2023-10-18 15:20:00+00:00,0.284,0.2843,0.284,0.2843,175.97,0.28415,50.0018755,175.97,50.0018755,
2023-10-18 15:25:00+00:00,0.2842,0.2844,0.2844,0.2842,5177.63,0.2843,1472.000209,5177.63,1472.000209,
2023-10-18 15:30:00+00:00,0.2842,0.2843,0.2842,0.2843,970.09,0.28425,275.7480825,970.09,275.7480825,
2023-10-18 15:35:00+00:00,0.2841,0.2844,0.2843,0.2841,1020.71,0.284225,290.11129975,1020.71,290.11129975,
2023-10-18 15:40:00+00:00,0.284,0.2843,0.2843,0.284,4016.65,0.28415,1141.3310975,4016.65,1141.3310975,
2023-10-18 15:45:00+00:00,0.2841,0.2844,0.2841,0.2844,3241.04,0.28425,921.26562,3241.04,921.26562,
2023-10-18 15:50:00+00:00,0.2841,0.2844,0.2842,0.2844,1818.81,0.284275,517.04221275,1818.81,517.04221275,
2023-10-18 15:55:00+00:00,0.2841,0.2842,0.2842,0.2841,1426.25,0.28415,405.2689375,1426.25,405.2689375,
2023-10-18 16:00:00+00:00,0.284,0.2845,0.284,0.2844,5850.19,0.284225,1662.77025275,5850.19,1662.77025275,
2023-10-18 16:05:00+00:00,0.2844,0.2849,0.2844,0.2848,1092.27,0.284625,310.88734875,1092.27,310.88734875,
2023-10-18 16:10:00+00:00,0.2846,0.2848,0.2847,0.2848,397.72,0.284725,113.240827,397.72,113.240827,
2023-10-18 16:15:00+00:00,0.2848,0.2848,0.2848,0.2848,643.95,0.2848,183.39696,643.95,183.39696,
2023-10-18 16:20:00+00:00,0.2848,0.2848,0.2848,0.2848,643.95,0.2848,183.39696,643.95,183.39696,
2023-10-18 16:25:00+00:00,0.2845,0.2846,0.2846,0.2845,555.77,0.28455,158.1443535,555.77,158.1443535,
2023-10-18 16:30:00+00:00,0.2843,0.2845,0.2845,0.2843,1802.29,0.2844,512.571276,1802.29,512.571276,
2023-10-18 16:35:00+00:00,0.284,0.2841,0.2841,0.2841,1504.23,0.284075,427.31413725,1504.23,427.31413725,
2023-10-18 16:40:00+00:00,0.2839,0.2845,0.2839,0.2845,996.37,0.2842,283.168354,996.37,283.168354,
2023-10-18 16:45:00+00:00,0.2846,0.2847,0.2846,0.2846,632.75,0.284625,180.09646875,632.75,180.09646875,
2023-10-18 16:50:00+00:00,0.2846,0.2847,0.2846,0.2846,632.75,0.284625,180.09646875,632.75,180.09646875,
2023-10-18 16:55:00+00:00,0.2841,0.2846,0.2846,0.2841,1942.45,0.28435,552.3356575,1942.45,552.3356575,
2023-10-18 17:00:00+00:00,0.284,0.2844,0.284,0.2841,310.53,0.284125,88.22933625,310.53,88.22933625,
2023-10-18 17:05:00+00:00,0.2843,0.2844,0.2844,0.2843,1914.41,0.28435,544.3624835,1914.41,544.3624835,
2023-10-18 17:10:00+00:00,0.2844,0.2846,0.2844,0.2845,4604.22,0.284475,1309.7854845,4604.22,1309.7854845,
2023-10-18 17:15:00+00:00,0.2845,0.285,0.2846,0.285,43342.19,0.284775,12342.77215725,43342.19,12342.77215725,
2023-10-18 17:20:00+00:00,0.2845,0.285,0.2846,0.285,43342.19,0.284775,12342.77215725,43342.19,12342.77215725,
2023-10-18 17:25:00+00:00,0.2845,0.285,0.2846,0.285,43342.19,0.284775,12342.77215725,43342.19,12342.77215725,
2023-10-18 17:30:00+00:00,0.2845,0.285,0.2846,0.285,43342.19,0.284775,12342.77215725,43342.19,12342.77215725,
2023-10-18 17:35:00+00:00,0.2843,0.2846,0.2846,0.2843,2173.6,0.28445,618.28052,2173.6,618.28052,
2023-10-18 17:40:00+00:00,0.2841,0.2844,0.2844,0.2843,2093.9,0.2843,595.29577,2093.9,595.29577,
2023-10-18 17:45:00+00:00,0.2839,0.2841,0.284,0.2841,9764.36,0.284025,2773.322349,9764.36,2773.322349,
2023-10-18 17:50:00+00:00,0.2837,0.2838,0.2838,0.2837,6288.07,0.28375,1784.2398625,6288.07,1784.2398625,
2023-10-18 17:55:00+00:00,0.2837,0.2838,0.2838,0.2837,6288.07,0.28375,1784.2398625,6288.07,1784.2398625,
2023-10-18 18:00:00+00:00,0.2838,0.284,0.2838,0.284,90.9,0.2839,25.80651,90.9,25.80651,
2023-10-18 18:05:00+00:00,0.2842,0.2843,0.2843,0.2842,1530.36,0.28425,435.00483,1530.36,435.00483,
2023-10-18 18:10:00+00:00,0.2841,0.2845,0.2845,0.2841,395.89,0.2843,112.551527,395.89,112.551527,
2023-10-18 18:15:00+00:00,0.2841,0.2845,0.2845,0.2841,395.89,0.2843,112.551527,395.89,112.551527,
2023-10-18 18:20:00+00:00,0.2845,0.2848,0.2845,0.2848,1631.31,0.28465,464.3523915,1631.31,464.3523915,
2023-10-18 18:25:00+00:00,0.2846,0.2847,0.2846,0.2847,329.02,0.28465,93.655543,329.02,93.655543,
2023-10-18 18:30:00+00:00,0.2846,0.2847,0.2846,0.2847,329.02,0.28465,93.655543,329.02,93.655543,
2023-10-18 18:35:00+00:00,0.2844,0.2846,0.2846,0.2844,3070.93,0.2845,873.679585,3070.93,873.679585,
2023-10-18 18:40:00+00:00,0.2844,0.2846,0.2846,0.2844,3070.93,0.2845,873.679585,3070.93,873.679585,
2023-10-18 18:45:00+00:00,0.2843,0.2845,0.2843,0.2844,142.66,0.284375,40.5689375,142.66,40.5689375,
2023-10-18 18:50:00+00:00,0.284,0.2845,0.2843,0.284,876.77,0.2842,249.178034,876.77,249.178034,
2023-10-18 18:55:00+00:00,0.284,0.2845,0.2843,0.284,876.77,0.2842,249.178034,876.77,249.178034,
2023-10-18 19:00:00+00:00,0.2839,0.2841,0.2839,0.284,245.88,0.283975,69.823773,245.88,69.823773,
2023-10-18 19:05:00+00:00,0.2839,0.284,0.2839,0.284,1931.01,0.28395,548.3102895,1931.01,548.3102895,
2023-10-18 19:10:00+00:00,0.2839,0.284,0.2839,0.284,1931.01,0.28395,548.3102895,1931.01,548.3102895,
2023-10-18 19:15:00+00:00,0.2839,0.284,0.2839,0.284,1931.01,0.28395,548.3102895,1931.01,548.3102895,
2023-10-18 19:20:00+00:00,0.2836,0.2837,0.2837,0.2836,13204.62,0.28365,3745.490463,13204.62,3745.490463,
2023-10-18 19:25:00+00:00,0.2833,0.2836,0.2834,0.2836,938.92,0.283475,266.160347,938.92,266.160347,
2023-10-18 19:30:00+00:00,0.2831,0.2833,0.2833,0.2833,3315.36,0.28325,939.07572,3315.36,939.07572,
2023-10-18 19:35:00+00:00,0.2829,0.2831,0.2831,0.283,1014.68,0.283025,287.179807,1014.68,287.179807,
2023-10-18 19:40:00+00:00,0.2832,0.2832,0.2832,0.2832,526.56,0.2832,149.121792,526.56,149.121792,
2023-10-18 19:45:00+00:00,0.2833,0.284,0.2833,0.284,1119.48,0.28365,317.540502,1119.48,317.540502,
2023-10-18 19:50:00+00:00,0.2838,0.2841,0.2838,0.2841,49.02,0.28395,13.919229,49.02,13.919229,
2023-10-18 19:55:00+00:00,0.2837,0.2841,0.2841,0.2837,4151.42,0.2839,1178.588138,4151.42,1178.588138,
2023-10-18 20:00:00+00:00,0.2831,0.2839,0.2839,0.2833,376.36,0.28355,106.716878,376.36,106.716878,
2023-10-18 20:05:00+00:00,0.2831,0.2839,0.2839,0.2833,376.36,0.28355,106.716878,376.36,106.716878,
2023-10-18 20:10:00+00:00,0.2837,0.2839,0.2837,0.2839,2967.15,0.2838,842.07717,2967.15,842.07717,
2023-10-18 20:15:00+00:00,0.2837,0.2838,0.2838,0.2837,1274.8,0.28375,361.7245,1274.8,361.7245,
2023-10-18 20:20:00+00:00,0.2837,0.2838,0.2837,0.2838,1172.37,0.28375,332.6599875,1172.37,332.6599875,
2023-10-18 20:25:00+00:00,0.2837,0.284,0.2838,0.2837,1511.97,0.2838,429.097086,1511.97,429.097086,
2023-10-18 20:30:00+00:00,0.2833,0.2838,0.2838,0.2833,724.7,0.28355,205.488685,724.7,205.488685,
2023-10-18 20:35:00+00:00,0.2832,0.2833,0.2833,0.2832,390.73,0.28325,110.6742725,390.73,110.6742725,
2023-10-18 20:40:00+00:00,0.2831,0.2833,0.2833,0.2831,504.77,0.2832,142.950864,504.77,142.950864,
2023-10-18 20:45:00+00:00,0.2831,0.2832,0.2831,0.2832,491.69,0.28315,139.2220235,491.69,139.2220235,
2023-10-18 20:50:00+00:00,0.2831,0.2832,0.2831,0.2832,491.69,0.28315,139.2220235,491.69,139.2220235,
2023-10-18 20:55:00+00:00,0.2833,0.2836,0.2833,0.2836,1561.0,0.28345,442.46545,1561.0,442.46545,
2023-10-18 21:00:00+00:00,0.2833,0.2835,0.2834,0.2834,2280.89,0.2834,646.404226,2280.89,646.404226,
2023-10-18 21:05:00+00:00,0.2832,0.2833,0.2833,0.2832,236.44,0.28325,66.97163,236.44,66.97163,
2023-10-18 21:10:00+00:00,0.2832,0.2833,0.2833,0.2832,236.44,0.28325,66.97163,236.44,66.97163,
2023-10-18 21:15:00+00:00,0.2828,0.2831,0.2831,0.2828,97.6,0.28295,27.61592,97.6,27.61592,
2023-10-18 21:20:00+00:00,0.283,0.2834,0.283,0.2834,856.08,0.2832,242.441856,856.08,242.441856,
2023-10-18 21:25:00+00:00,0.2828,0.2832,0.2832,0.2828,82.24,0.283,23.27392,82.24,23.27392,
2023-10-18 21:30:00+00:00,0.2828,0.2832,0.2832,0.2828,82.24,0.283,23.27392,82.24,23.27392,
2023-10-18 21:35:00+00:00,0.2827,0.283,0.2827,0.2829,864.63,0.282825,244.53897975,864.63,244.53897975,
2023-10-18 21:40:00+00:00,0.2827,0.283,0.2827,0.2829,864.63,0.282825,244.53897975,864.63,244.53897975,
2023-10-18 21:45:00+00:00,0.2828,0.2829,0.2828,0.2829,23.09,0.28285,6.5310065,23.09,6.5310065,
2023-10-18 21:50:00+00:00,0.2827,0.2827,0.2827,0.2827,4.53,0.2827,1.280631,4.53,1.280631,
2023-10-18 21:55:00+00:00,0.2827,0.2827,0.2827,0.2827,4.53,0.2827,1.280631,4.53,1.280631,
2023-10-18 22:00:00+00:00,0.2828,0.2829,0.2828,0.2828,1277.73,0.282825,361.37398725,1277.73,361.37398725,
2023-10-18 22:05:00+00:00,0.2829,0.2832,0.2831,0.283,8842.93,0.28305,2502.9913365,8842.93,2502.9913365,
2023-10-18 22:10:00+00:00,0.2828,0.2829,0.2829,0.2828,316.19,0.28285,89.4343415,316.19,89.4343415,
2023-10-18 22:15:00+00:00,0.283,0.2834,0.283,0.2834,2628.93,0.2832,744.512976,2628.93,744.512976,
2023-10-18 22:20:00+00:00,0.283,0.2834,0.283,0.2834,2628.93,0.2832,744.512976,2628.93,744.512976,
2023-10-18 22:25:00+00:00,0.2833,0.2835,0.2835,0.2833,1006.73,0.2834,285.307282,1006.73,285.307282,
2023-10-18 22:30:00+00:00,0.2833,0.2835,0.2835,0.2833,1006.73,0.2834,285.307282,1006.73,285.307282,
2023-10-18 22:35:00+00:00,0.2833,0.2835,0.2835,0.2833,1006.73,0.2834,285.307282,1006.73,285.307282,
2023-10-18 22:40:00+00:00,0.2835,0.2836,0.2836,0.2835,54.04,0.28355,15.323042,54.04,15.323042,
2023-10-18 22:45:00+00:00,0.2835,0.2836,0.2836,0.2835,54.04,0.28355,15.323042,54.04,15.323042,
2023-10-18 22:50:00+00:00,0.2833,0.2837,0.2833,0.2837,6.71,0.2835,1.902285,6.71,1.902285,
2023-10-18 22:55:00+00:00,0.2833,0.2837,0.2835,0.2837,32566.5,0.28355,9234.231075,32566.5,9234.231075,
2023-10-18 23:00:00+00:00,0.2834,0.2838,0.2837,0.2834,4367.98,0.283575,1238.6499285,4367.98,1238.6499285,
2023-10-18 23:05:00+00:00,0.2834,0.2838,0.2837,0.2834,4367.98,0.283575,1238.6499285,4367.98,1238.6499285,
2023-10-18 23:10:00+00:00,0.2834,0.2839,0.2834,0.2839,3396.27,0.28365,963.3519855,3396.27,963.3519855,
2023-10-18 23:15:00+00:00,0.2833,0.2835,0.2835,0.2834,6036.89,0.283425,1711.00554825,6036.89,1711.00554825,
2023-10-18 23:20:00+00:00,0.2832,0.2835,0.2833,0.2834,2429.98,0.28335,688.534833,2429.98,688.534833,
2023-10-18 23:25:00+00:00,0.2833,0.2837,0.2834,0.2837,11243.97,0.283525,3187.94659425,11243.97,3187.94659425,
2023-10-18 23:30:00+00:00,0.2836,0.2839,0.2839,0.2838,3036.92,0.2838,861.877896,3036.92,861.877896,
2023-10-18 23:35:00+00:00,0.2836,0.2839,0.2839,0.2838,3036.92,0.2838,861.877896,3036.92,861.877896,
2023-10-18 23:40:00+00:00,0.2834,0.2836,0.2836,0.2836,836.15,0.28355,237.0903325,836.15,237.0903325,
2023-10-18 23:45:00+00:00,0.2831,0.2836,0.2834,0.2831,2721.44,0.2833,770.983952,2721.44,770.983952,
2023-10-18 23:50:00+00:00,0.2828,0.2833,0.2833,0.2828,2814.24,0.28305,796.570632,2814.24,796.570632,
2023-10-18 23:55:00+00:00,0.2828,0.2833,0.2833,0.2828,2814.24,0.28305,796.570632,2814.24,796.570632,
2023-10-19 00:00:00+00:00,0.2825,0.2828,0.2827,0.2825,187.47,0.282625,52.98370875,187.47,52.98370875,
2023-10-19 00:05:00+00:00,0.2823,0.2829,0.2823,0.2829,2109.41,0.2826,596.119266,2109.41,596.119266,
2023-10-19 00:10:00+00:00,0.2827,0.2831,0.2828,0.2828,193.79,0.28285,54.8135015,193.79,54.8135015,
2023-10-19 00:15:00+00:00,0.2822,0.2831,0.2825,0.2831,3074.14,0.282725,869.1362315,3074.14,869.1362315,
2023-10-19 00:20:00+00:00,0.2834,0.2835,0.2834,0.2835,372.53,0.28345,105.5936285,372.53,105.5936285,
2023-10-19 00:25:00+00:00,0.2834,0.2835,0.2834,0.2835,372.53,0.28345,105.5936285,372.53,105.5936285,
2023-10-19 00:30:00+00:00,0.2834,0.2835,0.2834,0.2835,372.53,0.28345,105.5936285,372.53,105.5936285,
2023-10-19 00:35:00+00:00,0.2829,0.2833,0.2833,0.2831,823.49,0.28315,233.1711935,823.49,233.1711935,
2023-10-19 00:40:00+00:00,0.2829,0.2833,0.2833,0.2831,823.49,0.28315,233.1711935,823.49,233.1711935,
2023-10-19 00:45:00+00:00,0.2834,0.2839,0.2834,0.2838,266.75,0.283625,75.65696875,266.75,75.65696875,
2023-10-19 00:50:00+00:00,0.2838,0.2845,0.2838,0.2845,4037.43,0.28415,1147.2357345,4037.43,1147.2357345,
2023-10-19 00:55:00+00:00,0.2838,0.2845,0.2838,0.2845,4037.43,0.28415,1147.2357345,4037.43,1147.2357345,
2023-10-19 01:00:00+00:00,0.2838,0.284,0.284,0.2839,841.49,0.283925,238.92004825,841.49,238.92004825,
2023-10-19 01:05:00+00:00,0.2837,0.2838,0.2837,0.2838,1181.17,0.28375,335.1569875,1181.17,335.1569875,
2023-10-19 01:10:00+00:00,0.2837,0.2839,0.2837,0.2839,1360.22,0.2838,386.030436,1360.22,386.030436,
2023-10-19 01:15:00+00:00,0.2839,0.2841,0.284,0.2839,1514.81,0.283975,430.16816975,1514.81,430.16816975,
2023-10-19 01:20:00+00:00,0.2837,0.2839,0.2837,0.2839,103.52,0.2838,29.378976,103.52,29.378976,
2023-10-19 01:25:00+00:00,0.2837,0.2839,0.2837,0.2839,103.52,0.2838,29.378976,103.52,29.378976,
2023-10-19 01:30:00+00:00,0.2833,0.2835,0.2835,0.2834,5530.31,0.283425,1567.42811175,5530.31,1567.42811175,
2023-10-19 01:35:00+00:00,0.282,0.2831,0.2831,0.2822,2864.12,0.2826,809.400312,2864.12,809.400312,
2023-10-19 01:40:00+00:00,0.2787,0.2822,0.282,0.2798,39337.77,0.280675,11041.12859475,39337.77,11041.12859475,
2023-10-19 01:45:00+00:00,0.2796,0.2813,0.2804,0.2809,3634.56,0.28055,1019.675808,3634.56,1019.675808,
2023-10-19 01:50:00+00:00,0.2807,0.2813,0.2808,0.2813,2489.91,0.281025,699.72695775,2489.91,699.72695775,
2023-10-19 01:55:00+00:00,0.2811,0.2813,0.2812,0.2811,4256.12,0.281175,1196.714541,4256.12,1196.714541,
2023-10-19 02:00:00+00:00,0.2807,0.2814,0.2812,0.2809,6810.27,0.28105,1914.0263835,6810.27,1914.0263835,
2023-10-19 02:05:00+00:00,0.2808,0.2811,0.2809,0.2808,6586.88,0.2809,1850.254592,6586.88,1850.254592,
2023-10-19 02:10:00+00:00,0.2804,0.2805,0.2805,0.2804,349.82,0.28045,98.107019,349.82,98.107019,
2023-10-19 02:15:00+00:00,0.2802,0.2804,0.2802,0.2803,536.74,0.280275,150.4348035,536.74,150.4348035,
2023-10-19 02:20:00+00:00,0.28,0.2805,0.2803,0.2805,13693.1,0.280325,3838.5182575,13693.1,3838.5182575,
2023-10-19 02:25:00+00:00,0.2799,0.2805,0.2805,0.2799,2936.09,0.2802,822.692418,2936.09,822.692418,
2023-10-19 02:30:00+00:00,0.2801,0.2802,0.2801,0.2802,340.23,0.28015,95.3154345,340.23,95.3154345,
2023-10-19 02:35:00+00:00,0.2801,0.2805,0.2801,0.2802,1451.81,0.280225,406.83345725,1451.81,406.83345725,
2023-10-19 02:40:00+00:00,0.2801,0.2804,0.2801,0.2804,726.09,0.28025,203.4867225,726.09,203.4867225,
2023-10-19 02:45:00+00:00,0.2804,0.2805,0.2805,0.2804,1730.8,0.28045,485.40286,1730.8,485.40286,
2023-10-19 02:50:00+00:00,0.2802,0.2804,0.2802,0.2804,819.64,0.2803,229.745092,819.64,229.745092,
2023-10-19 02:55:00+00:00,0.2802,0.2804,0.2802,0.2804,819.64,0.2803,229.745092,819.64,229.745092,
2023-10-19 03:00:00+00:00,0.2805,0.2806,0.2805,0.2806,590.53,0.28055,165.6731915,590.53,165.6731915,
2023-10-19 03:05:00+00:00,0.2806,0.2808,0.2806,0.2808,1472.17,0.2807,413.238119,1472.17,413.238119,
2023-10-19 03:10:00+00:00,0.2811,0.2812,0.2811,0.2811,266.79,0.281125,75.00133875,266.79,75.00133875,
2023-10-19 03:15:00+00:00,0.2811,0.2814,0.2812,0.2814,1768.38,0.281275,497.4010845,1768.38,497.4010845,
2023-10-19 03:20:00+00:00,0.281,0.2813,0.2813,0.281,754.0,0.28115,211.9871,754.0,211.9871,
2023-10-19 03:25:00+00:00,0.281,0.2813,0.2813,0.281,754.0,0.28115,211.9871,754.0,211.9871,
2023-10-19 03:30:00+00:00,0.281,0.2813,0.2813,0.281,754.0,0.28115,211.9871,754.0,211.9871,
2023-10-19 03:35:00+00:00,0.2811,0.2813,0.2812,0.2811,2608.69,0.281175,733.49841075,2608.69,733.49841075,
2023-10-19 03:40:00+00:00,0.2808,0.2811,0.2811,0.2809,1902.78,0.280975,534.6336105,1902.78,534.6336105,
2023-10-19 03:45:00+00:00,0.2808,0.2809,0.2808,0.2809,3179.74,0.28085,893.029979,3179.74,893.029979,
2023-10-19 03:50:00+00:00,0.2808,0.2811,0.2809,0.2811,3091.94,0.280975,868.7578415,3091.94,868.7578415,
2023-10-19 03:55:00+00:00,0.2808,0.281,0.281,0.2808,1746.47,0.2809,490.583423,1746.47,490.583423,
2023-10-19 04:00:00+00:00,0.2805,0.2808,0.2805,0.2808,547.26,0.28065,153.588519,547.26,153.588519,
2023-10-19 04:05:00+00:00,0.2803,0.2808,0.2808,0.2803,320.04,0.28055,89.787222,320.04,89.787222,
2023-10-19 04:10:00+00:00,0.2799,0.2802,0.2802,0.2802,231.59,0.280125,64.87414875,231.59,64.87414875,
2023-10-19 04:15:00+00:00,0.2799,0.2802,0.2802,0.2802,231.59,0.280125,64.87414875,231.59,64.87414875,
2023-10-19 04:20:00+00:00,0.2801,0.2808,0.2801,0.2808,1108.53,0.28045,310.8872385,1108.53,310.8872385,
2023-10-19 04:25:00+00:00,0.2801,0.2808,0.2801,0.2808,1108.53,0.28045,310.8872385,1108.53,310.8872385,
2023-10-19 04:30:00+00:00,0.2802,0.2804,0.2804,0.2803,1147.71,0.280325,321.73180575,1147.71,321.73180575,
2023-10-19 04:35:00+00:00,0.2803,0.2807,0.2803,0.2807,351.64,0.2805,98.63502,351.64,98.63502,
2023-10-19 04:40:00+00:00,0.2805,0.2807,0.2807,0.2805,154.87,0.2806,43.456522,154.87,43.456522,
2023-10-19 04:45:00+00:00,0.2807,0.2808,0.2808,0.2807,397.17,0.28075,111.5054775,397.17,111.5054775,
2023-10-19 04:50:00+00:00,0.2807,0.2808,0.2808,0.2807,397.17,0.28075,111.5054775,397.17,111.5054775,
2023-10-19 04:55:00+00:00,0.2808,0.2809,0.2809,0.2808,2027.13,0.28085,569.3194605,2027.13,569.3194605,
2023-10-19 05:00:00+00:00,0.2809,0.2811,0.2809,0.2811,6043.8,0.281,1698.3078,6043.8,1698.3078,
2023-10-19 05:05:00+00:00,0.2811,0.2812,0.2811,0.2812,4910.46,0.28115,1380.575829,4910.46,1380.575829,
2023-10-19 05:10:00+00:00,0.2813,0.2816,0.2813,0.2814,3013.71,0.2814,848.057994,3013.71,848.057994,
2023-10-19 05:15:00+00:00,0.2811,0.2814,0.2814,0.2812,2056.77,0.281275,578.51798175,2056.77,578.51798175,
2023-10-19 05:20:00+00:00,0.2813,0.2813,0.2813,0.2813,1101.04,0.2813,309.722552,1101.04,309.722552,
2023-10-19 05:25:00+00:00,0.2813,0.2816,0.2815,0.2813,382.17,0.281425,107.55219225,382.17,107.55219225,
2023-10-19 05:30:00+00:00,0.2813,0.2816,0.2815,0.2813,382.17,0.281425,107.55219225,382.17,107.55219225,
2023-10-19 05:35:00+00:00,0.2813,0.2814,0.2813,0.2813,390.68,0.281325,109.908051,390.68,109.908051,
2023-10-19 05:40:00+00:00,0.2813,0.2814,0.2813,0.2813,390.68,0.281325,109.908051,390.68,109.908051,
2023-10-19 05:45:00+00:00,0.2812,0.2813,0.2813,0.2813,1626.01,0.281275,457.35596275,1626.01,457.35596275,
2023-10-19 05:50:00+00:00,0.2813,0.2813,0.2813,0.2813,31.46,0.2813,8.849698,31.46,8.849698,
2023-10-19 05:55:00+00:00,0.2811,0.2813,0.2813,0.2811,303.17,0.2812,85.251404,303.17,85.251404,
2023-10-19 06:00:00+00:00,0.2809,0.2812,0.2812,0.281,617.22,0.281075,173.4851115,617.22,173.4851115,
2023-10-19 06:05:00+00:00,0.2808,0.2809,0.2809,0.2808,3180.0,0.28085,893.103,3180.0,893.103,
2023-10-19 06:10:00+00:00,0.2808,0.281,0.2808,0.281,19.22,0.2809,5.398898,19.22,5.398898,
2023-10-19 06:15:00+00:00,0.281,0.281,0.281,0.281,172.67,0.281,48.52027,172.67,48.52027,
2023-10-19 06:20:00+00:00,0.2808,0.2808,0.2808,0.2808,3165.44,0.2808,888.855552,3165.44,888.855552,
2023-10-19 06:25:00+00:00,0.2808,0.2809,0.2808,0.2808,2171.07,0.280825,609.69073275,2171.07,609.69073275,
2023-10-19 06:30:00+00:00,0.2808,0.281,0.2808,0.2808,800.12,0.28085,224.713702,800.12,224.713702,
2023-10-19 06:35:00+00:00,0.2808,0.281,0.2808,0.2808,800.12,0.28085,224.713702,800.12,224.713702,
2023-10-19 06:40:00+00:00,0.2811,0.2812,0.2811,0.2812,1833.87,0.28115,515.5925505,1833.87,515.5925505,
2023-10-19 06:45:00+00:00,0.281,0.2811,0.2811,0.2811,2855.94,0.281075,802.7333355,2855.94,802.7333355,
2023-10-19 06:50:00+00:00,0.2809,0.2811,0.2811,0.2809,2010.18,0.281,564.86058,2010.18,564.86058,
2023-10-19 06:55:00+00:00,0.2809,0.2811,0.2811,0.2809,2010.18,0.281,564.86058,2010.18,564.86058,
2023-10-19 07:00:00+00:00,0.2808,0.281,0.2809,0.2808,859.04,0.280875,241.28286,859.04,241.28286,
2023-10-19 07:05:00+00:00,0.2802,0.2807,0.2807,0.2802,3825.68,0.28045,1072.911956,3825.68,1072.911956,
2023-10-19 07:10:00+00:00,0.2802,0.2807,0.2807,0.2802,3825.68,0.28045,1072.911956,3825.68,1072.911956,
2023-10-19 07:15:00+00:00,0.2802,0.2807,0.2807,0.2802,3825.68,0.28045,1072.911956,3825.68,1072.911956,
2023-10-19 07:20:00+00:00,0.2802,0.2803,0.2803,0.2802,36.71,0.28025,10.2879775,36.71,10.2879775,
2023-10-19 07:25:00+00:00,0.2804,0.2805,0.2804,0.2805,265.66,0.28045,74.504347,265.66,74.504347,
2023-10-19 07:30:00+00:00,0.2804,0.2805,0.2804,0.2805,265.66,0.28045,74.504347,265.66,74.504347,
2023-10-19 07:35:00+00:00,0.2808,0.281,0.2808,0.281,3713.11,0.2809,1043.012599,3713.11,1043.012599,
2023-10-19 07:40:00+00:00,0.2808,0.281,0.2808,0.281,3713.11,0.2809,1043.012599,3713.11,1043.012599,
2023-10-19 07:45:00+00:00,0.2808,0.2812,0.281,0.2811,31129.13,0.281025,8748.06375825,31129.13,8748.06375825,
2023-10-19 07:50:00+00:00,0.281,0.2813,0.2812,0.2813,1048.96,0.2812,294.967552,1048.96,294.967552,
2023-10-19 07:55:00+00:00,0.281,0.2813,0.2812,0.2813,1048.96,0.2812,294.967552,1048.96,294.967552,
2023-10-19 08:00:00+00:00,0.2814,0.2814,0.2814,0.2814,341.29,0.2814,96.039006,341.29,96.039006,
2023-10-19 08:05:00+00:00,0.2813,0.2818,0.2813,0.2815,10645.39,0.281475,2996.41115025,10645.39,2996.41115025,
2023-10-19 08:10:00+00:00,0.2813,0.2818,0.2813,0.2815,10645.39,0.281475,2996.41115025,10645.39,2996.41115025,
2023-10-19 08:15:00+00:00,0.2813,0.2818,0.2813,0.2815,10645.39,0.281475,2996.41115025,10645.39,2996.41115025,
2023-10-19 08:20:00+00:00,0.2813,0.2814,0.2814,0.2814,2689.08,0.281375,756.639885,2689.08,756.639885,
2023-10-19 08:25:00+00:00,0.2814,0.2814,0.2814,0.2814,983.65,0.2814,276.79911,983.65,276.79911,
2023-10-19 08:30:00+00:00,0.2815,0.2815,0.2815,0.2815,1290.37,0.2815,363.239155,1290.37,363.239155,
2023-10-19 08:35:00+00:00,0.281,0.2812,0.2812,0.281,1661.46,0.2811,467.036406,1661.46,467.036406,
2023-10-19 08:40:00+00:00,0.281,0.2812,0.2812,0.2812,986.91,0.28115,277.4697465,986.91,277.4697465,
2023-10-19 08:45:00+00:00,0.281,0.2812,0.2812,0.2812,986.91,0.28115,277.4697465,986.91,277.4697465,
2023-10-19 08:50:00+00:00,0.2812,0.2813,0.2813,0.2812,303.44,0.28125,85.3425,303.44,85.3425,
2023-10-19 08:55:00+00:00,0.2809,0.2811,0.2811,0.2809,801.27,0.281,225.15687,801.27,225.15687,
2023-10-19 09:00:00+00:00,0.2809,0.2811,0.2811,0.2809,801.27,0.281,225.15687,801.27,225.15687,
2023-10-19 09:05:00+00:00,0.2805,0.2811,0.2811,0.2809,2313.83,0.2809,649.954847,2313.83,649.954847,
2023-10-19 09:10:00+00:00,0.2809,0.281,0.2809,0.281,1517.72,0.28095,426.403434,1517.72,426.403434,
2023-10-19 09:15:00+00:00,0.2811,0.2815,0.2811,0.2814,1844.18,0.281275,518.7217295,1844.18,518.7217295,
2023-10-19 09:20:00+00:00,0.2812,0.2815,0.2815,0.2812,514.45,0.28135,144.7405075,514.45,144.7405075,
2023-10-19 09:25:00+00:00,0.2812,0.2815,0.2815,0.2812,514.45,0.28135,144.7405075,514.45,144.7405075,
2023-10-19 09:30:00+00:00,0.2809,0.2812,0.2812,0.2811,1855.26,0.2811,521.513586,1855.26,521.513586,
2023-10-19 09:35:00+00:00,0.2809,0.281,0.2809,0.281,3130.64,0.28095,879.553308,3130.64,879.553308,
2023-10-19 09:40:00+00:00,0.2806,0.2809,0.2809,0.2807,1195.15,0.280775,335.56824125,1195.15,335.56824125,
2023-10-19 09:45:00+00:00,0.2802,0.2806,0.2806,0.2802,347.75,0.2804,97.5091,347.75,97.5091,
2023-10-19 09:50:00+00:00,0.2802,0.2806,0.2806,0.2802,347.75,0.2804,97.5091,347.75,97.5091,
2023-10-19 09:55:00+00:00,0.2801,0.2804,0.2801,0.2804,310.77,0.28025,87.0932925,310.77,87.0932925,
2023-10-19 10:00:00+00:00,0.2801,0.2806,0.2804,0.2806,932.76,0.280425,261.569223,932.76,261.569223,
2023-10-19 10:05:00+00:00,0.2806,0.2808,0.2806,0.2807,743.3,0.280675,208.6257275,743.3,208.6257275,
2023-10-19 10:10:00+00:00,0.2808,0.2808,0.2808,0.2808,34.96,0.2808,9.816768,34.96,9.816768,
2023-10-19 10:15:00+00:00,0.2804,0.2807,0.2807,0.2807,635.92,0.280625,178.45505,635.92,178.45505,
2023-10-19 10:20:00+00:00,0.2804,0.2807,0.2807,0.2807,635.92,0.280625,178.45505,635.92,178.45505,
2023-10-19 10:25:00+00:00,0.2802,0.2803,0.2802,0.2803,92.12,0.28025,25.81663,92.12,25.81663,
2023-10-19 10:30:00+00:00,0.2805,0.2805,0.2805,0.2805,1289.32,0.2805,361.65426,1289.32,361.65426,
2023-10-19 10:35:00+00:00,0.2803,0.2809,0.2803,0.2809,2735.31,0.2806,767.527986,2735.31,767.527986,
2023-10-19 10:40:00+00:00,0.2809,0.281,0.281,0.2809,34.54,0.28095,9.704013,34.54,9.704013,
2023-10-19 10:45:00+00:00,0.2811,0.2813,0.2811,0.2812,2192.7,0.281175,616.5324225,2192.7,616.5324225,
2023-10-19 10:50:00+00:00,0.2811,0.2813,0.2811,0.2812,2192.7,0.281175,616.5324225,2192.7,616.5324225,
2023-10-19 10:55:00+00:00,0.2812,0.2813,0.2812,0.2813,2684.68,0.28125,755.06625,2684.68,755.06625,
2023-10-19 11:00:00+00:00,0.2811,0.2812,0.2812,0.2812,1667.56,0.281175,468.876183,1667.56,468.876183,
2023-10-19 11:05:00+00:00,0.2813,0.2813,0.2813,0.2813,2058.2,0.2813,578.97166,2058.2,578.97166,
2023-10-19 11:10:00+00:00,0.2811,0.2816,0.2814,0.2811,643.39,0.2813,180.985607,643.39,180.985607,
2023-10-19 11:15:00+00:00,0.2811,0.2811,0.2811,0.2811,262.86,0.2811,73.889946,262.86,73.889946,
2023-10-19 11:20:00+00:00,0.2811,0.2813,0.2811,0.2812,2095.14,0.281175,589.1009895,2095.14,589.1009895,
2023-10-19 11:25:00+00:00,0.2811,0.2813,0.2811,0.2812,2095.14,0.281175,589.1009895,2095.14,589.1009895,
2023-10-19 11:30:00+00:00,0.2811,0.2813,0.2812,0.2813,5879.97,0.281225,1653.59456325,5879.97,1653.59456325,
2023-10-19 11:35:00+00:00,0.2811,0.2813,0.2812,0.2813,5879.97,0.281225,1653.59456325,5879.97,1653.59456325,
2023-10-19 11:40:00+00:00,0.2814,0.2814,0.2814,0.2814,161.49,0.2814,45.443286,161.49,45.443286,
2023-10-19 11:45:00+00:00,0.2812,0.2813,0.2813,0.2813,3494.2,0.281275,982.831105,3494.2,982.831105,
2023-10-19 11:50:00+00:00,0.2812,0.2813,0.2813,0.2813,3494.2,0.281275,982.831105,3494.2,982.831105,
2023-10-19 11:55:00+00:00,0.2814,0.2817,0.2814,0.2817,4086.93,0.28155,1150.6751415,4086.93,1150.6751415,
2023-10-19 12:00:00+00:00,0.2816,0.2819,0.2819,0.2816,925.87,0.28175,260.8638725,925.87,260.8638725,
2023-10-19 12:05:00+00:00,0.2815,0.2821,0.2817,0.282,3868.97,0.281825,1090.37247025,3868.97,1090.37247025,
2023-10-19 12:10:00+00:00,0.2817,0.2818,0.2818,0.2817,2909.9,0.28175,819.864325,2909.9,819.864325,
2023-10-19 12:15:00+00:00,0.2816,0.2818,0.2816,0.2818,1976.97,0.2817,556.912449,1976.97,556.912449,
2023-10-19 12:20:00+00:00,0.2818,0.2819,0.2819,0.2818,877.7,0.28185,247.379745,877.7,247.379745,
2023-10-19 12:25:00+00:00,0.2815,0.2818,0.2818,0.2815,1113.34,0.28165,313.572211,1113.34,313.572211,
2023-10-19 12:30:00+00:00,0.2815,0.2817,0.2817,0.2817,28380.06,0.28165,7993.243899,28380.06,7993.243899,
2023-10-19 12:35:00+00:00,0.2816,0.2817,0.2816,0.2817,1101.84,0.28165,310.333236,1101.84,310.333236,
2023-10-19 12:40:00+00:00,0.2816,0.2817,0.2816,0.2817,1101.84,0.28165,310.333236,1101.84,310.333236,
2023-10-19 12:45:00+00:00,0.2819,0.282,0.2819,0.282,278.58,0.28195,78.545631,278.58,78.545631,
2023-10-19 12:50:00+00:00,0.2819,0.282,0.2819,0.282,278.58,0.28195,78.545631,278.58,78.545631,
2023-10-19 12:55:00+00:00,0.282,0.2822,0.2822,0.282,5078.62,0.2821,1432.678702,5078.62,1432.678702,
2023-10-19 13:00:00+00:00,0.2819,0.2823,0.2821,0.2823,1030.04,0.28215,290.625786,1030.04,290.625786,
2023-10-19 13:05:00+00:00,0.2824,0.2824,0.2824,0.2824,512.92,0.2824,144.848608,512.92,144.848608,
2023-10-19 13:10:00+00:00,0.2823,0.2825,0.2823,0.2825,1205.02,0.2824,340.297648,1205.02,340.297648,
2023-10-19 13:15:00+00:00,0.2823,0.2828,0.2825,0.2828,384.91,0.2826,108.775566,384.91,108.775566,
2023-10-19 13:20:00+00:00,0.2826,0.283,0.283,0.2826,537.27,0.2828,151.939956,537.27,151.939956,
2023-10-19 13:25:00+00:00,0.2826,0.283,0.283,0.2826,537.27,0.2828,151.939956,537.27,151.939956,
2023-10-19 13:30:00+00:00,0.2825,0.2829,0.2828,0.2825,1952.2,0.282675,551.838135,1952.2,551.838135,
2023-10-19 13:35:00+00:00,0.2824,0.2826,0.2824,0.2825,2105.78,0.282475,594.8302055,2105.78,594.8302055,
2023-10-19 13:40:00+00:00,0.2823,0.2826,0.2824,0.2825,2775.27,0.28245,783.8750115,2775.27,783.8750115,
2023-10-19 13:45:00+00:00,0.2824,0.2827,0.2827,0.2825,1527.25,0.282575,431.56266875,1527.25,431.56266875,
2023-10-19 13:50:00+00:00,0.2825,0.2825,0.2825,0.2825,87.61,0.2825,24.749825,87.61,24.749825,
2023-10-19 13:55:00+00:00,0.2822,0.2824,0.2824,0.2822,498.9,0.2823,140.83947,498.9,140.83947,
2023-10-19 14:00:00+00:00,0.2819,0.2821,0.282,0.2821,1852.24,0.282025,522.377986,1852.24,522.377986,
2023-10-19 14:05:00+00:00,0.2818,0.282,0.282,0.282,485.78,0.28195,136.965671,485.78,136.965671,
2023-10-19 14:10:00+00:00,0.2818,0.282,0.282,0.282,485.78,0.28195,136.965671,485.78,136.965671,
2023-10-19 14:15:00+00:00,0.2819,0.2822,0.2822,0.2819,193.6,0.28205,54.60488,193.6,54.60488,
2023-10-19 14:20:00+00:00,0.2816,0.2818,0.2817,0.2818,1744.67,0.281725,491.51715575,1744.67,491.51715575,
2023-10-19 14:25:00+00:00,0.2814,0.2817,0.2816,0.2814,738.08,0.281525,207.787972,738.08,207.787972,
2023-10-19 14:30:00+00:00,0.2814,0.2817,0.2816,0.2814,738.08,0.281525,207.787972,738.08,207.787972,
2023-10-19 14:35:00+00:00,0.2816,0.2818,0.2816,0.2818,1006.15,0.2817,283.432455,1006.15,283.432455,
2023-10-19 14:40:00+00:00,0.2817,0.282,0.2819,0.2817,3443.87,0.281825,970.56866275,3443.87,970.56866275,
2023-10-19 14:45:00+00:00,0.2816,0.282,0.2817,0.282,605.87,0.281825,170.74931275,605.87,170.74931275,
2023-10-19 14:50:00+00:00,0.2822,0.2828,0.2822,0.2828,5958.15,0.2825,1683.177375,5958.15,1683.177375,
2023-10-19 14:55:00+00:00,0.2829,0.2832,0.2829,0.2831,2268.33,0.283025,641.99409825,2268.33,641.99409825,
2023-10-19 15:00:00+00:00,0.2831,0.2838,0.2833,0.2838,8295.27,0.2835,2351.709045,8295.27,2351.709045,
2023-10-19 15:05:00+00:00,0.2828,0.2834,0.2834,0.2829,4280.43,0.283125,1211.89674375,4280.43,1211.89674375,
2023-10-19 15:10:00+00:00,0.2828,0.2835,0.2831,0.2828,377.99,0.28305,106.9900695,377.99,106.9900695,
2023-10-19 15:15:00+00:00,0.2822,0.2827,0.2826,0.2822,187.23,0.282425,52.87843275,187.23,52.87843275,
2023-10-19 15:20:00+00:00,0.2822,0.2827,0.2826,0.2822,187.23,0.282425,52.87843275,187.23,52.87843275,
2023-10-19 15:25:00+00:00,0.2819,0.2825,0.282,0.2825,4818.47,0.282225,1359.89269575,4818.47,1359.89269575,
2023-10-19 15:30:00+00:00,0.2825,0.2827,0.2825,0.2825,565.01,0.28255,159.6435755,565.01,159.6435755,
2023-10-19 15:35:00+00:00,0.2824,0.2828,0.2828,0.2828,3484.29,0.2827,985.008783,3484.29,985.008783,
2023-10-19 15:40:00+00:00,0.2825,0.2831,0.2825,0.2831,830.41,0.2828,234.839948,830.41,234.839948,
2023-10-19 15:45:00+00:00,0.2829,0.2833,0.283,0.2829,738.78,0.283025,209.0932095,738.78,209.0932095,
2023-10-19 15:50:00+00:00,0.2828,0.283,0.2828,0.2829,357.22,0.282875,101.0486075,357.22,101.0486075,
2023-10-19 15:55:00+00:00,0.2828,0.283,0.2828,0.2829,357.22,0.282875,101.0486075,357.22,101.0486075,
2023-10-19 16:00:00+00:00,0.2828,0.2837,0.2828,0.2832,152873.22,0.283125,43282.2304125,152873.22,43282.2304125,
2023-10-19 16:05:00+00:00,0.2828,0.2831,0.2831,0.2829,18193.23,0.282975,5148.22925925,18193.23,5148.22925925,
2023-10-19 16:10:00+00:00,0.2828,0.2829,0.2829,0.2828,378.01,0.28285,106.9201285,378.01,106.9201285,
2023-10-19 16:15:00+00:00,0.2829,0.2843,0.2829,0.2843,18110.26,0.2836,5136.069736,18110.26,5136.069736,
2023-10-19 16:20:00+00:00,0.2838,0.2844,0.284,0.2844,2877.55,0.28415,817.6558325,2877.55,817.6558325,
2023-10-19 16:25:00+00:00,0.2837,0.2845,0.2844,0.2837,10482.58,0.284075,2977.8389135,10482.58,2977.8389135,
2023-10-19 16:30:00+00:00,0.283,0.2839,0.2838,0.2831,65144.91,0.28345,18465.3247395,65144.91,18465.3247395,
2023-10-19 16:35:00+00:00,0.2829,0.2832,0.2829,0.2832,3412.54,0.28305,965.919447,3412.54,965.919447,
2023-10-19 16:40:00+00:00,0.2828,0.2833,0.2832,0.2828,13021.1,0.283025,3685.2968275,13021.1,3685.2968275,
2023-10-19 16:45:00+00:00,0.2825,0.2831,0.2829,0.2825,348.63,0.28275,98.5751325,348.63,98.5751325,
2023-10-19 16:50:00+00:00,0.2823,0.2826,0.2825,0.2823,483.75,0.282425,136.62309375,483.75,136.62309375,
2023-10-19 16:55:00+00:00,0.2824,0.2825,0.2825,0.2824,304.59,0.28245,86.0314455,304.59,86.0314455,
2023-10-19 17:00:00+00:00,0.2823,0.2827,0.2826,0.2827,19571.88,0.282575,5530.523991,19571.88,5530.523991,
2023-10-19 17:05:00+00:00,0.2823,0.2827,0.2826,0.2827,19571.88,0.282575,5530.523991,19571.88,5530.523991,
2023-10-19 17:10:00+00:00,0.2823,0.2827,0.2826,0.2827,19571.88,0.282575,5530.523991,19571.88,5530.523991,
2023-10-19 17:15:00+00:00,0.2824,0.2827,0.2824,0.2827,2208.87,0.28255,624.1162185,2208.87,624.1162185,
2023-10-19 17:20:00+00:00,0.2825,0.2826,0.2826,0.2825,3368.19,0.28255,951.6820845,3368.19,951.6820845,
2023-10-19 17:25:00+00:00,0.2821,0.2823,0.2822,0.2823,2213.38,0.282225,624.6711705,2213.38,624.6711705,
2023-10-19 17:30:00+00:00,0.2819,0.2823,0.2823,0.2819,1695.72,0.2821,478.362612,1695.72,478.362612,
2023-10-19 17:35:00+00:00,0.2819,0.2823,0.2823,0.2819,1695.72,0.2821,478.362612,1695.72,478.362612,
2023-10-19 17:40:00+00:00,0.2816,0.2818,0.2816,0.2816,70.65,0.28165,19.8985725,70.65,19.8985725,
2023-10-19 17:45:00+00:00,0.2818,0.2821,0.2818,0.2821,705.62,0.28195,198.949559,705.62,198.949559,
2023-10-19 17:50:00+00:00,0.2819,0.2821,0.2819,0.2821,865.53,0.282,244.07946,865.53,244.07946,
2023-10-19 17:55:00+00:00,0.282,0.2823,0.282,0.2822,2019.96,0.282125,569.881215,2019.96,569.881215,
2023-10-19 18:00:00+00:00,0.282,0.2822,0.2822,0.282,2516.34,0.2821,709.859514,2516.34,709.859514,
2023-10-19 18:05:00+00:00,0.2819,0.2822,0.2819,0.2822,184.52,0.28205,52.043866,184.52,52.043866,
2023-10-19 18:10:00+00:00,0.282,0.2823,0.282,0.2823,82.38,0.28215,23.243517,82.38,23.243517,
2023-10-19 18:15:00+00:00,0.2823,0.2824,0.2823,0.2824,934.67,0.28235,263.9040745,934.67,263.9040745,
2023-10-19 18:20:00+00:00,0.2823,0.2824,0.2823,0.2824,934.67,0.28235,263.9040745,934.67,263.9040745,
2023-10-19 18:25:00+00:00,0.2823,0.2826,0.2823,0.2824,2882.44,0.2824,814.001056,2882.44,814.001056,
2023-10-19 18:30:00+00:00,0.2823,0.2826,0.2826,0.2824,1905.19,0.282475,538.16854525,1905.19,538.16854525,
2023-10-19 18:35:00+00:00,0.2822,0.2824,0.2824,0.2822,158.61,0.2823,44.775603,158.61,44.775603,
2023-10-19 18:40:00+00:00,0.2823,0.2825,0.2823,0.2825,663.02,0.2824,187.236848,663.02,187.236848,
2023-10-19 18:45:00+00:00,0.2823,0.2823,0.2823,0.2823,1977.56,0.2823,558.265188,1977.56,558.265188,
2023-10-19 18:50:00+00:00,0.2822,0.2822,0.2822,0.2822,1452.42,0.2822,409.872924,1452.42,409.872924,
2023-10-19 18:55:00+00:00,0.2819,0.2823,0.2823,0.2821,5438.02,0.28215,1534.337343,5438.02,1534.337343,
2023-10-19 19:00:00+00:00,0.282,0.282,0.282,0.282,90.71,0.282,25.58022,90.71,25.58022,
2023-10-19 19:05:00+00:00,0.282,0.2822,0.2822,0.282,177.53,0.2821,50.081213,177.53,50.081213,
2023-10-19 19:10:00+00:00,0.2821,0.2823,0.2822,0.2823,37.62,0.282225,10.6173045,37.62,10.6173045,
2023-10-19 19:15:00+00:00,0.2823,0.2824,0.2823,0.2823,4139.75,0.282325,1168.75491875,4139.75,1168.75491875,
2023-10-19 19:20:00+00:00,0.2824,0.2825,0.2824,0.2825,369.86,0.28245,104.466957,369.86,104.466957,
2023-10-19 19:25:00+00:00,0.2823,0.2825,0.2823,0.2825,887.96,0.2824,250.759904,887.96,250.759904,
2023-10-19 19:30:00+00:00,0.2826,0.2826,0.2826,0.2826,261.76,0.2826,73.973376,261.76,73.973376,
2023-10-19 19:35:00+00:00,0.2826,0.2826,0.2826,0.2826,111.54,0.2826,31.521204,111.54,31.521204,
2023-10-19 19:40:00+00:00,0.2825,0.2828,0.2828,0.2825,1032.93,0.28265,291.9576645,1032.93,291.9576645,
2023-10-19 19:45:00+00:00,0.2827,0.2828,0.2827,0.2827,3002.82,0.282725,848.9722845,3002.82,848.9722845,
2023-10-19 19:50:00+00:00,0.2827,0.2828,0.2827,0.2827,3002.82,0.282725,848.9722845,3002.82,848.9722845,
2023-10-19 19:55:00+00:00,0.2827,0.2829,0.2827,0.2827,1464.46,0.28275,414.076065,1464.46,414.076065,
2023-10-19 20:00:00+00:00,0.2827,0.2829,0.2827,0.2827,1464.46,0.28275,414.076065,1464.46,414.076065,
2023-10-19 20:05:00+00:00,0.2826,0.2831,0.2827,0.2831,2262.19,0.282875,639.91699625,2262.19,639.91699625,
2023-10-19 20:10:00+00:00,0.2828,0.2831,0.2831,0.2829,776.49,0.282975,219.72725775,776.49,219.72725775,
2023-10-19 20:15:00+00:00,0.2828,0.2831,0.2829,0.2829,741.76,0.282925,209.862448,741.76,209.862448,
2023-10-19 20:20:00+00:00,0.2826,0.283,0.2829,0.2826,6814.19,0.282775,1926.88257725,6814.19,1926.88257725,
2023-10-19 20:25:00+00:00,0.2825,0.2828,0.2825,0.2826,1857.25,0.2826,524.85885,1857.25,524.85885,
2023-10-19 20:30:00+00:00,0.2825,0.2826,0.2826,0.2826,717.98,0.282575,202.8831985,717.98,202.8831985,
2023-10-19 20:35:00+00:00,0.2826,0.283,0.2826,0.283,1010.63,0.2828,285.806164,1010.63,285.806164,
2023-10-19 20:40:00+00:00,0.283,0.2837,0.2831,0.2835,6889.1,0.283325,1951.8542575,6889.1,1951.8542575,
2023-10-19 20:45:00+00:00,0.2833,0.2837,0.2836,0.2835,4654.14,0.283525,1319.5650435,4654.14,1319.5650435,
2023-10-19 20:50:00+00:00,0.2833,0.2836,0.2836,0.2833,2477.05,0.28345,702.1198225,2477.05,702.1198225,
2023-10-19 20:55:00+00:00,0.2829,0.2834,0.2833,0.2831,4742.88,0.283175,1343.065044,4742.88,1343.065044,
2023-10-19 21:00:00+00:00,0.2831,0.2834,0.2832,0.2834,2763.61,0.283275,782.86162275,2763.61,782.86162275,
2023-10-19 21:05:00+00:00,0.2829,0.2832,0.2831,0.283,1452.74,0.28305,411.198057,1452.74,411.198057,
2023-10-19 21:10:00+00:00,0.2824,0.2829,0.2829,0.2824,3609.58,0.28265,1020.247787,3609.58,1020.247787,
2023-10-19 21:15:00+00:00,0.2824,0.2829,0.2829,0.2824,3609.58,0.28265,1020.247787,3609.58,1020.247787,
2023-10-19 21:20:00+00:00,0.2822,0.2822,0.2822,0.2822,162.16,0.2822,45.761552,162.16,45.761552,
2023-10-19 21:25:00+00:00,0.2822,0.2822,0.2822,0.2822,162.16,0.2822,45.761552,162.16,45.761552,
2023-10-19 21:30:00+00:00,0.282,0.2822,0.2822,0.282,630.01,0.2821,177.725821,630.01,177.725821,
2023-10-19 21:35:00+00:00,0.282,0.2822,0.2822,0.282,630.01,0.2821,177.725821,630.01,177.725821,
2023-10-19 21:40:00+00:00,0.2819,0.282,0.2819,0.282,478.15,0.28195,134.8143925,478.15,134.8143925,
2023-10-19 21:45:00+00:00,0.2819,0.2822,0.2819,0.282,1463.87,0.282,412.81134,1463.87,412.81134,
2023-10-19 21:50:00+00:00,0.282,0.2822,0.2822,0.2822,1359.57,0.28215,383.6026755,1359.57,383.6026755,
2023-10-19 21:55:00+00:00,0.2824,0.2824,0.2824,0.2824,1239.85,0.2824,350.13364,1239.85,350.13364,
2023-10-19 22:00:00+00:00,0.2823,0.2827,0.2823,0.2825,1376.79,0.28245,388.8743355,1376.79,388.8743355,
2023-10-19 22:05:00+00:00,0.2825,0.2828,0.2825,0.2828,2124.7,0.28265,600.546455,2124.7,600.546455,
2023-10-19 22:10:00+00:00,0.2825,0.2828,0.2825,0.2828,2124.7,0.28265,600.546455,2124.7,600.546455,
2023-10-19 22:15:00+00:00,0.2829,0.2831,0.2831,0.2831,594.13,0.28305,168.1684965,594.13,168.1684965,
2023-10-19 22:20:00+00:00,0.283,0.2834,0.2831,0.2834,376.74,0.283225,106.7021865,376.74,106.7021865,
2023-10-19 22:25:00+00:00,0.283,0.2834,0.2831,0.2834,376.74,0.283225,106.7021865,376.74,106.7021865,
2023-10-19 22:30:00+00:00,0.2833,0.2834,0.2833,0.2833,1051.43,0.283325,297.89640475,1051.43,297.89640475,
2023-10-19 22:35:00+00:00,0.283,0.2832,0.2832,0.2831,1588.55,0.283125,449.75821875,1588.55,449.75821875,
2023-10-19 22:40:00+00:00,0.283,0.2833,0.2832,0.283,1378.31,0.283125,390.23401875,1378.31,390.23401875,
2023-10-19 22:45:00+00:00,0.2829,0.2829,0.2829,0.2829,342.27,0.2829,96.828183,342.27,96.828183,
2023-10-19 22:50:00+00:00,0.2829,0.2829,0.2829,0.2829,2.82,0.2829,0.797778,2.82,0.797778,
2023-10-19 22:55:00+00:00,0.2827,0.2831,0.2829,0.2831,14927.78,0.28295,4223.815351,14927.78,4223.815351,
2023-10-19 23:00:00+00:00,0.2827,0.2831,0.2829,0.283,36970.34,0.282925,10459.8334445,36970.34,10459.8334445,
2023-10-19 23:05:00+00:00,0.2828,0.2829,0.2828,0.2829,256.77,0.28285,72.6273945,256.77,72.6273945,
2023-10-19 23:10:00+00:00,0.2827,0.2828,0.2828,0.2827,203.24,0.28275,57.46611,203.24,57.46611,
2023-10-19 23:15:00+00:00,0.2829,0.2831,0.283,0.2829,2594.36,0.282975,734.139021,2594.36,734.139021,
2023-10-19 23:20:00+00:00,0.2828,0.2829,0.2828,0.2829,337.54,0.28285,95.473189,337.54,95.473189,
2023-10-19 23:25:00+00:00,0.2828,0.2831,0.2828,0.283,7718.14,0.282925,2183.6547595,7718.14,2183.6547595,
2023-10-19 23:30:00+00:00,0.283,0.2831,0.2831,0.2831,1957.73,0.283075,554.18441975,1957.73,554.18441975,
2023-10-19 23:35:00+00:00,0.2831,0.2835,0.2831,0.2835,1937.78,0.2833,548.973074,1937.78,548.973074,
2023-10-19 23:40:00+00:00,0.2835,0.2837,0.2836,0.2837,197.15,0.283625,55.91666875,197.15,55.91666875,
2023-10-19 23:45:00+00:00,0.2835,0.2837,0.2836,0.2837,1759.32,0.283625,498.987135,1759.32,498.987135,
2023-10-19 23:50:00+00:00,0.2835,0.2837,0.2836,0.2837,1759.32,0.283625,498.987135,1759.32,498.987135,
2023-10-19 23:55:00+00:00,0.2836,0.2838,0.2838,0.2838,491.27,0.28375,139.3978625,491.27,139.3978625,
2023-10-20 00:00:00+00:00,0.2838,0.284,0.2838,0.284,743.48,0.2839,211.073972,743.48,211.073972,
2023-10-20 00:05:00+00:00,0.2837,0.284,0.2839,0.2838,2227.94,0.28385,632.400769,2227.94,632.400769,
2023-10-20 00:10:00+00:00,0.2837,0.2837,0.2837,0.2837,1358.0,0.2837,385.2646,1358.0,385.2646,
2023-10-20 00:15:00+00:00,0.2836,0.2837,0.2837,0.2837,3598.17,0.283675,1020.71087475,3598.17,1020.71087475,
2023-10-20 00:20:00+00:00,0.2836,0.2837,0.2837,0.2837,3598.17,0.283675,1020.71087475,3598.17,1020.71087475,
2023-10-20 00:25:00+00:00,0.2836,0.284,0.284,0.2836,8223.41,0.2838,2333.803758,8223.41,2333.803758,
2023-10-20 00:30:00+00:00,0.2836,0.284,0.284,0.2836,8223.41,0.2838,2333.803758,8223.41,2333.803758,
2023-10-20 00:35:00+00:00,0.2836,0.284,0.284,0.2836,8223.41,0.2838,2333.803758,8223.41,2333.803758,
2023-10-20 00:40:00+00:00,0.2834,0.2835,0.2835,0.2834,2276.27,0.28345,645.2087315,2276.27,645.2087315,
2023-10-20 00:45:00+00:00,0.2834,0.2835,0.2835,0.2834,2276.27,0.28345,645.2087315,2276.27,645.2087315,
2023-10-20 00:50:00+00:00,0.2835,0.2837,0.2835,0.2837,2455.0,0.2836,696.238,2455.0,696.238,
2023-10-20 00:55:00+00:00,0.2835,0.2837,0.2835,0.2837,2455.0,0.2836,696.238,2455.0,696.238,
2023-10-20 01:00:00+00:00,0.2834,0.2835,0.2835,0.2834,1682.81,0.28345,476.9924945,1682.81,476.9924945,
2023-10-20 01:05:00+00:00,0.283,0.2833,0.2833,0.283,685.02,0.28315,193.963413,685.02,193.963413,
2023-10-20 01:10:00+00:00,0.283,0.2833,0.2833,0.283,685.02,0.28315,193.963413,685.02,193.963413,
2023-10-20 01:15:00+00:00,0.2833,0.2835,0.2834,0.2835,3159.4,0.283425,895.452945,3159.4,895.452945,
2023-10-20 01:20:00+00:00,0.2833,0.2835,0.2834,0.2835,3159.4,0.283425,895.452945,3159.4,895.452945,
2023-10-20 01:25:00+00:00,0.2837,0.2842,0.2837,0.2838,14866.93,0.28385,4219.9780805,14866.93,4219.9780805,
2023-10-20 01:30:00+00:00,0.2837,0.2842,0.2837,0.2838,14866.93,0.28385,4219.9780805,14866.93,4219.9780805,
2023-10-20 01:35:00+00:00,0.2838,0.2841,0.2838,0.284,2894.53,0.283925,821.82943025,2894.53,821.82943025,
2023-10-20 01:40:00+00:00,0.2837,0.2838,0.2837,0.2838,1553.97,0.28375,440.9389875,1553.97,440.9389875,
2023-10-20 01:45:00+00:00,0.2836,0.284,0.2836,0.284,349.58,0.2838,99.210804,349.58,99.210804,
2023-10-20 01:50:00+00:00,0.2836,0.284,0.2836,0.284,349.58,0.2838,99.210804,349.58,99.210804,
2023-10-20 01:55:00+00:00,0.284,0.2845,0.2842,0.2845,1041.0,0.2843,295.9563,1041.0,295.9563,
2023-10-20 02:00:00+00:00,0.2845,0.2846,0.2845,0.2846,250.14,0.28455,71.177337,250.14,71.177337,
2023-10-20 02:05:00+00:00,0.285,0.285,0.285,0.285,38.9,0.285,11.0865,38.9,11.0865,
2023-10-20 02:10:00+00:00,0.285,0.2855,0.285,0.2855,177.23,0.28525,50.5548575,177.23,50.5548575,
2023-10-20 02:15:00+00:00,0.2858,0.2867,0.2858,0.2867,30011.87,0.28625,8590.8977875,30011.87,8590.8977875,
2023-10-20 02:20:00+00:00,0.2862,0.2866,0.2865,0.2862,1744.24,0.286375,499.50673,1744.24,499.50673,
2023-10-20 02:25:00+00:00,0.286,0.2863,0.2863,0.2862,2624.98,0.2862,751.269276,2624.98,751.269276,
2023-10-20 02:30:00+00:00,0.2863,0.287,0.2863,0.287,5619.91,0.28665,1610.9472015,5619.91,1610.9472015,
2023-10-20 02:35:00+00:00,0.2869,0.287,0.287,0.2869,271.8,0.28695,77.99301,271.8,77.99301,
2023-10-20 02:40:00+00:00,0.2867,0.287,0.2867,0.287,4068.79,0.28685,1167.1324115,4068.79,1167.1324115,
2023-10-20 02:45:00+00:00,0.287,0.2881,0.2873,0.287,25301.42,0.28735,7270.363037,25301.42,7270.363037,
2023-10-20 02:50:00+00:00,0.2873,0.288,0.2873,0.288,2426.53,0.28765,697.9913545,2426.53,697.9913545,
2023-10-20 02:55:00+00:00,0.2876,0.2878,0.2877,0.2878,594.25,0.287725,170.98058125,594.25,170.98058125,
2023-10-20 03:00:00+00:00,0.2879,0.2885,0.2879,0.2884,968.28,0.288175,279.034089,968.28,279.034089,
2023-10-20 03:05:00+00:00,0.2881,0.2885,0.2885,0.2885,835.69,0.2884,241.012996,835.69,241.012996,
2023-10-20 03:10:00+00:00,0.2888,0.2891,0.2888,0.2891,481.11,0.28895,139.0167345,481.11,139.0167345,
2023-10-20 03:15:00+00:00,0.2888,0.2901,0.2888,0.2897,11479.29,0.28935,3321.5325615,11479.29,3321.5325615,
2023-10-20 03:20:00+00:00,0.2892,0.2905,0.2894,0.2905,6019.1,0.2899,1744.93709,6019.1,1744.93709,
2023-10-20 03:25:00+00:00,0.29,0.2906,0.2901,0.2906,2982.08,0.290325,865.772376,2982.08,865.772376,
2023-10-20 03:30:00+00:00,0.2894,0.2904,0.2904,0.2894,7641.78,0.2899,2215.352022,7641.78,2215.352022,
2023-10-20 03:35:00+00:00,0.2893,0.2896,0.2894,0.2894,942.3,0.289425,272.7251775,942.3,272.7251775,
2023-10-20 03:40:00+00:00,0.289,0.2893,0.2893,0.289,20809.46,0.28915,6017.055359,20809.46,6017.055359,
2023-10-20 03:45:00+00:00,0.2886,0.2889,0.2888,0.2886,1721.5,0.288725,497.0400875,1721.5,497.0400875,
2023-10-20 03:50:00+00:00,0.2886,0.2891,0.2886,0.2891,89.57,0.28885,25.8722945,89.57,25.8722945,
2023-10-20 03:55:00+00:00,0.289,0.2891,0.2891,0.289,1321.45,0.28905,381.9651225,1321.45,381.9651225,
2023-10-20 04:00:00+00:00,0.2889,0.2894,0.289,0.2894,128.41,0.289175,37.13296175,128.41,37.13296175,
2023-10-20 04:05:00+00:00,0.2888,0.2895,0.2895,0.289,55128.74,0.2892,15943.231608,55128.74,15943.231608,
2023-10-20 04:10:00+00:00,0.2889,0.2893,0.289,0.2893,2123.82,0.289125,614.0494575,2123.82,614.0494575,
2023-10-20 04:15:00+00:00,0.2894,0.2895,0.2894,0.2895,2039.09,0.28945,590.2146005,2039.09,590.2146005,
2023-10-20 04:20:00+00:00,0.2896,0.29,0.2896,0.2896,11356.0,0.2897,3289.8332,11356.0,3289.8332,
2023-10-20 04:25:00+00:00,0.2897,0.2901,0.2897,0.2898,8279.85,0.289825,2399.70752625,8279.85,2399.70752625,
2023-10-20 04:30:00+00:00,0.2893,0.2898,0.2898,0.2893,4576.92,0.28955,1325.247186,4576.92,1325.247186,
2023-10-20 04:35:00+00:00,0.2891,0.2894,0.2894,0.2892,14011.34,0.289275,4053.1303785,14011.34,4053.1303785,
2023-10-20 04:40:00+00:00,0.2894,0.2896,0.2894,0.2894,4831.57,0.28945,1398.4979365,4831.57,1398.4979365,
2023-10-20 04:45:00+00:00,0.2893,0.2894,0.2894,0.2893,2467.0,0.28935,713.82645,2467.0,713.82645,
2023-10-20 04:50:00+00:00,0.289,0.2892,0.2891,0.2892,379.74,0.289125,109.7923275,379.74,109.7923275,
2023-10-20 04:55:00+00:00,0.2891,0.2894,0.2893,0.2893,6730.02,0.289275,1946.8265355,6730.02,1946.8265355,
2023-10-20 05:00:00+00:00,0.2894,0.2896,0.2894,0.2896,2590.22,0.2895,749.86869,2590.22,749.86869,
2023-10-20 05:05:00+00:00,0.2895,0.2896,0.2895,0.2896,1154.69,0.28955,334.3404895,1154.69,334.3404895,
2023-10-20 05:10:00+00:00,0.2897,0.2897,0.2897,0.2897,330.01,0.2897,95.603897,330.01,95.603897,
2023-10-20 05:15:00+00:00,0.2897,0.29,0.2899,0.2897,2967.03,0.289825,859.91946975,2967.03,859.91946975,
2023-10-20 05:20:00+00:00,0.2894,0.2898,0.2898,0.2895,4833.6,0.289625,1399.9314,4833.6,1399.9314,
2023-10-20 05:25:00+00:00,0.2892,0.2895,0.2895,0.2894,880.2,0.2894,254.72988,880.2,254.72988,
2023-10-20 05:30:00+00:00,0.2892,0.2895,0.2895,0.2894,880.2,0.2894,254.72988,880.2,254.72988,
2023-10-20 05:35:00+00:00,0.2897,0.2901,0.2897,0.2901,4198.07,0.2899,1217.020493,4198.07,1217.020493,
2023-10-20 05:40:00+00:00,0.2901,0.2902,0.2901,0.2901,1210.34,0.290125,351.1498925,1210.34,351.1498925,
2023-10-20 05:45:00+00:00,0.2901,0.2903,0.2901,0.2901,606.11,0.29015,175.8628165,606.11,175.8628165,
2023-10-20 05:50:00+00:00,0.2903,0.2903,0.2903,0.2903,299.48,0.2903,86.939044,299.48,86.939044,
2023-10-20 05:55:00+00:00,0.2902,0.2905,0.2903,0.2904,953.33,0.29035,276.7993655,953.33,276.7993655,
2023-10-20 06:00:00+00:00,0.2903,0.2905,0.2904,0.2905,271.34,0.290425,78.8039195,271.34,78.8039195,
2023-10-20 06:05:00+00:00,0.2906,0.2908,0.2906,0.2908,1205.49,0.2907,350.435943,1205.49,350.435943,
2023-10-20 06:10:00+00:00,0.2906,0.2908,0.2906,0.2908,1205.49,0.2907,350.435943,1205.49,350.435943,
2023-10-20 06:15:00+00:00,0.2903,0.2908,0.2906,0.2903,1943.36,0.2905,564.54608,1943.36,564.54608,
2023-10-20 06:20:00+00:00,0.2904,0.2905,0.2904,0.2904,11779.09,0.290425,3420.94221325,11779.09,3420.94221325,
2023-10-20 06:25:00+00:00,0.2904,0.2905,0.2904,0.2905,2108.35,0.29045,612.3702575,2108.35,612.3702575,
2023-10-20 06:30:00+00:00,0.2904,0.2907,0.2906,0.2907,130.93,0.2906,38.048258,130.93,38.048258,
2023-10-20 06:35:00+00:00,0.2904,0.2907,0.2906,0.2907,130.93,0.2906,38.048258,130.93,38.048258,
2023-10-20 06:40:00+00:00,0.2906,0.2906,0.2906,0.2906,35.7,0.2906,10.37442,35.7,10.37442,
2023-10-20 06:45:00+00:00,0.2905,0.2909,0.2909,0.2905,280.05,0.2907,81.410535,280.05,81.410535,
2023-10-20 06:50:00+00:00,0.2902,0.2905,0.2903,0.2905,13556.12,0.290375,3936.358345,13556.12,3936.358345,
2023-10-20 06:55:00+00:00,0.2902,0.2905,0.2903,0.2905,13556.12,0.290375,3936.358345,13556.12,3936.358345,
2023-10-20 07:00:00+00:00,0.2902,0.2905,0.2903,0.2905,13556.12,0.290375,3936.358345,13556.12,3936.358345,
2023-10-20 07:05:00+00:00,0.2905,0.2909,0.2905,0.2909,2020.76,0.2907,587.434932,2020.76,587.434932,
2023-10-20 07:10:00+00:00,0.2908,0.2909,0.2909,0.2908,3693.35,0.29085,1074.2108475,3693.35,1074.2108475,
2023-10-20 07:15:00+00:00,0.2905,0.2908,0.2906,0.2908,5815.47,0.290675,1690.41174225,5815.47,1690.41174225,
2023-10-20 07:20:00+00:00,0.2905,0.2908,0.2906,0.2908,5815.47,0.290675,1690.41174225,5815.47,1690.41174225,
2023-10-20 07:25:00+00:00,0.2908,0.291,0.2909,0.2909,4388.62,0.2909,1276.649558,4388.62,1276.649558,
2023-10-20 07:30:00+00:00,0.2907,0.2911,0.2907,0.2911,17.59,0.2909,5.116931,17.59,5.116931,
2023-10-20 07:35:00+00:00,0.2907,0.2911,0.2907,0.2911,17.59,0.2909,5.116931,17.59,5.116931,
2023-10-20 07:40:00+00:00,0.2909,0.2912,0.2912,0.2909,845.2,0.29105,245.99546,845.2,245.99546,
2023-10-20 07:45:00+00:00,0.2905,0.2909,0.2909,0.2905,1648.38,0.2907,479.184066,1648.38,479.184066,
2023-10-20 07:50:00+00:00,0.29,0.2905,0.2905,0.2903,12574.15,0.290325,3650.59009875,12574.15,3650.59009875,
2023-10-20 07:55:00+00:00,0.2902,0.2903,0.2902,0.2903,1722.14,0.29025,499.851135,1722.14,499.851135,
2023-10-20 08:00:00+00:00,0.2902,0.2909,0.2904,0.2909,232.2,0.2906,67.47732,232.2,67.47732,
2023-10-20 08:05:00+00:00,0.2909,0.2912,0.2911,0.2912,680.11,0.2911,197.980021,680.11,197.980021,
2023-10-20 08:10:00+00:00,0.2909,0.2912,0.2911,0.2912,680.11,0.2911,197.980021,680.11,197.980021,
2023-10-20 08:15:00+00:00,0.2915,0.2921,0.2915,0.2917,1967.41,0.2917,573.893497,1967.41,573.893497,
2023-10-20 08:20:00+00:00,0.2916,0.2921,0.2916,0.2921,135.27,0.29185,39.4785495,135.27,39.4785495,
2023-10-20 08:25:00+00:00,0.2922,0.2933,0.2922,0.293,415.11,0.292675,121.49231925,415.11,121.49231925,
2023-10-20 08:30:00+00:00,0.2927,0.294,0.2928,0.2936,1064.44,0.293275,312.173641,1064.44,312.173641,
2023-10-20 08:35:00+00:00,0.2936,0.2942,0.2936,0.2939,6990.42,0.293825,2053.9601565,6990.42,2053.9601565,
2023-10-20 08:40:00+00:00,0.2939,0.2944,0.2939,0.294,2419.9,0.29405,711.571595,2419.9,711.571595,
2023-10-20 08:45:00+00:00,0.294,0.2943,0.2943,0.2941,2316.73,0.294175,681.52404775,2316.73,681.52404775,
2023-10-20 08:50:00+00:00,0.2942,0.2947,0.2942,0.2947,2032.85,0.29445,598.5726825,2032.85,598.5726825,
2023-10-20 08:55:00+00:00,0.294,0.2953,0.2949,0.2941,4082.01,0.294575,1202.45809575,4082.01,1202.45809575,
2023-10-20 09:00:00+00:00,0.2933,0.294,0.2937,0.294,1426.01,0.29375,418.8904375,1426.01,418.8904375,
2023-10-20 09:05:00+00:00,0.294,0.2941,0.294,0.294,991.73,0.294025,291.59341325,991.73,291.59341325,
2023-10-20 09:10:00+00:00,0.2939,0.294,0.294,0.2939,1311.96,0.29395,385.650642,1311.96,385.650642,
2023-10-20 09:15:00+00:00,0.2934,0.2941,0.2937,0.2941,3859.75,0.293825,1134.09104375,3859.75,1134.09104375,
2023-10-20 09:20:00+00:00,0.2939,0.2946,0.2939,0.2944,4066.27,0.2942,1196.296634,4066.27,1196.296634,
2023-10-20 09:25:00+00:00,0.2944,0.2945,0.2944,0.2944,512.12,0.294425,150.780931,512.12,150.780931,
2023-10-20 09:30:00+00:00,0.2941,0.2946,0.2944,0.2946,3078.05,0.294425,906.25487125,3078.05,906.25487125,
2023-10-20 09:35:00+00:00,0.2945,0.2946,0.2946,0.2945,169.88,0.29455,50.038154,169.88,50.038154,
2023-10-20 09:40:00+00:00,0.2942,0.2945,0.2945,0.2942,336.74,0.29435,99.119419,336.74,99.119419,
2023-10-20 09:45:00+00:00,0.294,0.2946,0.294,0.2946,754.86,0.2943,222.155298,754.86,222.155298,
2023-10-20 09:50:00+00:00,0.2946,0.2949,0.2948,0.2949,132.04,0.2948,38.925392,132.04,38.925392,
2023-10-20 09:55:00+00:00,0.2948,0.2951,0.295,0.295,4111.71,0.294975,1212.85165725,4111.71,1212.85165725,
2023-10-20 10:00:00+00:00,0.2952,0.2955,0.2952,0.2954,12331.37,0.295325,3641.76184525,12331.37,3641.76184525,
2023-10-20 10:05:00+00:00,0.2952,0.2959,0.2955,0.2958,11213.79,0.2956,3314.796324,11213.79,3314.796324,
2023-10-20 10:10:00+00:00,0.2953,0.296,0.2956,0.2958,3990.32,0.295675,1179.837866,3990.32,1179.837866,
2023-10-20 10:15:00+00:00,0.2961,0.2964,0.2961,0.2964,1008.59,0.29625,298.7947875,1008.59,298.7947875,
2023-10-20 10:20:00+00:00,0.296,0.2964,0.2964,0.296,3179.07,0.2962,941.640534,3179.07,941.640534,
2023-10-20 10:25:00+00:00,0.2951,0.296,0.296,0.2951,1310.16,0.29555,387.217788,1310.16,387.217788,
2023-10-20 10:30:00+00:00,0.2949,0.2961,0.2951,0.2961,8016.9,0.29555,2369.394795,8016.9,2369.394795,
2023-10-20 10:35:00+00:00,0.2962,0.2971,0.2962,0.2971,1898.03,0.29665,563.0505995,1898.03,563.0505995,
2023-10-20 10:40:00+00:00,0.2958,0.2974,0.2972,0.2958,5548.05,0.29655,1645.2742275,5548.05,1645.2742275,
2023-10-20 10:45:00+00:00,0.2949,0.2958,0.2955,0.2949,1022.81,0.295275,302.01022275,1022.81,302.01022275,
2023-10-20 10:50:00+00:00,0.2944,0.2946,0.2946,0.2944,88.51,0.2945,26.066195,88.51,26.066195,
2023-10-20 10:55:00+00:00,0.2942,0.2945,0.2945,0.2942,8946.71,0.29435,2633.4640885,8946.71,2633.4640885,
2023-10-20 11:00:00+00:00,0.294,0.2948,0.294,0.2948,3686.25,0.2944,1085.232,3686.25,1085.232,
2023-10-20 11:05:00+00:00,0.2946,0.2949,0.2946,0.2949,1439.18,0.29475,424.198305,1439.18,424.198305,
2023-10-20 11:10:00+00:00,0.2948,0.2952,0.2951,0.2948,2039.55,0.294975,601.61626125,2039.55,601.61626125,
2023-10-20 11:15:00+00:00,0.2948,0.2949,0.2948,0.2949,2706.47,0.29485,798.0026795,2706.47,798.0026795,
2023-10-20 11:20:00+00:00,0.2948,0.2952,0.2948,0.2952,9130.3,0.295,2693.4385,9130.3,2693.4385,
2023-10-20 11:25:00+00:00,0.2948,0.2952,0.2948,0.2952,9130.3,0.295,2693.4385,9130.3,2693.4385,
2023-10-20 11:30:00+00:00,0.2948,0.295,0.295,0.2949,3207.21,0.294925,945.88640925,3207.21,945.88640925,
2023-10-20 11:35:00+00:00,0.2944,0.295,0.295,0.2944,3340.6,0.2947,984.47482,3340.6,984.47482,
2023-10-20 11:40:00+00:00,0.294,0.2946,0.2946,0.2945,1136.31,0.294425,334.55807175,1136.31,334.55807175,
2023-10-20 11:45:00+00:00,0.2943,0.2947,0.2945,0.2943,896.99,0.29445,264.1187055,896.99,264.1187055,
2023-10-20 11:50:00+00:00,0.2939,0.2943,0.2943,0.2942,7359.58,0.294175,2165.0044465,7359.58,2165.0044465,
2023-10-20 11:55:00+00:00,0.2938,0.2941,0.294,0.2941,7377.92,0.294,2169.10848,7377.92,2169.10848,
2023-10-20 12:00:00+00:00,0.2942,0.2946,0.2942,0.2946,1330.81,0.2944,391.790464,1330.81,391.790464,
2023-10-20 12:05:00+00:00,0.2943,0.2947,0.2947,0.2943,227.03,0.2945,66.860335,227.03,66.860335,
2023-10-20 12:10:00+00:00,0.2943,0.2945,0.2943,0.2943,1074.97,0.29435,316.4174195,1074.97,316.4174195,
2023-10-20 12:15:00+00:00,0.294,0.2944,0.2943,0.294,1717.78,0.294175,505.3279315,1717.78,505.3279315,
2023-10-20 12:20:00+00:00,0.2934,0.2939,0.2939,0.2934,1523.17,0.29365,447.2788705,1523.17,447.2788705,
2023-10-20 12:25:00+00:00,0.2925,0.2936,0.2936,0.2928,7007.73,0.293125,2054.14085625,7007.73,2054.14085625,
2023-10-20 12:30:00+00:00,0.2924,0.2931,0.2927,0.2931,4128.52,0.292825,1208.933869,4128.52,1208.933869,
2023-10-20 12:35:00+00:00,0.2932,0.2935,0.2932,0.2935,135.21,0.29335,39.6638535,135.21,39.6638535,
2023-10-20 12:40:00+00:00,0.2931,0.2935,0.2934,0.2932,376.17,0.2933,110.330661,376.17,110.330661,
2023-10-20 12:45:00+00:00,0.2924,0.2931,0.2931,0.2927,6675.88,0.292825,1954.864561,6675.88,1954.864561,
2023-10-20 12:50:00+00:00,0.2919,0.293,0.2924,0.2928,96430.5,0.292525,28208.3320125,96430.5,28208.3320125,
2023-10-20 12:55:00+00:00,0.293,0.2932,0.2931,0.2931,1977.46,0.2931,579.593526,1977.46,579.593526,
2023-10-20 13:00:00+00:00,0.2931,0.2935,0.2934,0.2933,4607.08,0.293325,1351.371741,4607.08,1351.371741,
2023-10-20 13:05:00+00:00,0.2931,0.2935,0.2934,0.2934,906.11,0.29335,265.8073685,906.11,265.8073685,
2023-10-20 13:10:00+00:00,0.293,0.2931,0.2931,0.293,3465.89,0.29305,1015.6790645,3465.89,1015.6790645,
2023-10-20 13:15:00+00:00,0.2929,0.2932,0.2931,0.2932,1926.18,0.2931,564.563358,1926.18,564.563358,
2023-10-20 13:20:00+00:00,0.2928,0.293,0.293,0.2928,2023.14,0.2929,592.577706,2023.14,592.577706,
2023-10-20 13:25:00+00:00,0.2924,0.2927,0.2927,0.2924,1136.81,0.29255,332.5737655,1136.81,332.5737655,
2023-10-20 13:30:00+00:00,0.2921,0.2928,0.2921,0.2928,1362.48,0.29245,398.457276,1362.48,398.457276,
2023-10-20 13:35:00+00:00,0.293,0.2935,0.293,0.2931,3530.0,0.29315,1034.8195,3530.0,1034.8195,
2023-10-20 13:40:00+00:00,0.293,0.2934,0.2932,0.293,3489.14,0.29315,1022.841391,3489.14,1022.841391,
2023-10-20 13:45:00+00:00,0.2931,0.294,0.2931,0.2935,97800.76,0.293425,28697.188003,97800.76,28697.188003,
2023-10-20 13:50:00+00:00,0.2938,0.294,0.2938,0.294,2878.92,0.2939,846.114588,2878.92,846.114588,
2023-10-20 13:55:00+00:00,0.294,0.294,0.294,0.294,634.4,0.294,186.5136,634.4,186.5136,
2023-10-20 14:00:00+00:00,0.2939,0.2946,0.2939,0.2946,2646.35,0.29425,778.6884875,2646.35,778.6884875,
2023-10-20 14:05:00+00:00,0.294,0.2948,0.2947,0.294,8287.53,0.294375,2439.64164375,8287.53,2439.64164375,
2023-10-20 14:10:00+00:00,0.293,0.294,0.294,0.2935,894.03,0.293625,262.50955875,894.03,262.50955875,
2023-10-20 14:15:00+00:00,0.2933,0.2936,0.2933,0.2936,5.95,0.29345,1.7460275,5.95,1.7460275,
2023-10-20 14:20:00+00:00,0.2934,0.2937,0.2934,0.2935,1566.4,0.2935,459.7384,1566.4,459.7384,
2023-10-20 14:25:00+00:00,0.2931,0.2937,0.2935,0.2931,3453.89,0.29335,1013.1986315,3453.89,1013.1986315,
2023-10-20 14:30:00+00:00,0.2931,0.2935,0.2932,0.2934,956.84,0.2933,280.641172,956.84,280.641172,
2023-10-20 14:35:00+00:00,0.2937,0.2939,0.2937,0.2937,2310.87,0.29375,678.8180625,2310.87,678.8180625,
2023-10-20 14:40:00+00:00,0.2936,0.294,0.2936,0.294,834.87,0.2938,245.284806,834.87,245.284806,
2023-10-20 14:45:00+00:00,0.2941,0.2943,0.2941,0.2943,52.1,0.2942,15.32782,52.1,15.32782,
2023-10-20 14:50:00+00:00,0.294,0.2942,0.294,0.2942,9.34,0.2941,2.746894,9.34,2.746894,
2023-10-20 14:55:00+00:00,0.2939,0.2942,0.2939,0.2942,19.55,0.29405,5.7486775,19.55,5.7486775,
2023-10-20 15:00:00+00:00,0.2939,0.2942,0.2939,0.2942,19.55,0.29405,5.7486775,19.55,5.7486775,
2023-10-20 15:05:00+00:00,0.2941,0.2945,0.2942,0.2945,3336.74,0.294325,982.0860005,3336.74,982.0860005,
2023-10-20 15:10:00+00:00,0.2944,0.2945,0.2945,0.2944,2808.52,0.29445,826.968714,2808.52,826.968714,
2023-10-20 15:15:00+00:00,0.2938,0.2943,0.2943,0.2938,1439.56,0.29405,423.302618,1439.56,423.302618,
2023-10-20 15:20:00+00:00,0.2939,0.2943,0.2943,0.2939,282.86,0.2941,83.189126,282.86,83.189126,
2023-10-20 15:25:00+00:00,0.2939,0.2944,0.2939,0.2941,2415.59,0.294075,710.36462925,2415.59,710.36462925,
2023-10-20 15:30:00+00:00,0.2938,0.2942,0.2942,0.2938,3021.24,0.294,888.24456,3021.24,888.24456,
2023-10-20 15:35:00+00:00,0.2938,0.2942,0.2942,0.2938,3021.24,0.294,888.24456,3021.24,888.24456,
2023-10-20 15:40:00+00:00,0.2934,0.2937,0.2937,0.2937,386.91,0.293625,113.60644875,386.91,113.60644875,
2023-10-20 15:45:00+00:00,0.2934,0.2937,0.2937,0.2937,386.91,0.293625,113.60644875,386.91,113.60644875,
2023-10-20 15:50:00+00:00,0.2935,0.2936,0.2936,0.2936,1760.48,0.293575,516.832916,1760.48,516.832916,
2023-10-20 15:55:00+00:00,0.2935,0.2936,0.2936,0.2936,1760.48,0.293575,516.832916,1760.48,516.832916,
2023-10-20 16:00:00+00:00,0.2935,0.2938,0.2935,0.2938,1214.36,0.29365,356.596814,1214.36,356.596814,
2023-10-20 16:05:00+00:00,0.2938,0.2939,0.2939,0.2939,3800.6,0.293875,1116.901325,3800.6,1116.901325,
2023-10-20 16:10:00+00:00,0.2934,0.2937,0.2937,0.2934,4458.97,0.29355,1308.9306435,4458.97,1308.9306435,
2023-10-20 16:15:00+00:00,0.2932,0.2937,0.2933,0.2937,4166.28,0.293475,1222.699023,4166.28,1222.699023,
2023-10-20 16:20:00+00:00,0.2938,0.294,0.2938,0.2938,3976.78,0.29385,1168.576803,3976.78,1168.576803,
2023-10-20 16:25:00+00:00,0.2938,0.294,0.2938,0.2938,3976.78,0.29385,1168.576803,3976.78,1168.576803,
2023-10-20 16:30:00+00:00,0.2939,0.2941,0.294,0.2939,8219.38,0.293975,2416.2922355,8219.38,2416.2922355,
2023-10-20 16:35:00+00:00,0.2934,0.2937,0.2937,0.2934,836.33,0.29355,245.5046715,836.33,245.5046715,
2023-10-20 16:40:00+00:00,0.2933,0.2934,0.2933,0.2934,76.75,0.29335,22.5146125,76.75,22.5146125,
2023-10-20 16:45:00+00:00,0.2932,0.2932,0.2932,0.2932,17.67,0.2932,5.180844,17.67,5.180844,
2023-10-20 16:50:00+00:00,0.2931,0.2934,0.2934,0.2933,2324.37,0.2933,681.737721,2324.37,681.737721,
2023-10-20 16:55:00+00:00,0.2931,0.2934,0.2934,0.2933,2324.37,0.2933,681.737721,2324.37,681.737721,
2023-10-20 17:00:00+00:00,0.2926,0.2933,0.2933,0.2927,9097.95,0.292975,2665.47190125,9097.95,2665.47190125,
2023-10-20 17:05:00+00:00,0.2921,0.2927,0.2924,0.2923,6069.23,0.292375,1774.49112125,6069.23,1774.49112125,
2023-10-20 17:10:00+00:00,0.2924,0.2925,0.2924,0.2925,321.31,0.29245,93.9671095,321.31,93.9671095,
2023-10-20 17:15:00+00:00,0.2926,0.2931,0.2926,0.2931,1862.15,0.29285,545.3306275,1862.15,545.3306275,
2023-10-20 17:20:00+00:00,0.2933,0.2934,0.2934,0.2933,594.86,0.29335,174.502181,594.86,174.502181,
2023-10-20 17:25:00+00:00,0.2932,0.2935,0.2932,0.2935,403.11,0.29335,118.2523185,403.11,118.2523185,
2023-10-20 17:30:00+00:00,0.2932,0.2935,0.2932,0.2935,403.11,0.29335,118.2523185,403.11,118.2523185,
2023-10-20 17:35:00+00:00,0.2936,0.2937,0.2936,0.2937,678.71,0.29365,199.3031915,678.71,199.3031915,
2023-10-20 17:40:00+00:00,0.2938,0.294,0.294,0.2938,1456.09,0.2939,427.944851,1456.09,427.944851,
2023-10-20 17:45:00+00:00,0.2941,0.2941,0.2941,0.2941,141.99,0.2941,41.759259,141.99,41.759259,
2023-10-20 17:50:00+00:00,0.294,0.2945,0.2942,0.2945,998.38,0.2943,293.823234,998.38,293.823234,
2023-10-20 17:55:00+00:00,0.2943,0.2945,0.2943,0.2945,212.54,0.2944,62.571776,212.54,62.571776,
2023-10-20 18:00:00+00:00,0.2944,0.2944,0.2944,0.2944,6.13,0.2944,1.804672,6.13,1.804672,
2023-10-20 18:05:00+00:00,0.2944,0.2944,0.2944,0.2944,6.13,0.2944,1.804672,6.13,1.804672,
2023-10-20 18:10:00+00:00,0.2942,0.2946,0.2946,0.2943,606.93,0.294425,178.69536525,606.93,178.69536525,
2023-10-20 18:15:00+00:00,0.2942,0.2945,0.2945,0.2942,7.29,0.29435,2.1458115,7.29,2.1458115,
2023-10-20 18:20:00+00:00,0.2944,0.2947,0.2944,0.2947,227.01,0.29455,66.8657955,227.01,66.8657955,
2023-10-20 18:25:00+00:00,0.2945,0.2947,0.2947,0.2945,2227.06,0.2946,656.091876,2227.06,656.091876,
2023-10-20 18:30:00+00:00,0.2945,0.2948,0.2945,0.2945,6980.53,0.294575,2056.28962475,6980.53,2056.28962475,
2023-10-20 18:35:00+00:00,0.2943,0.2945,0.2945,0.2943,104.89,0.2944,30.879616,104.89,30.879616,
2023-10-20 18:40:00+00:00,0.2943,0.2945,0.2945,0.2943,104.89,0.2944,30.879616,104.89,30.879616,
2023-10-20 18:45:00+00:00,0.2941,0.2943,0.2941,0.2941,119.28,0.29415,35.086212,119.28,35.086212,
2023-10-20 18:50:00+00:00,0.2941,0.2943,0.2943,0.2941,343.69,0.2942,101.113598,343.69,101.113598,
2023-10-20 18:55:00+00:00,0.294,0.294,0.294,0.294,780.74,0.294,229.53756,780.74,229.53756,
2023-10-20 19:00:00+00:00,0.2939,0.2943,0.2939,0.2942,2248.67,0.294075,661.27763025,2248.67,661.27763025,
2023-10-20 19:05:00+00:00,0.2939,0.2943,0.2939,0.2942,2248.67,0.294075,661.27763025,2248.67,661.27763025,
2023-10-20 19:10:00+00:00,0.294,0.2942,0.2941,0.294,405.17,0.294075,119.15036775,405.17,119.15036775,
2023-10-20 19:15:00+00:00,0.2938,0.294,0.294,0.2938,710.42,0.2939,208.792438,710.42,208.792438,
2023-10-20 19:20:00+00:00,0.2937,0.2938,0.2938,0.2937,87.94,0.29375,25.832375,87.94,25.832375,
2023-10-20 19:25:00+00:00,0.2938,0.2941,0.2938,0.2941,1975.1,0.29395,580.580645,1975.1,580.580645,
2023-10-20 19:30:00+00:00,0.2938,0.2938,0.2938,0.2938,176.76,0.2938,51.932088,176.76,51.932088,
2023-10-20 19:35:00+00:00,0.2939,0.294,0.294,0.2939,682.68,0.29395,200.673786,682.68,200.673786,
2023-10-20 19:40:00+00:00,0.2934,0.2937,0.2937,0.2935,118.9,0.293575,34.9060675,118.9,34.9060675,
2023-10-20 19:45:00+00:00,0.2937,0.294,0.2937,0.294,1420.88,0.29385,417.525588,1420.88,417.525588,
2023-10-20 19:50:00+00:00,0.2942,0.2943,0.2943,0.2943,66.38,0.294275,19.5339745,66.38,19.5339745,
2023-10-20 19:55:00+00:00,0.2943,0.2945,0.2943,0.2944,1707.94,0.294375,502.7748375,1707.94,502.7748375,
2023-10-20 20:00:00+00:00,0.2943,0.2945,0.2945,0.2945,34.95,0.29445,10.2910275,34.95,10.2910275,
2023-10-20 20:05:00+00:00,0.2946,0.2947,0.2946,0.2947,1593.99,0.29465,469.6691535,1593.99,469.6691535,
2023-10-20 20:10:00+00:00,0.2944,0.2948,0.2944,0.2948,1003.07,0.2946,295.504422,1003.07,295.504422,
2023-10-20 20:15:00+00:00,0.2945,0.2947,0.2947,0.2947,1009.25,0.29465,297.3755125,1009.25,297.3755125,
2023-10-20 20:20:00+00:00,0.2946,0.2948,0.2946,0.2948,418.84,0.2947,123.432148,418.84,123.432148,
2023-10-20 20:25:00+00:00,0.2948,0.2948,0.2948,0.2948,1016.05,0.2948,299.53154,1016.05,299.53154,
2023-10-20 20:30:00+00:00,0.2946,0.2949,0.2946,0.2947,1007.89,0.2947,297.025183,1007.89,297.025183,
2023-10-20 20:35:00+00:00,0.2949,0.2952,0.2949,0.2952,410.34,0.29505,121.070817,410.34,121.070817,
2023-10-20 20:40:00+00:00,0.2952,0.2955,0.2955,0.2952,568.85,0.29535,168.0098475,568.85,168.0098475,
2023-10-20 20:45:00+00:00,0.2952,0.2955,0.2955,0.2952,568.85,0.29535,168.0098475,568.85,168.0098475,
2023-10-20 20:50:00+00:00,0.2948,0.2951,0.2951,0.2948,1411.69,0.29495,416.3779655,1411.69,416.3779655,
2023-10-20 20:55:00+00:00,0.2941,0.2946,0.2946,0.2944,51027.16,0.294425,15023.671583,51027.16,15023.671583,
2023-10-20 21:00:00+00:00,0.2941,0.2946,0.2946,0.2944,51027.16,0.294425,15023.671583,51027.16,15023.671583,
2023-10-20 21:05:00+00:00,0.2944,0.2952,0.2944,0.2952,2003.71,0.2948,590.693708,2003.71,590.693708,
2023-10-20 21:10:00+00:00,0.2952,0.2953,0.2952,0.2953,389.58,0.29525,115.023495,389.58,115.023495,
2023-10-20 21:15:00+00:00,0.2953,0.2953,0.2953,0.2953,110.25,0.2953,32.556825,110.25,32.556825,
2023-10-20 21:20:00+00:00,0.2952,0.2954,0.2953,0.2954,90.0,0.295325,26.57925,90.0,26.57925,
2023-10-20 21:25:00+00:00,0.2954,0.2956,0.2955,0.2956,1460.36,0.295525,431.572889,1460.36,431.572889,
2023-10-20 21:30:00+00:00,0.2957,0.2958,0.2958,0.2957,59.72,0.29575,17.66219,59.72,17.66219,
2023-10-20 21:35:00+00:00,0.2958,0.2961,0.2958,0.2961,273.26,0.29595,80.871297,273.26,80.871297,
2023-10-20 21:40:00+00:00,0.2962,0.2963,0.2962,0.2963,3765.34,0.29625,1115.481975,3765.34,1115.481975,
2023-10-20 21:45:00+00:00,0.2961,0.2963,0.2963,0.2962,466.63,0.296225,138.22747175,466.63,138.22747175,
2023-10-20 21:50:00+00:00,0.296,0.2962,0.2961,0.296,6142.5,0.296075,1818.6406875,6142.5,1818.6406875,
2023-10-20 21:55:00+00:00,0.296,0.2962,0.2961,0.296,6142.5,0.296075,1818.6406875,6142.5,1818.6406875,
2023-10-20 22:00:00+00:00,0.2962,0.2962,0.2962,0.2962,5230.18,0.2962,1549.179316,5230.18,1549.179316,
2023-10-20 22:05:00+00:00,0.2962,0.2965,0.2962,0.2965,24126.46,0.29635,7149.876421,24126.46,7149.876421,
2023-10-20 22:10:00+00:00,0.2962,0.2965,0.2965,0.2964,2849.93,0.2964,844.719252,2849.93,844.719252,
2023-10-20 22:15:00+00:00,0.2958,0.2961,0.2961,0.2958,1320.52,0.29595,390.807894,1320.52,390.807894,
2023-10-20 22:20:00+00:00,0.2957,0.296,0.2957,0.296,74.67,0.29585,22.0911195,74.67,22.0911195,
2023-10-20 22:25:00+00:00,0.2961,0.2961,0.2961,0.2961,479.71,0.2961,142.042131,479.71,142.042131,
2023-10-20 22:30:00+00:00,0.2961,0.2961,0.2961,0.2961,479.71,0.2961,142.042131,479.71,142.042131,
2023-10-20 22:35:00+00:00,0.296,0.2962,0.2961,0.296,177.47,0.296075,52.54443025,177.47,52.54443025,
2023-10-20 22:40:00+00:00,0.2962,0.2964,0.2963,0.2962,1307.65,0.296275,387.42400375,1307.65,387.42400375,
2023-10-20 22:45:00+00:00,0.2961,0.2961,0.2961,0.2961,9.2,0.2961,2.72412,9.2,2.72412,
2023-10-20 22:50:00+00:00,0.2961,0.2963,0.2963,0.2961,1345.27,0.2962,398.468974,1345.27,398.468974,
2023-10-20 22:55:00+00:00,0.2961,0.2964,0.2961,0.2964,1204.61,0.29625,356.8657125,1204.61,356.8657125,
2023-10-20 23:00:00+00:00,0.2964,0.2967,0.2967,0.2964,853.15,0.29655,253.0016325,853.15,253.0016325,
2023-10-20 23:05:00+00:00,0.2962,0.2963,0.2962,0.2962,89.92,0.296225,26.636552,89.92,26.636552,
2023-10-20 23:10:00+00:00,0.2962,0.2963,0.2962,0.2962,89.92,0.296225,26.636552,89.92,26.636552,
2023-10-20 23:15:00+00:00,0.2958,0.2964,0.2962,0.2962,8171.32,0.29615,2419.936418,8171.32,2419.936418,
2023-10-20 23:20:00+00:00,0.2959,0.2961,0.2959,0.2961,5.69,0.296,1.68424,5.69,1.68424,
2023-10-20 23:25:00+00:00,0.2958,0.2961,0.2961,0.2958,1324.02,0.29595,391.843719,1324.02,391.843719,
2023-10-20 23:30:00+00:00,0.2957,0.2958,0.2958,0.2957,74.45,0.29575,22.0185875,74.45,22.0185875,
2023-10-20 23:35:00+00:00,0.2957,0.2958,0.2958,0.2957,74.45,0.29575,22.0185875,74.45,22.0185875,
2023-10-20 23:40:00+00:00,0.2955,0.2955,0.2955,0.2955,37.88,0.2955,11.19354,37.88,11.19354,
2023-10-20 23:45:00+00:00,0.2954,0.2955,0.2954,0.2955,86.64,0.29545,25.597788,86.64,25.597788,
2023-10-20 23:50:00+00:00,0.2954,0.2955,0.2954,0.2955,86.64,0.29545,25.597788,86.64,25.597788,
2023-10-20 23:55:00+00:00,0.2957,0.296,0.2957,0.296,6.71,0.29585,1.9851535,6.71,1.9851535,
2023-10-21 00:00:00+00:00,0.2962,0.2965,0.2962,0.2965,725.15,0.29635,214.8982025,725.15,214.8982025,
2023-10-21 00:05:00+00:00,0.2963,0.2968,0.2967,0.2963,2455.27,0.296525,728.04893675,2455.27,728.04893675,
2023-10-21 00:10:00+00:00,0.2963,0.2968,0.2967,0.2963,2455.27,0.296525,728.04893675,2455.27,728.04893675,
2023-10-21 00:15:00+00:00,0.2962,0.2968,0.2962,0.2968,911.79,0.2965,270.345735,911.79,270.345735,
2023-10-21 00:20:00+00:00,0.2968,0.2971,0.2968,0.2971,1391.85,0.29695,413.3098575,1391.85,413.3098575,
2023-10-21 00:25:00+00:00,0.2969,0.2972,0.2971,0.2969,22923.11,0.297025,6808.73674775,22923.11,6808.73674775,
2023-10-21 00:30:00+00:00,0.2963,0.2967,0.2967,0.2963,1320.27,0.2965,391.460055,1320.27,391.460055,
2023-10-21 00:35:00+00:00,0.2962,0.2963,0.2962,0.2963,40.56,0.29625,12.0159,40.56,12.0159,
2023-10-21 00:40:00+00:00,0.2963,0.2965,0.2963,0.2964,30.86,0.296375,9.1461325,30.86,9.1461325,
2023-10-21 00:45:00+00:00,0.2961,0.2966,0.2965,0.2966,1535.29,0.29645,455.1367205,1535.29,455.1367205,
2023-10-21 00:50:00+00:00,0.2965,0.2965,0.2965,0.2965,33.5,0.2965,9.93275,33.5,9.93275,
2023-10-21 00:55:00+00:00,0.2965,0.2965,0.2965,0.2965,33.5,0.2965,9.93275,33.5,9.93275,
2023-10-21 01:00:00+00:00,0.2959,0.2965,0.2964,0.2959,37756.87,0.296175,11182.64097225,37756.87,11182.64097225,
2023-10-21 01:05:00+00:00,0.2959,0.2964,0.2961,0.2964,14698.61,0.2962,4353.728282,14698.61,4353.728282,
2023-10-21 01:10:00+00:00,0.2959,0.2964,0.2961,0.2964,14698.61,0.2962,4353.728282,14698.61,4353.728282,
2023-10-21 01:15:00+00:00,0.2963,0.2966,0.2964,0.2965,1504.7,0.29645,446.068315,1504.7,446.068315,
2023-10-21 01:20:00+00:00,0.2963,0.2966,0.2964,0.2965,1504.7,0.29645,446.068315,1504.7,446.068315,
2023-10-21 01:25:00+00:00,0.2962,0.2964,0.2964,0.2962,2366.27,0.2963,701.125801,2366.27,701.125801,
2023-10-21 01:30:00+00:00,0.2962,0.2963,0.2963,0.2962,3443.14,0.29625,1020.030225,3443.14,1020.030225,
2023-10-21 01:35:00+00:00,0.2958,0.2961,0.2961,0.2961,2206.23,0.296025,653.09923575,2206.23,653.09923575,
2023-10-21 01:40:00+00:00,0.2958,0.2961,0.2961,0.2961,2206.23,0.296025,653.09923575,2206.23,653.09923575,
2023-10-21 01:45:00+00:00,0.2964,0.2964,0.2964,0.2964,707.38,0.2964,209.667432,707.38,209.667432,
2023-10-21 01:50:00+00:00,0.2959,0.2963,0.2963,0.2959,918.99,0.2961,272.112939,918.99,272.112939,
2023-10-21 01:55:00+00:00,0.2959,0.2963,0.2963,0.2959,918.99,0.2961,272.112939,918.99,272.112939,
2023-10-21 02:00:00+00:00,0.2955,0.2959,0.2958,0.2958,2623.37,0.29575,775.8616775,2623.37,775.8616775,
2023-10-21 02:05:00+00:00,0.2956,0.296,0.2956,0.296,194.02,0.2958,57.391116,194.02,57.391116,
2023-10-21 02:10:00+00:00,0.2958,0.2961,0.2958,0.2961,3194.98,0.29595,945.554331,3194.98,945.554331,
2023-10-21 02:15:00+00:00,0.2958,0.2961,0.2958,0.2961,3194.98,0.29595,945.554331,3194.98,945.554331,
2023-10-21 02:20:00+00:00,0.2958,0.2961,0.2958,0.2961,3194.98,0.29595,945.554331,3194.98,945.554331,
2023-10-21 02:25:00+00:00,0.2958,0.2961,0.2958,0.2961,3194.98,0.29595,945.554331,3194.98,945.554331,
2023-10-21 02:30:00+00:00,0.2958,0.2963,0.296,0.2958,4875.59,0.295975,1443.05275025,4875.59,1443.05275025,
2023-10-21 02:35:00+00:00,0.2956,0.2962,0.2956,0.2961,2837.83,0.295875,839.64295125,2837.83,839.64295125,
2023-10-21 02:40:00+00:00,0.2956,0.2962,0.2956,0.2961,2837.83,0.295875,839.64295125,2837.83,839.64295125,
2023-10-21 02:45:00+00:00,0.2958,0.296,0.2958,0.2958,35.11,0.29585,10.3872935,35.11,10.3872935,
2023-10-21 02:50:00+00:00,0.2958,0.296,0.2958,0.2958,35.11,0.29585,10.3872935,35.11,10.3872935,
2023-10-21 02:55:00+00:00,0.2958,0.296,0.2958,0.2958,35.11,0.29585,10.3872935,35.11,10.3872935,
2023-10-21 03:00:00+00:00,0.2958,0.296,0.2958,0.2958,35.11,0.29585,10.3872935,35.11,10.3872935,
2023-10-21 03:05:00+00:00,0.2955,0.2959,0.2959,0.2955,651.55,0.2957,192.663335,651.55,192.663335,
2023-10-21 03:10:00+00:00,0.2951,0.2956,0.2952,0.2955,3955.15,0.29535,1168.1535525,3955.15,1168.1535525,
2023-10-21 03:15:00+00:00,0.2958,0.2964,0.2958,0.2964,1564.37,0.2961,463.209957,1564.37,463.209957,
2023-10-21 03:20:00+00:00,0.2958,0.2964,0.2958,0.2964,1564.37,0.2961,463.209957,1564.37,463.209957,
2023-10-21 03:25:00+00:00,0.2958,0.2964,0.2958,0.2964,1564.37,0.2961,463.209957,1564.37,463.209957,
2023-10-21 03:30:00+00:00,0.2965,0.2966,0.2966,0.2965,545.62,0.29655,161.803611,545.62,161.803611,
2023-10-21 03:35:00+00:00,0.2965,0.2966,0.2966,0.2965,545.62,0.29655,161.803611,545.62,161.803611,
2023-10-21 03:40:00+00:00,0.2963,0.297,0.2963,0.297,456.66,0.29665,135.468189,456.66,135.468189,
2023-10-21 03:45:00+00:00,0.297,0.2972,0.297,0.2972,740.13,0.2971,219.892623,740.13,219.892623,
2023-10-21 03:50:00+00:00,0.2972,0.2975,0.2973,0.2972,124.73,0.2973,37.082229,124.73,37.082229,
2023-10-21 03:55:00+00:00,0.2972,0.2974,0.2973,0.2972,4688.12,0.297275,1393.660873,4688.12,1393.660873,
2023-10-21 04:00:00+00:00,0.2973,0.2974,0.2973,0.2974,109.49,0.29735,32.5568515,109.49,32.5568515,
2023-10-21 04:05:00+00:00,0.2974,0.2977,0.2974,0.2977,2642.74,0.29755,786.347287,2642.74,786.347287,
2023-10-21 04:10:00+00:00,0.2978,0.2978,0.2978,0.2978,546.04,0.2978,162.610712,546.04,162.610712,
2023-10-21 04:15:00+00:00,0.2975,0.298,0.2978,0.298,7667.9,0.297825,2283.6923175,7667.9,2283.6923175,
2023-10-21 04:20:00+00:00,0.2978,0.298,0.2978,0.298,3916.43,0.2979,1166.704497,3916.43,1166.704497,
2023-10-21 04:25:00+00:00,0.2982,0.2985,0.2982,0.2985,514.55,0.29835,153.5159925,514.55,153.5159925,
2023-10-21 04:30:00+00:00,0.2987,0.2997,0.2987,0.2997,2969.73,0.2992,888.543216,2969.73,888.543216,
2023-10-21 04:35:00+00:00,0.2993,0.3,0.2993,0.3,10726.73,0.29965,3214.2646445,10726.73,3214.2646445,
2023-10-21 04:40:00+00:00,0.2998,0.3003,0.3,0.2999,17201.61,0.3,5160.483,17201.61,5160.483,
2023-10-21 04:45:00+00:00,0.2997,0.3001,0.3001,0.2997,437.08,0.2999,131.080292,437.08,131.080292,
2023-10-21 04:50:00+00:00,0.2991,0.2999,0.2997,0.2991,11610.71,0.29945,3476.8271095,11610.71,3476.8271095,
2023-10-21 04:55:00+00:00,0.299,0.2993,0.2992,0.2993,1181.24,0.2992,353.427008,1181.24,353.427008,
2023-10-21 05:00:00+00:00,0.2994,0.2995,0.2994,0.2995,894.5,0.29945,267.858025,894.5,267.858025,
2023-10-21 05:05:00+00:00,0.2993,0.3,0.2993,0.3,4803.58,0.29965,1439.392747,4803.58,1439.392747,
2023-10-21 05:10:00+00:00,0.2999,0.3002,0.3002,0.2999,1867.16,0.30005,560.241358,1867.16,560.241358,
2023-10-21 05:15:00+00:00,0.3,0.3006,0.3,0.3005,8104.82,0.300275,2433.6748255,8104.82,2433.6748255,
2023-10-21 05:20:00+00:00,0.3005,0.3009,0.3008,0.3005,1027.49,0.300675,308.94055575,1027.49,308.94055575,
2023-10-21 05:25:00+00:00,0.2998,0.3002,0.3002,0.2998,2249.4,0.3,674.82,2249.4,674.82,
2023-10-21 05:30:00+00:00,0.2997,0.3005,0.2997,0.3002,8539.95,0.300025,2562.19849875,8539.95,2562.19849875,
2023-10-21 05:35:00+00:00,0.3004,0.3006,0.3005,0.3006,1644.6,0.300525,494.243415,1644.6,494.243415,
2023-10-21 05:40:00+00:00,0.3003,0.3003,0.3003,0.3003,1786.19,0.3003,536.392857,1786.19,536.392857,
2023-10-21 05:45:00+00:00,0.3003,0.3004,0.3003,0.3004,3099.46,0.30035,930.922811,3099.46,930.922811,
2023-10-21 05:50:00+00:00,0.3003,0.3004,0.3003,0.3004,4473.22,0.30035,1343.531627,4473.22,1343.531627,
2023-10-21 05:55:00+00:00,0.3,0.3003,0.3003,0.3003,3304.78,0.300225,992.1775755,3304.78,992.1775755,
2023-10-21 06:00:00+00:00,0.3005,0.3007,0.3005,0.3007,7290.87,0.3006,2191.635522,7290.87,2191.635522,
2023-10-21 06:05:00+00:00,0.3002,0.3005,0.3005,0.3005,3177.66,0.300425,954.6485055,3177.66,954.6485055,
2023-10-21 06:10:00+00:00,0.3002,0.3005,0.3005,0.3005,3177.66,0.300425,954.6485055,3177.66,954.6485055,
2023-10-21 06:15:00+00:00,0.3004,0.3008,0.3004,0.3008,372.31,0.3006,111.916386,372.31,111.916386,
2023-10-21 06:20:00+00:00,0.3004,0.3008,0.3004,0.3008,372.31,0.3006,111.916386,372.31,111.916386,
2023-10-21 06:25:00+00:00,0.301,0.302,0.301,0.3016,3368.51,0.3014,1015.268914,3368.51,1015.268914,
2023-10-21 06:30:00+00:00,0.3015,0.3033,0.3015,0.3023,22447.22,0.30215,6782.427523,22447.22,6782.427523,
2023-10-21 06:35:00+00:00,0.302,0.3023,0.3021,0.3023,854.43,0.302175,258.18738525,854.43,258.18738525,
2023-10-21 06:40:00+00:00,0.3018,0.3025,0.3025,0.3018,2365.68,0.30215,714.790212,2365.68,714.790212,
2023-10-21 06:45:00+00:00,0.3023,0.3024,0.3023,0.3024,2649.59,0.30235,801.1035365,2649.59,801.1035365,
2023-10-21 06:50:00+00:00,0.3021,0.3028,0.3026,0.3021,5161.01,0.3024,1560.689424,5161.01,1560.689424,
2023-10-21 06:55:00+00:00,0.3021,0.3024,0.3021,0.3024,1333.7,0.30225,403.110825,1333.7,403.110825,
2023-10-21 07:00:00+00:00,0.3015,0.3023,0.3023,0.3019,4517.62,0.302,1364.32124,4517.62,1364.32124,
2023-10-21 07:05:00+00:00,0.3015,0.3018,0.3018,0.3015,3332.95,0.30165,1005.3843675,3332.95,1005.3843675,
2023-10-21 07:10:00+00:00,0.3013,0.3016,0.3014,0.3015,7732.01,0.30145,2330.8144145,7732.01,2330.8144145,
2023-10-21 07:15:00+00:00,0.3014,0.3017,0.3014,0.3015,3090.23,0.3015,931.704345,3090.23,931.704345,
2023-10-21 07:20:00+00:00,0.3018,0.3021,0.3018,0.3019,5054.3,0.3019,1525.89317,5054.3,1525.89317,
2023-10-21 07:25:00+00:00,0.3017,0.3023,0.302,0.3022,2215.73,0.30205,669.2612465,2215.73,669.2612465,
2023-10-21 07:30:00+00:00,0.3021,0.3024,0.3023,0.3024,4156.21,0.3023,1256.422283,4156.21,1256.422283,
2023-10-21 07:35:00+00:00,0.3023,0.3026,0.3023,0.3023,1899.45,0.302375,574.34619375,1899.45,574.34619375,
2023-10-21 07:40:00+00:00,0.3023,0.3027,0.3023,0.3027,701.53,0.3025,212.212825,701.53,212.212825,
2023-10-21 07:45:00+00:00,0.3023,0.3027,0.3023,0.3027,701.53,0.3025,212.212825,701.53,212.212825,
2023-10-21 07:50:00+00:00,0.3028,0.3029,0.3028,0.3029,12.66,0.30285,3.834081,12.66,3.834081,
2023-10-21 07:55:00+00:00,0.3026,0.3031,0.3029,0.303,944.46,0.3029,286.076934,944.46,286.076934,
2023-10-21 08:00:00+00:00,0.3029,0.3033,0.3032,0.303,991.82,0.3031,300.620642,991.82,300.620642,
2023-10-21 08:05:00+00:00,0.3026,0.3033,0.3031,0.3026,2729.04,0.3029,826.626216,2729.04,826.626216,
2023-10-21 08:10:00+00:00,0.3025,0.3029,0.3027,0.3029,289.13,0.30275,87.5341075,289.13,87.5341075,
2023-10-21 08:15:00+00:00,0.3027,0.3035,0.3027,0.3032,5224.97,0.303025,1583.29653425,5224.97,1583.29653425,
2023-10-21 08:20:00+00:00,0.3031,0.3032,0.3031,0.3032,1149.43,0.30315,348.4497045,1149.43,348.4497045,
2023-10-21 08:25:00+00:00,0.3028,0.3031,0.3031,0.303,2868.39,0.303,869.12217,2868.39,869.12217,
2023-10-21 08:30:00+00:00,0.3029,0.3031,0.303,0.3029,1806.04,0.302975,547.184969,1806.04,547.184969,
2023-10-21 08:35:00+00:00,0.3029,0.3031,0.303,0.3029,1806.04,0.302975,547.184969,1806.04,547.184969,
2023-10-21 08:40:00+00:00,0.3021,0.3026,0.3026,0.3021,3939.65,0.30235,1191.1531775,3939.65,1191.1531775,
2023-10-21 08:45:00+00:00,0.3021,0.3026,0.3026,0.3021,3939.65,0.30235,1191.1531775,3939.65,1191.1531775,
2023-10-21 08:50:00+00:00,0.3022,0.3023,0.3023,0.3022,169.65,0.30225,51.2767125,169.65,51.2767125,
2023-10-21 08:55:00+00:00,0.3022,0.3023,0.3023,0.3022,169.65,0.30225,51.2767125,169.65,51.2767125,
2023-10-21 09:00:00+00:00,0.3019,0.3023,0.302,0.3023,101.21,0.302125,30.57807125,101.21,30.57807125,
2023-10-21 09:05:00+00:00,0.3019,0.3023,0.302,0.3023,101.21,0.302125,30.57807125,101.21,30.57807125,
2023-10-21 09:10:00+00:00,0.3017,0.3022,0.3019,0.3017,315.58,0.301875,95.2657125,315.58,95.2657125,
2023-10-21 09:15:00+00:00,0.3015,0.3016,0.3016,0.3015,74.62,0.30155,22.501661,74.62,22.501661,
2023-10-21 09:20:00+00:00,0.3015,0.3017,0.3015,0.3017,30.57,0.3016,9.219912,30.57,9.219912,
2023-10-21 09:25:00+00:00,0.3019,0.3021,0.3019,0.3021,627.88,0.302,189.61976,627.88,189.61976,
2023-10-21 09:30:00+00:00,0.3023,0.3026,0.3023,0.3026,3180.79,0.30245,962.0299355,3180.79,962.0299355,
2023-10-21 09:35:00+00:00,0.3024,0.3027,0.3027,0.3026,6828.07,0.3026,2066.173982,6828.07,2066.173982,
2023-10-21 09:40:00+00:00,0.3025,0.3032,0.3028,0.3032,9638.44,0.302925,2919.724437,9638.44,2919.724437,
2023-10-21 09:45:00+00:00,0.3033,0.3033,0.3033,0.3033,373.82,0.3033,113.379606,373.82,113.379606,
2023-10-21 09:50:00+00:00,0.3031,0.3034,0.3031,0.3034,788.78,0.30325,239.197535,788.78,239.197535,
2023-10-21 09:55:00+00:00,0.3034,0.3036,0.3035,0.3036,3929.6,0.303525,1192.73184,3929.6,1192.73184,
2023-10-21 10:00:00+00:00,0.3032,0.3034,0.3034,0.3034,3079.96,0.30335,934.305866,3079.96,934.305866,
2023-10-21 10:05:00+00:00,0.3032,0.3034,0.3034,0.3034,3079.96,0.30335,934.305866,3079.96,934.305866,
2023-10-21 10:10:00+00:00,0.3034,0.3034,0.3034,0.3034,485.58,0.3034,147.324972,485.58,147.324972,
2023-10-21 10:15:00+00:00,0.3034,0.3034,0.3034,0.3034,485.58,0.3034,147.324972,485.58,147.324972,
2023-10-21 10:20:00+00:00,0.3029,0.3033,0.3033,0.3029,563.04,0.3031,170.657424,563.04,170.657424,
2023-10-21 10:25:00+00:00,0.3027,0.3032,0.3027,0.3032,115.41,0.30295,34.9634595,115.41,34.9634595,
2023-10-21 10:30:00+00:00,0.3027,0.3032,0.3027,0.3032,115.41,0.30295,34.9634595,115.41,34.9634595,
2023-10-21 10:35:00+00:00,0.3027,0.3032,0.3032,0.3027,856.47,0.30295,259.4675865,856.47,259.4675865,
2023-10-21 10:40:00+00:00,0.303,0.3033,0.303,0.3032,1519.6,0.303125,460.62875,1519.6,460.62875,
2023-10-21 10:45:00+00:00,0.3033,0.3036,0.3035,0.3036,435.84,0.3035,132.27744,435.84,132.27744,
2023-10-21 10:50:00+00:00,0.3034,0.3036,0.3036,0.3034,220.03,0.3035,66.779105,220.03,66.779105,
2023-10-21 10:55:00+00:00,0.3032,0.3034,0.3032,0.3034,5.21,0.3033,1.580193,5.21,1.580193,
2023-10-21 11:00:00+00:00,0.3032,0.3034,0.3032,0.3034,5.21,0.3033,1.580193,5.21,1.580193,
2023-10-21 11:05:00+00:00,0.3032,0.3033,0.3033,0.3032,1167.42,0.30325,354.020115,1167.42,354.020115,
2023-10-21 11:10:00+00:00,0.3034,0.3042,0.3034,0.304,55516.52,0.30375,16863.14295,55516.52,16863.14295,
2023-10-21 11:15:00+00:00,0.3035,0.304,0.304,0.3035,3276.92,0.30375,995.36445,3276.92,995.36445,
2023-10-21 11:20:00+00:00,0.3032,0.3035,0.3035,0.3032,310.46,0.30335,94.178041,310.46,94.178041,
2023-10-21 11:25:00+00:00,0.3033,0.3035,0.3033,0.3035,94.2,0.3034,28.58028,94.2,28.58028,
2023-10-21 11:30:00+00:00,0.3036,0.3045,0.3036,0.3044,6768.69,0.304025,2057.85097725,6768.69,2057.85097725,
2023-10-21 11:35:00+00:00,0.304,0.3044,0.3044,0.3044,3940.76,0.3043,1199.173268,3940.76,1199.173268,
2023-10-21 11:40:00+00:00,0.3043,0.3049,0.3044,0.3049,5402.58,0.304625,1645.7609325,5402.58,1645.7609325,
2023-10-21 11:45:00+00:00,0.3049,0.305,0.3049,0.305,475.26,0.30495,144.930537,475.26,144.930537,
2023-10-21 11:50:00+00:00,0.3041,0.3049,0.3049,0.3044,2491.65,0.304575,758.89429875,2491.65,758.89429875,
2023-10-21 11:55:00+00:00,0.304,0.3044,0.3042,0.3044,63.05,0.30425,19.1829625,63.05,19.1829625,
2023-10-21 12:00:00+00:00,0.3043,0.3046,0.3044,0.3043,112.43,0.3044,34.223692,112.43,34.223692,
2023-10-21 12:05:00+00:00,0.3043,0.3047,0.3044,0.3047,1535.37,0.304525,467.55854925,1535.37,467.55854925,
2023-10-21 12:10:00+00:00,0.3047,0.3048,0.3047,0.3048,1387.77,0.30475,422.9229075,1387.77,422.9229075,
2023-10-21 12:15:00+00:00,0.3044,0.3047,0.3046,0.3046,3111.13,0.304575,947.57241975,3111.13,947.57241975,
2023-10-21 12:20:00+00:00,0.3048,0.305,0.3049,0.305,10352.41,0.304925,3156.70861925,10352.41,3156.70861925,
2023-10-21 12:25:00+00:00,0.3048,0.305,0.3049,0.305,10352.41,0.304925,3156.70861925,10352.41,3156.70861925,
2023-10-21 12:30:00+00:00,0.3047,0.3049,0.3048,0.3049,809.62,0.304825,246.7924165,809.62,246.7924165,
2023-10-21 12:35:00+00:00,0.3045,0.3048,0.3048,0.3046,1825.69,0.304675,556.24210075,1825.69,556.24210075,
2023-10-21 12:40:00+00:00,0.3048,0.305,0.3048,0.305,1571.65,0.3049,479.196085,1571.65,479.196085,
2023-10-21 12:45:00+00:00,0.3048,0.305,0.3048,0.305,1571.65,0.3049,479.196085,1571.65,479.196085,
2023-10-21 12:50:00+00:00,0.3043,0.3047,0.3047,0.3043,3267.91,0.3045,995.078595,3267.91,995.078595,
2023-10-21 12:55:00+00:00,0.304,0.3043,0.3041,0.3043,711.95,0.304175,216.55739125,711.95,216.55739125,
2023-10-21 13:00:00+00:00,0.304,0.3045,0.304,0.3045,1910.74,0.30425,581.342645,1910.74,581.342645,
2023-10-21 13:05:00+00:00,0.3038,0.3045,0.3045,0.3038,1805.46,0.30415,549.130659,1805.46,549.130659,
2023-10-21 13:10:00+00:00,0.3037,0.304,0.3037,0.304,731.45,0.30385,222.2510825,731.45,222.2510825,
2023-10-21 13:15:00+00:00,0.3038,0.304,0.3038,0.304,340.19,0.3039,103.383741,340.19,103.383741,
2023-10-21 13:20:00+00:00,0.304,0.3041,0.3041,0.304,184.6,0.30405,56.12763,184.6,56.12763,
2023-10-21 13:25:00+00:00,0.304,0.3041,0.3041,0.304,184.6,0.30405,56.12763,184.6,56.12763,
2023-10-21 13:30:00+00:00,0.3042,0.3047,0.3043,0.3047,2223.54,0.304475,677.0123415,2223.54,677.0123415,
2023-10-21 13:35:00+00:00,0.3049,0.3052,0.305,0.3052,1446.74,0.305075,441.3642055,1446.74,441.3642055,
2023-10-21 13:40:00+00:00,0.3053,0.3058,0.3053,0.3058,1118.22,0.30555,341.672121,1118.22,341.672121,
2023-10-21 13:45:00+00:00,0.3053,0.3058,0.3053,0.3058,1118.22,0.30555,341.672121,1118.22,341.672121,
2023-10-21 13:50:00+00:00,0.3057,0.3068,0.3057,0.3064,4577.51,0.30615,1401.4046865,4577.51,1401.4046865,
2023-10-21 13:55:00+00:00,0.3064,0.3069,0.3064,0.3065,3920.87,0.30655,1201.9426985,3920.87,1201.9426985,
2023-10-21 14:00:00+00:00,0.3067,0.307,0.3067,0.307,90.68,0.30685,27.825158,90.68,27.825158,
2023-10-21 14:05:00+00:00,0.3064,0.3071,0.3071,0.3064,821.91,0.30675,252.1208925,821.91,252.1208925,
2023-10-21 14:10:00+00:00,0.3065,0.3071,0.3066,0.3071,261.06,0.306825,80.0997345,261.06,80.0997345,
2023-10-21 14:15:00+00:00,0.3071,0.3084,0.3072,0.3079,24941.39,0.30765,7673.2186335,24941.39,7673.2186335,
2023-10-21 14:20:00+00:00,0.3078,0.3082,0.308,0.3082,3251.56,0.30805,1001.643058,3251.56,1001.643058,
2023-10-21 14:25:00+00:00,0.3083,0.3091,0.3083,0.3089,3976.73,0.30865,1227.4177145,3976.73,1227.4177145,
2023-10-21 14:30:00+00:00,0.3077,0.3087,0.3087,0.308,17556.92,0.308275,5412.359513,17556.92,5412.359513,
2023-10-21 14:35:00+00:00,0.308,0.3086,0.308,0.3081,4844.2,0.308175,1492.861335,4844.2,1492.861335,
2023-10-21 14:40:00+00:00,0.3084,0.3092,0.3084,0.3091,8167.53,0.308775,2521.92907575,8167.53,2521.92907575,
2023-10-21 14:45:00+00:00,0.3083,0.3093,0.3089,0.3087,17592.72,0.3088,5432.631936,17592.72,5432.631936,
2023-10-21 14:50:00+00:00,0.3082,0.3087,0.3087,0.3082,9335.55,0.30845,2879.5503975,9335.55,2879.5503975,
2023-10-21 14:55:00+00:00,0.308,0.3084,0.3084,0.3081,3145.08,0.308225,969.392283,3145.08,969.392283,
2023-10-21 15:00:00+00:00,0.308,0.3085,0.308,0.308,5954.07,0.308125,1834.59781875,5954.07,1834.59781875,
2023-10-21 15:05:00+00:00,0.3068,0.308,0.3078,0.3068,2377.29,0.30735,730.6600815,2377.29,730.6600815,
2023-10-21 15:10:00+00:00,0.3062,0.307,0.3066,0.3062,5688.21,0.3065,1743.436365,5688.21,1743.436365,
2023-10-21 15:15:00+00:00,0.3059,0.3071,0.306,0.3069,13001.93,0.306475,3984.76649675,13001.93,3984.76649675,
2023-10-21 15:20:00+00:00,0.3071,0.3076,0.3074,0.3073,2439.5,0.30735,749.780325,2439.5,749.780325,
2023-10-21 15:25:00+00:00,0.3071,0.3075,0.3074,0.3074,5316.42,0.30735,1634.001687,5316.42,1634.001687,
2023-10-21 15:30:00+00:00,0.3068,0.3071,0.3071,0.3069,707.84,0.306975,217.289184,707.84,217.289184,
2023-10-21 15:35:00+00:00,0.3068,0.3073,0.307,0.3073,1725.21,0.3071,529.811991,1725.21,529.811991,
2023-10-21 15:40:00+00:00,0.3067,0.3073,0.3072,0.3068,2147.91,0.307,659.40837,2147.91,659.40837,
2023-10-21 15:45:00+00:00,0.3068,0.3071,0.3068,0.3069,159.21,0.3069,48.861549,159.21,48.861549,
2023-10-21 15:50:00+00:00,0.3071,0.3075,0.3071,0.3075,887.82,0.3073,272.827086,887.82,272.827086,
2023-10-21 15:55:00+00:00,0.3075,0.3078,0.3075,0.3077,4287.49,0.307625,1318.93911125,4287.49,1318.93911125,
2023-10-21 16:00:00+00:00,0.3072,0.3078,0.3077,0.3078,5933.6,0.307625,1825.3237,5933.6,1825.3237,
2023-10-21 16:05:00+00:00,0.3075,0.308,0.308,0.3075,797.08,0.30775,245.30137,797.08,245.30137,
2023-10-21 16:10:00+00:00,0.307,0.308,0.3076,0.308,9090.26,0.30765,2796.618489,9090.26,2796.618489,
2023-10-21 16:15:00+00:00,0.3071,0.308,0.3077,0.308,5564.41,0.3077,1712.168957,5564.41,1712.168957,
2023-10-21 16:20:00+00:00,0.3083,0.3089,0.3083,0.3089,1891.14,0.3086,583.605804,1891.14,583.605804,
2023-10-21 16:25:00+00:00,0.3086,0.3089,0.3088,0.3086,4862.66,0.308725,1501.2247085,4862.66,1501.2247085,
2023-10-21 16:30:00+00:00,0.3083,0.3087,0.3086,0.3086,1635.52,0.30855,504.639696,1635.52,504.639696,
2023-10-21 16:35:00+00:00,0.3088,0.3092,0.3088,0.3092,1900.29,0.309,587.18961,1900.29,587.18961,
2023-10-21 16:40:00+00:00,0.3095,0.3096,0.3095,0.3096,266.34,0.30955,82.445547,266.34,82.445547,
2023-10-21 16:45:00+00:00,0.3085,0.3096,0.3096,0.3087,4261.98,0.3091,1317.378018,4261.98,1317.378018,
2023-10-21 16:50:00+00:00,0.308,0.3086,0.3086,0.308,5093.51,0.3083,1570.329133,5093.51,1570.329133,
2023-10-21 16:55:00+00:00,0.3077,0.308,0.3077,0.308,162.42,0.30785,50.000997,162.42,50.000997,
2023-10-21 17:00:00+00:00,0.308,0.3082,0.3081,0.308,1323.63,0.308075,407.77731225,1323.63,407.77731225,
2023-10-21 17:05:00+00:00,0.3081,0.3082,0.3081,0.3082,1108.85,0.30815,341.6921275,1108.85,341.6921275,
2023-10-21 17:10:00+00:00,0.3083,0.3087,0.3083,0.3083,5217.67,0.3084,1609.129428,5217.67,1609.129428,
2023-10-21 17:15:00+00:00,0.3082,0.3083,0.3083,0.3083,2821.29,0.308275,869.73317475,2821.29,869.73317475,
2023-10-21 17:20:00+00:00,0.3083,0.3086,0.3083,0.3085,1806.93,0.308425,557.30238525,1806.93,557.30238525,
2023-10-21 17:25:00+00:00,0.3085,0.3096,0.3085,0.3096,4503.06,0.30905,1391.670693,4503.06,1391.670693,
2023-10-21 17:30:00+00:00,0.3093,0.3098,0.3093,0.3098,6915.52,0.30955,2140.699216,6915.52,2140.699216,
2023-10-21 17:35:00+00:00,0.3092,0.3097,0.3097,0.3094,3655.26,0.3095,1131.30297,3655.26,1131.30297,
2023-10-21 17:40:00+00:00,0.3096,0.3111,0.3096,0.311,9542.07,0.310325,2961.14287275,9542.07,2961.14287275,
2023-10-21 17:45:00+00:00,0.3101,0.311,0.3107,0.3104,5647.96,0.31055,1753.973978,5647.96,1753.973978,
2023-10-21 17:50:00+00:00,0.3101,0.3106,0.3104,0.3105,3500.24,0.3104,1086.474496,3500.24,1086.474496,
2023-10-21 17:55:00+00:00,0.3102,0.3106,0.3104,0.3103,4319.5,0.310375,1340.6648125,4319.5,1340.6648125,
2023-10-21 18:00:00+00:00,0.3098,0.3116,0.3105,0.3098,32445.14,0.310425,10071.7825845,32445.14,10071.7825845,
2023-10-21 18:05:00+00:00,0.3094,0.3096,0.3095,0.3094,791.82,0.309475,245.0484945,791.82,245.0484945,
2023-10-21 18:10:00+00:00,0.3086,0.3094,0.3094,0.3087,1840.71,0.309025,568.82540775,1840.71,568.82540775,
2023-10-21 18:15:00+00:00,0.3089,0.31,0.3089,0.31,1826.5,0.30945,565.210425,1826.5,565.210425,
2023-10-21 18:20:00+00:00,0.3094,0.31,0.31,0.3095,1952.06,0.309725,604.6017835,1952.06,604.6017835,
2023-10-21 18:25:00+00:00,0.3093,0.3097,0.3093,0.3093,4271.14,0.3094,1321.490716,4271.14,1321.490716,
2023-10-21 18:30:00+00:00,0.3086,0.3092,0.3092,0.3088,3219.39,0.30895,994.6305405,3219.39,994.6305405,
2023-10-21 18:35:00+00:00,0.3088,0.3089,0.3088,0.3089,3781.34,0.30885,1167.866859,3781.34,1167.866859,
2023-10-21 18:40:00+00:00,0.3088,0.309,0.309,0.3088,1181.84,0.3089,365.070376,1181.84,365.070376,
2023-10-21 18:45:00+00:00,0.3087,0.309,0.3089,0.3089,468.97,0.308875,144.85310875,468.97,144.85310875,
2023-10-21 18:50:00+00:00,0.3091,0.3096,0.3091,0.3095,5417.29,0.309325,1675.70322925,5417.29,1675.70322925,
2023-10-21 18:55:00+00:00,0.3094,0.3098,0.3095,0.3098,3720.69,0.309625,1152.01864125,3720.69,1152.01864125,
2023-10-21 19:00:00+00:00,0.3096,0.3102,0.3101,0.3098,4834.44,0.309925,1498.313817,4834.44,1498.313817,
2023-10-21 19:05:00+00:00,0.3091,0.3097,0.3097,0.3092,6248.97,0.309425,1933.58754225,6248.97,1933.58754225,
2023-10-21 19:10:00+00:00,0.3084,0.3094,0.3094,0.3084,715.45,0.3089,221.002505,715.45,221.002505,
2023-10-21 19:15:00+00:00,0.3084,0.3087,0.3085,0.3085,1393.35,0.308525,429.88330875,1393.35,429.88330875,
2023-10-21 19:20:00+00:00,0.3079,0.3087,0.3085,0.3079,1897.81,0.30825,584.9999325,1897.81,584.9999325,
2023-10-21 19:25:00+00:00,0.3078,0.308,0.3078,0.308,493.05,0.3079,151.810095,493.05,151.810095,
2023-10-21 19:30:00+00:00,0.3078,0.3085,0.3081,0.3085,1247.33,0.308225,384.45828925,1247.33,384.45828925,
2023-10-21 19:35:00+00:00,0.3086,0.3088,0.3086,0.3087,4154.63,0.308675,1282.43041525,4154.63,1282.43041525,
2023-10-21 19:40:00+00:00,0.3086,0.3087,0.3087,0.3086,2452.23,0.30865,756.8807895,2452.23,756.8807895,
2023-10-21 19:45:00+00:00,0.3087,0.309,0.3087,0.3088,8198.65,0.3088,2531.74312,8198.65,2531.74312,
2023-10-21 19:50:00+00:00,0.3086,0.3087,0.3087,0.3087,1009.12,0.308675,311.490116,1009.12,311.490116,
2023-10-21 19:55:00+00:00,0.3086,0.3089,0.3086,0.3089,2391.28,0.30875,738.3077,2391.28,738.3077,
2023-10-21 20:00:00+00:00,0.3087,0.3091,0.3087,0.3089,2313.92,0.30885,714.654192,2313.92,714.654192,
2023-10-21 20:05:00+00:00,0.3086,0.3089,0.3087,0.3088,9049.53,0.30875,2794.0423875,9049.53,2794.0423875,
2023-10-21 20:10:00+00:00,0.3086,0.3089,0.3088,0.3088,6421.54,0.308775,1982.8110135,6421.54,1982.8110135,
2023-10-21 20:15:00+00:00,0.3084,0.3086,0.3084,0.3086,397.82,0.3085,122.72747,397.82,122.72747,
2023-10-21 20:20:00+00:00,0.3078,0.3087,0.3087,0.3078,1782.93,0.30825,549.5881725,1782.93,549.5881725,
2023-10-21 20:25:00+00:00,0.3081,0.3085,0.3081,0.3084,1901.97,0.308275,586.32980175,1901.97,586.32980175,
2023-10-21 20:30:00+00:00,0.3085,0.3089,0.3085,0.3087,3465.28,0.30865,1069.558672,3465.28,1069.558672,
2023-10-21 20:35:00+00:00,0.3086,0.3089,0.3089,0.3086,600.61,0.30875,185.4383375,600.61,185.4383375,
2023-10-21 20:40:00+00:00,0.3081,0.3085,0.3085,0.3085,2290.61,0.3084,706.424124,2290.61,706.424124,
2023-10-21 20:45:00+00:00,0.3083,0.3086,0.3083,0.3083,2396.69,0.308375,739.07927875,2396.69,739.07927875,
2023-10-21 20:50:00+00:00,0.3084,0.3087,0.3086,0.3086,4320.11,0.308575,1333.07794325,4320.11,1333.07794325,
2023-10-21 20:55:00+00:00,0.3084,0.3087,0.3086,0.3086,4320.11,0.308575,1333.07794325,4320.11,1333.07794325,
2023-10-21 21:00:00+00:00,0.3083,0.3089,0.3085,0.3086,3036.35,0.308575,936.94170125,3036.35,936.94170125,
2023-10-21 21:05:00+00:00,0.3085,0.309,0.3086,0.309,662.89,0.308775,204.68385975,662.89,204.68385975,
2023-10-21 21:10:00+00:00,0.3088,0.3088,0.3088,0.3088,3.16,0.3088,0.975808,3.16,0.975808,
2023-10-21 21:15:00+00:00,0.3092,0.3092,0.3092,0.3092,291.88,0.3092,90.249296,291.88,90.249296,
2023-10-21 21:20:00+00:00,0.3092,0.3097,0.3092,0.3097,2088.32,0.30945,646.230624,2088.32,646.230624,
2023-10-21 21:25:00+00:00,0.3094,0.3095,0.3095,0.3095,212.69,0.309475,65.82223775,212.69,65.82223775,
2023-10-21 21:30:00+00:00,0.3094,0.3095,0.3095,0.3095,212.69,0.309475,65.82223775,212.69,65.82223775,
2023-10-21 21:35:00+00:00,0.3089,0.3093,0.3093,0.309,2207.43,0.309125,682.37179875,2207.43,682.37179875,
2023-10-21 21:40:00+00:00,0.3086,0.3087,0.3087,0.3086,774.83,0.30865,239.1512795,774.83,239.1512795,
2023-10-21 21:45:00+00:00,0.3084,0.3085,0.3085,0.3084,694.05,0.30845,214.0797225,694.05,214.0797225,
2023-10-21 21:50:00+00:00,0.3085,0.3092,0.3087,0.3092,1209.58,0.3089,373.639262,1209.58,373.639262,
2023-10-21 21:55:00+00:00,0.3092,0.3092,0.3092,0.3092,3368.86,0.3092,1041.651512,3368.86,1041.651512,
2023-10-21 22:00:00+00:00,0.3092,0.3096,0.3092,0.3096,1982.71,0.3094,613.450474,1982.71,613.450474,
2023-10-21 22:05:00+00:00,0.309,0.3092,0.3092,0.309,1827.71,0.3091,564.945161,1827.71,564.945161,
2023-10-21 22:10:00+00:00,0.3087,0.3092,0.309,0.3087,1161.88,0.3089,358.904732,1161.88,358.904732,
2023-10-21 22:15:00+00:00,0.3087,0.3092,0.309,0.3087,1161.88,0.3089,358.904732,1161.88,358.904732,
2023-10-21 22:20:00+00:00,0.3083,0.3088,0.3088,0.3083,2694.5,0.30855,831.387975,2694.5,831.387975,
2023-10-21 22:25:00+00:00,0.308,0.3083,0.3082,0.308,1464.47,0.308125,451.23981875,1464.47,451.23981875,
2023-10-21 22:30:00+00:00,0.3079,0.308,0.308,0.3079,2521.6,0.30795,776.52672,2521.6,776.52672,
2023-10-21 22:35:00+00:00,0.3083,0.3083,0.3083,0.3083,81.09,0.3083,25.000047,81.09,25.000047,
2023-10-21 22:40:00+00:00,0.3084,0.3086,0.3084,0.3086,2278.87,0.3085,703.031395,2278.87,703.031395,
2023-10-21 22:45:00+00:00,0.3087,0.309,0.3087,0.309,2517.7,0.30885,777.591645,2517.7,777.591645,
2023-10-21 22:50:00+00:00,0.3088,0.3089,0.3088,0.3089,1069.38,0.30885,330.278013,1069.38,330.278013,
2023-10-21 22:55:00+00:00,0.3089,0.3092,0.3089,0.3089,890.12,0.308975,275.024827,890.12,275.024827,
2023-10-21 23:00:00+00:00,0.3089,0.3092,0.3089,0.3089,890.12,0.308975,275.024827,890.12,275.024827,
2023-10-21 23:05:00+00:00,0.3085,0.3088,0.3087,0.3085,2559.89,0.308625,790.04605125,2559.89,790.04605125,
2023-10-21 23:10:00+00:00,0.3083,0.3087,0.3087,0.3083,551.81,0.3085,170.233385,551.81,170.233385,
2023-10-21 23:15:00+00:00,0.3084,0.3086,0.3084,0.3085,1102.92,0.308475,340.223247,1102.92,340.223247,
2023-10-21 23:20:00+00:00,0.3084,0.3089,0.3084,0.3089,5008.62,0.30865,1545.910563,5008.62,1545.910563,
2023-10-21 23:25:00+00:00,0.3084,0.3089,0.3084,0.3089,5008.62,0.30865,1545.910563,5008.62,1545.910563,
2023-10-21 23:30:00+00:00,0.3086,0.309,0.309,0.3086,2902.2,0.3088,896.19936,2902.2,896.19936,
2023-10-21 23:35:00+00:00,0.3082,0.3086,0.3083,0.3086,736.9,0.308425,227.2783825,736.9,227.2783825,
2023-10-21 23:40:00+00:00,0.3082,0.3089,0.3085,0.3089,10563.15,0.308625,3260.05216875,10563.15,3260.05216875,
2023-10-21 23:45:00+00:00,0.3087,0.3089,0.3087,0.3087,2568.59,0.30875,793.0521625,2568.59,793.0521625,
2023-10-21 23:50:00+00:00,0.309,0.3098,0.309,0.3095,1573.81,0.309325,486.81877825,1573.81,486.81877825,
2023-10-21 23:55:00+00:00,0.309,0.3098,0.309,0.3095,1573.81,0.309325,486.81877825,1573.81,486.81877825,
2023-10-22 00:00:00+00:00,0.3092,0.3096,0.3096,0.3092,175.58,0.3094,54.324452,175.58,54.324452,
2023-10-22 00:05:00+00:00,0.3088,0.3096,0.3091,0.3096,1121.14,0.309275,346.7405735,1121.14,346.7405735,
2023-10-22 00:10:00+00:00,0.3095,0.3104,0.3095,0.3104,13756.52,0.30995,4263.833374,13756.52,4263.833374,
2023-10-22 00:15:00+00:00,0.3098,0.3103,0.3101,0.3101,7278.87,0.310075,2256.99561525,7278.87,2256.99561525,
2023-10-22 00:20:00+00:00,0.31,0.3103,0.31,0.3103,5373.54,0.31015,1666.603431,5373.54,1666.603431,
2023-10-22 00:25:00+00:00,0.3103,0.3106,0.3104,0.3106,5050.21,0.310475,1567.96394975,5050.21,1567.96394975,
2023-10-22 00:30:00+00:00,0.3096,0.3106,0.3106,0.3096,482.02,0.3101,149.474402,482.02,149.474402,
2023-10-22 00:35:00+00:00,0.3097,0.3099,0.3098,0.3097,1189.63,0.309775,368.51763325,1189.63,368.51763325,
2023-10-22 00:40:00+00:00,0.3097,0.3104,0.3099,0.3104,2466.5,0.3101,764.86165,2466.5,764.86165,
2023-10-22 00:45:00+00:00,0.3099,0.311,0.3103,0.311,1904.21,0.31055,591.3524155,1904.21,591.3524155,
2023-10-22 00:50:00+00:00,0.3106,0.3117,0.3111,0.3106,7945.95,0.311,2471.19045,7945.95,2471.19045,
2023-10-22 00:55:00+00:00,0.3104,0.3107,0.3104,0.3107,1459.01,0.31055,453.0955555,1459.01,453.0955555,
2023-10-22 01:00:00+00:00,0.3108,0.3113,0.3108,0.3113,3010.29,0.31105,936.3507045,3010.29,936.3507045,
2023-10-22 01:05:00+00:00,0.311,0.3111,0.311,0.3111,3927.37,0.31105,1221.6084385,3927.37,1221.6084385,
2023-10-22 01:10:00+00:00,0.311,0.3122,0.311,0.3122,10639.96,0.3116,3315.411536,10639.96,3315.411536,
2023-10-22 01:15:00+00:00,0.3107,0.312,0.312,0.311,2372.9,0.311425,738.9803825,2372.9,738.9803825,
2023-10-22 01:20:00+00:00,0.3101,0.3109,0.3109,0.3101,1801.1,0.3105,559.24155,1801.1,559.24155,
2023-10-22 01:25:00+00:00,0.3098,0.3101,0.3101,0.31,2979.96,0.31,923.7876,2979.96,923.7876,
2023-10-22 01:30:00+00:00,0.3091,0.3101,0.31,0.3091,2070.11,0.309575,640.85430325,2070.11,640.85430325,
2023-10-22 01:35:00+00:00,0.3095,0.3095,0.3095,0.3095,2571.94,0.3095,796.01543,2571.94,796.01543,
2023-10-22 01:40:00+00:00,0.3092,0.3095,0.3095,0.3092,894.03,0.30935,276.5681805,894.03,276.5681805,
2023-10-22 01:45:00+00:00,0.3093,0.3095,0.3093,0.3095,2075.22,0.3094,642.073068,2075.22,642.073068,
2023-10-22 01:50:00+00:00,0.3093,0.3097,0.3095,0.3097,870.83,0.30955,269.5654265,870.83,269.5654265,
2023-10-22 01:55:00+00:00,0.3093,0.3097,0.3095,0.3097,870.83,0.30955,269.5654265,870.83,269.5654265,
2023-10-22 02:00:00+00:00,0.3093,0.3097,0.3095,0.3097,870.83,0.30955,269.5654265,870.83,269.5654265,
2023-10-22 02:05:00+00:00,0.3093,0.3097,0.3095,0.3097,870.83,0.30955,269.5654265,870.83,269.5654265,
2023-10-22 02:10:00+00:00,0.3085,0.3092,0.3092,0.3085,1752.54,0.30885,541.271979,1752.54,541.271979,
2023-10-22 02:15:00+00:00,0.3083,0.3085,0.3085,0.3083,331.69,0.3084,102.293196,331.69,102.293196,
2023-10-22 02:20:00+00:00,0.308,0.3083,0.3082,0.3082,1161.68,0.308175,358.000734,1161.68,358.000734,
2023-10-22 02:25:00+00:00,0.3078,0.3083,0.3083,0.3078,1596.07,0.30805,491.6693635,1596.07,491.6693635,
2023-10-22 02:30:00+00:00,0.3077,0.3083,0.3077,0.308,4079.12,0.307925,1256.063026,4079.12,1256.063026,
2023-10-22 02:35:00+00:00,0.3076,0.308,0.3077,0.308,90.13,0.307825,27.74426725,90.13,27.74426725,
2023-10-22 02:40:00+00:00,0.308,0.3086,0.308,0.3083,25154.22,0.308225,7753.1594595,25154.22,7753.1594595,
2023-10-22 02:45:00+00:00,0.3077,0.3082,0.3082,0.3081,4193.46,0.30805,1291.795353,4193.46,1291.795353,
2023-10-22 02:50:00+00:00,0.3079,0.3083,0.3083,0.3079,2132.58,0.3081,657.047898,2132.58,657.047898,
2023-10-22 02:55:00+00:00,0.308,0.3084,0.308,0.308,1088.39,0.3081,335.332959,1088.39,335.332959,
2023-10-22 03:00:00+00:00,0.3078,0.308,0.3078,0.308,1575.93,0.3079,485.228847,1575.93,485.228847,
2023-10-22 03:05:00+00:00,0.3078,0.308,0.308,0.3078,1460.91,0.3079,449.814189,1460.91,449.814189,
2023-10-22 03:10:00+00:00,0.3076,0.3077,0.3077,0.3077,123.28,0.307675,37.930174,123.28,37.930174,
2023-10-22 03:15:00+00:00,0.3079,0.3085,0.3079,0.3081,8703.28,0.3081,2681.480568,8703.28,2681.480568,
2023-10-22 03:20:00+00:00,0.3071,0.308,0.308,0.3072,4922.69,0.307575,1514.09637675,4922.69,1514.09637675,
2023-10-22 03:25:00+00:00,0.307,0.3076,0.3073,0.307,4264.9,0.307225,1310.2839025,4264.9,1310.2839025,
2023-10-22 03:30:00+00:00,0.3071,0.3074,0.3072,0.3072,2187.41,0.307225,672.02703725,2187.41,672.02703725,
2023-10-22 03:35:00+00:00,0.3071,0.3073,0.3073,0.3072,1614.98,0.307225,496.1622305,1614.98,496.1622305,
2023-10-22 03:40:00+00:00,0.3073,0.3074,0.3074,0.3073,2794.79,0.30735,858.9787065,2794.79,858.9787065,
2023-10-22 03:45:00+00:00,0.3071,0.3073,0.3072,0.3073,3375.55,0.307225,1037.05334875,3375.55,1037.05334875,
2023-10-22 03:50:00+00:00,0.3071,0.3073,0.3072,0.3073,3375.55,0.307225,1037.05334875,3375.55,1037.05334875,
2023-10-22 03:55:00+00:00,0.3072,0.3074,0.3072,0.3074,315.68,0.3073,97.008464,315.68,97.008464,
2023-10-22 04:00:00+00:00,0.3071,0.3075,0.3071,0.3075,2821.93,0.3073,867.179089,2821.93,867.179089,
2023-10-22 04:05:00+00:00,0.3073,0.3077,0.3075,0.3076,3642.14,0.307525,1120.0491035,3642.14,1120.0491035,
2023-10-22 04:10:00+00:00,0.3073,0.3076,0.3075,0.3074,21511.68,0.30745,6613.766016,21511.68,6613.766016,
2023-10-22 04:15:00+00:00,0.3074,0.3077,0.3076,0.3077,3637.15,0.3076,1118.78734,3637.15,1118.78734,
2023-10-22 04:20:00+00:00,0.3077,0.308,0.3079,0.3078,4935.07,0.30785,1519.2612995,4935.07,1519.2612995,
2023-10-22 04:25:00+00:00,0.3077,0.308,0.3079,0.3078,4935.07,0.30785,1519.2612995,4935.07,1519.2612995,
2023-10-22 04:30:00+00:00,0.308,0.3083,0.308,0.3083,1892.95,0.30815,583.3125425,1892.95,583.3125425,
2023-10-22 04:35:00+00:00,0.3081,0.3083,0.3082,0.3083,1248.73,0.308225,384.88980425,1248.73,384.88980425,
2023-10-22 04:40:00+00:00,0.3083,0.3085,0.3085,0.3083,159.85,0.3084,49.29774,159.85,49.29774,
2023-10-22 04:45:00+00:00,0.3082,0.3087,0.3084,0.3082,1664.33,0.308375,513.23776375,1664.33,513.23776375,
2023-10-22 04:50:00+00:00,0.3082,0.3087,0.3084,0.3082,1664.33,0.308375,513.23776375,1664.33,513.23776375,
2023-10-22 04:55:00+00:00,0.3083,0.3083,0.3083,0.3083,92.53,0.3083,28.526999,92.53,28.526999,
2023-10-22 05:00:00+00:00,0.3084,0.3088,0.3084,0.3088,4432.58,0.3086,1367.894188,4432.58,1367.894188,
2023-10-22 05:05:00+00:00,0.3083,0.3091,0.3089,0.3087,4563.69,0.30875,1409.0392875,4563.69,1409.0392875,
2023-10-22 05:10:00+00:00,0.3087,0.3088,0.3087,0.3088,109.06,0.30875,33.672275,109.06,33.672275,
2023-10-22 05:15:00+00:00,0.3089,0.309,0.3089,0.309,3511.38,0.30895,1084.840851,3511.38,1084.840851,
2023-10-22 05:20:00+00:00,0.3089,0.3095,0.3089,0.3093,2404.66,0.30915,743.400639,2404.66,743.400639,
2023-10-22 05:25:00+00:00,0.3092,0.3092,0.3092,0.3092,840.84,0.3092,259.987728,840.84,259.987728,
2023-10-22 05:30:00+00:00,0.3092,0.3092,0.3092,0.3092,840.84,0.3092,259.987728,840.84,259.987728,
2023-10-22 05:35:00+00:00,0.3092,0.3095,0.3094,0.3094,8807.15,0.309375,2724.71203125,8807.15,2724.71203125,
2023-10-22 05:40:00+00:00,0.3091,0.3094,0.3094,0.3091,106.53,0.30925,32.9444025,106.53,32.9444025,
2023-10-22 05:45:00+00:00,0.3085,0.3091,0.3091,0.309,2580.73,0.308925,797.25201525,2580.73,797.25201525,
2023-10-22 05:50:00+00:00,0.3092,0.3108,0.3092,0.3108,8701.05,0.31,2697.3255,8701.05,2697.3255,
2023-10-22 05:55:00+00:00,0.3101,0.3106,0.3104,0.3101,1304.79,0.3103,404.876337,1304.79,404.876337,
2023-10-22 06:00:00+00:00,0.3095,0.3101,0.3101,0.3095,1961.88,0.3098,607.790424,1961.88,607.790424,
2023-10-22 06:05:00+00:00,0.3096,0.31,0.3096,0.31,6603.1,0.3098,2045.64038,6603.1,2045.64038,
2023-10-22 06:10:00+00:00,0.3098,0.3102,0.31,0.3098,1679.46,0.30995,520.548627,1679.46,520.548627,
2023-10-22 06:15:00+00:00,0.309,0.3095,0.3095,0.309,167.85,0.30925,51.9076125,167.85,51.9076125,
2023-10-22 06:20:00+00:00,0.3084,0.3089,0.3089,0.3087,6930.92,0.308725,2139.748277,6930.92,2139.748277,
2023-10-22 06:25:00+00:00,0.3085,0.309,0.3089,0.3085,3028.87,0.308725,935.08789075,3028.87,935.08789075,
2023-10-22 06:30:00+00:00,0.3085,0.3088,0.3086,0.3088,2532.32,0.308675,781.663876,2532.32,781.663876,
2023-10-22 06:35:00+00:00,0.3088,0.309,0.3088,0.309,497.97,0.3089,153.822933,497.97,153.822933,
2023-10-22 06:40:00+00:00,0.3091,0.3095,0.3092,0.3091,4029.94,0.309225,1246.1581965,4029.94,1246.1581965,
2023-10-22 06:45:00+00:00,0.3083,0.3089,0.3089,0.3084,11603.97,0.308625,3581.27524125,11603.97,3581.27524125,
2023-10-22 06:50:00+00:00,0.3086,0.3089,0.3086,0.3086,3623.18,0.308675,1118.3850865,3623.18,1118.3850865,
2023-10-22 06:55:00+00:00,0.3086,0.309,0.3086,0.309,869.15,0.3088,268.39352,869.15,268.39352,
2023-10-22 07:00:00+00:00,0.3081,0.3087,0.3086,0.3081,2944.83,0.308375,908.11195125,2944.83,908.11195125,
2023-10-22 07:05:00+00:00,0.3077,0.3083,0.308,0.3083,2063.9,0.308075,635.8359925,2063.9,635.8359925,
2023-10-22 07:10:00+00:00,0.3074,0.3081,0.3081,0.3077,1722.53,0.307825,530.23779725,1722.53,530.23779725,
2023-10-22 07:15:00+00:00,0.3077,0.308,0.308,0.3077,458.83,0.30785,141.2508155,458.83,141.2508155,
2023-10-22 07:20:00+00:00,0.3077,0.308,0.308,0.3077,458.83,0.30785,141.2508155,458.83,141.2508155,
2023-10-22 07:25:00+00:00,0.3071,0.3078,0.3078,0.3071,1420.29,0.30745,436.6681605,1420.29,436.6681605,
2023-10-22 07:30:00+00:00,0.3059,0.3072,0.3072,0.3062,1991.97,0.306625,610.78780125,1991.97,610.78780125,
2023-10-22 07:35:00+00:00,0.3047,0.3062,0.306,0.3047,4334.51,0.3054,1323.759354,4334.51,1323.759354,
2023-10-22 07:40:00+00:00,0.2983,0.3046,0.3046,0.3026,88888.11,0.302525,26890.87547775,88888.11,26890.87547775,
2023-10-22 07:45:00+00:00,0.3023,0.3049,0.3023,0.3049,5002.7,0.3036,1518.81972,5002.7,1518.81972,
2023-10-22 07:50:00+00:00,0.3044,0.305,0.3044,0.3046,6116.65,0.3046,1863.13159,6116.65,1863.13159,
2023-10-22 07:55:00+00:00,0.304,0.3045,0.3044,0.304,1522.03,0.304225,463.03957675,1522.03,463.03957675,
2023-10-22 08:00:00+00:00,0.304,0.305,0.304,0.3047,4225.44,0.304425,1286.329572,4225.44,1286.329572,
2023-10-22 08:05:00+00:00,0.3041,0.3044,0.3044,0.3041,5523.12,0.30425,1680.40926,5523.12,1680.40926,
2023-10-22 08:10:00+00:00,0.304,0.3044,0.3044,0.304,1302.73,0.3042,396.290466,1302.73,396.290466,
2023-10-22 08:15:00+00:00,0.3032,0.304,0.304,0.3032,3876.12,0.3036,1176.790032,3876.12,1176.790032,
2023-10-22 08:20:00+00:00,0.3023,0.3029,0.3029,0.3023,247.86,0.3026,75.002436,247.86,75.002436,
2023-10-22 08:25:00+00:00,0.3017,0.3021,0.3021,0.3017,3938.7,0.3019,1189.09353,3938.7,1189.09353,
2023-10-22 08:30:00+00:00,0.3015,0.3026,0.3015,0.3026,4375.7,0.30205,1321.680185,4375.7,1321.680185,
2023-10-22 08:35:00+00:00,0.3026,0.303,0.3026,0.303,4404.83,0.3028,1333.782524,4404.83,1333.782524,
2023-10-22 08:40:00+00:00,0.3032,0.3033,0.3032,0.3032,1325.24,0.303225,401.845899,1325.24,401.845899,
2023-10-22 08:45:00+00:00,0.3029,0.3035,0.3032,0.303,5590.39,0.30315,1694.7267285,5590.39,1694.7267285,
2023-10-22 08:50:00+00:00,0.3023,0.3029,0.3029,0.3023,514.91,0.3026,155.811766,514.91,155.811766,
2023-10-22 08:55:00+00:00,0.3022,0.3027,0.3023,0.3027,4852.29,0.302475,1467.69641775,4852.29,1467.69641775,
2023-10-22 09:00:00+00:00,0.3029,0.3032,0.3029,0.3032,1860.51,0.30305,563.8275555,1860.51,563.8275555,
2023-10-22 09:05:00+00:00,0.3033,0.3036,0.3033,0.3036,262.77,0.30345,79.7375565,262.77,79.7375565,
2023-10-22 09:10:00+00:00,0.3039,0.3042,0.3039,0.3042,2546.25,0.30405,774.1873125,2546.25,774.1873125,
2023-10-22 09:15:00+00:00,0.3039,0.3042,0.3039,0.3042,2546.25,0.30405,774.1873125,2546.25,774.1873125,
2023-10-22 09:20:00+00:00,0.3042,0.3044,0.3042,0.3044,247.71,0.3043,75.378153,247.71,75.378153,
2023-10-22 09:25:00+00:00,0.3039,0.3045,0.3045,0.3039,371.57,0.3042,113.031594,371.57,113.031594,
2023-10-22 09:30:00+00:00,0.3039,0.3045,0.3045,0.3039,371.57,0.3042,113.031594,371.57,113.031594,
2023-10-22 09:35:00+00:00,0.3035,0.3038,0.3038,0.3037,91.17,0.3037,27.688329,91.17,27.688329,
2023-10-22 09:40:00+00:00,0.3035,0.3042,0.3037,0.3038,1559.96,0.3038,473.915848,1559.96,473.915848,
2023-10-22 09:45:00+00:00,0.303,0.3037,0.3035,0.303,1163.52,0.3033,352.895616,1163.52,352.895616,
2023-10-22 09:50:00+00:00,0.3026,0.3031,0.3031,0.3026,2585.11,0.30285,782.9005635,2585.11,782.9005635,
2023-10-22 09:55:00+00:00,0.3025,0.3027,0.3027,0.3025,389.72,0.3026,117.929272,389.72,117.929272,
2023-10-22 10:00:00+00:00,0.3025,0.3027,0.3027,0.3025,389.72,0.3026,117.929272,389.72,117.929272,
2023-10-22 10:05:00+00:00,0.3027,0.303,0.3028,0.303,1582.76,0.302875,479.378435,1582.76,479.378435,
2023-10-22 10:10:00+00:00,0.3028,0.3031,0.3031,0.3028,2118.01,0.30295,641.6511295,2118.01,641.6511295,
2023-10-22 10:15:00+00:00,0.3027,0.3032,0.3027,0.3031,4906.18,0.302925,1486.2045765,4906.18,1486.2045765,
2023-10-22 10:20:00+00:00,0.3025,0.3029,0.3029,0.3025,2618.91,0.3027,792.744057,2618.91,792.744057,
2023-10-22 10:25:00+00:00,0.3025,0.3027,0.3026,0.3026,1989.89,0.3026,602.140714,1989.89,602.140714,
2023-10-22 10:30:00+00:00,0.3027,0.3029,0.3027,0.3029,835.18,0.3028,252.892504,835.18,252.892504,
2023-10-22 10:35:00+00:00,0.3031,0.3034,0.3032,0.3034,442.78,0.303275,134.2841045,442.78,134.2841045,
2023-10-22 10:40:00+00:00,0.3032,0.3035,0.3034,0.3032,210.78,0.303325,63.9348435,210.78,63.9348435,
2023-10-22 10:45:00+00:00,0.3032,0.3035,0.3032,0.3032,94.51,0.303275,28.66252025,94.51,28.66252025,
2023-10-22 10:50:00+00:00,0.303,0.3032,0.3032,0.3032,104.96,0.30315,31.818624,104.96,31.818624,
2023-10-22 10:55:00+00:00,0.303,0.3032,0.3032,0.3032,104.96,0.30315,31.818624,104.96,31.818624,
2023-10-22 11:00:00+00:00,0.3029,0.3034,0.3032,0.303,54407.53,0.303125,16492.28253125,54407.53,16492.28253125,
2023-10-22 11:05:00+00:00,0.3029,0.3034,0.3032,0.303,54407.53,0.303125,16492.28253125,54407.53,16492.28253125,
2023-10-22 11:10:00+00:00,0.3028,0.3032,0.3031,0.3032,16299.06,0.303075,4939.8376095,16299.06,4939.8376095,
2023-10-22 11:15:00+00:00,0.3029,0.3036,0.3032,0.3031,6458.56,0.3032,1958.235392,6458.56,1958.235392,
2023-10-22 11:20:00+00:00,0.3032,0.3036,0.3032,0.3036,2695.88,0.3034,817.929992,2695.88,817.929992,
2023-10-22 11:25:00+00:00,0.3029,0.3033,0.3033,0.303,3561.52,0.303125,1079.58575,3561.52,1079.58575,
2023-10-22 11:30:00+00:00,0.302,0.3026,0.3026,0.302,3332.33,0.3023,1007.363359,3332.33,1007.363359,
2023-10-22 11:35:00+00:00,0.302,0.3024,0.3023,0.302,579.16,0.302175,175.007673,579.16,175.007673,
2023-10-22 11:40:00+00:00,0.3022,0.3023,0.3023,0.3022,99.4,0.30225,30.04365,99.4,30.04365,
2023-10-22 11:45:00+00:00,0.3017,0.3024,0.3024,0.3017,1396.53,0.30205,421.8218865,1396.53,421.8218865,
2023-10-22 11:50:00+00:00,0.3016,0.3022,0.3017,0.3022,1684.02,0.301925,508.4477385,1684.02,508.4477385,
2023-10-22 11:55:00+00:00,0.302,0.3026,0.3022,0.3026,9994.36,0.30235,3021.794746,9994.36,3021.794746,
2023-10-22 12:00:00+00:00,0.302,0.3026,0.3022,0.3026,9994.36,0.30235,3021.794746,9994.36,3021.794746,
2023-10-22 12:05:00+00:00,0.3028,0.303,0.3029,0.3029,96.67,0.3029,29.281343,96.67,29.281343,
2023-10-22 12:10:00+00:00,0.3028,0.303,0.3029,0.3029,96.67,0.3029,29.281343,96.67,29.281343,
2023-10-22 12:15:00+00:00,0.3031,0.3032,0.3032,0.3031,174.06,0.30315,52.766289,174.06,52.766289,
2023-10-22 12:20:00+00:00,0.3034,0.3037,0.3034,0.3037,1725.37,0.30355,523.7360635,1725.37,523.7360635,
2023-10-22 12:25:00+00:00,0.3034,0.3037,0.3034,0.3037,1725.37,0.30355,523.7360635,1725.37,523.7360635,
2023-10-22 12:30:00+00:00,0.3035,0.3039,0.3038,0.3035,198.58,0.303675,60.3037815,198.58,60.3037815,
2023-10-22 12:35:00+00:00,0.3035,0.3039,0.3038,0.3035,198.58,0.303675,60.3037815,198.58,60.3037815,
2023-10-22 12:40:00+00:00,0.303,0.3039,0.3039,0.3032,2302.92,0.3035,698.93622,2302.92,698.93622,
2023-10-22 12:45:00+00:00,0.3032,0.3036,0.3032,0.3032,4911.53,0.3033,1489.667049,4911.53,1489.667049,
2023-10-22 12:50:00+00:00,0.3032,0.3036,0.3032,0.3032,4911.53,0.3033,1489.667049,4911.53,1489.667049,
2023-10-22 12:55:00+00:00,0.3027,0.3032,0.3032,0.3027,7935.12,0.30295,2403.944604,7935.12,2403.944604,
2023-10-22 13:00:00+00:00,0.303,0.3035,0.303,0.3035,3110.92,0.30325,943.38649,3110.92,943.38649,
2023-10-22 13:05:00+00:00,0.3036,0.3038,0.3038,0.3036,712.55,0.3037,216.401435,712.55,216.401435,
2023-10-22 13:10:00+00:00,0.3036,0.3037,0.3037,0.3036,442.17,0.30365,134.2649205,442.17,134.2649205,
2023-10-22 13:15:00+00:00,0.3036,0.3039,0.3036,0.3039,2331.43,0.30375,708.1718625,2331.43,708.1718625,
2023-10-22 13:20:00+00:00,0.3038,0.304,0.304,0.3039,7699.75,0.303925,2340.14651875,7699.75,2340.14651875,
2023-10-22 13:25:00+00:00,0.304,0.3044,0.3041,0.3041,14162.42,0.30415,4307.500043,14162.42,4307.500043,
2023-10-22 13:30:00+00:00,0.3035,0.3039,0.3038,0.3039,11073.17,0.303775,3363.75221675,11073.17,3363.75221675,
2023-10-22 13:35:00+00:00,0.3036,0.3038,0.3038,0.3037,675.25,0.303725,205.09030625,675.25,205.09030625,
2023-10-22 13:40:00+00:00,0.3035,0.304,0.3035,0.304,1050.53,0.30375,319.0984875,1050.53,319.0984875,
2023-10-22 13:45:00+00:00,0.3039,0.3041,0.3039,0.3041,840.16,0.304,255.40864,840.16,255.40864,
2023-10-22 13:50:00+00:00,0.3039,0.3043,0.3042,0.3043,1541.76,0.304175,468.964848,1541.76,468.964848,
2023-10-22 13:55:00+00:00,0.3041,0.3043,0.3041,0.3043,426.4,0.3042,129.71088,426.4,129.71088,
2023-10-22 14:00:00+00:00,0.3039,0.3045,0.3044,0.3042,3058.26,0.30425,930.475605,3058.26,930.475605,
2023-10-22 14:05:00+00:00,0.3041,0.3044,0.3042,0.3044,2555.94,0.304275,777.7086435,2555.94,777.7086435,
2023-10-22 14:10:00+00:00,0.3041,0.3045,0.3045,0.3042,2303.23,0.304325,700.93046975,2303.23,700.93046975,
2023-10-22 14:15:00+00:00,0.3038,0.304,0.304,0.3038,2567.33,0.3039,780.211587,2567.33,780.211587,
2023-10-22 14:20:00+00:00,0.3029,0.3038,0.3038,0.3029,918.52,0.30335,278.633042,918.52,278.633042,
2023-10-22 14:25:00+00:00,0.3026,0.303,0.303,0.3029,896.1,0.302875,271.4062875,896.1,271.4062875,
2023-10-22 14:30:00+00:00,0.3028,0.3031,0.303,0.3028,3162.23,0.302925,957.91852275,3162.23,957.91852275,
2023-10-22 14:35:00+00:00,0.3026,0.3029,0.3027,0.3026,790.11,0.3027,239.166297,790.11,239.166297,
2023-10-22 14:40:00+00:00,0.3028,0.303,0.3028,0.303,1477.6,0.3029,447.56504,1477.6,447.56504,
2023-10-22 14:45:00+00:00,0.302,0.303,0.303,0.302,2114.39,0.3025,639.602975,2114.39,639.602975,
2023-10-22 14:50:00+00:00,0.302,0.3026,0.302,0.3026,2437.33,0.3023,736.804859,2437.33,736.804859,
2023-10-22 14:55:00+00:00,0.3024,0.3026,0.3026,0.3024,558.42,0.3025,168.92205,558.42,168.92205,
2023-10-22 15:00:00+00:00,0.3016,0.3025,0.3025,0.3018,9659.94,0.3021,2918.267874,9659.94,2918.267874,
2023-10-22 15:05:00+00:00,0.3012,0.3022,0.3014,0.3021,6942.33,0.301725,2094.67451925,6942.33,2094.67451925,
2023-10-22 15:10:00+00:00,0.3017,0.302,0.3018,0.302,2479.67,0.301875,748.55038125,2479.67,748.55038125,
2023-10-22 15:15:00+00:00,0.3023,0.3027,0.3023,0.3027,2057.56,0.3025,622.4119,2057.56,622.4119,
2023-10-22 15:20:00+00:00,0.3023,0.3026,0.3025,0.3023,598.06,0.302425,180.8682955,598.06,180.8682955,
2023-10-22 15:25:00+00:00,0.3022,0.3025,0.3023,0.3025,7481.65,0.302375,2262.26391875,7481.65,2262.26391875,
2023-10-22 15:30:00+00:00,0.3017,0.3022,0.3022,0.302,3101.12,0.302025,936.615768,3101.12,936.615768,
2023-10-22 15:35:00+00:00,0.3015,0.3018,0.3018,0.3015,918.11,0.30165,276.9478815,918.11,276.9478815,
2023-10-22 15:40:00+00:00,0.3013,0.3017,0.3014,0.3017,293.22,0.301525,88.4131605,293.22,88.4131605,
2023-10-22 15:45:00+00:00,0.3013,0.3019,0.3019,0.3015,1842.54,0.30165,555.802191,1842.54,555.802191,
2023-10-22 15:50:00+00:00,0.3013,0.302,0.3013,0.302,2986.26,0.30165,900.805329,2986.26,900.805329,
2023-10-22 15:55:00+00:00,0.3017,0.3021,0.3018,0.3021,3817.07,0.301925,1152.46885975,3817.07,1152.46885975,
2023-10-22 16:00:00+00:00,0.3018,0.3025,0.3022,0.3025,4072.76,0.30225,1230.99171,4072.76,1230.99171,
2023-10-22 16:05:00+00:00,0.302,0.3024,0.3024,0.3022,376.59,0.30225,113.8243275,376.59,113.8243275,
2023-10-22 16:10:00+00:00,0.3023,0.3026,0.3023,0.3026,1242.73,0.30245,375.8636885,1242.73,375.8636885,
2023-10-22 16:15:00+00:00,0.3025,0.3026,0.3025,0.3026,9.1,0.30255,2.753205,9.1,2.753205,
2023-10-22 16:20:00+00:00,0.3026,0.3029,0.3026,0.3028,3255.16,0.302725,985.418311,3255.16,985.418311,
2023-10-22 16:25:00+00:00,0.3026,0.3028,0.3028,0.3026,1791.24,0.3027,542.208348,1791.24,542.208348,
2023-10-22 16:30:00+00:00,0.3028,0.303,0.303,0.3028,2185.58,0.3029,662.012182,2185.58,662.012182,
2023-10-22 16:35:00+00:00,0.3025,0.3028,0.3028,0.3025,1693.95,0.30265,512.6739675,1693.95,512.6739675,
2023-10-22 16:40:00+00:00,0.3027,0.3028,0.3027,0.3028,6.23,0.30275,1.8861325,6.23,1.8861325,
2023-10-22 16:45:00+00:00,0.3023,0.3029,0.3029,0.3023,2125.56,0.3026,643.194456,2125.56,643.194456,
2023-10-22 16:50:00+00:00,0.3022,0.3026,0.3024,0.3026,4664.77,0.30245,1410.8596865,4664.77,1410.8596865,
2023-10-22 16:55:00+00:00,0.3027,0.3027,0.3027,0.3027,3.05,0.3027,0.923235,3.05,0.923235,
2023-10-22 17:00:00+00:00,0.3026,0.3027,0.3027,0.3026,93.49,0.30265,28.2947485,93.49,28.2947485,
2023-10-22 17:05:00+00:00,0.3029,0.3032,0.3029,0.3032,3018.5,0.30305,914.756425,3018.5,914.756425,
2023-10-22 17:10:00+00:00,0.3033,0.3035,0.3035,0.3034,945.56,0.303425,286.906543,945.56,286.906543,
2023-10-22 17:15:00+00:00,0.3029,0.3034,0.3034,0.3029,3243.29,0.30315,983.2033635,3243.29,983.2033635,
2023-10-22 17:20:00+00:00,0.3029,0.3034,0.3034,0.3029,3243.29,0.30315,983.2033635,3243.29,983.2033635,
2023-10-22 17:25:00+00:00,0.303,0.3032,0.303,0.3032,1743.95,0.3031,528.591245,1743.95,528.591245,
2023-10-22 17:30:00+00:00,0.3031,0.3037,0.3031,0.3037,2848.06,0.3034,864.101404,2848.06,864.101404,
2023-10-22 17:35:00+00:00,0.3035,0.3038,0.3038,0.3038,3337.82,0.303725,1013.7793795,3337.82,1013.7793795,
2023-10-22 17:40:00+00:00,0.3034,0.3038,0.3035,0.3035,316.51,0.30355,96.0766105,316.51,96.0766105,
2023-10-22 17:45:00+00:00,0.3034,0.3038,0.3035,0.3035,316.51,0.30355,96.0766105,316.51,96.0766105,
2023-10-22 17:50:00+00:00,0.3032,0.3035,0.3033,0.3035,2624.48,0.303375,796.20162,2624.48,796.20162,
2023-10-22 17:55:00+00:00,0.3035,0.3037,0.3035,0.3037,698.81,0.3036,212.158716,698.81,212.158716,
2023-10-22 18:00:00+00:00,0.3031,0.3041,0.3038,0.3032,4006.08,0.30355,1216.045584,4006.08,1216.045584,
2023-10-22 18:05:00+00:00,0.303,0.3038,0.3031,0.3038,2972.18,0.303425,901.8337165,2972.18,901.8337165,
2023-10-22 18:10:00+00:00,0.3035,0.3036,0.3036,0.3035,2699.81,0.30355,819.5273255,2699.81,819.5273255,
2023-10-22 18:15:00+00:00,0.3029,0.3036,0.3036,0.3029,2705.49,0.30325,820.4398425,2705.49,820.4398425,
2023-10-22 18:20:00+00:00,0.3028,0.3033,0.3029,0.3033,1204.78,0.303075,365.1386985,1204.78,365.1386985,
2023-10-22 18:25:00+00:00,0.3028,0.3032,0.3032,0.303,1959.19,0.30305,593.7325295,1959.19,593.7325295,
2023-10-22 18:30:00+00:00,0.3025,0.3028,0.3027,0.3028,4471.69,0.3027,1353.580563,4471.69,1353.580563,
2023-10-22 18:35:00+00:00,0.3027,0.3029,0.3029,0.3027,1057.77,0.3028,320.292756,1057.77,320.292756,
2023-10-22 18:40:00+00:00,0.3027,0.3029,0.3029,0.3027,1057.77,0.3028,320.292756,1057.77,320.292756,
2023-10-22 18:45:00+00:00,0.3025,0.3029,0.3028,0.3029,5632.39,0.302775,1705.34688225,5632.39,1705.34688225,
2023-10-22 18:50:00+00:00,0.3028,0.3031,0.3029,0.3028,32.26,0.3029,9.771554,32.26,9.771554,
2023-10-22 18:55:00+00:00,0.303,0.3032,0.303,0.3032,904.52,0.3031,274.160012,904.52,274.160012,
2023-10-22 19:00:00+00:00,0.303,0.3032,0.303,0.3032,904.52,0.3031,274.160012,904.52,274.160012,
2023-10-22 19:05:00+00:00,0.3026,0.303,0.3029,0.3028,15317.35,0.302825,4638.47651375,15317.35,4638.47651375,
2023-10-22 19:10:00+00:00,0.3025,0.3029,0.3026,0.3025,12428.61,0.302625,3761.20810125,12428.61,3761.20810125,
2023-10-22 19:15:00+00:00,0.3027,0.303,0.3027,0.3027,1306.0,0.302775,395.42415,1306.0,395.42415,
2023-10-22 19:20:00+00:00,0.3031,0.3035,0.3031,0.3035,23795.06,0.3033,7217.041698,23795.06,7217.041698,
2023-10-22 19:25:00+00:00,0.3031,0.3034,0.3034,0.3032,31659.63,0.303275,9601.57428825,31659.63,9601.57428825,
2023-10-22 19:30:00+00:00,0.3029,0.3031,0.3031,0.3029,3428.45,0.303,1038.82035,3428.45,1038.82035,
2023-10-22 19:35:00+00:00,0.3029,0.3031,0.3031,0.3029,3428.45,0.303,1038.82035,3428.45,1038.82035,
2023-10-22 19:40:00+00:00,0.3029,0.3031,0.3029,0.3031,64.23,0.303,19.46169,64.23,19.46169,
2023-10-22 19:45:00+00:00,0.3023,0.3026,0.3026,0.3023,2289.1,0.30245,692.338295,2289.1,692.338295,
2023-10-22 19:50:00+00:00,0.3023,0.3024,0.3024,0.3023,10.25,0.30235,3.0990875,10.25,3.0990875,
2023-10-22 19:55:00+00:00,0.3023,0.3026,0.3023,0.3026,4315.63,0.30245,1305.2622935,4315.63,1305.2622935,
2023-10-22 20:00:00+00:00,0.3026,0.3029,0.3026,0.3027,2837.1,0.3027,858.79017,2837.1,858.79017,
2023-10-22 20:05:00+00:00,0.3027,0.3029,0.3027,0.3029,475.52,0.3028,143.987456,475.52,143.987456,
2023-10-22 20:10:00+00:00,0.303,0.3031,0.303,0.3031,984.27,0.30305,298.2830235,984.27,298.2830235,
2023-10-22 20:15:00+00:00,0.3026,0.3033,0.303,0.3026,3377.16,0.302875,1022.857335,3377.16,1022.857335,
2023-10-22 20:20:00+00:00,0.3026,0.3029,0.3026,0.3029,3928.08,0.30275,1189.22622,3928.08,1189.22622,
2023-10-22 20:25:00+00:00,0.3026,0.303,0.303,0.303,2728.22,0.3029,826.377838,2728.22,826.377838,
2023-10-22 20:30:00+00:00,0.3028,0.3031,0.3029,0.3028,2118.82,0.3029,641.790578,2118.82,641.790578,
2023-10-22 20:35:00+00:00,0.3027,0.303,0.3028,0.303,8020.09,0.302875,2429.08475875,8020.09,2429.08475875,
2023-10-22 20:40:00+00:00,0.3029,0.3031,0.3031,0.3031,2638.51,0.30305,799.6004555,2638.51,799.6004555,
2023-10-22 20:45:00+00:00,0.303,0.303,0.303,0.303,9.24,0.303,2.79972,9.24,2.79972,
2023-10-22 20:50:00+00:00,0.3028,0.3031,0.3031,0.3028,1327.23,0.30295,402.0843285,1327.23,402.0843285,
2023-10-22 20:55:00+00:00,0.3028,0.3032,0.3028,0.3032,2605.67,0.303,789.51801,2605.67,789.51801,
2023-10-22 21:00:00+00:00,0.3029,0.3033,0.303,0.3033,2405.23,0.303125,729.08534375,2405.23,729.08534375,
2023-10-22 21:05:00+00:00,0.3034,0.3035,0.3034,0.3035,2807.21,0.30345,851.8478745,2807.21,851.8478745,
2023-10-22 21:10:00+00:00,0.3023,0.3034,0.3034,0.3023,5764.15,0.30285,1745.6728275,5764.15,1745.6728275,
2023-10-22 21:15:00+00:00,0.302,0.3023,0.3023,0.3023,342.0,0.302225,103.36095,342.0,103.36095,
2023-10-22 21:20:00+00:00,0.302,0.3021,0.302,0.3021,1007.84,0.30205,304.418072,1007.84,304.418072,
2023-10-22 21:25:00+00:00,0.302,0.3024,0.302,0.3024,2452.54,0.3022,741.157588,2452.54,741.157588,
2023-10-22 21:30:00+00:00,0.3026,0.3033,0.3026,0.3033,10675.51,0.30295,3234.1457545,10675.51,3234.1457545,
2023-10-22 21:35:00+00:00,0.3028,0.3033,0.3033,0.3029,4656.34,0.303075,1411.2202455,4656.34,1411.2202455,
2023-10-22 21:40:00+00:00,0.3032,0.3033,0.3032,0.3033,1099.55,0.30325,333.4385375,1099.55,333.4385375,
2023-10-22 21:45:00+00:00,0.3031,0.3033,0.3033,0.3031,63.74,0.3032,19.325968,63.74,19.325968,
2023-10-22 21:50:00+00:00,0.3029,0.3034,0.3031,0.3029,1587.89,0.303075,481.24976175,1587.89,481.24976175,
2023-10-22 21:55:00+00:00,0.3026,0.3031,0.3027,0.3026,251.65,0.30275,76.1870375,251.65,76.1870375,
2023-10-22 22:00:00+00:00,0.3024,0.3028,0.3024,0.3028,147.31,0.3026,44.576006,147.31,44.576006,
2023-10-22 22:05:00+00:00,0.3029,0.3032,0.3029,0.3032,1106.23,0.30305,335.2430015,1106.23,335.2430015,
2023-10-22 22:10:00+00:00,0.3029,0.3032,0.3029,0.3032,1106.23,0.30305,335.2430015,1106.23,335.2430015,
2023-10-22 22:15:00+00:00,0.3032,0.3035,0.3032,0.3035,2754.45,0.30335,835.5624075,2754.45,835.5624075,
2023-10-22 22:20:00+00:00,0.3037,0.3041,0.3038,0.3041,1338.66,0.303925,406.8522405,1338.66,406.8522405,
2023-10-22 22:25:00+00:00,0.3037,0.3041,0.3038,0.3041,1338.66,0.303925,406.8522405,1338.66,406.8522405,
2023-10-22 22:30:00+00:00,0.3037,0.3041,0.304,0.3041,396.54,0.303975,120.5382465,396.54,120.5382465,
2023-10-22 22:35:00+00:00,0.3041,0.3045,0.3041,0.3045,446.45,0.3043,135.854735,446.45,135.854735,
2023-10-22 22:40:00+00:00,0.3047,0.3065,0.3047,0.3065,7433.83,0.3056,2271.778448,7433.83,2271.778448,
2023-10-22 22:45:00+00:00,0.3062,0.3065,0.3065,0.3064,773.94,0.3064,237.135216,773.94,237.135216,
2023-10-22 22:50:00+00:00,0.3064,0.3071,0.3064,0.3071,585.89,0.30675,179.7217575,585.89,179.7217575,
2023-10-22 22:55:00+00:00,0.3073,0.3077,0.3074,0.3073,861.14,0.307425,264.7359645,861.14,264.7359645,
2023-10-22 23:00:00+00:00,0.3074,0.3077,0.3077,0.3074,5829.64,0.30755,1792.905782,5829.64,1792.905782,
2023-10-22 23:05:00+00:00,0.307,0.3075,0.3075,0.3073,989.97,0.307325,304.24253025,989.97,304.24253025,
2023-10-22 23:10:00+00:00,0.3074,0.3081,0.3074,0.3077,3341.3,0.30765,1027.950945,3341.3,1027.950945,
2023-10-22 23:15:00+00:00,0.3071,0.3076,0.3076,0.3071,1186.05,0.30735,364.5324675,1186.05,364.5324675,
2023-10-22 23:20:00+00:00,0.3071,0.3074,0.3072,0.3074,1076.48,0.307275,330.775392,1076.48,330.775392,
2023-10-22 23:25:00+00:00,0.307,0.3074,0.3071,0.3072,1455.27,0.307175,447.02256225,1455.27,447.02256225,
2023-10-22 23:30:00+00:00,0.3072,0.3077,0.3073,0.3077,2415.11,0.307475,742.58594725,2415.11,742.58594725,
2023-10-22 23:35:00+00:00,0.3077,0.3084,0.3078,0.3083,7005.02,0.30805,2157.896411,7005.02,2157.896411,
2023-10-22 23:40:00+00:00,0.308,0.3086,0.3081,0.3086,3369.84,0.308325,1039.005918,3369.84,1039.005918,
2023-10-22 23:45:00+00:00,0.3081,0.3087,0.3083,0.3087,4328.14,0.30845,1335.014783,4328.14,1335.014783,
2023-10-22 23:50:00+00:00,0.3077,0.3086,0.3086,0.3077,3781.31,0.30815,1165.2106765,3781.31,1165.2106765,
2023-10-22 23:55:00+00:00,0.3082,0.3087,0.3082,0.3087,3605.27,0.30845,1112.0455315,3605.27,1112.0455315,
2023-10-23 00:00:00+00:00,0.3085,0.3097,0.3087,0.3094,5562.68,0.309075,1719.285321,5562.68,1719.285321,
2023-10-23 00:05:00+00:00,0.3084,0.3092,0.3092,0.3089,4968.26,0.308925,1534.8197205,4968.26,1534.8197205,
2023-10-23 00:10:00+00:00,0.3092,0.3097,0.3092,0.3095,5024.42,0.3094,1554.555548,5024.42,1554.555548,
2023-10-23 00:15:00+00:00,0.3086,0.3096,0.3095,0.3086,8968.0,0.309075,2771.7846,8968.0,2771.7846,
2023-10-23 00:20:00+00:00,0.3074,0.3086,0.3086,0.3074,7585.97,0.308,2336.47876,7585.97,2336.47876,
2023-10-23 00:25:00+00:00,0.3077,0.3086,0.3077,0.3083,405.62,0.308075,124.9613815,405.62,124.9613815,
2023-10-23 00:30:00+00:00,0.3083,0.3089,0.3083,0.3084,2516.41,0.308475,776.24957475,2516.41,776.24957475,
2023-10-23 00:35:00+00:00,0.3083,0.3088,0.3088,0.3084,3157.18,0.308575,974.2268185,3157.18,974.2268185,
2023-10-23 00:40:00+00:00,0.3083,0.3089,0.3083,0.3088,2299.35,0.308575,709.52192625,2299.35,709.52192625,
2023-10-23 00:45:00+00:00,0.3091,0.3099,0.3092,0.3098,7184.41,0.3095,2223.574895,7184.41,2223.574895,
2023-10-23 00:50:00+00:00,0.3091,0.3098,0.3095,0.3098,3954.72,0.30955,1224.183576,3954.72,1224.183576,
2023-10-23 00:55:00+00:00,0.31,0.3104,0.31,0.3101,4666.45,0.310125,1447.18280625,4666.45,1447.18280625,
2023-10-23 01:00:00+00:00,0.3092,0.3098,0.3098,0.3095,1955.43,0.309575,605.35224225,1955.43,605.35224225,
2023-10-23 01:05:00+00:00,0.3098,0.3107,0.3098,0.3104,6969.19,0.310175,2161.66850825,6969.19,2161.66850825,
2023-10-23 01:10:00+00:00,0.3101,0.3103,0.3102,0.3103,4731.56,0.310225,1467.848201,4731.56,1467.848201,
2023-10-23 01:15:00+00:00,0.3101,0.311,0.3104,0.311,10767.25,0.310625,3344.57703125,10767.25,3344.57703125,
2023-10-23 01:20:00+00:00,0.3108,0.312,0.3111,0.3116,10141.85,0.311375,3157.91854375,10141.85,3157.91854375,
2023-10-23 01:25:00+00:00,0.3113,0.3128,0.3113,0.3122,6188.28,0.3119,1930.124532,6188.28,1930.124532,
2023-10-23 01:30:00+00:00,0.3107,0.3131,0.3124,0.3107,32266.07,0.311725,10058.14067075,32266.07,10058.14067075,
2023-10-23 01:35:00+00:00,0.3105,0.3113,0.3111,0.3107,2261.58,0.3109,703.125222,2261.58,703.125222,
2023-10-23 01:40:00+00:00,0.3105,0.3111,0.3107,0.3108,4642.87,0.310775,1442.88792425,4642.87,1442.88792425,
2023-10-23 01:45:00+00:00,0.3101,0.311,0.3107,0.3104,17753.66,0.31055,5513.399113,17753.66,5513.399113,
2023-10-23 01:50:00+00:00,0.3099,0.3107,0.3099,0.3107,8430.04,0.3103,2615.841412,8430.04,2615.841412,
2023-10-23 01:55:00+00:00,0.3101,0.3107,0.3107,0.3105,2988.87,0.3105,928.044135,2988.87,928.044135,
2023-10-23 02:00:00+00:00,0.3103,0.3111,0.3107,0.3103,11621.71,0.3106,3609.703126,11621.71,3609.703126,
2023-10-23 02:05:00+00:00,0.3094,0.3101,0.31,0.3101,6561.3,0.3099,2033.34687,6561.3,2033.34687,
2023-10-23 02:10:00+00:00,0.3098,0.31,0.3098,0.31,2018.63,0.3099,625.573437,2018.63,625.573437,
2023-10-23 02:15:00+00:00,0.3101,0.3104,0.3101,0.3104,198.34,0.31025,61.534985,198.34,61.534985,
2023-10-23 02:20:00+00:00,0.3106,0.3108,0.3107,0.3106,2275.05,0.310675,706.80115875,2275.05,706.80115875,
2023-10-23 02:25:00+00:00,0.3101,0.3104,0.3104,0.3101,354.4,0.31025,109.9526,354.4,109.9526,
2023-10-23 02:30:00+00:00,0.3104,0.3106,0.3104,0.3105,1918.36,0.310475,595.602821,1918.36,595.602821,
2023-10-23 02:35:00+00:00,0.3104,0.3111,0.3104,0.3108,2553.28,0.310675,793.240264,2553.28,793.240264,
2023-10-23 02:40:00+00:00,0.3101,0.3107,0.3107,0.3102,5637.07,0.310425,1749.88745475,5637.07,1749.88745475,
2023-10-23 02:45:00+00:00,0.3101,0.3105,0.3102,0.3103,2102.53,0.310275,652.36249575,2102.53,652.36249575,
2023-10-23 02:50:00+00:00,0.3095,0.3101,0.3101,0.3095,3138.34,0.3098,972.257732,3138.34,972.257732,
2023-10-23 02:55:00+00:00,0.3092,0.3097,0.3092,0.3095,1679.06,0.3094,519.501164,1679.06,519.501164,
2023-10-23 03:00:00+00:00,0.3086,0.3098,0.3096,0.3089,8484.19,0.309225,2623.52365275,8484.19,2623.52365275,
2023-10-23 03:05:00+00:00,0.309,0.3094,0.3091,0.3093,2715.81,0.3092,839.728452,2715.81,839.728452,
2023-10-23 03:10:00+00:00,0.308,0.3094,0.3094,0.308,2445.11,0.3087,754.805457,2445.11,754.805457,
2023-10-23 03:15:00+00:00,0.3082,0.3093,0.3082,0.3093,4429.88,0.30875,1367.72545,4429.88,1367.72545,
2023-10-23 03:20:00+00:00,0.3091,0.3095,0.3092,0.3093,3210.16,0.309275,992.822234,3210.16,992.822234,
2023-10-23 03:25:00+00:00,0.3094,0.3101,0.3094,0.3098,2759.72,0.309675,854.616291,2759.72,854.616291,
2023-10-23 03:30:00+00:00,0.3094,0.3096,0.3095,0.3096,1249.43,0.309525,386.72982075,1249.43,386.72982075,
2023-10-23 03:35:00+00:00,0.3095,0.3101,0.3095,0.31,1724.63,0.309775,534.24725825,1724.63,534.24725825,
2023-10-23 03:40:00+00:00,0.3098,0.3106,0.3098,0.3104,6429.55,0.31015,1994.1249325,6429.55,1994.1249325,
2023-10-23 03:45:00+00:00,0.3095,0.3116,0.3104,0.3105,20089.11,0.3105,6237.668655,20089.11,6237.668655,
2023-10-23 03:50:00+00:00,0.3104,0.311,0.3107,0.3106,25423.31,0.310675,7898.38683425,25423.31,7898.38683425,
2023-10-23 03:55:00+00:00,0.3101,0.3106,0.3106,0.3105,5944.76,0.31045,1845.550742,5944.76,1845.550742,
2023-10-23 04:00:00+00:00,0.3096,0.3113,0.3104,0.3111,9289.37,0.3106,2885.278322,9289.37,2885.278322,
2023-10-23 04:05:00+00:00,0.3095,0.3111,0.311,0.31,3497.48,0.3104,1085.617792,3497.48,1085.617792,
2023-10-23 04:10:00+00:00,0.3098,0.3101,0.3101,0.3098,1056.97,0.30995,327.6078515,1056.97,327.6078515,
2023-10-23 04:15:00+00:00,0.3096,0.3104,0.3098,0.3104,3315.79,0.31005,1028.0606895,3315.79,1028.0606895,
2023-10-23 04:20:00+00:00,0.3102,0.3106,0.3106,0.3102,9295.94,0.3104,2885.459776,9295.94,2885.459776,
2023-10-23 04:25:00+00:00,0.3105,0.311,0.3105,0.3107,1715.91,0.310675,533.09033925,1715.91,533.09033925,
2023-10-23 04:30:00+00:00,0.311,0.3112,0.311,0.311,786.3,0.31105,244.578615,786.3,244.578615,
2023-10-23 04:35:00+00:00,0.311,0.3114,0.3113,0.311,3362.1,0.311175,1046.2014675,3362.1,1046.2014675,
2023-10-23 04:40:00+00:00,0.311,0.3115,0.3114,0.3113,4492.23,0.3113,1398.431199,4492.23,1398.431199,
2023-10-23 04:45:00+00:00,0.3113,0.3117,0.3113,0.3117,4859.02,0.3115,1513.58473,4859.02,1513.58473,
2023-10-23 04:50:00+00:00,0.3117,0.312,0.3117,0.312,847.67,0.31185,264.3458895,847.67,264.3458895,
2023-10-23 04:55:00+00:00,0.3116,0.312,0.312,0.3116,362.05,0.3118,112.88719,362.05,112.88719,
2023-10-23 05:00:00+00:00,0.3104,0.3114,0.3114,0.3107,2483.86,0.310975,772.4183635,2483.86,772.4183635,
2023-10-23 05:05:00+00:00,0.311,0.3113,0.311,0.3113,163.72,0.31115,50.941478,163.72,50.941478,
2023-10-23 05:10:00+00:00,0.3116,0.3122,0.3116,0.3122,3311.5,0.3119,1032.85685,3311.5,1032.85685,
2023-10-23 05:15:00+00:00,0.3122,0.3125,0.3122,0.3124,8765.47,0.312325,2737.67541775,8765.47,2737.67541775,
2023-10-23 05:20:00+00:00,0.3116,0.3126,0.3121,0.3119,8207.39,0.31205,2561.1160495,8207.39,2561.1160495,
2023-10-23 05:25:00+00:00,0.311,0.3118,0.3118,0.311,1270.15,0.3114,395.52471,1270.15,395.52471,
2023-10-23 05:30:00+00:00,0.3115,0.3125,0.3116,0.3125,5486.45,0.312025,1711.90956125,5486.45,1711.90956125,
2023-10-23 05:35:00+00:00,0.3116,0.3126,0.3126,0.3116,7731.11,0.3121,2412.879431,7731.11,2412.879431,
2023-10-23 05:40:00+00:00,0.3111,0.3119,0.3119,0.3113,1576.95,0.31155,491.2987725,1576.95,491.2987725,
2023-10-23 05:45:00+00:00,0.3112,0.3119,0.3112,0.3118,2362.02,0.311525,735.8282805,2362.02,735.8282805,
2023-10-23 05:50:00+00:00,0.3107,0.3117,0.3117,0.3107,4378.71,0.3112,1362.654552,4378.71,1362.654552,
2023-10-23 05:55:00+00:00,0.3106,0.3111,0.3106,0.3111,406.97,0.31085,126.5066245,406.97,126.5066245,
2023-10-23 06:00:00+00:00,0.3107,0.3111,0.3109,0.311,2315.58,0.310925,719.9717115,2315.58,719.9717115,
2023-10-23 06:05:00+00:00,0.3112,0.3119,0.3112,0.3116,5157.46,0.311475,1606.4198535,5157.46,1606.4198535,
2023-10-23 06:10:00+00:00,0.311,0.3122,0.312,0.311,9298.87,0.31155,2897.0629485,9298.87,2897.0629485,
2023-10-23 06:15:00+00:00,0.3098,0.3115,0.311,0.3098,16028.89,0.310525,4977.37106725,16028.89,4977.37106725,
2023-10-23 06:20:00+00:00,0.3095,0.3099,0.3095,0.3097,367.91,0.30965,113.9233315,367.91,113.9233315,
2023-10-23 06:25:00+00:00,0.3095,0.3099,0.3095,0.3097,367.91,0.30965,113.9233315,367.91,113.9233315,
2023-10-23 06:30:00+00:00,0.3093,0.3098,0.3098,0.3093,310.08,0.30955,95.985264,310.08,95.985264,
2023-10-23 06:35:00+00:00,0.3091,0.3097,0.3097,0.3093,1328.88,0.30945,411.221916,1328.88,411.221916,
2023-10-23 06:40:00+00:00,0.3095,0.3095,0.3095,0.3095,80.78,0.3095,25.00141,80.78,25.00141,
2023-10-23 06:45:00+00:00,0.309,0.3101,0.3098,0.309,4633.59,0.309475,1433.98026525,4633.59,1433.98026525,
2023-10-23 06:50:00+00:00,0.3087,0.309,0.3089,0.309,91.19,0.3089,28.168591,91.19,28.168591,
2023-10-23 06:55:00+00:00,0.3083,0.309,0.309,0.3085,1604.13,0.3087,495.194931,1604.13,495.194931,
2023-10-23 07:00:00+00:00,0.3079,0.3084,0.3083,0.3082,2348.12,0.3082,723.690584,2348.12,723.690584,
2023-10-23 07:05:00+00:00,0.3067,0.3079,0.3079,0.3075,55785.46,0.3075,17154.02895,55785.46,17154.02895,
2023-10-23 07:10:00+00:00,0.3072,0.3074,0.3072,0.3074,4535.8,0.3073,1393.85134,4535.8,1393.85134,
2023-10-23 07:15:00+00:00,0.3075,0.3081,0.3075,0.3081,2602.47,0.3078,801.040266,2602.47,801.040266,
2023-10-23 07:20:00+00:00,0.308,0.3084,0.308,0.3082,2453.41,0.30815,756.0182915,2453.41,756.0182915,
2023-10-23 07:25:00+00:00,0.308,0.3083,0.3083,0.3081,4127.4,0.308175,1271.961495,4127.4,1271.961495,
2023-10-23 07:30:00+00:00,0.3083,0.3086,0.3083,0.3085,556.99,0.308425,171.78964075,556.99,171.78964075,
2023-10-23 07:35:00+00:00,0.3085,0.309,0.3085,0.3088,516.69,0.3087,159.502203,516.69,159.502203,
2023-10-23 07:40:00+00:00,0.3085,0.309,0.3085,0.3088,516.69,0.3087,159.502203,516.69,159.502203,
2023-10-23 07:45:00+00:00,0.3088,0.309,0.3088,0.3088,144.66,0.30885,44.678241,144.66,44.678241,
2023-10-23 07:50:00+00:00,0.3062,0.3086,0.3086,0.3062,19579.76,0.3074,6018.818224,19579.76,6018.818224,
2023-10-23 07:55:00+00:00,0.3056,0.3072,0.3059,0.3072,7617.86,0.306475,2334.6836435,7617.86,2334.6836435,
2023-10-23 08:00:00+00:00,0.3065,0.3074,0.3074,0.3068,6889.62,0.307025,2115.2855805,6889.62,2115.2855805,
2023-10-23 08:05:00+00:00,0.3069,0.3076,0.3069,0.3075,3879.69,0.307225,1191.93776025,3879.69,1191.93776025,
2023-10-23 08:10:00+00:00,0.3074,0.3078,0.3075,0.3075,27618.42,0.30755,8494.045071,27618.42,8494.045071,
2023-10-23 08:15:00+00:00,0.3073,0.3075,0.3075,0.3074,2151.56,0.307425,661.443333,2151.56,661.443333,
2023-10-23 08:20:00+00:00,0.307,0.3074,0.3071,0.3074,215.88,0.307225,66.323733,215.88,66.323733,
2023-10-23 08:25:00+00:00,0.3077,0.3086,0.3077,0.3085,6117.73,0.308125,1885.02555625,6117.73,1885.02555625,
2023-10-23 08:30:00+00:00,0.308,0.3085,0.3085,0.3083,5025.15,0.308325,1549.37937375,5025.15,1549.37937375,
2023-10-23 08:35:00+00:00,0.3085,0.3086,0.3085,0.3086,1461.8,0.30855,451.03839,1461.8,451.03839,
2023-10-23 08:40:00+00:00,0.3089,0.3092,0.3089,0.3092,161.8,0.30905,50.00429,161.8,50.00429,
2023-10-23 08:45:00+00:00,0.3095,0.3103,0.3095,0.3103,41241.48,0.3099,12780.734652,41241.48,12780.734652,
2023-10-23 08:50:00+00:00,0.3104,0.3109,0.3104,0.3106,6442.64,0.310575,2000.922918,6442.64,2000.922918,
2023-10-23 08:55:00+00:00,0.3107,0.3108,0.3108,0.3107,7267.95,0.31075,2258.5154625,7267.95,2258.5154625,
2023-10-23 09:00:00+00:00,0.3101,0.3105,0.3105,0.3105,7283.57,0.3104,2260.820128,7283.57,2260.820128,
2023-10-23 09:05:00+00:00,0.3101,0.3105,0.3101,0.3105,1035.89,0.3103,321.436667,1035.89,321.436667,
2023-10-23 09:10:00+00:00,0.3098,0.3105,0.3105,0.3098,1967.44,0.31015,610.201516,1967.44,610.201516,
2023-10-23 09:15:00+00:00,0.3098,0.3102,0.3101,0.3098,208.02,0.309975,64.4809995,208.02,64.4809995,
2023-10-23 09:20:00+00:00,0.3092,0.3097,0.3095,0.3094,1172.51,0.30945,362.8332195,1172.51,362.8332195,
2023-10-23 09:25:00+00:00,0.308,0.3093,0.3093,0.308,809.98,0.30865,250.000327,809.98,250.000327,
2023-10-23 09:30:00+00:00,0.3062,0.3077,0.3077,0.3072,27714.68,0.3072,8513.949696,27714.68,8513.949696,
2023-10-23 09:35:00+00:00,0.3067,0.3074,0.3072,0.3071,4558.97,0.3071,1400.059687,4558.97,1400.059687,
2023-10-23 09:40:00+00:00,0.3065,0.3068,0.3068,0.3065,3699.9,0.30665,1134.574335,3699.9,1134.574335,
2023-10-23 09:45:00+00:00,0.3049,0.3065,0.3064,0.3059,17242.37,0.305925,5274.87204225,17242.37,5274.87204225,
2023-10-23 09:50:00+00:00,0.306,0.3064,0.3062,0.3064,373.24,0.30625,114.30475,373.24,114.30475,
2023-10-23 09:55:00+00:00,0.3065,0.307,0.3065,0.307,1009.91,0.30675,309.7898925,1009.91,309.7898925,
2023-10-23 10:00:00+00:00,0.3071,0.3074,0.3071,0.3074,516.7,0.30725,158.756075,516.7,158.756075,
2023-10-23 10:05:00+00:00,0.3074,0.3077,0.3074,0.3075,898.17,0.3075,276.187275,898.17,276.187275,
2023-10-23 10:10:00+00:00,0.3075,0.308,0.3075,0.308,2087.8,0.30775,642.52045,2087.8,642.52045,
2023-10-23 10:15:00+00:00,0.308,0.308,0.308,0.308,330.24,0.308,101.71392,330.24,101.71392,
2023-10-23 10:20:00+00:00,0.3082,0.3083,0.3083,0.3082,2096.84,0.30825,646.35093,2096.84,646.35093,
2023-10-23 10:25:00+00:00,0.3082,0.3085,0.3085,0.3083,91.51,0.308375,28.21939625,91.51,28.21939625,
2023-10-23 10:30:00+00:00,0.3083,0.3087,0.3086,0.3083,300.05,0.308475,92.55792375,300.05,92.55792375,
2023-10-23 10:35:00+00:00,0.3079,0.3083,0.3082,0.3083,2632.04,0.308175,811.128927,2632.04,811.128927,
2023-10-23 10:40:00+00:00,0.3082,0.3085,0.3083,0.3084,1391.15,0.30835,428.9611025,1391.15,428.9611025,
2023-10-23 10:45:00+00:00,0.3081,0.3087,0.3084,0.3081,2095.72,0.308325,646.162869,2095.72,646.162869,
2023-10-23 10:50:00+00:00,0.308,0.3085,0.3083,0.3085,973.99,0.308325,300.30546675,973.99,300.30546675,
2023-10-23 10:55:00+00:00,0.308,0.3084,0.3084,0.3083,4133.47,0.308275,1274.24546425,4133.47,1274.24546425,
2023-10-23 11:00:00+00:00,0.3083,0.3087,0.3083,0.3087,4308.11,0.3085,1329.051935,4308.11,1329.051935,
2023-10-23 11:05:00+00:00,0.308,0.3089,0.3089,0.308,5542.48,0.30845,1709.577956,5542.48,1709.577956,
2023-10-23 11:10:00+00:00,0.3079,0.3085,0.308,0.3083,5740.03,0.308175,1768.93374525,5740.03,1768.93374525,
2023-10-23 11:15:00+00:00,0.3086,0.3092,0.3086,0.3092,1843.59,0.3089,569.484951,1843.59,569.484951,
2023-10-23 11:20:00+00:00,0.309,0.3094,0.3091,0.3091,10167.67,0.30915,3143.3351805,10167.67,3143.3351805,
2023-10-23 11:25:00+00:00,0.3091,0.3096,0.3093,0.3091,3490.92,0.309275,1079.654283,3490.92,1079.654283,
2023-10-23 11:30:00+00:00,0.3088,0.3095,0.3089,0.3095,7949.98,0.309175,2457.9350665,7949.98,2457.9350665,
2023-10-23 11:35:00+00:00,0.3092,0.3097,0.3094,0.3097,1878.63,0.3095,581.435985,1878.63,581.435985,
2023-10-23 11:40:00+00:00,0.3097,0.3101,0.3097,0.3098,9312.9,0.309825,2885.3692425,9312.9,2885.3692425,
2023-10-23 11:45:00+00:00,0.3089,0.3097,0.3097,0.3093,1399.19,0.3094,432.909386,1399.19,432.909386,
2023-10-23 11:50:00+00:00,0.3089,0.3096,0.3094,0.3089,805.53,0.3092,249.069876,805.53,249.069876,
2023-10-23 11:55:00+00:00,0.3089,0.3092,0.3089,0.309,2636.78,0.309,814.76502,2636.78,814.76502,
2023-10-23 12:00:00+00:00,0.3089,0.3093,0.3091,0.3092,1396.33,0.309125,431.64051125,1396.33,431.64051125,
2023-10-23 12:05:00+00:00,0.3084,0.3089,0.3089,0.3086,4886.94,0.3087,1508.598378,4886.94,1508.598378,
2023-10-23 12:10:00+00:00,0.3083,0.3087,0.3086,0.3085,2721.59,0.308525,839.67855475,2721.59,839.67855475,
2023-10-23 12:15:00+00:00,0.3085,0.3092,0.3085,0.3091,2904.09,0.308825,896.85559425,2904.09,896.85559425,
2023-10-23 12:20:00+00:00,0.3086,0.3087,0.3087,0.3086,1934.99,0.30865,597.2346635,1934.99,597.2346635,
2023-10-23 12:25:00+00:00,0.3082,0.3086,0.3086,0.3082,22009.38,0.3084,6787.692792,22009.38,6787.692792,
2023-10-23 12:30:00+00:00,0.308,0.3085,0.3083,0.308,1256.6,0.3082,387.28412,1256.6,387.28412,
2023-10-23 12:35:00+00:00,0.3079,0.3081,0.3079,0.3081,9.07,0.308,2.79356,9.07,2.79356,
2023-10-23 12:40:00+00:00,0.308,0.3084,0.3083,0.3081,3511.25,0.3082,1082.16725,3511.25,1082.16725,
2023-10-23 12:45:00+00:00,0.3076,0.3083,0.3078,0.3083,2498.75,0.308,769.615,2498.75,769.615,
2023-10-23 12:50:00+00:00,0.3084,0.3087,0.3084,0.3085,6466.76,0.3085,1994.99546,6466.76,1994.99546,
2023-10-23 12:55:00+00:00,0.3083,0.3085,0.3084,0.3084,3414.84,0.3084,1053.136656,3414.84,1053.136656,
2023-10-23 13:00:00+00:00,0.3082,0.3087,0.3087,0.3082,2756.56,0.30845,850.260932,2756.56,850.260932,
2023-10-23 13:05:00+00:00,0.308,0.3089,0.308,0.3089,1562.55,0.30845,481.9685475,1562.55,481.9685475,
2023-10-23 13:10:00+00:00,0.3087,0.3092,0.3092,0.3087,1654.5,0.30895,511.157775,1654.5,511.157775,
2023-10-23 13:15:00+00:00,0.3077,0.3086,0.3086,0.3078,7253.53,0.308175,2235.35660775,7253.53,2235.35660775,
2023-10-23 13:20:00+00:00,0.3068,0.3075,0.3075,0.3071,385.49,0.307225,118.43216525,385.49,118.43216525,
2023-10-23 13:25:00+00:00,0.3065,0.3072,0.3068,0.3068,5066.51,0.306825,1554.53193075,5066.51,1554.53193075,
2023-10-23 13:30:00+00:00,0.3056,0.3065,0.3065,0.3056,6829.82,0.30605,2090.266411,6829.82,2090.266411,
2023-10-23 13:35:00+00:00,0.305,0.306,0.3056,0.306,717.5,0.30565,219.303875,717.5,219.303875,
2023-10-23 13:40:00+00:00,0.3059,0.3066,0.306,0.3065,3778.89,0.30625,1157.2850625,3778.89,1157.2850625,
2023-10-23 13:45:00+00:00,0.3063,0.3069,0.3063,0.3065,2360.25,0.3065,723.416625,2360.25,723.416625,
2023-10-23 13:50:00+00:00,0.3062,0.3065,0.3063,0.3064,5575.6,0.30635,1708.08506,5575.6,1708.08506,
2023-10-23 13:55:00+00:00,0.3064,0.3068,0.3064,0.3065,3213.01,0.306525,984.86789025,3213.01,984.86789025,
2023-10-23 14:00:00+00:00,0.3064,0.3071,0.3064,0.3071,3410.69,0.30675,1046.2291575,3410.69,1046.2291575,
2023-10-23 14:05:00+00:00,0.3072,0.3077,0.3072,0.3072,832.15,0.307325,255.74049875,832.15,255.74049875,
2023-10-23 14:10:00+00:00,0.3071,0.3077,0.3071,0.3077,945.35,0.3074,290.60059,945.35,290.60059,
2023-10-23 14:15:00+00:00,0.3074,0.3077,0.3075,0.3074,4490.52,0.3075,1380.8349,4490.52,1380.8349,
2023-10-23 14:20:00+00:00,0.3071,0.3077,0.3073,0.3077,14768.56,0.30745,4540.593772,14768.56,4540.593772,
2023-10-23 14:25:00+00:00,0.3075,0.3078,0.3077,0.3077,3940.75,0.307675,1212.47025625,3940.75,1212.47025625,
2023-10-23 14:30:00+00:00,0.3068,0.3076,0.3076,0.3068,4170.14,0.3072,1281.067008,4170.14,1281.067008,
2023-10-23 14:35:00+00:00,0.3066,0.3074,0.3071,0.3074,953.61,0.307125,292.87747125,953.61,292.87747125,
2023-10-23 14:40:00+00:00,0.3076,0.3079,0.3076,0.3076,61785.54,0.307675,19009.8660195,61785.54,19009.8660195,
2023-10-23 14:45:00+00:00,0.3071,0.3082,0.3074,0.3071,16055.44,0.30745,4936.245028,16055.44,4936.245028,
2023-10-23 14:50:00+00:00,0.3073,0.3083,0.3073,0.3083,36320.06,0.3078,11179.314468,36320.06,11179.314468,
2023-10-23 14:55:00+00:00,0.3078,0.3082,0.3081,0.308,72209.25,0.308025,22242.25423125,72209.25,22242.25423125,
2023-10-23 15:00:00+00:00,0.3078,0.3083,0.308,0.3078,74391.7,0.307975,22910.7838075,74391.7,22910.7838075,
2023-10-23 15:05:00+00:00,0.3073,0.3081,0.3078,0.3081,75370.19,0.307825,23200.82873675,75370.19,23200.82873675,
2023-10-23 15:10:00+00:00,0.3083,0.3088,0.3083,0.3088,46315.22,0.30855,14290.561131,46315.22,14290.561131,
2023-10-23 15:15:00+00:00,0.3077,0.309,0.3088,0.308,178327.17,0.308375,54991.64104875,178327.17,54991.64104875,
2023-10-23 15:20:00+00:00,0.308,0.309,0.3081,0.3086,73084.22,0.308425,22541.0005535,73084.22,22541.0005535,
2023-10-23 15:25:00+00:00,0.3082,0.3086,0.3083,0.3085,267.43,0.3084,82.475412,267.43,82.475412,
2023-10-23 15:30:00+00:00,0.3083,0.3085,0.3083,0.3085,3972.49,0.3084,1225.115916,3972.49,1225.115916,
2023-10-23 15:35:00+00:00,0.3077,0.3086,0.3086,0.3078,17058.98,0.308175,5257.1511615,17058.98,5257.1511615,
2023-10-23 15:40:00+00:00,0.3074,0.308,0.308,0.3074,5958.46,0.3077,1833.418142,5958.46,1833.418142,
2023-10-23 15:45:00+00:00,0.3076,0.308,0.3076,0.3079,293.47,0.307775,90.32272925,293.47,90.32272925,
2023-10-23 15:50:00+00:00,0.3079,0.3089,0.3082,0.3083,3850.91,0.308325,1187.33182575,3850.91,1187.33182575,
2023-10-23 15:55:00+00:00,0.3077,0.308,0.308,0.308,6234.79,0.307925,1919.84771075,6234.79,1919.84771075,
2023-10-23 16:00:00+00:00,0.3077,0.3087,0.3083,0.308,4749.18,0.308175,1463.5785465,4749.18,1463.5785465,
2023-10-23 16:05:00+00:00,0.3083,0.3086,0.3083,0.3085,3112.37,0.308425,959.93271725,3112.37,959.93271725,
2023-10-23 16:10:00+00:00,0.3083,0.3087,0.3086,0.3085,6371.29,0.308525,1965.70224725,6371.29,1965.70224725,
2023-10-23 16:15:00+00:00,0.3085,0.3089,0.3086,0.3088,4114.82,0.3087,1270.244934,4114.82,1270.244934,
2023-10-23 16:20:00+00:00,0.3083,0.309,0.309,0.3085,2346.6,0.3087,724.39542,2346.6,724.39542,
2023-10-23 16:25:00+00:00,0.3077,0.3086,0.3085,0.3078,15988.96,0.30815,4926.998024,15988.96,4926.998024,
2023-10-23 16:30:00+00:00,0.3077,0.3084,0.3081,0.3084,6316.37,0.30815,1946.3894155,6316.37,1946.3894155,
2023-10-23 16:35:00+00:00,0.308,0.3095,0.308,0.3092,6114.49,0.308675,1887.39020075,6114.49,1887.39020075,
2023-10-23 16:40:00+00:00,0.3088,0.3098,0.3092,0.3096,7324.32,0.30935,2265.778392,7324.32,2265.778392,
2023-10-23 16:45:00+00:00,0.3092,0.3099,0.3095,0.3099,7516.29,0.309625,2327.23129125,7516.29,2327.23129125,
2023-10-23 16:50:00+00:00,0.3097,0.3111,0.3098,0.3111,2933.58,0.310425,910.6565715,2933.58,910.6565715,
2023-10-23 16:55:00+00:00,0.311,0.3116,0.3112,0.311,2148.95,0.3112,668.75324,2148.95,668.75324,
2023-10-23 17:00:00+00:00,0.3097,0.311,0.311,0.3104,2962.48,0.310525,919.924102,2962.48,919.924102,
2023-10-23 17:05:00+00:00,0.3107,0.3118,0.3107,0.3112,26512.27,0.3111,8247.967197,26512.27,8247.967197,
2023-10-23 17:10:00+00:00,0.3106,0.311,0.311,0.3108,1573.66,0.31085,489.172211,1573.66,489.172211,
2023-10-23 17:15:00+00:00,0.3097,0.3106,0.3106,0.3098,511.32,0.310175,158.598681,511.32,158.598681,
2023-10-23 17:20:00+00:00,0.3095,0.31,0.3098,0.3095,4724.08,0.3097,1463.047576,4724.08,1463.047576,
2023-10-23 17:25:00+00:00,0.3074,0.3092,0.3092,0.3083,4844.55,0.308525,1494.66478875,4844.55,1494.66478875,
2023-10-23 17:30:00+00:00,0.3077,0.3089,0.3082,0.3085,4414.88,0.308325,1361.217876,4414.88,1361.217876,
2023-10-23 17:35:00+00:00,0.3088,0.3091,0.3089,0.3089,482.55,0.308925,149.07175875,482.55,149.07175875,
2023-10-23 17:40:00+00:00,0.309,0.3095,0.3092,0.309,3633.01,0.309175,1123.23586675,3633.01,1123.23586675,
2023-10-23 17:45:00+00:00,0.3089,0.3097,0.3092,0.3097,7028.76,0.309375,2174.522625,7028.76,2174.522625,
2023-10-23 17:50:00+00:00,0.3093,0.3096,0.3094,0.3096,6370.0,0.309475,1971.35575,6370.0,1971.35575,
2023-10-23 17:55:00+00:00,0.3092,0.3098,0.3098,0.3092,7889.43,0.3095,2441.778585,7889.43,2441.778585,
2023-10-23 18:00:00+00:00,0.3094,0.3098,0.3094,0.3098,7630.26,0.3096,2362.328496,7630.26,2362.328496,
2023-10-23 18:05:00+00:00,0.3095,0.3101,0.31,0.3097,4319.45,0.309825,1338.27359625,4319.45,1338.27359625,
2023-10-23 18:10:00+00:00,0.3098,0.31,0.3098,0.31,2195.3,0.3099,680.32347,2195.3,680.32347,
2023-10-23 18:15:00+00:00,0.3095,0.3101,0.3101,0.3095,2599.31,0.3098,805.266238,2599.31,805.266238,
2023-10-23 18:20:00+00:00,0.3093,0.3098,0.3097,0.3093,1250.46,0.309525,387.0486315,1250.46,387.0486315,
2023-10-23 18:25:00+00:00,0.3092,0.3095,0.3094,0.3094,1320.37,0.309375,408.48946875,1320.37,408.48946875,
2023-10-23 18:30:00+00:00,0.3093,0.3095,0.3093,0.3094,964.63,0.309375,298.43240625,964.63,298.43240625,
2023-10-23 18:35:00+00:00,0.3094,0.3096,0.3094,0.3094,34.99,0.30945,10.8276555,34.99,10.8276555,
2023-10-23 18:40:00+00:00,0.3077,0.3092,0.3092,0.3087,14569.48,0.3087,4497.598476,14569.48,4497.598476,
2023-10-23 18:45:00+00:00,0.308,0.3092,0.3087,0.3091,19002.46,0.30875,5867.009525,19002.46,5867.009525,
2023-10-23 18:50:00+00:00,0.3092,0.3101,0.3095,0.3098,2288.61,0.30965,708.6680865,2288.61,708.6680865,
2023-10-23 18:55:00+00:00,0.3101,0.3107,0.3101,0.3107,243.98,0.3104,75.731392,243.98,75.731392,
2023-10-23 19:00:00+00:00,0.3109,0.3117,0.3109,0.3117,2962.8,0.3113,922.31964,2962.8,922.31964,
2023-10-23 19:05:00+00:00,0.3106,0.3113,0.3113,0.3108,10864.08,0.311,3378.72888,10864.08,3378.72888,
2023-10-23 19:10:00+00:00,0.311,0.3119,0.311,0.3116,892.87,0.311375,278.01739625,892.87,278.01739625,
2023-10-23 19:15:00+00:00,0.3107,0.3116,0.3116,0.3108,8011.23,0.311175,2492.89449525,8011.23,2492.89449525,
2023-10-23 19:20:00+00:00,0.3102,0.3112,0.311,0.3106,4267.76,0.31075,1326.20642,4267.76,1326.20642,
2023-10-23 19:25:00+00:00,0.3104,0.3107,0.3107,0.3104,7813.07,0.31055,2426.3488885,7813.07,2426.3488885,
2023-10-23 19:30:00+00:00,0.3101,0.3104,0.3101,0.3104,1283.44,0.31025,398.18726,1283.44,398.18726,
2023-10-23 19:35:00+00:00,0.3101,0.311,0.3101,0.311,4874.88,0.31055,1513.893984,4874.88,1513.893984,
2023-10-23 19:40:00+00:00,0.3113,0.3116,0.3113,0.3116,644.88,0.31145,200.847876,644.88,200.847876,
2023-10-23 19:45:00+00:00,0.3116,0.3119,0.3116,0.3118,86.62,0.311725,27.0016195,86.62,27.0016195,
2023-10-23 19:50:00+00:00,0.3113,0.3125,0.3117,0.312,22463.27,0.311875,7005.73233125,22463.27,7005.73233125,
2023-10-23 19:55:00+00:00,0.3122,0.3128,0.3123,0.3122,2330.72,0.312375,728.05866,2330.72,728.05866,
2023-10-23 20:00:00+00:00,0.3122,0.3128,0.3126,0.3124,1905.59,0.3125,595.496875,1905.59,595.496875,
2023-10-23 20:05:00+00:00,0.3118,0.3121,0.3119,0.3118,753.29,0.3119,234.951151,753.29,234.951151,
2023-10-23 20:10:00+00:00,0.312,0.3124,0.312,0.3124,2708.66,0.3122,845.643652,2708.66,845.643652,
2023-10-23 20:15:00+00:00,0.3122,0.3128,0.3123,0.3126,5640.63,0.312475,1762.55585925,5640.63,1762.55585925,
2023-10-23 20:20:00+00:00,0.3122,0.3128,0.3125,0.3127,679.77,0.31255,212.4621135,679.77,212.4621135,
2023-10-23 20:25:00+00:00,0.3117,0.3127,0.3127,0.312,5387.99,0.312275,1682.53457725,5387.99,1682.53457725,
2023-10-23 20:30:00+00:00,0.312,0.3128,0.312,0.3128,3657.23,0.3124,1142.518652,3657.23,1142.518652,
2023-10-23 20:35:00+00:00,0.3126,0.3131,0.3131,0.3126,1501.11,0.31285,469.6222635,1501.11,469.6222635,
2023-10-23 20:40:00+00:00,0.3117,0.3127,0.3126,0.3117,5537.09,0.312175,1728.54107075,5537.09,1728.54107075,
2023-10-23 20:45:00+00:00,0.3113,0.312,0.3116,0.3115,9899.07,0.3116,3084.550212,9899.07,3084.550212,
2023-10-23 20:50:00+00:00,0.3104,0.3113,0.3113,0.3104,4396.71,0.31085,1366.7173035,4396.71,1366.7173035,
2023-10-23 20:55:00+00:00,0.3105,0.3117,0.3105,0.3117,8449.25,0.3111,2628.561675,8449.25,2628.561675,
2023-10-23 21:00:00+00:00,0.3114,0.3125,0.3115,0.3125,4420.75,0.311975,1379.16348125,4420.75,1379.16348125,
2023-10-23 21:05:00+00:00,0.3115,0.3123,0.3123,0.3115,19250.72,0.3119,6004.299568,19250.72,6004.299568,
2023-10-23 21:10:00+00:00,0.3116,0.3123,0.3116,0.3123,1731.3,0.31195,540.079035,1731.3,540.079035,
2023-10-23 21:15:00+00:00,0.3116,0.3124,0.3119,0.3124,5182.64,0.312075,1617.372378,5182.64,1617.372378,
2023-10-23 21:20:00+00:00,0.3121,0.313,0.3121,0.313,1687.91,0.31255,527.5562705,1687.91,527.5562705,
2023-10-23 21:25:00+00:00,0.3129,0.3133,0.313,0.3131,891.99,0.313075,279.25976925,891.99,279.25976925,
2023-10-23 21:30:00+00:00,0.3133,0.314,0.3134,0.314,1572.99,0.313675,493.40763825,1572.99,493.40763825,
2023-10-23 21:35:00+00:00,0.3137,0.3141,0.3137,0.3139,3340.91,0.31385,1048.5446035,3340.91,1048.5446035,
2023-10-23 21:40:00+00:00,0.3134,0.3139,0.3138,0.3137,6202.73,0.3137,1945.796401,6202.73,1945.796401,
2023-10-23 21:45:00+00:00,0.3137,0.314,0.3137,0.314,183.25,0.31385,57.5130125,183.25,57.5130125,
2023-10-23 21:50:00+00:00,0.3141,0.3143,0.3142,0.3143,3683.64,0.314225,1157.491779,3683.64,1157.491779,
2023-10-23 21:55:00+00:00,0.3141,0.3146,0.3143,0.3141,1427.91,0.314275,448.75641525,1427.91,448.75641525,
2023-10-23 22:00:00+00:00,0.314,0.3143,0.314,0.3143,3489.18,0.31415,1096.125897,3489.18,1096.125897,
2023-10-23 22:05:00+00:00,0.3146,0.3152,0.3146,0.3152,5060.37,0.3149,1593.510513,5060.37,1593.510513,
2023-10-23 22:10:00+00:00,0.3152,0.3158,0.3155,0.3152,6337.68,0.315425,1999.062714,6337.68,1999.062714,
2023-10-23 22:15:00+00:00,0.3149,0.3155,0.3154,0.3149,1722.92,0.315175,543.021311,1722.92,543.021311,
2023-10-23 22:20:00+00:00,0.3145,0.3147,0.3146,0.3147,135.87,0.314625,42.74809875,135.87,42.74809875,
2023-10-23 22:25:00+00:00,0.3148,0.3164,0.3149,0.3164,21562.91,0.315625,6805.79346875,21562.91,6805.79346875,
2023-10-23 22:30:00+00:00,0.3155,0.3162,0.3161,0.3162,6422.57,0.316,2029.53212,6422.57,2029.53212,
2023-10-23 22:35:00+00:00,0.3159,0.3175,0.316,0.3175,16102.98,0.316725,5100.2163405,16102.98,5100.2163405,
2023-10-23 22:40:00+00:00,0.3172,0.323,0.3174,0.32,122368.91,0.3194,39084.629854,122368.91,39084.629854,
2023-10-23 22:45:00+00:00,0.3179,0.3215,0.3203,0.3215,21235.48,0.3203,6801.724244,21235.48,6801.724244,
2023-10-23 22:50:00+00:00,0.3211,0.3222,0.3212,0.3213,57693.13,0.32145,18545.4566385,57693.13,18545.4566385,
2023-10-23 22:55:00+00:00,0.3218,0.3236,0.3221,0.3228,14352.47,0.322575,4629.74801025,14352.47,4629.74801025,
2023-10-23 23:00:00+00:00,0.322,0.3242,0.3233,0.3227,8177.07,0.32305,2641.6024635,8177.07,2641.6024635,
2023-10-23 23:05:00+00:00,0.3209,0.3225,0.3224,0.3212,23633.93,0.32175,7604.2169775,23633.93,7604.2169775,
2023-10-23 23:10:00+00:00,0.3181,0.3211,0.3211,0.3203,20714.25,0.32015,6631.6671375,20714.25,6631.6671375,
2023-10-23 23:15:00+00:00,0.3199,0.3228,0.32,0.3225,23607.88,0.3213,7585.211844,23607.88,7585.211844,
2023-10-23 23:20:00+00:00,0.3215,0.3228,0.3224,0.3218,15789.81,0.322125,5086.29254625,15789.81,5086.29254625,
2023-10-23 23:25:00+00:00,0.3217,0.3227,0.3217,0.3227,5990.0,0.3222,1929.978,5990.0,1929.978,
2023-10-23 23:30:00+00:00,0.3224,0.3236,0.3228,0.3224,1979.5,0.3228,638.9826,1979.5,638.9826,
2023-10-23 23:35:00+00:00,0.3207,0.3224,0.3221,0.3207,28726.69,0.321475,9234.91266775,28726.69,9234.91266775,
2023-10-23 23:40:00+00:00,0.3206,0.3221,0.3206,0.3215,5675.6,0.3212,1823.00272,5675.6,1823.00272,
2023-10-23 23:45:00+00:00,0.3216,0.323,0.3216,0.323,98866.67,0.3223,31864.727741,98866.67,31864.727741,
2023-10-23 23:50:00+00:00,0.3227,0.3234,0.3229,0.3232,17227.86,0.32305,5565.460173,17227.86,5565.460173,
2023-10-23 23:55:00+00:00,0.3234,0.3257,0.3234,0.3257,7912.03,0.32455,2567.8493365,7912.03,2567.8493365,
2023-10-24 00:00:00+00:00,0.3243,0.3257,0.3256,0.3243,33640.87,0.324975,10932.44172825,33640.87,10932.44172825,
2023-10-24 00:05:00+00:00,0.3227,0.3245,0.3245,0.3227,6413.43,0.3236,2075.385948,6413.43,2075.385948,
2023-10-24 00:10:00+00:00,0.3221,0.3233,0.3225,0.3226,11153.32,0.322625,3598.339865,11153.32,3598.339865,
2023-10-24 00:15:00+00:00,0.3221,0.3231,0.323,0.323,18627.97,0.3228,6013.108716,18627.97,6013.108716,
2023-10-24 00:20:00+00:00,0.323,0.3252,0.323,0.3242,43434.15,0.32385,14066.1494775,43434.15,14066.1494775,
2023-10-24 00:25:00+00:00,0.324,0.3254,0.324,0.3254,12223.94,0.3247,3969.113318,12223.94,3969.113318,
2023-10-24 00:30:00+00:00,0.3243,0.3272,0.3252,0.3271,24694.3,0.32595,8049.107085,24694.3,8049.107085,
2023-10-24 00:35:00+00:00,0.3252,0.3273,0.3269,0.3252,62377.19,0.32615,20344.3205185,62377.19,20344.3205185,
2023-10-24 00:40:00+00:00,0.325,0.3266,0.3251,0.3261,15232.36,0.3257,4961.179652,15232.36,4961.179652,
2023-10-24 00:45:00+00:00,0.3258,0.3293,0.326,0.3293,9709.8,0.3276,3180.93048,9709.8,3180.93048,
2023-10-24 00:50:00+00:00,0.3296,0.3314,0.3296,0.3313,3986.31,0.330475,1317.37579725,3986.31,1317.37579725,
2023-10-24 00:55:00+00:00,0.3308,0.3329,0.3314,0.3329,59171.87,0.332,19645.06084,59171.87,19645.06084,
2023-10-24 01:00:00+00:00,0.3313,0.3344,0.333,0.3342,220233.36,0.333225,73387.261386,220233.36,73387.261386,
2023-10-24 01:05:00+00:00,0.332,0.3353,0.3342,0.332,193092.97,0.333375,64372.36887375,193092.97,64372.36887375,
2023-10-24 01:10:00+00:00,0.3307,0.333,0.3325,0.3307,72680.59,0.331725,24109.96871775,72680.59,24109.96871775,
2023-10-24 01:15:00+00:00,0.3306,0.3328,0.3313,0.3325,28598.92,0.3318,9489.121656,28598.92,9489.121656,
2023-10-24 01:20:00+00:00,0.3319,0.3339,0.3327,0.3329,46809.66,0.33285,15580.595331,46809.66,15580.595331,
2023-10-24 01:25:00+00:00,0.33,0.3329,0.3329,0.3308,11012.42,0.33165,3652.269093,11012.42,3652.269093,
2023-10-24 01:30:00+00:00,0.33,0.3311,0.3308,0.33,10794.46,0.330475,3567.2991685,10794.46,3567.2991685,
2023-10-24 01:35:00+00:00,0.3287,0.3299,0.3299,0.3296,3818.25,0.329525,1258.20883125,3818.25,1258.20883125,
2023-10-24 01:40:00+00:00,0.329,0.3297,0.3293,0.3297,6568.97,0.329425,2163.98294225,6568.97,2163.98294225,
2023-10-24 01:45:00+00:00,0.3294,0.3312,0.3294,0.3312,3137.38,0.3303,1036.276614,3137.38,1036.276614,
2023-10-24 01:50:00+00:00,0.3298,0.3312,0.331,0.3302,5694.77,0.33055,1882.4062235,5694.77,1882.4062235,
2023-10-24 01:55:00+00:00,0.3303,0.3314,0.3303,0.3312,4279.56,0.3308,1415.678448,4279.56,1415.678448,
2023-10-24 02:00:00+00:00,0.3307,0.3325,0.3312,0.3325,15710.46,0.331725,5211.5523435,15710.46,5211.5523435,
2023-10-24 02:05:00+00:00,0.3305,0.3323,0.3323,0.331,15863.94,0.331525,5259.2927085,15863.94,5259.2927085,
2023-10-24 02:10:00+00:00,0.3302,0.3318,0.3312,0.3313,18072.16,0.331125,5984.14398,18072.16,5984.14398,
2023-10-24 02:15:00+00:00,0.3311,0.3326,0.3313,0.3323,8491.39,0.331825,2817.65548675,8491.39,2817.65548675,
2023-10-24 02:20:00+00:00,0.3324,0.3333,0.3324,0.3329,26314.23,0.33275,8756.0600325,26314.23,8756.0600325,
2023-10-24 02:25:00+00:00,0.331,0.3336,0.3326,0.3317,56019.18,0.332225,18610.9720755,56019.18,18610.9720755,
2023-10-24 02:30:00+00:00,0.3314,0.3334,0.332,0.3334,9939.36,0.33255,3305.334168,9939.36,3305.334168,
2023-10-24 02:35:00+00:00,0.3317,0.3339,0.3335,0.3339,20355.93,0.33325,6783.6136725,20355.93,6783.6136725,
2023-10-24 02:40:00+00:00,0.3334,0.3359,0.3339,0.3356,13228.82,0.3347,4427.686054,13228.82,4427.686054,
2023-10-24 02:45:00+00:00,0.3351,0.3368,0.3354,0.3361,2858.01,0.33585,959.8626585,2858.01,959.8626585,
2023-10-24 02:50:00+00:00,0.3351,0.3369,0.3359,0.3357,60369.99,0.3359,20278.279641,60369.99,20278.279641,
2023-10-24 02:55:00+00:00,0.3352,0.3361,0.3357,0.3352,13496.52,0.33555,4528.757286,13496.52,4528.757286,
2023-10-24 03:00:00+00:00,0.3338,0.3352,0.335,0.3344,5522.97,0.3346,1847.985762,5522.97,1847.985762,
2023-10-24 03:05:00+00:00,0.3339,0.3353,0.3348,0.3347,18881.48,0.334675,6319.159319,18881.48,6319.159319,
2023-10-24 03:10:00+00:00,0.3338,0.3355,0.3344,0.3355,11407.79,0.3348,3819.328092,11407.79,3819.328092,
2023-10-24 03:15:00+00:00,0.3335,0.3356,0.3355,0.3335,8747.83,0.334525,2926.36783075,8747.83,2926.36783075,
2023-10-24 03:20:00+00:00,0.3332,0.3343,0.3334,0.3333,4534.91,0.33355,1512.6192305,4534.91,1512.6192305,
2023-10-24 03:25:00+00:00,0.3331,0.3338,0.3331,0.3332,17881.7,0.3333,5959.97061,17881.7,5959.97061,
2023-10-24 03:30:00+00:00,0.3321,0.3336,0.3335,0.3322,10359.74,0.33285,3448.239459,10359.74,3448.239459,
2023-10-24 03:35:00+00:00,0.3315,0.3326,0.3324,0.3323,7076.49,0.3322,2350.809978,7076.49,2350.809978,
2023-10-24 03:40:00+00:00,0.3319,0.3323,0.3321,0.3321,1409.28,0.3321,468.021888,1409.28,468.021888,
2023-10-24 03:45:00+00:00,0.3311,0.3322,0.3319,0.3318,9433.97,0.33175,3129.7195475,9433.97,3129.7195475,
2023-10-24 03:50:00+00:00,0.33,0.3319,0.3314,0.3305,14487.96,0.33095,4794.790362,14487.96,4794.790362,
2023-10-24 03:55:00+00:00,0.3281,0.3308,0.3306,0.3281,10155.74,0.3294,3345.300756,10155.74,3345.300756,
2023-10-24 04:00:00+00:00,0.3287,0.3302,0.3287,0.3296,7462.34,0.3293,2457.348562,7462.34,2457.348562,
2023-10-24 04:05:00+00:00,0.3296,0.3302,0.3296,0.3301,6528.49,0.329875,2153.58563875,6528.49,2153.58563875,
2023-10-24 04:10:00+00:00,0.3298,0.3303,0.3302,0.3299,11174.69,0.33005,3688.2064345,11174.69,3688.2064345,
2023-10-24 04:15:00+00:00,0.3299,0.3307,0.3299,0.3306,9819.87,0.330275,3243.25756425,9819.87,3243.25756425,
2023-10-24 04:20:00+00:00,0.3307,0.3315,0.3307,0.3315,11276.77,0.3311,3733.738547,11276.77,3733.738547,
2023-10-24 04:25:00+00:00,0.3313,0.3329,0.3313,0.3326,6104.81,0.332025,2026.94954025,6104.81,2026.94954025,
2023-10-24 04:30:00+00:00,0.3308,0.3323,0.3323,0.3308,4048.79,0.33155,1342.3763245,4048.79,1342.3763245,
2023-10-24 04:35:00+00:00,0.3302,0.3308,0.3308,0.3302,2395.52,0.3305,791.71936,2395.52,791.71936,
2023-10-24 04:40:00+00:00,0.3292,0.3304,0.3304,0.3292,2573.54,0.3298,848.753492,2573.54,848.753492,
2023-10-24 04:45:00+00:00,0.3296,0.3302,0.3296,0.3296,2422.58,0.32975,798.845755,2422.58,798.845755,
2023-10-24 04:50:00+00:00,0.329,0.3303,0.3293,0.3303,10369.31,0.329725,3419.02073975,10369.31,3419.02073975,
2023-10-24 04:55:00+00:00,0.3302,0.3307,0.3303,0.3304,15358.57,0.3304,5074.471528,15358.57,5074.471528,
2023-10-24 05:00:00+00:00,0.3303,0.3311,0.3303,0.3306,16551.04,0.330575,5471.360048,16551.04,5471.360048,
2023-10-24 05:05:00+00:00,0.3304,0.331,0.3306,0.331,9488.39,0.33075,3138.2849925,9488.39,3138.2849925,
2023-10-24 05:10:00+00:00,0.3306,0.3311,0.3311,0.3311,2371.36,0.330975,784.860876,2371.36,784.860876,
2023-10-24 05:15:00+00:00,0.3306,0.331,0.331,0.3306,1175.81,0.3308,388.957948,1175.81,388.957948,
2023-10-24 05:20:00+00:00,0.3311,0.332,0.3311,0.3319,11476.03,0.331525,3804.59084575,11476.03,3804.59084575,
2023-10-24 05:25:00+00:00,0.3317,0.3323,0.3317,0.3322,1658.85,0.331975,550.69672875,1658.85,550.69672875,
2023-10-24 05:30:00+00:00,0.3313,0.3321,0.332,0.3313,6660.22,0.331675,2209.0284685,6660.22,2209.0284685,
2023-10-24 05:35:00+00:00,0.3309,0.3313,0.3311,0.3311,3605.06,0.3311,1193.635366,3605.06,1193.635366,
2023-10-24 05:40:00+00:00,0.3306,0.3313,0.3313,0.3306,562.45,0.33095,186.1428275,562.45,186.1428275,
2023-10-24 05:45:00+00:00,0.3278,0.3308,0.3308,0.3284,8219.77,0.32945,2708.0032265,8219.77,2708.0032265,
2023-10-24 05:50:00+00:00,0.3269,0.3284,0.3278,0.3275,18487.07,0.32765,6057.2884855,18487.07,6057.2884855,
2023-10-24 05:55:00+00:00,0.3257,0.3275,0.3272,0.3266,11313.48,0.32675,3696.67959,11313.48,3696.67959,
2023-10-24 06:00:00+00:00,0.3263,0.328,0.3266,0.3278,7048.23,0.327175,2306.00465025,7048.23,2306.00465025,
2023-10-24 06:05:00+00:00,0.3274,0.3278,0.3278,0.3276,16606.69,0.32765,5441.1819785,16606.69,5441.1819785,
2023-10-24 06:10:00+00:00,0.3274,0.3279,0.3276,0.3279,24613.11,0.3277,8065.716147,24613.11,8065.716147,
2023-10-24 06:15:00+00:00,0.3261,0.3275,0.3275,0.327,11444.9,0.327025,3742.7684225,11444.9,3742.7684225,
2023-10-24 06:20:00+00:00,0.325,0.3272,0.3272,0.3251,3953.99,0.326125,1289.49498875,3953.99,1289.49498875,
2023-10-24 06:25:00+00:00,0.3221,0.3253,0.325,0.323,8381.42,0.32385,2714.322867,8381.42,2714.322867,
2023-10-24 06:30:00+00:00,0.3215,0.3236,0.3233,0.3236,6111.43,0.323,1973.99189,6111.43,1973.99189,
2023-10-24 06:35:00+00:00,0.3226,0.3239,0.3239,0.3233,6765.04,0.323425,2187.983062,6765.04,2187.983062,
2023-10-24 06:40:00+00:00,0.3233,0.3239,0.3233,0.3239,14528.99,0.3236,4701.581164,14528.99,4701.581164,
2023-10-24 06:45:00+00:00,0.3241,0.3248,0.3242,0.3248,1051.76,0.324475,341.269826,1051.76,341.269826,
2023-10-24 06:50:00+00:00,0.3236,0.3246,0.3246,0.3236,7047.69,0.3241,2284.156329,7047.69,2284.156329,
2023-10-24 06:55:00+00:00,0.3232,0.3243,0.3236,0.3243,8210.57,0.32385,2658.9930945,8210.57,2658.9930945,
2023-10-24 07:00:00+00:00,0.3223,0.3243,0.3243,0.3227,24266.32,0.3234,7847.727888,24266.32,7847.727888,
2023-10-24 07:05:00+00:00,0.3222,0.3224,0.3222,0.3223,1793.94,0.322275,578.1420135,1793.94,578.1420135,
2023-10-24 07:10:00+00:00,0.3211,0.3224,0.3224,0.322,11104.26,0.321975,3575.2941135,11104.26,3575.2941135,
2023-10-24 07:15:00+00:00,0.3218,0.3227,0.3218,0.3227,3955.98,0.32225,1274.814555,3955.98,1274.814555,
2023-10-24 07:20:00+00:00,0.3222,0.3235,0.323,0.3222,13117.86,0.322725,4233.4613685,13117.86,4233.4613685,
2023-10-24 07:25:00+00:00,0.3207,0.3221,0.3221,0.3207,3566.46,0.3214,1146.260244,3566.46,1146.260244,
2023-10-24 07:30:00+00:00,0.3199,0.3212,0.3206,0.3207,16183.8,0.3206,5188.52628,16183.8,5188.52628,
2023-10-24 07:35:00+00:00,0.3202,0.3213,0.3206,0.321,19260.63,0.320775,6178.32858825,19260.63,6178.32858825,
2023-10-24 07:40:00+00:00,0.3207,0.3219,0.3213,0.3218,6251.06,0.321425,2009.2469605,6251.06,2009.2469605,
2023-10-24 07:45:00+00:00,0.3218,0.3226,0.3221,0.3226,6506.28,0.322275,2096.811387,6506.28,2096.811387,
2023-10-24 07:50:00+00:00,0.3226,0.3233,0.3226,0.3233,2444.06,0.32295,789.309177,2444.06,789.309177,
2023-10-24 07:55:00+00:00,0.3233,0.3236,0.3235,0.3236,333.21,0.3235,107.793435,333.21,107.793435,
2023-10-24 08:00:00+00:00,0.323,0.3246,0.3237,0.3246,4965.66,0.323975,1608.7496985,4965.66,1608.7496985,
2023-10-24 08:05:00+00:00,0.3247,0.3255,0.3247,0.3255,9610.73,0.3251,3124.448323,9610.73,3124.448323,
2023-10-24 08:10:00+00:00,0.3257,0.3265,0.3257,0.3264,8820.56,0.326075,2876.164102,8820.56,2876.164102,
2023-10-24 08:15:00+00:00,0.3255,0.3267,0.3266,0.3255,6559.39,0.326075,2138.85309425,6559.39,2138.85309425,
2023-10-24 08:20:00+00:00,0.3256,0.3266,0.3257,0.3266,6130.1,0.326125,1999.1788625,6130.1,1999.1788625,
2023-10-24 08:25:00+00:00,0.3263,0.3266,0.3265,0.3263,957.23,0.326425,312.46380275,957.23,312.46380275,
2023-10-24 08:30:00+00:00,0.3261,0.327,0.3261,0.3268,11249.8,0.3265,3673.0597,11249.8,3673.0597,
2023-10-24 08:35:00+00:00,0.3265,0.3275,0.3268,0.3273,6261.7,0.327025,2047.7324425,6261.7,2047.7324425,
2023-10-24 08:40:00+00:00,0.327,0.3279,0.3272,0.3275,4170.58,0.3274,1365.447892,4170.58,1365.447892,
2023-10-24 08:45:00+00:00,0.3269,0.3274,0.3274,0.3271,1706.59,0.3272,558.396248,1706.59,558.396248,
2023-10-24 08:50:00+00:00,0.3269,0.3277,0.3269,0.3277,6211.12,0.3273,2032.899576,6211.12,2032.899576,
2023-10-24 08:55:00+00:00,0.3275,0.328,0.3278,0.3275,354.61,0.3277,116.205697,354.61,116.205697,
2023-10-24 09:00:00+00:00,0.3266,0.3272,0.3272,0.3269,3587.43,0.326975,1172.99992425,3587.43,1172.99992425,
2023-10-24 09:05:00+00:00,0.3269,0.3275,0.3272,0.3275,2210.05,0.327275,723.29411375,2210.05,723.29411375,
2023-10-24 09:10:00+00:00,0.3277,0.3279,0.3278,0.3277,5664.09,0.327775,1856.54709975,5664.09,1856.54709975,
2023-10-24 09:15:00+00:00,0.3272,0.3276,0.3276,0.3276,6207.02,0.3275,2032.79905,6207.02,2032.79905,
2023-10-24 09:20:00+00:00,0.3277,0.3288,0.3278,0.328,3776.56,0.328075,1238.994922,3776.56,1238.994922,
2023-10-24 09:25:00+00:00,0.3279,0.3285,0.3279,0.3279,8931.6,0.32805,2930.01138,8931.6,2930.01138,
2023-10-24 09:30:00+00:00,0.3275,0.3282,0.3278,0.3277,7036.89,0.3278,2306.692542,7036.89,2306.692542,
2023-10-24 09:35:00+00:00,0.3277,0.3287,0.3277,0.3284,19530.56,0.328125,6408.465,19530.56,6408.465,
2023-10-24 09:40:00+00:00,0.3287,0.3294,0.3287,0.3291,8113.07,0.328975,2668.99720325,8113.07,2668.99720325,
2023-10-24 09:45:00+00:00,0.3286,0.3297,0.3292,0.329,17764.32,0.329125,5846.68182,17764.32,5846.68182,
2023-10-24 09:50:00+00:00,0.329,0.3303,0.329,0.33,16416.06,0.329575,5410.3229745,16416.06,5410.3229745,
2023-10-24 09:55:00+00:00,0.3291,0.3299,0.3299,0.3296,15470.75,0.329625,5099.54596875,15470.75,5099.54596875,
2023-10-24 10:00:00+00:00,0.3299,0.3307,0.3299,0.3307,4761.77,0.3303,1572.812631,4761.77,1572.812631,
2023-10-24 10:05:00+00:00,0.3308,0.3311,0.3308,0.3309,7733.5,0.3309,2559.01515,7733.5,2559.01515,
2023-10-24 10:10:00+00:00,0.3296,0.3308,0.3308,0.3297,678.99,0.330225,224.21947275,678.99,224.21947275,
2023-10-24 10:15:00+00:00,0.3293,0.33,0.3296,0.3293,17977.19,0.32955,5924.3829645,17977.19,5924.3829645,
2023-10-24 10:20:00+00:00,0.3292,0.3299,0.3292,0.3299,2153.16,0.32955,709.573878,2153.16,709.573878,
2023-10-24 10:25:00+00:00,0.3299,0.3307,0.3301,0.3305,5600.78,0.3303,1849.937634,5600.78,1849.937634,
2023-10-24 10:30:00+00:00,0.3299,0.331,0.3308,0.3299,956.22,0.3304,315.935088,956.22,315.935088,
2023-10-24 10:35:00+00:00,0.3293,0.3298,0.3296,0.3298,4918.25,0.329625,1621.17815625,4918.25,1621.17815625,
2023-10-24 10:40:00+00:00,0.3292,0.3297,0.3297,0.3297,2538.32,0.329575,836.566814,2538.32,836.566814,
2023-10-24 10:45:00+00:00,0.3296,0.3301,0.3296,0.3298,2326.14,0.329775,767.1028185,2326.14,767.1028185,
2023-10-24 10:50:00+00:00,0.3293,0.3297,0.3297,0.3296,1495.67,0.329575,492.93544025,1495.67,492.93544025,
2023-10-24 10:55:00+00:00,0.3293,0.33,0.3298,0.3297,743.79,0.3297,245.227563,743.79,245.227563,
2023-10-24 11:00:00+00:00,0.3293,0.3299,0.3298,0.3293,2590.03,0.329575,853.60913725,2590.03,853.60913725,
2023-10-24 11:05:00+00:00,0.3293,0.3299,0.3293,0.3297,4857.2,0.32955,1600.69026,4857.2,1600.69026,
2023-10-24 11:10:00+00:00,0.3294,0.3308,0.3294,0.3305,10814.69,0.330025,3569.11806725,10814.69,3569.11806725,
2023-10-24 11:15:00+00:00,0.3295,0.3309,0.3305,0.3299,5789.09,0.3302,1911.557518,5789.09,1911.557518,
2023-10-24 11:20:00+00:00,0.3286,0.3301,0.3301,0.3293,6625.0,0.329525,2183.103125,6625.0,2183.103125,
2023-10-24 11:25:00+00:00,0.329,0.3299,0.3295,0.3299,13315.66,0.329575,4388.5086445,13315.66,4388.5086445,
2023-10-24 11:30:00+00:00,0.3299,0.3305,0.3299,0.3302,3562.49,0.330125,1176.06701125,3562.49,1176.06701125,
2023-10-24 11:35:00+00:00,0.3293,0.3302,0.3302,0.3296,1327.66,0.329825,437.8954595,1327.66,437.8954595,
2023-10-24 11:40:00+00:00,0.3293,0.3299,0.3299,0.3293,2506.25,0.3296,826.06,2506.25,826.06,
2023-10-24 11:45:00+00:00,0.3295,0.3307,0.3296,0.3307,2888.38,0.330125,953.5264475,2888.38,953.5264475,
2023-10-24 11:50:00+00:00,0.3308,0.3315,0.3308,0.3315,2458.28,0.33115,814.059422,2458.28,814.059422,
2023-10-24 11:55:00+00:00,0.3317,0.3324,0.3317,0.3323,2494.13,0.332025,828.11351325,2494.13,828.11351325,
2023-10-24 12:00:00+00:00,0.3317,0.3326,0.332,0.3325,30499.6,0.3322,10131.96712,30499.6,10131.96712,
2023-10-24 12:05:00+00:00,0.332,0.333,0.3329,0.3326,6163.0,0.332625,2049.967875,6163.0,2049.967875,
2023-10-24 12:10:00+00:00,0.3312,0.333,0.3326,0.3319,9633.49,0.332175,3200.00454075,9633.49,3200.00454075,
2023-10-24 12:15:00+00:00,0.3314,0.3323,0.3319,0.332,4969.27,0.3319,1649.300713,4969.27,1649.300713,
2023-10-24 12:20:00+00:00,0.3319,0.3329,0.3323,0.3326,1853.41,0.332425,616.11981925,1853.41,616.11981925,
2023-10-24 12:25:00+00:00,0.3323,0.3329,0.3323,0.3329,16262.87,0.3326,5409.030562,16262.87,5409.030562,
2023-10-24 12:30:00+00:00,0.3332,0.3347,0.3332,0.3347,19210.99,0.33395,6415.5101105,19210.99,6415.5101105,
2023-10-24 12:35:00+00:00,0.3346,0.3368,0.335,0.3366,25592.39,0.33575,8592.6449425,25592.39,8592.6449425,
2023-10-24 12:40:00+00:00,0.3356,0.3373,0.3363,0.3367,23792.54,0.336475,8005.5948965,23792.54,8005.5948965,
2023-10-24 12:45:00+00:00,0.3356,0.3368,0.3368,0.3356,6614.17,0.3362,2223.683954,6614.17,2223.683954,
2023-10-24 12:50:00+00:00,0.3338,0.3362,0.3359,0.3338,5312.51,0.334925,1779.29241175,5312.51,1779.29241175,
2023-10-24 12:55:00+00:00,0.3334,0.335,0.3341,0.3338,25788.72,0.334075,8615.366634,25788.72,8615.366634,
2023-10-24 13:00:00+00:00,0.3315,0.3339,0.3339,0.3318,44039.49,0.332775,14655.24128475,44039.49,14655.24128475,
2023-10-24 13:05:00+00:00,0.3313,0.333,0.332,0.332,20795.68,0.332075,6905.725436,20795.68,6905.725436,
2023-10-24 13:10:00+00:00,0.3277,0.3319,0.3319,0.3299,12394.74,0.33035,4094.602359,12394.74,4094.602359,
2023-10-24 13:15:00+00:00,0.329,0.3308,0.3296,0.3303,2002.54,0.329925,660.6880095,2002.54,660.6880095,
2023-10-24 13:20:00+00:00,0.3301,0.3311,0.3302,0.3311,4900.97,0.330625,1620.38320625,4900.97,1620.38320625,
2023-10-24 13:25:00+00:00,0.3311,0.3317,0.3313,0.3312,5607.16,0.331325,1857.792287,5607.16,1857.792287,
2023-10-24 13:30:00+00:00,0.3305,0.3318,0.3314,0.3308,4215.85,0.331125,1395.97333125,4215.85,1395.97333125,
2023-10-24 13:35:00+00:00,0.3299,0.331,0.3309,0.3301,2311.4,0.330475,763.859915,2311.4,763.859915,
2023-10-24 13:40:00+00:00,0.329,0.3305,0.3302,0.33,10606.24,0.329925,3499.263732,10606.24,3499.263732,
2023-10-24 13:45:00+00:00,0.3284,0.3297,0.3297,0.3284,6738.9,0.32905,2217.435045,6738.9,2217.435045,
2023-10-24 13:50:00+00:00,0.3269,0.3293,0.3281,0.3293,10214.27,0.3284,3354.366268,10214.27,3354.366268,
2023-10-24 13:55:00+00:00,0.3291,0.3302,0.3292,0.3302,808.91,0.329675,266.67740425,808.91,266.67740425,
2023-10-24 14:00:00+00:00,0.3292,0.3304,0.3301,0.3297,8494.84,0.32985,2802.022974,8494.84,2802.022974,
2023-10-24 14:05:00+00:00,0.3284,0.3299,0.3297,0.329,53755.59,0.32925,17699.0280075,53755.59,17699.0280075,
2023-10-24 14:10:00+00:00,0.3281,0.329,0.329,0.3285,7883.06,0.32865,2590.767669,7883.06,2590.767669,
2023-10-24 14:15:00+00:00,0.3267,0.3286,0.3285,0.3272,3409.21,0.32775,1117.3685775,3409.21,1117.3685775,
2023-10-24 14:20:00+00:00,0.325,0.3271,0.3271,0.3257,21627.97,0.326225,7055.58451325,21627.97,7055.58451325,
2023-10-24 14:25:00+00:00,0.3252,0.3266,0.3254,0.3266,5691.99,0.32595,1855.3041405,5691.99,1855.3041405,
2023-10-24 14:30:00+00:00,0.326,0.3272,0.3264,0.3272,6816.23,0.3267,2226.862341,6816.23,2226.862341,
2023-10-24 14:35:00+00:00,0.3273,0.3284,0.3273,0.3281,981.57,0.327775,321.73410675,981.57,321.73410675,
2023-10-24 14:40:00+00:00,0.3275,0.3285,0.3281,0.3283,5474.39,0.3281,1796.147359,5474.39,1796.147359,
2023-10-24 14:45:00+00:00,0.3284,0.3298,0.3284,0.3294,2555.68,0.329,840.81872,2555.68,840.81872,
2023-10-24 14:50:00+00:00,0.3296,0.3302,0.3296,0.3302,2786.17,0.3299,919.157483,2786.17,919.157483,
2023-10-24 14:55:00+00:00,0.3302,0.3306,0.3302,0.3302,24992.08,0.3303,8254.884024,24992.08,8254.884024,
2023-10-24 15:00:00+00:00,0.3302,0.331,0.3302,0.331,3077.2,0.3306,1017.32232,3077.2,1017.32232,
2023-10-24 15:05:00+00:00,0.3311,0.3323,0.3311,0.3323,6401.39,0.3317,2123.341063,6401.39,2123.341063,
2023-10-24 15:10:00+00:00,0.3308,0.3324,0.3317,0.3311,8832.01,0.3315,2927.811315,8832.01,2927.811315,
2023-10-24 15:15:00+00:00,0.3269,0.331,0.331,0.3275,21155.75,0.3291,6962.357325,21155.75,6962.357325,
2023-10-24 15:20:00+00:00,0.3253,0.3278,0.3277,0.3253,7668.39,0.326525,2503.92104475,7668.39,2503.92104475,
2023-10-24 15:25:00+00:00,0.321,0.3256,0.3253,0.3215,49609.15,0.32335,16041.1186525,49609.15,16041.1186525,
2023-10-24 15:30:00+00:00,0.3144,0.3218,0.3212,0.3209,82750.55,0.319575,26445.00701625,82750.55,26445.00701625,
2023-10-24 15:35:00+00:00,0.312,0.3212,0.3206,0.3134,51706.87,0.3168,16380.736416,51706.87,16380.736416,
2023-10-24 15:40:00+00:00,0.3135,0.3173,0.3135,0.3158,15549.71,0.315025,4898.54739275,15549.71,4898.54739275,
2023-10-24 15:45:00+00:00,0.3167,0.3194,0.3167,0.3194,6823.95,0.31805,2170.3572975,6823.95,2170.3572975,
2023-10-24 15:50:00+00:00,0.3181,0.3197,0.3194,0.3181,3616.26,0.318825,1152.9540945,3616.26,1152.9540945,
2023-10-24 15:55:00+00:00,0.3182,0.3188,0.3184,0.3188,2022.2,0.31855,644.17181,2022.2,644.17181,
2023-10-24 16:00:00+00:00,0.3167,0.3191,0.319,0.3167,12048.79,0.317875,3830.00912125,12048.79,3830.00912125,
2023-10-24 16:05:00+00:00,0.3158,0.3191,0.3167,0.3188,14755.11,0.3176,4686.222936,14755.11,4686.222936,
2023-10-24 16:10:00+00:00,0.3193,0.3203,0.3194,0.3197,28609.98,0.319675,9145.8953565,28609.98,9145.8953565,
2023-10-24 16:15:00+00:00,0.3191,0.3209,0.3194,0.32,19249.58,0.31985,6156.978163,19249.58,6156.978163,
2023-10-24 16:20:00+00:00,0.3203,0.3218,0.3203,0.3207,1973.67,0.320775,633.10399425,1973.67,633.10399425,
2023-10-24 16:25:00+00:00,0.3194,0.3211,0.3208,0.3197,21948.04,0.32025,7028.85981,21948.04,7028.85981,
2023-10-24 16:30:00+00:00,0.3197,0.3233,0.3197,0.3233,18551.11,0.3215,5964.181865,18551.11,5964.181865,
2023-10-24 16:35:00+00:00,0.3221,0.323,0.323,0.3222,2220.99,0.322575,716.43584925,2220.99,716.43584925,
2023-10-24 16:40:00+00:00,0.3209,0.3225,0.3224,0.3209,4797.48,0.321675,1543.229379,4797.48,1543.229379,
2023-10-24 16:45:00+00:00,0.3208,0.3212,0.3209,0.3212,1293.25,0.321025,415.16558125,1293.25,415.16558125,
2023-10-24 16:50:00+00:00,0.3212,0.323,0.3212,0.3226,5196.62,0.322,1673.31164,5196.62,1673.31164,
2023-10-24 16:55:00+00:00,0.3215,0.3242,0.323,0.3215,11282.32,0.32255,3639.112316,11282.32,3639.112316,
2023-10-24 17:00:00+00:00,0.3218,0.323,0.3221,0.323,1846.49,0.322475,595.44686275,1846.49,595.44686275,
2023-10-24 17:05:00+00:00,0.3233,0.3239,0.3233,0.3236,16049.92,0.323525,5192.550368,16049.92,5192.550368,
2023-10-24 17:10:00+00:00,0.3222,0.3236,0.3236,0.3226,20790.3,0.323,6715.2669,20790.3,6715.2669,
2023-10-24 17:15:00+00:00,0.3224,0.3245,0.3225,0.3245,18265.71,0.323475,5908.50054225,18265.71,5908.50054225,
2023-10-24 17:20:00+00:00,0.3239,0.3244,0.3242,0.3243,22039.88,0.3242,7145.329096,22039.88,7145.329096,
2023-10-24 17:25:00+00:00,0.3243,0.3252,0.3245,0.325,8742.21,0.32475,2839.0326975,8742.21,2839.0326975,
2023-10-24 17:30:00+00:00,0.3229,0.3252,0.3252,0.3233,8319.43,0.32415,2696.7432345,8319.43,2696.7432345,
2023-10-24 17:35:00+00:00,0.323,0.3239,0.3236,0.323,1257.06,0.323375,406.5017775,1257.06,406.5017775,
2023-10-24 17:40:00+00:00,0.3228,0.3233,0.3228,0.3232,1071.49,0.323025,346.11805725,1071.49,346.11805725,
2023-10-24 17:45:00+00:00,0.3222,0.3233,0.3233,0.3225,1991.15,0.322825,642.79299875,1991.15,642.79299875,
2023-10-24 17:50:00+00:00,0.3224,0.3229,0.3227,0.3224,4778.64,0.3226,1541.589264,4778.64,1541.589264,
2023-10-24 17:55:00+00:00,0.322,0.3229,0.3227,0.322,2875.79,0.3224,927.154696,2875.79,927.154696,
2023-10-24 18:00:00+00:00,0.3217,0.3225,0.3224,0.3217,3132.38,0.322075,1008.8612885,3132.38,1008.8612885,
2023-10-24 18:05:00+00:00,0.3206,0.3217,0.3215,0.3206,1179.33,0.3211,378.682863,1179.33,378.682863,
2023-10-24 18:10:00+00:00,0.3205,0.3215,0.3209,0.321,19507.49,0.320975,6261.41660275,19507.49,6261.41660275,
2023-10-24 18:15:00+00:00,0.3209,0.3212,0.3209,0.3211,16246.53,0.321025,5215.54229325,16246.53,5215.54229325,
2023-10-24 18:20:00+00:00,0.3186,0.321,0.321,0.3197,10750.05,0.320075,3440.82225375,10750.05,3440.82225375,
2023-10-24 18:25:00+00:00,0.3187,0.32,0.3197,0.3197,6966.54,0.319525,2225.9836935,6966.54,2225.9836935,
2023-10-24 18:30:00+00:00,0.32,0.3221,0.32,0.3221,6645.75,0.32105,2133.6180375,6645.75,2133.6180375,
2023-10-24 18:35:00+00:00,0.3213,0.3222,0.3218,0.322,2547.74,0.321825,819.9264255,2547.74,819.9264255,
2023-10-24 18:40:00+00:00,0.3222,0.3236,0.3222,0.3236,3912.41,0.3229,1263.317189,3912.41,1263.317189,
2023-10-24 18:45:00+00:00,0.3233,0.3242,0.3233,0.324,976.1,0.3237,315.96357,976.1,315.96357,
2023-10-24 18:50:00+00:00,0.3244,0.3248,0.3245,0.3248,1593.24,0.324625,517.205535,1593.24,517.205535,
2023-10-24 18:55:00+00:00,0.3244,0.3254,0.3247,0.3251,3658.12,0.3249,1188.523188,3658.12,1188.523188,
2023-10-24 19:00:00+00:00,0.3248,0.3257,0.3249,0.3254,4068.41,0.3252,1323.046932,4068.41,1323.046932,
2023-10-24 19:05:00+00:00,0.3242,0.3254,0.3254,0.3245,3254.0,0.324875,1057.14325,3254.0,1057.14325,
2023-10-24 19:10:00+00:00,0.3248,0.3254,0.3248,0.3248,1264.08,0.32495,410.762796,1264.08,410.762796,
2023-10-24 19:15:00+00:00,0.3239,0.3248,0.3247,0.3242,18256.93,0.3244,5922.548092,18256.93,5922.548092,
2023-10-24 19:20:00+00:00,0.3236,0.3249,0.3245,0.3236,17152.77,0.32415,5560.0703955,17152.77,5560.0703955,
2023-10-24 19:25:00+00:00,0.3238,0.3245,0.3239,0.3245,5349.41,0.324175,1734.14498675,5349.41,1734.14498675,
2023-10-24 19:30:00+00:00,0.3242,0.3251,0.3248,0.3242,3047.56,0.324575,989.161787,3047.56,989.161787,
2023-10-24 19:35:00+00:00,0.3239,0.3248,0.3239,0.3248,1634.43,0.32435,530.1273705,1634.43,530.1273705,
2023-10-24 19:40:00+00:00,0.324,0.3245,0.3245,0.3242,3280.79,0.3243,1063.960197,3280.79,1063.960197,
2023-10-24 19:45:00+00:00,0.3242,0.3248,0.3243,0.3248,1526.19,0.324525,495.28680975,1526.19,495.28680975,
2023-10-24 19:50:00+00:00,0.3236,0.3251,0.3251,0.3239,2274.86,0.324425,738.0214555,2274.86,738.0214555,
2023-10-24 19:55:00+00:00,0.3239,0.3242,0.3242,0.3239,308.55,0.32405,99.9856275,308.55,99.9856275,
2023-10-24 20:00:00+00:00,0.323,0.3245,0.3236,0.3236,5128.85,0.323675,1660.08052375,5128.85,1660.08052375,
2023-10-24 20:05:00+00:00,0.323,0.3244,0.3236,0.3244,2841.07,0.32385,920.0805195,2841.07,920.0805195,
2023-10-24 20:10:00+00:00,0.3242,0.3253,0.3242,0.3245,10032.35,0.32455,3255.9991925,10032.35,3255.9991925,
2023-10-24 20:15:00+00:00,0.3236,0.3247,0.3246,0.3239,4576.26,0.3242,1483.623492,4576.26,1483.623492,
2023-10-24 20:20:00+00:00,0.3238,0.3249,0.3238,0.324,13808.96,0.324125,4475.82916,13808.96,4475.82916,
2023-10-24 20:25:00+00:00,0.3241,0.3245,0.3242,0.3241,2467.1,0.324225,799.8954975,2467.1,799.8954975,
2023-10-24 20:30:00+00:00,0.3236,0.3242,0.3239,0.3242,5753.33,0.323975,1863.93508675,5753.33,1863.93508675,
2023-10-24 20:35:00+00:00,0.3237,0.3245,0.3242,0.3237,4360.31,0.324025,1412.84944775,4360.31,1412.84944775,
2023-10-24 20:40:00+00:00,0.3224,0.3237,0.3236,0.3224,1277.84,0.323025,412.774266,1277.84,412.774266,
2023-10-24 20:45:00+00:00,0.3222,0.3233,0.3222,0.3231,417.35,0.3227,134.678845,417.35,134.678845,
2023-10-24 20:50:00+00:00,0.3218,0.3232,0.3232,0.3221,3266.5,0.322575,1053.6912375,3266.5,1053.6912375,
2023-10-24 20:55:00+00:00,0.3215,0.3221,0.3218,0.3221,5392.55,0.321875,1735.72703125,5392.55,1735.72703125,
2023-10-24 21:00:00+00:00,0.3206,0.3218,0.3218,0.3206,10538.47,0.3212,3384.956564,10538.47,3384.956564,
2023-10-24 21:05:00+00:00,0.32,0.3209,0.3203,0.3203,710.15,0.320375,227.51430625,710.15,227.51430625,
2023-10-24 21:10:00+00:00,0.32,0.3215,0.32,0.3215,1711.17,0.32075,548.8577775,1711.17,548.8577775,
2023-10-24 21:15:00+00:00,0.3216,0.3222,0.3216,0.3222,788.32,0.3219,253.760208,788.32,253.760208,
2023-10-24 21:20:00+00:00,0.3223,0.323,0.3224,0.3229,238.22,0.32265,76.861683,238.22,76.861683,
2023-10-24 21:25:00+00:00,0.3226,0.323,0.3227,0.3226,2814.47,0.322725,908.29983075,2814.47,908.29983075,
2023-10-24 21:30:00+00:00,0.3226,0.3232,0.3227,0.3231,3374.98,0.3229,1089.781042,3374.98,1089.781042,
2023-10-24 21:35:00+00:00,0.3215,0.3227,0.3227,0.3215,388.11,0.3221,125.010231,388.11,125.010231,
2023-10-24 21:40:00+00:00,0.3213,0.3219,0.3213,0.3215,866.05,0.3215,278.435075,866.05,278.435075,
2023-10-24 21:45:00+00:00,0.3212,0.3219,0.3214,0.3218,12489.51,0.321575,4016.31417825,12489.51,4016.31417825,
2023-10-24 21:50:00+00:00,0.3221,0.325,0.3221,0.3245,8634.5,0.323425,2792.6131625,8634.5,2792.6131625,
2023-10-24 21:55:00+00:00,0.3242,0.3257,0.3248,0.3255,1611.74,0.32505,523.896087,1611.74,523.896087,
2023-10-24 22:00:00+00:00,0.3239,0.3253,0.3253,0.3248,20390.83,0.324825,6623.45135475,20390.83,6623.45135475,
2023-10-24 22:05:00+00:00,0.3243,0.3254,0.3245,0.3251,1625.28,0.324825,527.931576,1625.28,527.931576,
2023-10-24 22:10:00+00:00,0.3248,0.3254,0.3248,0.3251,1121.88,0.325025,364.639047,1121.88,364.639047,
2023-10-24 22:15:00+00:00,0.3245,0.325,0.3248,0.325,2820.89,0.324825,916.29559425,2820.89,916.29559425,
2023-10-24 22:20:00+00:00,0.3251,0.3261,0.3251,0.3261,12604.7,0.3256,4104.09032,12604.7,4104.09032,
2023-10-24 22:25:00+00:00,0.3262,0.3271,0.3262,0.3271,10844.93,0.32665,3542.4963845,10844.93,3542.4963845,
2023-10-24 22:30:00+00:00,0.326,0.3277,0.3266,0.3275,939.25,0.32695,307.0877875,939.25,307.0877875,
2023-10-24 22:35:00+00:00,0.3276,0.3291,0.3276,0.3288,7996.31,0.328275,2624.98866525,7996.31,2624.98866525,
2023-10-24 22:40:00+00:00,0.3284,0.3293,0.3288,0.3287,38734.27,0.3288,12735.827976,38734.27,12735.827976,
2023-10-24 22:45:00+00:00,0.3288,0.3296,0.329,0.3288,16971.58,0.32905,5584.498399,16971.58,5584.498399,
2023-10-24 22:50:00+00:00,0.3281,0.3288,0.3288,0.3287,3542.9,0.3286,1164.19694,3542.9,1164.19694,
2023-10-24 22:55:00+00:00,0.3289,0.3294,0.329,0.3294,4363.28,0.329175,1436.282694,4363.28,1436.282694,
2023-10-24 23:00:00+00:00,0.3288,0.3299,0.3288,0.3299,14091.51,0.32935,4641.0388185,14091.51,4641.0388185,
2023-10-24 23:05:00+00:00,0.3287,0.3296,0.3296,0.3293,7745.79,0.3293,2550.688647,7745.79,2550.688647,
2023-10-24 23:10:00+00:00,0.3293,0.3298,0.3296,0.3293,165.87,0.3295,54.654165,165.87,54.654165,
2023-10-24 23:15:00+00:00,0.3272,0.329,0.329,0.3281,4523.7,0.328325,1485.2438025,4523.7,1485.2438025,
2023-10-24 23:20:00+00:00,0.3272,0.3281,0.3278,0.3272,13087.83,0.327575,4287.24591225,13087.83,4287.24591225,
2023-10-24 23:25:00+00:00,0.3267,0.3272,0.3271,0.3267,5874.36,0.326925,1920.475143,5874.36,1920.475143,
2023-10-24 23:30:00+00:00,0.326,0.3268,0.3268,0.3263,1369.19,0.326475,447.00630525,1369.19,447.00630525,
2023-10-24 23:35:00+00:00,0.3257,0.3264,0.326,0.3264,1199.74,0.326125,391.2652075,1199.74,391.2652075,
2023-10-24 23:40:00+00:00,0.3255,0.3269,0.326,0.3269,18391.68,0.326325,6001.664976,18391.68,6001.664976,
2023-10-24 23:45:00+00:00,0.3269,0.3275,0.3269,0.3275,700.62,0.3272,229.242864,700.62,229.242864,
2023-10-24 23:50:00+00:00,0.3269,0.3274,0.3274,0.3272,533.24,0.327225,174.489459,533.24,174.489459,
2023-10-24 23:55:00+00:00,0.3272,0.3279,0.3273,0.3279,1494.56,0.327575,489.580492,1494.56,489.580492,
2023-10-25 00:00:00+00:00,0.327,0.3286,0.3279,0.327,4301.15,0.327625,1409.16426875,4301.15,1409.16426875,
2023-10-25 00:05:00+00:00,0.3265,0.3275,0.327,0.3265,12570.78,0.326875,4109.0737125,12570.78,4109.0737125,
2023-10-25 00:10:00+00:00,0.3261,0.3272,0.3263,0.3266,7911.61,0.32655,2583.5362455,7911.61,2583.5362455,
2023-10-25 00:15:00+00:00,0.3268,0.3283,0.3269,0.3283,4910.46,0.327575,1608.5439345,4910.46,1608.5439345,
2023-10-25 00:20:00+00:00,0.3266,0.3278,0.3278,0.3266,886.77,0.3272,290.151144,886.77,290.151144,
2023-10-25 00:25:00+00:00,0.325,0.3263,0.3263,0.325,4662.49,0.32565,1518.3398685,4662.49,1518.3398685,
2023-10-25 00:30:00+00:00,0.3253,0.3258,0.3253,0.3254,3459.12,0.32545,1125.770604,3459.12,1125.770604,
2023-10-25 00:35:00+00:00,0.3249,0.3266,0.3251,0.3263,3990.3,0.325725,1299.7404675,3990.3,1299.7404675,
2023-10-25 00:40:00+00:00,0.3257,0.3269,0.326,0.3269,1507.83,0.326375,492.11801625,1507.83,492.11801625,
2023-10-25 00:45:00+00:00,0.3271,0.329,0.3271,0.329,4359.2,0.32805,1430.03556,4359.2,1430.03556,
2023-10-25 00:50:00+00:00,0.3286,0.3295,0.3287,0.3293,742.94,0.329025,244.4458335,742.94,244.4458335,
2023-10-25 00:55:00+00:00,0.329,0.3293,0.329,0.3291,360.5,0.3291,118.64055,360.5,118.64055,
2023-10-25 01:00:00+00:00,0.3294,0.33,0.3295,0.33,290.87,0.329725,95.90711075,290.87,95.90711075,
2023-10-25 01:05:00+00:00,0.3302,0.3314,0.3302,0.3311,10916.88,0.330725,3610.485138,10916.88,3610.485138,
2023-10-25 01:10:00+00:00,0.3314,0.332,0.3314,0.3317,5043.05,0.331625,1672.40145625,5043.05,1672.40145625,
2023-10-25 01:15:00+00:00,0.3302,0.3318,0.3318,0.3305,1502.03,0.331075,497.28458225,1502.03,497.28458225,
2023-10-25 01:20:00+00:00,0.3308,0.3311,0.3308,0.3311,1670.1,0.33095,552.719595,1670.1,552.719595,
2023-10-25 01:25:00+00:00,0.3314,0.3329,0.3314,0.3329,10349.76,0.33215,3437.672784,10349.76,3437.672784,
2023-10-25 01:30:00+00:00,0.3313,0.3327,0.3326,0.3317,8678.03,0.332075,2881.75681225,8678.03,2881.75681225,
2023-10-25 01:35:00+00:00,0.3313,0.3318,0.3318,0.3313,1870.14,0.33155,620.044917,1870.14,620.044917,
2023-10-25 01:40:00+00:00,0.331,0.332,0.3312,0.3317,2171.68,0.331475,719.857628,2171.68,719.857628,
2023-10-25 01:45:00+00:00,0.3302,0.3314,0.3314,0.3302,1374.99,0.3308,454.846692,1374.99,454.846692,
2023-10-25 01:50:00+00:00,0.3299,0.3308,0.33,0.3308,2710.67,0.330375,895.53760125,2710.67,895.53760125,
2023-10-25 01:55:00+00:00,0.3308,0.3312,0.3311,0.3312,1206.88,0.331075,399.567796,1206.88,399.567796,
2023-10-25 02:00:00+00:00,0.3308,0.3319,0.3314,0.3311,6241.77,0.3313,2067.898401,6241.77,2067.898401,
2023-10-25 02:05:00+00:00,0.3302,0.331,0.331,0.3305,3541.51,0.330675,1171.08881925,3541.51,1171.08881925,
2023-10-25 02:10:00+00:00,0.3302,0.3304,0.3302,0.3304,125.72,0.3303,41.525316,125.72,41.525316,
2023-10-25 02:15:00+00:00,0.3296,0.3304,0.3304,0.3296,1829.88,0.33,603.8604,1829.88,603.8604,
2023-10-25 02:20:00+00:00,0.3281,0.3293,0.3293,0.3281,5169.9,0.3287,1699.34613,5169.9,1699.34613,
2023-10-25 02:25:00+00:00,0.3266,0.3283,0.3283,0.3277,10786.04,0.327725,3534.854959,10786.04,3534.854959,
2023-10-25 02:30:00+00:00,0.3275,0.3287,0.3278,0.3287,2784.48,0.328175,913.796724,2784.48,913.796724,
2023-10-25 02:35:00+00:00,0.3277,0.3284,0.3284,0.3284,1230.83,0.328225,403.98917675,1230.83,403.98917675,
2023-10-25 02:40:00+00:00,0.3272,0.3281,0.3281,0.3273,1268.26,0.327675,415.5770955,1268.26,415.5770955,
2023-10-25 02:45:00+00:00,0.3275,0.3287,0.3275,0.328,2716.82,0.327925,890.9131985,2716.82,890.9131985,
2023-10-25 02:50:00+00:00,0.3278,0.3284,0.3279,0.3278,1699.85,0.327975,557.50830375,1699.85,557.50830375,
2023-10-25 02:55:00+00:00,0.3278,0.3283,0.3281,0.328,5039.33,0.32805,1653.1522065,5039.33,1653.1522065,
2023-10-25 03:00:00+00:00,0.3263,0.328,0.3278,0.3264,3426.95,0.327125,1121.04101875,3426.95,1121.04101875,
2023-10-25 03:05:00+00:00,0.326,0.3277,0.3263,0.3272,3720.0,0.3268,1215.696,3720.0,1215.696,
2023-10-25 03:10:00+00:00,0.3266,0.3272,0.327,0.3272,3334.46,0.327,1090.36842,3334.46,1090.36842,
2023-10-25 03:15:00+00:00,0.3268,0.3278,0.3275,0.3268,2112.22,0.327225,691.1711895,2112.22,691.1711895,
2023-10-25 03:20:00+00:00,0.3255,0.3268,0.3266,0.3258,4340.81,0.326175,1415.86370175,4340.81,1415.86370175,
2023-10-25 03:25:00+00:00,0.3248,0.3257,0.3257,0.3255,1854.9,0.325425,603.6308325,1854.9,603.6308325,
2023-10-25 03:30:00+00:00,0.3254,0.3272,0.3254,0.3272,6562.11,0.3263,2141.216493,6562.11,2141.216493,
2023-10-25 03:35:00+00:00,0.3263,0.327,0.3269,0.3263,2820.75,0.326625,921.32746875,2820.75,921.32746875,
2023-10-25 03:40:00+00:00,0.3262,0.3269,0.3262,0.3269,156.18,0.32655,51.000579,156.18,51.000579,
2023-10-25 03:45:00+00:00,0.3263,0.3273,0.3272,0.3273,2416.45,0.327025,790.23956125,2416.45,790.23956125,
2023-10-25 03:50:00+00:00,0.326,0.3272,0.3272,0.3266,6744.36,0.32675,2203.71963,6744.36,2203.71963,
2023-10-25 03:55:00+00:00,0.3263,0.3266,0.3266,0.3266,1412.4,0.326525,461.18391,1412.4,461.18391,
2023-10-25 04:00:00+00:00,0.3264,0.3272,0.3264,0.3267,6752.14,0.326675,2205.7553345,6752.14,2205.7553345,
2023-10-25 04:05:00+00:00,0.3259,0.3269,0.3266,0.3269,2399.89,0.326575,783.74407675,2399.89,783.74407675,
2023-10-25 04:10:00+00:00,0.3263,0.3272,0.3267,0.3263,2319.47,0.326625,757.59688875,2319.47,757.59688875,
2023-10-25 04:15:00+00:00,0.326,0.3263,0.3262,0.3263,448.54,0.3262,146.313748,448.54,146.313748,
2023-10-25 04:20:00+00:00,0.3265,0.3275,0.3265,0.3275,1303.51,0.327,426.24777,1303.51,426.24777,
2023-10-25 04:25:00+00:00,0.3278,0.3281,0.3278,0.3281,1490.55,0.32795,488.8258725,1490.55,488.8258725,
2023-10-25 04:30:00+00:00,0.3275,0.3284,0.3278,0.3284,786.14,0.328025,257.8735735,786.14,257.8735735,
2023-10-25 04:35:00+00:00,0.3281,0.3284,0.3284,0.3281,451.52,0.32825,148.21144,451.52,148.21144,
2023-10-25 04:40:00+00:00,0.3278,0.3281,0.328,0.3281,10996.65,0.328,3606.9012,10996.65,3606.9012,
2023-10-25 04:45:00+00:00,0.3284,0.3288,0.3284,0.3286,2921.89,0.32855,959.9869595,2921.89,959.9869595,
2023-10-25 04:50:00+00:00,0.329,0.3296,0.329,0.3296,327.76,0.3293,107.931368,327.76,107.931368,
2023-10-25 04:55:00+00:00,0.3296,0.3298,0.3296,0.3297,2722.43,0.329675,897.51711025,2722.43,897.51711025,
2023-10-25 05:00:00+00:00,0.3291,0.3296,0.3296,0.3291,7001.99,0.32935,2306.1054065,7001.99,2306.1054065,
2023-10-25 05:05:00+00:00,0.329,0.3299,0.329,0.3299,3274.36,0.32945,1078.737902,3274.36,1078.737902,
2023-10-25 05:10:00+00:00,0.3297,0.3302,0.3299,0.3301,8511.55,0.329975,2808.59871125,8511.55,2808.59871125,
2023-10-25 05:15:00+00:00,0.3287,0.3302,0.3302,0.3287,13021.4,0.32945,4289.90023,13021.4,4289.90023,
2023-10-25 05:20:00+00:00,0.3278,0.3287,0.3284,0.3278,915.29,0.328175,300.37529575,915.29,300.37529575,
2023-10-25 05:25:00+00:00,0.3276,0.3285,0.3281,0.3281,41526.05,0.328075,13623.65885375,41526.05,13623.65885375,
2023-10-25 05:30:00+00:00,0.3275,0.3281,0.3281,0.3281,1285.12,0.32795,421.455104,1285.12,421.455104,
2023-10-25 05:35:00+00:00,0.3277,0.3281,0.328,0.3277,2398.22,0.327875,786.3163825,2398.22,786.3163825,
2023-10-25 05:40:00+00:00,0.3269,0.3275,0.3275,0.3272,315.57,0.327275,103.27817175,315.57,103.27817175,
2023-10-25 05:45:00+00:00,0.3265,0.3271,0.3271,0.3268,717.71,0.326875,234.60145625,717.71,234.60145625,
2023-10-25 05:50:00+00:00,0.327,0.3276,0.3271,0.3276,2612.3,0.327325,855.0710975,2612.3,855.0710975,
2023-10-25 05:55:00+00:00,0.3274,0.3277,0.3276,0.3277,2579.39,0.3276,845.008164,2579.39,845.008164,
2023-10-25 06:00:00+00:00,0.3278,0.3281,0.3278,0.3281,204.77,0.32795,67.1543215,204.77,67.1543215,
2023-10-25 06:05:00+00:00,0.3284,0.3286,0.3284,0.3286,4041.0,0.3285,1327.4685,4041.0,1327.4685,
2023-10-25 06:10:00+00:00,0.3287,0.3289,0.3287,0.3288,3108.59,0.328775,1022.02667725,3108.59,1022.02667725,
2023-10-25 06:15:00+00:00,0.329,0.3295,0.329,0.329,572.66,0.329125,188.4767225,572.66,188.4767225,
2023-10-25 06:20:00+00:00,0.329,0.3291,0.329,0.3291,179.15,0.32905,58.9493075,179.15,58.9493075,
2023-10-25 06:25:00+00:00,0.3293,0.3296,0.3293,0.3296,1547.76,0.32945,509.909532,1547.76,509.909532,
2023-10-25 06:30:00+00:00,0.3293,0.3296,0.3296,0.3296,2960.4,0.329525,975.52581,2960.4,975.52581,
2023-10-25 06:35:00+00:00,0.3297,0.33,0.3298,0.33,303.23,0.329875,100.02799625,303.23,100.02799625,
2023-10-25 06:40:00+00:00,0.3295,0.3302,0.3302,0.3295,920.82,0.32985,303.732477,920.82,303.732477,
2023-10-25 06:45:00+00:00,0.3293,0.3299,0.3293,0.3299,649.34,0.3296,214.022464,649.34,214.022464,
2023-10-25 06:50:00+00:00,0.329,0.3296,0.3296,0.329,3350.51,0.3293,1103.322943,3350.51,1103.322943,
2023-10-25 06:55:00+00:00,0.329,0.3296,0.3296,0.329,3350.51,0.3293,1103.322943,3350.51,1103.322943,
2023-10-25 07:00:00+00:00,0.3293,0.3299,0.3293,0.3293,347.88,0.32945,114.609066,347.88,114.609066,
2023-10-25 07:05:00+00:00,0.3287,0.3296,0.329,0.3287,4368.16,0.329,1437.12464,4368.16,1437.12464,
2023-10-25 07:10:00+00:00,0.3278,0.3284,0.3284,0.3279,810.19,0.328125,265.84359375,810.19,265.84359375,
2023-10-25 07:15:00+00:00,0.3275,0.3281,0.328,0.3275,831.52,0.327775,272.551468,831.52,272.551468,
2023-10-25 07:20:00+00:00,0.3262,0.3272,0.3272,0.3266,806.56,0.3268,263.583808,806.56,263.583808,
2023-10-25 07:25:00+00:00,0.3245,0.3263,0.3263,0.3251,803.74,0.32555,261.657557,803.74,261.657557,
2023-10-25 07:30:00+00:00,0.3245,0.3254,0.3252,0.3245,2764.95,0.3249,898.332255,2764.95,898.332255,
2023-10-25 07:35:00+00:00,0.3239,0.3248,0.3244,0.3245,762.12,0.3244,247.231728,762.12,247.231728,
2023-10-25 07:40:00+00:00,0.323,0.324,0.324,0.3233,1239.95,0.323575,401.21682125,1239.95,401.21682125,
2023-10-25 07:45:00+00:00,0.3203,0.323,0.323,0.3221,23102.62,0.3221,7441.353902,23102.62,7441.353902,
2023-10-25 07:50:00+00:00,0.3218,0.3228,0.3222,0.3222,26595.4,0.32225,8570.36765,26595.4,8570.36765,
2023-10-25 07:55:00+00:00,0.3226,0.323,0.3227,0.323,6524.17,0.322825,2106.16518025,6524.17,2106.16518025,
2023-10-25 08:00:00+00:00,0.3218,0.3233,0.3233,0.3218,9051.86,0.32255,2919.677443,9051.86,2919.677443,
2023-10-25 08:05:00+00:00,0.3209,0.3218,0.3215,0.3212,2321.0,0.32135,745.85335,2321.0,745.85335,
2023-10-25 08:10:00+00:00,0.3202,0.3211,0.3211,0.3206,1663.18,0.32075,533.464985,1663.18,533.464985,
2023-10-25 08:15:00+00:00,0.3209,0.3224,0.3209,0.3222,2830.15,0.3216,910.17624,2830.15,910.17624,
2023-10-25 08:20:00+00:00,0.322,0.3227,0.3222,0.3224,1556.56,0.322325,501.718202,1556.56,501.718202,
2023-10-25 08:25:00+00:00,0.3222,0.3227,0.3227,0.3226,1905.85,0.32255,614.7319175,1905.85,614.7319175,
2023-10-25 08:30:00+00:00,0.3227,0.3234,0.3227,0.3234,7809.79,0.32305,2522.9526595,7809.79,2522.9526595,
2023-10-25 08:35:00+00:00,0.3233,0.324,0.3234,0.3239,11331.12,0.32365,3667.316988,11331.12,3667.316988,
2023-10-25 08:40:00+00:00,0.3233,0.3239,0.3236,0.3233,756.26,0.323525,244.6690165,756.26,244.6690165,
2023-10-25 08:45:00+00:00,0.3233,0.3237,0.3236,0.3236,2224.89,0.32355,719.8631595,2224.89,719.8631595,
2023-10-25 08:50:00+00:00,0.3233,0.3235,0.3233,0.3235,479.6,0.3234,155.10264,479.6,155.10264,
2023-10-25 08:55:00+00:00,0.3234,0.3238,0.3235,0.3236,3922.81,0.323575,1269.32324575,3922.81,1269.32324575,
2023-10-25 09:00:00+00:00,0.323,0.3242,0.3237,0.3242,1276.86,0.323775,413.4153465,1276.86,413.4153465,
2023-10-25 09:05:00+00:00,0.3245,0.325,0.3245,0.325,478.25,0.32475,155.3116875,478.25,155.3116875,
2023-10-25 09:10:00+00:00,0.325,0.3257,0.3251,0.3257,315.52,0.325375,102.66232,315.52,102.66232,
2023-10-25 09:15:00+00:00,0.3251,0.3254,0.3254,0.3254,232.98,0.325325,75.7942185,232.98,75.7942185,
2023-10-25 09:20:00+00:00,0.3248,0.3252,0.3251,0.3252,2937.49,0.325075,954.90456175,2937.49,954.90456175,
2023-10-25 09:25:00+00:00,0.3254,0.3269,0.3254,0.3266,6504.47,0.326075,2120.94505525,6504.47,2120.94505525,
2023-10-25 09:30:00+00:00,0.326,0.3266,0.3265,0.3266,9382.21,0.326425,3062.58789925,9382.21,3062.58789925,
2023-10-25 09:35:00+00:00,0.3257,0.327,0.3269,0.3257,395.57,0.326325,129.08438025,395.57,129.08438025,
2023-10-25 09:40:00+00:00,0.326,0.3261,0.326,0.3261,1656.49,0.32605,540.0985645,1656.49,540.0985645,
2023-10-25 09:45:00+00:00,0.3257,0.3263,0.3261,0.3257,1244.18,0.32595,405.540471,1244.18,405.540471,
2023-10-25 09:50:00+00:00,0.3257,0.326,0.326,0.3257,148.57,0.32585,48.4115345,148.57,48.4115345,
2023-10-25 09:55:00+00:00,0.3251,0.3257,0.3257,0.3251,209.2,0.3254,68.07368,209.2,68.07368,
2023-10-25 10:00:00+00:00,0.3245,0.3249,0.3248,0.3249,5332.75,0.324775,1731.94388125,5332.75,1731.94388125,
2023-10-25 10:05:00+00:00,0.3245,0.3249,0.3248,0.3249,5332.75,0.324775,1731.94388125,5332.75,1731.94388125,
2023-10-25 10:10:00+00:00,0.3251,0.3253,0.3251,0.3251,1443.98,0.32515,469.510097,1443.98,469.510097,
2023-10-25 10:15:00+00:00,0.3254,0.326,0.3254,0.326,665.79,0.3257,216.847803,665.79,216.847803,
2023-10-25 10:20:00+00:00,0.3252,0.3257,0.3257,0.3257,546.28,0.325575,177.855111,546.28,177.855111,
2023-10-25 10:25:00+00:00,0.326,0.3263,0.326,0.3263,91.71,0.32615,29.9112165,91.71,29.9112165,
2023-10-25 10:30:00+00:00,0.3261,0.3266,0.3261,0.3265,2058.64,0.326325,671.785698,2058.64,671.785698,
2023-10-25 10:35:00+00:00,0.3261,0.3266,0.3261,0.3265,2058.64,0.326325,671.785698,2058.64,671.785698,
2023-10-25 10:40:00+00:00,0.3266,0.3272,0.3266,0.327,3916.42,0.32685,1280.081877,3916.42,1280.081877,
2023-10-25 10:45:00+00:00,0.3272,0.3279,0.3272,0.3278,5197.94,0.327525,1702.4552985,5197.94,1702.4552985,
2023-10-25 10:50:00+00:00,0.3276,0.3283,0.3277,0.3283,3488.36,0.327975,1144.094871,3488.36,1144.094871,
2023-10-25 10:55:00+00:00,0.3284,0.3291,0.3284,0.3288,3979.77,0.328675,1308.05090475,3979.77,1308.05090475,
2023-10-25 11:00:00+00:00,0.3276,0.3284,0.3284,0.3278,4042.67,0.32805,1326.1978935,4042.67,1326.1978935,
2023-10-25 11:05:00+00:00,0.3281,0.3293,0.3281,0.3293,865.27,0.3287,284.414249,865.27,284.414249,
2023-10-25 11:10:00+00:00,0.3287,0.3294,0.329,0.3294,1823.65,0.329125,600.20880625,1823.65,600.20880625,
2023-10-25 11:15:00+00:00,0.3282,0.33,0.329,0.3284,7869.06,0.3289,2588.133834,7869.06,2588.133834,
2023-10-25 11:20:00+00:00,0.328,0.3288,0.3284,0.3281,893.01,0.328325,293.19750825,893.01,293.19750825,
2023-10-25 11:25:00+00:00,0.3281,0.3282,0.3282,0.3281,716.58,0.32815,235.145727,716.58,235.145727,
2023-10-25 11:30:00+00:00,0.3278,0.3281,0.3278,0.3281,3916.96,0.32795,1284.567032,3916.96,1284.567032,
2023-10-25 11:35:00+00:00,0.3284,0.3291,0.3284,0.3291,17607.54,0.32875,5788.478775,17607.54,5788.478775,
2023-10-25 11:40:00+00:00,0.3284,0.329,0.329,0.3287,3693.04,0.328775,1214.179226,3693.04,1214.179226,
2023-10-25 11:45:00+00:00,0.3281,0.3285,0.3285,0.3281,2480.94,0.3283,814.492602,2480.94,814.492602,
2023-10-25 11:50:00+00:00,0.3278,0.328,0.3278,0.328,383.5,0.3279,125.74965,383.5,125.74965,
2023-10-25 11:55:00+00:00,0.3281,0.3287,0.3281,0.3287,778.25,0.3284,255.5773,778.25,255.5773,
2023-10-25 12:00:00+00:00,0.329,0.3294,0.329,0.329,976.59,0.3291,321.395769,976.59,321.395769,
2023-10-25 12:05:00+00:00,0.3293,0.3296,0.3293,0.3294,303.51,0.3294,99.976194,303.51,99.976194,
2023-10-25 12:10:00+00:00,0.3293,0.3304,0.3293,0.3304,3008.64,0.32985,992.399904,3008.64,992.399904,
2023-10-25 12:15:00+00:00,0.329,0.3303,0.3303,0.3295,4027.7,0.329775,1328.2347675,4027.7,1328.2347675,
2023-10-25 12:20:00+00:00,0.3292,0.3299,0.3292,0.3299,272.89,0.32955,89.9308995,272.89,89.9308995,
2023-10-25 12:25:00+00:00,0.33,0.3305,0.3302,0.3302,2938.9,0.330225,970.4982525,2938.9,970.4982525,
2023-10-25 12:30:00+00:00,0.3301,0.3309,0.3301,0.3302,7251.36,0.330325,2395.305492,7251.36,2395.305492,
2023-10-25 12:35:00+00:00,0.3296,0.3301,0.33,0.3298,6007.03,0.329875,1981.56902125,6007.03,1981.56902125,
2023-10-25 12:40:00+00:00,0.3296,0.3298,0.3298,0.3296,2250.01,0.3297,741.828297,2250.01,741.828297,
2023-10-25 12:45:00+00:00,0.3295,0.3297,0.3297,0.3295,4207.22,0.3296,1386.699712,4207.22,1386.699712,
2023-10-25 12:50:00+00:00,0.3299,0.3301,0.3299,0.3301,1615.54,0.33,533.1282,1615.54,533.1282,
2023-10-25 12:55:00+00:00,0.3297,0.3301,0.3301,0.3297,1214.34,0.3299,400.610766,1214.34,400.610766,
2023-10-25 13:00:00+00:00,0.33,0.3305,0.33,0.3302,978.16,0.330175,322.963978,978.16,322.963978,
2023-10-25 13:05:00+00:00,0.3305,0.3313,0.3305,0.3309,7807.76,0.3308,2582.807008,7807.76,2582.807008,
2023-10-25 13:10:00+00:00,0.3308,0.3317,0.3308,0.3316,11263.37,0.331225,3730.70972825,11263.37,3730.70972825,
2023-10-25 13:15:00+00:00,0.331,0.3315,0.3315,0.3313,1447.88,0.331325,479.718841,1447.88,479.718841,
2023-10-25 13:20:00+00:00,0.3317,0.3329,0.3317,0.3319,14800.75,0.33205,4914.5890375,14800.75,4914.5890375,
2023-10-25 13:25:00+00:00,0.3304,0.3322,0.332,0.331,19300.67,0.3314,6396.242038,19300.67,6396.242038,
2023-10-25 13:30:00+00:00,0.3304,0.3309,0.3308,0.3304,35126.39,0.330625,11613.66269375,35126.39,11613.66269375,
2023-10-25 13:35:00+00:00,0.3299,0.3305,0.3302,0.3305,2230.56,0.330275,736.698204,2230.56,736.698204,
2023-10-25 13:40:00+00:00,0.3284,0.3299,0.3299,0.3284,2399.27,0.32915,789.7197205,2399.27,789.7197205,
2023-10-25 13:45:00+00:00,0.3285,0.329,0.3287,0.3286,1777.29,0.3287,584.195223,1777.29,584.195223,
2023-10-25 13:50:00+00:00,0.3287,0.3302,0.3287,0.3302,1445.92,0.32945,476.358344,1445.92,476.358344,
2023-10-25 13:55:00+00:00,0.3305,0.331,0.3305,0.331,537.17,0.33075,177.6689775,537.17,177.6689775,
2023-10-25 14:00:00+00:00,0.3302,0.331,0.331,0.3302,3360.81,0.3306,1111.083786,3360.81,1111.083786,
2023-10-25 14:05:00+00:00,0.3303,0.3308,0.3303,0.3308,3676.67,0.33055,1215.3232685,3676.67,1215.3232685,
2023-10-25 14:10:00+00:00,0.3302,0.3308,0.3305,0.3308,4630.81,0.330575,1530.83001575,4630.81,1530.83001575,
2023-10-25 14:15:00+00:00,0.3296,0.3308,0.3308,0.3297,3457.86,0.330225,1141.8718185,3457.86,1141.8718185,
2023-10-25 14:20:00+00:00,0.3298,0.3311,0.3298,0.3311,13758.11,0.33045,4546.3674495,13758.11,4546.3674495,
2023-10-25 14:25:00+00:00,0.3308,0.3312,0.3312,0.3311,2136.25,0.331075,707.25896875,2136.25,707.25896875,
2023-10-25 14:30:00+00:00,0.3314,0.3323,0.3314,0.3323,3132.1,0.33185,1039.387385,3132.1,1039.387385,
2023-10-25 14:35:00+00:00,0.3313,0.3329,0.332,0.3323,4030.51,0.332125,1338.63313375,4030.51,1338.63313375,
2023-10-25 14:40:00+00:00,0.3323,0.3332,0.3326,0.3327,3921.96,0.3327,1304.836092,3921.96,1304.836092,
2023-10-25 14:45:00+00:00,0.3326,0.3339,0.3329,0.3337,5025.81,0.333275,1674.97682775,5025.81,1674.97682775,
2023-10-25 14:50:00+00:00,0.3329,0.334,0.3335,0.334,13725.74,0.3336,4578.906864,13725.74,4578.906864,
2023-10-25 14:55:00+00:00,0.3338,0.3349,0.3339,0.3349,1183.54,0.334375,395.7461875,1183.54,395.7461875,
2023-10-25 15:00:00+00:00,0.3332,0.335,0.335,0.3337,10434.71,0.334225,3487.54094975,10434.71,3487.54094975,
2023-10-25 15:05:00+00:00,0.3334,0.3374,0.3335,0.3368,9360.76,0.335275,3138.428809,9360.76,3138.428809,
2023-10-25 15:10:00+00:00,0.3359,0.3386,0.3371,0.3368,18921.67,0.3371,6378.494957,18921.67,6378.494957,
2023-10-25 15:15:00+00:00,0.3346,0.3365,0.3364,0.3363,8464.76,0.33595,2843.736122,8464.76,2843.736122,
2023-10-25 15:20:00+00:00,0.335,0.3366,0.3365,0.3359,49825.5,0.336,16741.368,49825.5,16741.368,
2023-10-25 15:25:00+00:00,0.3356,0.3373,0.3356,0.3373,4142.36,0.33645,1393.697022,4142.36,1393.697022,
2023-10-25 15:30:00+00:00,0.3374,0.3392,0.3374,0.3386,7065.66,0.33815,2389.252929,7065.66,2389.252929,
2023-10-25 15:35:00+00:00,0.3372,0.339,0.3388,0.3389,5105.87,0.338475,1728.20934825,5105.87,1728.20934825,
2023-10-25 15:40:00+00:00,0.3376,0.3389,0.3386,0.3386,7295.16,0.338425,2468.864523,7295.16,2468.864523,
2023-10-25 15:45:00+00:00,0.3389,0.3396,0.339,0.3394,6521.45,0.339225,2212.23887625,6521.45,2212.23887625,
2023-10-25 15:50:00+00:00,0.3392,0.3401,0.3395,0.3395,13697.69,0.339575,4651.39308175,13697.69,4651.39308175,
2023-10-25 15:55:00+00:00,0.3389,0.3393,0.3392,0.3389,3809.55,0.339075,1291.72316625,3809.55,1291.72316625,
2023-10-25 16:00:00+00:00,0.3383,0.3407,0.3386,0.3392,14047.67,0.3392,4764.969664,14047.67,4764.969664,
2023-10-25 16:05:00+00:00,0.3389,0.3398,0.3389,0.3398,2078.7,0.33935,705.406845,2078.7,705.406845,
2023-10-25 16:10:00+00:00,0.3396,0.3407,0.3401,0.3405,19310.27,0.340225,6569.83661075,19310.27,6569.83661075,
2023-10-25 16:15:00+00:00,0.3377,0.3405,0.3401,0.3377,168854.77,0.339,57241.76703,168854.77,57241.76703,
2023-10-25 16:20:00+00:00,0.336,0.3388,0.3379,0.3365,39833.69,0.3373,13435.903637,39833.69,13435.903637,
2023-10-25 16:25:00+00:00,0.3341,0.3371,0.3362,0.3341,21019.56,0.335375,7049.434935,21019.56,7049.434935,
2023-10-25 16:30:00+00:00,0.3338,0.3355,0.3338,0.335,10174.11,0.334525,3403.49414775,10174.11,3403.49414775,
2023-10-25 16:35:00+00:00,0.3326,0.3347,0.3347,0.3326,5277.48,0.33365,1760.831202,5277.48,1760.831202,
2023-10-25 16:40:00+00:00,0.3305,0.3323,0.3323,0.3323,6737.56,0.33185,2235.859286,6737.56,2235.859286,
2023-10-25 16:45:00+00:00,0.3322,0.3329,0.3326,0.3323,3941.79,0.3325,1310.645175,3941.79,1310.645175,
2023-10-25 16:50:00+00:00,0.3308,0.3324,0.3323,0.3311,3198.34,0.33165,1060.729461,3198.34,1060.729461,
2023-10-25 16:55:00+00:00,0.3296,0.3314,0.3311,0.3301,6021.79,0.33055,1990.5026845,6021.79,1990.5026845,
2023-10-25 17:00:00+00:00,0.328,0.3303,0.3299,0.3303,4469.58,0.329625,1473.2853075,4469.58,1473.2853075,
2023-10-25 17:05:00+00:00,0.3305,0.3317,0.3305,0.3317,11679.93,0.3311,3867.224823,11679.93,3867.224823,
2023-10-25 17:10:00+00:00,0.3313,0.332,0.3314,0.3313,11706.8,0.3315,3880.8042,11706.8,3880.8042,
2023-10-25 17:15:00+00:00,0.3309,0.3321,0.3318,0.3311,19395.63,0.331475,6429.16645425,19395.63,6429.16645425,
2023-10-25 17:20:00+00:00,0.3313,0.3323,0.3313,0.332,4528.24,0.331725,1502.130414,4528.24,1502.130414,
2023-10-25 17:25:00+00:00,0.3314,0.332,0.3317,0.332,3996.67,0.331775,1325.99518925,3996.67,1325.99518925,
2023-10-25 17:30:00+00:00,0.3319,0.3332,0.3319,0.3332,2032.18,0.33255,675.801459,2032.18,675.801459,
2023-10-25 17:35:00+00:00,0.332,0.3333,0.3333,0.332,7788.62,0.33265,2590.884443,7788.62,2590.884443,
2023-10-25 17:40:00+00:00,0.3311,0.3317,0.3317,0.3317,522.74,0.33155,173.314447,522.74,173.314447,
2023-10-25 17:45:00+00:00,0.3318,0.3329,0.3318,0.3327,5888.57,0.3323,1956.771811,5888.57,1956.771811,
2023-10-25 17:50:00+00:00,0.3317,0.3324,0.3324,0.3323,3373.79,0.3322,1120.773038,3373.79,1120.773038,
2023-10-25 17:55:00+00:00,0.3324,0.3332,0.3324,0.3329,3876.26,0.332725,1289.7286085,3876.26,1289.7286085,
2023-10-25 18:00:00+00:00,0.3332,0.3344,0.3332,0.3344,2531.75,0.3338,845.09815,2531.75,845.09815,
2023-10-25 18:05:00+00:00,0.3335,0.3341,0.3341,0.3341,351.9,0.33395,117.517005,351.9,117.517005,
2023-10-25 18:10:00+00:00,0.333,0.3345,0.3344,0.3335,4488.5,0.33385,1498.485725,4488.5,1498.485725,
2023-10-25 18:15:00+00:00,0.3332,0.334,0.3336,0.3332,4932.55,0.3335,1645.005425,4932.55,1645.005425,
2023-10-25 18:20:00+00:00,0.332,0.3338,0.3335,0.3322,6522.9,0.332875,2171.3103375,6522.9,2171.3103375,
2023-10-25 18:25:00+00:00,0.3318,0.3326,0.3326,0.3318,3180.8,0.3322,1056.66176,3180.8,1056.66176,
2023-10-25 18:30:00+00:00,0.3311,0.3328,0.3317,0.3326,3856.23,0.33205,1280.4611715,3856.23,1280.4611715,
2023-10-25 18:35:00+00:00,0.3318,0.3323,0.3323,0.3318,422.92,0.33205,140.430586,422.92,140.430586,
2023-10-25 18:40:00+00:00,0.332,0.3326,0.3323,0.3322,1831.32,0.332275,608.501853,1831.32,608.501853,
2023-10-25 18:45:00+00:00,0.3316,0.3323,0.332,0.3321,607.21,0.332,201.59372,607.21,201.59372,
2023-10-25 18:50:00+00:00,0.3326,0.3335,0.3326,0.3335,1240.33,0.33305,413.0919065,1240.33,413.0919065,
2023-10-25 18:55:00+00:00,0.3332,0.3339,0.3332,0.3332,2944.65,0.333375,981.67269375,2944.65,981.67269375,
2023-10-25 19:00:00+00:00,0.3322,0.3332,0.333,0.3323,908.19,0.332675,302.13210825,908.19,302.13210825,
2023-10-25 19:05:00+00:00,0.3323,0.3329,0.3326,0.3324,307.92,0.33255,102.398796,307.92,102.398796,
2023-10-25 19:10:00+00:00,0.3323,0.3327,0.3326,0.3323,220.37,0.332475,73.26751575,220.37,73.26751575,
2023-10-25 19:15:00+00:00,0.3311,0.3322,0.3322,0.3311,807.32,0.33165,267.747678,807.32,267.747678,
2023-10-25 19:20:00+00:00,0.3308,0.3311,0.331,0.3311,453.09,0.331,149.97279,453.09,149.97279,
2023-10-25 19:25:00+00:00,0.3308,0.3316,0.331,0.3316,554.59,0.33125,183.7079375,554.59,183.7079375,
2023-10-25 19:30:00+00:00,0.3317,0.3323,0.3317,0.3323,225.92,0.332,75.00544,225.92,75.00544,
2023-10-25 19:35:00+00:00,0.3321,0.333,0.3321,0.3326,2911.83,0.33245,968.0378835,2911.83,968.0378835,
2023-10-25 19:40:00+00:00,0.3319,0.3328,0.3328,0.3319,1370.91,0.33235,455.6219385,1370.91,455.6219385,
2023-10-25 19:45:00+00:00,0.3318,0.3324,0.3318,0.3324,349.49,0.3321,116.065629,349.49,116.065629,
2023-10-25 19:50:00+00:00,0.332,0.3323,0.332,0.3323,469.85,0.33215,156.0606775,469.85,156.0606775,
2023-10-25 19:55:00+00:00,0.3322,0.3329,0.3323,0.3323,2132.89,0.332425,709.02595825,2132.89,709.02595825,
2023-10-25 20:00:00+00:00,0.3325,0.3329,0.3328,0.3326,1792.72,0.3327,596.437944,1792.72,596.437944,
2023-10-25 20:05:00+00:00,0.3317,0.3329,0.3323,0.3328,5959.4,0.332425,1981.053545,5959.4,1981.053545,
2023-10-25 20:10:00+00:00,0.3328,0.3334,0.333,0.3329,4564.86,0.333025,1520.2125015,4564.86,1520.2125015,
2023-10-25 20:15:00+00:00,0.3326,0.3331,0.3326,0.3326,5803.54,0.332725,1930.9828465,5803.54,1930.9828465,
2023-10-25 20:20:00+00:00,0.3321,0.3326,0.3326,0.3321,4593.0,0.33235,1526.48355,4593.0,1526.48355,
2023-10-25 20:25:00+00:00,0.3314,0.332,0.332,0.3317,6177.95,0.331775,2049.68936125,6177.95,2049.68936125,
2023-10-25 20:30:00+00:00,0.3314,0.3321,0.3316,0.3317,9670.33,0.3317,3207.648461,9670.33,3207.648461,
2023-10-25 20:35:00+00:00,0.3311,0.3317,0.3314,0.3316,1473.58,0.33145,488.418091,1473.58,488.418091,
2023-10-25 20:40:00+00:00,0.3311,0.3317,0.3314,0.3316,1473.58,0.33145,488.418091,1473.58,488.418091,
2023-10-25 20:45:00+00:00,0.3305,0.3313,0.3311,0.3305,753.72,0.33085,249.368262,753.72,249.368262,
2023-10-25 20:50:00+00:00,0.329,0.3308,0.3303,0.3293,8713.58,0.32985,2874.174363,8713.58,2874.174363,
2023-10-25 20:55:00+00:00,0.329,0.3294,0.329,0.3294,1923.24,0.3292,633.130608,1923.24,633.130608,
2023-10-25 21:00:00+00:00,0.329,0.3302,0.329,0.3302,1774.81,0.3296,584.977376,1774.81,584.977376,
2023-10-25 21:05:00+00:00,0.3302,0.3305,0.3305,0.3302,353.36,0.33035,116.732476,353.36,116.732476,
2023-10-25 21:10:00+00:00,0.3299,0.3307,0.3307,0.3299,330.26,0.3303,109.084878,330.26,109.084878,
2023-10-25 21:15:00+00:00,0.3302,0.3308,0.3302,0.3308,226.95,0.3305,75.006975,226.95,75.006975,
2023-10-25 21:20:00+00:00,0.331,0.3314,0.3311,0.3314,704.54,0.331225,233.3612615,704.54,233.3612615,
2023-10-25 21:25:00+00:00,0.331,0.3314,0.3311,0.3314,704.54,0.331225,233.3612615,704.54,233.3612615,
2023-10-25 21:30:00+00:00,0.3291,0.3311,0.3311,0.3291,5114.93,0.3301,1688.438393,5114.93,1688.438393,
2023-10-25 21:35:00+00:00,0.3282,0.3297,0.329,0.3282,2081.99,0.328775,684.50626225,2081.99,684.50626225,
2023-10-25 21:40:00+00:00,0.328,0.3286,0.3281,0.3284,6213.15,0.328275,2039.62181625,6213.15,2039.62181625,
2023-10-25 21:45:00+00:00,0.3284,0.3286,0.3284,0.3284,4249.43,0.32845,1395.7252835,4249.43,1395.7252835,
2023-10-25 21:50:00+00:00,0.3284,0.329,0.3284,0.329,1135.95,0.3287,373.386765,1135.95,373.386765,
2023-10-25 21:55:00+00:00,0.3293,0.3305,0.3293,0.3305,5682.0,0.3299,1874.4918,5682.0,1874.4918,
2023-10-25 22:00:00+00:00,0.3301,0.3305,0.3302,0.3302,1912.37,0.33025,631.5601925,1912.37,631.5601925,
2023-10-25 22:05:00+00:00,0.3299,0.3305,0.3301,0.3305,1858.44,0.33025,613.74981,1858.44,613.74981,
2023-10-25 22:10:00+00:00,0.3308,0.3313,0.3308,0.3313,2955.46,0.33105,978.405033,2955.46,978.405033,
2023-10-25 22:15:00+00:00,0.3308,0.332,0.3314,0.3308,3052.14,0.33125,1011.021375,3052.14,1011.021375,
2023-10-25 22:20:00+00:00,0.3309,0.3314,0.3311,0.3313,1432.71,0.331175,474.47773425,1432.71,474.47773425,
2023-10-25 22:25:00+00:00,0.331,0.3313,0.331,0.3311,562.1,0.3311,186.11131,562.1,186.11131,
2023-10-25 22:30:00+00:00,0.3306,0.3316,0.3314,0.3313,4746.61,0.331225,1572.19589725,4746.61,1572.19589725,
2023-10-25 22:35:00+00:00,0.331,0.3316,0.3314,0.3311,7234.64,0.331275,2396.655366,7234.64,2396.655366,
2023-10-25 22:40:00+00:00,0.3313,0.3317,0.3313,0.3313,3492.08,0.3314,1157.275312,3492.08,1157.275312,
2023-10-25 22:45:00+00:00,0.3304,0.3314,0.3314,0.3308,1230.41,0.331,407.26571,1230.41,407.26571,
2023-10-25 22:50:00+00:00,0.3305,0.3311,0.3307,0.3311,294.92,0.33085,97.574282,294.92,97.574282,
2023-10-25 22:55:00+00:00,0.3305,0.3314,0.3314,0.3305,519.57,0.33095,171.9516915,519.57,171.9516915,
2023-10-25 23:00:00+00:00,0.3281,0.3308,0.3302,0.3294,6836.51,0.329625,2253.48460875,6836.51,2253.48460875,
2023-10-25 23:05:00+00:00,0.3284,0.3293,0.3287,0.3289,973.15,0.328825,319.99604875,973.15,319.99604875,
2023-10-25 23:10:00+00:00,0.3284,0.329,0.3287,0.3287,1443.06,0.3287,474.333822,1443.06,474.333822,
2023-10-25 23:15:00+00:00,0.3287,0.3302,0.3288,0.3302,2909.36,0.329475,958.561386,2909.36,958.561386,
2023-10-25 23:20:00+00:00,0.3305,0.3307,0.3305,0.3307,3105.15,0.3306,1026.56259,3105.15,1026.56259,
2023-10-25 23:25:00+00:00,0.3307,0.3311,0.3307,0.3311,1214.01,0.3309,401.715909,1214.01,401.715909,
2023-10-25 23:30:00+00:00,0.3308,0.3312,0.3312,0.3308,78.75,0.331,26.06625,78.75,26.06625,
2023-10-25 23:35:00+00:00,0.3299,0.3306,0.3306,0.3301,2480.59,0.3303,819.338877,2480.59,819.338877,
2023-10-25 23:40:00+00:00,0.3302,0.3311,0.3302,0.3311,2372.91,0.33065,784.6026915,2372.91,784.6026915,
2023-10-25 23:45:00+00:00,0.3309,0.3312,0.331,0.3312,4250.26,0.331075,1407.1548295,4250.26,1407.1548295,
2023-10-25 23:50:00+00:00,0.3312,0.3317,0.3312,0.3315,50121.99,0.3314,16610.427486,50121.99,16610.427486,
2023-10-25 23:55:00+00:00,0.3317,0.3323,0.3317,0.332,917.79,0.331925,304.63744575,917.79,304.63744575,
2023-10-26 00:00:00+00:00,0.3309,0.3323,0.3321,0.3315,13826.86,0.3317,4586.369462,13826.86,4586.369462,
2023-10-26 00:05:00+00:00,0.3308,0.3319,0.3319,0.331,16003.43,0.3314,5303.536702,16003.43,5303.536702,
2023-10-26 00:10:00+00:00,0.3304,0.3318,0.3308,0.3314,1264.46,0.3311,418.662706,1264.46,418.662706,
2023-10-26 00:15:00+00:00,0.3311,0.3321,0.3311,0.3314,2261.89,0.331425,749.64689325,2261.89,749.64689325,
2023-10-26 00:20:00+00:00,0.3316,0.3329,0.3317,0.3329,1012.58,0.332275,336.4550195,1012.58,336.4550195,
2023-10-26 00:25:00+00:00,0.333,0.335,0.333,0.335,8096.79,0.334,2704.32786,8096.79,2704.32786,
2023-10-26 00:30:00+00:00,0.3347,0.335,0.335,0.3347,1788.89,0.33485,599.0098165,1788.89,599.0098165,
2023-10-26 00:35:00+00:00,0.3334,0.3344,0.3344,0.3341,5134.35,0.334075,1715.25797625,5134.35,1715.25797625,
2023-10-26 00:40:00+00:00,0.3332,0.3342,0.3342,0.3332,3090.57,0.3337,1031.323209,3090.57,1031.323209,
2023-10-26 00:45:00+00:00,0.3308,0.3329,0.3329,0.3311,5162.03,0.331925,1713.40680775,5162.03,1713.40680775,
2023-10-26 00:50:00+00:00,0.3313,0.3335,0.3313,0.3335,6287.47,0.3324,2089.955028,6287.47,2089.955028,
2023-10-26 00:55:00+00:00,0.3332,0.335,0.3336,0.335,4653.24,0.3342,1555.112808,4653.24,1555.112808,
2023-10-26 01:00:00+00:00,0.3341,0.3352,0.3344,0.3341,5428.74,0.33445,1815.642093,5428.74,1815.642093,
2023-10-26 01:05:00+00:00,0.334,0.3347,0.3344,0.334,2797.58,0.334275,935.1610545,2797.58,935.1610545,
2023-10-26 01:10:00+00:00,0.3336,0.3344,0.3338,0.3342,18237.06,0.334,6091.17804,18237.06,6091.17804,
2023-10-26 01:15:00+00:00,0.3341,0.3353,0.3344,0.3345,11673.23,0.334575,3905.57092725,11673.23,3905.57092725,
2023-10-26 01:20:00+00:00,0.3344,0.3368,0.3344,0.3368,4999.45,0.3356,1677.81542,4999.45,1677.81542,
2023-10-26 01:25:00+00:00,0.3359,0.3365,0.3365,0.3365,10966.68,0.33635,3688.642818,10966.68,3688.642818,
2023-10-26 01:30:00+00:00,0.3359,0.337,0.3368,0.3359,10693.56,0.3364,3597.313584,10693.56,3597.313584,
2023-10-26 01:35:00+00:00,0.3359,0.3365,0.3362,0.3359,1781.39,0.336125,598.76971375,1781.39,598.76971375,
2023-10-26 01:40:00+00:00,0.3345,0.336,0.3356,0.3345,158673.4,0.33515,53179.39001,158673.4,53179.39001,
2023-10-26 01:45:00+00:00,0.3339,0.335,0.3344,0.3348,4482.54,0.334525,1499.5216935,4482.54,1499.5216935,
2023-10-26 01:50:00+00:00,0.334,0.335,0.3347,0.334,15907.59,0.334425,5319.89578575,15907.59,5319.89578575,
2023-10-26 01:55:00+00:00,0.3339,0.3346,0.3344,0.3339,19338.51,0.3342,6462.930042,19338.51,6462.930042,
2023-10-26 02:00:00+00:00,0.3329,0.3338,0.3338,0.3332,4566.84,0.333425,1522.698627,4566.84,1522.698627,
2023-10-26 02:05:00+00:00,0.3329,0.3338,0.3335,0.3338,7102.62,0.3335,2368.72377,7102.62,2368.72377,
2023-10-26 02:10:00+00:00,0.3323,0.3335,0.3335,0.3323,4797.91,0.3329,1597.224239,4797.91,1597.224239,
2023-10-26 02:15:00+00:00,0.332,0.3327,0.3325,0.332,4257.86,0.3323,1414.886878,4257.86,1414.886878,
2023-10-26 02:20:00+00:00,0.3318,0.3323,0.3321,0.332,642.29,0.33205,213.2723945,642.29,213.2723945,
2023-10-26 02:25:00+00:00,0.3316,0.332,0.3319,0.332,3419.26,0.331875,1134.7669125,3419.26,1134.7669125,
2023-10-26 02:30:00+00:00,0.3321,0.3326,0.3321,0.3324,2094.81,0.3323,696.105363,2094.81,696.105363,
2023-10-26 02:35:00+00:00,0.3323,0.3333,0.3323,0.3333,5354.28,0.3328,1781.904384,5354.28,1781.904384,
2023-10-26 02:40:00+00:00,0.3329,0.3334,0.3332,0.3329,2444.23,0.3331,814.173013,2444.23,814.173013,
2023-10-26 02:45:00+00:00,0.3326,0.3332,0.3329,0.3326,1572.22,0.332825,523.2741215,1572.22,523.2741215,
2023-10-26 02:50:00+00:00,0.3323,0.333,0.3326,0.333,1504.63,0.332725,500.62801675,1504.63,500.62801675,
2023-10-26 02:55:00+00:00,0.3327,0.3332,0.3327,0.3332,1741.01,0.33295,579.6692795,1741.01,579.6692795,
2023-10-26 03:00:00+00:00,0.3332,0.3343,0.3332,0.3343,7047.05,0.33375,2351.9529375,7047.05,2351.9529375,
2023-10-26 03:05:00+00:00,0.3341,0.3344,0.3342,0.3341,756.75,0.3342,252.90585,756.75,252.90585,
2023-10-26 03:10:00+00:00,0.3335,0.3344,0.3338,0.3344,2260.48,0.334025,755.056832,2260.48,755.056832,
2023-10-26 03:15:00+00:00,0.334,0.3347,0.3341,0.3347,1777.66,0.334375,594.4050625,1777.66,594.4050625,
2023-10-26 03:20:00+00:00,0.3349,0.3356,0.3349,0.3356,2439.07,0.33525,817.6982175,2439.07,817.6982175,
2023-10-26 03:25:00+00:00,0.3359,0.3365,0.3359,0.3363,256.74,0.33615,86.303151,256.74,86.303151,
2023-10-26 03:30:00+00:00,0.3362,0.3369,0.3362,0.3366,3636.74,0.336475,1223.6720915,3636.74,1223.6720915,
2023-10-26 03:35:00+00:00,0.3368,0.3371,0.3368,0.3368,1978.53,0.336875,666.51729375,1978.53,666.51729375,
2023-10-26 03:40:00+00:00,0.3365,0.3372,0.3367,0.3365,7398.3,0.336725,2491.1925675,7398.3,2491.1925675,
2023-10-26 03:45:00+00:00,0.3359,0.337,0.3362,0.3365,12250.57,0.3364,4121.091748,12250.57,4121.091748,
2023-10-26 03:50:00+00:00,0.3355,0.3366,0.3366,0.3363,2136.31,0.33625,718.3342375,2136.31,718.3342375,
2023-10-26 03:55:00+00:00,0.3361,0.3373,0.3361,0.3371,8854.17,0.33665,2980.7563305,8854.17,2980.7563305,
2023-10-26 04:00:00+00:00,0.3371,0.3377,0.3374,0.3372,22806.39,0.33735,7693.7356665,22806.39,7693.7356665,
2023-10-26 04:05:00+00:00,0.3359,0.3373,0.3372,0.3359,3006.96,0.336575,1012.067562,3006.96,1012.067562,
2023-10-26 04:10:00+00:00,0.3356,0.3359,0.3356,0.3359,160.12,0.33575,53.76029,160.12,53.76029,
2023-10-26 04:15:00+00:00,0.3356,0.3363,0.336,0.3362,5428.77,0.336025,1824.20243925,5428.77,1824.20243925,
2023-10-26 04:20:00+00:00,0.3359,0.3366,0.3365,0.3366,940.15,0.3364,316.26646,940.15,316.26646,
2023-10-26 04:25:00+00:00,0.336,0.3369,0.3367,0.3362,4272.37,0.33645,1437.4388865,4272.37,1437.4388865,
2023-10-26 04:30:00+00:00,0.3353,0.3361,0.3361,0.3356,1244.3,0.335775,417.8048325,1244.3,417.8048325,
2023-10-26 04:35:00+00:00,0.3359,0.3365,0.3359,0.3365,2161.65,0.3362,726.74673,2161.65,726.74673,
2023-10-26 04:40:00+00:00,0.3353,0.3364,0.3364,0.3353,8746.53,0.33585,2937.5221005,8746.53,2937.5221005,
2023-10-26 04:45:00+00:00,0.3354,0.3359,0.3354,0.3359,794.28,0.33565,266.600082,794.28,266.600082,
2023-10-26 04:50:00+00:00,0.3353,0.3362,0.3356,0.3362,1296.61,0.335825,435.43405325,1296.61,435.43405325,
2023-10-26 04:55:00+00:00,0.3359,0.3365,0.3364,0.3361,4509.38,0.336225,1516.1662905,4509.38,1516.1662905,
2023-10-26 05:00:00+00:00,0.3356,0.3362,0.3359,0.3356,474.84,0.335825,159.463143,474.84,159.463143,
2023-10-26 05:05:00+00:00,0.3353,0.3362,0.3355,0.3356,8642.2,0.33565,2900.75443,8642.2,2900.75443,
2023-10-26 05:10:00+00:00,0.3359,0.3362,0.3359,0.3362,1728.45,0.33605,580.8456225,1728.45,580.8456225,
2023-10-26 05:15:00+00:00,0.335,0.3364,0.3363,0.3353,8200.48,0.33575,2753.31116,8200.48,2753.31116,
2023-10-26 05:20:00+00:00,0.3346,0.3355,0.3355,0.3346,7636.65,0.33505,2558.6595825,7636.65,2558.6595825,
2023-10-26 05:25:00+00:00,0.3345,0.335,0.3349,0.335,4672.63,0.33485,1564.6301555,4672.63,1564.6301555,
2023-10-26 05:30:00+00:00,0.3347,0.3353,0.3353,0.3347,1458.22,0.335,488.5037,1458.22,488.5037,
2023-10-26 05:35:00+00:00,0.3341,0.3349,0.3349,0.3342,9376.84,0.334525,3136.787401,9376.84,3136.787401,
2023-10-26 05:40:00+00:00,0.334,0.3347,0.3344,0.3345,118902.72,0.3344,39761.069568,118902.72,39761.069568,
2023-10-26 05:45:00+00:00,0.3335,0.3344,0.3342,0.3335,11998.02,0.3339,4006.138878,11998.02,4006.138878,
2023-10-26 05:50:00+00:00,0.3325,0.3337,0.3334,0.3334,13007.79,0.33325,4334.8460175,13007.79,4334.8460175,
2023-10-26 05:55:00+00:00,0.3329,0.3341,0.3334,0.3329,14650.18,0.333325,4883.2712485,14650.18,4883.2712485,
2023-10-26 06:00:00+00:00,0.3311,0.3326,0.3326,0.3311,6639.95,0.33185,2203.4674075,6639.95,2203.4674075,
2023-10-26 06:05:00+00:00,0.329,0.3315,0.3308,0.3301,177323.63,0.33035,58578.8611705,177323.63,58578.8611705,
2023-10-26 06:10:00+00:00,0.3296,0.3305,0.3299,0.3304,8260.48,0.3301,2726.784448,8260.48,2726.784448,
2023-10-26 06:15:00+00:00,0.3299,0.3314,0.3302,0.3314,1202.48,0.330725,397.690198,1202.48,397.690198,
2023-10-26 06:20:00+00:00,0.3317,0.3323,0.3317,0.3323,5963.93,0.332,1980.02476,5963.93,1980.02476,
2023-10-26 06:25:00+00:00,0.332,0.3336,0.3321,0.3326,28335.54,0.332575,9423.6922155,28335.54,9423.6922155,
2023-10-26 06:30:00+00:00,0.3329,0.3338,0.3329,0.3334,1409.44,0.33325,469.69588,1409.44,469.69588,
2023-10-26 06:35:00+00:00,0.3332,0.3335,0.3332,0.3333,3396.07,0.3333,1131.910131,3396.07,1131.910131,
2023-10-26 06:40:00+00:00,0.3331,0.3341,0.3335,0.334,9578.52,0.333675,3196.112661,9578.52,3196.112661,
2023-10-26 06:45:00+00:00,0.3338,0.3344,0.3339,0.3344,11480.01,0.334125,3835.75834125,11480.01,3835.75834125,
2023-10-26 06:50:00+00:00,0.3343,0.335,0.3344,0.335,2442.66,0.334675,817.4972355,2442.66,817.4972355,
2023-10-26 06:55:00+00:00,0.3352,0.3361,0.3353,0.3356,1709.65,0.33555,573.6730575,1709.65,573.6730575,
2023-10-26 07:00:00+00:00,0.335,0.3362,0.3353,0.3359,15789.85,0.3356,5299.07366,15789.85,5299.07366,
2023-10-26 07:05:00+00:00,0.336,0.337,0.336,0.3368,7867.72,0.33645,2647.094394,7867.72,2647.094394,
2023-10-26 07:10:00+00:00,0.3368,0.338,0.3368,0.338,29603.57,0.3374,9988.244518,29603.57,9988.244518,
2023-10-26 07:15:00+00:00,0.3377,0.3389,0.3379,0.3389,11221.07,0.33835,3796.6490345,11221.07,3796.6490345,
2023-10-26 07:20:00+00:00,0.3385,0.3394,0.3392,0.3387,13989.84,0.33895,4741.856268,13989.84,4741.856268,
2023-10-26 07:25:00+00:00,0.3389,0.3397,0.3389,0.3392,13877.86,0.339175,4707.0231655,13877.86,4707.0231655,
2023-10-26 07:30:00+00:00,0.3386,0.3396,0.3389,0.3396,13311.56,0.339175,4514.948363,13311.56,4514.948363,
2023-10-26 07:35:00+00:00,0.339,0.3404,0.3395,0.3404,11725.1,0.339825,3984.4821075,11725.1,3984.4821075,
2023-10-26 07:40:00+00:00,0.34,0.341,0.3404,0.34,28027.3,0.34035,9539.091555,28027.3,9539.091555,
2023-10-26 07:45:00+00:00,0.3398,0.3423,0.3398,0.3423,12218.84,0.34105,4167.235382,12218.84,4167.235382,
2023-10-26 07:50:00+00:00,0.342,0.344,0.3422,0.3432,20278.62,0.34285,6952.524867,20278.62,6952.524867,
2023-10-26 07:55:00+00:00,0.343,0.3449,0.343,0.3437,17608.74,0.34365,6051.243501,17608.74,6051.243501,
2023-10-26 08:00:00+00:00,0.3425,0.3469,0.3433,0.3459,53944.05,0.34465,18591.8168325,53944.05,18591.8168325,
2023-10-26 08:05:00+00:00,0.3431,0.3458,0.3458,0.3431,27905.82,0.34445,9612.159699,27905.82,9612.159699,
2023-10-26 08:10:00+00:00,0.3402,0.3428,0.3428,0.3411,20173.71,0.341725,6893.86104975,20173.71,6893.86104975,
2023-10-26 08:15:00+00:00,0.3407,0.3416,0.3413,0.3414,8563.44,0.34125,2922.2739,8563.44,2922.2739,
2023-10-26 08:20:00+00:00,0.3409,0.3419,0.3416,0.341,13500.29,0.34135,4608.3239915,13500.29,4608.3239915,
2023-10-26 08:25:00+00:00,0.3386,0.341,0.341,0.3386,17691.14,0.3398,6011.449372,17691.14,6011.449372,
2023-10-26 08:30:00+00:00,0.3386,0.3405,0.3389,0.3403,2964.36,0.339575,1006.622547,2964.36,1006.622547,
2023-10-26 08:35:00+00:00,0.3407,0.3416,0.3407,0.3416,2357.11,0.34115,804.1280765,2357.11,804.1280765,
2023-10-26 08:40:00+00:00,0.3413,0.3422,0.3416,0.3422,808.41,0.341825,276.33474825,808.41,276.33474825,
2023-10-26 08:45:00+00:00,0.3423,0.3443,0.3423,0.3443,5075.38,0.3433,1742.377954,5075.38,1742.377954,
2023-10-26 08:50:00+00:00,0.3434,0.3446,0.344,0.3443,4312.79,0.344075,1483.92321925,4312.79,1483.92321925,
2023-10-26 08:55:00+00:00,0.3437,0.3445,0.3441,0.344,14675.87,0.344075,5049.59997025,14675.87,5049.59997025,
2023-10-26 09:00:00+00:00,0.3432,0.3443,0.344,0.3443,11319.18,0.34395,3893.231961,11319.18,3893.231961,
2023-10-26 09:05:00+00:00,0.3444,0.3455,0.3446,0.3452,9080.52,0.344925,3132.098361,9080.52,3132.098361,
2023-10-26 09:10:00+00:00,0.3428,0.3456,0.3455,0.3435,8240.58,0.34435,2837.643723,8240.58,2837.643723,
2023-10-26 09:15:00+00:00,0.341,0.3431,0.3431,0.341,2546.72,0.34205,871.105576,2546.72,871.105576,
2023-10-26 09:20:00+00:00,0.3404,0.3413,0.3413,0.3404,14120.02,0.34085,4812.808817,14120.02,4812.808817,
2023-10-26 09:25:00+00:00,0.3389,0.3409,0.3408,0.3389,17046.63,0.339875,5793.72337125,17046.63,5793.72337125,
2023-10-26 09:30:00+00:00,0.3392,0.341,0.3392,0.3407,3048.1,0.340025,1036.4302025,3048.1,1036.4302025,
2023-10-26 09:35:00+00:00,0.341,0.3414,0.341,0.3414,1181.82,0.3412,403.236984,1181.82,403.236984,
2023-10-26 09:40:00+00:00,0.3415,0.3419,0.3416,0.3419,485.51,0.341725,165.91090475,485.51,165.91090475,
2023-10-26 09:45:00+00:00,0.341,0.3419,0.3419,0.341,2214.81,0.34145,756.2468745,2214.81,756.2468745,
2023-10-26 09:50:00+00:00,0.3408,0.3419,0.3408,0.3419,4705.97,0.34135,1606.3828595,4705.97,1606.3828595,
2023-10-26 09:55:00+00:00,0.3413,0.3419,0.3418,0.3414,2463.59,0.3416,841.562344,2463.59,841.562344,
2023-10-26 10:00:00+00:00,0.3401,0.3421,0.3419,0.3404,7821.45,0.341125,2668.09213125,7821.45,2668.09213125,
2023-10-26 10:05:00+00:00,0.3386,0.3407,0.3403,0.3401,53481.9,0.339925,18179.8348575,53481.9,18179.8348575,
2023-10-26 10:10:00+00:00,0.3395,0.3404,0.3398,0.3395,6874.76,0.3398,2336.043448,6874.76,2336.043448,
2023-10-26 10:15:00+00:00,0.3388,0.3402,0.3392,0.3402,7746.85,0.3396,2630.83026,7746.85,2630.83026,
2023-10-26 10:20:00+00:00,0.3401,0.3407,0.3401,0.3405,4050.32,0.34035,1378.526412,4050.32,1378.526412,
2023-10-26 10:25:00+00:00,0.3401,0.3404,0.3401,0.3402,1965.65,0.3402,668.71413,1965.65,668.71413,
2023-10-26 10:30:00+00:00,0.3399,0.3407,0.3399,0.3404,3125.65,0.340225,1063.42427125,3125.65,1063.42427125,
2023-10-26 10:35:00+00:00,0.3392,0.3404,0.3401,0.3395,2703.62,0.3398,918.690076,2703.62,918.690076,
2023-10-26 10:40:00+00:00,0.3382,0.3398,0.3398,0.3386,5795.0,0.3391,1965.0845,5795.0,1965.0845,
2023-10-26 10:45:00+00:00,0.3359,0.3385,0.3383,0.338,11136.6,0.337675,3760.551405,11136.6,3760.551405,
2023-10-26 10:50:00+00:00,0.3377,0.3383,0.3382,0.3378,2502.15,0.338,845.7267,2502.15,845.7267,
2023-10-26 10:55:00+00:00,0.3374,0.3389,0.3377,0.3389,1284.42,0.338225,434.4229545,1284.42,434.4229545,
2023-10-26 11:00:00+00:00,0.3392,0.3403,0.3392,0.3399,2881.55,0.33965,978.7184575,2881.55,978.7184575,
2023-10-26 11:05:00+00:00,0.3394,0.341,0.3398,0.341,2719.7,0.3403,925.51391,2719.7,925.51391,
2023-10-26 11:10:00+00:00,0.3407,0.3412,0.3407,0.3412,466.76,0.34095,159.141822,466.76,159.141822,
2023-10-26 11:15:00+00:00,0.3402,0.3412,0.341,0.3402,1222.53,0.34065,416.4548445,1222.53,416.4548445,
2023-10-26 11:20:00+00:00,0.3394,0.3404,0.3404,0.3398,3147.57,0.34,1070.1738,3147.57,1070.1738,
2023-10-26 11:25:00+00:00,0.3386,0.3401,0.3401,0.3386,6972.75,0.33935,2366.2027125,6972.75,2366.2027125,
2023-10-26 11:30:00+00:00,0.338,0.3392,0.339,0.3389,1941.7,0.338775,657.7994175,1941.7,657.7994175,
2023-10-26 11:35:00+00:00,0.3353,0.3388,0.3388,0.3353,84092.07,0.33705,28343.2321935,84092.07,28343.2321935,
2023-10-26 11:40:00+00:00,0.333,0.3362,0.3354,0.3349,93353.7,0.334875,31261.8202875,93353.7,31261.8202875,
2023-10-26 11:45:00+00:00,0.3337,0.3356,0.3349,0.3347,25661.69,0.334725,8589.60918525,25661.69,8589.60918525,
2023-10-26 11:50:00+00:00,0.3341,0.336,0.3348,0.336,10882.66,0.335225,3648.1396985,10882.66,3648.1396985,
2023-10-26 11:55:00+00:00,0.336,0.3365,0.336,0.3362,1930.2,0.336175,648.884985,1930.2,648.884985,
2023-10-26 12:00:00+00:00,0.3365,0.3377,0.3365,0.3374,12700.47,0.337025,4280.37590175,12700.47,4280.37590175,
2023-10-26 12:05:00+00:00,0.3368,0.3383,0.3373,0.3383,9426.17,0.337675,3182.98195475,9426.17,3182.98195475,
2023-10-26 12:10:00+00:00,0.3382,0.3386,0.3384,0.3386,1140.84,0.33845,386.117298,1140.84,386.117298,
2023-10-26 12:15:00+00:00,0.3377,0.3383,0.3383,0.3383,2520.69,0.33815,852.3713235,2520.69,852.3713235,
2023-10-26 12:20:00+00:00,0.3383,0.3389,0.3383,0.3389,1981.11,0.3386,670.803846,1981.11,670.803846,
2023-10-26 12:25:00+00:00,0.3386,0.3395,0.3391,0.3392,5976.66,0.3391,2026.685406,5976.66,2026.685406,
2023-10-26 12:30:00+00:00,0.3392,0.3401,0.3392,0.3398,4126.31,0.339575,1401.19171825,4126.31,1401.19171825,
2023-10-26 12:35:00+00:00,0.3389,0.3398,0.3395,0.3397,18805.06,0.339475,6383.8477435,18805.06,6383.8477435,
2023-10-26 12:40:00+00:00,0.3397,0.3405,0.3398,0.3397,9980.25,0.339925,3392.53648125,9980.25,3392.53648125,
2023-10-26 12:45:00+00:00,0.3391,0.3401,0.3401,0.3392,6184.29,0.339625,2100.33949125,6184.29,2100.33949125,
2023-10-26 12:50:00+00:00,0.339,0.3404,0.339,0.3404,1608.98,0.3397,546.570506,1608.98,546.570506,
2023-10-26 12:55:00+00:00,0.3401,0.3407,0.3407,0.3401,1490.16,0.3404,507.250464,1490.16,507.250464,
2023-10-26 13:00:00+00:00,0.3401,0.3405,0.3402,0.3404,1010.49,0.3403,343.869747,1010.49,343.869747,
2023-10-26 13:05:00+00:00,0.3396,0.3403,0.3401,0.3396,5007.94,0.3399,1702.198806,5007.94,1702.198806,
2023-10-26 13:10:00+00:00,0.3397,0.3401,0.3397,0.34,106.06,0.339875,36.0471425,106.06,36.0471425,
2023-10-26 13:15:00+00:00,0.3389,0.3403,0.34,0.3389,3140.37,0.339525,1066.23412425,3140.37,1066.23412425,
2023-10-26 13:20:00+00:00,0.3383,0.3395,0.3393,0.3386,1240.34,0.338925,420.3822345,1240.34,420.3822345,
2023-10-26 13:25:00+00:00,0.3377,0.3383,0.3383,0.3377,478.76,0.338,161.82088,478.76,161.82088,
2023-10-26 13:30:00+00:00,0.3377,0.3383,0.3381,0.3378,2920.44,0.337975,987.035709,2920.44,987.035709,
2023-10-26 13:35:00+00:00,0.3356,0.3375,0.3375,0.3359,3060.46,0.336625,1030.2273475,3060.46,1030.2273475,
2023-10-26 13:40:00+00:00,0.336,0.3368,0.336,0.3365,843.35,0.336325,283.63968875,843.35,283.63968875,
2023-10-26 13:45:00+00:00,0.3347,0.3368,0.3368,0.3348,21435.01,0.335775,7197.34048275,21435.01,7197.34048275,
2023-10-26 13:50:00+00:00,0.3341,0.3353,0.3348,0.3341,7776.4,0.334575,2601.78903,7776.4,2601.78903,
2023-10-26 13:55:00+00:00,0.3323,0.334,0.334,0.3326,4804.17,0.333225,1600.86954825,4804.17,1600.86954825,
2023-10-26 14:00:00+00:00,0.332,0.3343,0.3323,0.3343,15086.75,0.333225,5027.28226875,15086.75,5027.28226875,
2023-10-26 14:05:00+00:00,0.3343,0.3353,0.3344,0.3348,819.37,0.3347,274.243139,819.37,274.243139,
2023-10-26 14:10:00+00:00,0.335,0.3357,0.335,0.335,902.27,0.335175,302.41834725,902.27,302.41834725,
2023-10-26 14:15:00+00:00,0.3338,0.3347,0.3347,0.3341,1130.24,0.334325,377.867488,1130.24,377.867488,
2023-10-26 14:20:00+00:00,0.3311,0.334,0.334,0.332,24202.1,0.332775,8053.8538275,24202.1,8053.8538275,
2023-10-26 14:25:00+00:00,0.3317,0.3329,0.332,0.3329,755.46,0.332375,251.0960175,755.46,251.0960175,
2023-10-26 14:30:00+00:00,0.3275,0.3326,0.3326,0.328,28516.71,0.330175,9415.50472425,28516.71,9415.50472425,
2023-10-26 14:35:00+00:00,0.3217,0.3281,0.3278,0.3251,42253.49,0.325675,13760.90535575,42253.49,13760.90535575,
2023-10-26 14:40:00+00:00,0.3245,0.3261,0.3248,0.3261,13299.97,0.325375,4327.47773875,13299.97,4327.47773875,
2023-10-26 14:45:00+00:00,0.3257,0.329,0.3259,0.3285,12935.63,0.327275,4233.50830825,12935.63,4233.50830825,
2023-10-26 14:50:00+00:00,0.3285,0.3293,0.3285,0.3291,16474.07,0.32885,5417.4979195,16474.07,5417.4979195,
2023-10-26 14:55:00+00:00,0.3293,0.3299,0.3296,0.3299,1226.78,0.329675,404.4386965,1226.78,404.4386965,
2023-10-26 15:00:00+00:00,0.3284,0.3301,0.3293,0.3284,3626.86,0.32905,1193.418283,3626.86,1193.418283,
2023-10-26 15:05:00+00:00,0.3278,0.3282,0.3282,0.328,1860.25,0.32805,610.2550125,1860.25,610.2550125,
2023-10-26 15:10:00+00:00,0.3273,0.3284,0.3281,0.3276,14000.39,0.32785,4590.0278615,14000.39,4590.0278615,
2023-10-26 15:15:00+00:00,0.3251,0.3276,0.3275,0.3257,17973.11,0.326475,5867.77108725,17973.11,5867.77108725,
2023-10-26 15:20:00+00:00,0.3245,0.3257,0.325,0.3255,4617.74,0.325175,1501.5736045,4617.74,1501.5736045,
2023-10-26 15:25:00+00:00,0.3235,0.3248,0.3248,0.3241,1905.86,0.3243,618.070398,1905.86,618.070398,
2023-10-26 15:30:00+00:00,0.323,0.326,0.3242,0.326,8739.58,0.3248,2838.615584,8739.58,2838.615584,
2023-10-26 15:35:00+00:00,0.3251,0.326,0.3257,0.3251,4327.74,0.325475,1408.5711765,4327.74,1408.5711765,
2023-10-26 15:40:00+00:00,0.3245,0.3255,0.3254,0.3248,5556.05,0.32505,1805.9940525,5556.05,1805.9940525,
2023-10-26 15:45:00+00:00,0.3245,0.3266,0.3245,0.3264,3668.8,0.3255,1194.1944,3668.8,1194.1944,
2023-10-26 15:50:00+00:00,0.3265,0.3272,0.3266,0.3272,214.54,0.326875,70.1277625,214.54,70.1277625,
2023-10-26 15:55:00+00:00,0.3272,0.3278,0.3275,0.3272,372.21,0.327425,121.87085925,372.21,121.87085925,
2023-10-26 16:00:00+00:00,0.3275,0.3289,0.3275,0.3283,104015.5,0.32805,34122.284775,104015.5,34122.284775,
2023-10-26 16:05:00+00:00,0.3274,0.3287,0.3287,0.3275,7347.52,0.328075,2410.537624,7347.52,2410.537624,
2023-10-26 16:10:00+00:00,0.3272,0.3275,0.3274,0.3275,9576.3,0.3274,3135.28062,9576.3,3135.28062,
2023-10-26 16:15:00+00:00,0.3277,0.3293,0.3278,0.3278,9960.92,0.32815,3268.675898,9960.92,3268.675898,
2023-10-26 16:20:00+00:00,0.3268,0.3279,0.3275,0.3272,11482.55,0.32735,3758.8127425,11482.55,3758.8127425,
2023-10-26 16:25:00+00:00,0.3266,0.3284,0.3275,0.3281,7249.94,0.32765,2375.442841,7249.94,2375.442841,
2023-10-26 16:30:00+00:00,0.3266,0.3287,0.3278,0.3266,1850.53,0.327425,605.90978525,1850.53,605.90978525,
2023-10-26 16:35:00+00:00,0.3264,0.3275,0.3272,0.3269,21322.65,0.327,6972.50655,21322.65,6972.50655,
2023-10-26 16:40:00+00:00,0.3254,0.3269,0.3265,0.3254,24617.19,0.32605,8026.4347995,24617.19,8026.4347995,
2023-10-26 16:45:00+00:00,0.3255,0.3269,0.3255,0.3261,47054.02,0.326,15339.61052,47054.02,15339.61052,
2023-10-26 16:50:00+00:00,0.3254,0.3266,0.326,0.326,7273.95,0.326,2371.3077,7273.95,2371.3077,
2023-10-26 16:55:00+00:00,0.3254,0.3263,0.3257,0.3254,3016.68,0.3257,982.532676,3016.68,982.532676,
2023-10-26 17:00:00+00:00,0.325,0.3272,0.3253,0.3272,5242.49,0.326175,1709.96917575,5242.49,1709.96917575,
2023-10-26 17:05:00+00:00,0.3275,0.3284,0.3275,0.3281,384.78,0.327875,126.1597425,384.78,126.1597425,
2023-10-26 17:10:00+00:00,0.3281,0.3287,0.3284,0.3281,2446.4,0.328325,803.21428,2446.4,803.21428,
2023-10-26 17:15:00+00:00,0.3275,0.3281,0.3278,0.3276,1121.02,0.32775,367.414305,1121.02,367.414305,
2023-10-26 17:20:00+00:00,0.3268,0.3278,0.3275,0.3272,6234.82,0.327325,2040.8124565,6234.82,2040.8124565,
2023-10-26 17:25:00+00:00,0.3268,0.3272,0.3269,0.3272,1012.92,0.327025,331.250163,1012.92,331.250163,
2023-10-26 17:30:00+00:00,0.3268,0.3273,0.327,0.3272,2240.9,0.327075,732.9423675,2240.9,732.9423675,
2023-10-26 17:35:00+00:00,0.3263,0.327,0.327,0.327,1144.19,0.326825,373.94989675,1144.19,373.94989675,
2023-10-26 17:40:00+00:00,0.3269,0.3278,0.3272,0.3278,381.91,0.327425,125.04688175,381.91,125.04688175,
2023-10-26 17:45:00+00:00,0.3281,0.3289,0.3281,0.3289,847.56,0.3285,278.42346,847.56,278.42346,
2023-10-26 17:50:00+00:00,0.3281,0.3289,0.3281,0.3289,847.56,0.3285,278.42346,847.56,278.42346,
2023-10-26 17:55:00+00:00,0.329,0.3292,0.329,0.3292,3156.27,0.3291,1038.728457,3156.27,1038.728457,
2023-10-26 18:00:00+00:00,0.3287,0.329,0.3287,0.329,197.29,0.32885,64.8788165,197.29,64.8788165,
2023-10-26 18:05:00+00:00,0.3277,0.3291,0.3291,0.3277,9316.64,0.3284,3059.584576,9316.64,3059.584576,
2023-10-26 18:10:00+00:00,0.3281,0.3284,0.3281,0.3281,1583.56,0.328175,519.684803,1583.56,519.684803,
2023-10-26 18:15:00+00:00,0.3272,0.328,0.328,0.3275,758.07,0.327675,248.40058725,758.07,248.40058725,
2023-10-26 18:20:00+00:00,0.3266,0.3276,0.3274,0.3266,26630.13,0.32705,8709.3840165,26630.13,8709.3840165,
2023-10-26 18:25:00+00:00,0.3266,0.3271,0.3267,0.327,2741.72,0.32685,896.131182,2741.72,896.131182,
2023-10-26 18:30:00+00:00,0.3268,0.3278,0.3268,0.3275,1213.55,0.327225,397.10389875,1213.55,397.10389875,
2023-10-26 18:35:00+00:00,0.3275,0.3279,0.3278,0.3275,838.23,0.327675,274.66701525,838.23,274.66701525,
2023-10-26 18:40:00+00:00,0.3269,0.3276,0.3272,0.3269,874.73,0.32715,286.1679195,874.73,286.1679195,
2023-10-26 18:45:00+00:00,0.3266,0.3272,0.3269,0.327,2136.46,0.326925,698.4621855,2136.46,698.4621855,
2023-10-26 18:50:00+00:00,0.3266,0.3272,0.3269,0.327,2136.46,0.326925,698.4621855,2136.46,698.4621855,
2023-10-26 18:55:00+00:00,0.3267,0.3272,0.3267,0.3271,666.0,0.326925,217.73205,666.0,217.73205,
2023-10-26 19:00:00+00:00,0.327,0.3284,0.3271,0.3284,4928.37,0.327725,1615.15005825,4928.37,1615.15005825,
2023-10-26 19:05:00+00:00,0.3285,0.3287,0.3285,0.3287,296.06,0.3286,97.285316,296.06,97.285316,
2023-10-26 19:10:00+00:00,0.328,0.3284,0.3284,0.328,1378.58,0.3282,452.449956,1378.58,452.449956,
2023-10-26 19:15:00+00:00,0.328,0.329,0.328,0.329,2652.63,0.3285,871.388955,2652.63,871.388955,
2023-10-26 19:20:00+00:00,0.3284,0.3291,0.3291,0.3286,3682.8,0.3288,1210.90464,3682.8,1210.90464,
2023-10-26 19:25:00+00:00,0.3281,0.3285,0.3284,0.3281,4464.96,0.328275,1465.734744,4464.96,1465.734744,
2023-10-26 19:30:00+00:00,0.3273,0.3281,0.3281,0.3277,5259.61,0.3278,1724.100158,5259.61,1724.100158,
2023-10-26 19:35:00+00:00,0.3276,0.3284,0.3276,0.3284,2890.55,0.328,948.1004,2890.55,948.1004,
2023-10-26 19:40:00+00:00,0.3287,0.3289,0.3287,0.3289,529.82,0.3288,174.204816,529.82,174.204816,
2023-10-26 19:45:00+00:00,0.3286,0.3291,0.3286,0.329,684.93,0.328825,225.22210725,684.93,225.22210725,
2023-10-26 19:50:00+00:00,0.3286,0.3289,0.3287,0.3286,791.19,0.3287,260.064153,791.19,260.064153,
2023-10-26 19:55:00+00:00,0.3284,0.3287,0.3284,0.3285,4948.35,0.3285,1625.532975,4948.35,1625.532975,
2023-10-26 20:00:00+00:00,0.3281,0.329,0.3281,0.329,2184.67,0.32855,717.7733285,2184.67,717.7733285,
2023-10-26 20:05:00+00:00,0.3287,0.3292,0.3292,0.3292,6603.25,0.329075,2172.96449375,6603.25,2172.96449375,
2023-10-26 20:10:00+00:00,0.3286,0.3292,0.3291,0.329,1403.16,0.328975,461.604561,1403.16,461.604561,
2023-10-26 20:15:00+00:00,0.3284,0.329,0.3289,0.3286,6479.69,0.328725,2130.03609525,6479.69,2130.03609525,
2023-10-26 20:20:00+00:00,0.3278,0.3285,0.3282,0.3285,4642.01,0.32825,1523.7397825,4642.01,1523.7397825,
2023-10-26 20:25:00+00:00,0.3286,0.3292,0.3287,0.3292,4380.51,0.328925,1440.85925175,4380.51,1440.85925175,
2023-10-26 20:30:00+00:00,0.3286,0.3291,0.3288,0.3286,1298.94,0.328775,427.0589985,1298.94,427.0589985,
2023-10-26 20:35:00+00:00,0.3284,0.329,0.3289,0.3286,5260.42,0.328725,1729.2315645,5260.42,1729.2315645,
2023-10-26 20:40:00+00:00,0.3288,0.3295,0.3288,0.3295,1213.29,0.32915,399.3544035,1213.29,399.3544035,
2023-10-26 20:45:00+00:00,0.329,0.33,0.3291,0.33,2854.51,0.329525,940.63240775,2854.51,940.63240775,
2023-10-26 20:50:00+00:00,0.3299,0.3302,0.3301,0.33,1234.68,0.33005,407.506134,1234.68,407.506134,
2023-10-26 20:55:00+00:00,0.3299,0.3306,0.3302,0.3306,68101.91,0.330325,22495.76342075,68101.91,22495.76342075,
2023-10-26 21:00:00+00:00,0.3299,0.3302,0.3302,0.3302,1175.01,0.330125,387.90017625,1175.01,387.90017625,
2023-10-26 21:05:00+00:00,0.3304,0.3311,0.3304,0.3311,9796.88,0.33075,3240.31806,9796.88,3240.31806,
2023-10-26 21:10:00+00:00,0.3312,0.3314,0.3314,0.3312,1622.82,0.3313,537.640266,1622.82,537.640266,
2023-10-26 21:15:00+00:00,0.3305,0.3313,0.3311,0.3306,5993.83,0.330875,1983.20850125,5993.83,1983.20850125,
2023-10-26 21:20:00+00:00,0.3304,0.3308,0.3305,0.3308,317.53,0.330625,104.98335625,317.53,104.98335625,
2023-10-26 21:25:00+00:00,0.3305,0.3311,0.3309,0.3305,2289.12,0.33075,757.12644,2289.12,757.12644,
2023-10-26 21:30:00+00:00,0.3289,0.3302,0.3302,0.3289,4137.99,0.32955,1363.6746045,4137.99,1363.6746045,
2023-10-26 21:35:00+00:00,0.3284,0.3305,0.3287,0.3305,6539.28,0.329525,2154.856242,6539.28,2154.856242,
2023-10-26 21:40:00+00:00,0.3284,0.3305,0.3287,0.3305,6539.28,0.329525,2154.856242,6539.28,2154.856242,
2023-10-26 21:45:00+00:00,0.3284,0.3305,0.3287,0.3305,6539.28,0.329525,2154.856242,6539.28,2154.856242,
2023-10-26 21:50:00+00:00,0.3308,0.3313,0.3308,0.3313,1123.46,0.33105,371.921433,1123.46,371.921433,
2023-10-26 21:55:00+00:00,0.3314,0.3317,0.3314,0.3317,158.06,0.33155,52.404793,158.06,52.404793,
2023-10-26 22:00:00+00:00,0.3317,0.332,0.3319,0.3319,9653.14,0.331875,3203.6358375,9653.14,3203.6358375,
2023-10-26 22:05:00+00:00,0.3317,0.3323,0.3318,0.3323,92.83,0.332025,30.82188075,92.83,30.82188075,
2023-10-26 22:10:00+00:00,0.3326,0.333,0.3326,0.3326,13626.7,0.3327,4533.60309,13626.7,4533.60309,
2023-10-26 22:15:00+00:00,0.332,0.3323,0.3323,0.3323,1599.34,0.332225,531.3407315,1599.34,531.3407315,
2023-10-26 22:20:00+00:00,0.332,0.3327,0.3322,0.3327,3153.29,0.3324,1048.153596,3153.29,1048.153596,
2023-10-26 22:25:00+00:00,0.3329,0.3334,0.3329,0.3334,9299.45,0.33315,3098.1117675,9299.45,3098.1117675,
2023-10-26 22:30:00+00:00,0.3329,0.3339,0.3335,0.3332,13914.94,0.333375,4638.8931225,13914.94,4638.8931225,
2023-10-26 22:35:00+00:00,0.3331,0.3335,0.3335,0.3331,2218.78,0.3333,739.519374,2218.78,739.519374,
2023-10-26 22:40:00+00:00,0.3329,0.3334,0.3329,0.3334,2068.78,0.33315,689.214057,2068.78,689.214057,
2023-10-26 22:45:00+00:00,0.333,0.3338,0.333,0.3338,11547.28,0.3334,3849.863152,11547.28,3849.863152,
2023-10-26 22:50:00+00:00,0.3338,0.334,0.3338,0.334,1340.15,0.3339,447.476085,1340.15,447.476085,
2023-10-26 22:55:00+00:00,0.3341,0.3347,0.3341,0.3342,1137.33,0.334275,380.18098575,1137.33,380.18098575,
2023-10-26 23:00:00+00:00,0.3337,0.3343,0.3343,0.3338,4371.86,0.334025,1460.3105365,4371.86,1460.3105365,
2023-10-26 23:05:00+00:00,0.3341,0.3347,0.3341,0.3347,2236.34,0.3344,747.832096,2236.34,747.832096,
2023-10-26 23:10:00+00:00,0.3347,0.3356,0.3347,0.3356,1117.26,0.33515,374.449689,1117.26,374.449689,
2023-10-26 23:15:00+00:00,0.335,0.3355,0.3353,0.335,853.3,0.3352,286.02616,853.3,286.02616,
2023-10-26 23:20:00+00:00,0.3347,0.3355,0.3347,0.335,3171.92,0.334975,1062.513902,3171.92,1062.513902,
2023-10-26 23:25:00+00:00,0.3347,0.3353,0.3349,0.3353,16843.62,0.33505,5643.454881,16843.62,5643.454881,
2023-10-26 23:30:00+00:00,0.3354,0.3356,0.3354,0.3356,618.0,0.3355,207.339,618.0,207.339,
2023-10-26 23:35:00+00:00,0.3356,0.3375,0.3356,0.3375,1383.31,0.33655,465.5529805,1383.31,465.5529805,
2023-10-26 23:40:00+00:00,0.3353,0.3374,0.3374,0.3357,8637.6,0.33645,2906.12052,8637.6,2906.12052,
2023-10-26 23:45:00+00:00,0.3353,0.3359,0.3354,0.3358,261.57,0.3356,87.782892,261.57,87.782892,
2023-10-26 23:50:00+00:00,0.3359,0.3362,0.3361,0.3359,1160.34,0.336025,389.9032485,1160.34,389.9032485,
2023-10-26 23:55:00+00:00,0.335,0.3357,0.3356,0.335,780.35,0.335325,261.67086375,780.35,261.67086375,
2023-10-27 00:00:00+00:00,0.3345,0.3356,0.3351,0.3346,64687.31,0.33495,21667.0144845,64687.31,21667.0144845,
2023-10-27 00:05:00+00:00,0.3335,0.3348,0.3348,0.3335,2813.63,0.33415,940.1744645,2813.63,940.1744645,
2023-10-27 00:10:00+00:00,0.3333,0.3335,0.3333,0.3335,3451.57,0.3334,1150.753438,3451.57,1150.753438,
2023-10-27 00:15:00+00:00,0.3324,0.3336,0.3336,0.3329,2368.04,0.333125,788.853325,2368.04,788.853325,
2023-10-27 00:20:00+00:00,0.3329,0.3336,0.3332,0.3336,3814.28,0.333325,1271.394881,3814.28,1271.394881,
2023-10-27 00:25:00+00:00,0.3329,0.334,0.3338,0.3336,3693.4,0.333575,1232.025905,3693.4,1232.025905,
2023-10-27 00:30:00+00:00,0.3329,0.3341,0.3338,0.3338,757.45,0.33365,252.7231925,757.45,252.7231925,
2023-10-27 00:35:00+00:00,0.3321,0.3336,0.3336,0.3326,13889.4,0.332975,4624.822965,13889.4,4624.822965,
2023-10-27 00:40:00+00:00,0.3323,0.3329,0.3324,0.3326,2506.75,0.33255,833.6197125,2506.75,833.6197125,
2023-10-27 00:45:00+00:00,0.3323,0.3332,0.3327,0.3326,2207.61,0.3327,734.471847,2207.61,734.471847,
2023-10-27 00:50:00+00:00,0.3315,0.3326,0.3326,0.3323,2423.29,0.33225,805.1381025,2423.29,805.1381025,
2023-10-27 00:55:00+00:00,0.3326,0.3331,0.3326,0.3331,5736.97,0.33285,1909.5504645,5736.97,1909.5504645,
2023-10-27 01:00:00+00:00,0.3296,0.3332,0.3332,0.3296,4770.91,0.3314,1581.079574,4770.91,1581.079574,
2023-10-27 01:05:00+00:00,0.3285,0.3299,0.3293,0.3289,3770.63,0.32915,1241.1028645,3770.63,1241.1028645,
2023-10-27 01:10:00+00:00,0.3293,0.3304,0.3293,0.3304,629.2,0.32985,207.54162,629.2,207.54162,
2023-10-27 01:15:00+00:00,0.329,0.3299,0.3299,0.3293,4306.51,0.329525,1419.10270775,4306.51,1419.10270775,
2023-10-27 01:20:00+00:00,0.329,0.3299,0.3295,0.3296,2754.49,0.3295,907.604455,2754.49,907.604455,
2023-10-27 01:25:00+00:00,0.3284,0.3298,0.3293,0.3286,1974.65,0.329025,649.70921625,1974.65,649.70921625,
2023-10-27 01:30:00+00:00,0.329,0.3294,0.329,0.329,3919.8,0.3291,1290.00618,3919.8,1290.00618,
2023-10-27 01:35:00+00:00,0.3293,0.3296,0.3293,0.3293,3434.51,0.329375,1131.24173125,3434.51,1131.24173125,
2023-10-27 01:40:00+00:00,0.329,0.3296,0.3296,0.329,603.56,0.3293,198.752308,603.56,198.752308,
2023-10-27 01:45:00+00:00,0.3269,0.3287,0.3287,0.327,7300.18,0.327825,2393.1815085,7300.18,2393.1815085,
2023-10-27 01:50:00+00:00,0.325,0.3269,0.3269,0.3254,6760.02,0.32605,2204.104521,6760.02,2204.104521,
2023-10-27 01:55:00+00:00,0.3251,0.3257,0.3256,0.3254,1035.66,0.32545,337.055547,1035.66,337.055547,
2023-10-27 02:00:00+00:00,0.3245,0.3257,0.3257,0.3257,7305.72,0.3254,2377.281288,7305.72,2377.281288,
2023-10-27 02:05:00+00:00,0.3259,0.327,0.326,0.3269,3275.75,0.32645,1069.3685875,3275.75,1069.3685875,
2023-10-27 02:10:00+00:00,0.3272,0.3276,0.3272,0.3276,3129.22,0.3274,1024.506628,3129.22,1024.506628,
2023-10-27 02:15:00+00:00,0.3276,0.3287,0.3276,0.3287,7967.54,0.32815,2614.548251,7967.54,2614.548251,
2023-10-27 02:20:00+00:00,0.329,0.3295,0.329,0.3292,1928.14,0.329175,634.6954845,1928.14,634.6954845,
2023-10-27 02:25:00+00:00,0.329,0.3295,0.329,0.3291,2079.11,0.32915,684.3390565,2079.11,684.3390565,
2023-10-27 02:30:00+00:00,0.3293,0.3302,0.3293,0.3296,1300.89,0.3296,428.773344,1300.89,428.773344,
2023-10-27 02:35:00+00:00,0.3293,0.3299,0.3293,0.3296,303.41,0.329525,99.98118025,303.41,99.98118025,
2023-10-27 02:40:00+00:00,0.3296,0.3299,0.3299,0.3298,160.93,0.3298,53.074714,160.93,53.074714,
2023-10-27 02:45:00+00:00,0.3299,0.3305,0.3299,0.3305,520.36,0.3302,171.822872,520.36,171.822872,
2023-10-27 02:50:00+00:00,0.3296,0.3308,0.3306,0.3297,4237.74,0.330175,1399.1958045,4237.74,1399.1958045,
2023-10-27 02:55:00+00:00,0.3296,0.3299,0.3299,0.3299,547.75,0.329825,180.66164375,547.75,180.66164375,
2023-10-27 03:00:00+00:00,0.3299,0.3305,0.3302,0.3305,3473.31,0.330275,1147.14746025,3473.31,1147.14746025,
2023-10-27 03:05:00+00:00,0.3293,0.3306,0.3306,0.3299,2387.45,0.3301,788.097245,2387.45,788.097245,
2023-10-27 03:10:00+00:00,0.3297,0.33,0.33,0.3298,935.93,0.329875,308.73990875,935.93,308.73990875,
2023-10-27 03:15:00+00:00,0.3302,0.3305,0.3302,0.3305,1451.22,0.33035,479.410527,1451.22,479.410527,
2023-10-27 03:20:00+00:00,0.3302,0.3304,0.3304,0.3302,813.87,0.3303,268.821261,813.87,268.821261,
2023-10-27 03:25:00+00:00,0.3293,0.33,0.33,0.3297,3709.59,0.32975,1223.2373025,3709.59,1223.2373025,
2023-10-27 03:30:00+00:00,0.3296,0.3302,0.3299,0.3296,2234.36,0.329825,736.947787,2234.36,736.947787,
2023-10-27 03:35:00+00:00,0.329,0.3303,0.3299,0.3298,4854.75,0.32975,1600.8538125,4854.75,1600.8538125,
2023-10-27 03:40:00+00:00,0.3296,0.3299,0.3299,0.3296,3020.41,0.32975,995.9801975,3020.41,995.9801975,
2023-10-27 03:45:00+00:00,0.3287,0.3299,0.3295,0.329,1157.03,0.329275,380.98105325,1157.03,380.98105325,
2023-10-27 03:50:00+00:00,0.3293,0.33,0.3293,0.33,234.87,0.32965,77.4248955,234.87,77.4248955,
2023-10-27 03:55:00+00:00,0.3293,0.3296,0.3296,0.3293,151.77,0.32945,50.0006265,151.77,50.0006265,
2023-10-27 04:00:00+00:00,0.3287,0.3293,0.3293,0.329,7421.48,0.329075,2442.223531,7421.48,2442.223531,
2023-10-27 04:05:00+00:00,0.3285,0.3296,0.3287,0.3296,6606.37,0.3291,2174.156367,6606.37,2174.156367,
2023-10-27 04:10:00+00:00,0.3291,0.3294,0.3293,0.3291,1329.67,0.329225,437.76060575,1329.67,437.76060575,
2023-10-27 04:15:00+00:00,0.3281,0.3292,0.3292,0.3281,3696.38,0.32865,1214.815287,3696.38,1214.815287,
2023-10-27 04:20:00+00:00,0.3276,0.3286,0.3281,0.328,2099.95,0.328075,688.94109625,2099.95,688.94109625,
2023-10-27 04:25:00+00:00,0.3278,0.3281,0.3281,0.3279,1654.7,0.327975,542.7002325,1654.7,542.7002325,
2023-10-27 04:30:00+00:00,0.3275,0.3281,0.328,0.3276,10894.93,0.3278,3571.358054,10894.93,3571.358054,
2023-10-27 04:35:00+00:00,0.327,0.3278,0.3273,0.3278,3436.58,0.327475,1125.3940355,3436.58,1125.3940355,
2023-10-27 04:40:00+00:00,0.3278,0.3281,0.3279,0.3281,1612.43,0.327975,528.83672925,1612.43,528.83672925,
2023-10-27 04:45:00+00:00,0.3284,0.3295,0.3284,0.3295,1790.01,0.32895,588.8237895,1790.01,588.8237895,
2023-10-27 04:50:00+00:00,0.329,0.3296,0.3296,0.329,395.53,0.3293,130.248029,395.53,130.248029,
2023-10-27 04:55:00+00:00,0.3287,0.3295,0.3287,0.3295,1464.76,0.3291,482.052516,1464.76,482.052516,
2023-10-27 05:00:00+00:00,0.3281,0.329,0.329,0.3281,1265.52,0.32855,415.786596,1265.52,415.786596,
2023-10-27 05:05:00+00:00,0.3277,0.3281,0.3281,0.3277,3823.01,0.3279,1253.564979,3823.01,1253.564979,
2023-10-27 05:10:00+00:00,0.3278,0.3281,0.3281,0.3278,152.47,0.32795,50.0025365,152.47,50.0025365,
2023-10-27 05:15:00+00:00,0.326,0.3276,0.3275,0.326,1771.3,0.326775,578.8165575,1771.3,578.8165575,
2023-10-27 05:20:00+00:00,0.3255,0.3263,0.3257,0.3255,936.67,0.32575,305.1202525,936.67,305.1202525,
2023-10-27 05:25:00+00:00,0.3255,0.3263,0.3256,0.3263,1747.07,0.325925,569.41378975,1747.07,569.41378975,
2023-10-27 05:30:00+00:00,0.3266,0.3269,0.3266,0.3266,701.35,0.326675,229.11351125,701.35,229.11351125,
2023-10-27 05:35:00+00:00,0.3266,0.3272,0.3269,0.3272,554.62,0.326975,181.3468745,554.62,181.3468745,
2023-10-27 05:40:00+00:00,0.3266,0.3275,0.3269,0.3275,710.1,0.327125,232.2914625,710.1,232.2914625,
2023-10-27 05:45:00+00:00,0.3266,0.3274,0.3272,0.327,1022.41,0.32705,334.3791905,1022.41,334.3791905,
2023-10-27 05:50:00+00:00,0.3269,0.3275,0.3269,0.3274,532.98,0.327175,174.3777315,532.98,174.3777315,
2023-10-27 05:55:00+00:00,0.3269,0.3275,0.3272,0.3274,554.99,0.32725,181.6204775,554.99,181.6204775,
2023-10-27 06:00:00+00:00,0.3272,0.328,0.3278,0.3275,462.74,0.327625,151.6051925,462.74,151.6051925,
2023-10-27 06:05:00+00:00,0.3275,0.3284,0.3278,0.3284,1042.07,0.328025,341.82501175,1042.07,341.82501175,
2023-10-27 06:10:00+00:00,0.3287,0.3296,0.3287,0.3296,3750.31,0.32915,1234.4145365,3750.31,1234.4145365,
2023-10-27 06:15:00+00:00,0.329,0.3293,0.3293,0.329,725.35,0.32915,238.7489525,725.35,238.7489525,
2023-10-27 06:20:00+00:00,0.3287,0.329,0.3287,0.329,549.75,0.32885,180.7852875,549.75,180.7852875,
2023-10-27 06:25:00+00:00,0.3284,0.329,0.3287,0.329,295.77,0.328775,97.24178175,295.77,97.24178175,
2023-10-27 06:30:00+00:00,0.3286,0.3294,0.3289,0.3286,1080.82,0.328875,355.4546775,1080.82,355.4546775,
2023-10-27 06:35:00+00:00,0.3287,0.329,0.329,0.3287,171.67,0.32885,56.4536795,171.67,56.4536795,
2023-10-27 06:40:00+00:00,0.3287,0.3293,0.329,0.3287,1605.55,0.328925,528.10553375,1605.55,528.10553375,
2023-10-27 06:45:00+00:00,0.3288,0.3293,0.3289,0.3288,1463.46,0.32895,481.405167,1463.46,481.405167,
2023-10-27 06:50:00+00:00,0.3293,0.3299,0.3293,0.3299,695.31,0.3296,229.174176,695.31,229.174176,
2023-10-27 06:55:00+00:00,0.3302,0.3305,0.3302,0.3302,11743.48,0.330275,3878.577857,11743.48,3878.577857,
2023-10-27 07:00:00+00:00,0.3293,0.3303,0.3299,0.3293,1965.19,0.3297,647.923143,1965.19,647.923143,
2023-10-27 07:05:00+00:00,0.3296,0.3299,0.3296,0.3296,568.36,0.329675,187.374083,568.36,187.374083,
2023-10-27 07:10:00+00:00,0.3296,0.3299,0.3296,0.3296,568.36,0.329675,187.374083,568.36,187.374083,
2023-10-27 07:15:00+00:00,0.3292,0.3299,0.3293,0.3292,919.82,0.3294,302.988708,919.82,302.988708,
2023-10-27 07:20:00+00:00,0.3291,0.3296,0.3291,0.3293,5574.3,0.329275,1835.4776325,5574.3,1835.4776325,
2023-10-27 07:25:00+00:00,0.3285,0.3292,0.329,0.3285,12077.88,0.3288,3971.206944,12077.88,3971.206944,
2023-10-27 07:30:00+00:00,0.3284,0.329,0.329,0.3284,2672.12,0.3287,878.325844,2672.12,878.325844,
2023-10-27 07:35:00+00:00,0.3278,0.3283,0.3282,0.3278,5496.54,0.328025,1803.0025335,5496.54,1803.0025335,
2023-10-27 07:40:00+00:00,0.3272,0.3275,0.3275,0.3272,152.75,0.32735,50.0027125,152.75,50.0027125,
2023-10-27 07:45:00+00:00,0.3263,0.3269,0.3269,0.3266,2514.56,0.326675,821.443888,2514.56,821.443888,
2023-10-27 07:50:00+00:00,0.326,0.3266,0.3264,0.326,3368.97,0.32625,1099.1264625,3368.97,1099.1264625,
2023-10-27 07:55:00+00:00,0.3257,0.3267,0.3263,0.326,1153.68,0.326175,376.301574,1153.68,376.301574,
2023-10-27 08:00:00+00:00,0.3256,0.3265,0.3263,0.3259,3079.66,0.326075,1004.2001345,3079.66,1004.2001345,
2023-10-27 08:05:00+00:00,0.3254,0.3263,0.3257,0.3263,711.1,0.325925,231.7652675,711.1,231.7652675,
2023-10-27 08:10:00+00:00,0.326,0.3264,0.326,0.3263,861.76,0.326175,281.084568,861.76,281.084568,
2023-10-27 08:15:00+00:00,0.3264,0.3267,0.3266,0.3267,1853.39,0.3266,605.317174,1853.39,605.317174,
2023-10-27 08:20:00+00:00,0.3264,0.3267,0.3266,0.3267,1853.39,0.3266,605.317174,1853.39,605.317174,
2023-10-27 08:25:00+00:00,0.3263,0.3269,0.3266,0.3264,569.62,0.32655,186.009411,569.62,186.009411,
2023-10-27 08:30:00+00:00,0.3268,0.3274,0.327,0.3274,2859.75,0.32715,935.5672125,2859.75,935.5672125,
2023-10-27 08:35:00+00:00,0.3273,0.328,0.3274,0.328,1836.74,0.327675,601.8537795,1836.74,601.8537795,
2023-10-27 08:40:00+00:00,0.3273,0.328,0.3274,0.328,1836.74,0.327675,601.8537795,1836.74,601.8537795,
2023-10-27 08:45:00+00:00,0.328,0.3286,0.3283,0.328,2036.37,0.328225,668.38754325,2036.37,668.38754325,
2023-10-27 08:50:00+00:00,0.3281,0.3284,0.3281,0.3284,304.66,0.32825,100.004645,304.66,100.004645,
2023-10-27 08:55:00+00:00,0.3284,0.3287,0.3287,0.3285,185.12,0.328575,60.825804,185.12,60.825804,
2023-10-27 09:00:00+00:00,0.3287,0.329,0.3287,0.329,256.86,0.32885,84.468411,256.86,84.468411,
2023-10-27 09:05:00+00:00,0.3288,0.3292,0.3288,0.3292,373.44,0.329,122.86176,373.44,122.86176,
2023-10-27 09:10:00+00:00,0.3288,0.3292,0.3288,0.3292,373.44,0.329,122.86176,373.44,122.86176,
2023-10-27 09:15:00+00:00,0.3293,0.33,0.3293,0.33,10375.2,0.32965,3420.18468,10375.2,3420.18468,
2023-10-27 09:20:00+00:00,0.3297,0.33,0.3299,0.3297,2132.14,0.329825,703.2330755,2132.14,703.2330755,
2023-10-27 09:25:00+00:00,0.33,0.3301,0.3301,0.33,46.32,0.33005,15.287916,46.32,15.287916,
2023-10-27 09:30:00+00:00,0.3296,0.3301,0.33,0.3296,862.36,0.329825,284.427887,862.36,284.427887,
2023-10-27 09:35:00+00:00,0.329,0.3295,0.3295,0.3293,7901.98,0.329325,2602.3195635,7901.98,2602.3195635,
2023-10-27 09:40:00+00:00,0.3289,0.3294,0.329,0.3294,1162.31,0.329175,382.60339425,1162.31,382.60339425,
2023-10-27 09:45:00+00:00,0.3292,0.3295,0.3292,0.3295,78.51,0.32935,25.8572685,78.51,25.8572685,
2023-10-27 09:50:00+00:00,0.3292,0.3296,0.3292,0.3296,1914.13,0.3294,630.514422,1914.13,630.514422,
2023-10-27 09:55:00+00:00,0.3296,0.3299,0.3298,0.3296,3188.36,0.329725,1051.282001,3188.36,1051.282001,
2023-10-27 10:00:00+00:00,0.3296,0.3299,0.3298,0.3296,3188.36,0.329725,1051.282001,3188.36,1051.282001,
2023-10-27 10:05:00+00:00,0.329,0.3293,0.3293,0.329,155.07,0.32915,51.0412905,155.07,51.0412905,
2023-10-27 10:10:00+00:00,0.3284,0.3287,0.3287,0.3287,409.73,0.328625,134.64752125,409.73,134.64752125,
2023-10-27 10:15:00+00:00,0.329,0.3291,0.329,0.329,1469.83,0.329025,483.61081575,1469.83,483.61081575,
2023-10-27 10:20:00+00:00,0.329,0.3295,0.3293,0.329,1894.96,0.3292,623.820832,1894.96,623.820832,
2023-10-27 10:25:00+00:00,0.3287,0.3288,0.3288,0.3287,228.06,0.32875,74.974725,228.06,74.974725,
2023-10-27 10:30:00+00:00,0.3282,0.3287,0.3284,0.3287,9654.91,0.3285,3171.637935,9654.91,3171.637935,
2023-10-27 10:35:00+00:00,0.3285,0.329,0.3285,0.329,114.73,0.32875,37.7174875,114.73,37.7174875,
2023-10-27 10:40:00+00:00,0.3284,0.3291,0.3289,0.3284,466.27,0.3287,153.262949,466.27,153.262949,
2023-10-27 10:45:00+00:00,0.3285,0.329,0.3287,0.329,5230.19,0.3288,1719.686472,5230.19,1719.686472,
2023-10-27 10:50:00+00:00,0.3281,0.3288,0.3288,0.3281,6649.52,0.32845,2184.034844,6649.52,2184.034844,
2023-10-27 10:55:00+00:00,0.3283,0.3284,0.3284,0.3283,1613.2,0.32835,529.69422,1613.2,529.69422,
2023-10-27 11:00:00+00:00,0.3285,0.3289,0.3285,0.3289,776.04,0.3287,255.084348,776.04,255.084348,
2023-10-27 11:05:00+00:00,0.3274,0.3287,0.3287,0.3275,1053.08,0.328075,345.489221,1053.08,345.489221,
2023-10-27 11:10:00+00:00,0.3271,0.3276,0.3272,0.3275,6149.29,0.32735,2012.9700815,6149.29,2012.9700815,
2023-10-27 11:15:00+00:00,0.3271,0.3278,0.3278,0.3271,2356.92,0.32745,771.773454,2356.92,771.773454,
2023-10-27 11:20:00+00:00,0.3264,0.3271,0.3271,0.3266,3421.34,0.3268,1118.093912,3421.34,1118.093912,
2023-10-27 11:25:00+00:00,0.326,0.3269,0.3269,0.326,8963.51,0.32645,2926.1378395,8963.51,2926.1378395,
2023-10-27 11:30:00+00:00,0.3257,0.3265,0.326,0.3264,4750.77,0.32615,1549.4636355,4750.77,1549.4636355,
2023-10-27 11:35:00+00:00,0.3257,0.3266,0.326,0.3259,1831.71,0.32605,597.2290455,1831.71,597.2290455,
2023-10-27 11:40:00+00:00,0.326,0.3275,0.326,0.3269,8469.98,0.3266,2766.295468,8469.98,2766.295468,
2023-10-27 11:45:00+00:00,0.3269,0.3281,0.3272,0.3271,30336.88,0.327325,9930.019246,30336.88,9930.019246,
2023-10-27 11:50:00+00:00,0.3269,0.3278,0.3271,0.3275,13922.95,0.327325,4557.32960875,13922.95,4557.32960875,
2023-10-27 11:55:00+00:00,0.327,0.3277,0.3272,0.3274,1500.5,0.327325,491.1511625,1500.5,491.1511625,
2023-10-27 12:00:00+00:00,0.3274,0.3285,0.3274,0.3275,11386.54,0.3277,3731.369158,11386.54,3731.369158,
2023-10-27 12:05:00+00:00,0.3264,0.3279,0.3278,0.3276,6228.85,0.327425,2039.48121125,6228.85,2039.48121125,
2023-10-27 12:10:00+00:00,0.3269,0.3278,0.3275,0.3272,530.47,0.32735,173.6493545,530.47,173.6493545,
2023-10-27 12:15:00+00:00,0.3275,0.3281,0.3275,0.3281,990.47,0.3278,324.676066,990.47,324.676066,
2023-10-27 12:20:00+00:00,0.3271,0.3282,0.328,0.3271,5062.49,0.3276,1658.471724,5062.49,1658.471724,
2023-10-27 12:25:00+00:00,0.3265,0.3269,0.3269,0.3267,1732.18,0.32675,565.989815,1732.18,565.989815,
2023-10-27 12:30:00+00:00,0.3263,0.3278,0.3263,0.3278,4466.86,0.32705,1460.886563,4466.86,1460.886563,
2023-10-27 12:35:00+00:00,0.3275,0.3281,0.3281,0.3277,5277.22,0.32785,1730.136577,5277.22,1730.136577,
2023-10-27 12:40:00+00:00,0.3278,0.3286,0.328,0.3286,2507.22,0.32825,822.994965,2507.22,822.994965,
2023-10-27 12:45:00+00:00,0.3287,0.3303,0.3287,0.3303,7655.6,0.3295,2522.5202,7655.6,2522.5202,
2023-10-27 12:50:00+00:00,0.33,0.3308,0.3305,0.33,874.72,0.330325,288.941884,874.72,288.941884,
2023-10-27 12:55:00+00:00,0.3302,0.3306,0.3305,0.3306,2079.64,0.330475,687.269029,2079.64,687.269029,
2023-10-27 13:00:00+00:00,0.3301,0.3314,0.3302,0.3312,12577.99,0.330725,4159.85574275,12577.99,4159.85574275,
2023-10-27 13:05:00+00:00,0.3311,0.3316,0.3312,0.3313,6494.77,0.3313,2151.717301,6494.77,2151.717301,
2023-10-27 13:10:00+00:00,0.3316,0.3321,0.3316,0.3318,6949.23,0.331775,2305.58078325,6949.23,2305.58078325,
2023-10-27 13:15:00+00:00,0.3311,0.332,0.3317,0.3313,2793.83,0.331525,926.22449075,2793.83,926.22449075,
2023-10-27 13:20:00+00:00,0.3305,0.3314,0.3311,0.3311,4547.31,0.331025,1505.27329275,4547.31,1505.27329275,
2023-10-27 13:25:00+00:00,0.3314,0.3319,0.3316,0.3319,7112.31,0.3317,2359.153227,7112.31,2359.153227,
2023-10-27 13:30:00+00:00,0.331,0.332,0.3315,0.3319,8478.64,0.3316,2811.517024,8478.64,2811.517024,
2023-10-27 13:35:00+00:00,0.3314,0.3323,0.3317,0.3317,5248.01,0.331775,1741.15851775,5248.01,1741.15851775,
2023-10-27 13:40:00+00:00,0.3311,0.3318,0.3318,0.3317,2730.19,0.3316,905.331004,2730.19,905.331004,
2023-10-27 13:45:00+00:00,0.3308,0.3321,0.332,0.3308,2491.16,0.331425,825.632703,2491.16,825.632703,
2023-10-27 13:50:00+00:00,0.3308,0.3314,0.3311,0.331,1086.11,0.331075,359.58386825,1086.11,359.58386825,
2023-10-27 13:55:00+00:00,0.3308,0.3311,0.3308,0.3308,241.62,0.330875,79.9460175,241.62,79.9460175,
2023-10-27 14:00:00+00:00,0.3298,0.3311,0.3311,0.33,6806.24,0.3305,2249.46232,6806.24,2249.46232,
2023-10-27 14:05:00+00:00,0.329,0.3299,0.3296,0.3296,7891.62,0.329525,2600.4860805,7891.62,2600.4860805,
2023-10-27 14:10:00+00:00,0.329,0.3299,0.3299,0.3293,1040.52,0.329525,342.877353,1040.52,342.877353,
2023-10-27 14:15:00+00:00,0.3278,0.329,0.329,0.3278,848.35,0.3284,278.59814,848.35,278.59814,
2023-10-27 14:20:00+00:00,0.3264,0.3275,0.3275,0.3265,10418.32,0.326975,3406.530182,10418.32,3406.530182,
2023-10-27 14:25:00+00:00,0.3269,0.3275,0.3269,0.3269,1208.46,0.32705,395.226843,1208.46,395.226843,
2023-10-27 14:30:00+00:00,0.3251,0.3272,0.3272,0.3263,4329.62,0.32645,1413.404449,4329.62,1413.404449,
2023-10-27 14:35:00+00:00,0.3266,0.3272,0.3266,0.3272,2511.27,0.3269,820.934163,2511.27,820.934163,
2023-10-27 14:40:00+00:00,0.327,0.328,0.327,0.3275,785.53,0.327375,257.16288375,785.53,257.16288375,
2023-10-27 14:45:00+00:00,0.3267,0.3278,0.3272,0.3273,3439.72,0.32725,1125.64837,3439.72,1125.64837,
2023-10-27 14:50:00+00:00,0.327,0.3275,0.3275,0.3275,2171.66,0.327375,710.9471925,2171.66,710.9471925,
2023-10-27 14:55:00+00:00,0.3266,0.3272,0.3272,0.3269,335.19,0.326975,109.59875025,335.19,109.59875025,
2023-10-27 15:00:00+00:00,0.3263,0.3272,0.3266,0.3263,1319.38,0.3266,430.909508,1319.38,430.909508,
2023-10-27 15:05:00+00:00,0.326,0.3272,0.326,0.3266,3829.08,0.32645,1250.003166,3829.08,1250.003166,
2023-10-27 15:10:00+00:00,0.3263,0.3275,0.3263,0.3275,2768.7,0.3269,905.08803,2768.7,905.08803,
2023-10-27 15:15:00+00:00,0.3275,0.3282,0.3278,0.3275,3202.4,0.32775,1049.5866,3202.4,1049.5866,
2023-10-27 15:20:00+00:00,0.3274,0.328,0.3275,0.328,1159.05,0.327725,379.84966125,1159.05,379.84966125,
2023-10-27 15:25:00+00:00,0.3276,0.3284,0.3279,0.3284,940.59,0.328075,308.58406425,940.59,308.58406425,
2023-10-27 15:30:00+00:00,0.3284,0.3296,0.3285,0.3295,10228.93,0.329,3365.31797,10228.93,3365.31797,
2023-10-27 15:35:00+00:00,0.3296,0.3299,0.3297,0.3299,1081.39,0.329775,356.61538725,1081.39,356.61538725,
2023-10-27 15:40:00+00:00,0.3299,0.3306,0.3299,0.3302,1957.28,0.33015,646.195992,1957.28,646.195992,
2023-10-27 15:45:00+00:00,0.329,0.3299,0.3299,0.3292,2960.69,0.3295,975.547355,2960.69,975.547355,
2023-10-27 15:50:00+00:00,0.3292,0.3301,0.3293,0.3296,5839.83,0.32955,1924.5159765,5839.83,1924.5159765,
2023-10-27 15:55:00+00:00,0.3293,0.3297,0.3297,0.3295,3444.39,0.32955,1135.0987245,3444.39,1135.0987245,
2023-10-27 16:00:00+00:00,0.3284,0.3291,0.3291,0.3284,451.19,0.32875,148.3287125,451.19,148.3287125,
2023-10-27 16:05:00+00:00,0.3287,0.3299,0.3287,0.3293,2933.25,0.32915,965.4792375,2933.25,965.4792375,
2023-10-27 16:10:00+00:00,0.3286,0.3294,0.3287,0.3292,12473.71,0.328975,4103.53874725,12473.71,4103.53874725,
2023-10-27 16:15:00+00:00,0.3284,0.3293,0.3293,0.3287,3717.18,0.328925,1222.6734315,3717.18,1222.6734315,
2023-10-27 16:20:00+00:00,0.3279,0.3284,0.3284,0.3282,851.83,0.328225,279.59190175,851.83,279.59190175,
2023-10-27 16:25:00+00:00,0.3275,0.3282,0.3282,0.3275,817.96,0.32785,268.168186,817.96,268.168186,
2023-10-27 16:30:00+00:00,0.3268,0.3272,0.3272,0.3272,2450.0,0.3271,801.395,2450.0,801.395,
2023-10-27 16:35:00+00:00,0.3269,0.3271,0.3269,0.3271,1949.11,0.327,637.35897,1949.11,637.35897,
2023-10-27 16:40:00+00:00,0.326,0.3269,0.3266,0.326,1070.39,0.326375,349.34853625,1070.39,349.34853625,
2023-10-27 16:45:00+00:00,0.3236,0.3263,0.3263,0.3251,12408.15,0.325325,4036.68139875,12408.15,4036.68139875,
2023-10-27 16:50:00+00:00,0.3251,0.3257,0.3254,0.3251,2164.27,0.325325,704.09113775,2164.27,704.09113775,
2023-10-27 16:55:00+00:00,0.3248,0.3254,0.3254,0.3249,4214.85,0.325125,1370.35310625,4214.85,1370.35310625,
2023-10-27 17:00:00+00:00,0.3246,0.3254,0.3248,0.3248,5349.82,0.3249,1738.156518,5349.82,1738.156518,
2023-10-27 17:05:00+00:00,0.3186,0.3246,0.3245,0.3219,68922.93,0.3224,22220.752632,68922.93,22220.752632,
2023-10-27 17:10:00+00:00,0.3213,0.3227,0.3218,0.3218,3731.46,0.3219,1201.156974,3731.46,1201.156974,
2023-10-27 17:15:00+00:00,0.3221,0.324,0.3221,0.3236,1688.23,0.32295,545.2138785,1688.23,545.2138785,
2023-10-27 17:20:00+00:00,0.323,0.3236,0.3233,0.3236,11063.68,0.323375,3577.71752,11063.68,3577.71752,
2023-10-27 17:25:00+00:00,0.3233,0.3239,0.3238,0.3233,1238.51,0.323575,400.75087325,1238.51,400.75087325,
2023-10-27 17:30:00+00:00,0.323,0.3236,0.3231,0.3236,3461.1,0.323325,1119.0601575,3461.1,1119.0601575,
2023-10-27 17:35:00+00:00,0.3224,0.3236,0.3236,0.3224,3425.85,0.323,1106.54955,3425.85,1106.54955,
2023-10-27 17:40:00+00:00,0.3227,0.3236,0.3227,0.3232,2907.27,0.32305,939.1935735,2907.27,939.1935735,
2023-10-27 17:45:00+00:00,0.3232,0.3238,0.3232,0.3236,1175.93,0.32345,380.3545585,1175.93,380.3545585,
2023-10-27 17:50:00+00:00,0.3221,0.3233,0.3233,0.3221,1562.65,0.3227,504.267155,1562.65,504.267155,
2023-10-27 17:55:00+00:00,0.3218,0.3226,0.3223,0.3219,4464.54,0.32215,1438.251561,4464.54,1438.251561,
2023-10-27 18:00:00+00:00,0.322,0.3228,0.3221,0.3224,10537.82,0.322325,3396.6028315,10537.82,3396.6028315,
2023-10-27 18:05:00+00:00,0.3209,0.3223,0.3223,0.3209,8257.17,0.3216,2655.505872,8257.17,2655.505872,
2023-10-27 18:10:00+00:00,0.3206,0.3212,0.3206,0.3209,2181.33,0.320825,699.82519725,2181.33,699.82519725,
2023-10-27 18:15:00+00:00,0.3203,0.3212,0.3206,0.3208,8036.71,0.320725,2577.57381475,8036.71,2577.57381475,
2023-10-27 18:20:00+00:00,0.3195,0.3206,0.3206,0.3198,1778.3,0.320125,569.2782875,1778.3,569.2782875,
2023-10-27 18:25:00+00:00,0.3173,0.32,0.32,0.3177,24451.11,0.31875,7793.7913125,24451.11,7793.7913125,
2023-10-27 18:30:00+00:00,0.3173,0.3191,0.3178,0.3187,13790.62,0.318225,4388.5200495,13790.62,4388.5200495,
2023-10-27 18:35:00+00:00,0.3184,0.3203,0.3185,0.3203,8085.22,0.319375,2582.2171375,8085.22,2582.2171375,
2023-10-27 18:40:00+00:00,0.3206,0.3216,0.3206,0.3211,5510.68,0.320975,1768.790513,5510.68,1768.790513,
2023-10-27 18:45:00+00:00,0.3203,0.3215,0.3212,0.3206,5951.59,0.3209,1909.865231,5951.59,1909.865231,
2023-10-27 18:50:00+00:00,0.32,0.3207,0.3207,0.3203,2892.11,0.320425,926.70434675,2892.11,926.70434675,
2023-10-27 18:55:00+00:00,0.3197,0.3202,0.3199,0.3197,23108.8,0.319875,7391.9274,23108.8,7391.9274,
2023-10-27 19:00:00+00:00,0.32,0.321,0.32,0.3206,2000.17,0.3204,640.854468,2000.17,640.854468,
2023-10-27 19:05:00+00:00,0.3206,0.3215,0.3209,0.3215,1370.52,0.321125,440.108235,1370.52,440.108235,
2023-10-27 19:10:00+00:00,0.3214,0.3217,0.3217,0.3217,1305.63,0.321625,419.92324875,1305.63,419.92324875,
2023-10-27 19:15:00+00:00,0.321,0.3214,0.3214,0.3211,2356.4,0.321225,756.93459,2356.4,756.93459,
2023-10-27 19:20:00+00:00,0.3209,0.3213,0.3212,0.3212,539.56,0.32115,173.279694,539.56,173.279694,
2023-10-27 19:25:00+00:00,0.3209,0.3215,0.3209,0.3215,1248.74,0.3212,401.095288,1248.74,401.095288,
2023-10-27 19:30:00+00:00,0.3215,0.3219,0.3218,0.3215,157.75,0.321675,50.74423125,157.75,50.74423125,
2023-10-27 19:35:00+00:00,0.3212,0.3217,0.3217,0.3213,1984.38,0.321475,637.9285605,1984.38,637.9285605,
2023-10-27 19:40:00+00:00,0.3218,0.3224,0.3218,0.3224,1058.06,0.3221,340.801126,1058.06,340.801126,
2023-10-27 19:45:00+00:00,0.3223,0.3223,0.3223,0.3223,326.23,0.3223,105.143929,326.23,105.143929,
2023-10-27 19:50:00+00:00,0.3223,0.3227,0.3223,0.3227,5323.09,0.3225,1716.696525,5323.09,1716.696525,
2023-10-27 19:55:00+00:00,0.3223,0.3227,0.3223,0.3227,5323.09,0.3225,1716.696525,5323.09,1716.696525,
2023-10-27 20:00:00+00:00,0.3222,0.3228,0.3228,0.3223,5091.96,0.322525,1642.284399,5091.96,1642.284399,
2023-10-27 20:05:00+00:00,0.3221,0.3223,0.3223,0.3223,647.77,0.32225,208.7438825,647.77,208.7438825,
2023-10-27 20:10:00+00:00,0.3219,0.3223,0.3221,0.3223,1095.57,0.32215,352.9378755,1095.57,352.9378755,
2023-10-27 20:15:00+00:00,0.322,0.3228,0.3223,0.3228,1359.81,0.322475,438.50472975,1359.81,438.50472975,
2023-10-27 20:20:00+00:00,0.3225,0.3229,0.3229,0.3228,1323.88,0.322775,427.315367,1323.88,427.315367,
2023-10-27 20:25:00+00:00,0.323,0.3233,0.323,0.3233,716.29,0.32315,231.4691135,716.29,231.4691135,
2023-10-27 20:30:00+00:00,0.323,0.3233,0.323,0.3233,3234.65,0.32315,1045.2771475,3234.65,1045.2771475,
2023-10-27 20:35:00+00:00,0.3233,0.3241,0.3236,0.3238,1500.46,0.3237,485.698902,1500.46,485.698902,
2023-10-27 20:40:00+00:00,0.3228,0.3236,0.3236,0.3228,3936.13,0.3232,1272.157216,3936.13,1272.157216,
2023-10-27 20:45:00+00:00,0.3227,0.323,0.3227,0.323,1265.24,0.32285,408.482734,1265.24,408.482734,
2023-10-27 20:50:00+00:00,0.3224,0.3228,0.3227,0.3224,4661.45,0.322575,1503.66723375,4661.45,1503.66723375,
2023-10-27 20:55:00+00:00,0.3227,0.3234,0.3227,0.3231,1125.42,0.322975,363.4825245,1125.42,363.4825245,
2023-10-27 21:00:00+00:00,0.3229,0.3235,0.323,0.3235,2246.27,0.323225,726.05062075,2246.27,726.05062075,
2023-10-27 21:05:00+00:00,0.3233,0.3236,0.3236,0.3233,467.18,0.32345,151.109371,467.18,151.109371,
2023-10-27 21:10:00+00:00,0.323,0.3235,0.3235,0.323,175.06,0.32325,56.588145,175.06,56.588145,
2023-10-27 21:15:00+00:00,0.3222,0.323,0.3228,0.3222,2631.68,0.32255,848.848384,2631.68,848.848384,
2023-10-27 21:20:00+00:00,0.3219,0.3224,0.3221,0.3224,466.69,0.3222,150.367518,466.69,150.367518,
2023-10-27 21:25:00+00:00,0.3218,0.3225,0.3225,0.322,3711.46,0.3222,1195.832412,3711.46,1195.832412,
2023-10-27 21:30:00+00:00,0.3219,0.3233,0.322,0.323,3759.81,0.32255,1212.7267155,3759.81,1212.7267155,
2023-10-27 21:35:00+00:00,0.3227,0.3231,0.323,0.3227,2110.84,0.322875,681.537465,2110.84,681.537465,
2023-10-27 21:40:00+00:00,0.3227,0.3231,0.323,0.3227,2110.84,0.322875,681.537465,2110.84,681.537465,
2023-10-27 21:45:00+00:00,0.3225,0.3226,0.3226,0.3225,559.16,0.32255,180.357058,559.16,180.357058,
2023-10-27 21:50:00+00:00,0.3227,0.323,0.3227,0.323,465.25,0.32285,150.2059625,465.25,150.2059625,
2023-10-27 21:55:00+00:00,0.3227,0.3232,0.323,0.3227,1669.23,0.3229,538.994367,1669.23,538.994367,
2023-10-27 22:00:00+00:00,0.3229,0.3233,0.3229,0.3233,1474.96,0.3231,476.559576,1474.96,476.559576,
2023-10-27 22:05:00+00:00,0.323,0.3233,0.3233,0.323,640.28,0.32315,206.906482,640.28,206.906482,
2023-10-27 22:10:00+00:00,0.323,0.3233,0.3233,0.323,640.28,0.32315,206.906482,640.28,206.906482,
2023-10-27 22:15:00+00:00,0.3218,0.3227,0.3227,0.322,3111.8,0.3223,1002.93314,3111.8,1002.93314,
2023-10-27 22:20:00+00:00,0.3221,0.3225,0.3221,0.3225,5174.71,0.3223,1667.809033,5174.71,1667.809033,
2023-10-27 22:25:00+00:00,0.3221,0.3225,0.3225,0.3221,53.6,0.3223,17.27528,53.6,17.27528,
2023-10-27 22:30:00+00:00,0.3224,0.3227,0.3224,0.3226,4279.85,0.322525,1380.35862125,4279.85,1380.35862125,
2023-10-27 22:35:00+00:00,0.3218,0.3229,0.3229,0.3221,1500.87,0.322425,483.91800975,1500.87,483.91800975,
2023-10-27 22:40:00+00:00,0.3211,0.3218,0.3218,0.3211,238.37,0.32145,76.6240365,238.37,76.6240365,
2023-10-27 22:45:00+00:00,0.3214,0.322,0.3214,0.322,842.52,0.3217,271.038684,842.52,271.038684,
2023-10-27 22:50:00+00:00,0.3212,0.3216,0.3216,0.3213,5896.71,0.321425,1895.35001175,5896.71,1895.35001175,
2023-10-27 22:55:00+00:00,0.3211,0.3215,0.3214,0.3213,7425.86,0.321325,2386.1144645,7425.86,2386.1144645,
2023-10-27 23:00:00+00:00,0.3212,0.3215,0.3212,0.3215,1658.42,0.32135,532.933267,1658.42,532.933267,
2023-10-27 23:05:00+00:00,0.3217,0.3218,0.3217,0.3218,1930.3,0.32175,621.074025,1930.3,621.074025,
2023-10-27 23:10:00+00:00,0.3217,0.3227,0.3217,0.3227,568.58,0.3222,183.196476,568.58,183.196476,
2023-10-27 23:15:00+00:00,0.3227,0.3229,0.3227,0.3227,9581.24,0.32275,3092.34521,9581.24,3092.34521,
2023-10-27 23:20:00+00:00,0.3226,0.3228,0.3228,0.3226,3155.64,0.3227,1018.325028,3155.64,1018.325028,
2023-10-27 23:25:00+00:00,0.3226,0.3228,0.3228,0.3226,3155.64,0.3227,1018.325028,3155.64,1018.325028,
2023-10-27 23:30:00+00:00,0.3224,0.3231,0.3224,0.3231,1853.1,0.32275,598.088025,1853.1,598.088025,
2023-10-27 23:35:00+00:00,0.323,0.3233,0.3233,0.323,1727.87,0.32315,558.3611905,1727.87,558.3611905,
2023-10-27 23:40:00+00:00,0.323,0.3236,0.3233,0.323,309.32,0.323225,99.979957,309.32,99.979957,
2023-10-27 23:45:00+00:00,0.3231,0.3233,0.3231,0.3233,92.13,0.3232,29.776416,92.13,29.776416,
2023-10-27 23:50:00+00:00,0.3235,0.3235,0.3235,0.3235,308.5,0.3235,99.79975,308.5,99.79975,
2023-10-27 23:55:00+00:00,0.3228,0.3235,0.3235,0.3228,2069.95,0.32315,668.9043425,2069.95,668.9043425,
2023-10-28 00:00:00+00:00,0.3229,0.3239,0.3229,0.3239,2120.77,0.3234,685.857018,2120.77,685.857018,
2023-10-28 00:05:00+00:00,0.3239,0.3241,0.3241,0.3239,178.13,0.324,57.71412,178.13,57.71412,
2023-10-28 00:10:00+00:00,0.3236,0.3242,0.3241,0.3239,1661.41,0.32395,538.2137695,1661.41,538.2137695,
2023-10-28 00:15:00+00:00,0.3231,0.3237,0.3237,0.3231,771.41,0.3234,249.473994,771.41,249.473994,
2023-10-28 00:20:00+00:00,0.3236,0.3239,0.3236,0.3239,461.06,0.32375,149.268175,461.06,149.268175,
2023-10-28 00:25:00+00:00,0.324,0.3243,0.324,0.3243,2583.22,0.32415,837.350763,2583.22,837.350763,
2023-10-28 00:30:00+00:00,0.3242,0.3246,0.3243,0.3242,1996.26,0.324325,647.4370245,1996.26,647.4370245,
2023-10-28 00:35:00+00:00,0.3239,0.3242,0.3239,0.3239,1293.79,0.323975,419.15561525,1293.79,419.15561525,
2023-10-28 00:40:00+00:00,0.3233,0.3239,0.3239,0.3233,3630.79,0.3236,1174.923644,3630.79,1174.923644,
2023-10-28 00:45:00+00:00,0.3233,0.3237,0.3235,0.3233,1176.97,0.32345,380.6909465,1176.97,380.6909465,
2023-10-28 00:50:00+00:00,0.3229,0.3235,0.3234,0.3234,2255.29,0.3233,729.135257,2255.29,729.135257,
2023-10-28 00:55:00+00:00,0.3233,0.3237,0.3234,0.3237,288.5,0.323525,93.3369625,288.5,93.3369625,
2023-10-28 01:00:00+00:00,0.3231,0.3237,0.3237,0.3231,4250.44,0.3234,1374.592296,4250.44,1374.592296,
2023-10-28 01:05:00+00:00,0.3232,0.3239,0.3234,0.3232,2815.73,0.323425,910.67747525,2815.73,910.67747525,
2023-10-28 01:10:00+00:00,0.3232,0.3239,0.3234,0.3232,2815.73,0.323425,910.67747525,2815.73,910.67747525,
2023-10-28 01:15:00+00:00,0.3236,0.324,0.3236,0.3236,3240.45,0.3237,1048.933665,3240.45,1048.933665,
2023-10-28 01:20:00+00:00,0.3233,0.3236,0.3233,0.3236,857.46,0.32345,277.345437,857.46,277.345437,
2023-10-28 01:25:00+00:00,0.3233,0.3235,0.3233,0.3235,5077.33,0.3234,1642.008522,5077.33,1642.008522,
2023-10-28 01:30:00+00:00,0.3236,0.3239,0.3236,0.3236,965.85,0.323675,312.62149875,965.85,312.62149875,
2023-10-28 01:35:00+00:00,0.3232,0.3239,0.3233,0.3239,2126.54,0.323575,688.0951805,2126.54,688.0951805,
2023-10-28 01:40:00+00:00,0.3239,0.3243,0.3239,0.3243,922.12,0.3241,298.859092,922.12,298.859092,
2023-10-28 01:45:00+00:00,0.3245,0.3245,0.3245,0.3245,693.77,0.3245,225.128365,693.77,225.128365,
2023-10-28 01:50:00+00:00,0.3246,0.325,0.3247,0.3247,9394.8,0.32475,3050.9613,9394.8,3050.9613,
2023-10-28 01:55:00+00:00,0.3246,0.325,0.3247,0.3247,9394.8,0.32475,3050.9613,9394.8,3050.9613,
2023-10-28 02:00:00+00:00,0.3242,0.3245,0.3245,0.3245,1984.14,0.324425,643.7046195,1984.14,643.7046195,
2023-10-28 02:05:00+00:00,0.3239,0.3246,0.3242,0.3246,1213.83,0.324325,393.67541475,1213.83,393.67541475,
2023-10-28 02:10:00+00:00,0.3244,0.3246,0.3244,0.3244,1334.64,0.32445,433.023948,1334.64,433.023948,
2023-10-28 02:15:00+00:00,0.3244,0.3246,0.3244,0.3244,1334.64,0.32445,433.023948,1334.64,433.023948,
2023-10-28 02:20:00+00:00,0.3247,0.3249,0.3247,0.3249,1392.85,0.3248,452.39768,1392.85,452.39768,
2023-10-28 02:25:00+00:00,0.3248,0.3251,0.3251,0.3248,77.56,0.32495,25.203122,77.56,25.203122,
2023-10-28 02:30:00+00:00,0.3248,0.3249,0.3248,0.3249,296.32,0.32485,96.259552,296.32,96.259552,
2023-10-28 02:35:00+00:00,0.3248,0.3249,0.3248,0.3249,296.32,0.32485,96.259552,296.32,96.259552,
2023-10-28 02:40:00+00:00,0.3248,0.3254,0.3248,0.3254,347.61,0.3251,113.008011,347.61,113.008011,
2023-10-28 02:45:00+00:00,0.3253,0.3262,0.3253,0.3261,4235.87,0.325725,1379.72875575,4235.87,1379.72875575,
2023-10-28 02:50:00+00:00,0.3263,0.3276,0.3263,0.3275,4952.01,0.326925,1618.93586925,4952.01,1618.93586925,
2023-10-28 02:55:00+00:00,0.327,0.3277,0.3277,0.3275,5876.98,0.327475,1924.5640255,5876.98,1924.5640255,
2023-10-28 03:00:00+00:00,0.3265,0.3274,0.3273,0.3265,5738.25,0.326925,1875.97738125,5738.25,1875.97738125,
2023-10-28 03:05:00+00:00,0.3264,0.3267,0.3264,0.3267,298.88,0.32655,97.599264,298.88,97.599264,
2023-10-28 03:10:00+00:00,0.3263,0.3265,0.3265,0.3263,1584.69,0.3264,517.242816,1584.69,517.242816,
2023-10-28 03:15:00+00:00,0.3266,0.3267,0.3266,0.3267,88.7,0.32665,28.973855,88.7,28.973855,
2023-10-28 03:20:00+00:00,0.3263,0.3263,0.3263,0.3263,76.62,0.3263,25.001106,76.62,25.001106,
2023-10-28 03:25:00+00:00,0.3263,0.3266,0.3264,0.3266,322.37,0.326475,105.24574575,322.37,105.24574575,
2023-10-28 03:30:00+00:00,0.3263,0.3266,0.3264,0.3266,322.37,0.326475,105.24574575,322.37,105.24574575,
2023-10-28 03:35:00+00:00,0.3266,0.327,0.3269,0.3266,208.23,0.326775,68.04435825,208.23,68.04435825,
2023-10-28 03:40:00+00:00,0.3268,0.3272,0.3268,0.3272,178.68,0.327,58.42836,178.68,58.42836,
2023-10-28 03:45:00+00:00,0.3269,0.327,0.3269,0.327,490.64,0.32695,160.414748,490.64,160.414748,
2023-10-28 03:50:00+00:00,0.3271,0.3275,0.3271,0.3271,3469.85,0.3272,1135.33492,3469.85,1135.33492,
2023-10-28 03:55:00+00:00,0.3272,0.3275,0.3273,0.3275,1175.26,0.327375,384.7507425,1175.26,384.7507425,
2023-10-28 04:00:00+00:00,0.3269,0.3275,0.3272,0.3269,12221.81,0.327125,3998.05959625,12221.81,3998.05959625,
2023-10-28 04:05:00+00:00,0.3267,0.3272,0.3267,0.3272,669.63,0.32695,218.9355285,669.63,218.9355285,
2023-10-28 04:10:00+00:00,0.3269,0.3272,0.3271,0.3272,392.74,0.3271,128.465254,392.74,128.465254,
2023-10-28 04:15:00+00:00,0.3266,0.3269,0.3269,0.3266,392.89,0.32675,128.3768075,392.89,128.3768075,
2023-10-28 04:20:00+00:00,0.3265,0.3269,0.3265,0.3269,122.14,0.3267,39.903138,122.14,39.903138,
2023-10-28 04:25:00+00:00,0.3272,0.3278,0.3272,0.3278,557.89,0.3275,182.708975,557.89,182.708975,
2023-10-28 04:30:00+00:00,0.3278,0.3278,0.3278,0.3278,2451.34,0.3278,803.549252,2451.34,803.549252,
2023-10-28 04:35:00+00:00,0.328,0.3284,0.3281,0.3284,285.99,0.328225,93.86906775,285.99,93.86906775,
2023-10-28 04:40:00+00:00,0.3286,0.3292,0.3286,0.3292,760.39,0.3289,250.092271,760.39,250.092271,
2023-10-28 04:45:00+00:00,0.3281,0.329,0.329,0.3287,977.81,0.3287,321.406147,977.81,321.406147,
2023-10-28 04:50:00+00:00,0.3289,0.3291,0.3289,0.3289,721.07,0.32895,237.1959765,721.07,237.1959765,
2023-10-28 04:55:00+00:00,0.3289,0.3292,0.3289,0.3292,10.71,0.32905,3.5241255,10.71,3.5241255,
2023-10-28 05:00:00+00:00,0.3291,0.3293,0.3291,0.3293,2727.45,0.3292,897.87654,2727.45,897.87654,
2023-10-28 05:05:00+00:00,0.3295,0.3297,0.3296,0.3295,1323.68,0.329575,436.251836,1323.68,436.251836,
2023-10-28 05:10:00+00:00,0.3295,0.3299,0.3295,0.3299,398.95,0.3297,131.533815,398.95,131.533815,
2023-10-28 05:15:00+00:00,0.3297,0.3299,0.3297,0.3299,399.49,0.3298,131.751802,399.49,131.751802,
2023-10-28 05:20:00+00:00,0.3296,0.3306,0.33,0.3299,12046.67,0.330025,3975.70226675,12046.67,3975.70226675,
2023-10-28 05:25:00+00:00,0.3293,0.3298,0.3298,0.3293,1438.77,0.32955,474.1466535,1438.77,474.1466535,
2023-10-28 05:30:00+00:00,0.3284,0.3293,0.3293,0.3284,459.18,0.32885,151.001343,459.18,151.001343,
2023-10-28 05:35:00+00:00,0.3281,0.3285,0.3281,0.3285,1090.75,0.3283,358.093225,1090.75,358.093225,
2023-10-28 05:40:00+00:00,0.3281,0.3286,0.3285,0.3281,324.58,0.328325,106.5677285,324.58,106.5677285,
2023-10-28 05:45:00+00:00,0.3278,0.3283,0.3278,0.3278,2157.64,0.327925,707.544097,2157.64,707.544097,
2023-10-28 05:50:00+00:00,0.3278,0.3283,0.3278,0.3278,2157.64,0.327925,707.544097,2157.64,707.544097,
2023-10-28 05:55:00+00:00,0.3273,0.3278,0.3277,0.3273,6610.78,0.327525,2165.1957195,6610.78,2165.1957195,
2023-10-28 06:00:00+00:00,0.3274,0.3281,0.3274,0.3281,3810.6,0.32775,1248.92415,3810.6,1248.92415,
2023-10-28 06:05:00+00:00,0.3278,0.3284,0.3283,0.3278,2482.09,0.328075,814.31167675,2482.09,814.31167675,
2023-10-28 06:10:00+00:00,0.3278,0.3284,0.3283,0.3278,2482.09,0.328075,814.31167675,2482.09,814.31167675,
2023-10-28 06:15:00+00:00,0.3275,0.3278,0.3275,0.3278,152.61,0.32765,50.0026665,152.61,50.0026665,
2023-10-28 06:20:00+00:00,0.3275,0.3278,0.3275,0.3278,152.61,0.32765,50.0026665,152.61,50.0026665,
2023-10-28 06:25:00+00:00,0.3272,0.328,0.328,0.3272,1589.95,0.3276,520.86762,1589.95,520.86762,
2023-10-28 06:30:00+00:00,0.3265,0.3269,0.3269,0.3269,1259.21,0.3268,411.509828,1259.21,411.509828,
2023-10-28 06:35:00+00:00,0.327,0.327,0.327,0.327,479.58,0.327,156.82266,479.58,156.82266,
2023-10-28 06:40:00+00:00,0.327,0.3271,0.327,0.3271,8341.9,0.32705,2728.218395,8341.9,2728.218395,
2023-10-28 06:45:00+00:00,0.3269,0.3272,0.3272,0.327,162.29,0.327075,53.08100175,162.29,53.08100175,
2023-10-28 06:50:00+00:00,0.3265,0.3268,0.3266,0.3268,3993.72,0.326675,1304.648481,3993.72,1304.648481,
2023-10-28 06:55:00+00:00,0.3266,0.3266,0.3266,0.3266,1233.65,0.3266,402.91009,1233.65,402.91009,
2023-10-28 07:00:00+00:00,0.3263,0.3266,0.3263,0.3265,305.46,0.326425,99.7097805,305.46,99.7097805,
2023-10-28 07:05:00+00:00,0.3265,0.3269,0.3265,0.3269,786.15,0.3267,256.835205,786.15,256.835205,
2023-10-28 07:10:00+00:00,0.327,0.3272,0.327,0.3272,2680.99,0.3271,876.951829,2680.99,876.951829,
2023-10-28 07:15:00+00:00,0.327,0.3272,0.327,0.3272,2680.99,0.3271,876.951829,2680.99,876.951829,
2023-10-28 07:20:00+00:00,0.3274,0.3275,0.3275,0.3274,228.04,0.32745,74.671698,228.04,74.671698,
2023-10-28 07:25:00+00:00,0.3274,0.3275,0.3275,0.3274,228.04,0.32745,74.671698,228.04,74.671698,
2023-10-28 07:30:00+00:00,0.3278,0.3283,0.3278,0.3283,1966.28,0.32805,645.038154,1966.28,645.038154,
2023-10-28 07:35:00+00:00,0.3278,0.3281,0.3281,0.3278,1622.92,0.32795,532.236614,1622.92,532.236614,
2023-10-28 07:40:00+00:00,0.3281,0.3284,0.3281,0.3284,456.23,0.32825,149.7574975,456.23,149.7574975,
2023-10-28 07:45:00+00:00,0.3278,0.3282,0.3282,0.3281,3649.34,0.328075,1197.2572205,3649.34,1197.2572205,
2023-10-28 07:50:00+00:00,0.3281,0.3286,0.3281,0.3286,1864.48,0.32835,612.202008,1864.48,612.202008,
2023-10-28 07:55:00+00:00,0.328,0.3287,0.3287,0.328,3210.71,0.32835,1054.2366285,3210.71,1054.2366285,
2023-10-28 08:00:00+00:00,0.3281,0.3287,0.3283,0.3281,959.37,0.3283,314.961171,959.37,314.961171,
2023-10-28 08:05:00+00:00,0.3266,0.3279,0.3279,0.3278,10184.06,0.32755,3335.788853,10184.06,3335.788853,
2023-10-28 08:10:00+00:00,0.3266,0.3279,0.3279,0.3278,10184.06,0.32755,3335.788853,10184.06,3335.788853,
2023-10-28 08:15:00+00:00,0.3273,0.3281,0.3278,0.3279,2602.84,0.327775,853.145881,2602.84,853.145881,
2023-10-28 08:20:00+00:00,0.3278,0.3286,0.3278,0.3286,1560.02,0.3282,511.998564,1560.02,511.998564,
2023-10-28 08:25:00+00:00,0.3284,0.3287,0.3287,0.3287,3504.07,0.328625,1151.52500375,3504.07,1151.52500375,
2023-10-28 08:30:00+00:00,0.329,0.3293,0.329,0.3293,155.73,0.32915,51.2585295,155.73,51.2585295,
2023-10-28 08:35:00+00:00,0.3296,0.3296,0.3296,0.3296,77.85,0.3296,25.65936,77.85,25.65936,
2023-10-28 08:40:00+00:00,0.3299,0.3301,0.3299,0.3301,437.72,0.33,144.4476,437.72,144.4476,
2023-10-28 08:45:00+00:00,0.3296,0.3301,0.3299,0.3296,4420.42,0.3298,1457.854516,4420.42,1457.854516,
2023-10-28 08:50:00+00:00,0.3294,0.3297,0.3295,0.3296,2351.1,0.32955,774.805005,2351.1,774.805005,
2023-10-28 08:55:00+00:00,0.3291,0.3296,0.3293,0.3296,4500.57,0.3294,1482.487758,4500.57,1482.487758,
2023-10-28 09:00:00+00:00,0.3284,0.3293,0.3293,0.3287,532.21,0.328925,175.05717425,532.21,175.05717425,
2023-10-28 09:05:00+00:00,0.3282,0.329,0.3284,0.3289,17040.98,0.328625,5600.0920525,17040.98,5600.0920525,
2023-10-28 09:10:00+00:00,0.3293,0.3296,0.3293,0.3296,151.77,0.32945,50.0006265,151.77,50.0006265,
2023-10-28 09:15:00+00:00,0.329,0.3293,0.3293,0.3293,213.22,0.329225,70.1973545,213.22,70.1973545,
2023-10-28 09:20:00+00:00,0.3289,0.3293,0.3289,0.329,3014.57,0.329025,991.86889425,3014.57,991.86889425,
2023-10-28 09:25:00+00:00,0.3286,0.329,0.3287,0.329,1833.34,0.328825,602.8480255,1833.34,602.8480255,
2023-10-28 09:30:00+00:00,0.329,0.3293,0.3293,0.3293,227.83,0.329225,75.00733175,227.83,75.00733175,
2023-10-28 09:35:00+00:00,0.3295,0.3296,0.3295,0.3295,608.06,0.329525,200.3709715,608.06,200.3709715,
2023-10-28 09:40:00+00:00,0.3295,0.3296,0.3295,0.3295,608.06,0.329525,200.3709715,608.06,200.3709715,
2023-10-28 09:45:00+00:00,0.3295,0.3296,0.3296,0.3295,1886.16,0.32955,621.584028,1886.16,621.584028,
2023-10-28 09:50:00+00:00,0.3295,0.3296,0.3296,0.3295,1886.16,0.32955,621.584028,1886.16,621.584028,
2023-10-28 09:55:00+00:00,0.3288,0.33,0.3299,0.3288,734.6,0.329375,241.958875,734.6,241.958875,
2023-10-28 10:00:00+00:00,0.3288,0.33,0.3299,0.3288,734.6,0.329375,241.958875,734.6,241.958875,
2023-10-28 10:05:00+00:00,0.3284,0.3292,0.3287,0.3292,2347.99,0.328875,772.19521125,2347.99,772.19521125,
2023-10-28 10:10:00+00:00,0.3287,0.3291,0.3291,0.3287,1591.01,0.3289,523.283189,1591.01,523.283189,
2023-10-28 10:15:00+00:00,0.3289,0.3293,0.329,0.3289,2863.26,0.329025,942.0841215,2863.26,942.0841215,
2023-10-28 10:20:00+00:00,0.3283,0.3287,0.3287,0.3287,3357.63,0.3286,1103.317218,3357.63,1103.317218,
2023-10-28 10:25:00+00:00,0.329,0.3292,0.329,0.329,3222.23,0.32905,1060.2747815,3222.23,1060.2747815,
2023-10-28 10:30:00+00:00,0.3286,0.3289,0.3289,0.3286,404.72,0.32875,133.0517,404.72,133.0517,
2023-10-28 10:35:00+00:00,0.3285,0.329,0.3286,0.329,3887.84,0.328775,1278.224596,3887.84,1278.224596,
2023-10-28 10:40:00+00:00,0.3284,0.3291,0.3291,0.3288,1259.97,0.32885,414.3411345,1259.97,414.3411345,
2023-10-28 10:45:00+00:00,0.329,0.3296,0.329,0.3296,826.91,0.3293,272.301463,826.91,272.301463,
2023-10-28 10:50:00+00:00,0.3298,0.3299,0.3298,0.3299,1783.9,0.32985,588.419415,1783.9,588.419415,
2023-10-28 10:55:00+00:00,0.33,0.3301,0.3301,0.33,1129.37,0.33005,372.7485685,1129.37,372.7485685,
2023-10-28 11:00:00+00:00,0.3299,0.3308,0.3299,0.3308,1538.35,0.33035,508.1939225,1538.35,508.1939225,
2023-10-28 11:05:00+00:00,0.3308,0.3311,0.331,0.3308,156.16,0.330925,51.677248,156.16,51.677248,
2023-10-28 11:10:00+00:00,0.331,0.3311,0.331,0.331,2205.26,0.331025,729.9961915,2205.26,729.9961915,
2023-10-28 11:15:00+00:00,0.331,0.3311,0.331,0.331,2205.26,0.331025,729.9961915,2205.26,729.9961915,
2023-10-28 11:20:00+00:00,0.3313,0.3326,0.3314,0.3314,15359.79,0.331675,5094.45834825,15359.79,5094.45834825,
2023-10-28 11:25:00+00:00,0.3311,0.3316,0.3311,0.3314,2508.17,0.3313,830.956721,2508.17,830.956721,
2023-10-28 11:30:00+00:00,0.3311,0.332,0.3317,0.3311,2150.34,0.331475,712.7839515,2150.34,712.7839515,
2023-10-28 11:35:00+00:00,0.3296,0.3308,0.3308,0.3296,5455.82,0.3302,1801.511764,5455.82,1801.511764,
2023-10-28 11:40:00+00:00,0.3296,0.3303,0.3296,0.3299,314.89,0.32985,103.8664665,314.89,103.8664665,
2023-10-28 11:45:00+00:00,0.3293,0.3298,0.3296,0.3295,1886.5,0.32955,621.696075,1886.5,621.696075,
2023-10-28 11:50:00+00:00,0.3293,0.3299,0.3297,0.3293,2933.67,0.32955,966.7909485,2933.67,966.7909485,
2023-10-28 11:55:00+00:00,0.329,0.3291,0.329,0.329,1687.92,0.329025,555.367878,1687.92,555.367878,
2023-10-28 12:00:00+00:00,0.3293,0.3298,0.3293,0.3293,4401.83,0.329425,1450.07284775,4401.83,1450.07284775,
2023-10-28 12:05:00+00:00,0.329,0.3301,0.329,0.3301,7743.55,0.32955,2551.8869025,7743.55,2551.8869025,
2023-10-28 12:10:00+00:00,0.3286,0.3298,0.3298,0.3286,1781.21,0.3292,586.374332,1781.21,586.374332,
2023-10-28 12:15:00+00:00,0.3286,0.3298,0.3298,0.3286,1781.21,0.3292,586.374332,1781.21,586.374332,
2023-10-28 12:20:00+00:00,0.3284,0.329,0.329,0.3284,5195.34,0.3287,1707.708258,5195.34,1707.708258,
2023-10-28 12:25:00+00:00,0.328,0.3287,0.3287,0.328,3926.99,0.32835,1289.4271665,3926.99,1289.4271665,
2023-10-28 12:30:00+00:00,0.3278,0.3283,0.3279,0.3283,2887.58,0.328075,947.3428085,2887.58,947.3428085,
2023-10-28 12:35:00+00:00,0.3282,0.3283,0.3282,0.3283,3474.6,0.32825,1140.53745,3474.6,1140.53745,
2023-10-28 12:40:00+00:00,0.3283,0.3287,0.3283,0.3284,2279.66,0.328425,748.6973355,2279.66,748.6973355,
2023-10-28 12:45:00+00:00,0.3248,0.3281,0.3281,0.3257,9387.33,0.326675,3066.60602775,9387.33,3066.60602775,
2023-10-28 12:50:00+00:00,0.3257,0.3263,0.326,0.3263,613.38,0.326075,200.0078835,613.38,200.0078835,
2023-10-28 12:55:00+00:00,0.326,0.3266,0.3264,0.326,3891.09,0.32625,1269.4681125,3891.09,1269.4681125,
2023-10-28 13:00:00+00:00,0.3254,0.3265,0.3257,0.3265,1396.44,0.326025,455.274351,1396.44,455.274351,
2023-10-28 13:05:00+00:00,0.3266,0.3272,0.3266,0.3272,232.3,0.3269,75.93887,232.3,75.93887,
2023-10-28 13:10:00+00:00,0.3266,0.3272,0.3266,0.3272,232.3,0.3269,75.93887,232.3,75.93887,
2023-10-28 13:15:00+00:00,0.327,0.3278,0.3275,0.3276,2225.23,0.327475,728.70719425,2225.23,728.70719425,
2023-10-28 13:20:00+00:00,0.3278,0.3281,0.3278,0.328,730.67,0.327925,239.60495975,730.67,239.60495975,
2023-10-28 13:25:00+00:00,0.3278,0.3281,0.3278,0.328,730.67,0.327925,239.60495975,730.67,239.60495975,
2023-10-28 13:30:00+00:00,0.328,0.3286,0.3282,0.3286,1204.34,0.32835,395.445039,1204.34,395.445039,
2023-10-28 13:35:00+00:00,0.3281,0.3282,0.3282,0.3281,63.74,0.32815,20.916281,63.74,20.916281,
2023-10-28 13:40:00+00:00,0.3281,0.3283,0.3281,0.3283,1144.01,0.3282,375.464082,1144.01,375.464082,
2023-10-28 13:45:00+00:00,0.3281,0.3283,0.3281,0.3283,1144.01,0.3282,375.464082,1144.01,375.464082,
2023-10-28 13:50:00+00:00,0.3281,0.3283,0.3281,0.3283,1144.01,0.3282,375.464082,1144.01,375.464082,
2023-10-28 13:55:00+00:00,0.3275,0.3281,0.3281,0.3278,7082.24,0.327875,2322.08944,7082.24,2322.08944,
2023-10-28 14:00:00+00:00,0.3275,0.3281,0.3281,0.3278,7082.24,0.327875,2322.08944,7082.24,2322.08944,
2023-10-28 14:05:00+00:00,0.3281,0.3284,0.3281,0.3284,152.33,0.32825,50.0023225,152.33,50.0023225,
2023-10-28 14:10:00+00:00,0.3281,0.3288,0.3287,0.3284,1895.65,0.3285,622.721025,1895.65,622.721025,
2023-10-28 14:15:00+00:00,0.328,0.3281,0.3281,0.3281,327.59,0.328075,107.47408925,327.59,107.47408925,
2023-10-28 14:20:00+00:00,0.3282,0.3284,0.3282,0.3284,315.99,0.3283,103.739517,315.99,103.739517,
2023-10-28 14:25:00+00:00,0.3279,0.3284,0.3284,0.3284,541.08,0.328275,177.623037,541.08,177.623037,
2023-10-28 14:30:00+00:00,0.3287,0.3288,0.3287,0.3288,1735.19,0.32875,570.4437125,1735.19,570.4437125,
2023-10-28 14:35:00+00:00,0.3281,0.3284,0.3284,0.3281,675.29,0.32825,221.6639425,675.29,221.6639425,
2023-10-28 14:40:00+00:00,0.3281,0.3284,0.3284,0.3281,675.29,0.32825,221.6639425,675.29,221.6639425,
2023-10-28 14:45:00+00:00,0.3277,0.3281,0.3278,0.3281,433.02,0.327925,141.9980835,433.02,141.9980835,
2023-10-28 14:50:00+00:00,0.3278,0.3281,0.3281,0.3278,1917.95,0.32795,628.9917025,1917.95,628.9917025,
2023-10-28 14:55:00+00:00,0.3278,0.3279,0.3278,0.3278,1042.33,0.327825,341.70183225,1042.33,341.70183225,
2023-10-28 15:00:00+00:00,0.3274,0.3279,0.3275,0.3279,1331.25,0.327675,436.21734375,1331.25,436.21734375,
2023-10-28 15:05:00+00:00,0.3278,0.3284,0.3279,0.3284,1332.54,0.328125,437.2396875,1332.54,437.2396875,
2023-10-28 15:10:00+00:00,0.3278,0.3284,0.3279,0.3284,1332.54,0.328125,437.2396875,1332.54,437.2396875,
2023-10-28 15:15:00+00:00,0.3278,0.3284,0.3279,0.3284,1332.54,0.328125,437.2396875,1332.54,437.2396875,
2023-10-28 15:20:00+00:00,0.3285,0.3288,0.3287,0.3288,185.55,0.3287,60.990285,185.55,60.990285,
2023-10-28 15:25:00+00:00,0.329,0.329,0.329,0.329,75.99,0.329,25.00071,75.99,25.00071,
2023-10-28 15:30:00+00:00,0.329,0.329,0.329,0.329,728.06,0.329,239.53174,728.06,239.53174,
2023-10-28 15:35:00+00:00,0.3289,0.3293,0.3289,0.329,215.98,0.329025,71.0628195,215.98,71.0628195,
2023-10-28 15:40:00+00:00,0.3288,0.3291,0.329,0.3288,1026.25,0.328925,337.55928125,1026.25,337.55928125,
2023-10-28 15:45:00+00:00,0.3285,0.329,0.3287,0.329,3924.37,0.3288,1290.332856,3924.37,1290.332856,
2023-10-28 15:50:00+00:00,0.3289,0.3291,0.3291,0.329,364.7,0.329025,119.9954175,364.7,119.9954175,
2023-10-28 15:55:00+00:00,0.3288,0.3292,0.3291,0.3288,1684.43,0.328975,554.13535925,1684.43,554.13535925,
2023-10-28 16:00:00+00:00,0.3287,0.329,0.3287,0.329,163.54,0.32885,53.780129,163.54,53.780129,
2023-10-28 16:05:00+00:00,0.3287,0.3289,0.3289,0.3287,378.77,0.3288,124.539576,378.77,124.539576,
2023-10-28 16:10:00+00:00,0.3279,0.3284,0.3284,0.3279,360.82,0.32815,118.403083,360.82,118.403083,
2023-10-28 16:15:00+00:00,0.3275,0.3281,0.328,0.3279,1797.57,0.327875,589.37826375,1797.57,589.37826375,
2023-10-28 16:20:00+00:00,0.3277,0.3278,0.3278,0.3277,406.09,0.32775,133.0959975,406.09,133.0959975,
2023-10-28 16:25:00+00:00,0.328,0.3284,0.3281,0.328,13502.56,0.328125,4430.5275,13502.56,4430.5275,
2023-10-28 16:30:00+00:00,0.3279,0.3281,0.3281,0.328,1766.93,0.328025,579.59721325,1766.93,579.59721325,
2023-10-28 16:35:00+00:00,0.3278,0.3281,0.3281,0.3278,2649.28,0.32795,868.831376,2649.28,868.831376,
2023-10-28 16:40:00+00:00,0.3281,0.3281,0.3281,0.3281,666.39,0.3281,218.642559,666.39,218.642559,
2023-10-28 16:45:00+00:00,0.3284,0.3289,0.3284,0.3289,4354.83,0.32865,1431.2148795,4354.83,1431.2148795,
2023-10-28 16:50:00+00:00,0.3284,0.3289,0.3284,0.3289,4354.83,0.32865,1431.2148795,4354.83,1431.2148795,
2023-10-28 16:55:00+00:00,0.3289,0.329,0.329,0.3289,1060.74,0.32895,348.930423,1060.74,348.930423,
2023-10-28 17:00:00+00:00,0.3291,0.3291,0.3291,0.3291,627.87,0.3291,206.632017,627.87,206.632017,
2023-10-28 17:05:00+00:00,0.3288,0.3293,0.3293,0.3291,2288.85,0.329125,753.31775625,2288.85,753.31775625,
2023-10-28 17:10:00+00:00,0.3289,0.3293,0.3291,0.329,3599.47,0.329075,1184.49559025,3599.47,1184.49559025,
2023-10-28 17:15:00+00:00,0.3284,0.3287,0.3287,0.3287,1938.39,0.328625,637.00341375,1938.39,637.00341375,
2023-10-28 17:20:00+00:00,0.3287,0.329,0.3287,0.3289,1334.93,0.328825,438.95835725,1334.93,438.95835725,
2023-10-28 17:25:00+00:00,0.3289,0.3296,0.3289,0.3296,5419.28,0.32925,1784.29794,5419.28,1784.29794,
2023-10-28 17:30:00+00:00,0.3289,0.3296,0.3289,0.3296,5419.28,0.32925,1784.29794,5419.28,1784.29794,
2023-10-28 17:35:00+00:00,0.3293,0.3297,0.3295,0.3296,2787.1,0.329525,918.4191275,2787.1,918.4191275,
2023-10-28 17:40:00+00:00,0.3293,0.3297,0.3297,0.3293,1002.49,0.3295,330.320455,1002.49,330.320455,
2023-10-28 17:45:00+00:00,0.329,0.3291,0.3291,0.329,30.12,0.32905,9.910986,30.12,9.910986,
2023-10-28 17:50:00+00:00,0.3291,0.3293,0.3293,0.3291,1671.01,0.3292,550.096492,1671.01,550.096492,
2023-10-28 17:55:00+00:00,0.3293,0.3296,0.3296,0.3293,151.77,0.32945,50.0006265,151.77,50.0006265,
2023-10-28 18:00:00+00:00,0.3288,0.3293,0.329,0.3293,152.21,0.3291,50.092311,152.21,50.092311,
2023-10-28 18:05:00+00:00,0.3286,0.3292,0.3292,0.3286,3145.15,0.3289,1034.439835,3145.15,1034.439835,
2023-10-28 18:10:00+00:00,0.3287,0.329,0.329,0.3287,3176.73,0.32885,1044.6676605,3176.73,1044.6676605,
2023-10-28 18:15:00+00:00,0.3286,0.329,0.3288,0.3286,904.9,0.32875,297.485875,904.9,297.485875,
2023-10-28 18:20:00+00:00,0.3281,0.3286,0.3286,0.3281,155.35,0.32835,51.0091725,155.35,51.0091725,
2023-10-28 18:25:00+00:00,0.3281,0.3286,0.3286,0.3281,155.35,0.32835,51.0091725,155.35,51.0091725,
2023-10-28 18:30:00+00:00,0.3284,0.3288,0.3284,0.3288,750.77,0.3286,246.703022,750.77,246.703022,
2023-10-28 18:35:00+00:00,0.329,0.33,0.329,0.33,3262.95,0.3295,1075.142025,3262.95,1075.142025,
2023-10-28 18:40:00+00:00,0.3297,0.3299,0.3298,0.3297,3788.9,0.329775,1249.4844975,3788.9,1249.4844975,
2023-10-28 18:45:00+00:00,0.3296,0.3302,0.3296,0.3302,227.36,0.3299,75.006064,227.36,75.006064,
2023-10-28 18:50:00+00:00,0.3302,0.3305,0.3305,0.3302,153.37,0.33035,50.6657795,153.37,50.6657795,
2023-10-28 18:55:00+00:00,0.3299,0.3302,0.3302,0.3299,1937.37,0.33005,639.4289685,1937.37,639.4289685,
2023-10-28 19:00:00+00:00,0.3297,0.3299,0.3298,0.3299,853.26,0.329825,281.4264795,853.26,281.4264795,
2023-10-28 19:05:00+00:00,0.3296,0.3299,0.3296,0.3298,2669.35,0.329725,880.15142875,2669.35,880.15142875,
2023-10-28 19:10:00+00:00,0.3296,0.3299,0.3296,0.3298,2669.35,0.329725,880.15142875,2669.35,880.15142875,
2023-10-28 19:15:00+00:00,0.3298,0.3302,0.3302,0.3298,612.25,0.33,202.0425,612.25,202.0425,
2023-10-28 19:20:00+00:00,0.3302,0.3307,0.3302,0.3304,5469.52,0.330375,1806.99267,5469.52,1806.99267,
2023-10-28 19:25:00+00:00,0.3298,0.3302,0.3302,0.3298,2249.46,0.33,742.3218,2249.46,742.3218,
2023-10-28 19:30:00+00:00,0.3298,0.3302,0.3302,0.3298,2249.46,0.33,742.3218,2249.46,742.3218,
2023-10-28 19:35:00+00:00,0.3292,0.3299,0.3296,0.3299,1374.98,0.32965,453.262157,1374.98,453.262157,
2023-10-28 19:40:00+00:00,0.3292,0.3299,0.3296,0.3299,1374.98,0.32965,453.262157,1374.98,453.262157,
2023-10-28 19:45:00+00:00,0.3293,0.3296,0.3296,0.3293,182.14,0.32945,60.006023,182.14,60.006023,
2023-10-28 19:50:00+00:00,0.3289,0.3291,0.3291,0.3289,559.71,0.329,184.14459,559.71,184.14459,
2023-10-28 19:55:00+00:00,0.3284,0.3289,0.3287,0.3284,4996.85,0.3286,1641.96491,4996.85,1641.96491,
2023-10-28 20:00:00+00:00,0.3284,0.3293,0.3285,0.3293,1730.98,0.328875,569.2760475,1730.98,569.2760475,
2023-10-28 20:05:00+00:00,0.3296,0.3302,0.3296,0.3302,791.12,0.3299,260.990488,791.12,260.990488,
2023-10-28 20:10:00+00:00,0.33,0.3302,0.3302,0.3301,935.5,0.330125,308.8319375,935.5,308.8319375,
2023-10-28 20:15:00+00:00,0.3305,0.3308,0.3305,0.3306,1663.95,0.3306,550.10187,1663.95,550.10187,
2023-10-28 20:20:00+00:00,0.3307,0.3307,0.3307,0.3307,554.99,0.3307,183.535193,554.99,183.535193,
2023-10-28 20:25:00+00:00,0.3307,0.3307,0.3307,0.3307,554.99,0.3307,183.535193,554.99,183.535193,
2023-10-28 20:30:00+00:00,0.3305,0.331,0.331,0.3308,2939.75,0.330825,972.54279375,2939.75,972.54279375,
2023-10-28 20:35:00+00:00,0.3304,0.3308,0.3307,0.3304,3241.93,0.330575,1071.70100975,3241.93,1071.70100975,
2023-10-28 20:40:00+00:00,0.3302,0.3309,0.3306,0.3309,7484.14,0.33065,2474.630891,7484.14,2474.630891,
2023-10-28 20:45:00+00:00,0.3307,0.3308,0.3307,0.3308,1268.93,0.33075,419.6985975,1268.93,419.6985975,
2023-10-28 20:50:00+00:00,0.3306,0.3308,0.3308,0.3306,13792.14,0.3307,4561.060698,13792.14,4561.060698,
2023-10-28 20:55:00+00:00,0.3307,0.3311,0.3307,0.3311,970.29,0.3309,321.068961,970.29,321.068961,
2023-10-28 21:00:00+00:00,0.3307,0.3311,0.3307,0.3311,970.29,0.3309,321.068961,970.29,321.068961,
2023-10-28 21:05:00+00:00,0.3309,0.3313,0.3311,0.3313,3176.96,0.33115,1052.050304,3176.96,1052.050304,
2023-10-28 21:10:00+00:00,0.3312,0.3314,0.3312,0.3312,1590.57,0.33125,526.8763125,1590.57,526.8763125,
2023-10-28 21:15:00+00:00,0.3314,0.3317,0.3314,0.3317,846.93,0.33155,280.7996415,846.93,280.7996415,
2023-10-28 21:20:00+00:00,0.3314,0.3317,0.3314,0.3317,846.93,0.33155,280.7996415,846.93,280.7996415,
2023-10-28 21:25:00+00:00,0.3314,0.3317,0.3314,0.3317,846.93,0.33155,280.7996415,846.93,280.7996415,
2023-10-28 21:30:00+00:00,0.3314,0.3317,0.3314,0.3317,846.93,0.33155,280.7996415,846.93,280.7996415,
2023-10-28 21:35:00+00:00,0.3314,0.3317,0.3314,0.3317,846.93,0.33155,280.7996415,846.93,280.7996415,
2023-10-28 21:40:00+00:00,0.3315,0.3317,0.3317,0.3317,753.65,0.33165,249.9480225,753.65,249.9480225,
2023-10-28 21:45:00+00:00,0.3315,0.3317,0.3317,0.3317,753.65,0.33165,249.9480225,753.65,249.9480225,
2023-10-28 21:50:00+00:00,0.332,0.3323,0.332,0.3322,16008.28,0.332125,5316.749995,16008.28,5316.749995,
2023-10-28 21:55:00+00:00,0.332,0.3323,0.332,0.3322,16008.28,0.332125,5316.749995,16008.28,5316.749995,
2023-10-28 22:00:00+00:00,0.3317,0.3319,0.3318,0.3319,806.59,0.331825,267.64672675,806.59,267.64672675,
2023-10-28 22:05:00+00:00,0.3317,0.3319,0.3318,0.3319,806.59,0.331825,267.64672675,806.59,267.64672675,
2023-10-28 22:10:00+00:00,0.3314,0.3316,0.3316,0.3314,2685.1,0.3315,890.11065,2685.1,890.11065,
2023-10-28 22:15:00+00:00,0.3311,0.3312,0.3312,0.3311,280.58,0.33115,92.914067,280.58,92.914067,
2023-10-28 22:20:00+00:00,0.33,0.3309,0.3309,0.3306,5797.92,0.3306,1916.792352,5797.92,1916.792352,
2023-10-28 22:25:00+00:00,0.3294,0.3309,0.3307,0.3294,35056.05,0.3301,11572.002105,35056.05,11572.002105,
2023-10-28 22:30:00+00:00,0.3287,0.3293,0.3293,0.3293,837.52,0.32915,275.669708,837.52,275.669708,
2023-10-28 22:35:00+00:00,0.3296,0.3305,0.3296,0.3305,11721.59,0.33005,3868.7107795,11721.59,3868.7107795,
2023-10-28 22:40:00+00:00,0.3296,0.3305,0.3296,0.3305,11721.59,0.33005,3868.7107795,11721.59,3868.7107795,
2023-10-28 22:45:00+00:00,0.3302,0.3308,0.3304,0.3308,2180.08,0.33055,720.625444,2180.08,720.625444,
2023-10-28 22:50:00+00:00,0.3302,0.3308,0.3304,0.3308,2180.08,0.33055,720.625444,2180.08,720.625444,
2023-10-28 22:55:00+00:00,0.3302,0.3308,0.3305,0.3306,1316.46,0.330525,435.1229415,1316.46,435.1229415,
2023-10-28 23:00:00+00:00,0.3299,0.3308,0.3305,0.3299,3613.58,0.330275,1193.4751345,3613.58,1193.4751345,
2023-10-28 23:05:00+00:00,0.329,0.3299,0.3298,0.3299,2888.02,0.32965,952.035793,2888.02,952.035793,
2023-10-28 23:10:00+00:00,0.329,0.3296,0.3296,0.329,1761.47,0.3293,580.052071,1761.47,580.052071,
2023-10-28 23:15:00+00:00,0.3291,0.3296,0.3294,0.3291,4458.21,0.3293,1468.088553,4458.21,1468.088553,
2023-10-28 23:20:00+00:00,0.3295,0.33,0.3295,0.33,1820.68,0.32975,600.36923,1820.68,600.36923,
2023-10-28 23:25:00+00:00,0.3301,0.3303,0.3301,0.3303,682.93,0.3302,225.503486,682.93,225.503486,
2023-10-28 23:30:00+00:00,0.3298,0.3305,0.3302,0.3305,1086.34,0.33025,358.763785,1086.34,358.763785,
2023-10-28 23:35:00+00:00,0.3307,0.331,0.3308,0.3308,3107.21,0.330825,1027.94274825,3107.21,1027.94274825,
2023-10-28 23:40:00+00:00,0.3304,0.3314,0.3305,0.3305,83931.97,0.3307,27756.302479,83931.97,27756.302479,
2023-10-28 23:45:00+00:00,0.3304,0.331,0.3305,0.3305,12498.76,0.3306,4132.090056,12498.76,4132.090056,
2023-10-28 23:50:00+00:00,0.3308,0.3311,0.3308,0.3311,4322.85,0.33095,1430.6472075,4322.85,1430.6472075,
2023-10-28 23:55:00+00:00,0.331,0.3314,0.3314,0.331,2981.98,0.3312,987.631776,2981.98,987.631776,
2023-10-29 00:00:00+00:00,0.3303,0.331,0.3306,0.3309,16198.03,0.3307,5356.688521,16198.03,5356.688521,
2023-10-29 00:05:00+00:00,0.3309,0.3315,0.3309,0.3313,1974.7,0.33115,653.921905,1974.7,653.921905,
2023-10-29 00:10:00+00:00,0.3299,0.3312,0.3312,0.3308,1466.39,0.330775,485.04515225,1466.39,485.04515225,
2023-10-29 00:15:00+00:00,0.3308,0.3311,0.3311,0.3309,4902.87,0.330975,1622.72739825,4902.87,1622.72739825,
2023-10-29 00:20:00+00:00,0.3304,0.331,0.331,0.3305,5652.43,0.330725,1869.39991175,5652.43,1869.39991175,
2023-10-29 00:25:00+00:00,0.3305,0.3311,0.3305,0.3308,2656.08,0.330725,878.432058,2656.08,878.432058,
2023-10-29 00:30:00+00:00,0.3299,0.3306,0.3306,0.3302,2102.84,0.330325,694.620623,2102.84,694.620623,
2023-10-29 00:35:00+00:00,0.3305,0.3308,0.3305,0.3306,1149.29,0.3306,379.955274,1149.29,379.955274,
2023-10-29 00:40:00+00:00,0.3311,0.3314,0.3311,0.3312,8279.78,0.3312,2742.263136,8279.78,2742.263136,
2023-10-29 00:45:00+00:00,0.3313,0.3317,0.3314,0.3314,3174.13,0.33145,1052.0653885,3174.13,1052.0653885,
2023-10-29 00:50:00+00:00,0.3296,0.3318,0.3317,0.3296,1506.31,0.330675,498.09905925,1506.31,498.09905925,
2023-10-29 00:55:00+00:00,0.3287,0.3293,0.3293,0.329,308.41,0.329075,101.49002075,308.41,101.49002075,
2023-10-29 01:00:00+00:00,0.3284,0.3291,0.3287,0.3287,969.98,0.328725,318.8566755,969.98,318.8566755,
2023-10-29 01:05:00+00:00,0.3287,0.3294,0.3289,0.329,1968.31,0.329,647.57399,1968.31,647.57399,
2023-10-29 01:10:00+00:00,0.3275,0.3288,0.3288,0.3278,5954.95,0.328225,1954.56346375,5954.95,1954.56346375,
2023-10-29 01:15:00+00:00,0.3275,0.3281,0.328,0.3278,5422.67,0.32785,1777.8223595,5422.67,1777.8223595,
2023-10-29 01:20:00+00:00,0.3245,0.3277,0.3277,0.3257,9716.36,0.3264,3171.419904,9716.36,3171.419904,
2023-10-29 01:25:00+00:00,0.3254,0.3261,0.3254,0.3257,1673.48,0.32565,544.968762,1673.48,544.968762,
2023-10-29 01:30:00+00:00,0.326,0.3269,0.326,0.3269,2549.75,0.32645,832.3658875,2549.75,832.3658875,
2023-10-29 01:35:00+00:00,0.3272,0.3275,0.3272,0.3275,305.5,0.32735,100.005425,305.5,100.005425,
2023-10-29 01:40:00+00:00,0.3275,0.3278,0.3275,0.3278,1758.82,0.32765,576.277373,1758.82,576.277373,
2023-10-29 01:45:00+00:00,0.3272,0.3279,0.3275,0.3279,824.27,0.327625,270.05145875,824.27,270.05145875,
2023-10-29 01:50:00+00:00,0.3279,0.3281,0.3279,0.3279,2234.76,0.32795,732.889542,2234.76,732.889542,
2023-10-29 01:55:00+00:00,0.3277,0.3281,0.3278,0.3281,2654.05,0.327925,870.32934625,2654.05,870.32934625,
2023-10-29 02:00:00+00:00,0.3269,0.3281,0.3281,0.3272,457.65,0.327575,149.91469875,457.65,149.91469875,
2023-10-29 02:05:00+00:00,0.3274,0.3281,0.3274,0.3281,2689.79,0.32775,881.5786725,2689.79,881.5786725,
2023-10-29 02:10:00+00:00,0.3277,0.3282,0.3281,0.3277,5619.45,0.327925,1842.75814125,5619.45,1842.75814125,
2023-10-29 02:15:00+00:00,0.3276,0.328,0.328,0.3277,5432.99,0.327825,1781.06994675,5432.99,1781.06994675,
2023-10-29 02:20:00+00:00,0.3277,0.3282,0.3277,0.3282,3764.1,0.32795,1234.436595,3764.1,1234.436595,
2023-10-29 02:25:00+00:00,0.3284,0.3284,0.3284,0.3284,1371.13,0.3284,450.279092,1371.13,450.279092,
2023-10-29 02:30:00+00:00,0.3278,0.3281,0.3281,0.3278,152.47,0.32795,50.0025365,152.47,50.0025365,
2023-10-29 02:35:00+00:00,0.3272,0.3279,0.3279,0.3275,3019.97,0.327625,989.41767125,3019.97,989.41767125,
2023-10-29 02:40:00+00:00,0.3277,0.3281,0.3278,0.3281,2179.24,0.327925,714.627277,2179.24,714.627277,
2023-10-29 02:45:00+00:00,0.3281,0.3285,0.3282,0.3281,567.26,0.328225,186.1889135,567.26,186.1889135,
2023-10-29 02:50:00+00:00,0.3281,0.3284,0.3284,0.3281,80.36,0.32825,26.37817,80.36,26.37817,
2023-10-29 02:55:00+00:00,0.3283,0.3289,0.3283,0.3288,5837.09,0.328575,1917.92184675,5837.09,1917.92184675,
2023-10-29 03:00:00+00:00,0.3281,0.3289,0.3289,0.3281,1194.04,0.3285,392.24214,1194.04,392.24214,
2023-10-29 03:05:00+00:00,0.3278,0.3281,0.3278,0.3281,1806.39,0.32795,592.4056005,1806.39,592.4056005,
2023-10-29 03:10:00+00:00,0.3281,0.3284,0.3281,0.3284,608.5,0.32825,199.740125,608.5,199.740125,
2023-10-29 03:15:00+00:00,0.3281,0.3287,0.3281,0.3287,1874.45,0.3284,615.56938,1874.45,615.56938,
2023-10-29 03:20:00+00:00,0.3284,0.3286,0.3286,0.3284,1902.42,0.3285,624.94497,1902.42,624.94497,
2023-10-29 03:25:00+00:00,0.3285,0.3287,0.3285,0.3287,2493.56,0.3286,819.383816,2493.56,819.383816,
2023-10-29 03:30:00+00:00,0.3284,0.3287,0.3284,0.3286,1741.79,0.328525,572.22155975,1741.79,572.22155975,
2023-10-29 03:35:00+00:00,0.3284,0.3287,0.3284,0.3286,1741.79,0.328525,572.22155975,1741.79,572.22155975,
2023-10-29 03:40:00+00:00,0.3278,0.3286,0.3286,0.3278,38697.48,0.3282,12700.512936,38697.48,12700.512936,
2023-10-29 03:45:00+00:00,0.3281,0.3284,0.3281,0.3281,1455.62,0.328175,477.6980935,1455.62,477.6980935,
2023-10-29 03:50:00+00:00,0.3271,0.3281,0.3281,0.3272,5598.11,0.327625,1834.08078875,5598.11,1834.08078875,
2023-10-29 03:55:00+00:00,0.3273,0.3278,0.3273,0.3275,2397.66,0.327475,785.1737085,2397.66,785.1737085,
2023-10-29 04:00:00+00:00,0.3272,0.3275,0.3275,0.3275,155.8,0.327425,51.012815,155.8,51.012815,
2023-10-29 04:05:00+00:00,0.3278,0.3285,0.3278,0.3285,5456.03,0.32815,1790.3962445,5456.03,1790.3962445,
2023-10-29 04:10:00+00:00,0.3284,0.329,0.3284,0.329,152.12,0.3287,50.001844,152.12,50.001844,
2023-10-29 04:15:00+00:00,0.3293,0.3296,0.3293,0.3296,674.14,0.32945,222.095423,674.14,222.095423,
2023-10-29 04:20:00+00:00,0.3298,0.3306,0.3298,0.3306,5094.46,0.3302,1682.190692,5094.46,1682.190692,
2023-10-29 04:25:00+00:00,0.3302,0.3308,0.3306,0.3302,2723.25,0.33045,899.8979625,2723.25,899.8979625,
2023-10-29 04:30:00+00:00,0.3302,0.3308,0.3306,0.3302,2723.25,0.33045,899.8979625,2723.25,899.8979625,
2023-10-29 04:35:00+00:00,0.3302,0.3308,0.3306,0.3302,2723.25,0.33045,899.8979625,2723.25,899.8979625,
2023-10-29 04:40:00+00:00,0.3302,0.3308,0.3306,0.3302,2723.25,0.33045,899.8979625,2723.25,899.8979625,
2023-10-29 04:45:00+00:00,0.33,0.3305,0.3305,0.33,1021.02,0.33025,337.191855,1021.02,337.191855,
2023-10-29 04:50:00+00:00,0.33,0.3305,0.3305,0.33,1021.02,0.33025,337.191855,1021.02,337.191855,
2023-10-29 04:55:00+00:00,0.3296,0.3299,0.3299,0.3299,767.08,0.329825,253.002161,767.08,253.002161,
2023-10-29 05:00:00+00:00,0.3295,0.3296,0.3296,0.3295,2113.53,0.32955,696.5138115,2113.53,696.5138115,
2023-10-29 05:05:00+00:00,0.3295,0.3296,0.3296,0.3295,2113.53,0.32955,696.5138115,2113.53,696.5138115,
2023-10-29 05:10:00+00:00,0.3296,0.3299,0.3296,0.3298,1222.57,0.329725,403.11189325,1222.57,403.11189325,
2023-10-29 05:15:00+00:00,0.3293,0.3297,0.3297,0.3293,453.09,0.3295,149.293155,453.09,149.293155,
2023-10-29 05:20:00+00:00,0.3287,0.329,0.329,0.3287,2960.36,0.32885,973.514386,2960.36,973.514386,
2023-10-29 05:25:00+00:00,0.3287,0.329,0.3287,0.329,2505.57,0.32885,823.9566945,2505.57,823.9566945,
2023-10-29 05:30:00+00:00,0.3287,0.329,0.3287,0.329,1967.38,0.32885,646.972913,1967.38,646.972913,
2023-10-29 05:35:00+00:00,0.3281,0.3284,0.3284,0.3284,1781.75,0.328325,584.99306875,1781.75,584.99306875,
2023-10-29 05:40:00+00:00,0.3287,0.3287,0.3287,0.3287,251.06,0.3287,82.523422,251.06,82.523422,
2023-10-29 05:45:00+00:00,0.3287,0.3287,0.3287,0.3287,251.06,0.3287,82.523422,251.06,82.523422,
2023-10-29 05:50:00+00:00,0.3286,0.3287,0.3286,0.3287,5005.38,0.32865,1645.018137,5005.38,1645.018137,
2023-10-29 05:55:00+00:00,0.3285,0.329,0.329,0.3285,1269.85,0.32875,417.4631875,1269.85,417.4631875,
2023-10-29 06:00:00+00:00,0.3284,0.3286,0.3284,0.3286,808.57,0.3285,265.615245,808.57,265.615245,
2023-10-29 06:05:00+00:00,0.3284,0.3292,0.3284,0.3289,5532.73,0.328725,1818.74666925,5532.73,1818.74666925,
2023-10-29 06:10:00+00:00,0.329,0.3296,0.3291,0.3296,4131.26,0.329325,1360.5271995,4131.26,1360.5271995,
2023-10-29 06:15:00+00:00,0.329,0.3296,0.3291,0.3296,4131.26,0.329325,1360.5271995,4131.26,1360.5271995,
2023-10-29 06:20:00+00:00,0.329,0.3296,0.3291,0.3296,4131.26,0.329325,1360.5271995,4131.26,1360.5271995,
2023-10-29 06:25:00+00:00,0.3296,0.3298,0.3298,0.3296,1784.71,0.3297,588.418887,1784.71,588.418887,
2023-10-29 06:30:00+00:00,0.3299,0.3299,0.3299,0.3299,223.05,0.3299,73.584195,223.05,73.584195,
2023-10-29 06:35:00+00:00,0.3301,0.3305,0.3301,0.3305,2033.61,0.3303,671.701383,2033.61,671.701383,
2023-10-29 06:40:00+00:00,0.3301,0.3305,0.3301,0.3305,2033.61,0.3303,671.701383,2033.61,671.701383,
2023-10-29 06:45:00+00:00,0.3302,0.3308,0.3308,0.3302,3126.34,0.3305,1033.25537,3126.34,1033.25537,
2023-10-29 06:50:00+00:00,0.33,0.3305,0.33,0.3305,161.52,0.33025,53.34198,161.52,53.34198,
2023-10-29 06:55:00+00:00,0.33,0.3305,0.33,0.3305,161.52,0.33025,53.34198,161.52,53.34198,
2023-10-29 07:00:00+00:00,0.3302,0.3308,0.3308,0.3302,381.97,0.3305,126.241085,381.97,126.241085,
2023-10-29 07:05:00+00:00,0.3298,0.3302,0.3301,0.3298,867.44,0.329975,286.233514,867.44,286.233514,
2023-10-29 07:10:00+00:00,0.3294,0.3299,0.3296,0.3299,185.0,0.3297,60.9945,185.0,60.9945,
2023-10-29 07:15:00+00:00,0.3294,0.3299,0.3296,0.3299,185.0,0.3297,60.9945,185.0,60.9945,
2023-10-29 07:20:00+00:00,0.3298,0.3302,0.3298,0.33,315.43,0.32995,104.0761285,315.43,104.0761285,
2023-10-29 07:25:00+00:00,0.3299,0.3306,0.3299,0.3306,4726.48,0.33025,1560.92002,4726.48,1560.92002,
2023-10-29 07:30:00+00:00,0.3303,0.3304,0.3304,0.3303,548.92,0.33035,181.335722,548.92,181.335722,
2023-10-29 07:35:00+00:00,0.3301,0.3304,0.3302,0.3304,757.02,0.330275,250.0247805,757.02,250.0247805,
2023-10-29 07:40:00+00:00,0.3305,0.3307,0.3305,0.3306,1207.04,0.330575,399.017248,1207.04,399.017248,
2023-10-29 07:45:00+00:00,0.3308,0.3312,0.3308,0.3312,847.66,0.331,280.57546,847.66,280.57546,
2023-10-29 07:50:00+00:00,0.331,0.3315,0.331,0.3311,916.52,0.33115,303.505598,916.52,303.505598,
2023-10-29 07:55:00+00:00,0.3306,0.3308,0.3308,0.3306,831.16,0.3307,274.864612,831.16,274.864612,
2023-10-29 08:00:00+00:00,0.3311,0.332,0.3311,0.332,1457.07,0.33155,483.0915585,1457.07,483.0915585,
2023-10-29 08:05:00+00:00,0.3323,0.3324,0.3323,0.3324,4611.61,0.33235,1532.6685835,4611.61,1532.6685835,
2023-10-29 08:10:00+00:00,0.3323,0.3324,0.3323,0.3324,4611.61,0.33235,1532.6685835,4611.61,1532.6685835,
2023-10-29 08:15:00+00:00,0.3326,0.333,0.3326,0.333,401.02,0.3328,133.459456,401.02,133.459456,
2023-10-29 08:20:00+00:00,0.332,0.3326,0.3326,0.3323,1174.6,0.332375,390.407675,1174.6,390.407675,
2023-10-29 08:25:00+00:00,0.332,0.3324,0.3322,0.3323,1815.84,0.332225,603.267444,1815.84,603.267444,
2023-10-29 08:30:00+00:00,0.332,0.3324,0.3322,0.3323,1815.84,0.332225,603.267444,1815.84,603.267444,
2023-10-29 08:35:00+00:00,0.332,0.3324,0.3322,0.3323,1815.84,0.332225,603.267444,1815.84,603.267444,
2023-10-29 08:40:00+00:00,0.3323,0.3327,0.3323,0.3327,1593.81,0.3325,529.941825,1593.81,529.941825,
2023-10-29 08:45:00+00:00,0.3322,0.333,0.3329,0.3322,1407.12,0.332575,467.972934,1407.12,467.972934,
2023-10-29 08:50:00+00:00,0.332,0.3329,0.332,0.3329,1769.2,0.33245,588.17054,1769.2,588.17054,
2023-10-29 08:55:00+00:00,0.332,0.3329,0.332,0.3329,1769.2,0.33245,588.17054,1769.2,588.17054,
2023-10-29 09:00:00+00:00,0.3323,0.3333,0.3332,0.3323,5195.57,0.332775,1728.95580675,5195.57,1728.95580675,
2023-10-29 09:05:00+00:00,0.3326,0.3327,0.3326,0.3327,793.9,0.33265,264.090835,793.9,264.090835,
2023-10-29 09:10:00+00:00,0.3321,0.3325,0.3325,0.3321,2969.83,0.3323,986.874509,2969.83,986.874509,
2023-10-29 09:15:00+00:00,0.3317,0.332,0.332,0.332,813.64,0.331925,270.067457,813.64,270.067457,
2023-10-29 09:20:00+00:00,0.332,0.3326,0.3323,0.3326,1133.86,0.332375,376.8667175,1133.86,376.8667175,
2023-10-29 09:25:00+00:00,0.3323,0.3329,0.3324,0.3329,556.89,0.332625,185.23553625,556.89,185.23553625,
2023-10-29 09:30:00+00:00,0.3323,0.3329,0.3324,0.3329,556.89,0.332625,185.23553625,556.89,185.23553625,
2023-10-29 09:35:00+00:00,0.3325,0.333,0.333,0.3325,897.71,0.33275,298.7130025,897.71,298.7130025,
2023-10-29 09:40:00+00:00,0.3319,0.3323,0.3323,0.332,34129.7,0.332125,11335.3266125,34129.7,11335.3266125,
2023-10-29 09:45:00+00:00,0.3319,0.3323,0.3323,0.332,34129.7,0.332125,11335.3266125,34129.7,11335.3266125,
2023-10-29 09:50:00+00:00,0.332,0.3324,0.3323,0.332,1528.34,0.332175,507.6763395,1528.34,507.6763395,
2023-10-29 09:55:00+00:00,0.3317,0.3322,0.3317,0.332,30141.71,0.3319,10004.033549,30141.71,10004.033549,
2023-10-29 10:00:00+00:00,0.3311,0.3318,0.3318,0.3312,4228.15,0.331475,1401.52602125,4228.15,1401.52602125,
2023-10-29 10:05:00+00:00,0.3305,0.331,0.331,0.3308,746.51,0.330825,246.96417075,746.51,246.96417075,
2023-10-29 10:10:00+00:00,0.3305,0.3308,0.3306,0.3305,2297.91,0.3306,759.689046,2297.91,759.689046,
2023-10-29 10:15:00+00:00,0.3302,0.3305,0.3305,0.3302,1136.63,0.33035,375.4857205,1136.63,375.4857205,
2023-10-29 10:20:00+00:00,0.3302,0.3305,0.3303,0.3302,2417.87,0.3303,798.622461,2417.87,798.622461,
2023-10-29 10:25:00+00:00,0.3302,0.3305,0.3303,0.3302,2417.87,0.3303,798.622461,2417.87,798.622461,
2023-10-29 10:30:00+00:00,0.3303,0.3304,0.3304,0.3303,1871.17,0.33035,618.1410095,1871.17,618.1410095,
2023-10-29 10:35:00+00:00,0.3301,0.3305,0.3304,0.3301,1303.07,0.330275,430.37144425,1303.07,430.37144425,
2023-10-29 10:40:00+00:00,0.3303,0.3304,0.3304,0.3303,169.06,0.33035,55.848971,169.06,55.848971,
2023-10-29 10:45:00+00:00,0.3302,0.3305,0.3302,0.3305,457.78,0.33035,151.227623,457.78,151.227623,
2023-10-29 10:50:00+00:00,0.3302,0.3305,0.3302,0.3305,457.78,0.33035,151.227623,457.78,151.227623,
2023-10-29 10:55:00+00:00,0.3302,0.3305,0.3302,0.3305,457.78,0.33035,151.227623,457.78,151.227623,
2023-10-29 11:00:00+00:00,0.3303,0.3311,0.3303,0.3311,1646.24,0.3307,544.411568,1646.24,544.411568,
2023-10-29 11:05:00+00:00,0.3303,0.3311,0.3303,0.3311,1646.24,0.3307,544.411568,1646.24,544.411568,
2023-10-29 11:10:00+00:00,0.3312,0.3317,0.3312,0.3317,1561.95,0.33145,517.7083275,1561.95,517.7083275,
2023-10-29 11:15:00+00:00,0.332,0.3323,0.332,0.332,1216.28,0.332075,403.896181,1216.28,403.896181,
2023-10-29 11:20:00+00:00,0.3317,0.3319,0.3319,0.3318,681.17,0.331825,226.02923525,681.17,226.02923525,
2023-10-29 11:25:00+00:00,0.3317,0.332,0.3318,0.3317,358.24,0.3318,118.864032,358.24,118.864032,
2023-10-29 11:30:00+00:00,0.3317,0.332,0.3318,0.3317,358.24,0.3318,118.864032,358.24,118.864032,
2023-10-29 11:35:00+00:00,0.3317,0.332,0.3318,0.3317,358.24,0.3318,118.864032,358.24,118.864032,
2023-10-29 11:40:00+00:00,0.3314,0.3315,0.3315,0.3314,527.79,0.33145,174.9359955,527.79,174.9359955,
2023-10-29 11:45:00+00:00,0.3314,0.3315,0.3314,0.3315,631.95,0.33145,209.4598275,631.95,209.4598275,
2023-10-29 11:50:00+00:00,0.3314,0.3319,0.3317,0.3315,1422.72,0.331625,471.80952,1422.72,471.80952,
2023-10-29 11:55:00+00:00,0.3314,0.3314,0.3314,0.3314,527.49,0.3314,174.810186,527.49,174.810186,
2023-10-29 12:00:00+00:00,0.3317,0.3319,0.3317,0.3319,1263.25,0.3318,419.14635,1263.25,419.14635,
2023-10-29 12:05:00+00:00,0.3319,0.3323,0.332,0.3319,12756.41,0.332025,4235.44703025,12756.41,4235.44703025,
2023-10-29 12:10:00+00:00,0.3305,0.3318,0.3318,0.3314,7175.64,0.331375,2377.827705,7175.64,2377.827705,
2023-10-29 12:15:00+00:00,0.3305,0.3318,0.3318,0.3314,7175.64,0.331375,2377.827705,7175.64,2377.827705,
2023-10-29 12:20:00+00:00,0.3312,0.3318,0.3315,0.3318,1438.8,0.331575,477.07011,1438.8,477.07011,
2023-10-29 12:25:00+00:00,0.3319,0.332,0.3319,0.332,129.76,0.33195,43.073832,129.76,43.073832,
2023-10-29 12:30:00+00:00,0.3321,0.3326,0.3321,0.3326,18657.03,0.33235,6200.6639205,18657.03,6200.6639205,
2023-10-29 12:35:00+00:00,0.3325,0.3327,0.3326,0.3325,6784.15,0.332575,2256.23868625,6784.15,2256.23868625,
2023-10-29 12:40:00+00:00,0.3325,0.3329,0.3328,0.3329,1757.77,0.332775,584.94191175,1757.77,584.94191175,
2023-10-29 12:45:00+00:00,0.333,0.3339,0.333,0.3339,6841.57,0.33345,2281.3215165,6841.57,2281.3215165,
2023-10-29 12:50:00+00:00,0.3338,0.3343,0.334,0.3343,1241.68,0.3341,414.845288,1241.68,414.845288,
2023-10-29 12:55:00+00:00,0.3344,0.3356,0.3344,0.3356,1984.88,0.335,664.9348,1984.88,664.9348,
2023-10-29 13:00:00+00:00,0.3354,0.3361,0.3354,0.3361,12459.64,0.33575,4183.32413,12459.64,4183.32413,
2023-10-29 13:05:00+00:00,0.3362,0.3386,0.3362,0.3377,7837.7,0.337175,2642.6764975,7837.7,2642.6764975,
2023-10-29 13:10:00+00:00,0.3357,0.338,0.338,0.3371,21033.44,0.3372,7092.475968,21033.44,7092.475968,
2023-10-29 13:15:00+00:00,0.3362,0.339,0.3368,0.3387,2893.18,0.337675,976.9545565,2893.18,976.9545565,
2023-10-29 13:20:00+00:00,0.3381,0.3395,0.3387,0.3395,8578.88,0.33895,2907.811376,8578.88,2907.811376,
2023-10-29 13:25:00+00:00,0.3395,0.3403,0.3398,0.3397,4583.05,0.339825,1557.43496625,4583.05,1557.43496625,
2023-10-29 13:30:00+00:00,0.3392,0.3425,0.3395,0.3425,9534.25,0.340925,3250.46418125,9534.25,3250.46418125,
2023-10-29 13:35:00+00:00,0.3413,0.345,0.3427,0.345,7891.21,0.3435,2710.630635,7891.21,2710.630635,
2023-10-29 13:40:00+00:00,0.3441,0.3488,0.3449,0.3449,37450.67,0.345675,12945.76035225,37450.67,12945.76035225,
2023-10-29 13:45:00+00:00,0.3437,0.3479,0.3451,0.3479,13419.32,0.34615,4645.097618,13419.32,4645.097618,
2023-10-29 13:50:00+00:00,0.3449,0.3482,0.3474,0.3455,10765.0,0.3465,3730.0725,10765.0,3730.0725,
2023-10-29 13:55:00+00:00,0.3451,0.3482,0.3454,0.3475,25797.56,0.34655,8940.144418,25797.56,8940.144418,
2023-10-29 14:00:00+00:00,0.3475,0.351,0.3475,0.3508,134481.94,0.3492,46961.093448,134481.94,46961.093448,
2023-10-29 14:05:00+00:00,0.3485,0.3506,0.3503,0.3497,15724.05,0.349775,5499.87958875,15724.05,5499.87958875,
2023-10-29 14:10:00+00:00,0.3474,0.3516,0.3499,0.3477,49747.01,0.34915,17369.1685415,49747.01,17369.1685415,
2023-10-29 14:15:00+00:00,0.348,0.3545,0.3484,0.3533,55084.43,0.35105,19337.3891515,55084.43,19337.3891515,
2023-10-29 14:20:00+00:00,0.3531,0.3575,0.3535,0.3534,27655.55,0.354375,9800.43553125,27655.55,9800.43553125,
2023-10-29 14:25:00+00:00,0.3523,0.3567,0.3531,0.3557,10862.3,0.35445,3850.142235,10862.3,3850.142235,
2023-10-29 14:30:00+00:00,0.3535,0.3561,0.3561,0.3537,11752.7,0.35485,4170.445595,11752.7,4170.445595,
2023-10-29 14:35:00+00:00,0.3527,0.354,0.3531,0.3527,3163.33,0.353125,1117.05090625,3163.33,1117.05090625,
2023-10-29 14:40:00+00:00,0.3529,0.3552,0.3531,0.3549,8740.36,0.354025,3094.305949,8740.36,3094.305949,
2023-10-29 14:45:00+00:00,0.3529,0.3558,0.3546,0.3539,17624.68,0.3543,6244.424124,17624.68,6244.424124,
2023-10-29 14:50:00+00:00,0.3536,0.3574,0.3541,0.3558,14863.79,0.355225,5279.98980275,14863.79,5279.98980275,
2023-10-29 14:55:00+00:00,0.3535,0.3558,0.3557,0.3558,38484.07,0.3552,13669.541664,38484.07,13669.541664,
2023-10-29 15:00:00+00:00,0.3541,0.358,0.3561,0.3546,18946.86,0.3557,6739.398102,18946.86,6739.398102,
2023-10-29 15:05:00+00:00,0.3529,0.3549,0.3549,0.3533,57751.96,0.354,20444.19384,57751.96,20444.19384,
2023-10-29 15:10:00+00:00,0.3519,0.3548,0.3539,0.3543,18559.68,0.353725,6565.022808,18559.68,6565.022808,
2023-10-29 15:15:00+00:00,0.3546,0.3558,0.3547,0.3549,30752.52,0.355,10917.1446,30752.52,10917.1446,
2023-10-29 15:20:00+00:00,0.3537,0.3557,0.3552,0.3552,60267.53,0.35495,21391.9597735,60267.53,21391.9597735,
2023-10-29 15:25:00+00:00,0.3548,0.3566,0.3555,0.3564,11219.96,0.355825,3992.342267,11219.96,3992.342267,
2023-10-29 15:30:00+00:00,0.3539,0.3561,0.3561,0.3544,3796.89,0.355125,1348.37056125,3796.89,1348.37056125,
2023-10-29 15:35:00+00:00,0.3518,0.3545,0.3544,0.3523,7844.62,0.35325,2771.112015,7844.62,2771.112015,
2023-10-29 15:40:00+00:00,0.3523,0.3531,0.3527,0.3523,13012.02,0.3526,4588.038252,13012.02,4588.038252,
2023-10-29 15:45:00+00:00,0.352,0.3537,0.3523,0.3531,39092.05,0.352775,13790.69793875,39092.05,13790.69793875,
2023-10-29 15:50:00+00:00,0.3523,0.3535,0.353,0.3535,3507.47,0.353075,1238.39997025,3507.47,1238.39997025,
2023-10-29 15:55:00+00:00,0.353,0.3539,0.3534,0.3531,12807.32,0.35335,4525.466522,12807.32,4525.466522,
2023-10-29 16:00:00+00:00,0.3523,0.3535,0.3527,0.3527,5244.15,0.3528,1850.13612,5244.15,1850.13612,
2023-10-29 16:05:00+00:00,0.3525,0.355,0.3531,0.355,9750.71,0.3539,3450.776269,9750.71,3450.776269,
2023-10-29 16:10:00+00:00,0.3543,0.3558,0.3546,0.3549,2755.33,0.3549,977.866617,2755.33,977.866617,
2023-10-29 16:15:00+00:00,0.3545,0.3564,0.3545,0.355,9931.56,0.3551,3526.696956,9931.56,3526.696956,
2023-10-29 16:20:00+00:00,0.3528,0.3549,0.3549,0.3533,7144.49,0.353975,2528.97084775,7144.49,2528.97084775,
2023-10-29 16:25:00+00:00,0.3523,0.3532,0.3531,0.3528,7460.01,0.35285,2632.2645285,7460.01,2632.2645285,
2023-10-29 16:30:00+00:00,0.353,0.3539,0.3531,0.3534,6793.63,0.35335,2400.5291605,6793.63,2400.5291605,
2023-10-29 16:35:00+00:00,0.3526,0.3538,0.3535,0.3531,4342.81,0.35325,1534.0976325,4342.81,1534.0976325,
2023-10-29 16:40:00+00:00,0.3526,0.3536,0.3531,0.3527,10932.64,0.353,3859.22192,10932.64,3859.22192,
2023-10-29 16:45:00+00:00,0.3524,0.3532,0.3526,0.3527,3439.31,0.352725,1213.13061975,3439.31,1213.13061975,
2023-10-29 16:50:00+00:00,0.3523,0.3531,0.3528,0.3529,6937.53,0.352775,2447.38714575,6937.53,2447.38714575,
2023-10-29 16:55:00+00:00,0.3527,0.3553,0.3527,0.3552,57308.28,0.353975,20285.698413,57308.28,20285.698413,
2023-10-29 17:00:00+00:00,0.3531,0.3549,0.3549,0.3531,15551.18,0.354,5505.11772,15551.18,5505.11772,
2023-10-29 17:05:00+00:00,0.3532,0.3546,0.3532,0.3546,5724.73,0.3539,2025.981947,5724.73,2025.981947,
2023-10-29 17:10:00+00:00,0.3534,0.355,0.3546,0.3542,24031.03,0.3543,8514.193929,24031.03,8514.193929,
2023-10-29 17:15:00+00:00,0.3537,0.3563,0.354,0.3563,11399.32,0.355075,4047.613549,11399.32,4047.613549,
2023-10-29 17:20:00+00:00,0.3561,0.3581,0.3561,0.358,13542.2,0.357075,4835.581065,13542.2,4835.581065,
2023-10-29 17:25:00+00:00,0.3578,0.3597,0.358,0.3587,30183.69,0.35855,10822.3620495,30183.69,10822.3620495,
2023-10-29 17:30:00+00:00,0.3585,0.3597,0.359,0.3587,11581.26,0.358975,4157.3828085,11581.26,4157.3828085,
2023-10-29 17:35:00+00:00,0.3577,0.3603,0.3589,0.3577,13326.55,0.35865,4779.5671575,13326.55,4779.5671575,
2023-10-29 17:40:00+00:00,0.3577,0.3587,0.3582,0.3578,11763.3,0.3581,4212.43773,11763.3,4212.43773,
2023-10-29 17:45:00+00:00,0.357,0.3608,0.3579,0.3608,58707.51,0.359125,21083.33452875,58707.51,21083.33452875,
2023-10-29 17:50:00+00:00,0.3602,0.3617,0.3602,0.3614,53079.02,0.360875,19154.8913425,53079.02,19154.8913425,
2023-10-29 17:55:00+00:00,0.3602,0.3624,0.361,0.3618,12809.21,0.36135,4628.6080335,12809.21,4628.6080335,
2023-10-29 18:00:00+00:00,0.3611,0.3625,0.3618,0.362,16703.8,0.36185,6044.27003,16703.8,6044.27003,
2023-10-29 18:05:00+00:00,0.3606,0.3628,0.362,0.3619,19822.54,0.361825,7172.2905355,19822.54,7172.2905355,
2023-10-29 18:10:00+00:00,0.3612,0.3633,0.3617,0.3631,18260.64,0.362325,6616.286388,18260.64,6616.286388,
2023-10-29 18:15:00+00:00,0.3624,0.3642,0.3629,0.3625,59747.13,0.363,21688.20819,59747.13,21688.20819,
2023-10-29 18:20:00+00:00,0.3624,0.3654,0.3624,0.3652,16967.77,0.36385,6173.7231145,16967.77,6173.7231145,
2023-10-29 18:25:00+00:00,0.3639,0.367,0.3655,0.3669,30982.45,0.365825,11334.15477125,30982.45,11334.15477125,
2023-10-29 18:30:00+00:00,0.3657,0.3685,0.3669,0.3674,31378.48,0.367125,11519.82447,31378.48,11519.82447,
2023-10-29 18:35:00+00:00,0.3673,0.369,0.3677,0.3686,46987.33,0.36815,17298.3855395,46987.33,17298.3855395,
2023-10-29 18:40:00+00:00,0.3642,0.3685,0.3685,0.3646,28723.64,0.36645,10525.777878,28723.64,10525.777878,
2023-10-29 18:45:00+00:00,0.3645,0.3688,0.3645,0.3682,15267.54,0.3665,5595.55341,15267.54,5595.55341,
2023-10-29 18:50:00+00:00,0.365,0.3682,0.3678,0.365,11386.25,0.3665,4173.060625,11386.25,4173.060625,
2023-10-29 18:55:00+00:00,0.3647,0.3659,0.3652,0.3654,13431.88,0.3653,4906.665764,13431.88,4906.665764,
2023-10-29 19:00:00+00:00,0.3646,0.3666,0.3652,0.365,13772.6,0.36535,5031.81941,13772.6,5031.81941,
2023-10-29 19:05:00+00:00,0.363,0.3656,0.3651,0.363,19932.08,0.364175,7258.765234,19932.08,7258.765234,
2023-10-29 19:10:00+00:00,0.3628,0.3646,0.3628,0.3646,7792.09,0.3637,2833.983133,7792.09,2833.983133,
2023-10-29 19:15:00+00:00,0.363,0.3649,0.3649,0.3634,35084.76,0.36405,12772.606878,35084.76,12772.606878,
2023-10-29 19:20:00+00:00,0.3617,0.3633,0.3633,0.3617,7782.25,0.3625,2821.065625,7782.25,2821.065625,
2023-10-29 19:25:00+00:00,0.3614,0.362,0.3617,0.3617,18560.63,0.3617,6713.379871,18560.63,6713.379871,
2023-10-29 19:30:00+00:00,0.3619,0.3633,0.3619,0.363,8175.1,0.362525,2963.6781275,8175.1,2963.6781275,
2023-10-29 19:35:00+00:00,0.363,0.3636,0.3633,0.3636,3768.38,0.363375,1369.3350825,3768.38,1369.3350825,
2023-10-29 19:40:00+00:00,0.3636,0.3646,0.3636,0.3639,2566.66,0.363925,934.0717405,2566.66,934.0717405,
2023-10-29 19:45:00+00:00,0.3636,0.3643,0.3641,0.3636,749.36,0.3639,272.692104,749.36,272.692104,
2023-10-29 19:50:00+00:00,0.363,0.3642,0.3633,0.3642,5608.74,0.363675,2039.7585195,5608.74,2039.7585195,
2023-10-29 19:55:00+00:00,0.3642,0.3651,0.3642,0.3649,13239.44,0.3646,4827.099824,13239.44,4827.099824,
2023-10-29 20:00:00+00:00,0.365,0.3656,0.3654,0.365,1762.89,0.36525,643.8955725,1762.89,643.8955725,
2023-10-29 20:05:00+00:00,0.365,0.3666,0.365,0.3658,8253.7,0.3656,3017.55272,8253.7,3017.55272,
2023-10-29 20:10:00+00:00,0.3648,0.3658,0.3656,0.3654,55131.62,0.3654,20145.093948,55131.62,20145.093948,
2023-10-29 20:15:00+00:00,0.3641,0.3658,0.3654,0.3641,4754.29,0.36485,1734.6027065,4754.29,1734.6027065,
2023-10-29 20:20:00+00:00,0.3636,0.3647,0.3641,0.3638,19672.8,0.36405,7161.88284,19672.8,7161.88284,
2023-10-29 20:25:00+00:00,0.3617,0.3633,0.3633,0.3623,8719.43,0.36265,3162.1012895,8719.43,3162.1012895,
2023-10-29 20:30:00+00:00,0.3624,0.3652,0.3624,0.3652,5786.28,0.3638,2105.048664,5786.28,2105.048664,
2023-10-29 20:35:00+00:00,0.365,0.366,0.3654,0.3657,8183.68,0.365525,2991.339632,8183.68,2991.339632,
2023-10-29 20:40:00+00:00,0.366,0.3666,0.3662,0.3666,294.84,0.36635,108.014634,294.84,108.014634,
2023-10-29 20:45:00+00:00,0.3653,0.367,0.3667,0.3659,9533.15,0.366225,3491.27785875,9533.15,3491.27785875,
2023-10-29 20:50:00+00:00,0.365,0.3658,0.3658,0.3657,21049.77,0.365575,7695.26966775,21049.77,7695.26966775,
2023-10-29 20:55:00+00:00,0.3653,0.3662,0.3653,0.3658,1564.45,0.36565,572.0411425,1564.45,572.0411425,
2023-10-29 21:00:00+00:00,0.3654,0.3661,0.3657,0.366,14227.14,0.3658,5204.287812,14227.14,5204.287812,
2023-10-29 21:05:00+00:00,0.3658,0.3662,0.3661,0.3662,12205.12,0.366075,4467.989304,12205.12,4467.989304,
2023-10-29 21:10:00+00:00,0.3657,0.3663,0.3661,0.366,6799.47,0.366025,2488.77600675,6799.47,2488.77600675,
2023-10-29 21:15:00+00:00,0.3648,0.3656,0.3656,0.3648,6661.65,0.3652,2432.83458,6661.65,2432.83458,
2023-10-29 21:20:00+00:00,0.3646,0.3651,0.3647,0.3649,3370.36,0.364825,1229.591587,3370.36,1229.591587,
2023-10-29 21:25:00+00:00,0.3647,0.3653,0.365,0.365,4340.57,0.365,1584.30805,4340.57,1584.30805,
2023-10-29 21:30:00+00:00,0.3637,0.3658,0.3654,0.364,8268.83,0.364725,3015.84902175,8268.83,3015.84902175,
2023-10-29 21:35:00+00:00,0.3631,0.3641,0.3638,0.3631,9072.52,0.363525,3298.087833,9072.52,3298.087833,
2023-10-29 21:40:00+00:00,0.3626,0.3633,0.363,0.363,11340.18,0.362975,4116.2018355,11340.18,4116.2018355,
2023-10-29 21:45:00+00:00,0.3628,0.3631,0.3629,0.3631,2756.56,0.362975,1000.562366,2756.56,1000.562366,
2023-10-29 21:50:00+00:00,0.3626,0.363,0.363,0.3626,1502.42,0.3628,545.077976,1502.42,545.077976,
2023-10-29 21:55:00+00:00,0.3613,0.3631,0.3626,0.3613,31059.3,0.362075,11245.7960475,31059.3,11245.7960475,
2023-10-29 22:00:00+00:00,0.3616,0.363,0.3616,0.3625,10695.82,0.362175,3873.7586085,10695.82,3873.7586085,
2023-10-29 22:05:00+00:00,0.3629,0.3642,0.3629,0.3642,18743.22,0.36355,6814.097631,18743.22,6814.097631,
2023-10-29 22:10:00+00:00,0.3639,0.3642,0.3642,0.3642,4104.37,0.364125,1494.50372625,4104.37,1494.50372625,
2023-10-29 22:15:00+00:00,0.3637,0.3642,0.3641,0.3642,9601.26,0.36405,3495.338703,9601.26,3495.338703,
2023-10-29 22:20:00+00:00,0.3633,0.3645,0.3644,0.3635,11011.25,0.363925,4007.26915625,11011.25,4007.26915625,
2023-10-29 22:25:00+00:00,0.3634,0.3641,0.3635,0.3636,20403.52,0.36365,7419.740048,20403.52,7419.740048,
2023-10-29 22:30:00+00:00,0.3624,0.3634,0.3634,0.3627,1263.54,0.362975,458.6334315,1263.54,458.6334315,
2023-10-29 22:35:00+00:00,0.3626,0.363,0.3628,0.3626,2014.63,0.36275,730.8070325,2014.63,730.8070325,
2023-10-29 22:40:00+00:00,0.362,0.3628,0.3624,0.3625,7390.71,0.362425,2678.57807175,7390.71,2678.57807175,
2023-10-29 22:45:00+00:00,0.3622,0.3631,0.3624,0.3627,1772.24,0.3626,642.614224,1772.24,642.614224,
2023-10-29 22:50:00+00:00,0.3621,0.3624,0.3624,0.3621,1856.65,0.36225,672.5714625,1856.65,672.5714625,
2023-10-29 22:55:00+00:00,0.3616,0.3624,0.3622,0.362,48224.64,0.36205,17459.730912,48224.64,17459.730912,
2023-10-29 23:00:00+00:00,0.3614,0.3623,0.3623,0.3622,1598.04,0.36205,578.570382,1598.04,578.570382,
2023-10-29 23:05:00+00:00,0.3616,0.362,0.362,0.3618,2713.68,0.36185,981.945108,2713.68,981.945108,
2023-10-29 23:10:00+00:00,0.361,0.3615,0.3614,0.3611,4221.35,0.36125,1524.9626875,4221.35,1524.9626875,
2023-10-29 23:15:00+00:00,0.3614,0.363,0.3614,0.3629,28767.43,0.362175,10418.84396025,28767.43,10418.84396025,
2023-10-29 23:20:00+00:00,0.3604,0.3627,0.3627,0.3604,14686.81,0.36155,5310.0161555,14686.81,5310.0161555,
2023-10-29 23:25:00+00:00,0.3592,0.361,0.3607,0.3592,18652.48,0.360025,6715.359112,18652.48,6715.359112,
2023-10-29 23:30:00+00:00,0.359,0.3598,0.359,0.3595,5689.39,0.359325,2044.34006175,5689.39,2044.34006175,
2023-10-29 23:35:00+00:00,0.3584,0.3594,0.359,0.3586,13935.88,0.35885,5000.890538,13935.88,5000.890538,
2023-10-29 23:40:00+00:00,0.3582,0.3588,0.3586,0.3585,5807.1,0.358525,2081.9905275,5807.1,2081.9905275,
2023-10-29 23:45:00+00:00,0.3561,0.3582,0.3582,0.3567,14487.28,0.3573,5176.305144,14487.28,5176.305144,
2023-10-29 23:50:00+00:00,0.3566,0.3574,0.3567,0.3567,8816.2,0.35685,3146.06097,8816.2,3146.06097,
2023-10-29 23:55:00+00:00,0.3565,0.3572,0.357,0.3566,37218.92,0.356825,13280.641129,37218.92,13280.641129,
2023-10-30 00:00:00+00:00,0.3567,0.3576,0.3575,0.3568,77834.8,0.35715,27798.69882,77834.8,27798.69882,
2023-10-30 00:05:00+00:00,0.3561,0.3602,0.3568,0.3594,9874.74,0.358125,3536.3912625,9874.74,3536.3912625,
2023-10-30 00:10:00+00:00,0.3573,0.3592,0.359,0.3573,10556.73,0.3582,3781.420686,10556.73,3781.420686,
2023-10-30 00:15:00+00:00,0.3574,0.3589,0.3578,0.3589,27986.4,0.35825,10026.1278,27986.4,10026.1278,
2023-10-30 00:20:00+00:00,0.359,0.3633,0.359,0.3633,12594.97,0.36115,4548.6734155,12594.97,4548.6734155,
2023-10-30 00:25:00+00:00,0.3636,0.3662,0.3636,0.365,11241.04,0.3646,4098.483184,11241.04,4098.483184,
2023-10-30 00:30:00+00:00,0.361,0.3654,0.3653,0.361,16476.73,0.363175,5983.93641775,16476.73,5983.93641775,
2023-10-30 00:35:00+00:00,0.358,0.3608,0.3607,0.3585,10492.64,0.3595,3772.10408,10492.64,3772.10408,
2023-10-30 00:40:00+00:00,0.3584,0.3624,0.3591,0.362,24901.79,0.360475,8976.47275025,24901.79,8976.47275025,
2023-10-30 00:45:00+00:00,0.3613,0.3636,0.3617,0.3636,10924.9,0.36255,3960.822495,10924.9,3960.822495,
2023-10-30 00:50:00+00:00,0.362,0.3643,0.3639,0.362,6714.45,0.36305,2437.6810725,6714.45,2437.6810725,
2023-10-30 00:55:00+00:00,0.3616,0.3627,0.3622,0.3621,21163.31,0.36215,7664.2927165,21163.31,7664.2927165,
2023-10-30 01:00:00+00:00,0.3614,0.3646,0.362,0.3642,9793.67,0.36305,3555.5918935,9793.67,3555.5918935,
2023-10-30 01:05:00+00:00,0.3639,0.3646,0.3642,0.3639,14882.78,0.36415,5419.564337,14882.78,5419.564337,
2023-10-30 01:10:00+00:00,0.3636,0.3642,0.3642,0.3639,1307.34,0.363975,475.8390765,1307.34,475.8390765,
2023-10-30 01:15:00+00:00,0.3635,0.3649,0.3639,0.3638,5108.05,0.364025,1859.45790125,5108.05,1859.45790125,
2023-10-30 01:20:00+00:00,0.3625,0.3636,0.3636,0.3633,26638.36,0.36325,9676.38427,26638.36,9676.38427,
2023-10-30 01:25:00+00:00,0.3624,0.3636,0.3636,0.3624,1715.26,0.363,622.63938,1715.26,622.63938,
2023-10-30 01:30:00+00:00,0.3617,0.3626,0.362,0.3626,4719.33,0.362225,1709.45930925,4719.33,1709.45930925,
2023-10-30 01:35:00+00:00,0.362,0.3641,0.3627,0.3641,6048.09,0.363225,2196.81749025,6048.09,2196.81749025,
2023-10-30 01:40:00+00:00,0.3628,0.3642,0.3637,0.3633,8490.51,0.3635,3086.300385,8490.51,3086.300385,
2023-10-30 01:45:00+00:00,0.3624,0.3639,0.3636,0.3627,17426.3,0.36315,6328.360845,17426.3,6328.360845,
2023-10-30 01:50:00+00:00,0.3614,0.3628,0.3628,0.3622,17794.9,0.3623,6447.09227,17794.9,6447.09227,
2023-10-30 01:55:00+00:00,0.3627,0.3633,0.3627,0.3628,60773.91,0.362875,22053.33259125,60773.91,22053.33259125,
2023-10-30 02:00:00+00:00,0.36,0.3629,0.3624,0.3624,35953.96,0.361925,13012.636973,35953.96,13012.636973,
2023-10-30 02:05:00+00:00,0.3624,0.3642,0.3624,0.3639,22620.79,0.363225,8216.43644775,22620.79,8216.43644775,
2023-10-30 02:10:00+00:00,0.3633,0.364,0.3636,0.3633,3394.75,0.36355,1234.1613625,3394.75,1234.1613625,
2023-10-30 02:15:00+00:00,0.3614,0.363,0.363,0.3614,1246.02,0.3622,451.308444,1246.02,451.308444,
2023-10-30 02:20:00+00:00,0.3609,0.3617,0.3611,0.3613,6081.46,0.36125,2196.927425,6081.46,2196.927425,
2023-10-30 02:25:00+00:00,0.3605,0.3616,0.3616,0.3605,5311.98,0.36105,1917.890379,5311.98,1917.890379,
2023-10-30 02:30:00+00:00,0.3595,0.3606,0.3605,0.3602,6250.88,0.3602,2251.566976,6250.88,2251.566976,
2023-10-30 02:35:00+00:00,0.3602,0.3614,0.3605,0.3602,16747.94,0.360575,6038.8884655,16747.94,6038.8884655,
2023-10-30 02:40:00+00:00,0.3586,0.3599,0.3599,0.359,2033.84,0.35935,730.860404,2033.84,730.860404,
2023-10-30 02:45:00+00:00,0.3586,0.3608,0.359,0.3608,1701.86,0.3598,612.329228,1701.86,612.329228,
2023-10-30 02:50:00+00:00,0.3606,0.3614,0.361,0.3606,3771.79,0.3609,1361.239011,3771.79,1361.239011,
2023-10-30 02:55:00+00:00,0.3609,0.3614,0.3609,0.3614,1644.04,0.36115,593.745046,1644.04,593.745046,
2023-10-30 03:00:00+00:00,0.3602,0.3613,0.3612,0.3604,3841.25,0.360775,1385.82696875,3841.25,1385.82696875,
2023-10-30 03:05:00+00:00,0.3593,0.3607,0.3605,0.3593,3531.2,0.35995,1271.05544,3531.2,1271.05544,
2023-10-30 03:10:00+00:00,0.3595,0.3606,0.3595,0.3606,11647.28,0.36005,4193.603164,11647.28,4193.603164,
2023-10-30 03:15:00+00:00,0.3602,0.361,0.361,0.3606,852.6,0.3607,307.53282,852.6,307.53282,
2023-10-30 03:20:00+00:00,0.361,0.3614,0.361,0.361,477.66,0.3611,172.483026,477.66,172.483026,
2023-10-30 03:25:00+00:00,0.36,0.3607,0.3606,0.3602,3171.57,0.360375,1142.95453875,3171.57,1142.95453875,
2023-10-30 03:30:00+00:00,0.3586,0.3598,0.3598,0.3594,2565.92,0.3594,922.191648,2565.92,922.191648,
2023-10-30 03:35:00+00:00,0.3594,0.361,0.3594,0.3598,9028.6,0.3599,3249.39314,9028.6,3249.39314,
2023-10-30 03:40:00+00:00,0.3593,0.3598,0.3596,0.3593,2685.81,0.3595,965.548695,2685.81,965.548695,
2023-10-30 03:45:00+00:00,0.3594,0.3602,0.3598,0.3596,13024.1,0.35975,4685.419975,13024.1,4685.419975,
2023-10-30 03:50:00+00:00,0.3572,0.359,0.359,0.3585,10143.35,0.358425,3635.63022375,10143.35,3635.63022375,
2023-10-30 03:55:00+00:00,0.3583,0.3591,0.3583,0.3584,4217.18,0.358525,1511.9644595,4217.18,1511.9644595,
2023-10-30 04:00:00+00:00,0.3582,0.359,0.359,0.3586,4920.6,0.3587,1765.01922,4920.6,1765.01922,
2023-10-30 04:05:00+00:00,0.359,0.3598,0.359,0.3596,5580.0,0.35935,2005.173,5580.0,2005.173,
2023-10-30 04:10:00+00:00,0.3578,0.36,0.3598,0.3578,17177.79,0.35885,6164.2499415,17177.79,6164.2499415,
2023-10-30 04:15:00+00:00,0.3575,0.359,0.3578,0.3586,2636.85,0.358225,944.58559125,2636.85,944.58559125,
2023-10-30 04:20:00+00:00,0.3584,0.359,0.3584,0.3586,3453.04,0.3586,1238.260144,3453.04,1238.260144,
2023-10-30 04:25:00+00:00,0.3585,0.359,0.3586,0.3586,414.89,0.358675,148.81067075,414.89,148.81067075,
2023-10-30 04:30:00+00:00,0.3579,0.3586,0.3586,0.3579,14815.87,0.35825,5307.7854275,14815.87,5307.7854275,
2023-10-30 04:35:00+00:00,0.3574,0.3581,0.358,0.3576,5907.43,0.357775,2113.53076825,5907.43,2113.53076825,
2023-10-30 04:40:00+00:00,0.3576,0.3582,0.3576,0.3582,5235.59,0.3579,1873.817661,5235.59,1873.817661,
2023-10-30 04:45:00+00:00,0.3574,0.3584,0.3584,0.3577,2109.01,0.357975,754.97285475,2109.01,754.97285475,
2023-10-30 04:50:00+00:00,0.3574,0.3579,0.3576,0.3576,6127.79,0.357625,2191.45089875,6127.79,2191.45089875,
2023-10-30 04:55:00+00:00,0.3562,0.3577,0.3576,0.3569,27791.06,0.3571,9924.187526,27791.06,9924.187526,
2023-10-30 05:00:00+00:00,0.357,0.3586,0.357,0.3586,6697.88,0.3578,2396.501464,6697.88,2396.501464,
2023-10-30 05:05:00+00:00,0.3581,0.3593,0.3583,0.3586,8489.19,0.358575,3044.01130425,8489.19,3044.01130425,
2023-10-30 05:10:00+00:00,0.3574,0.3582,0.3582,0.3578,14921.35,0.3579,5340.351165,14921.35,5340.351165,
2023-10-30 05:15:00+00:00,0.3568,0.3572,0.357,0.357,6239.74,0.357,2227.58718,6239.74,2227.58718,
2023-10-30 05:20:00+00:00,0.354,0.3567,0.3567,0.3546,43892.1,0.3555,15603.64155,43892.1,15603.64155,
2023-10-30 05:25:00+00:00,0.3527,0.3546,0.3546,0.354,5392.78,0.353975,1908.9093005,5392.78,1908.9093005,
2023-10-30 05:30:00+00:00,0.3543,0.355,0.3543,0.355,2917.67,0.35465,1034.7516655,2917.67,1034.7516655,
2023-10-30 05:35:00+00:00,0.3543,0.3548,0.3548,0.3545,951.38,0.3546,337.359348,951.38,337.359348,
2023-10-30 05:40:00+00:00,0.3539,0.3547,0.3546,0.3544,921.65,0.3544,326.63276,921.65,326.63276,
2023-10-30 05:45:00+00:00,0.3527,0.3539,0.3539,0.3528,7454.07,0.353325,2633.70928275,7454.07,2633.70928275,
2023-10-30 05:50:00+00:00,0.3525,0.3529,0.3529,0.3525,1765.23,0.3527,622.596621,1765.23,622.596621,
2023-10-30 05:55:00+00:00,0.3504,0.3523,0.3523,0.3515,5831.6,0.351625,2050.53635,5831.6,2050.53635,
2023-10-30 06:00:00+00:00,0.3502,0.3521,0.3519,0.3502,5884.0,0.3511,2065.8724,5884.0,2065.8724,
2023-10-30 06:05:00+00:00,0.349,0.35,0.35,0.3491,4374.6,0.349525,1529.032065,4374.6,1529.032065,
2023-10-30 06:10:00+00:00,0.3473,0.3491,0.3488,0.3489,19560.55,0.348525,6817.34068875,19560.55,6817.34068875,
2023-10-30 06:15:00+00:00,0.3485,0.3498,0.3488,0.3491,63489.8,0.34905,22161.11469,63489.8,22161.11469,
2023-10-30 06:20:00+00:00,0.3489,0.3496,0.3491,0.3491,39010.3,0.349175,13621.4215025,39010.3,13621.4215025,
2023-10-30 06:25:00+00:00,0.3488,0.3495,0.3494,0.3488,7297.54,0.349125,2547.7536525,7297.54,2547.7536525,
2023-10-30 06:30:00+00:00,0.3488,0.3497,0.3491,0.3489,8415.68,0.349125,2938.12428,8415.68,2938.12428,
2023-10-30 06:35:00+00:00,0.3488,0.3495,0.3491,0.3495,597.54,0.349225,208.6759065,597.54,208.6759065,
2023-10-30 06:40:00+00:00,0.349,0.3497,0.3491,0.3497,254.83,0.349375,89.03123125,254.83,89.03123125,
2023-10-30 06:45:00+00:00,0.3499,0.3509,0.35,0.3509,3368.65,0.350425,1180.45917625,3368.65,1180.45917625,
2023-10-30 06:50:00+00:00,0.3511,0.3515,0.3511,0.3514,467.32,0.351275,164.157833,467.32,164.157833,
2023-10-30 06:55:00+00:00,0.3519,0.3528,0.3519,0.3527,2781.32,0.352325,979.928569,2781.32,979.928569,
2023-10-30 07:00:00+00:00,0.353,0.3537,0.3531,0.3537,10278.72,0.353375,3632.24268,10278.72,3632.24268,
2023-10-30 07:05:00+00:00,0.3539,0.3544,0.3539,0.3542,11032.56,0.3541,3906.629496,11032.56,3906.629496,
2023-10-30 07:10:00+00:00,0.3539,0.3544,0.3544,0.3539,9257.14,0.35415,3278.416131,9257.14,3278.416131,
2023-10-30 07:15:00+00:00,0.3526,0.3541,0.3541,0.3526,9346.92,0.35335,3302.734182,9346.92,3302.734182,
2023-10-30 07:20:00+00:00,0.3507,0.3523,0.3523,0.3507,7302.41,0.3515,2566.797115,7302.41,2566.797115,
2023-10-30 07:25:00+00:00,0.3501,0.3508,0.3503,0.3508,10518.75,0.3505,3686.821875,10518.75,3686.821875,
2023-10-30 07:30:00+00:00,0.3501,0.3508,0.3507,0.3501,6128.96,0.350425,2147.740808,6128.96,2147.740808,
2023-10-30 07:35:00+00:00,0.3497,0.3508,0.35,0.3502,10661.36,0.350175,3733.341738,10661.36,3733.341738,
2023-10-30 07:40:00+00:00,0.3497,0.3503,0.35,0.35,1461.11,0.35,511.3885,1461.11,511.3885,
2023-10-30 07:45:00+00:00,0.35,0.3511,0.35,0.3511,1332.28,0.35055,467.030754,1332.28,467.030754,
2023-10-30 07:50:00+00:00,0.3503,0.3508,0.3507,0.3508,574.49,0.35065,201.4449185,574.49,201.4449185,
2023-10-30 07:55:00+00:00,0.351,0.3515,0.351,0.3515,3422.82,0.35125,1202.265525,3422.82,1202.265525,
2023-10-30 08:00:00+00:00,0.3503,0.3511,0.3511,0.3511,508.37,0.3509,178.387033,508.37,178.387033,
2023-10-30 08:05:00+00:00,0.3514,0.3528,0.3515,0.3523,3595.3,0.352,1265.5456,3595.3,1265.5456,
2023-10-30 08:10:00+00:00,0.3524,0.3531,0.3527,0.3528,2151.73,0.35275,759.0227575,2151.73,759.0227575,
2023-10-30 08:15:00+00:00,0.3527,0.3536,0.3527,0.3528,50360.24,0.35295,17774.646708,50360.24,17774.646708,
2023-10-30 08:20:00+00:00,0.3523,0.3532,0.3529,0.3526,5520.7,0.35275,1947.426925,5520.7,1947.426925,
2023-10-30 08:25:00+00:00,0.3519,0.3526,0.3526,0.3519,4138.46,0.35225,1457.772535,4138.46,1457.772535,
2023-10-30 08:30:00+00:00,0.3511,0.3528,0.3515,0.3528,2727.96,0.35205,960.378318,2727.96,960.378318,
2023-10-30 08:35:00+00:00,0.3528,0.3539,0.3529,0.3529,4312.0,0.353125,1522.675,4312.0,1522.675,
2023-10-30 08:40:00+00:00,0.3527,0.3552,0.3529,0.3549,7865.82,0.353925,2783.9103435,7865.82,2783.9103435,
2023-10-30 08:45:00+00:00,0.3531,0.3549,0.3546,0.3531,2333.78,0.353925,825.9830865,2333.78,825.9830865,
2023-10-30 08:50:00+00:00,0.3527,0.3539,0.3531,0.3539,2702.14,0.3534,954.936276,2702.14,954.936276,
2023-10-30 08:55:00+00:00,0.3543,0.3549,0.3543,0.3549,1964.29,0.3546,696.537234,1964.29,696.537234,
2023-10-30 09:00:00+00:00,0.3552,0.3557,0.3552,0.3555,791.71,0.3554,281.373734,791.71,281.373734,
2023-10-30 09:05:00+00:00,0.3552,0.3571,0.3558,0.3565,40953.45,0.35615,14585.5712175,40953.45,14585.5712175,
2023-10-30 09:10:00+00:00,0.3564,0.3574,0.3566,0.3566,30409.12,0.35675,10848.45356,30409.12,10848.45356,
2023-10-30 09:15:00+00:00,0.3566,0.358,0.3566,0.3576,4939.52,0.3572,1764.396544,4939.52,1764.396544,
2023-10-30 09:20:00+00:00,0.3569,0.3579,0.3577,0.3569,6228.51,0.35735,2225.7580485,6228.51,2225.7580485,
2023-10-30 09:25:00+00:00,0.3568,0.3574,0.357,0.3574,7634.97,0.35715,2726.8295355,7634.97,2726.8295355,
2023-10-30 09:30:00+00:00,0.357,0.3579,0.3574,0.357,2568.11,0.357325,917.64990575,2568.11,917.64990575,
2023-10-30 09:35:00+00:00,0.3565,0.3571,0.3567,0.3571,8093.46,0.35685,2888.151201,8093.46,2888.151201,
2023-10-30 09:40:00+00:00,0.3563,0.3567,0.3566,0.3563,5389.71,0.356475,1921.29687225,5389.71,1921.29687225,
2023-10-30 09:45:00+00:00,0.3555,0.3561,0.3561,0.3561,1655.89,0.35595,589.4140455,1655.89,589.4140455,
2023-10-30 09:50:00+00:00,0.3552,0.3558,0.3558,0.3555,2403.89,0.355575,854.76318675,2403.89,854.76318675,
2023-10-30 09:55:00+00:00,0.3555,0.3567,0.3556,0.3566,10548.59,0.3561,3756.352899,10548.59,3756.352899,
2023-10-30 10:00:00+00:00,0.3556,0.3575,0.3568,0.3556,5682.18,0.356375,2024.9868975,5682.18,2024.9868975,
2023-10-30 10:05:00+00:00,0.3543,0.3558,0.3557,0.3543,18463.36,0.355025,6554.954384,18463.36,6554.954384,
2023-10-30 10:10:00+00:00,0.3539,0.3548,0.3546,0.3539,1669.86,0.3543,591.631398,1669.86,591.631398,
2023-10-30 10:15:00+00:00,0.3543,0.3556,0.3543,0.3552,1766.31,0.35485,626.7751035,1766.31,626.7751035,
2023-10-30 10:20:00+00:00,0.3546,0.3552,0.3552,0.3548,807.18,0.35495,286.508541,807.18,286.508541,
2023-10-30 10:25:00+00:00,0.3543,0.3549,0.3548,0.3546,1306.37,0.35465,463.3041205,1306.37,463.3041205,
2023-10-30 10:30:00+00:00,0.3549,0.3563,0.3549,0.3555,2404.2,0.3554,854.45268,2404.2,854.45268,
2023-10-30 10:35:00+00:00,0.3558,0.3565,0.3561,0.3564,2050.88,0.3562,730.523456,2050.88,730.523456,
2023-10-30 10:40:00+00:00,0.3566,0.3569,0.3567,0.3566,729.76,0.3567,260.305392,729.76,260.305392,
2023-10-30 10:45:00+00:00,0.3564,0.3567,0.3567,0.3564,211.74,0.35655,75.495897,211.74,75.495897,
2023-10-30 10:50:00+00:00,0.3564,0.3571,0.3567,0.357,4124.44,0.3568,1471.600192,4124.44,1471.600192,
2023-10-30 10:55:00+00:00,0.3561,0.3583,0.3567,0.3583,19549.3,0.35735,6985.942355,19549.3,6985.942355,
2023-10-30 11:00:00+00:00,0.3578,0.3606,0.3586,0.3596,41664.1,0.35915,14963.661515,41664.1,14963.661515,
2023-10-30 11:05:00+00:00,0.3586,0.3606,0.3597,0.3598,52910.81,0.359675,19030.69558675,52910.81,19030.69558675,
2023-10-30 11:10:00+00:00,0.3586,0.3602,0.3602,0.3586,28211.21,0.3594,10139.108874,28211.21,10139.108874,
2023-10-30 11:15:00+00:00,0.3585,0.3593,0.3588,0.3585,10877.39,0.358775,3902.53559725,10877.39,3902.53559725,
2023-10-30 11:20:00+00:00,0.3584,0.3585,0.3585,0.3584,15.87,0.35845,5.6886015,15.87,5.6886015,
2023-10-30 11:25:00+00:00,0.3578,0.359,0.3587,0.358,3346.61,0.358375,1199.34135875,3346.61,1199.34135875,
2023-10-30 11:30:00+00:00,0.3574,0.3582,0.3578,0.3582,3670.11,0.3579,1313.532369,3670.11,1313.532369,
2023-10-30 11:35:00+00:00,0.3575,0.3581,0.3581,0.3579,13800.88,0.3579,4939.334952,13800.88,4939.334952,
2023-10-30 11:40:00+00:00,0.3569,0.358,0.358,0.3572,8357.56,0.357525,2988.036639,8357.56,2988.036639,
2023-10-30 11:45:00+00:00,0.3566,0.3581,0.3574,0.357,4576.1,0.357275,1634.9261275,4576.1,1634.9261275,
2023-10-30 11:50:00+00:00,0.3566,0.3572,0.3568,0.3568,18284.08,0.35685,6524.673948,18284.08,6524.673948,
2023-10-30 11:55:00+00:00,0.3565,0.357,0.3569,0.357,2095.97,0.35685,747.9468945,2095.97,747.9468945,
2023-10-30 12:00:00+00:00,0.357,0.3587,0.357,0.3579,12596.17,0.35765,4505.0202005,12596.17,4505.0202005,
2023-10-30 12:05:00+00:00,0.357,0.3574,0.3574,0.3574,341.56,0.3573,122.039388,341.56,122.039388,
2023-10-30 12:10:00+00:00,0.3578,0.3582,0.3578,0.3578,4622.62,0.3579,1654.435698,4622.62,1654.435698,
2023-10-30 12:15:00+00:00,0.358,0.3594,0.358,0.3591,6560.28,0.358625,2352.680415,6560.28,2352.680415,
2023-10-30 12:20:00+00:00,0.359,0.3602,0.3591,0.3597,3821.91,0.3595,1373.976645,3821.91,1373.976645,
2023-10-30 12:25:00+00:00,0.3598,0.3613,0.3601,0.3612,16113.64,0.3606,5810.578584,16113.64,5810.578584,
2023-10-30 12:30:00+00:00,0.3609,0.3616,0.3613,0.361,141027.01,0.3612,50938.956012,141027.01,50938.956012,
2023-10-30 12:35:00+00:00,0.36,0.3612,0.3609,0.36,118917.89,0.360525,42872.87229225,118917.89,42872.87229225,
2023-10-30 12:40:00+00:00,0.3586,0.3598,0.3598,0.359,9581.37,0.3593,3442.586241,9581.37,3442.586241,
2023-10-30 12:45:00+00:00,0.3577,0.3589,0.3586,0.3577,14246.49,0.358225,5103.44888025,14246.49,5103.44888025,
2023-10-30 12:50:00+00:00,0.3564,0.3577,0.3577,0.3567,2596.32,0.357125,927.21078,2596.32,927.21078,
2023-10-30 12:55:00+00:00,0.3556,0.3567,0.3565,0.3558,6069.09,0.35615,2161.5064035,6069.09,2161.5064035,
2023-10-30 13:00:00+00:00,0.3543,0.3561,0.3561,0.3549,2764.2,0.35535,982.25847,2764.2,982.25847,
2023-10-30 13:05:00+00:00,0.3545,0.3559,0.3545,0.3553,5752.86,0.35505,2042.552943,5752.86,2042.552943,
2023-10-30 13:10:00+00:00,0.3552,0.3564,0.3553,0.3564,16926.88,0.355825,6023.007076,16926.88,6023.007076,
2023-10-30 13:15:00+00:00,0.3567,0.3578,0.3567,0.3578,527.27,0.35725,188.3672075,527.27,188.3672075,
2023-10-30 13:20:00+00:00,0.3574,0.3583,0.3582,0.3574,899.39,0.357825,321.82422675,899.39,321.82422675,
2023-10-30 13:25:00+00:00,0.357,0.3578,0.3575,0.3571,5167.59,0.35735,1846.6382865,5167.59,1846.6382865,
2023-10-30 13:30:00+00:00,0.3567,0.3578,0.3567,0.3574,349.9,0.35715,124.966785,349.9,124.966785,
2023-10-30 13:35:00+00:00,0.3569,0.3578,0.357,0.3578,4557.04,0.357375,1628.57217,4557.04,1628.57217,
2023-10-30 13:40:00+00:00,0.3577,0.358,0.3577,0.358,305.28,0.35785,109.244448,305.28,109.244448,
2023-10-30 13:45:00+00:00,0.358,0.3587,0.3582,0.3582,7816.74,0.358275,2800.5425235,7816.74,2800.5425235,
2023-10-30 13:50:00+00:00,0.3574,0.3582,0.3582,0.3581,3932.12,0.357975,1407.600657,3932.12,1407.600657,
2023-10-30 13:55:00+00:00,0.3582,0.3596,0.3582,0.3595,4912.56,0.358875,1762.99497,4912.56,1762.99497,
2023-10-30 14:00:00+00:00,0.3593,0.3602,0.3596,0.3597,7818.86,0.3597,2812.443942,7818.86,2812.443942,
2023-10-30 14:05:00+00:00,0.3586,0.3597,0.3596,0.3586,3449.48,0.359125,1238.794505,3449.48,1238.794505,
2023-10-30 14:10:00+00:00,0.3577,0.3586,0.3586,0.3578,2547.53,0.358175,912.46155775,2547.53,912.46155775,
2023-10-30 14:15:00+00:00,0.3566,0.3578,0.3578,0.3572,16270.57,0.35735,5814.2881895,16270.57,5814.2881895,
2023-10-30 14:20:00+00:00,0.3564,0.3571,0.3567,0.3565,8453.56,0.356675,3015.173513,8453.56,3015.173513,
2023-10-30 14:25:00+00:00,0.3546,0.3561,0.3561,0.3552,740.0,0.3555,263.07,740.0,263.07,
2023-10-30 14:30:00+00:00,0.3547,0.3563,0.3552,0.3563,3550.34,0.355625,1262.5896625,3550.34,1262.5896625,
2023-10-30 14:35:00+00:00,0.3555,0.3559,0.3558,0.3555,2467.59,0.355675,877.66007325,2467.59,877.66007325,
2023-10-30 14:40:00+00:00,0.3543,0.3558,0.3558,0.3543,7040.84,0.35505,2499.850242,7040.84,2499.850242,
2023-10-30 14:45:00+00:00,0.3543,0.3551,0.3543,0.3547,3178.46,0.3546,1127.081916,3178.46,1127.081916,
2023-10-30 14:50:00+00:00,0.3544,0.3552,0.3547,0.355,1877.18,0.354825,666.0703935,1877.18,666.0703935,
2023-10-30 14:55:00+00:00,0.3546,0.3553,0.3549,0.3553,2712.34,0.355025,962.9485085,2712.34,962.9485085,
2023-10-30 15:00:00+00:00,0.3549,0.3559,0.3555,0.3559,10061.29,0.35555,3577.2916595,10061.29,3577.2916595,
2023-10-30 15:05:00+00:00,0.355,0.3559,0.3557,0.3555,1468.03,0.355525,521.92136575,1468.03,521.92136575,
2023-10-30 15:10:00+00:00,0.3554,0.3558,0.3554,0.3558,1394.2,0.3556,495.77752,1394.2,495.77752,
2023-10-30 15:15:00+00:00,0.3557,0.3566,0.356,0.3565,9269.34,0.3562,3301.738908,9269.34,3301.738908,
2023-10-30 15:20:00+00:00,0.3546,0.3564,0.3564,0.3546,906.43,0.3555,322.235865,906.43,322.235865,
2023-10-30 15:25:00+00:00,0.3534,0.3543,0.3543,0.3543,1584.39,0.354075,560.99288925,1584.39,560.99288925,
2023-10-30 15:30:00+00:00,0.3541,0.3551,0.3542,0.3543,15470.03,0.354425,5482.96538275,15470.03,5482.96538275,
2023-10-30 15:35:00+00:00,0.3546,0.3552,0.3546,0.3546,2892.57,0.35475,1026.1392075,2892.57,1026.1392075,
2023-10-30 15:40:00+00:00,0.3543,0.3549,0.3543,0.3546,282.04,0.354525,99.990231,282.04,99.990231,
2023-10-30 15:45:00+00:00,0.3549,0.3553,0.3549,0.3549,2671.88,0.355,948.5174,2671.88,948.5174,
2023-10-30 15:50:00+00:00,0.3548,0.3552,0.3552,0.3552,1995.77,0.3551,708.697927,1995.77,708.697927,
2023-10-30 15:55:00+00:00,0.3553,0.3558,0.3555,0.3555,555.7,0.355525,197.5652425,555.7,197.5652425,
2023-10-30 16:00:00+00:00,0.3555,0.3563,0.3558,0.3561,2487.64,0.355925,885.413267,2487.64,885.413267,
2023-10-30 16:05:00+00:00,0.355,0.3559,0.3558,0.3555,6404.11,0.35555,2276.9813105,6404.11,2276.9813105,
2023-10-30 16:10:00+00:00,0.3556,0.3559,0.3558,0.3558,459.42,0.355775,163.4501505,459.42,163.4501505,
2023-10-30 16:15:00+00:00,0.3549,0.3557,0.3557,0.3549,4847.27,0.3553,1722.235031,4847.27,1722.235031,
2023-10-30 16:20:00+00:00,0.3539,0.3546,0.3546,0.3546,2050.51,0.354425,726.75200675,2050.51,726.75200675,
2023-10-30 16:25:00+00:00,0.3537,0.3546,0.3545,0.3543,1566.08,0.354275,554.822992,1566.08,554.822992,
2023-10-30 16:30:00+00:00,0.3546,0.3549,0.3546,0.3549,1920.59,0.35475,681.3293025,1920.59,681.3293025,
2023-10-30 16:35:00+00:00,0.3541,0.3552,0.3552,0.3541,1213.87,0.35465,430.4989955,1213.87,430.4989955,
2023-10-30 16:40:00+00:00,0.3529,0.3543,0.3539,0.3539,2151.01,0.35375,760.9197875,2151.01,760.9197875,
2023-10-30 16:45:00+00:00,0.3543,0.3546,0.3543,0.3546,141.08,0.35445,50.005806,141.08,50.005806,
2023-10-30 16:50:00+00:00,0.3543,0.3548,0.3546,0.3543,758.95,0.3545,269.047775,758.95,269.047775,
2023-10-30 16:55:00+00:00,0.3546,0.3549,0.3546,0.3549,140.96,0.35475,50.00556,140.96,50.00556,
2023-10-30 17:00:00+00:00,0.3543,0.3546,0.3546,0.3546,1210.48,0.354525,429.145422,1210.48,429.145422,
2023-10-30 17:05:00+00:00,0.3541,0.3544,0.3543,0.3541,1856.9,0.354225,657.7604025,1856.9,657.7604025,
2023-10-30 17:10:00+00:00,0.3479,0.3539,0.3539,0.35,40113.69,0.351425,14096.95350825,40113.69,14096.95350825,
2023-10-30 17:15:00+00:00,0.3464,0.35,0.3494,0.3479,22602.32,0.348425,7875.213346,22602.32,7875.213346,
2023-10-30 17:20:00+00:00,0.348,0.3507,0.3482,0.3507,37386.19,0.3494,13062.734786,37386.19,13062.734786,
2023-10-30 17:25:00+00:00,0.35,0.3515,0.3506,0.3513,5239.84,0.35085,1838.397864,5239.84,1838.397864,
2023-10-30 17:30:00+00:00,0.351,0.3516,0.351,0.3516,14810.14,0.3513,5202.802182,14810.14,5202.802182,
2023-10-30 17:35:00+00:00,0.3516,0.3518,0.3518,0.3516,2873.12,0.3517,1010.476304,2873.12,1010.476304,
2023-10-30 17:40:00+00:00,0.3511,0.3519,0.3514,0.3519,5056.23,0.351575,1777.64406225,5056.23,1777.64406225,
2023-10-30 17:45:00+00:00,0.3515,0.3522,0.3518,0.3522,3277.01,0.351925,1153.26174425,3277.01,1153.26174425,
2023-10-30 17:50:00+00:00,0.3519,0.3524,0.3523,0.3523,1330.35,0.352225,468.58252875,1330.35,468.58252875,
2023-10-30 17:55:00+00:00,0.3519,0.3523,0.3519,0.3523,379.76,0.3521,133.713496,379.76,133.713496,
2023-10-30 18:00:00+00:00,0.3522,0.3531,0.3524,0.3531,2391.15,0.3527,843.358605,2391.15,843.358605,
2023-10-30 18:05:00+00:00,0.3532,0.3533,0.3532,0.3532,901.11,0.353225,318.29457975,901.11,318.29457975,
2023-10-30 18:10:00+00:00,0.353,0.3538,0.3534,0.3535,2054.62,0.353425,726.1540735,2054.62,726.1540735,
2023-10-30 18:15:00+00:00,0.3525,0.3533,0.3533,0.3527,4801.89,0.35295,1694.8270755,4801.89,1694.8270755,
2023-10-30 18:20:00+00:00,0.3523,0.3529,0.3525,0.3529,2610.98,0.35265,920.762097,2610.98,920.762097,
2023-10-30 18:25:00+00:00,0.352,0.3525,0.3523,0.352,408.82,0.3522,143.986404,408.82,143.986404,
2023-10-30 18:30:00+00:00,0.3527,0.3531,0.3527,0.353,5546.98,0.352875,1957.3905675,5546.98,1957.3905675,
2023-10-30 18:35:00+00:00,0.3531,0.3536,0.3531,0.3531,1155.39,0.353225,408.11263275,1155.39,408.11263275,
2023-10-30 18:40:00+00:00,0.353,0.3535,0.3532,0.3535,5002.43,0.3533,1767.358519,5002.43,1767.358519,
2023-10-30 18:45:00+00:00,0.353,0.3535,0.3532,0.3535,5002.43,0.3533,1767.358519,5002.43,1767.358519,
2023-10-30 18:50:00+00:00,0.3531,0.3538,0.3538,0.3535,1644.45,0.35355,581.3952975,1644.45,581.3952975,
2023-10-30 18:55:00+00:00,0.3534,0.3539,0.3535,0.3539,308.59,0.353675,109.14056825,308.59,109.14056825,
2023-10-30 19:00:00+00:00,0.3539,0.3543,0.3539,0.354,1742.11,0.354025,616.75049275,1742.11,616.75049275,
2023-10-30 19:05:00+00:00,0.354,0.3547,0.354,0.3544,3377.63,0.354275,1196.60986825,3377.63,1196.60986825,
2023-10-30 19:10:00+00:00,0.3545,0.3549,0.3546,0.3545,625.53,0.354625,221.82857625,625.53,221.82857625,
2023-10-30 19:15:00+00:00,0.3546,0.3551,0.3548,0.3551,1863.42,0.3549,661.327758,1863.42,661.327758,
2023-10-30 19:20:00+00:00,0.3546,0.3555,0.3547,0.3555,12931.52,0.355075,4591.659464,12931.52,4591.659464,
2023-10-30 19:25:00+00:00,0.3553,0.3562,0.3554,0.3562,5011.51,0.355775,1782.96997025,5011.51,1782.96997025,
2023-10-30 19:30:00+00:00,0.3558,0.3569,0.3558,0.3569,1081.37,0.35635,385.3461995,1081.37,385.3461995,
2023-10-30 19:35:00+00:00,0.357,0.3577,0.357,0.3577,1565.25,0.35735,559.3420875,1565.25,559.3420875,
2023-10-30 19:40:00+00:00,0.3569,0.3577,0.3577,0.3569,264.69,0.3573,94.573737,264.69,94.573737,
2023-10-30 19:45:00+00:00,0.3566,0.3572,0.3568,0.3566,6121.77,0.3568,2184.247536,6121.77,2184.247536,
2023-10-30 19:50:00+00:00,0.3561,0.3568,0.3564,0.3561,3708.0,0.35635,1321.3458,3708.0,1321.3458,
2023-10-30 19:55:00+00:00,0.3558,0.3564,0.3564,0.3563,357.57,0.356225,127.37537325,357.57,127.37537325,
2023-10-30 20:00:00+00:00,0.3551,0.3567,0.3567,0.3551,3121.62,0.3559,1110.984558,3121.62,1110.984558,
2023-10-30 20:05:00+00:00,0.3546,0.3555,0.3553,0.3555,10334.63,0.355225,3671.11894175,10334.63,3671.11894175,
2023-10-30 20:10:00+00:00,0.3549,0.3556,0.3552,0.3556,828.82,0.355325,294.5004665,828.82,294.5004665,
2023-10-30 20:15:00+00:00,0.3547,0.3552,0.3552,0.3547,2924.94,0.35495,1038.207453,2924.94,1038.207453,
2023-10-30 20:20:00+00:00,0.3543,0.3547,0.3546,0.3543,649.36,0.354475,230.181886,649.36,230.181886,
2023-10-30 20:25:00+00:00,0.3542,0.3545,0.3545,0.3542,2496.65,0.35435,884.6879275,2496.65,884.6879275,
2023-10-30 20:30:00+00:00,0.3542,0.3554,0.3542,0.3551,612.12,0.354725,217.134267,612.12,217.134267,
2023-10-30 20:35:00+00:00,0.3555,0.3564,0.3555,0.3558,765.73,0.3558,272.446734,765.73,272.446734,
2023-10-30 20:40:00+00:00,0.356,0.3564,0.356,0.3564,2119.59,0.3562,754.997958,2119.59,754.997958,
2023-10-30 20:45:00+00:00,0.3561,0.3567,0.3566,0.3567,3141.8,0.356525,1120.130245,3141.8,1120.130245,
2023-10-30 20:50:00+00:00,0.3564,0.357,0.357,0.3567,20048.33,0.356775,7152.74293575,20048.33,7152.74293575,
2023-10-30 20:55:00+00:00,0.3559,0.3567,0.3567,0.3561,15857.62,0.35635,5650.862887,15857.62,5650.862887,
2023-10-30 21:00:00+00:00,0.3561,0.3567,0.3564,0.3561,1541.67,0.356325,549.33556275,1541.67,549.33556275,
2023-10-30 21:05:00+00:00,0.356,0.3564,0.3562,0.356,435.41,0.35615,155.0712715,435.41,155.0712715,
2023-10-30 21:10:00+00:00,0.3545,0.3559,0.3559,0.3553,19332.89,0.3554,6870.909106,19332.89,6870.909106,
2023-10-30 21:15:00+00:00,0.355,0.3558,0.3553,0.3555,3151.04,0.3554,1119.879616,3151.04,1119.879616,
2023-10-30 21:20:00+00:00,0.3555,0.3564,0.3555,0.3564,1960.59,0.35595,697.8720105,1960.59,697.8720105,
2023-10-30 21:25:00+00:00,0.3563,0.3568,0.3566,0.3567,526.14,0.3566,187.621524,526.14,187.621524,
2023-10-30 21:30:00+00:00,0.3568,0.3576,0.357,0.3568,13886.54,0.35705,4958.189107,13886.54,4958.189107,
2023-10-30 21:35:00+00:00,0.3571,0.3575,0.3574,0.3575,297.96,0.357375,106.483455,297.96,106.483455,
2023-10-30 21:40:00+00:00,0.357,0.3576,0.3576,0.357,110.12,0.3573,39.345876,110.12,39.345876,
2023-10-30 21:45:00+00:00,0.3567,0.3573,0.357,0.3567,13414.0,0.356925,4787.79195,13414.0,4787.79195,
2023-10-30 21:50:00+00:00,0.3572,0.3576,0.3572,0.3575,13844.48,0.357375,4947.67104,13844.48,4947.67104,
2023-10-30 21:55:00+00:00,0.357,0.3576,0.357,0.3576,716.55,0.3573,256.023315,716.55,256.023315,
2023-10-30 22:00:00+00:00,0.3561,0.357,0.357,0.3567,9354.26,0.3567,3336.664542,9354.26,3336.664542,
2023-10-30 22:05:00+00:00,0.356,0.3567,0.3567,0.3563,1162.77,0.356425,414.44029725,1162.77,414.44029725,
2023-10-30 22:10:00+00:00,0.356,0.3567,0.3567,0.3563,1162.77,0.356425,414.44029725,1162.77,414.44029725,
2023-10-30 22:15:00+00:00,0.3559,0.3561,0.3561,0.3559,193.94,0.356,69.04264,193.94,69.04264,
2023-10-30 22:20:00+00:00,0.3559,0.3561,0.3561,0.3559,193.94,0.356,69.04264,193.94,69.04264,
2023-10-30 22:25:00+00:00,0.3553,0.3558,0.3558,0.3558,3170.23,0.355675,1127.57155525,3170.23,1127.57155525,
2023-10-30 22:30:00+00:00,0.3559,0.3559,0.3559,0.3559,7904.33,0.3559,2813.151047,7904.33,2813.151047,
2023-10-30 22:35:00+00:00,0.3559,0.3564,0.3559,0.3564,454.19,0.35615,161.7597685,454.19,161.7597685,
2023-10-30 22:40:00+00:00,0.3567,0.3571,0.3567,0.3571,42362.37,0.3569,15119.129853,42362.37,15119.129853,
2023-10-30 22:45:00+00:00,0.3563,0.3567,0.3565,0.3564,7323.04,0.356475,2610.480684,7323.04,2610.480684,
2023-10-30 22:50:00+00:00,0.3562,0.3567,0.3565,0.3562,10288.02,0.3564,3666.650328,10288.02,3666.650328,
2023-10-30 22:55:00+00:00,0.3564,0.357,0.3565,0.357,915.91,0.356725,326.72799475,915.91,326.72799475,
2023-10-30 23:00:00+00:00,0.3569,0.3573,0.3572,0.3569,6221.37,0.357075,2221.49569275,6221.37,2221.49569275,
2023-10-30 23:05:00+00:00,0.3569,0.3573,0.3572,0.3569,6221.37,0.357075,2221.49569275,6221.37,2221.49569275,
2023-10-30 23:10:00+00:00,0.3567,0.3577,0.3567,0.3577,4300.05,0.3572,1535.97786,4300.05,1535.97786,
2023-10-30 23:15:00+00:00,0.3574,0.3574,0.3574,0.3574,19.77,0.3574,7.065798,19.77,7.065798,
2023-10-30 23:20:00+00:00,0.357,0.3578,0.357,0.3578,2081.93,0.3574,744.081782,2081.93,744.081782,
2023-10-30 23:25:00+00:00,0.3574,0.358,0.358,0.3574,74.81,0.3577,26.759537,74.81,26.759537,
2023-10-30 23:30:00+00:00,0.3576,0.3582,0.3577,0.3582,1518.97,0.357925,543.67733725,1518.97,543.67733725,
2023-10-30 23:35:00+00:00,0.3583,0.3589,0.3583,0.3589,450.42,0.3586,161.520612,450.42,161.520612,
2023-10-30 23:40:00+00:00,0.3586,0.3589,0.3588,0.3589,466.47,0.3588,167.369436,466.47,167.369436,
2023-10-30 23:45:00+00:00,0.3585,0.3589,0.3588,0.3588,29727.68,0.35875,10664.8052,29727.68,10664.8052,
2023-10-30 23:50:00+00:00,0.3587,0.3597,0.3587,0.3595,9465.77,0.35915,3399.6312955,9465.77,3399.6312955,
2023-10-30 23:55:00+00:00,0.3577,0.359,0.359,0.3577,11170.36,0.35835,4002.898506,11170.36,4002.898506,
2023-10-31 00:00:00+00:00,0.3567,0.3574,0.3571,0.3567,6320.51,0.356975,2256.26405725,6320.51,2256.26405725,
2023-10-31 00:05:00+00:00,0.3567,0.358,0.3567,0.358,1999.33,0.35735,714.4605755,1999.33,714.4605755,
2023-10-31 00:10:00+00:00,0.3567,0.358,0.3567,0.358,1999.33,0.35735,714.4605755,1999.33,714.4605755,
2023-10-31 00:15:00+00:00,0.3575,0.3581,0.3576,0.3575,6433.46,0.357675,2301.0878055,6433.46,2301.0878055,
2023-10-31 00:20:00+00:00,0.3571,0.3577,0.3574,0.3577,5570.52,0.357475,1991.321637,5570.52,1991.321637,
2023-10-31 00:25:00+00:00,0.3578,0.3591,0.3578,0.3591,4784.66,0.35845,1715.061377,4784.66,1715.061377,
2023-10-31 00:30:00+00:00,0.3582,0.3597,0.3586,0.3597,1807.53,0.35905,648.9936465,1807.53,648.9936465,
2023-10-31 00:35:00+00:00,0.3596,0.3603,0.3596,0.3603,8706.92,0.35995,3134.055854,8706.92,3134.055854,
2023-10-31 00:40:00+00:00,0.3605,0.3617,0.3605,0.3609,4485.09,0.3609,1618.668981,4485.09,1618.668981,
2023-10-31 00:45:00+00:00,0.3594,0.361,0.3608,0.3595,3954.65,0.360175,1424.36606375,3954.65,1424.36606375,
2023-10-31 00:50:00+00:00,0.358,0.3593,0.3593,0.358,2371.66,0.35865,850.595859,2371.66,850.595859,
2023-10-31 00:55:00+00:00,0.358,0.3594,0.358,0.3594,5595.4,0.3587,2007.06998,5595.4,2007.06998,
2023-10-31 01:00:00+00:00,0.3578,0.359,0.359,0.3578,8223.26,0.3584,2947.216384,8223.26,2947.216384,
2023-10-31 01:05:00+00:00,0.3576,0.3583,0.3577,0.3577,5832.4,0.357825,2086.97853,5832.4,2086.97853,
2023-10-31 01:10:00+00:00,0.3564,0.3574,0.3574,0.3564,584.51,0.3569,208.611619,584.51,208.611619,
2023-10-31 01:15:00+00:00,0.3561,0.3567,0.3561,0.3567,570.81,0.3564,203.436684,570.81,203.436684,
2023-10-31 01:20:00+00:00,0.3564,0.3578,0.3565,0.3578,2946.66,0.357125,1052.3259525,2946.66,1052.3259525,
2023-10-31 01:25:00+00:00,0.3581,0.3582,0.3582,0.3581,1626.28,0.35815,582.452182,1626.28,582.452182,
2023-10-31 01:30:00+00:00,0.3577,0.358,0.3578,0.3577,1963.42,0.3578,702.511676,1963.42,702.511676,
2023-10-31 01:35:00+00:00,0.3578,0.3586,0.3578,0.3586,10702.01,0.3582,3833.459982,10702.01,3833.459982,
2023-10-31 01:40:00+00:00,0.3584,0.3594,0.3584,0.3594,1749.98,0.3589,628.067822,1749.98,628.067822,
2023-10-31 01:45:00+00:00,0.3586,0.359,0.359,0.359,511.81,0.3589,183.688609,511.81,183.688609,
2023-10-31 01:50:00+00:00,0.3592,0.3594,0.3594,0.3593,1209.53,0.359325,434.61436725,1209.53,434.61436725,
2023-10-31 01:55:00+00:00,0.3593,0.3599,0.3594,0.3599,486.95,0.359625,175.11939375,486.95,175.11939375,
2023-10-31 02:00:00+00:00,0.3593,0.3599,0.3594,0.3599,486.95,0.359625,175.11939375,486.95,175.11939375,
2023-10-31 02:05:00+00:00,0.359,0.3597,0.3597,0.359,463.45,0.35935,166.5407575,463.45,166.5407575,
2023-10-31 02:10:00+00:00,0.3582,0.3586,0.3586,0.3586,1227.65,0.3585,440.112525,1227.65,440.112525,
2023-10-31 02:15:00+00:00,0.3571,0.359,0.3587,0.3571,27251.72,0.357975,9755.434467,27251.72,9755.434467,
2023-10-31 02:20:00+00:00,0.3564,0.3575,0.3571,0.3571,5552.84,0.357025,1982.502701,5552.84,1982.502701,
2023-10-31 02:25:00+00:00,0.3568,0.3575,0.3574,0.3568,7381.93,0.357125,2636.27175125,7381.93,2636.27175125,
2023-10-31 02:30:00+00:00,0.3564,0.3571,0.3569,0.3564,13148.94,0.3567,4690.226898,13148.94,4690.226898,
2023-10-31 02:35:00+00:00,0.3549,0.3564,0.3562,0.3551,3173.74,0.35565,1128.740631,3173.74,1128.740631,
2023-10-31 02:40:00+00:00,0.3549,0.3555,0.355,0.3554,2031.76,0.3552,721.681152,2031.76,721.681152,
2023-10-31 02:45:00+00:00,0.3538,0.3555,0.3555,0.354,808.78,0.3547,286.874266,808.78,286.874266,
2023-10-31 02:50:00+00:00,0.3527,0.354,0.354,0.3539,5330.27,0.35365,1885.0499855,5330.27,1885.0499855,
2023-10-31 02:55:00+00:00,0.354,0.3549,0.3542,0.3549,2317.09,0.3545,821.408405,2317.09,821.408405,
2023-10-31 03:00:00+00:00,0.3548,0.3552,0.3552,0.3549,366.49,0.355025,130.11311225,366.49,130.11311225,
2023-10-31 03:05:00+00:00,0.3543,0.3548,0.3546,0.3543,658.14,0.3545,233.31063,658.14,233.31063,
2023-10-31 03:10:00+00:00,0.3538,0.3543,0.3543,0.3538,3938.43,0.35405,1394.4011415,3938.43,1394.4011415,
2023-10-31 03:15:00+00:00,0.3535,0.3539,0.3536,0.3535,221.24,0.353625,78.235995,221.24,78.235995,
2023-10-31 03:20:00+00:00,0.3532,0.3539,0.3532,0.3535,529.04,0.35345,186.989188,529.04,186.989188,
2023-10-31 03:25:00+00:00,0.3534,0.3546,0.3537,0.3546,5886.5,0.354075,2084.2624875,5886.5,2084.2624875,
2023-10-31 03:30:00+00:00,0.3535,0.3547,0.3545,0.3535,1244.91,0.35405,440.7603855,1244.91,440.7603855,
2023-10-31 03:35:00+00:00,0.3523,0.3531,0.3531,0.3528,15188.04,0.352825,5358.720213,15188.04,5358.720213,
2023-10-31 03:40:00+00:00,0.3521,0.3528,0.3528,0.3525,2133.2,0.35255,752.05966,2133.2,752.05966,
2023-10-31 03:45:00+00:00,0.3527,0.3535,0.3527,0.3531,912.91,0.353,322.25723,912.91,322.25723,
2023-10-31 03:50:00+00:00,0.3527,0.3535,0.3532,0.3527,1080.5,0.353025,381.4435125,1080.5,381.4435125,
2023-10-31 03:55:00+00:00,0.3526,0.3531,0.3526,0.3531,73.81,0.35285,26.0438585,73.81,26.0438585,
2023-10-31 04:00:00+00:00,0.353,0.3535,0.3533,0.353,1791.48,0.3532,632.750736,1791.48,632.750736,
2023-10-31 04:05:00+00:00,0.3523,0.3531,0.3531,0.353,273.76,0.352875,96.60306,273.76,96.60306,
2023-10-31 04:10:00+00:00,0.3531,0.3535,0.3531,0.3535,141.54,0.3533,50.006082,141.54,50.006082,
2023-10-31 04:15:00+00:00,0.3539,0.3542,0.3539,0.3541,1741.91,0.354025,616.67968775,1741.91,616.67968775,
2023-10-31 04:20:00+00:00,0.3539,0.3543,0.3539,0.3543,73.99,0.3541,26.199859,73.99,26.199859,
2023-10-31 04:25:00+00:00,0.3539,0.3542,0.354,0.354,10639.23,0.354025,3766.55340075,10639.23,3766.55340075,
2023-10-31 04:30:00+00:00,0.3543,0.3546,0.3543,0.3546,486.43,0.35445,172.4151135,486.43,172.4151135,
2023-10-31 04:35:00+00:00,0.3539,0.3543,0.3543,0.3539,247.59,0.3541,87.671619,247.59,87.671619,
2023-10-31 04:40:00+00:00,0.353,0.3539,0.3538,0.353,10932.25,0.353425,3863.73045625,10932.25,3863.73045625,
2023-10-31 04:45:00+00:00,0.353,0.3533,0.3532,0.353,1858.08,0.353125,656.1345,1858.08,656.1345,
2023-10-31 04:50:00+00:00,0.3527,0.3534,0.3527,0.3534,312.4,0.35305,110.29282,312.4,110.29282,
2023-10-31 04:55:00+00:00,0.3527,0.3534,0.3527,0.3534,312.4,0.35305,110.29282,312.4,110.29282,
2023-10-31 05:00:00+00:00,0.3535,0.3538,0.3535,0.3536,2128.97,0.3536,752.803792,2128.97,752.803792,
2023-10-31 05:05:00+00:00,0.3522,0.3535,0.3535,0.3522,2645.17,0.35285,933.3482345,2645.17,933.3482345,
2023-10-31 05:10:00+00:00,0.3519,0.3527,0.3524,0.3519,3699.04,0.352225,1302.894364,3699.04,1302.894364,
2023-10-31 05:15:00+00:00,0.3515,0.3527,0.3515,0.3527,3583.33,0.3521,1261.690493,3583.33,1261.690493,
2023-10-31 05:20:00+00:00,0.3531,0.354,0.3531,0.354,4244.19,0.35355,1500.5333745,4244.19,1500.5333745,
2023-10-31 05:25:00+00:00,0.3535,0.3539,0.3535,0.3539,565.08,0.3537,199.868796,565.08,199.868796,
2023-10-31 05:30:00+00:00,0.354,0.3543,0.354,0.3543,77.39,0.35415,27.4076685,77.39,27.4076685,
2023-10-31 05:35:00+00:00,0.3543,0.3546,0.3543,0.3546,159.37,0.35445,56.4886965,159.37,56.4886965,
2023-10-31 05:40:00+00:00,0.3548,0.3549,0.3549,0.3548,95.81,0.35485,33.9981785,95.81,33.9981785,
2023-10-31 05:45:00+00:00,0.3546,0.3563,0.3546,0.3558,2765.49,0.355325,982.64773425,2765.49,982.64773425,
2023-10-31 05:50:00+00:00,0.3552,0.3558,0.3555,0.3552,4218.21,0.355425,1499.25728925,4218.21,1499.25728925,
2023-10-31 05:55:00+00:00,0.3552,0.3556,0.3555,0.3554,992.38,0.355425,352.7166615,992.38,352.7166615,
2023-10-31 06:00:00+00:00,0.3546,0.3552,0.3552,0.3551,292.98,0.355025,104.0152245,292.98,104.0152245,
2023-10-31 06:05:00+00:00,0.3552,0.3558,0.3552,0.3558,240.79,0.3555,85.600845,240.79,85.600845,
2023-10-31 06:10:00+00:00,0.3556,0.3562,0.3556,0.3562,476.4,0.3559,169.55076,476.4,169.55076,
2023-10-31 06:15:00+00:00,0.3558,0.3558,0.3558,0.3558,4463.06,0.3558,1587.956748,4463.06,1587.956748,
2023-10-31 06:20:00+00:00,0.3559,0.3563,0.356,0.3562,6307.45,0.3561,2246.082945,6307.45,2246.082945,
2023-10-31 06:25:00+00:00,0.3546,0.356,0.356,0.3546,1090.8,0.3553,387.56124,1090.8,387.56124,
2023-10-31 06:30:00+00:00,0.3519,0.3549,0.3549,0.3527,3104.86,0.3536,1097.878496,3104.86,1097.878496,
2023-10-31 06:35:00+00:00,0.3529,0.3544,0.3529,0.354,2947.34,0.35355,1042.032057,2947.34,1042.032057,
2023-10-31 06:40:00+00:00,0.3542,0.3546,0.3543,0.3546,1242.27,0.354425,440.29154475,1242.27,440.29154475,
2023-10-31 06:45:00+00:00,0.354,0.3544,0.3543,0.354,5164.21,0.354175,1829.03407675,5164.21,1829.03407675,
2023-10-31 06:50:00+00:00,0.3531,0.3539,0.3539,0.3532,4614.5,0.353525,1631.3411125,4614.5,1631.3411125,
2023-10-31 06:55:00+00:00,0.353,0.3534,0.3533,0.353,2869.59,0.353175,1013.46744825,2869.59,1013.46744825,
2023-10-31 07:00:00+00:00,0.3523,0.3535,0.3527,0.3535,3109.17,0.353,1097.53701,3109.17,1097.53701,
2023-10-31 07:05:00+00:00,0.3536,0.3539,0.3537,0.3539,676.56,0.353775,239.350014,676.56,239.350014,
2023-10-31 07:10:00+00:00,0.3531,0.3539,0.3535,0.3539,793.68,0.3536,280.645248,793.68,280.645248,
2023-10-31 07:15:00+00:00,0.3527,0.3538,0.3538,0.3527,4476.97,0.35325,1581.4896525,4476.97,1581.4896525,
2023-10-31 07:20:00+00:00,0.3513,0.3523,0.3523,0.3514,2047.04,0.351825,720.199848,2047.04,720.199848,
2023-10-31 07:25:00+00:00,0.3511,0.3521,0.3515,0.3511,5531.95,0.35145,1944.2038275,5531.95,1944.2038275,
2023-10-31 07:30:00+00:00,0.3494,0.3508,0.3507,0.3497,11039.24,0.35015,3865.389886,11039.24,3865.389886,
2023-10-31 07:35:00+00:00,0.3497,0.351,0.35,0.351,6403.35,0.350425,2243.89392375,6403.35,2243.89392375,
2023-10-31 07:40:00+00:00,0.3508,0.3515,0.351,0.3511,1698.13,0.3511,596.213443,1698.13,596.213443,
2023-10-31 07:45:00+00:00,0.3507,0.3511,0.3507,0.3507,1100.1,0.3508,385.91508,1100.1,385.91508,
2023-10-31 07:50:00+00:00,0.35,0.3506,0.3506,0.35,1032.42,0.3503,361.656726,1032.42,361.656726,
2023-10-31 07:55:00+00:00,0.3497,0.3505,0.3503,0.3497,6362.46,0.35005,2227.179123,6362.46,2227.179123,
2023-10-31 08:00:00+00:00,0.3482,0.3501,0.3496,0.3482,2839.76,0.349025,991.147234,2839.76,991.147234,
2023-10-31 08:05:00+00:00,0.3454,0.3488,0.348,0.3487,14271.08,0.347725,4962.411293,14271.08,4962.411293,
2023-10-31 08:10:00+00:00,0.3491,0.3507,0.3491,0.3507,6286.68,0.3499,2199.709332,6286.68,2199.709332,
2023-10-31 08:15:00+00:00,0.3508,0.3516,0.3511,0.3516,10611.35,0.351275,3727.50197125,10611.35,3727.50197125,
2023-10-31 08:20:00+00:00,0.351,0.3516,0.3516,0.3513,2385.71,0.351375,838.27885125,2385.71,838.27885125,
2023-10-31 08:25:00+00:00,0.3514,0.3522,0.3514,0.3522,789.56,0.3518,277.767208,789.56,277.767208,
2023-10-31 08:30:00+00:00,0.352,0.3531,0.3523,0.3531,695.58,0.352625,245.2788975,695.58,245.2788975,
2023-10-31 08:35:00+00:00,0.3531,0.3535,0.3534,0.3535,2430.17,0.353375,858.76132375,2430.17,858.76132375,
2023-10-31 08:40:00+00:00,0.3534,0.354,0.3538,0.3536,2828.76,0.3537,1000.532412,2828.76,1000.532412,
2023-10-31 08:45:00+00:00,0.3535,0.3543,0.3535,0.3539,1365.83,0.3538,483.230654,1365.83,483.230654,
2023-10-31 08:50:00+00:00,0.3535,0.3543,0.3535,0.3543,151.38,0.3539,53.573382,151.38,53.573382,
2023-10-31 08:55:00+00:00,0.3538,0.3542,0.3538,0.3542,1210.12,0.354,428.38248,1210.12,428.38248,
2023-10-31 09:00:00+00:00,0.3535,0.3543,0.3543,0.3539,282.6,0.354,100.0404,282.6,100.0404,
2023-10-31 09:05:00+00:00,0.3528,0.3545,0.354,0.3535,9386.67,0.3537,3320.065179,9386.67,3320.065179,
2023-10-31 09:10:00+00:00,0.3535,0.3539,0.3539,0.3535,942.29,0.3537,333.287973,942.29,333.287973,
2023-10-31 09:15:00+00:00,0.3523,0.3534,0.3534,0.3523,1013.57,0.35285,357.6381745,1013.57,357.6381745,
2023-10-31 09:20:00+00:00,0.3519,0.3523,0.3522,0.3519,2387.51,0.352075,840.58258325,2387.51,840.58258325,
2023-10-31 09:25:00+00:00,0.3519,0.3523,0.3522,0.3519,2387.51,0.352075,840.58258325,2387.51,840.58258325,
2023-10-31 09:30:00+00:00,0.3523,0.3526,0.3523,0.3526,1930.4,0.35245,680.36948,1930.4,680.36948,
2023-10-31 09:35:00+00:00,0.3524,0.3535,0.3525,0.3535,2056.23,0.352975,725.79778425,2056.23,725.79778425,
2023-10-31 09:40:00+00:00,0.3529,0.3536,0.3536,0.3529,567.3,0.35325,200.398725,567.3,200.398725,
2023-10-31 09:45:00+00:00,0.3527,0.3532,0.353,0.3532,1734.25,0.353025,612.23360625,1734.25,612.23360625,
2023-10-31 09:50:00+00:00,0.3535,0.3538,0.3535,0.3536,368.58,0.3536,130.329888,368.58,130.329888,
2023-10-31 09:55:00+00:00,0.3534,0.3543,0.3534,0.3537,345.59,0.3537,122.235183,345.59,122.235183,
2023-10-31 10:00:00+00:00,0.3535,0.3539,0.3539,0.3537,369.26,0.35375,130.625725,369.26,130.625725,
2023-10-31 10:05:00+00:00,0.3528,0.3536,0.3536,0.3529,988.59,0.353225,349.19470275,988.59,349.19470275,
2023-10-31 10:10:00+00:00,0.3529,0.3535,0.3533,0.3529,807.5,0.35315,285.168625,807.5,285.168625,
2023-10-31 10:15:00+00:00,0.3529,0.3535,0.3533,0.3529,807.5,0.35315,285.168625,807.5,285.168625,
2023-10-31 10:20:00+00:00,0.3533,0.3541,0.3533,0.3537,2569.64,0.3536,908.624704,2569.64,908.624704,
2023-10-31 10:25:00+00:00,0.3532,0.354,0.3538,0.354,2139.95,0.35375,757.0073125,2139.95,757.0073125,
2023-10-31 10:30:00+00:00,0.3538,0.3543,0.3543,0.3539,3000.86,0.354075,1062.5295045,3000.86,1062.5295045,
2023-10-31 10:35:00+00:00,0.3539,0.3546,0.3539,0.3543,514.37,0.354175,182.17699475,514.37,182.17699475,
2023-10-31 10:40:00+00:00,0.3546,0.3547,0.3546,0.3547,628.31,0.35465,222.8301415,628.31,222.8301415,
2023-10-31 10:45:00+00:00,0.3544,0.355,0.3549,0.3544,364.72,0.354675,129.357066,364.72,129.357066,
2023-10-31 10:50:00+00:00,0.3544,0.355,0.3549,0.3544,364.72,0.354675,129.357066,364.72,129.357066,
2023-10-31 10:55:00+00:00,0.3535,0.355,0.3549,0.3535,2000.76,0.354225,708.719211,2000.76,708.719211,
2023-10-31 11:00:00+00:00,0.3527,0.3539,0.3535,0.3536,2781.5,0.353425,983.0516375,2781.5,983.0516375,
2023-10-31 11:05:00+00:00,0.353,0.354,0.3535,0.353,2102.51,0.353375,742.97447125,2102.51,742.97447125,
2023-10-31 11:10:00+00:00,0.3527,0.3535,0.3529,0.3531,4994.77,0.35305,1763.4035485,4994.77,1763.4035485,
2023-10-31 11:15:00+00:00,0.3531,0.3537,0.3533,0.3534,2641.76,0.353375,933.53194,2641.76,933.53194,
2023-10-31 11:20:00+00:00,0.3523,0.3531,0.3531,0.353,10287.78,0.352875,3630.3003675,10287.78,3630.3003675,
2023-10-31 11:25:00+00:00,0.3527,0.3533,0.353,0.3533,8142.81,0.353075,2875.02264075,8142.81,2875.02264075,
2023-10-31 11:30:00+00:00,0.3534,0.3546,0.3534,0.3546,1748.82,0.354,619.08228,1748.82,619.08228,
2023-10-31 11:35:00+00:00,0.3539,0.3549,0.3549,0.3539,483.41,0.3544,171.320504,483.41,171.320504,
2023-10-31 11:40:00+00:00,0.3542,0.3549,0.3543,0.3549,10314.33,0.354575,3657.20355975,10314.33,3657.20355975,
2023-10-31 11:45:00+00:00,0.3549,0.3555,0.355,0.3555,6179.19,0.355225,2195.00276775,6179.19,2195.00276775,
2023-10-31 11:50:00+00:00,0.3552,0.3561,0.3556,0.3552,5900.54,0.355525,2097.7894835,5900.54,2097.7894835,
2023-10-31 11:55:00+00:00,0.3547,0.3552,0.355,0.3547,916.99,0.3549,325.439751,916.99,325.439751,
2023-10-31 12:00:00+00:00,0.3546,0.3555,0.3549,0.3555,3517.88,0.355125,1249.287135,3517.88,1249.287135,
2023-10-31 12:05:00+00:00,0.3552,0.3557,0.3556,0.3555,1723.75,0.3555,612.793125,1723.75,612.793125,
2023-10-31 12:10:00+00:00,0.3549,0.3555,0.3554,0.3549,3306.0,0.355175,1174.20855,3306.0,1174.20855,
2023-10-31 12:15:00+00:00,0.3546,0.3551,0.3549,0.3546,954.53,0.3548,338.667244,954.53,338.667244,
2023-10-31 12:20:00+00:00,0.3531,0.3543,0.3543,0.3534,2554.96,0.353775,903.880974,2554.96,903.880974,
2023-10-31 12:25:00+00:00,0.3508,0.353,0.3529,0.3516,111957.83,0.352075,39417.55299725,111957.83,39417.55299725,
2023-10-31 12:30:00+00:00,0.3497,0.3515,0.3514,0.3515,5015.12,0.351025,1760.432498,5015.12,1760.432498,
2023-10-31 12:35:00+00:00,0.3511,0.3519,0.3516,0.3512,22042.72,0.35145,7746.913944,22042.72,7746.913944,
2023-10-31 12:40:00+00:00,0.35,0.3512,0.3507,0.3503,7056.17,0.35055,2473.5403935,7056.17,2473.5403935,
2023-10-31 12:45:00+00:00,0.347,0.35,0.35,0.347,2363.42,0.3485,823.65187,2363.42,823.65187,
2023-10-31 12:50:00+00:00,0.3473,0.3485,0.3473,0.3479,3159.42,0.34775,1098.688305,3159.42,1098.688305,
2023-10-31 12:55:00+00:00,0.3479,0.3484,0.3482,0.3482,3902.81,0.348175,1358.86087175,3902.81,1358.86087175,
2023-10-31 13:00:00+00:00,0.347,0.3491,0.348,0.3485,15404.34,0.34815,5363.020971,15404.34,5363.020971,
2023-10-31 13:05:00+00:00,0.3476,0.3485,0.3483,0.3479,25835.0,0.348075,8992.517625,25835.0,8992.517625,
2023-10-31 13:10:00+00:00,0.347,0.3482,0.3482,0.3473,3788.59,0.347675,1317.19802825,3788.59,1317.19802825,
2023-10-31 13:15:00+00:00,0.3474,0.3486,0.3475,0.3486,6336.06,0.348025,2205.1072815,6336.06,2205.1072815,
2023-10-31 13:20:00+00:00,0.3473,0.3487,0.3487,0.3476,16908.11,0.348075,5885.29038825,16908.11,5885.29038825,
2023-10-31 13:25:00+00:00,0.3473,0.348,0.3479,0.3476,3318.18,0.3477,1153.731186,3318.18,1153.731186,
2023-10-31 13:30:00+00:00,0.347,0.3476,0.3474,0.3473,2997.82,0.347325,1041.2178315,2997.82,1041.2178315,
2023-10-31 13:35:00+00:00,0.3455,0.347,0.347,0.3455,7393.81,0.34625,2560.1067125,7393.81,2560.1067125,
2023-10-31 13:40:00+00:00,0.3452,0.3463,0.3455,0.3452,5350.9,0.34555,1849.003495,5350.9,1849.003495,
2023-10-31 13:45:00+00:00,0.3444,0.3464,0.3455,0.3458,6360.06,0.345525,2197.5597315,6360.06,2197.5597315,
2023-10-31 13:50:00+00:00,0.3406,0.3455,0.3455,0.3427,30137.62,0.343575,10354.5327915,30137.62,10354.5327915,
2023-10-31 13:55:00+00:00,0.3409,0.3432,0.3425,0.3432,22833.34,0.34245,7819.277283,22833.34,7819.277283,
2023-10-31 14:00:00+00:00,0.3416,0.3431,0.3431,0.3416,50877.88,0.34235,17418.042218,50877.88,17418.042218,
2023-10-31 14:05:00+00:00,0.3408,0.3434,0.3419,0.3434,15129.58,0.342375,5179.9899525,15129.58,5179.9899525,
2023-10-31 14:10:00+00:00,0.3436,0.3446,0.3436,0.3446,14077.64,0.3441,4844.115924,14077.64,4844.115924,
2023-10-31 14:15:00+00:00,0.3443,0.3449,0.3448,0.3446,6412.21,0.34465,2209.9681765,6412.21,2209.9681765,
2023-10-31 14:20:00+00:00,0.3438,0.3444,0.3444,0.3438,3770.08,0.3441,1297.284528,3770.08,1297.284528,
2023-10-31 14:25:00+00:00,0.3429,0.3439,0.3437,0.3431,1626.81,0.3434,558.646554,1626.81,558.646554,
2023-10-31 14:30:00+00:00,0.3432,0.344,0.3434,0.3432,12384.28,0.34345,4253.380966,12384.28,4253.380966,
2023-10-31 14:35:00+00:00,0.3415,0.3431,0.3431,0.3425,4358.27,0.34255,1492.9253885,4358.27,1492.9253885,
2023-10-31 14:40:00+00:00,0.342,0.3439,0.3422,0.3439,2169.16,0.343,744.02188,2169.16,744.02188,
2023-10-31 14:45:00+00:00,0.3431,0.3443,0.344,0.3434,1044.02,0.3437,358.829674,1044.02,358.829674,
2023-10-31 14:50:00+00:00,0.3428,0.3443,0.3431,0.3443,8963.81,0.343625,3080.18921125,8963.81,3080.18921125,
2023-10-31 14:55:00+00:00,0.3438,0.3443,0.3442,0.344,6230.79,0.344075,2143.85906925,6230.79,2143.85906925,
2023-10-31 15:00:00+00:00,0.3423,0.3444,0.3443,0.3431,24845.5,0.343525,8535.0503875,24845.5,8535.0503875,
2023-10-31 15:05:00+00:00,0.3424,0.343,0.3428,0.3426,26985.34,0.3427,9247.876018,26985.34,9247.876018,
2023-10-31 15:10:00+00:00,0.3367,0.3422,0.3422,0.3395,41557.09,0.34015,14135.6441635,41557.09,14135.6441635,
2023-10-31 15:15:00+00:00,0.3328,0.3401,0.3401,0.3377,41060.68,0.337675,13865.165119,41060.68,13865.165119,
2023-10-31 15:20:00+00:00,0.337,0.3383,0.3374,0.3377,3649.55,0.3376,1232.08808,3649.55,1232.08808,
2023-10-31 15:25:00+00:00,0.3374,0.3387,0.3374,0.3381,14374.47,0.3379,4857.133413,14374.47,4857.133413,
2023-10-31 15:30:00+00:00,0.3383,0.3402,0.3383,0.3402,6930.94,0.33925,2351.321395,6930.94,2351.321395,
2023-10-31 15:35:00+00:00,0.3374,0.3398,0.3398,0.3374,3964.24,0.3386,1342.291664,3964.24,1342.291664,
2023-10-31 15:40:00+00:00,0.3356,0.3377,0.3371,0.3365,5809.06,0.336725,1956.0557285,5809.06,1956.0557285,
2023-10-31 15:45:00+00:00,0.3365,0.338,0.3367,0.338,3382.64,0.3373,1140.964472,3382.64,1140.964472,
2023-10-31 15:50:00+00:00,0.3383,0.3393,0.3383,0.3393,4170.41,0.3388,1412.934908,4170.41,1412.934908,
2023-10-31 15:55:00+00:00,0.3386,0.3395,0.339,0.3386,727.31,0.338925,246.50354175,727.31,246.50354175,
2023-10-31 16:00:00+00:00,0.3368,0.3385,0.3383,0.338,6012.15,0.3379,2031.505485,6012.15,2031.505485,
2023-10-31 16:05:00+00:00,0.338,0.3392,0.3383,0.3384,27367.44,0.338475,9263.194254,27367.44,9263.194254,
2023-10-31 16:10:00+00:00,0.3378,0.3386,0.3383,0.3379,2056.42,0.33815,695.378423,2056.42,695.378423,
2023-10-31 16:15:00+00:00,0.3374,0.3401,0.338,0.3401,34763.1,0.3389,11781.21459,34763.1,11781.21459,
2023-10-31 16:20:00+00:00,0.3398,0.3404,0.3404,0.34,7495.24,0.34015,2549.505886,7495.24,2549.505886,
2023-10-31 16:25:00+00:00,0.3402,0.3409,0.3404,0.3404,3716.24,0.340475,1265.286814,3716.24,1265.286814,
2023-10-31 16:30:00+00:00,0.3398,0.3405,0.3405,0.3404,660.7,0.3403,224.83621,660.7,224.83621,
2023-10-31 16:35:00+00:00,0.3392,0.3412,0.3401,0.3412,4248.99,0.340425,1446.46242075,4248.99,1446.46242075,
2023-10-31 16:40:00+00:00,0.3412,0.3426,0.3413,0.3413,8196.7,0.3416,2799.99272,8196.7,2799.99272,
2023-10-31 16:45:00+00:00,0.3407,0.3417,0.3412,0.3407,5640.6,0.341075,1923.867645,5640.6,1923.867645,
2023-10-31 16:50:00+00:00,0.3398,0.3404,0.3404,0.3401,3809.7,0.340175,1295.9646975,3809.7,1295.9646975,
2023-10-31 16:55:00+00:00,0.3401,0.341,0.3404,0.3401,455.49,0.3404,155.048796,455.49,155.048796,
2023-10-31 17:00:00+00:00,0.3395,0.3401,0.3398,0.3398,789.76,0.3398,268.360448,789.76,268.360448,
2023-10-31 17:05:00+00:00,0.3392,0.3402,0.3401,0.3398,4299.69,0.339825,1461.14215425,4299.69,1461.14215425,
2023-10-31 17:10:00+00:00,0.3398,0.3407,0.3401,0.3407,27644.76,0.340325,9408.202947,27644.76,9408.202947,
2023-10-31 17:15:00+00:00,0.341,0.3411,0.341,0.3411,926.39,0.34105,315.9453095,926.39,315.9453095,
2023-10-31 17:20:00+00:00,0.3407,0.3415,0.3407,0.3407,9523.31,0.3409,3246.496379,9523.31,3246.496379,
2023-10-31 17:25:00+00:00,0.3403,0.3413,0.3409,0.3413,1538.31,0.34095,524.4867945,1538.31,524.4867945,
2023-10-31 17:30:00+00:00,0.3401,0.341,0.341,0.3401,697.17,0.34055,237.4212435,697.17,237.4212435,
2023-10-31 17:35:00+00:00,0.3398,0.3408,0.3399,0.3404,1164.91,0.340225,396.33150475,1164.91,396.33150475,
2023-10-31 17:40:00+00:00,0.3401,0.341,0.3404,0.341,352.84,0.340625,120.186125,352.84,120.186125,
2023-10-31 17:45:00+00:00,0.3404,0.341,0.3407,0.3408,2568.5,0.340725,875.1521625,2568.5,875.1521625,
2023-10-31 17:50:00+00:00,0.3408,0.3419,0.3408,0.3408,2730.3,0.341075,931.2370725,2730.3,931.2370725,
2023-10-31 17:55:00+00:00,0.3405,0.341,0.341,0.3405,222.37,0.34075,75.7725775,222.37,75.7725775,
2023-10-31 18:00:00+00:00,0.341,0.3416,0.341,0.3413,2159.27,0.341225,736.79690575,2159.27,736.79690575,
2023-10-31 18:05:00+00:00,0.3407,0.3415,0.3415,0.341,264.03,0.341175,90.08043525,264.03,90.08043525,
2023-10-31 18:10:00+00:00,0.3407,0.3415,0.3413,0.3407,231.14,0.34105,78.830297,231.14,78.830297,
2023-10-31 18:15:00+00:00,0.3404,0.341,0.3404,0.3406,3075.63,0.3406,1047.559578,3075.63,1047.559578,
2023-10-31 18:20:00+00:00,0.3407,0.341,0.341,0.3407,594.78,0.34085,202.730763,594.78,202.730763,
2023-10-31 18:25:00+00:00,0.3404,0.341,0.3404,0.3404,921.22,0.34055,313.721471,921.22,313.721471,
2023-10-31 18:30:00+00:00,0.3402,0.3405,0.3402,0.3405,1515.97,0.34035,515.9603895,1515.97,515.9603895,
2023-10-31 18:35:00+00:00,0.3407,0.3413,0.3407,0.3413,368.89,0.341,125.79149,368.89,125.79149,
2023-10-31 18:40:00+00:00,0.3413,0.3416,0.3416,0.3413,887.14,0.34145,302.913953,887.14,302.913953,
2023-10-31 18:45:00+00:00,0.3409,0.3416,0.341,0.3416,233.19,0.341275,79.58191725,233.19,79.58191725,
2023-10-31 18:50:00+00:00,0.3419,0.3422,0.3419,0.3419,2104.87,0.341975,719.81291825,2104.87,719.81291825,
2023-10-31 18:55:00+00:00,0.3418,0.3425,0.3419,0.3418,1046.19,0.342,357.79698,1046.19,357.79698,
2023-10-31 19:00:00+00:00,0.342,0.3433,0.3422,0.3425,2459.63,0.3425,842.423275,2459.63,842.423275,
2023-10-31 19:05:00+00:00,0.3415,0.3422,0.3422,0.3422,613.26,0.342025,209.7502515,613.26,209.7502515,
2023-10-31 19:10:00+00:00,0.3422,0.3428,0.3425,0.3425,988.47,0.3425,338.550975,988.47,338.550975,
2023-10-31 19:15:00+00:00,0.3418,0.3427,0.3427,0.3418,2136.54,0.34225,731.230815,2136.54,731.230815,
2023-10-31 19:20:00+00:00,0.3416,0.3422,0.3422,0.3422,814.54,0.34205,278.613407,814.54,278.613407,
2023-10-31 19:25:00+00:00,0.3425,0.343,0.3425,0.3425,1843.72,0.342625,631.704565,1843.72,631.704565,
2023-10-31 19:30:00+00:00,0.3419,0.3428,0.3428,0.3419,577.46,0.34235,197.693431,577.46,197.693431,
2023-10-31 19:35:00+00:00,0.341,0.3419,0.3419,0.341,3616.49,0.34145,1234.8505105,3616.49,1234.8505105,
2023-10-31 19:40:00+00:00,0.3404,0.3413,0.3413,0.3404,286.56,0.34085,97.673976,286.56,97.673976,
2023-10-31 19:45:00+00:00,0.3407,0.3411,0.3407,0.3411,7601.98,0.3409,2591.514982,7601.98,2591.514982,
2023-10-31 19:50:00+00:00,0.3404,0.3407,0.3407,0.3404,146.83,0.34055,50.0029565,146.83,50.0029565,
2023-10-31 19:55:00+00:00,0.3407,0.3416,0.3407,0.3413,1439.71,0.341075,491.04908825,1439.71,491.04908825,
2023-10-31 20:00:00+00:00,0.341,0.3425,0.341,0.3425,1407.76,0.34175,481.10198,1407.76,481.10198,
2023-10-31 20:05:00+00:00,0.3416,0.3424,0.3424,0.3416,779.28,0.342,266.51376,779.28,266.51376,
2023-10-31 20:10:00+00:00,0.3415,0.3422,0.3415,0.3419,864.77,0.341775,295.55676675,864.77,295.55676675,
2023-10-31 20:15:00+00:00,0.3422,0.3429,0.3422,0.3429,1373.85,0.34255,470.6123175,1373.85,470.6123175,
2023-10-31 20:20:00+00:00,0.343,0.344,0.343,0.3437,582.06,0.343425,199.8939555,582.06,199.8939555,
2023-10-31 20:25:00+00:00,0.3429,0.3437,0.3437,0.3429,3056.9,0.3433,1049.43377,3056.9,1049.43377,
2023-10-31 20:30:00+00:00,0.3426,0.3432,0.3432,0.3426,105.56,0.3429,36.196524,105.56,36.196524,
2023-10-31 20:35:00+00:00,0.3425,0.343,0.3429,0.3427,146.36,0.342775,50.168549,146.36,50.168549,
2023-10-31 20:40:00+00:00,0.3428,0.3438,0.3428,0.3437,7329.24,0.343275,2515.944861,7329.24,2515.944861,
2023-10-31 20:45:00+00:00,0.344,0.3446,0.344,0.344,2230.43,0.34415,767.6024845,2230.43,767.6024845,
2023-10-31 20:50:00+00:00,0.3431,0.3437,0.3437,0.3437,372.61,0.34355,128.0101655,372.61,128.0101655,
2023-10-31 20:55:00+00:00,0.3431,0.3437,0.3434,0.3437,2220.96,0.343475,762.844236,2220.96,762.844236,
2023-10-31 21:00:00+00:00,0.3425,0.3434,0.3434,0.3425,1743.37,0.34295,597.8887415,1743.37,597.8887415,
2023-10-31 21:05:00+00:00,0.3424,0.3431,0.3424,0.3431,2003.61,0.34275,686.7373275,2003.61,686.7373275,
2023-10-31 21:10:00+00:00,0.3424,0.3431,0.3424,0.3431,2003.61,0.34275,686.7373275,2003.61,686.7373275,
2023-10-31 21:15:00+00:00,0.3431,0.344,0.3434,0.344,1790.13,0.343625,615.13342125,1790.13,615.13342125,
2023-10-31 21:20:00+00:00,0.3434,0.3449,0.3441,0.3443,3251.92,0.344175,1119.229566,3251.92,1119.229566,
2023-10-31 21:25:00+00:00,0.3434,0.344,0.3439,0.3434,478.53,0.343675,164.45879775,478.53,164.45879775,
2023-10-31 21:30:00+00:00,0.3419,0.3431,0.3431,0.3419,2482.92,0.3425,850.4001,2482.92,850.4001,
2023-10-31 21:35:00+00:00,0.3418,0.3423,0.3422,0.3418,3916.85,0.342025,1339.66062125,3916.85,1339.66062125,
2023-10-31 21:40:00+00:00,0.3421,0.3422,0.3422,0.3421,353.96,0.34215,121.107414,353.96,121.107414,
2023-10-31 21:45:00+00:00,0.3407,0.3419,0.3419,0.341,448.12,0.341375,152.976965,448.12,152.976965,
2023-10-31 21:50:00+00:00,0.3407,0.3419,0.3419,0.341,448.12,0.341375,152.976965,448.12,152.976965,
2023-10-31 21:55:00+00:00,0.341,0.3422,0.3411,0.3422,5595.68,0.341625,1911.62418,5595.68,1911.62418,
2023-10-31 22:00:00+00:00,0.342,0.3428,0.342,0.3422,12920.71,0.34225,4422.1129975,12920.71,4422.1129975,
2023-10-31 22:05:00+00:00,0.3416,0.3425,0.3419,0.3425,2365.71,0.342125,809.36853375,2365.71,809.36853375,
2023-10-31 22:10:00+00:00,0.3426,0.3434,0.3428,0.3434,2407.51,0.34305,825.8963055,2407.51,825.8963055,
2023-10-31 22:15:00+00:00,0.343,0.3434,0.3431,0.343,102.52,0.343125,35.177175,102.52,35.177175,
2023-10-31 22:20:00+00:00,0.3434,0.3441,0.3434,0.3441,14965.27,0.34375,5144.3115625,14965.27,5144.3115625,
2023-10-31 22:25:00+00:00,0.3442,0.3446,0.3443,0.3446,626.73,0.344425,215.86148025,626.73,215.86148025,
2023-10-31 22:30:00+00:00,0.344,0.3448,0.344,0.3448,242.79,0.3444,83.616876,242.79,83.616876,
2023-10-31 22:35:00+00:00,0.3449,0.3456,0.3449,0.3456,13724.84,0.34525,4738.50101,13724.84,4738.50101,
2023-10-31 22:40:00+00:00,0.3452,0.3458,0.3452,0.3455,2438.48,0.345425,842.311954,2438.48,842.311954,
2023-10-31 22:45:00+00:00,0.3449,0.3457,0.3456,0.3449,11969.04,0.345275,4132.610286,11969.04,4132.610286,
2023-10-31 22:50:00+00:00,0.3447,0.3452,0.3452,0.3447,160.91,0.34495,55.5059045,160.91,55.5059045,
2023-10-31 22:55:00+00:00,0.3446,0.3451,0.3446,0.3446,2780.43,0.344725,958.48373175,2780.43,958.48373175,
2023-10-31 23:00:00+00:00,0.3442,0.3454,0.3443,0.3454,21960.11,0.344825,7572.39493075,21960.11,7572.39493075,
2023-10-31 23:05:00+00:00,0.3452,0.346,0.3452,0.3452,470.93,0.3454,162.659222,470.93,162.659222,
2023-10-31 23:10:00+00:00,0.3447,0.3455,0.3455,0.3452,50740.97,0.345225,17517.05136825,50740.97,17517.05136825,
2023-10-31 23:15:00+00:00,0.345,0.3454,0.345,0.3453,6524.35,0.345175,2252.04251125,6524.35,2252.04251125,
2023-10-31 23:20:00+00:00,0.3445,0.3452,0.3451,0.3449,17232.0,0.344925,5943.7476,17232.0,5943.7476,
2023-10-31 23:25:00+00:00,0.3449,0.3455,0.3449,0.3455,5657.49,0.3452,1952.965548,5657.49,1952.965548,
2023-10-31 23:30:00+00:00,0.3449,0.3458,0.3458,0.3449,12457.05,0.34535,4302.0422175,12457.05,4302.0422175,
2023-10-31 23:35:00+00:00,0.3452,0.3455,0.3452,0.3455,606.87,0.34535,209.5825545,606.87,209.5825545,
2023-10-31 23:40:00+00:00,0.3458,0.3461,0.3458,0.3458,6250.11,0.345875,2161.75679625,6250.11,2161.75679625,
2023-10-31 23:45:00+00:00,0.3452,0.3457,0.3457,0.3455,28741.03,0.345525,9930.74439075,28741.03,9930.74439075,
2023-10-31 23:50:00+00:00,0.3458,0.3468,0.3458,0.3467,3807.1,0.346275,1318.3035525,3807.1,1318.3035525,
2023-10-31 23:55:00+00:00,0.3461,0.3469,0.3461,0.3467,40652.19,0.34645,14083.9512255,40652.19,14083.9512255,
