timestamp,low,high,open,close,volume,vwap,turnover,homeNotional,foreignNotional,trades
2024-03-01 00:00:00+00:00,0.5984,0.6107,0.6088,0.5984,57577.58,0.604075,34781.1766385,57577.58,34781.1766385,
2024-03-01 00:05:00+00:00,0.5975,0.6013,0.5994,0.5976,58834.94,0.59895,35239.187313,58834.94,35239.187313,
2024-03-01 00:10:00+00:00,0.5903,0.5983,0.5983,0.5908,30163.75,0.594425,17930.08709375,30163.75,17930.08709375,
2024-03-01 00:15:00+00:00,0.5898,0.5958,0.5907,0.5933,56516.41,0.5924,33480.321284,56516.41,33480.321284,
2024-03-01 00:20:00+00:00,0.5884,0.5927,0.5927,0.5908,9470.91,0.59115,5598.7284465,9470.91,5598.7284465,
2024-03-01 00:25:00+00:00,0.5902,0.5944,0.5908,0.5911,8712.91,0.591625,5154.77537875,8712.91,5154.77537875,
2024-03-01 00:30:00+00:00,0.5915,0.5955,0.5915,0.5938,1741.78,0.593075,1033.0061735,1741.78,1033.0061735,
2024-03-01 00:35:00+00:00,0.5927,0.5973,0.594,0.5973,10049.77,0.595325,5982.87932525,10049.77,5982.87932525,
2024-03-01 00:40:00+00:00,0.5975,0.6042,0.5975,0.6042,20231.21,0.60085,12155.9225285,20231.21,12155.9225285,
2024-03-01 00:45:00+00:00,0.6043,0.6103,0.6044,0.6074,19913.49,0.6066,12079.523034,19913.49,12079.523034,
2024-03-01 00:50:00+00:00,0.6067,0.609,0.6068,0.6071,20442.78,0.6074,12416.944572,20442.78,12416.944572,
2024-03-01 00:55:00+00:00,0.6041,0.6086,0.608,0.608,14591.19,0.607175,8859.40578825,14591.19,8859.40578825,
2024-03-01 01:00:00+00:00,0.6032,0.6089,0.6086,0.6056,9430.48,0.606575,5720.293406,9430.48,5720.293406,
2024-03-01 01:05:00+00:00,0.6017,0.605,0.6038,0.6038,1762.54,0.603575,1063.8250805,1762.54,1063.8250805,
2024-03-01 01:10:00+00:00,0.6026,0.6062,0.6044,0.6038,2642.24,0.60425,1596.57352,2642.24,1596.57352,
2024-03-01 01:15:00+00:00,0.6012,0.6035,0.6032,0.6015,5818.78,0.60235,3504.942133,5818.78,3504.942133,
2024-03-01 01:20:00+00:00,0.599,0.6014,0.6008,0.5996,24027.18,0.6002,14421.113436,24027.18,14421.113436,
2024-03-01 01:25:00+00:00,0.599,0.605,0.5991,0.6038,9902.1,0.601725,5958.3411225,9902.1,5958.3411225,
2024-03-01 01:30:00+00:00,0.5943,0.6033,0.6033,0.5961,42803.32,0.59925,25649.88951,42803.32,25649.88951,
2024-03-01 01:35:00+00:00,0.5963,0.5994,0.5963,0.5986,4477.0,0.59765,2675.67905,4477.0,2675.67905,
2024-03-01 01:40:00+00:00,0.5984,0.6008,0.5984,0.5999,8432.47,0.599375,5054.21170625,8432.47,5054.21170625,
2024-03-01 01:45:00+00:00,0.5962,0.602,0.6002,0.6013,17195.79,0.599925,10316.18431575,17195.79,10316.18431575,
2024-03-01 01:50:00+00:00,0.5988,0.6026,0.6012,0.6002,13494.98,0.6007,8106.434486,13494.98,8106.434486,
2024-03-01 01:55:00+00:00,0.5978,0.6026,0.5996,0.5982,19475.3,0.59955,11676.416115,19475.3,11676.416115,
2024-03-01 02:00:00+00:00,0.5974,0.6004,0.5974,0.6004,2815.67,0.5989,1686.304763,2815.67,1686.304763,
2024-03-01 02:05:00+00:00,0.5965,0.6012,0.6008,0.5984,1692.45,0.599225,1014.15835125,1692.45,1014.15835125,
2024-03-01 02:10:00+00:00,0.5968,0.6008,0.5981,0.5975,22015.26,0.5983,13171.730058,22015.26,13171.730058,
2024-03-01 02:15:00+00:00,0.596,0.6022,0.5972,0.5984,40756.84,0.59845,24390.930898,40756.84,24390.930898,
2024-03-01 02:20:00+00:00,0.5978,0.605,0.599,0.6041,14298.62,0.601475,8600.2624645,14298.62,8600.2624645,
2024-03-01 02:25:00+00:00,0.6012,0.6044,0.6039,0.602,5440.36,0.602875,3279.857035,5440.36,3279.857035,
2024-03-01 02:30:00+00:00,0.6012,0.605,0.6017,0.6049,2833.03,0.6032,1708.883696,2833.03,1708.883696,
2024-03-01 02:35:00+00:00,0.6008,0.6047,0.6047,0.602,9240.25,0.60305,5572.3327625,9240.25,5572.3327625,
2024-03-01 02:40:00+00:00,0.6011,0.6064,0.6011,0.6064,558.29,0.60375,337.0675875,558.29,337.0675875,
2024-03-01 02:45:00+00:00,0.603,0.607,0.6056,0.6068,92718.02,0.6056,56150.032912,92718.02,56150.032912,
2024-03-01 02:50:00+00:00,0.605,0.6091,0.6074,0.6075,7921.42,0.60725,4810.282295,7921.42,4810.282295,
2024-03-01 02:55:00+00:00,0.6077,0.6098,0.6078,0.6092,6215.1,0.608625,3782.6652375,6215.1,3782.6652375,
2024-03-01 03:00:00+00:00,0.6077,0.6112,0.6086,0.6111,2602.87,0.60965,1586.8396955,2602.87,1586.8396955,
2024-03-01 03:05:00+00:00,0.6114,0.6143,0.6116,0.6114,15982.09,0.612175,9783.83594575,15982.09,9783.83594575,
2024-03-01 03:10:00+00:00,0.6048,0.6115,0.6115,0.6062,11651.97,0.6085,7090.223745,11651.97,7090.223745,
2024-03-01 03:15:00+00:00,0.6056,0.608,0.6068,0.6068,1500.37,0.6068,910.424516,1500.37,910.424516,
2024-03-01 03:20:00+00:00,0.6017,0.6066,0.6066,0.6017,3788.07,0.60415,2288.5624905,3788.07,2288.5624905,
2024-03-01 03:25:00+00:00,0.5996,0.6026,0.6014,0.6002,27812.14,0.60095,16713.705533,27812.14,16713.705533,
2024-03-01 03:30:00+00:00,0.6008,0.6029,0.6008,0.6008,3674.22,0.601325,2209.4003415,3674.22,2209.4003415,
2024-03-01 03:35:00+00:00,0.6002,0.6026,0.6002,0.6014,26213.79,0.6011,15757.109169,26213.79,15757.109169,
2024-03-01 03:40:00+00:00,0.6018,0.6038,0.6019,0.6038,3654.1,0.602825,2202.7828325,3654.1,2202.7828325,
2024-03-01 03:45:00+00:00,0.6041,0.6062,0.6044,0.6041,1066.37,0.6047,644.833939,1066.37,644.833939,
2024-03-01 03:50:00+00:00,0.6032,0.6056,0.6045,0.6034,8360.49,0.604175,5051.19904575,8360.49,5051.19904575,
2024-03-01 03:55:00+00:00,0.6018,0.6068,0.6029,0.6068,8689.31,0.604575,5253.33959325,8689.31,5253.33959325,
2024-03-01 04:00:00+00:00,0.6054,0.608,0.6062,0.6058,3248.96,0.60635,1970.006896,3248.96,1970.006896,
2024-03-01 04:05:00+00:00,0.6042,0.6071,0.6058,0.6058,1510.51,0.605725,914.95366975,1510.51,914.95366975,
2024-03-01 04:10:00+00:00,0.6046,0.6068,0.6056,0.6068,1345.44,0.60595,815.269368,1345.44,815.269368,
2024-03-01 04:15:00+00:00,0.6063,0.6088,0.6067,0.6068,3940.47,0.60715,2392.4563605,3940.47,2392.4563605,
2024-03-01 04:20:00+00:00,0.6044,0.6074,0.6062,0.6044,8850.89,0.6056,5360.098984,8850.89,5360.098984,
2024-03-01 04:25:00+00:00,0.6045,0.6063,0.605,0.6045,25801.82,0.605075,15612.0362365,25801.82,15612.0362365,
2024-03-01 04:30:00+00:00,0.6047,0.6058,0.6047,0.6053,9212.96,0.605125,5574.99242,9212.96,5574.99242,
2024-03-01 04:35:00+00:00,0.6056,0.6086,0.6056,0.6086,1648.24,0.6071,1000.646504,1648.24,1000.646504,
2024-03-01 04:40:00+00:00,0.6067,0.6093,0.6088,0.6093,10750.87,0.608525,6542.17316675,10750.87,6542.17316675,
2024-03-01 04:45:00+00:00,0.6074,0.6098,0.6095,0.6098,9783.57,0.609125,5959.41707625,9783.57,5959.41707625,
2024-03-01 04:50:00+00:00,0.6085,0.6105,0.6085,0.6097,74206.92,0.6093,45214.276356,74206.92,45214.276356,
2024-03-01 04:55:00+00:00,0.6092,0.6107,0.6098,0.6104,3746.91,0.610025,2285.70877275,3746.91,2285.70877275,
2024-03-01 05:00:00+00:00,0.6068,0.6116,0.611,0.6086,8331.48,0.6095,5078.03706,8331.48,5078.03706,
2024-03-01 05:05:00+00:00,0.6092,0.6131,0.6092,0.6115,11473.46,0.61075,7007.415695,11473.46,7007.415695,
2024-03-01 05:10:00+00:00,0.6122,0.6131,0.6122,0.613,5282.04,0.612625,3235.909755,5282.04,3235.909755,
2024-03-01 05:15:00+00:00,0.6118,0.6205,0.6132,0.6205,21324.01,0.6165,13146.252165,21324.01,13146.252165,
2024-03-01 05:20:00+00:00,0.6206,0.6243,0.6206,0.6238,27360.43,0.622325,17027.07959975,27360.43,17027.07959975,
2024-03-01 05:25:00+00:00,0.6218,0.6298,0.624,0.6231,25401.28,0.624675,15867.544584,25401.28,15867.544584,
2024-03-01 05:30:00+00:00,0.621,0.6271,0.6231,0.6218,20434.13,0.62325,12735.5715225,20434.13,12735.5715225,
2024-03-01 05:35:00+00:00,0.6201,0.6254,0.6223,0.6216,18550.72,0.62235,11545.040592,18550.72,11545.040592,
2024-03-01 05:40:00+00:00,0.6203,0.6248,0.6221,0.6239,21074.65,0.622775,13124.76515375,21074.65,13124.76515375,
2024-03-01 05:45:00+00:00,0.6218,0.6254,0.6237,0.6249,4585.37,0.62395,2861.0416115,4585.37,2861.0416115,
2024-03-01 05:50:00+00:00,0.6212,0.6263,0.625,0.6218,43369.69,0.623575,27044.25444175,43369.69,27044.25444175,
2024-03-01 05:55:00+00:00,0.6207,0.623,0.6222,0.623,22849.03,0.622225,14217.23769175,22849.03,14217.23769175,
2024-03-01 06:00:00+00:00,0.6236,0.6284,0.6236,0.6278,20344.77,0.62585,12732.7743045,20344.77,12732.7743045,
2024-03-01 06:05:00+00:00,0.625,0.6302,0.6281,0.6278,22899.49,0.627775,14375.72733475,22899.49,14375.72733475,
2024-03-01 06:10:00+00:00,0.626,0.629,0.6281,0.6272,2875.07,0.627575,1804.32205525,2875.07,1804.32205525,
2024-03-01 06:15:00+00:00,0.6254,0.6292,0.6273,0.6272,6933.72,0.627275,4349.349213,6933.72,4349.349213,
2024-03-01 06:20:00+00:00,0.625,0.6284,0.6278,0.625,5133.59,0.62655,3216.4508145,5133.59,3216.4508145,
2024-03-01 06:25:00+00:00,0.6218,0.6253,0.6251,0.6226,18313.96,0.6237,11422.416852,18313.96,11422.416852,
2024-03-01 06:30:00+00:00,0.6187,0.6228,0.6224,0.6224,6693.46,0.621575,4160.4873995,6693.46,4160.4873995,
2024-03-01 06:35:00+00:00,0.6188,0.6239,0.6218,0.6229,16888.51,0.62185,10502.1199435,16888.51,10502.1199435,
2024-03-01 06:40:00+00:00,0.6201,0.623,0.623,0.6201,11347.49,0.62155,7053.0324095,11347.49,7053.0324095,
2024-03-01 06:45:00+00:00,0.6206,0.6242,0.6206,0.6242,4917.02,0.6224,3060.353248,4917.02,3060.353248,
2024-03-01 06:50:00+00:00,0.6248,0.6264,0.6248,0.626,14319.49,0.6255,8956.840995,14319.49,8956.840995,
2024-03-01 06:55:00+00:00,0.6236,0.6275,0.6254,0.6275,10002.45,0.626,6261.5337,10002.45,6261.5337,
2024-03-01 07:00:00+00:00,0.6238,0.6265,0.6265,0.6242,8709.01,0.62525,5445.3085025,8709.01,5445.3085025,
2024-03-01 07:05:00+00:00,0.6194,0.6242,0.6236,0.62,4992.55,0.6218,3104.36759,4992.55,3104.36759,
2024-03-01 07:10:00+00:00,0.6187,0.6209,0.6201,0.62,2722.5,0.619925,1687.7458125,2722.5,1687.7458125,
2024-03-01 07:15:00+00:00,0.6163,0.6194,0.6194,0.617,24470.86,0.618025,15123.6032515,24470.86,15123.6032515,
2024-03-01 07:20:00+00:00,0.615,0.6176,0.6166,0.6161,17324.64,0.616325,10677.608748,17324.64,10677.608748,
2024-03-01 07:25:00+00:00,0.6125,0.6152,0.6152,0.6131,1972.89,0.614,1211.35446,1972.89,1211.35446,
2024-03-01 07:30:00+00:00,0.612,0.6164,0.6125,0.6152,3463.24,0.614025,2126.515941,3463.24,2126.515941,
2024-03-01 07:35:00+00:00,0.6122,0.6154,0.6154,0.6125,5096.04,0.613875,3128.331555,5096.04,3128.331555,
2024-03-01 07:40:00+00:00,0.6089,0.6122,0.6117,0.6089,5041.49,0.610425,3077.45153325,5041.49,3077.45153325,
2024-03-01 07:45:00+00:00,0.608,0.6131,0.6094,0.6131,6603.83,0.6109,4034.279747,6603.83,4034.279747,
2024-03-01 07:50:00+00:00,0.6092,0.613,0.6127,0.6104,6546.75,0.611325,4002.19194375,6546.75,4002.19194375,
2024-03-01 07:55:00+00:00,0.6104,0.6112,0.611,0.6105,619.0,0.610775,378.069725,619.0,378.069725,
2024-03-01 08:00:00+00:00,0.6103,0.6134,0.611,0.6134,8742.25,0.612025,5350.47555625,8742.25,5350.47555625,
2024-03-01 08:05:00+00:00,0.6098,0.6137,0.6128,0.6128,2449.24,0.612275,1499.608421,2449.24,1499.608421,
2024-03-01 08:10:00+00:00,0.6127,0.6157,0.6127,0.6156,2962.53,0.614175,1819.51186275,2962.53,1819.51186275,
2024-03-01 08:15:00+00:00,0.6151,0.6159,0.6151,0.6154,8956.07,0.615375,5511.34157625,8956.07,5511.34157625,
2024-03-01 08:20:00+00:00,0.6136,0.6167,0.6158,0.6136,5622.67,0.614925,3457.52034975,5622.67,3457.52034975,
2024-03-01 08:25:00+00:00,0.6124,0.6149,0.6139,0.613,4385.52,0.61355,2690.735796,4385.52,2690.735796,
2024-03-01 08:30:00+00:00,0.6099,0.6122,0.6122,0.6107,6484.63,0.61125,3963.7300875,6484.63,3963.7300875,
2024-03-01 08:35:00+00:00,0.6104,0.6134,0.6108,0.6126,10009.78,0.6118,6123.983404,10009.78,6123.983404,
2024-03-01 08:40:00+00:00,0.613,0.6152,0.613,0.6146,977.68,0.61395,600.246636,977.68,600.246636,
2024-03-01 08:45:00+00:00,0.6145,0.6165,0.615,0.6146,1891.33,0.61515,1163.4516495,1891.33,1163.4516495,
2024-03-01 08:50:00+00:00,0.6152,0.6182,0.6152,0.6164,465.05,0.61625,286.5870625,465.05,286.5870625,
2024-03-01 08:55:00+00:00,0.6143,0.6172,0.6171,0.6165,2824.29,0.616275,1740.53931975,2824.29,1740.53931975,
2024-03-01 09:00:00+00:00,0.6145,0.6191,0.6158,0.6184,3372.77,0.61695,2080.8304515,3372.77,2080.8304515,
2024-03-01 09:05:00+00:00,0.6176,0.6195,0.6189,0.6176,5209.59,0.6184,3221.610456,5209.59,3221.610456,
2024-03-01 09:10:00+00:00,0.6174,0.6187,0.6179,0.6187,2850.78,0.618175,1762.2809265,2850.78,1762.2809265,
2024-03-01 09:15:00+00:00,0.6156,0.6194,0.6188,0.6157,1416.17,0.617375,874.30795375,1416.17,874.30795375,
2024-03-01 09:20:00+00:00,0.6164,0.6174,0.6164,0.6168,3181.46,0.61675,1962.165455,3181.46,1962.165455,
2024-03-01 09:25:00+00:00,0.6145,0.6182,0.6176,0.6156,37582.28,0.616475,23168.536063,37582.28,23168.536063,
2024-03-01 09:30:00+00:00,0.6146,0.6159,0.6146,0.6158,636.16,0.615225,391.381536,636.16,391.381536,
2024-03-01 09:35:00+00:00,0.6163,0.6179,0.6163,0.6179,5574.28,0.6171,3439.888188,5574.28,3439.888188,
2024-03-01 09:40:00+00:00,0.6176,0.6192,0.6181,0.6176,3867.68,0.618125,2390.7097,3867.68,2390.7097,
2024-03-01 09:45:00+00:00,0.6163,0.6182,0.6176,0.6164,7569.52,0.617125,4671.34003,7569.52,4671.34003,
2024-03-01 09:50:00+00:00,0.6167,0.6176,0.6176,0.6168,1200.08,0.617175,740.659374,1200.08,740.659374,
2024-03-01 09:55:00+00:00,0.6164,0.6174,0.6168,0.617,213.9,0.6169,131.95491,213.9,131.95491,
2024-03-01 10:00:00+00:00,0.6163,0.62,0.6166,0.62,12672.03,0.618225,7834.16574675,12672.03,7834.16574675,
2024-03-01 10:05:00+00:00,0.6206,0.6248,0.6206,0.6224,13867.54,0.6221,8626.996634,13867.54,8626.996634,
2024-03-01 10:10:00+00:00,0.6224,0.6338,0.6224,0.6333,69658.95,0.627975,43744.07912625,69658.95,43744.07912625,
2024-03-01 10:15:00+00:00,0.6277,0.6374,0.6334,0.6358,85056.73,0.633575,53889.81770975,85056.73,53889.81770975,
2024-03-01 10:20:00+00:00,0.629,0.6368,0.6363,0.6314,8283.5,0.633375,5246.5618125,8283.5,5246.5618125,
2024-03-01 10:25:00+00:00,0.6277,0.6315,0.6315,0.6313,17490.41,0.6305,11027.703505,17490.41,11027.703505,
2024-03-01 10:30:00+00:00,0.6296,0.6326,0.632,0.6308,4255.08,0.63125,2686.01925,4255.08,2686.01925,
2024-03-01 10:35:00+00:00,0.6278,0.6308,0.6302,0.6278,9584.14,0.62915,6029.861681,9584.14,6029.861681,
2024-03-01 10:40:00+00:00,0.6248,0.628,0.6278,0.626,13073.56,0.62665,8192.546374,13073.56,8192.546374,
2024-03-01 10:45:00+00:00,0.6236,0.6272,0.6266,0.6248,9172.39,0.62555,5737.7885645,9172.39,5737.7885645,
2024-03-01 10:50:00+00:00,0.623,0.6262,0.6249,0.626,4362.69,0.625025,2726.79031725,4362.69,2726.79031725,
2024-03-01 10:55:00+00:00,0.6257,0.6287,0.6266,0.6266,8998.32,0.6269,5641.046808,8998.32,5641.046808,
2024-03-01 11:00:00+00:00,0.625,0.6278,0.6272,0.6275,6747.92,0.626875,4230.10235,6747.92,4230.10235,
2024-03-01 11:05:00+00:00,0.6278,0.632,0.6284,0.632,5272.7,0.63005,3322.064635,5272.7,3322.064635,
2024-03-01 11:10:00+00:00,0.6308,0.6349,0.6319,0.6326,14828.93,0.63255,9380.0396715,14828.93,9380.0396715,
2024-03-01 11:15:00+00:00,0.6276,0.6323,0.6323,0.6276,20340.19,0.62995,12813.3026905,20340.19,12813.3026905,
2024-03-01 11:20:00+00:00,0.6254,0.6285,0.6283,0.6266,6646.96,0.6272,4168.973312,6646.96,4168.973312,
2024-03-01 11:25:00+00:00,0.6232,0.6264,0.6264,0.6254,3216.23,0.62535,2011.2694305,3216.23,2011.2694305,
2024-03-01 11:30:00+00:00,0.6218,0.6265,0.6248,0.6248,2724.99,0.624475,1701.68813025,2724.99,1701.68813025,
2024-03-01 11:35:00+00:00,0.6228,0.6264,0.6242,0.6264,942.26,0.62495,588.865387,942.26,588.865387,
2024-03-01 11:40:00+00:00,0.6233,0.6272,0.6266,0.6261,3095.19,0.6258,1936.969902,3095.19,1936.969902,
2024-03-01 11:45:00+00:00,0.6253,0.6272,0.6266,0.6266,795.55,0.626425,498.35240875,795.55,498.35240875,
2024-03-01 11:50:00+00:00,0.6254,0.6302,0.6263,0.6302,795.56,0.628025,499.631569,795.56,499.631569,
2024-03-01 11:55:00+00:00,0.6266,0.6306,0.6302,0.6278,3630.4,0.6288,2282.79552,3630.4,2282.79552,
2024-03-01 12:00:00+00:00,0.6253,0.6278,0.6272,0.626,2513.0,0.626575,1574.582975,2513.0,1574.582975,
2024-03-01 12:05:00+00:00,0.6258,0.6315,0.6258,0.6315,1495.82,0.62865,940.347243,1495.82,940.347243,
2024-03-01 12:10:00+00:00,0.629,0.632,0.6315,0.6293,19423.24,0.63045,12245.381658,19423.24,12245.381658,
2024-03-01 12:15:00+00:00,0.63,0.6314,0.6301,0.6304,3590.9,0.630475,2263.9726775,3590.9,2263.9726775,
2024-03-01 12:20:00+00:00,0.6295,0.6314,0.6296,0.6308,3950.98,0.630325,2490.4014685,3950.98,2490.4014685,
2024-03-01 12:25:00+00:00,0.6282,0.6312,0.6306,0.629,38042.39,0.62975,23957.1951025,38042.39,23957.1951025,
2024-03-01 12:30:00+00:00,0.6272,0.6317,0.6285,0.6308,64525.29,0.62955,40621.8963195,64525.29,40621.8963195,
2024-03-01 12:35:00+00:00,0.6313,0.6345,0.6314,0.6337,8075.08,0.632725,5109.304993,8075.08,5109.304993,
2024-03-01 12:40:00+00:00,0.6321,0.6344,0.6326,0.634,149873.04,0.633275,94910.849406,149873.04,94910.849406,
2024-03-01 12:45:00+00:00,0.6304,0.6355,0.634,0.6338,169818.17,0.633425,107567.07433225,169818.17,107567.07433225,
2024-03-01 12:50:00+00:00,0.6332,0.635,0.6338,0.6341,11396.05,0.634025,7225.38060125,11396.05,7225.38060125,
2024-03-01 12:55:00+00:00,0.6314,0.6346,0.6339,0.6346,7066.14,0.633625,4477.2829575,7066.14,4477.2829575,
2024-03-01 13:00:00+00:00,0.6308,0.6351,0.6341,0.6329,38993.39,0.633225,24691.58938275,38993.39,24691.58938275,
2024-03-01 13:05:00+00:00,0.6314,0.635,0.6326,0.6349,4150.33,0.633475,2629.13029675,4150.33,2629.13029675,
2024-03-01 13:10:00+00:00,0.6326,0.6368,0.6356,0.6368,6189.2,0.63545,3932.92714,6189.2,3932.92714,
2024-03-01 13:15:00+00:00,0.635,0.6381,0.6368,0.6377,5084.81,0.6369,3238.515489,5084.81,3238.515489,
2024-03-01 13:20:00+00:00,0.6356,0.6385,0.6375,0.6359,37350.08,0.636875,23787.3322,37350.08,23787.3322,
2024-03-01 13:25:00+00:00,0.6314,0.6362,0.6361,0.6357,104916.45,0.63485,66606.2082825,104916.45,66606.2082825,
2024-03-01 13:30:00+00:00,0.6332,0.6376,0.6358,0.6367,26736.29,0.635825,16999.60158925,26736.29,16999.60158925,
2024-03-01 13:35:00+00:00,0.635,0.637,0.6368,0.6355,18158.97,0.636075,11550.46684275,18158.97,11550.46684275,
2024-03-01 13:40:00+00:00,0.6325,0.6359,0.6356,0.6327,4945.66,0.634175,3136.4139305,4945.66,3136.4139305,
2024-03-01 13:45:00+00:00,0.6313,0.6333,0.6333,0.6329,3270.34,0.6327,2069.144118,3270.34,2069.144118,
2024-03-01 13:50:00+00:00,0.632,0.636,0.632,0.6355,24173.49,0.633875,15322.97097375,24173.49,15322.97097375,
2024-03-01 13:55:00+00:00,0.6351,0.6378,0.6362,0.6375,9730.25,0.63665,6194.7636625,9730.25,6194.7636625,
2024-03-01 14:00:00+00:00,0.6368,0.6399,0.6379,0.6391,12150.67,0.638425,7757.29149475,12150.67,7757.29149475,
2024-03-01 14:05:00+00:00,0.6355,0.6399,0.6389,0.6355,24460.4,0.63745,15592.28198,24460.4,15592.28198,
2024-03-01 14:10:00+00:00,0.6339,0.6364,0.6362,0.6361,24846.36,0.63565,15793.588734,24846.36,15793.588734,
2024-03-01 14:15:00+00:00,0.6337,0.6374,0.6356,0.635,7154.92,0.635425,4546.415041,7154.92,4546.415041,
2024-03-01 14:20:00+00:00,0.6356,0.646,0.6356,0.646,98152.58,0.6408,62896.173264,98152.58,62896.173264,
2024-03-01 14:25:00+00:00,0.6464,0.6496,0.6464,0.6481,24353.4,0.647625,15771.870675,24353.4,15771.870675,
2024-03-01 14:30:00+00:00,0.6447,0.6529,0.6485,0.649,61862.63,0.648775,40134.92777825,61862.63,40134.92777825,
2024-03-01 14:35:00+00:00,0.643,0.6535,0.6488,0.6535,332872.85,0.6497,216267.490645,332872.85,216267.490645,
2024-03-01 14:40:00+00:00,0.6439,0.6538,0.6533,0.65,26545.02,0.65025,17260.899255,26545.02,17260.899255,
2024-03-01 14:45:00+00:00,0.6477,0.6545,0.6514,0.6479,25567.18,0.650375,16628.2546925,25567.18,16628.2546925,
2024-03-01 14:50:00+00:00,0.6481,0.6556,0.6481,0.6516,23952.13,0.65085,15589.2438105,23952.13,15589.2438105,
2024-03-01 14:55:00+00:00,0.6517,0.6673,0.6517,0.6658,247641.43,0.659125,163226.65754875,247641.43,163226.65754875,
2024-03-01 15:00:00+00:00,0.6578,0.6682,0.6654,0.6582,35328.95,0.6624,23401.89648,35328.95,23401.89648,
2024-03-01 15:05:00+00:00,0.65,0.6587,0.6587,0.6502,16903.92,0.6544,11061.925248,16903.92,11061.925248,
2024-03-01 15:10:00+00:00,0.6513,0.6569,0.6513,0.6562,71853.9,0.653925,46987.0615575,71853.9,46987.0615575,
2024-03-01 15:15:00+00:00,0.6475,0.6578,0.6565,0.6501,246966.34,0.652975,161262.8458615,246966.34,161262.8458615,
2024-03-01 15:20:00+00:00,0.6488,0.6553,0.6501,0.6541,37803.49,0.652075,24650.71074175,37803.49,24650.71074175,
2024-03-01 15:25:00+00:00,0.6528,0.6587,0.6533,0.6568,249462.42,0.6554,163497.670068,249462.42,163497.670068,
2024-03-01 15:30:00+00:00,0.6528,0.6569,0.6568,0.6542,16297.02,0.655175,10677.4000785,16297.02,10677.4000785,
2024-03-01 15:35:00+00:00,0.6507,0.6557,0.6549,0.6535,18584.64,0.6537,12148.779168,18584.64,12148.779168,
2024-03-01 15:40:00+00:00,0.649,0.6556,0.6531,0.6535,4916.77,0.6528,3209.667456,4916.77,3209.667456,
2024-03-01 15:45:00+00:00,0.6494,0.656,0.6539,0.65,259777.48,0.652325,169459.344641,259777.48,169459.344641,
2024-03-01 15:50:00+00:00,0.6458,0.6511,0.65,0.6458,25787.98,0.648175,16715.1239365,25787.98,16715.1239365,
2024-03-01 15:55:00+00:00,0.6445,0.6488,0.6452,0.6456,12718.45,0.646025,8216.43666125,12718.45,8216.43666125,
2024-03-01 16:00:00+00:00,0.6452,0.6494,0.6452,0.6494,10494.0,0.6473,6792.7662,10494.0,6792.7662,
2024-03-01 16:05:00+00:00,0.6454,0.6482,0.6482,0.6454,158286.45,0.6468,102379.67586,158286.45,102379.67586,
2024-03-01 16:10:00+00:00,0.6452,0.6488,0.6454,0.6488,106980.77,0.64705,69221.9072285,106980.77,69221.9072285,
2024-03-01 16:15:00+00:00,0.6422,0.6494,0.6485,0.644,14021.74,0.646025,9058.3945835,14021.74,9058.3945835,
2024-03-01 16:20:00+00:00,0.6419,0.6465,0.6434,0.6462,5231.58,0.6445,3371.75331,5231.58,3371.75331,
2024-03-01 16:25:00+00:00,0.6434,0.6464,0.6458,0.6434,8602.35,0.64475,5546.3651625,8602.35,5546.3651625,
2024-03-01 16:30:00+00:00,0.6394,0.643,0.643,0.6394,5753.29,0.6412,3689.009548,5753.29,3689.009548,
2024-03-01 16:35:00+00:00,0.6389,0.6414,0.6395,0.6396,7856.33,0.63985,5026.8727505,7856.33,5026.8727505,
2024-03-01 16:40:00+00:00,0.6376,0.6421,0.6392,0.641,120970.52,0.639975,77418.108537,120970.52,77418.108537,
2024-03-01 16:45:00+00:00,0.6404,0.6416,0.6416,0.6416,123197.21,0.6413,79006.370773,123197.21,79006.370773,
2024-03-01 16:50:00+00:00,0.6379,0.6423,0.6422,0.6379,28756.86,0.640075,18406.5471645,28756.86,18406.5471645,
2024-03-01 16:55:00+00:00,0.6366,0.6391,0.6379,0.6374,2356.34,0.63775,1502.755835,2356.34,1502.755835,
2024-03-01 17:00:00+00:00,0.6379,0.644,0.638,0.6439,5996.35,0.64095,3843.3605325,5996.35,3843.3605325,
2024-03-01 17:05:00+00:00,0.644,0.649,0.644,0.649,30324.18,0.6465,19604.58237,30324.18,19604.58237,
2024-03-01 17:10:00+00:00,0.645,0.6478,0.6476,0.6458,9621.58,0.64655,6220.832549,9621.58,6220.832549,
2024-03-01 17:15:00+00:00,0.6422,0.6458,0.6452,0.6437,9934.91,0.644225,6400.31739475,9934.91,6400.31739475,
2024-03-01 17:20:00+00:00,0.6416,0.6442,0.6434,0.6442,6389.79,0.64335,4110.8713965,6389.79,4110.8713965,
2024-03-01 17:25:00+00:00,0.6443,0.6468,0.6446,0.6463,3203.79,0.6455,2068.046445,3203.79,2068.046445,
2024-03-01 17:30:00+00:00,0.644,0.6458,0.6456,0.6454,6443.53,0.6452,4157.365556,6443.53,4157.365556,
2024-03-01 17:35:00+00:00,0.6431,0.6458,0.6458,0.6434,4569.69,0.644525,2945.27944725,4569.69,2945.27944725,
2024-03-01 17:40:00+00:00,0.6418,0.6452,0.6428,0.6448,17658.56,0.64365,11365.932144,17658.56,11365.932144,
2024-03-01 17:45:00+00:00,0.6441,0.6473,0.6442,0.6473,2459.47,0.645725,1588.14126575,2459.47,1588.14126575,
2024-03-01 17:50:00+00:00,0.6438,0.6476,0.6472,0.6442,9047.21,0.6457,5841.783497,9047.21,5841.783497,
2024-03-01 17:55:00+00:00,0.6434,0.6459,0.644,0.6459,1905.87,0.6448,1228.904976,1905.87,1228.904976,
2024-03-01 18:00:00+00:00,0.6416,0.6452,0.6452,0.6437,10124.96,0.643925,6519.714868,10124.96,6519.714868,
2024-03-01 18:05:00+00:00,0.6398,0.6434,0.6434,0.64,12875.23,0.64165,8261.3913295,12875.23,8261.3913295,
2024-03-01 18:10:00+00:00,0.637,0.6418,0.6399,0.6378,212881.96,0.639125,136058.182685,212881.96,136058.182685,
2024-03-01 18:15:00+00:00,0.6367,0.6395,0.6378,0.6387,29260.01,0.638175,18673.00688175,29260.01,18673.00688175,
2024-03-01 18:20:00+00:00,0.6368,0.6405,0.6372,0.6386,13263.4,0.638275,8465.696635,13263.4,8465.696635,
2024-03-01 18:25:00+00:00,0.6389,0.6424,0.6389,0.6417,6155.12,0.640475,3942.200482,6155.12,3942.200482,
2024-03-01 18:30:00+00:00,0.6402,0.6425,0.641,0.641,2273.34,0.641175,1457.6087745,2273.34,1457.6087745,
2024-03-01 18:35:00+00:00,0.6405,0.6431,0.641,0.6412,4042.67,0.64145,2593.1706715,4042.67,2593.1706715,
2024-03-01 18:40:00+00:00,0.6402,0.6436,0.6412,0.6431,51592.29,0.642025,33123.53998725,51592.29,33123.53998725,
2024-03-01 18:45:00+00:00,0.642,0.6451,0.6437,0.6421,66115.39,0.643225,42527.07173275,66115.39,42527.07173275,
2024-03-01 18:50:00+00:00,0.6409,0.642,0.642,0.6413,3396.56,0.64155,2179.063068,3396.56,2179.063068,
2024-03-01 18:55:00+00:00,0.6404,0.6416,0.641,0.6416,3004.02,0.64115,1926.027423,3004.02,1926.027423,
2024-03-01 19:00:00+00:00,0.6403,0.6422,0.6419,0.641,1357.29,0.64135,870.4979415,1357.29,870.4979415,
2024-03-01 19:05:00+00:00,0.6388,0.6405,0.6404,0.6397,7061.13,0.63985,4518.0640305,7061.13,4518.0640305,
2024-03-01 19:10:00+00:00,0.6377,0.6398,0.6392,0.6398,2281.01,0.639125,1457.85051625,2281.01,1457.85051625,
2024-03-01 19:15:00+00:00,0.6398,0.6416,0.641,0.6407,9429.78,0.640775,6042.3672795,9429.78,6042.3672795,
2024-03-01 19:20:00+00:00,0.6408,0.6419,0.6416,0.6419,1592.89,0.64155,1021.9185795,1592.89,1021.9185795,
2024-03-01 19:25:00+00:00,0.6404,0.6423,0.641,0.641,3954.05,0.641175,2535.23800875,3954.05,2535.23800875,
2024-03-01 19:30:00+00:00,0.6409,0.6428,0.641,0.6418,689.41,0.641625,442.34269125,689.41,442.34269125,
2024-03-01 19:35:00+00:00,0.6428,0.6446,0.6428,0.6439,874.32,0.643525,562.646778,874.32,562.646778,
2024-03-01 19:40:00+00:00,0.6428,0.6431,0.6428,0.6431,1708.82,0.64295,1098.685819,1708.82,1098.685819,
2024-03-01 19:45:00+00:00,0.6429,0.6468,0.643,0.6457,26578.47,0.6446,17132.481762,26578.47,17132.481762,
2024-03-01 19:50:00+00:00,0.644,0.6458,0.6458,0.6452,1067.25,0.6452,688.5897,1067.25,688.5897,
2024-03-01 19:55:00+00:00,0.6446,0.6464,0.6452,0.6448,11795.54,0.64525,7611.072185,11795.54,7611.072185,
2024-03-01 20:00:00+00:00,0.6447,0.6514,0.6451,0.6494,75195.25,0.64765,48700.2036625,75195.25,48700.2036625,
2024-03-01 20:05:00+00:00,0.6476,0.65,0.6488,0.6476,18904.52,0.6485,12259.58122,18904.52,12259.58122,
2024-03-01 20:10:00+00:00,0.6457,0.6474,0.6474,0.6464,17705.22,0.646725,11450.4084045,17705.22,11450.4084045,
2024-03-01 20:15:00+00:00,0.6446,0.6482,0.647,0.6474,4507.13,0.6468,2915.211684,4507.13,2915.211684,
2024-03-01 20:20:00+00:00,0.6464,0.6489,0.6474,0.6474,13836.62,0.647525,8959.5573655,13836.62,8959.5573655,
2024-03-01 20:25:00+00:00,0.6464,0.6482,0.6473,0.6475,689.9,0.64735,446.606765,689.9,446.606765,
2024-03-01 20:30:00+00:00,0.6455,0.647,0.6464,0.6469,3945.43,0.64645,2550.5232235,3945.43,2550.5232235,
2024-03-01 20:35:00+00:00,0.6455,0.6476,0.6469,0.6455,8605.38,0.646375,5562.3024975,8605.38,5562.3024975,
2024-03-01 20:40:00+00:00,0.6433,0.6468,0.6459,0.645,28392.9,0.64525,18320.518725,28392.9,18320.518725,
2024-03-01 20:45:00+00:00,0.6428,0.6449,0.6444,0.6428,3814.87,0.643725,2455.72719075,3814.87,2455.72719075,
2024-03-01 20:50:00+00:00,0.6427,0.6452,0.643,0.6452,14732.67,0.644025,9488.20779675,14732.67,9488.20779675,
2024-03-01 20:55:00+00:00,0.6443,0.6459,0.645,0.6459,7422.27,0.645275,4789.40527425,7422.27,4789.40527425,
2024-03-01 21:00:00+00:00,0.6416,0.6452,0.6452,0.6427,2677.7,0.643675,1723.5685475,2677.7,1723.5685475,
2024-03-01 21:05:00+00:00,0.6413,0.6438,0.6428,0.6428,4399.73,0.642675,2827.59647775,4399.73,2827.59647775,
2024-03-01 21:10:00+00:00,0.6428,0.6451,0.6434,0.644,25808.01,0.643825,16615.84203825,25808.01,16615.84203825,
2024-03-01 21:15:00+00:00,0.6431,0.6449,0.6434,0.6434,16776.79,0.6437,10799.219723,16776.79,10799.219723,
2024-03-01 21:20:00+00:00,0.6423,0.644,0.6431,0.643,10402.54,0.6431,6689.873474,10402.54,6689.873474,
2024-03-01 21:25:00+00:00,0.6431,0.644,0.6436,0.644,1466.7,0.643675,944.0781225,1466.7,944.0781225,
2024-03-01 21:30:00+00:00,0.6446,0.6494,0.6446,0.6494,1718.44,0.647,1111.83068,1718.44,1111.83068,
2024-03-01 21:35:00+00:00,0.6469,0.6532,0.6471,0.6526,12876.46,0.64995,8369.055177,12876.46,8369.055177,
2024-03-01 21:40:00+00:00,0.6519,0.6555,0.6521,0.6555,9691.2,0.65375,6335.622,9691.2,6335.622,
2024-03-01 21:45:00+00:00,0.6537,0.6568,0.6549,0.6555,6067.87,0.655225,3975.82012075,6067.87,3975.82012075,
2024-03-01 21:50:00+00:00,0.6547,0.6573,0.6569,0.6547,3475.2,0.6559,2279.38368,3475.2,2279.38368,
2024-03-01 21:55:00+00:00,0.6549,0.6582,0.6558,0.6582,13447.32,0.656775,8831.863593,13447.32,8831.863593,
2024-03-01 22:00:00+00:00,0.6549,0.6575,0.6574,0.6549,1480.64,0.656175,971.558952,1480.64,971.558952,
2024-03-01 22:05:00+00:00,0.6569,0.66,0.6589,0.66,11250.76,0.65895,7413.688302,11250.76,7413.688302,
2024-03-01 22:10:00+00:00,0.6569,0.6606,0.6606,0.6594,2250.79,0.659375,1484.11465625,2250.79,1484.11465625,
2024-03-01 22:15:00+00:00,0.6588,0.6615,0.66,0.6599,19843.28,0.66005,13097.556964,19843.28,13097.556964,
2024-03-01 22:20:00+00:00,0.6593,0.6619,0.6606,0.6609,14581.86,0.660675,9633.8703555,14581.86,9633.8703555,
2024-03-01 22:25:00+00:00,0.6572,0.6615,0.6614,0.66,15489.19,0.660025,10223.25262975,15489.19,10223.25262975,
2024-03-01 22:30:00+00:00,0.6558,0.6607,0.6598,0.6607,6340.19,0.65925,4179.7702575,6340.19,4179.7702575,
2024-03-01 22:35:00+00:00,0.66,0.6644,0.6602,0.6627,4828.34,0.661825,3195.5161205,4828.34,3195.5161205,
2024-03-01 22:40:00+00:00,0.6625,0.6638,0.6628,0.663,5598.76,0.663025,3712.117849,5598.76,3712.117849,
2024-03-01 22:45:00+00:00,0.663,0.6679,0.663,0.6677,5815.48,0.6654,3869.620392,5815.48,3869.620392,
2024-03-01 22:50:00+00:00,0.6662,0.6693,0.6676,0.6672,5221.66,0.667575,3485.8496745,5221.66,3485.8496745,
2024-03-01 22:55:00+00:00,0.6632,0.6672,0.6672,0.6661,12204.31,0.665925,8127.15513675,12204.31,8127.15513675,
2024-03-01 23:00:00+00:00,0.6645,0.6714,0.6647,0.6714,8842.21,0.668,5906.59628,8842.21,5906.59628,
2024-03-01 23:05:00+00:00,0.6686,0.6717,0.6717,0.669,5658.24,0.67025,3792.43536,5658.24,3792.43536,
2024-03-01 23:10:00+00:00,0.667,0.6702,0.6679,0.6678,12371.11,0.668225,8266.68497975,12371.11,8266.68497975,
2024-03-01 23:15:00+00:00,0.663,0.6683,0.6675,0.6648,3083.14,0.6659,2053.062926,3083.14,2053.062926,
2024-03-01 23:20:00+00:00,0.6622,0.6651,0.6651,0.6622,8568.75,0.66365,5686.6509375,8568.75,5686.6509375,
2024-03-01 23:25:00+00:00,0.6625,0.6663,0.6633,0.6654,39542.68,0.664375,26271.168025,39542.68,26271.168025,
2024-03-01 23:30:00+00:00,0.6644,0.6659,0.6649,0.6654,7867.72,0.66515,5233.213958,7867.72,5233.213958,
2024-03-01 23:35:00+00:00,0.6618,0.6653,0.6651,0.6624,6658.84,0.66365,4419.139166,6658.84,4419.139166,
2024-03-01 23:40:00+00:00,0.6603,0.663,0.6622,0.6609,2045.02,0.6616,1352.985232,2045.02,1352.985232,
2024-03-01 23:45:00+00:00,0.6591,0.6621,0.6608,0.6611,8361.69,0.660775,5525.19570975,8361.69,5525.19570975,
2024-03-01 23:50:00+00:00,0.66,0.6626,0.6615,0.6618,2358.58,0.661475,1560.1417055,2358.58,1560.1417055,
2024-03-01 23:55:00+00:00,0.661,0.6655,0.662,0.6655,8500.09,0.6635,5639.809715,8500.09,5639.809715,
2024-03-02 00:00:00+00:00,0.6643,0.677,0.6643,0.677,21554.92,0.67065,14455.807098,21554.92,14455.807098,
2024-03-02 00:05:00+00:00,0.6732,0.6804,0.6764,0.6781,160038.17,0.677025,108349.84204425,160038.17,108349.84204425,
2024-03-02 00:10:00+00:00,0.6784,0.6884,0.679,0.688,28653.96,0.68345,19583.548962,28653.96,19583.548962,
2024-03-02 00:15:00+00:00,0.6803,0.69,0.6877,0.6879,60729.29,0.686475,41689.13935275,60729.29,41689.13935275,
2024-03-02 00:20:00+00:00,0.681,0.6879,0.6879,0.6855,14570.59,0.685575,9989.23223925,14570.59,9989.23223925,
2024-03-02 00:25:00+00:00,0.6815,0.6866,0.683,0.6849,5486.06,0.684,3752.46504,5486.06,3752.46504,
2024-03-02 00:30:00+00:00,0.6809,0.6873,0.6863,0.682,76596.96,0.684125,52401.89526,76596.96,52401.89526,
2024-03-02 00:35:00+00:00,0.6744,0.6824,0.6813,0.6758,32164.13,0.678475,21822.55810175,32164.13,21822.55810175,
2024-03-02 00:40:00+00:00,0.6736,0.6768,0.6758,0.6754,10106.35,0.6754,6825.82879,10106.35,6825.82879,
2024-03-02 00:45:00+00:00,0.6724,0.6766,0.6745,0.6766,34333.58,0.675025,23176.0248395,34333.58,23176.0248395,
2024-03-02 00:50:00+00:00,0.6757,0.688,0.6764,0.6877,21167.64,0.68195,14435.272098,21167.64,14435.272098,
2024-03-02 00:55:00+00:00,0.6805,0.69,0.6867,0.6809,57060.13,0.684525,39059.08548825,57060.13,39059.08548825,
2024-03-02 01:00:00+00:00,0.6757,0.6804,0.6804,0.6794,17428.73,0.678975,11833.67195175,17428.73,11833.67195175,
2024-03-02 01:05:00+00:00,0.6788,0.6826,0.6811,0.6811,10104.18,0.6809,6879.936162,10104.18,6879.936162,
2024-03-02 01:10:00+00:00,0.6756,0.682,0.681,0.6756,41940.2,0.67855,28458.52271,41940.2,28458.52271,
2024-03-02 01:15:00+00:00,0.6752,0.6824,0.6757,0.6819,49687.16,0.6788,33727.644208,49687.16,33727.644208,
2024-03-02 01:20:00+00:00,0.6672,0.6845,0.6819,0.6674,25392.68,0.67525,17146.40717,25392.68,17146.40717,
2024-03-02 01:25:00+00:00,0.6675,0.6742,0.6677,0.6703,10770.84,0.669925,7215.654987,10770.84,7215.654987,
2024-03-02 01:30:00+00:00,0.6687,0.6739,0.6702,0.6687,9946.74,0.670375,6668.0458275,9946.74,6668.0458275,
2024-03-02 01:35:00+00:00,0.6672,0.6686,0.6686,0.6675,2047.08,0.667975,1367.398263,2047.08,1367.398263,
2024-03-02 01:40:00+00:00,0.6653,0.6702,0.6673,0.6693,11006.06,0.668025,7352.3232315,11006.06,7352.3232315,
2024-03-02 01:45:00+00:00,0.6658,0.6711,0.67,0.6658,6691.46,0.668175,4471.0662855,6691.46,4471.0662855,
2024-03-02 01:50:00+00:00,0.6637,0.6659,0.6658,0.6642,19772.19,0.6649,13146.529131,19772.19,13146.529131,
2024-03-02 01:55:00+00:00,0.6643,0.6665,0.6648,0.6663,4749.55,0.665475,3160.70678625,4749.55,3160.70678625,
2024-03-02 02:00:00+00:00,0.6672,0.6693,0.6672,0.6672,4415.3,0.667725,2948.2061925,4415.3,2948.2061925,
2024-03-02 02:05:00+00:00,0.6663,0.6689,0.6665,0.6679,12882.51,0.6674,8597.787174,12882.51,8597.787174,
2024-03-02 02:10:00+00:00,0.6637,0.6672,0.6672,0.6644,1085.86,0.665625,722.7755625,1085.86,722.7755625,
2024-03-02 02:15:00+00:00,0.664,0.6693,0.6651,0.6693,55169.27,0.666925,36793.76539475,55169.27,36793.76539475,
2024-03-02 02:20:00+00:00,0.6671,0.6707,0.669,0.668,15915.02,0.6687,10642.373874,15915.02,10642.373874,
2024-03-02 02:25:00+00:00,0.6693,0.6745,0.6693,0.674,2291.44,0.671775,1539.332106,2291.44,1539.332106,
2024-03-02 02:30:00+00:00,0.6738,0.6762,0.6739,0.6753,19375.57,0.6748,13074.634636,19375.57,13074.634636,
2024-03-02 02:35:00+00:00,0.6707,0.6762,0.675,0.6726,11702.39,0.673625,7883.02246375,11702.39,7883.02246375,
2024-03-02 02:40:00+00:00,0.6707,0.6724,0.6723,0.672,1240.01,0.67185,833.1007185,1240.01,833.1007185,
2024-03-02 02:45:00+00:00,0.6698,0.6732,0.6716,0.672,11759.82,0.67165,7898.483103,11759.82,7898.483103,
2024-03-02 02:50:00+00:00,0.6691,0.6714,0.6714,0.6707,858.41,0.67065,575.6926665,858.41,575.6926665,
2024-03-02 02:55:00+00:00,0.6709,0.6727,0.6714,0.6714,2354.91,0.6716,1581.557556,2354.91,1581.557556,
2024-03-02 03:00:00+00:00,0.6665,0.6707,0.6707,0.6687,2308.43,0.66915,1544.6859345,2308.43,1544.6859345,
2024-03-02 03:05:00+00:00,0.6658,0.6679,0.6679,0.6664,2303.19,0.667,1536.22773,2303.19,1536.22773,
2024-03-02 03:10:00+00:00,0.6658,0.6672,0.6672,0.667,2932.29,0.6668,1955.250972,2932.29,1955.250972,
2024-03-02 03:15:00+00:00,0.6665,0.6707,0.6665,0.6696,1099.52,0.668325,734.836704,1099.52,734.836704,
2024-03-02 03:20:00+00:00,0.6685,0.6712,0.6697,0.6708,4830.63,0.67005,3236.7636315,4830.63,3236.7636315,
2024-03-02 03:25:00+00:00,0.6704,0.6726,0.6713,0.6726,715.65,0.671725,480.71999625,715.65,480.71999625,
2024-03-02 03:30:00+00:00,0.6732,0.6763,0.6732,0.6755,10373.62,0.67455,6997.525371,10373.62,6997.525371,
2024-03-02 03:35:00+00:00,0.6751,0.6765,0.6763,0.6757,2719.19,0.6759,1837.900521,2719.19,1837.900521,
2024-03-02 03:40:00+00:00,0.6734,0.6764,0.6753,0.6755,3807.74,0.67515,2570.795661,3807.74,2570.795661,
2024-03-02 03:45:00+00:00,0.6712,0.6751,0.6751,0.6712,4648.63,0.67315,3129.2252845,4648.63,3129.2252845,
2024-03-02 03:50:00+00:00,0.6696,0.6713,0.6709,0.67,5633.03,0.67045,3776.6649635,5633.03,3776.6649635,
2024-03-02 03:55:00+00:00,0.6704,0.6728,0.6707,0.6723,3173.98,0.67155,2131.486269,3173.98,2131.486269,
2024-03-02 04:00:00+00:00,0.6726,0.676,0.6726,0.6757,18990.32,0.674225,12803.748502,18990.32,12803.748502,
2024-03-02 04:05:00+00:00,0.6739,0.6768,0.6763,0.6739,1459.24,0.675225,985.315329,1459.24,985.315329,
2024-03-02 04:10:00+00:00,0.6707,0.6734,0.6734,0.6724,2725.41,0.672475,1832.77008975,2725.41,1832.77008975,
2024-03-02 04:15:00+00:00,0.6725,0.6745,0.6726,0.6737,530.93,0.673325,357.48844225,530.93,357.48844225,
2024-03-02 04:20:00+00:00,0.6702,0.6734,0.6734,0.6715,1941.75,0.672125,1305.09871875,1941.75,1305.09871875,
2024-03-02 04:25:00+00:00,0.6686,0.6713,0.6713,0.6686,2090.47,0.66995,1400.5103765,2090.47,1400.5103765,
2024-03-02 04:30:00+00:00,0.6696,0.6714,0.6696,0.6704,3862.59,0.67025,2588.9009475,3862.59,2588.9009475,
2024-03-02 04:35:00+00:00,0.6702,0.6709,0.6705,0.6704,633.4,0.6705,424.6947,633.4,424.6947,
2024-03-02 04:40:00+00:00,0.67,0.6714,0.6701,0.6712,573.57,0.670675,384.67905975,573.57,384.67905975,
2024-03-02 04:45:00+00:00,0.6714,0.6745,0.6714,0.6745,697.41,0.67295,469.3220595,697.41,469.3220595,
2024-03-02 04:50:00+00:00,0.6723,0.6751,0.6732,0.6745,2261.82,0.673775,1523.9577705,2261.82,1523.9577705,
2024-03-02 04:55:00+00:00,0.6677,0.6741,0.6741,0.6677,10938.2,0.6709,7338.43838,10938.2,7338.43838,
2024-03-02 05:00:00+00:00,0.666,0.6679,0.6676,0.6663,8844.48,0.66695,5898.825936,8844.48,5898.825936,
2024-03-02 05:05:00+00:00,0.6621,0.6663,0.6658,0.663,2820.58,0.6643,1873.711294,2820.58,1873.711294,
2024-03-02 05:10:00+00:00,0.6606,0.6626,0.6623,0.6606,16337.15,0.661525,10807.43315375,16337.15,10807.43315375,
2024-03-02 05:15:00+00:00,0.6515,0.6608,0.66,0.6559,316310.35,0.65705,207831.7154675,316310.35,207831.7154675,
2024-03-02 05:20:00+00:00,0.6535,0.6582,0.656,0.6571,12112.94,0.6562,7948.511228,12112.94,7948.511228,
2024-03-02 05:25:00+00:00,0.6548,0.6582,0.6569,0.6574,10841.69,0.656825,7121.09303425,10841.69,7121.09303425,
2024-03-02 05:30:00+00:00,0.6548,0.6582,0.6575,0.6551,19539.29,0.6564,12825.589956,19539.29,12825.589956,
2024-03-02 05:35:00+00:00,0.6553,0.6563,0.6556,0.6561,9792.81,0.655825,6422.36961825,9792.81,6422.36961825,
2024-03-02 05:40:00+00:00,0.6568,0.6582,0.6569,0.6568,817.44,0.657175,537.201132,817.44,537.201132,
2024-03-02 05:45:00+00:00,0.6556,0.659,0.6569,0.6582,4386.59,0.657425,2883.85393075,4386.59,2883.85393075,
2024-03-02 05:50:00+00:00,0.6554,0.6601,0.6588,0.6562,16568.97,0.657625,10896.16889625,16568.97,10896.16889625,
2024-03-02 05:55:00+00:00,0.6562,0.6575,0.6562,0.6568,9242.73,0.656675,6069.46972275,9242.73,6069.46972275,
2024-03-02 06:00:00+00:00,0.6556,0.6577,0.6575,0.6567,6554.86,0.656875,4305.7236625,6554.86,4305.7236625,
2024-03-02 06:05:00+00:00,0.6552,0.6583,0.6568,0.6583,6834.13,0.65715,4491.0485295,6834.13,4491.0485295,
2024-03-02 06:10:00+00:00,0.6577,0.6594,0.6588,0.6594,14548.11,0.658825,9584.65857075,14548.11,9584.65857075,
2024-03-02 06:15:00+00:00,0.6597,0.6618,0.6597,0.6618,5416.03,0.66075,3578.6418225,5416.03,3578.6418225,
2024-03-02 06:20:00+00:00,0.6611,0.6619,0.6612,0.6611,1751.39,0.661325,1158.23799175,1751.39,1158.23799175,
2024-03-02 06:25:00+00:00,0.66,0.6617,0.661,0.6606,6390.01,0.660825,4222.67835825,6390.01,4222.67835825,
2024-03-02 06:30:00+00:00,0.6582,0.66,0.66,0.66,1122.0,0.65955,740.0151,1122.0,740.0151,
2024-03-02 06:35:00+00:00,0.6604,0.6617,0.6606,0.6613,4363.25,0.661,2884.10825,4363.25,2884.10825,
2024-03-02 06:40:00+00:00,0.6582,0.6606,0.6606,0.6582,3322.41,0.6594,2190.797154,3322.41,2190.797154,
2024-03-02 06:45:00+00:00,0.6582,0.6595,0.6588,0.6582,486.33,0.658675,320.33341275,486.33,320.33341275,
2024-03-02 06:50:00+00:00,0.6569,0.6582,0.6582,0.6575,160.71,0.6577,105.698967,160.71,105.698967,
2024-03-02 06:55:00+00:00,0.6549,0.6584,0.6582,0.6549,3496.26,0.6566,2295.644316,3496.26,2295.644316,
2024-03-02 07:00:00+00:00,0.6534,0.6561,0.6555,0.6534,5634.32,0.6546,3688.225872,5634.32,3688.225872,
2024-03-02 07:05:00+00:00,0.6525,0.6548,0.6529,0.6547,5810.83,0.653725,3798.68484175,5810.83,3798.68484175,
2024-03-02 07:10:00+00:00,0.6535,0.655,0.6541,0.6544,4898.38,0.65425,3204.765115,4898.38,3204.765115,
2024-03-02 07:15:00+00:00,0.6506,0.6546,0.6545,0.6543,38887.52,0.6535,25412.99432,38887.52,25412.99432,
2024-03-02 07:20:00+00:00,0.6526,0.6547,0.654,0.6547,7014.88,0.654,4587.73152,7014.88,4587.73152,
2024-03-02 07:25:00+00:00,0.654,0.6554,0.6543,0.654,3066.05,0.654425,2006.49977125,3066.05,2006.49977125,
2024-03-02 07:30:00+00:00,0.6528,0.6549,0.6535,0.6549,4319.43,0.654025,2825.01520575,4319.43,2825.01520575,
2024-03-02 07:35:00+00:00,0.6551,0.6594,0.6556,0.6594,2796.48,0.657375,1838.33604,2796.48,1838.33604,
2024-03-02 07:40:00+00:00,0.658,0.66,0.6588,0.66,4673.45,0.6592,3080.73824,4673.45,3080.73824,
2024-03-02 07:45:00+00:00,0.6592,0.6651,0.6599,0.6651,4241.77,0.662325,2809.43031525,4241.77,2809.43031525,
2024-03-02 07:50:00+00:00,0.6657,0.6698,0.6657,0.6691,4952.7,0.667575,3306.2987025,4952.7,3306.2987025,
2024-03-02 07:55:00+00:00,0.669,0.6756,0.6694,0.6738,5716.27,0.67195,3841.0476265,5716.27,3841.0476265,
2024-03-02 08:00:00+00:00,0.6683,0.6742,0.6738,0.6703,29304.02,0.67165,19682.045033,29304.02,19682.045033,
2024-03-02 08:05:00+00:00,0.6677,0.6732,0.6701,0.6729,8352.43,0.670975,5604.27171925,8352.43,5604.27171925,
2024-03-02 08:10:00+00:00,0.6705,0.6737,0.6727,0.6705,2675.86,0.67185,1797.776541,2675.86,1797.776541,
2024-03-02 08:15:00+00:00,0.6637,0.6711,0.67,0.6651,3018.22,0.667475,2014.5863945,3018.22,2014.5863945,
2024-03-02 08:20:00+00:00,0.6575,0.6644,0.6644,0.6606,3797.35,0.661725,2512.80142875,3797.35,2512.80142875,
2024-03-02 08:25:00+00:00,0.6612,0.6651,0.6612,0.6651,10383.19,0.66315,6885.6124485,10383.19,6885.6124485,
2024-03-02 08:30:00+00:00,0.6652,0.67,0.6653,0.6681,2856.62,0.66715,1905.794033,2856.62,1905.794033,
2024-03-02 08:35:00+00:00,0.6674,0.6697,0.668,0.6693,12412.62,0.6686,8299.077732,12412.62,8299.077732,
2024-03-02 08:40:00+00:00,0.6662,0.669,0.669,0.6671,7126.81,0.667825,4759.46188825,7126.81,4759.46188825,
2024-03-02 08:45:00+00:00,0.6651,0.6686,0.6665,0.6676,4779.0,0.66695,3187.35405,4779.0,3187.35405,
2024-03-02 08:50:00+00:00,0.6662,0.6693,0.6676,0.6671,5364.32,0.66755,3580.951816,5364.32,3580.951816,
2024-03-02 08:55:00+00:00,0.6658,0.6658,0.6658,0.6658,37.55,0.6658,25.00079,37.55,25.00079,
2024-03-02 09:00:00+00:00,0.6637,0.6672,0.6665,0.6651,7563.94,0.665625,5034.7475625,7563.94,5034.7475625,
2024-03-02 09:05:00+00:00,0.6629,0.6657,0.6655,0.6642,6628.85,0.664575,4405.36798875,6628.85,4405.36798875,
2024-03-02 09:10:00+00:00,0.663,0.668,0.6637,0.6665,12427.61,0.6653,8268.088933,12427.61,8268.088933,
2024-03-02 09:15:00+00:00,0.6612,0.6672,0.6672,0.6637,3114.43,0.664825,2070.55092475,3114.43,2070.55092475,
2024-03-02 09:20:00+00:00,0.6612,0.6644,0.6633,0.662,5590.24,0.662725,3704.791804,5590.24,3704.791804,
2024-03-02 09:25:00+00:00,0.6582,0.6624,0.6612,0.6583,13112.28,0.660025,8654.432607,13112.28,8654.432607,
2024-03-02 09:30:00+00:00,0.6553,0.6595,0.6582,0.6585,6540.83,0.657875,4303.04853625,6540.83,4303.04853625,
2024-03-02 09:35:00+00:00,0.6531,0.6588,0.6587,0.6554,4504.2,0.6565,2957.0073,4504.2,2957.0073,
2024-03-02 09:40:00+00:00,0.6537,0.6582,0.6549,0.6582,4651.71,0.65625,3052.6846875,4651.71,3052.6846875,
2024-03-02 09:45:00+00:00,0.658,0.6606,0.658,0.6597,6631.29,0.659075,4370.51745675,6631.29,4370.51745675,
2024-03-02 09:50:00+00:00,0.6549,0.6594,0.6594,0.6575,3292.56,0.6578,2165.845968,3292.56,2165.845968,
2024-03-02 09:55:00+00:00,0.6572,0.6588,0.6582,0.6582,5287.03,0.6581,3479.394443,5287.03,3479.394443,
2024-03-02 10:00:00+00:00,0.6581,0.6644,0.6584,0.6643,6654.21,0.6613,4400.429073,6654.21,4400.429073,
2024-03-02 10:05:00+00:00,0.6644,0.6663,0.6651,0.6644,2092.58,0.66505,1391.670329,2092.58,1391.670329,
2024-03-02 10:10:00+00:00,0.6651,0.6673,0.6658,0.6651,3105.12,0.665825,2067.466524,3105.12,2067.466524,
2024-03-02 10:15:00+00:00,0.6626,0.6672,0.6644,0.6668,5766.23,0.66525,3835.9845075,5766.23,3835.9845075,
2024-03-02 10:20:00+00:00,0.6663,0.6693,0.6667,0.6672,1447.63,0.667375,966.11207125,1447.63,966.11207125,
2024-03-02 10:25:00+00:00,0.6665,0.6681,0.668,0.6671,7631.31,0.667425,5093.32707675,7631.31,5093.32707675,
2024-03-02 10:30:00+00:00,0.6672,0.6695,0.6679,0.668,21269.99,0.66815,14211.5438185,21269.99,14211.5438185,
2024-03-02 10:35:00+00:00,0.6649,0.6679,0.6678,0.6651,10506.45,0.666425,7001.76094125,10506.45,7001.76094125,
2024-03-02 10:40:00+00:00,0.6643,0.6665,0.665,0.6651,13146.05,0.665225,8745.08111125,13146.05,8745.08111125,
2024-03-02 10:45:00+00:00,0.6637,0.6665,0.6644,0.6651,14662.71,0.664925,9749.60244675,14662.71,9749.60244675,
2024-03-02 10:50:00+00:00,0.665,0.6686,0.6651,0.6651,6860.46,0.66595,4568.723337,6860.46,4568.723337,
2024-03-02 10:55:00+00:00,0.6643,0.6729,0.6644,0.6709,30304.12,0.668125,20246.940175,30304.12,20246.940175,
2024-03-02 11:00:00+00:00,0.6699,0.6723,0.6708,0.6707,6914.29,0.670925,4638.97001825,6914.29,4638.97001825,
2024-03-02 11:05:00+00:00,0.67,0.6785,0.6702,0.6785,24825.6,0.6743,16739.90208,24825.6,16739.90208,
2024-03-02 11:10:00+00:00,0.6711,0.678,0.678,0.6711,6185.78,0.67455,4172.617899,6185.78,4172.617899,
2024-03-02 11:15:00+00:00,0.6681,0.6713,0.6711,0.6686,31716.61,0.669775,21242.99246275,31716.61,21242.99246275,
2024-03-02 11:20:00+00:00,0.6664,0.6689,0.6689,0.6679,10492.79,0.668025,7009.44603975,10492.79,7009.44603975,
2024-03-02 11:25:00+00:00,0.6677,0.6758,0.6681,0.6736,17465.2,0.6713,11724.38876,17465.2,11724.38876,
2024-03-02 11:30:00+00:00,0.672,0.674,0.674,0.6739,8255.68,0.673475,5559.994088,8255.68,5559.994088,
2024-03-02 11:35:00+00:00,0.6725,0.6744,0.6738,0.6725,3309.82,0.6733,2228.501806,3309.82,2228.501806,
2024-03-02 11:40:00+00:00,0.6732,0.6765,0.6732,0.6757,30482.99,0.67465,20565.3492035,30482.99,20565.3492035,
2024-03-02 11:45:00+00:00,0.6752,0.6792,0.6752,0.6777,22440.36,0.676825,15188.196657,22440.36,15188.196657,
2024-03-02 11:50:00+00:00,0.6782,0.6818,0.6785,0.6818,40372.17,0.680075,27456.10351275,40372.17,27456.10351275,
2024-03-02 11:55:00+00:00,0.677,0.6818,0.6815,0.6788,19975.65,0.679775,13578.94747875,19975.65,13578.94747875,
2024-03-02 12:00:00+00:00,0.6763,0.6786,0.6781,0.6766,5960.35,0.6774,4037.54109,5960.35,4037.54109,
2024-03-02 12:05:00+00:00,0.6763,0.6778,0.6774,0.6765,1175.13,0.677,795.56301,1175.13,795.56301,
2024-03-02 12:10:00+00:00,0.6752,0.6783,0.6764,0.6783,37732.87,0.67705,25547.0396335,37732.87,25547.0396335,
2024-03-02 12:15:00+00:00,0.6754,0.6773,0.677,0.6754,6252.7,0.676275,4228.5446925,6252.7,4228.5446925,
2024-03-02 12:20:00+00:00,0.6755,0.6777,0.6755,0.6777,6144.23,0.6766,4157.186018,6144.23,4157.186018,
2024-03-02 12:25:00+00:00,0.6755,0.6777,0.6776,0.676,4716.29,0.6767,3191.513443,4716.29,3191.513443,
2024-03-02 12:30:00+00:00,0.6732,0.6751,0.6751,0.6732,1588.97,0.67415,1071.2041255,1588.97,1071.2041255,
2024-03-02 12:35:00+00:00,0.6739,0.6761,0.6739,0.6761,2462.54,0.675,1662.2145,2462.54,1662.2145,
2024-03-02 12:40:00+00:00,0.675,0.6773,0.6753,0.6762,19932.84,0.67595,13473.603198,19932.84,13473.603198,
2024-03-02 12:45:00+00:00,0.677,0.6834,0.677,0.6834,4587.34,0.6802,3120.308668,4587.34,3120.308668,
2024-03-02 12:50:00+00:00,0.6841,0.69,0.6843,0.69,10939.59,0.6871,7516.592289,10939.59,7516.592289,
2024-03-02 12:55:00+00:00,0.6883,0.6957,0.69,0.6939,151179.24,0.691975,104612.254599,151179.24,104612.254599,
2024-03-02 13:00:00+00:00,0.69,0.6934,0.6921,0.6923,60866.93,0.69195,42116.8722135,60866.93,42116.8722135,
2024-03-02 13:05:00+00:00,0.6876,0.6959,0.6908,0.6948,30475.62,0.692275,21097.5098355,30475.62,21097.5098355,
2024-03-02 13:10:00+00:00,0.6938,0.699,0.6953,0.699,19995.16,0.696775,13932.127609,19995.16,13932.127609,
2024-03-02 13:15:00+00:00,0.6987,0.7098,0.6989,0.7066,54541.22,0.7035,38369.74827,54541.22,38369.74827,
2024-03-02 13:20:00+00:00,0.7018,0.7066,0.706,0.7041,12755.25,0.704625,8987.66803125,12755.25,8987.66803125,
2024-03-02 13:25:00+00:00,0.7,0.7063,0.7033,0.7015,20239.99,0.702775,14224.15897225,20239.99,14224.15897225,
2024-03-02 13:30:00+00:00,0.6921,0.7012,0.7003,0.6943,18954.59,0.696975,13210.87536525,18954.59,13210.87536525,
2024-03-02 13:35:00+00:00,0.6917,0.696,0.6939,0.6941,9073.68,0.693925,6296.453394,9073.68,6296.453394,
2024-03-02 13:40:00+00:00,0.6944,0.6967,0.6956,0.6951,9690.42,0.69545,6739.202589,9690.42,6739.202589,
2024-03-02 13:45:00+00:00,0.6939,0.6972,0.6957,0.696,26770.28,0.6957,18624.083796,26770.28,18624.083796,
2024-03-02 13:50:00+00:00,0.697,0.7017,0.697,0.7013,14129.9,0.69925,9880.332575,14129.9,9880.332575,
2024-03-02 13:55:00+00:00,0.6979,0.7045,0.7014,0.6997,37837.25,0.700875,26519.18259375,37837.25,26519.18259375,
2024-03-02 14:00:00+00:00,0.6869,0.7,0.6997,0.6902,15148.45,0.6942,10516.05399,15148.45,10516.05399,
2024-03-02 14:05:00+00:00,0.688,0.6927,0.6905,0.6909,9007.22,0.690525,6219.7105905,9007.22,6219.7105905,
2024-03-02 14:10:00+00:00,0.6871,0.6926,0.6921,0.6884,4934.13,0.69005,3404.7964065,4934.13,3404.7964065,
2024-03-02 14:15:00+00:00,0.6888,0.6911,0.6894,0.6899,13360.26,0.6898,9215.907348,13360.26,9215.907348,
2024-03-02 14:20:00+00:00,0.6847,0.6905,0.6905,0.6867,6246.13,0.6881,4297.962053,6246.13,4297.962053,
2024-03-02 14:25:00+00:00,0.6774,0.686,0.686,0.6803,4680.41,0.682425,3194.02879425,4680.41,3194.02879425,
2024-03-02 14:30:00+00:00,0.6777,0.6813,0.6787,0.6813,15941.59,0.67975,10836.2958025,15941.59,10836.2958025,
2024-03-02 14:35:00+00:00,0.6793,0.685,0.6822,0.6793,5195.67,0.68145,3540.5893215,5195.67,3540.5893215,
2024-03-02 14:40:00+00:00,0.6779,0.6818,0.6818,0.6801,11254.72,0.6804,7657.711488,11254.72,7657.711488,
2024-03-02 14:45:00+00:00,0.6807,0.6837,0.6807,0.6823,19749.65,0.68185,13466.2988525,19749.65,13466.2988525,
2024-03-02 14:50:00+00:00,0.6821,0.6871,0.6822,0.6871,2123.28,0.684625,1453.65057,2123.28,1453.65057,
2024-03-02 14:55:00+00:00,0.685,0.6872,0.6867,0.6859,4976.37,0.6862,3414.785094,4976.37,3414.785094,
2024-03-02 15:00:00+00:00,0.686,0.6889,0.686,0.6866,1102.84,0.686875,757.513225,1102.84,757.513225,
2024-03-02 15:05:00+00:00,0.6843,0.6874,0.6865,0.6843,3952.77,0.685625,2710.11793125,3952.77,2710.11793125,
2024-03-02 15:10:00+00:00,0.6821,0.6849,0.6849,0.6842,679.2,0.684025,464.58978,679.2,464.58978,
2024-03-02 15:15:00+00:00,0.6824,0.6846,0.6846,0.6824,3245.29,0.6835,2218.155715,3245.29,2218.155715,
2024-03-02 15:20:00+00:00,0.68,0.6823,0.6823,0.68,458.77,0.68115,312.4911855,458.77,312.4911855,
2024-03-02 15:25:00+00:00,0.6846,0.6877,0.6846,0.6876,1317.37,0.686125,903.88049125,1317.37,903.88049125,
2024-03-02 15:30:00+00:00,0.6872,0.6921,0.6894,0.689,914.74,0.689425,630.6446245,914.74,630.6446245,
2024-03-02 15:35:00+00:00,0.6833,0.69,0.6882,0.6892,1878.61,0.687675,1291.87313175,1878.61,1291.87313175,
2024-03-02 15:40:00+00:00,0.6887,0.6903,0.6891,0.6893,4935.63,0.68935,3402.3765405,4935.63,3402.3765405,
2024-03-02 15:45:00+00:00,0.6879,0.6907,0.6892,0.6907,31533.4,0.689625,21746.220975,31533.4,21746.220975,
2024-03-02 15:50:00+00:00,0.6866,0.692,0.6903,0.6877,8402.33,0.68915,5790.4657195,8402.33,5790.4657195,
2024-03-02 15:55:00+00:00,0.6873,0.6898,0.6873,0.6896,3318.17,0.6885,2284.560045,3318.17,2284.560045,
2024-03-02 16:00:00+00:00,0.6874,0.6916,0.69,0.6879,13639.74,0.689225,9400.8498015,13639.74,9400.8498015,
2024-03-02 16:05:00+00:00,0.687,0.6938,0.687,0.6914,2307.68,0.6898,1591.837664,2307.68,1591.837664,
2024-03-02 16:10:00+00:00,0.6893,0.692,0.6917,0.6903,2446.19,0.690825,1689.88920675,2446.19,1689.88920675,
2024-03-02 16:15:00+00:00,0.6879,0.6892,0.6891,0.6885,3152.57,0.688675,2171.09614475,3152.57,2171.09614475,
2024-03-02 16:20:00+00:00,0.6837,0.6879,0.6876,0.6843,2275.63,0.685875,1560.79772625,2275.63,1560.79772625,
2024-03-02 16:25:00+00:00,0.6811,0.6843,0.6842,0.6826,5271.95,0.68305,3601.0054475,5271.95,3601.0054475,
2024-03-02 16:30:00+00:00,0.6811,0.6848,0.683,0.6811,3226.83,0.6825,2202.311475,3226.83,2202.311475,
2024-03-02 16:35:00+00:00,0.677,0.682,0.682,0.677,6126.05,0.6795,4162.650975,6126.05,4162.650975,
2024-03-02 16:40:00+00:00,0.6755,0.6781,0.6767,0.6781,3942.68,0.6771,2669.588628,3942.68,2669.588628,
2024-03-02 16:45:00+00:00,0.6739,0.6776,0.677,0.6745,3444.77,0.67575,2327.8033275,3444.77,2327.8033275,
2024-03-02 16:50:00+00:00,0.6753,0.6777,0.6753,0.6777,1871.33,0.6765,1265.954745,1871.33,1265.954745,
2024-03-02 16:55:00+00:00,0.6783,0.6803,0.6793,0.6793,6937.2,0.6793,4712.43996,6937.2,4712.43996,
2024-03-02 17:00:00+00:00,0.679,0.6809,0.6796,0.6805,7864.38,0.68,5347.7784,7864.38,5347.7784,
2024-03-02 17:05:00+00:00,0.6811,0.6828,0.6811,0.6826,725.79,0.6819,494.916201,725.79,494.916201,
2024-03-02 17:10:00+00:00,0.6798,0.682,0.682,0.6806,954.17,0.6811,649.885187,954.17,649.885187,
2024-03-02 17:15:00+00:00,0.6783,0.6804,0.6801,0.6804,7206.79,0.6798,4899.175842,7206.79,4899.175842,
2024-03-02 17:20:00+00:00,0.6767,0.6797,0.6797,0.6793,24756.79,0.67885,16806.1468915,24756.79,16806.1468915,
2024-03-02 17:25:00+00:00,0.6794,0.6813,0.6795,0.6811,757.61,0.680325,515.42102325,757.61,515.42102325,
2024-03-02 17:30:00+00:00,0.6806,0.6816,0.6811,0.681,2118.61,0.681075,1442.93230575,2118.61,1442.93230575,
2024-03-02 17:35:00+00:00,0.6783,0.681,0.6806,0.6783,5251.63,0.67955,3568.7451665,5251.63,3568.7451665,
2024-03-02 17:40:00+00:00,0.6784,0.6798,0.679,0.679,4101.49,0.67905,2785.1167845,4101.49,2785.1167845,
2024-03-02 17:45:00+00:00,0.6779,0.6791,0.6791,0.6779,741.59,0.6785,503.168815,741.59,503.168815,
2024-03-02 17:50:00+00:00,0.6737,0.6771,0.6771,0.6739,10934.9,0.67545,7385.978205,10934.9,7385.978205,
2024-03-02 17:55:00+00:00,0.6728,0.6745,0.6742,0.6734,4201.8,0.673725,2830.857705,4201.8,2830.857705,
2024-03-02 18:00:00+00:00,0.6742,0.676,0.6742,0.6755,5885.38,0.674975,3972.4843655,5885.38,3972.4843655,
2024-03-02 18:05:00+00:00,0.6734,0.6765,0.6756,0.6734,3304.41,0.674725,2229.56803725,3304.41,2229.56803725,
2024-03-02 18:10:00+00:00,0.6738,0.6763,0.6738,0.6763,1786.83,0.67505,1206.1995915,1786.83,1206.1995915,
2024-03-02 18:15:00+00:00,0.6757,0.6782,0.6757,0.6782,989.35,0.67695,669.7404825,989.35,669.7404825,
2024-03-02 18:20:00+00:00,0.6773,0.6787,0.6781,0.6773,4597.62,0.67785,3116.496717,4597.62,3116.496717,
2024-03-02 18:25:00+00:00,0.6778,0.679,0.6783,0.679,1130.48,0.678525,767.058942,1130.48,767.058942,
2024-03-02 18:30:00+00:00,0.6778,0.6796,0.6792,0.6789,36072.6,0.678875,24488.786325,36072.6,24488.786325,
2024-03-02 18:35:00+00:00,0.6791,0.6811,0.6797,0.6809,1614.9,0.6802,1098.45498,1614.9,1098.45498,
2024-03-02 18:40:00+00:00,0.6801,0.6816,0.6805,0.6805,6046.54,0.680675,4115.7286145,6046.54,4115.7286145,
2024-03-02 18:45:00+00:00,0.6808,0.6828,0.6808,0.6828,15194.43,0.6818,10359.562374,15194.43,10359.562374,
2024-03-02 18:50:00+00:00,0.6814,0.6832,0.6829,0.6831,6419.15,0.68265,4382.0327475,6419.15,4382.0327475,
2024-03-02 18:55:00+00:00,0.6822,0.683,0.6829,0.6822,2172.67,0.682575,1483.01022525,2172.67,1483.01022525,
2024-03-02 19:00:00+00:00,0.6813,0.6823,0.6822,0.6818,11140.7,0.6819,7596.84333,11140.7,7596.84333,
2024-03-02 19:05:00+00:00,0.6784,0.6805,0.68,0.6786,66229.36,0.679375,44994.57145,66229.36,44994.57145,
2024-03-02 19:10:00+00:00,0.664,0.6798,0.6782,0.6798,203212.78,0.67545,137260.072251,203212.78,137260.072251,
2024-03-02 19:15:00+00:00,0.6801,0.6835,0.6801,0.6835,7069.2,0.6818,4819.78056,7069.2,4819.78056,
2024-03-02 19:20:00+00:00,0.6806,0.6828,0.6828,0.6815,384.57,0.681925,262.24789725,384.57,262.24789725,
2024-03-02 19:25:00+00:00,0.6807,0.6819,0.6814,0.6812,4176.14,0.6813,2845.204182,4176.14,2845.204182,
2024-03-02 19:30:00+00:00,0.681,0.6822,0.6812,0.6811,30900.98,0.681375,21055.1552475,30900.98,21055.1552475,
2024-03-02 19:35:00+00:00,0.6811,0.6837,0.6814,0.6815,1325.1,0.681925,903.6188175,1325.1,903.6188175,
2024-03-02 19:40:00+00:00,0.6803,0.6819,0.6819,0.681,7621.37,0.681275,5192.24884675,7621.37,5192.24884675,
2024-03-02 19:45:00+00:00,0.6812,0.6835,0.6816,0.6827,1417.89,0.68225,967.3554525,1417.89,967.3554525,
2024-03-02 19:50:00+00:00,0.6824,0.6844,0.6825,0.684,413.22,0.683325,282.3635565,413.22,282.3635565,
2024-03-02 19:55:00+00:00,0.6829,0.6841,0.6838,0.6841,6103.22,0.683725,4172.9240945,6103.22,4172.9240945,
2024-03-02 20:00:00+00:00,0.6836,0.6851,0.6842,0.6836,8727.84,0.684125,5970.93354,8727.84,5970.93354,
2024-03-02 20:05:00+00:00,0.6783,0.6831,0.6831,0.6787,2900.8,0.6808,1974.86464,2900.8,1974.86464,
2024-03-02 20:10:00+00:00,0.6751,0.6787,0.6783,0.6751,4497.29,0.6768,3043.765872,4497.29,3043.765872,
2024-03-02 20:15:00+00:00,0.6727,0.6763,0.6751,0.6763,4882.77,0.6751,3296.358027,4882.77,3296.358027,
2024-03-02 20:20:00+00:00,0.677,0.6785,0.677,0.6782,540.59,0.677675,366.34432825,540.59,366.34432825,
2024-03-02 20:25:00+00:00,0.6784,0.6819,0.6784,0.6819,2589.85,0.68015,1761.4864775,2589.85,1761.4864775,
2024-03-02 20:30:00+00:00,0.6804,0.6835,0.6812,0.6811,2791.6,0.68155,1902.61498,2791.6,1902.61498,
2024-03-02 20:35:00+00:00,0.68,0.6833,0.681,0.68,1174.48,0.681075,799.908966,1174.48,799.908966,
2024-03-02 20:40:00+00:00,0.6803,0.6815,0.6806,0.6803,5593.5,0.680675,3807.3556125,5593.5,3807.3556125,
2024-03-02 20:45:00+00:00,0.6803,0.6873,0.6803,0.6867,16770.77,0.68365,11465.3369105,16770.77,11465.3369105,
2024-03-02 20:50:00+00:00,0.6846,0.6869,0.6858,0.6866,43054.8,0.685975,29534.51643,43054.8,29534.51643,
2024-03-02 20:55:00+00:00,0.6845,0.6866,0.6862,0.6859,3407.69,0.6858,2336.993802,3407.69,2336.993802,
2024-03-02 21:00:00+00:00,0.685,0.6859,0.6859,0.6852,11932.61,0.6855,8179.804155,11932.61,8179.804155,
2024-03-02 21:05:00+00:00,0.6832,0.6847,0.6846,0.6847,12719.54,0.6843,8703.981222,12719.54,8703.981222,
2024-03-02 21:10:00+00:00,0.6843,0.6854,0.6852,0.6845,3230.24,0.68485,2212.229864,3230.24,2212.229864,
2024-03-02 21:15:00+00:00,0.6854,0.6886,0.6854,0.6869,5730.88,0.686575,3934.678936,5730.88,3934.678936,
2024-03-02 21:20:00+00:00,0.6875,0.689,0.689,0.6878,974.25,0.688325,670.60063125,974.25,670.60063125,
2024-03-02 21:25:00+00:00,0.6874,0.6882,0.6878,0.6874,1488.53,0.6877,1023.662081,1488.53,1023.662081,
2024-03-02 21:30:00+00:00,0.6869,0.6885,0.6869,0.6885,183.87,0.6877,126.447399,183.87,126.447399,
2024-03-02 21:35:00+00:00,0.6864,0.6889,0.6889,0.6866,2630.74,0.6877,1809.159898,2630.74,1809.159898,
2024-03-02 21:40:00+00:00,0.6865,0.6877,0.6872,0.6875,1046.36,0.687225,719.084751,1046.36,719.084751,
2024-03-02 21:45:00+00:00,0.685,0.6879,0.6879,0.6853,414.6,0.686525,284.633265,414.6,284.633265,
2024-03-02 21:50:00+00:00,0.685,0.6854,0.6853,0.685,478.61,0.685175,327.93160675,478.61,327.93160675,
2024-03-02 21:55:00+00:00,0.6859,0.6866,0.6859,0.6864,1844.58,0.6862,1265.750796,1844.58,1265.750796,
2024-03-02 22:00:00+00:00,0.6851,0.6887,0.6879,0.687,5633.17,0.687175,3870.97359475,5633.17,3870.97359475,
2024-03-02 22:05:00+00:00,0.685,0.6914,0.686,0.6914,3639.65,0.68845,2505.7170425,3639.65,2505.7170425,
2024-03-02 22:10:00+00:00,0.6907,0.6923,0.6919,0.6908,3201.29,0.691425,2213.45193825,3201.29,2213.45193825,
2024-03-02 22:15:00+00:00,0.6889,0.6913,0.6899,0.6889,1439.45,0.68975,992.8606375,1439.45,992.8606375,
2024-03-02 22:20:00+00:00,0.6867,0.6898,0.6897,0.6872,6649.26,0.68835,4577.018121,6649.26,4577.018121,
2024-03-02 22:25:00+00:00,0.6873,0.6895,0.6874,0.6887,2730.75,0.688225,1879.37041875,2730.75,1879.37041875,
2024-03-02 22:30:00+00:00,0.6885,0.6899,0.689,0.6898,6801.24,0.6893,4688.094732,6801.24,4688.094732,
2024-03-02 22:35:00+00:00,0.6879,0.6892,0.6892,0.6879,252.37,0.68855,173.7693635,252.37,173.7693635,
2024-03-02 22:40:00+00:00,0.6854,0.6876,0.6876,0.6854,7406.89,0.6865,5084.829985,7406.89,5084.829985,
2024-03-02 22:45:00+00:00,0.6862,0.6868,0.6862,0.6868,1152.61,0.6865,791.266765,1152.61,791.266765,
2024-03-02 22:50:00+00:00,0.6868,0.6896,0.6884,0.689,9486.39,0.68845,6530.9051955,9486.39,6530.9051955,
2024-03-02 22:55:00+00:00,0.6861,0.6894,0.6894,0.6861,4812.9,0.68775,3310.071975,4812.9,3310.071975,
2024-03-02 23:00:00+00:00,0.6863,0.69,0.6867,0.69,1521.09,0.68825,1046.8901925,1521.09,1046.8901925,
2024-03-02 23:05:00+00:00,0.6902,0.6943,0.6902,0.6931,2125.55,0.69195,1470.7743225,2125.55,1470.7743225,
2024-03-02 23:10:00+00:00,0.6926,0.693,0.693,0.693,780.34,0.6929,540.697586,780.34,540.697586,
2024-03-02 23:15:00+00:00,0.6921,0.6945,0.693,0.6938,7878.38,0.69335,5462.474773,7878.38,5462.474773,
2024-03-02 23:20:00+00:00,0.6928,0.6939,0.693,0.6939,397.4,0.6934,275.55716,397.4,275.55716,
2024-03-02 23:25:00+00:00,0.692,0.6943,0.6932,0.6922,15412.36,0.692925,10679.609553,15412.36,10679.609553,
2024-03-02 23:30:00+00:00,0.6909,0.6931,0.6929,0.6909,6579.62,0.69195,4552.768059,6579.62,4552.768059,
2024-03-02 23:35:00+00:00,0.6904,0.6912,0.6909,0.6905,16853.05,0.69075,11641.2442875,16853.05,11641.2442875,
2024-03-02 23:40:00+00:00,0.6912,0.693,0.6914,0.692,626.91,0.6919,433.759029,626.91,433.759029,
2024-03-02 23:45:00+00:00,0.6909,0.6924,0.6921,0.692,9621.96,0.69185,6656.953026,9621.96,6656.953026,
2024-03-02 23:50:00+00:00,0.6834,0.6932,0.6919,0.6926,103600.13,0.690275,71512.57973575,103600.13,71512.57973575,
2024-03-02 23:55:00+00:00,0.691,0.693,0.6922,0.6917,32878.41,0.691975,22751.03775975,32878.41,22751.03775975,
2024-03-03 00:00:00+00:00,0.6851,0.6916,0.6911,0.6866,13661.09,0.6886,9407.026574,13661.09,9407.026574,
2024-03-03 00:05:00+00:00,0.6803,0.6864,0.6864,0.6811,15233.87,0.68355,10413.1118385,15233.87,10413.1118385,
2024-03-03 00:10:00+00:00,0.6795,0.6823,0.6808,0.68,9193.55,0.68065,6257.5898075,9193.55,6257.5898075,
2024-03-03 00:15:00+00:00,0.6798,0.6832,0.6805,0.6828,3842.06,0.681575,2618.6520445,3842.06,2618.6520445,
2024-03-03 00:20:00+00:00,0.6815,0.6829,0.6829,0.6816,9970.92,0.682225,6802.410897,9970.92,6802.410897,
2024-03-03 00:25:00+00:00,0.6809,0.6822,0.6822,0.6816,11598.86,0.681725,7907.2328335,11598.86,7907.2328335,
2024-03-03 00:30:00+00:00,0.6808,0.6821,0.6817,0.6818,1620.28,0.6816,1104.382848,1620.28,1104.382848,
2024-03-03 00:35:00+00:00,0.677,0.681,0.681,0.6777,747.91,0.679175,507.96177425,747.91,507.96177425,
2024-03-03 00:40:00+00:00,0.677,0.6792,0.6783,0.678,4930.16,0.678125,3343.26475,4930.16,3343.26475,
2024-03-03 00:45:00+00:00,0.6757,0.6773,0.6773,0.6764,2496.93,0.676675,1689.61010775,2496.93,1689.61010775,
2024-03-03 00:50:00+00:00,0.6736,0.6762,0.6761,0.6751,28869.58,0.67525,19494.183895,28869.58,19494.183895,
2024-03-03 00:55:00+00:00,0.672,0.6759,0.6751,0.6732,18615.94,0.67405,12548.074357,18615.94,12548.074357,
2024-03-03 01:00:00+00:00,0.672,0.6739,0.6734,0.6722,2676.98,0.672875,1801.2729175,2676.98,1801.2729175,
2024-03-03 01:05:00+00:00,0.6727,0.6742,0.6731,0.6742,1462.07,0.67355,984.7772485,1462.07,984.7772485,
2024-03-03 01:10:00+00:00,0.6739,0.6774,0.6739,0.6752,2094.11,0.6751,1413.733661,2094.11,1413.733661,
2024-03-03 01:15:00+00:00,0.6753,0.678,0.6759,0.6778,1330.18,0.67675,900.199315,1330.18,900.199315,
2024-03-03 01:20:00+00:00,0.6761,0.6818,0.6781,0.6818,10835.92,0.67945,7362.465844,10835.92,7362.465844,
2024-03-03 01:25:00+00:00,0.6777,0.6806,0.6804,0.6806,5423.69,0.679825,3687.16005425,5423.69,3687.16005425,
2024-03-03 01:30:00+00:00,0.6805,0.6837,0.6816,0.6828,4323.89,0.68215,2949.5415635,4323.89,2949.5415635,
2024-03-03 01:35:00+00:00,0.6822,0.6931,0.6822,0.6931,5528.56,0.68765,3801.714284,5528.56,3801.714284,
2024-03-03 01:40:00+00:00,0.6923,0.7007,0.6936,0.6974,14993.75,0.696,10435.65,14993.75,10435.65,
2024-03-03 01:45:00+00:00,0.6937,0.7004,0.6972,0.7002,11664.05,0.697875,8140.04889375,11664.05,8140.04889375,
2024-03-03 01:50:00+00:00,0.6998,0.7114,0.6998,0.7105,22995.73,0.705375,16220.61304875,22995.73,16220.61304875,
2024-03-03 01:55:00+00:00,0.7046,0.715,0.7101,0.7046,54943.42,0.708575,38931.5338265,54943.42,38931.5338265,
2024-03-03 02:00:00+00:00,0.7011,0.7098,0.7056,0.7086,9677.78,0.706275,6835.1740695,9677.78,6835.1740695,
2024-03-03 02:05:00+00:00,0.7095,0.7188,0.7098,0.7188,41239.52,0.714225,29454.296172,41239.52,29454.296172,
2024-03-03 02:10:00+00:00,0.7176,0.7249,0.7187,0.7236,50182.06,0.7212,36191.301672,50182.06,36191.301672,
2024-03-03 02:15:00+00:00,0.7171,0.7247,0.7227,0.7206,59022.75,0.721275,42571.63400625,59022.75,42571.63400625,
2024-03-03 02:20:00+00:00,0.7143,0.7213,0.7213,0.7145,14631.38,0.71785,10503.136133,14631.38,10503.136133,
2024-03-03 02:25:00+00:00,0.7126,0.7188,0.7145,0.718,16731.86,0.715975,11979.5934635,16731.86,11979.5934635,
2024-03-03 02:30:00+00:00,0.716,0.7225,0.7197,0.716,12951.16,0.71855,9306.056018,12951.16,9306.056018,
2024-03-03 02:35:00+00:00,0.7109,0.7269,0.7164,0.7269,17101.68,0.720275,12317.912562,17101.68,12317.912562,
2024-03-03 02:40:00+00:00,0.7246,0.729,0.7277,0.7263,24038.51,0.7269,17473.592919,24038.51,17473.592919,
2024-03-03 02:45:00+00:00,0.7161,0.7301,0.7254,0.7185,20582.28,0.722525,14871.211857,20582.28,14871.211857,
2024-03-03 02:50:00+00:00,0.7151,0.7192,0.7174,0.7179,30163.89,0.7174,21639.574686,30163.89,21639.574686,
2024-03-03 02:55:00+00:00,0.7128,0.7163,0.7163,0.7128,2692.6,0.71455,1923.99733,2692.6,1923.99733,
2024-03-03 03:00:00+00:00,0.7107,0.7152,0.7126,0.7127,19809.96,0.7128,14120.539488,19809.96,14120.539488,
2024-03-03 03:05:00+00:00,0.7084,0.7156,0.7123,0.7084,10539.58,0.711175,7495.4858065,10539.58,7495.4858065,
2024-03-03 03:10:00+00:00,0.7064,0.7089,0.7089,0.7069,17014.04,0.707775,12042.112161,17014.04,12042.112161,
2024-03-03 03:15:00+00:00,0.7062,0.7125,0.7071,0.7103,21044.83,0.709025,14921.31059075,21044.83,14921.31059075,
2024-03-03 03:20:00+00:00,0.7079,0.711,0.7097,0.7092,3757.56,0.70945,2665.800942,3757.56,2665.800942,
2024-03-03 03:25:00+00:00,0.7069,0.7096,0.7093,0.7075,11085.47,0.708325,7852.11553775,11085.47,7852.11553775,
2024-03-03 03:30:00+00:00,0.7058,0.7084,0.7075,0.7073,14245.62,0.70725,10075.214745,14245.62,10075.214745,
2024-03-03 03:35:00+00:00,0.7066,0.7103,0.7081,0.7066,47449.7,0.7079,33589.64263,47449.7,33589.64263,
2024-03-03 03:40:00+00:00,0.7045,0.7086,0.7085,0.7053,5784.99,0.706725,4088.39705775,5784.99,4088.39705775,
2024-03-03 03:45:00+00:00,0.7026,0.7055,0.7055,0.7036,14385.27,0.7043,10131.545661,14385.27,10131.545661,
2024-03-03 03:50:00+00:00,0.7005,0.704,0.7031,0.7014,12911.4,0.70225,9067.03065,12911.4,9067.03065,
2024-03-03 03:55:00+00:00,0.7012,0.7078,0.7018,0.7072,32930.32,0.7045,23199.41044,32930.32,23199.41044,
2024-03-03 04:00:00+00:00,0.7065,0.7081,0.7072,0.707,6521.29,0.7072,4611.856288,6521.29,4611.856288,
2024-03-03 04:05:00+00:00,0.7055,0.7087,0.7081,0.7066,12156.98,0.707225,8597.7201805,12156.98,8597.7201805,
2024-03-03 04:10:00+00:00,0.7057,0.7086,0.707,0.7064,25857.81,0.706925,18279.53233425,25857.81,18279.53233425,
2024-03-03 04:15:00+00:00,0.7065,0.7097,0.7074,0.7089,8199.03,0.708125,5805.93811875,8199.03,5805.93811875,
2024-03-03 04:20:00+00:00,0.7059,0.7099,0.7088,0.7059,26554.55,0.707625,18790.66344375,26554.55,18790.66344375,
2024-03-03 04:25:00+00:00,0.7045,0.7065,0.7061,0.7046,9883.48,0.705425,6972.053879,9883.48,6972.053879,
2024-03-03 04:30:00+00:00,0.7016,0.704,0.704,0.7018,6463.56,0.70285,4542.913146,6463.56,4542.913146,
2024-03-03 04:35:00+00:00,0.7016,0.7042,0.7018,0.7041,10645.61,0.702925,7483.06540925,10645.61,7483.06540925,
2024-03-03 04:40:00+00:00,0.7048,0.7084,0.7062,0.7048,27450.27,0.70605,19381.2631335,27450.27,19381.2631335,
2024-03-03 04:45:00+00:00,0.7038,0.7052,0.7049,0.7044,2732.64,0.704575,1925.349828,2732.64,1925.349828,
2024-03-03 04:50:00+00:00,0.7016,0.7034,0.7034,0.7016,1138.5,0.7025,799.79625,1138.5,799.79625,
2024-03-03 04:55:00+00:00,0.7003,0.7035,0.7022,0.7035,46040.01,0.702375,32337.35202375,46040.01,32337.35202375,
2024-03-03 05:00:00+00:00,0.7007,0.703,0.703,0.7021,6675.67,0.7022,4687.655474,6675.67,4687.655474,
2024-03-03 05:05:00+00:00,0.6983,0.7016,0.7011,0.6983,7114.19,0.699825,4978.68801675,7114.19,4978.68801675,
2024-03-03 05:10:00+00:00,0.6965,0.6984,0.6976,0.6979,2397.04,0.6976,1672.175104,2397.04,1672.175104,
2024-03-03 05:15:00+00:00,0.6954,0.6975,0.6975,0.696,3898.97,0.6966,2716.022502,3898.97,2716.022502,
2024-03-03 05:20:00+00:00,0.6921,0.6963,0.6954,0.6922,28637.79,0.694,19874.62626,28637.79,19874.62626,
2024-03-03 05:25:00+00:00,0.6919,0.694,0.6932,0.6927,3760.29,0.69295,2605.6929555,3760.29,2605.6929555,
2024-03-03 05:30:00+00:00,0.6907,0.6941,0.6928,0.6925,3604.09,0.692525,2495.92242725,3604.09,2495.92242725,
2024-03-03 05:35:00+00:00,0.6888,0.6951,0.6921,0.6897,43055.08,0.691425,29769.358689,43055.08,29769.358689,
2024-03-03 05:40:00+00:00,0.6896,0.692,0.6896,0.6898,3153.3,0.69025,2176.565325,3153.3,2176.565325,
2024-03-03 05:45:00+00:00,0.6865,0.6902,0.6893,0.6882,10805.01,0.68855,7439.7896355,10805.01,7439.7896355,
2024-03-03 05:50:00+00:00,0.6841,0.6889,0.6888,0.6841,4539.6,0.686475,3116.32191,4539.6,3116.32191,
2024-03-03 05:55:00+00:00,0.6837,0.6854,0.6847,0.6837,9327.21,0.684375,6383.30934375,9327.21,6383.30934375,
2024-03-03 06:00:00+00:00,0.6789,0.6848,0.6835,0.6796,23030.4,0.6817,15699.82368,23030.4,15699.82368,
2024-03-03 06:05:00+00:00,0.6747,0.6823,0.6796,0.6781,34585.95,0.678675,23472.61961625,34585.95,23472.61961625,
2024-03-03 06:10:00+00:00,0.6748,0.6774,0.677,0.677,11927.3,0.67655,8069.414815,11927.3,8069.414815,
2024-03-03 06:15:00+00:00,0.6757,0.6788,0.6777,0.677,4857.9,0.6773,3290.25567,4857.9,3290.25567,
2024-03-03 06:20:00+00:00,0.6777,0.6798,0.6777,0.6787,9133.13,0.678475,6196.60037675,9133.13,6196.60037675,
2024-03-03 06:25:00+00:00,0.6789,0.6815,0.6793,0.6815,4336.09,0.6803,2949.842027,4336.09,2949.842027,
2024-03-03 06:30:00+00:00,0.6755,0.6807,0.6807,0.6766,38839.33,0.678375,26347.63048875,38839.33,26347.63048875,
2024-03-03 06:35:00+00:00,0.6736,0.6771,0.6767,0.6739,14238.59,0.675325,9615.67579175,14238.59,9615.67579175,
2024-03-03 06:40:00+00:00,0.67,0.6738,0.6732,0.6707,25761.62,0.671925,17309.8765185,25761.62,17309.8765185,
2024-03-03 06:45:00+00:00,0.6711,0.6736,0.6711,0.672,8285.35,0.67195,5567.3409325,8285.35,5567.3409325,
2024-03-03 06:50:00+00:00,0.6714,0.6739,0.6728,0.6715,6136.61,0.6724,4126.256564,6136.61,4126.256564,
2024-03-03 06:55:00+00:00,0.6698,0.6726,0.672,0.6701,18530.88,0.671125,12436.53684,18530.88,12436.53684,
2024-03-03 07:00:00+00:00,0.6646,0.6717,0.6712,0.6646,38002.48,0.668025,25386.606702,38002.48,25386.606702,
2024-03-03 07:05:00+00:00,0.6577,0.6655,0.6645,0.66,29874.82,0.661925,19774.8902285,29874.82,19774.8902285,
2024-03-03 07:10:00+00:00,0.66,0.6648,0.66,0.6631,41407.79,0.661975,27410.92178525,41407.79,27410.92178525,
2024-03-03 07:15:00+00:00,0.655,0.663,0.663,0.6575,72882.35,0.659625,48075.02011875,72882.35,48075.02011875,
2024-03-03 07:20:00+00:00,0.65,0.6593,0.658,0.6501,119446.69,0.65435,78159.9416015,119446.69,78159.9416015,
2024-03-03 07:25:00+00:00,0.596,0.6515,0.6515,0.6342,277450.79,0.6333,175709.585307,277450.79,175709.585307,
2024-03-03 07:30:00+00:00,0.6306,0.6449,0.6363,0.6421,34873.89,0.638475,22266.10691775,34873.89,22266.10691775,
2024-03-03 07:35:00+00:00,0.6417,0.6477,0.6423,0.6462,21297.83,0.644475,13725.91898925,21297.83,13725.91898925,
2024-03-03 07:40:00+00:00,0.6422,0.6515,0.6464,0.6487,47292.31,0.6472,30607.583032,47292.31,30607.583032,
2024-03-03 07:45:00+00:00,0.6473,0.6518,0.6488,0.6518,28428.26,0.649925,18476.2368805,28428.26,18476.2368805,
2024-03-03 07:50:00+00:00,0.6507,0.6605,0.6511,0.6583,60121.3,0.65515,39388.469695,60121.3,39388.469695,
2024-03-03 07:55:00+00:00,0.6513,0.6583,0.6573,0.6513,19889.51,0.65455,13018.6787705,19889.51,13018.6787705,
2024-03-03 08:00:00+00:00,0.6494,0.6579,0.6513,0.6495,21871.95,0.652025,14261.05819875,21871.95,14261.05819875,
2024-03-03 08:05:00+00:00,0.6403,0.6488,0.6488,0.6403,26131.29,0.64455,16842.9229695,26131.29,16842.9229695,
2024-03-03 08:10:00+00:00,0.6392,0.6463,0.6416,0.6402,24517.39,0.641825,15735.87383675,24517.39,15735.87383675,
2024-03-03 08:15:00+00:00,0.6411,0.6479,0.6413,0.6431,18103.29,0.64335,11646.7516215,18103.29,11646.7516215,
2024-03-03 08:20:00+00:00,0.6433,0.6476,0.6435,0.6461,19363.22,0.645125,12491.6973025,19363.22,12491.6973025,
2024-03-03 08:25:00+00:00,0.6434,0.6486,0.6473,0.6446,2558.73,0.645975,1652.87561175,2558.73,1652.87561175,
2024-03-03 08:30:00+00:00,0.6452,0.6532,0.6452,0.6529,7513.48,0.649125,4877.187705,7513.48,4877.187705,
2024-03-03 08:35:00+00:00,0.6494,0.6533,0.6533,0.6533,3249.22,0.652325,2119.5474365,3249.22,2119.5474365,
2024-03-03 08:40:00+00:00,0.6514,0.6528,0.6526,0.6528,5287.34,0.6524,3449.460616,5287.34,3449.460616,
2024-03-03 08:45:00+00:00,0.6522,0.6542,0.6528,0.6533,5050.19,0.653125,3298.40534375,5050.19,3298.40534375,
2024-03-03 08:50:00+00:00,0.6507,0.6536,0.6535,0.6511,3844.86,0.652225,2507.7138135,3844.86,2507.7138135,
2024-03-03 08:55:00+00:00,0.6482,0.6521,0.6521,0.6503,5800.21,0.650675,3774.05164175,5800.21,3774.05164175,
2024-03-03 09:00:00+00:00,0.6494,0.6542,0.65,0.6539,16125.97,0.651875,10512.11669375,16125.97,10512.11669375,
2024-03-03 09:05:00+00:00,0.6542,0.6573,0.6542,0.6556,8020.09,0.655325,5255.76547925,8020.09,5255.76547925,
2024-03-03 09:10:00+00:00,0.6547,0.6586,0.6563,0.6549,6954.19,0.656125,4562.81791375,6954.19,4562.81791375,
2024-03-03 09:15:00+00:00,0.6514,0.6556,0.6556,0.6517,13510.98,0.653575,8830.4387535,13510.98,8830.4387535,
2024-03-03 09:20:00+00:00,0.6482,0.6522,0.6518,0.6489,11108.33,0.650275,7223.46929075,11108.33,7223.46929075,
2024-03-03 09:25:00+00:00,0.6479,0.65,0.6487,0.65,6299.83,0.64915,4089.5346445,6299.83,4089.5346445,
2024-03-03 09:30:00+00:00,0.65,0.6521,0.6507,0.6521,1376.94,0.651225,896.6977515,1376.94,896.6977515,
2024-03-03 09:35:00+00:00,0.6507,0.6546,0.6528,0.6507,4664.11,0.6522,3041.932542,4664.11,3041.932542,
2024-03-03 09:40:00+00:00,0.6488,0.6509,0.6509,0.6494,1128.44,0.65,733.486,1128.44,733.486,
2024-03-03 09:45:00+00:00,0.6464,0.6507,0.65,0.647,10241.81,0.648525,6642.06983025,10241.81,6642.06983025,
2024-03-03 09:50:00+00:00,0.6476,0.6491,0.6476,0.6482,3107.57,0.648125,2014.09380625,3107.57,2014.09380625,
2024-03-03 09:55:00+00:00,0.6462,0.65,0.6488,0.6463,3861.28,0.647825,2501.433716,3861.28,2501.433716,
2024-03-03 10:00:00+00:00,0.6425,0.6472,0.6463,0.6434,23698.51,0.64485,15281.9841735,23698.51,15281.9841735,
2024-03-03 10:05:00+00:00,0.6415,0.6447,0.6438,0.6442,9813.85,0.64355,6315.7031675,9813.85,6315.7031675,
2024-03-03 10:10:00+00:00,0.6414,0.6434,0.6434,0.6422,1500.37,0.6426,964.137762,1500.37,964.137762,
2024-03-03 10:15:00+00:00,0.6416,0.6478,0.6418,0.647,4501.52,0.64455,2901.454716,4501.52,2901.454716,
2024-03-03 10:20:00+00:00,0.6458,0.6503,0.6464,0.6483,10853.28,0.6477,7029.669456,10853.28,7029.669456,
2024-03-03 10:25:00+00:00,0.6487,0.6501,0.6487,0.6498,7032.51,0.649325,4566.38455575,7032.51,4566.38455575,
2024-03-03 10:30:00+00:00,0.6499,0.6526,0.6507,0.652,6479.94,0.6513,4220.384922,6479.94,4220.384922,
2024-03-03 10:35:00+00:00,0.6504,0.6528,0.6514,0.6521,3638.72,0.651675,2371.262856,3638.72,2371.262856,
2024-03-03 10:40:00+00:00,0.6521,0.6536,0.6528,0.6528,3030.64,0.652825,1978.477558,3030.64,1978.477558,
2024-03-03 10:45:00+00:00,0.6482,0.6521,0.6521,0.6482,5488.01,0.65015,3568.0297015,5488.01,3568.0297015,
2024-03-03 10:50:00+00:00,0.6473,0.6494,0.6476,0.6488,10413.06,0.648275,6750.5264715,10413.06,6750.5264715,
2024-03-03 10:55:00+00:00,0.6474,0.6494,0.6494,0.649,1441.83,0.6488,935.459304,1441.83,935.459304,
2024-03-03 11:00:00+00:00,0.6464,0.649,0.6488,0.6469,3338.64,0.647775,2162.687526,3338.64,2162.687526,
2024-03-03 11:05:00+00:00,0.647,0.649,0.647,0.6489,3077.18,0.647975,1993.9357105,3077.18,1993.9357105,
2024-03-03 11:10:00+00:00,0.6489,0.6522,0.649,0.6522,2242.72,0.650575,1459.057564,2242.72,1459.057564,
2024-03-03 11:15:00+00:00,0.6516,0.655,0.6516,0.6538,1668.01,0.653,1089.21053,1668.01,1089.21053,
2024-03-03 11:20:00+00:00,0.6531,0.6547,0.6542,0.6541,8549.6,0.654025,5591.65214,8549.6,5591.65214,
2024-03-03 11:25:00+00:00,0.6519,0.6538,0.6538,0.6533,10136.5,0.6532,6621.1618,10136.5,6621.1618,
2024-03-03 11:30:00+00:00,0.6506,0.6531,0.6521,0.6525,3242.98,0.652075,2114.6661835,3242.98,2114.6661835,
2024-03-03 11:35:00+00:00,0.653,0.6551,0.6535,0.6539,12473.0,0.653875,8155.782875,12473.0,8155.782875,
2024-03-03 11:40:00+00:00,0.6523,0.6551,0.6539,0.6545,3513.16,0.65395,2297.430982,3513.16,2297.430982,
2024-03-03 11:45:00+00:00,0.6528,0.6548,0.6533,0.6542,4436.09,0.653775,2900.20473975,4436.09,2900.20473975,
2024-03-03 11:50:00+00:00,0.6532,0.6552,0.6549,0.6542,1679.36,0.654375,1098.9312,1679.36,1098.9312,
2024-03-03 11:55:00+00:00,0.6536,0.6556,0.6541,0.6556,7491.99,0.654725,4905.19315275,7491.99,4905.19315275,
2024-03-03 12:00:00+00:00,0.6534,0.6551,0.6549,0.6545,2716.99,0.654475,1778.20203025,2716.99,1778.20203025,
2024-03-03 12:05:00+00:00,0.6542,0.6577,0.6547,0.6572,3189.48,0.65595,2092.139406,3189.48,2092.139406,
2024-03-03 12:10:00+00:00,0.658,0.6632,0.658,0.6632,8182.33,0.6606,5405.247198,8182.33,5405.247198,
2024-03-03 12:15:00+00:00,0.6593,0.6634,0.6626,0.6596,7940.49,0.661225,5250.45050025,7940.49,5250.45050025,
2024-03-03 12:20:00+00:00,0.6571,0.6606,0.66,0.6604,4965.84,0.659525,3275.095626,4965.84,3275.095626,
2024-03-03 12:25:00+00:00,0.6599,0.6612,0.6604,0.6612,10878.64,0.660675,7187.245482,10878.64,7187.245482,
2024-03-03 12:30:00+00:00,0.6569,0.6627,0.6617,0.6594,19569.16,0.660175,12919.070203,19569.16,12919.070203,
2024-03-03 12:35:00+00:00,0.6587,0.6614,0.6592,0.6604,7057.82,0.659925,4657.6318635,7057.82,4657.6318635,
2024-03-03 12:40:00+00:00,0.6582,0.6607,0.6607,0.6582,273.97,0.65945,180.6695165,273.97,180.6695165,
2024-03-03 12:45:00+00:00,0.6547,0.6589,0.6589,0.6547,6164.91,0.6568,4049.112888,6164.91,4049.112888,
2024-03-03 12:50:00+00:00,0.6556,0.6575,0.6556,0.6575,3316.4,0.65655,2177.38242,3316.4,2177.38242,
2024-03-03 12:55:00+00:00,0.6552,0.6576,0.6575,0.6556,743.65,0.656475,488.18763375,743.65,488.18763375,
2024-03-03 13:00:00+00:00,0.6563,0.6593,0.6563,0.6593,5838.96,0.6578,3840.867888,5838.96,3840.867888,
2024-03-03 13:05:00+00:00,0.6587,0.6612,0.6594,0.6604,11617.79,0.659925,7666.87006575,11617.79,7666.87006575,
2024-03-03 13:10:00+00:00,0.659,0.6604,0.6594,0.6594,3731.99,0.65955,2461.4340045,3731.99,2461.4340045,
2024-03-03 13:15:00+00:00,0.6579,0.6612,0.66,0.6579,3934.95,0.65925,2594.1157875,3934.95,2594.1157875,
2024-03-03 13:20:00+00:00,0.6566,0.6595,0.6575,0.6582,7888.1,0.65795,5189.975395,7888.1,5189.975395,
2024-03-03 13:25:00+00:00,0.6578,0.6607,0.658,0.6607,4280.79,0.6593,2822.324847,4280.79,2822.324847,
2024-03-03 13:30:00+00:00,0.66,0.6644,0.66,0.6624,5394.8,0.6617,3569.73916,5394.8,3569.73916,
2024-03-03 13:35:00+00:00,0.6604,0.6626,0.6621,0.6619,6557.05,0.66175,4339.1278375,6557.05,4339.1278375,
2024-03-03 13:40:00+00:00,0.6625,0.6634,0.663,0.6633,4986.68,0.66305,3306.418174,4986.68,3306.418174,
2024-03-03 13:45:00+00:00,0.663,0.6642,0.6634,0.6631,3647.46,0.663425,2419.8161505,3647.46,2419.8161505,
2024-03-03 13:50:00+00:00,0.6624,0.6637,0.6632,0.6624,8340.1,0.662925,5528.8607925,8340.1,5528.8607925,
2024-03-03 13:55:00+00:00,0.6629,0.6658,0.663,0.6658,11608.37,0.664375,7712.31081875,11608.37,7712.31081875,
2024-03-03 14:00:00+00:00,0.6624,0.6661,0.6659,0.6628,13408.78,0.6643,8907.452554,13408.78,8907.452554,
2024-03-03 14:05:00+00:00,0.6612,0.6629,0.6627,0.6618,12124.97,0.66215,8028.5488855,12124.97,8028.5488855,
2024-03-03 14:10:00+00:00,0.6607,0.6626,0.6622,0.662,7459.64,0.661875,4937.349225,7459.64,4937.349225,
2024-03-03 14:15:00+00:00,0.6608,0.6633,0.6613,0.6624,3895.2,0.66195,2578.42764,3895.2,2578.42764,
2024-03-03 14:20:00+00:00,0.6612,0.6637,0.662,0.6613,15529.4,0.66205,10281.23927,15529.4,10281.23927,
2024-03-03 14:25:00+00:00,0.6608,0.6622,0.6613,0.6621,14649.5,0.6616,9692.1092,14649.5,9692.1092,
2024-03-03 14:30:00+00:00,0.6588,0.6638,0.6615,0.6591,6187.83,0.6608,4088.918064,6187.83,4088.918064,
2024-03-03 14:35:00+00:00,0.6555,0.6599,0.6582,0.659,22084.12,0.65815,14534.663578,22084.12,14534.663578,
2024-03-03 14:40:00+00:00,0.6582,0.6609,0.6589,0.6597,15668.02,0.659425,10331.8840885,15668.02,10331.8840885,
2024-03-03 14:45:00+00:00,0.6582,0.6621,0.6599,0.6595,20157.36,0.659925,13302.345798,20157.36,13302.345798,
2024-03-03 14:50:00+00:00,0.6567,0.6603,0.6595,0.6575,11431.41,0.6585,7527.583485,11431.41,7527.583485,
2024-03-03 14:55:00+00:00,0.6563,0.6597,0.6581,0.6582,15491.89,0.658075,10194.82551175,15491.89,10194.82551175,
2024-03-03 15:00:00+00:00,0.6586,0.662,0.659,0.662,14621.17,0.6604,9655.820668,14621.17,9655.820668,
2024-03-03 15:05:00+00:00,0.6619,0.6645,0.6624,0.6626,9688.93,0.66285,6422.3072505,9688.93,6422.3072505,
2024-03-03 15:10:00+00:00,0.6624,0.6639,0.6637,0.663,2575.98,0.66325,1708.518735,2575.98,1708.518735,
2024-03-03 15:15:00+00:00,0.6624,0.6644,0.6629,0.6634,11445.32,0.663275,7591.394623,11445.32,7591.394623,
2024-03-03 15:20:00+00:00,0.6612,0.6644,0.6635,0.6639,24290.09,0.66325,16110.4021925,24290.09,16110.4021925,
2024-03-03 15:25:00+00:00,0.6623,0.665,0.663,0.6631,24363.48,0.66335,16161.514458,24363.48,16161.514458,
2024-03-03 15:30:00+00:00,0.6606,0.6625,0.6624,0.6614,10888.3,0.661725,7205.0603175,10888.3,7205.0603175,
2024-03-03 15:35:00+00:00,0.661,0.6642,0.661,0.6639,7593.79,0.662525,5031.07571975,7593.79,5031.07571975,
2024-03-03 15:40:00+00:00,0.663,0.6641,0.6635,0.6639,4307.37,0.663625,2858.47841625,4307.37,2858.47841625,
2024-03-03 15:45:00+00:00,0.6624,0.6646,0.6642,0.6637,6062.01,0.663725,4023.50758725,6062.01,4023.50758725,
2024-03-03 15:50:00+00:00,0.6629,0.6645,0.6636,0.6636,10222.6,0.66365,6784.22849,10222.6,6784.22849,
2024-03-03 15:55:00+00:00,0.663,0.6647,0.6637,0.6647,17901.44,0.664025,11887.003696,17901.44,11887.003696,
2024-03-03 16:00:00+00:00,0.6618,0.6655,0.6642,0.6624,25646.38,0.663475,17015.7319705,25646.38,17015.7319705,
2024-03-03 16:05:00+00:00,0.6604,0.6641,0.6618,0.6631,11124.21,0.66235,7368.1204935,11124.21,7368.1204935,
2024-03-03 16:10:00+00:00,0.6636,0.6662,0.6637,0.6653,43807.46,0.6647,29118.818662,43807.46,29118.818662,
2024-03-03 16:15:00+00:00,0.6631,0.6656,0.6653,0.6643,9116.14,0.664575,6058.3587405,9116.14,6058.3587405,
2024-03-03 16:20:00+00:00,0.6621,0.6638,0.6637,0.6634,18820.1,0.66325,12482.431325,18820.1,12482.431325,
2024-03-03 16:25:00+00:00,0.6638,0.6675,0.6639,0.6672,12301.14,0.6656,8187.638784,12301.14,8187.638784,
2024-03-03 16:30:00+00:00,0.6639,0.6675,0.6675,0.6642,13691.3,0.665775,9115.3252575,13691.3,9115.3252575,
2024-03-03 16:35:00+00:00,0.6635,0.6659,0.6643,0.6649,19974.56,0.66465,13276.091304,19974.56,13276.091304,
2024-03-03 16:40:00+00:00,0.6658,0.6702,0.6658,0.6699,12668.59,0.667925,8461.66797575,12668.59,8461.66797575,
2024-03-03 16:45:00+00:00,0.6662,0.6701,0.67,0.6693,8234.52,0.6689,5508.070428,8234.52,5508.070428,
2024-03-03 16:50:00+00:00,0.6686,0.6699,0.6686,0.6699,2595.0,0.66925,1736.70375,2595.0,1736.70375,
2024-03-03 16:55:00+00:00,0.6691,0.6706,0.6693,0.6706,11095.56,0.6699,7432.915644,11095.56,7432.915644,
2024-03-03 17:00:00+00:00,0.6684,0.6714,0.6707,0.6714,16938.56,0.670475,11356.881016,16938.56,11356.881016,
2024-03-03 17:05:00+00:00,0.67,0.6715,0.671,0.6714,2671.1,0.670975,1792.2413225,2671.1,1792.2413225,
2024-03-03 17:10:00+00:00,0.6693,0.6728,0.672,0.6697,5672.92,0.67095,3806.245674,5672.92,3806.245674,
2024-03-03 17:15:00+00:00,0.6685,0.6703,0.6686,0.6691,2053.98,0.669125,1374.3693675,2053.98,1374.3693675,
2024-03-03 17:20:00+00:00,0.6676,0.6703,0.669,0.6692,3155.61,0.669025,2111.18198025,3155.61,2111.18198025,
2024-03-03 17:25:00+00:00,0.6685,0.6696,0.6686,0.6695,625.68,0.66905,418.611204,625.68,418.611204,
2024-03-03 17:30:00+00:00,0.6658,0.6692,0.6692,0.6665,9036.65,0.667675,6033.54528875,9036.65,6033.54528875,
2024-03-03 17:35:00+00:00,0.6645,0.6697,0.6651,0.6681,10149.79,0.66685,6768.3874615,10149.79,6768.3874615,
2024-03-03 17:40:00+00:00,0.6679,0.6693,0.6679,0.669,2193.01,0.668525,1466.08201025,2193.01,1466.08201025,
2024-03-03 17:45:00+00:00,0.6686,0.6697,0.6697,0.6686,571.32,0.66915,382.298778,571.32,382.298778,
2024-03-03 17:50:00+00:00,0.6665,0.6687,0.668,0.668,7084.39,0.6678,4730.955642,7084.39,4730.955642,
2024-03-03 17:55:00+00:00,0.6667,0.6673,0.6673,0.6671,1141.07,0.6671,761.207797,1141.07,761.207797,
2024-03-03 18:00:00+00:00,0.6656,0.6679,0.6676,0.6658,6598.84,0.666725,4399.611599,6598.84,4399.611599,
2024-03-03 18:05:00+00:00,0.6651,0.6682,0.6651,0.667,4416.66,0.66635,2943.041391,4416.66,2943.041391,
2024-03-03 18:10:00+00:00,0.6663,0.6686,0.6665,0.6672,7659.75,0.66715,5110.2022125,7659.75,5110.2022125,
2024-03-03 18:15:00+00:00,0.6664,0.6679,0.6673,0.6668,14692.15,0.6671,9801.133265,14692.15,9801.133265,
2024-03-03 18:20:00+00:00,0.6655,0.6683,0.6668,0.6683,12815.37,0.667225,8550.73524825,12815.37,8550.73524825,
2024-03-03 18:25:00+00:00,0.6649,0.6673,0.6673,0.6658,17843.62,0.666325,11889.6500965,17843.62,11889.6500965,
2024-03-03 18:30:00+00:00,0.6606,0.6657,0.6657,0.6618,9853.25,0.66345,6537.1387125,9853.25,6537.1387125,
2024-03-03 18:35:00+00:00,0.6612,0.6634,0.6616,0.6634,783.21,0.6624,518.798304,783.21,518.798304,
2024-03-03 18:40:00+00:00,0.6633,0.6644,0.6637,0.6638,884.7,0.6638,587.26386,884.7,587.26386,
2024-03-03 18:45:00+00:00,0.6636,0.6644,0.6636,0.6644,4912.75,0.664,3262.066,4912.75,3262.066,
2024-03-03 18:50:00+00:00,0.6637,0.6651,0.6637,0.6651,1983.5,0.6644,1317.8374,1983.5,1317.8374,
2024-03-03 18:55:00+00:00,0.6657,0.6672,0.6657,0.6665,3235.83,0.666275,2155.95263325,3235.83,2155.95263325,
2024-03-03 19:00:00+00:00,0.666,0.6677,0.6663,0.6671,14732.67,0.666775,9823.37603925,14732.67,9823.37603925,
2024-03-03 19:05:00+00:00,0.6665,0.6675,0.6672,0.6671,2159.84,0.667075,1440.775268,2159.84,1440.775268,
2024-03-03 19:10:00+00:00,0.6661,0.668,0.6665,0.6665,436.78,0.666775,291.2339845,436.78,291.2339845,
2024-03-03 19:15:00+00:00,0.6664,0.6683,0.6664,0.6683,13919.59,0.66735,9289.2383865,13919.59,9289.2383865,
2024-03-03 19:20:00+00:00,0.6653,0.6685,0.6685,0.6665,11660.7,0.6672,7780.01904,11660.7,7780.01904,
2024-03-03 19:25:00+00:00,0.6658,0.6669,0.6664,0.6662,4986.27,0.666325,3322.47635775,4986.27,3322.47635775,
2024-03-03 19:30:00+00:00,0.6644,0.668,0.6661,0.6655,20563.6,0.666,13695.3576,20563.6,13695.3576,
2024-03-03 19:35:00+00:00,0.6649,0.6703,0.6649,0.6688,22634.72,0.667225,15102.451052,22634.72,15102.451052,
2024-03-03 19:40:00+00:00,0.6662,0.6689,0.6688,0.6674,6177.08,0.667825,4125.208451,6177.08,4125.208451,
2024-03-03 19:45:00+00:00,0.6665,0.6686,0.6674,0.6678,9073.12,0.667575,6056.988084,9073.12,6056.988084,
2024-03-03 19:50:00+00:00,0.6675,0.6698,0.6678,0.6683,26422.54,0.66835,17659.504609,26422.54,17659.504609,
2024-03-03 19:55:00+00:00,0.6679,0.6703,0.668,0.6703,68433.09,0.669125,45790.29134625,68433.09,45790.29134625,
2024-03-03 20:00:00+00:00,0.6679,0.6721,0.6707,0.6679,20310.44,0.66965,13600.886146,20310.44,13600.886146,
2024-03-03 20:05:00+00:00,0.6676,0.6691,0.6681,0.6681,38419.71,0.668225,25673.01071475,38419.71,25673.01071475,
2024-03-03 20:10:00+00:00,0.6652,0.6683,0.6683,0.6662,55496.91,0.667,37016.43897,55496.91,37016.43897,
2024-03-03 20:15:00+00:00,0.6661,0.6673,0.6663,0.6661,6995.47,0.66645,4662.1309815,6995.47,4662.1309815,
2024-03-03 20:20:00+00:00,0.6658,0.6667,0.6661,0.6666,3413.42,0.6663,2274.361746,3413.42,2274.361746,
2024-03-03 20:25:00+00:00,0.6658,0.6674,0.6669,0.6658,3879.51,0.666475,2585.59642725,3879.51,2585.59642725,
2024-03-03 20:30:00+00:00,0.6665,0.6676,0.6665,0.6673,3053.31,0.666975,2036.48143725,3053.31,2036.48143725,
2024-03-03 20:35:00+00:00,0.6654,0.6679,0.6676,0.6657,3791.92,0.66665,2527.883468,3791.92,2527.883468,
2024-03-03 20:40:00+00:00,0.6656,0.6662,0.6659,0.6661,5307.37,0.66595,3534.4430515,5307.37,3534.4430515,
2024-03-03 20:45:00+00:00,0.663,0.6657,0.6656,0.6635,26949.02,0.66445,17906.276339,26949.02,17906.276339,
2024-03-03 20:50:00+00:00,0.6628,0.6642,0.6638,0.6628,5607.09,0.6634,3719.743506,5607.09,3719.743506,
2024-03-03 20:55:00+00:00,0.6628,0.6637,0.6631,0.6636,10547.41,0.6633,6996.097053,10547.41,6996.097053,
2024-03-03 21:00:00+00:00,0.663,0.6642,0.6631,0.6642,3943.52,0.663625,2617.01846,3943.52,2617.01846,
2024-03-03 21:05:00+00:00,0.6644,0.6657,0.6644,0.6654,3640.59,0.664975,2420.90133525,3640.59,2420.90133525,
2024-03-03 21:10:00+00:00,0.6643,0.6657,0.6657,0.6648,11506.29,0.665125,7653.12113625,11506.29,7653.12113625,
2024-03-03 21:15:00+00:00,0.6647,0.6675,0.6648,0.6663,22692.02,0.665825,15108.9142165,22692.02,15108.9142165,
2024-03-03 21:20:00+00:00,0.6663,0.6686,0.6663,0.668,21107.81,0.6673,14085.241613,21107.81,14085.241613,
2024-03-03 21:25:00+00:00,0.6671,0.6693,0.6684,0.6693,6225.04,0.668525,4161.594866,6225.04,4161.594866,
2024-03-03 21:30:00+00:00,0.6676,0.6686,0.6686,0.6679,626.97,0.668175,418.92567975,626.97,418.92567975,
2024-03-03 21:35:00+00:00,0.6675,0.6686,0.6679,0.6678,2891.91,0.66795,1931.6512845,2891.91,1931.6512845,
2024-03-03 21:40:00+00:00,0.6672,0.6688,0.6676,0.6679,16262.88,0.667875,10861.57098,16262.88,10861.57098,
2024-03-03 21:45:00+00:00,0.6674,0.669,0.6678,0.6688,10171.54,0.66825,6797.131605,10171.54,6797.131605,
2024-03-03 21:50:00+00:00,0.668,0.6693,0.6693,0.6685,8770.66,0.668775,5865.5981415,8770.66,5865.5981415,
2024-03-03 21:55:00+00:00,0.668,0.6714,0.6682,0.6714,1568.65,0.66975,1050.6033375,1568.65,1050.6033375,
2024-03-03 22:00:00+00:00,0.6706,0.6718,0.6718,0.6712,14308.59,0.67135,9606.0718965,14308.59,9606.0718965,
2024-03-03 22:05:00+00:00,0.6707,0.6742,0.672,0.6734,4499.99,0.672575,3026.58077425,4499.99,3026.58077425,
2024-03-03 22:10:00+00:00,0.6742,0.6767,0.6744,0.6767,10666.78,0.6755,7205.40989,10666.78,7205.40989,
2024-03-03 22:15:00+00:00,0.6755,0.677,0.6764,0.6766,5857.17,0.676375,3961.64335875,5857.17,3961.64335875,
2024-03-03 22:20:00+00:00,0.6763,0.6784,0.6777,0.6784,2577.51,0.6777,1746.778527,2577.51,1746.778527,
2024-03-03 22:25:00+00:00,0.6784,0.6803,0.6785,0.6791,11900.34,0.679075,8081.2233855,11900.34,8081.2233855,
2024-03-03 22:30:00+00:00,0.6776,0.6797,0.6789,0.6777,2642.31,0.678475,1792.74127725,2642.31,1792.74127725,
2024-03-03 22:35:00+00:00,0.6747,0.678,0.677,0.6766,13736.35,0.676575,9293.67100125,13736.35,9293.67100125,
2024-03-03 22:40:00+00:00,0.675,0.6777,0.6767,0.6763,11804.92,0.676425,7985.143011,11804.92,7985.143011,
2024-03-03 22:45:00+00:00,0.6726,0.6757,0.6757,0.6732,10915.61,0.6743,7360.395823,10915.61,7360.395823,
2024-03-03 22:50:00+00:00,0.67,0.6726,0.6726,0.6722,10315.93,0.67185,6930.7575705,10315.93,6930.7575705,
2024-03-03 22:55:00+00:00,0.6694,0.6716,0.6716,0.6715,10553.29,0.671025,7081.52142225,10553.29,7081.52142225,
2024-03-03 23:00:00+00:00,0.6699,0.672,0.6716,0.6709,3519.75,0.6711,2362.104225,3519.75,2362.104225,
2024-03-03 23:05:00+00:00,0.6697,0.6741,0.67,0.6741,26474.25,0.671975,17790.03414375,26474.25,17790.03414375,
2024-03-03 23:10:00+00:00,0.6718,0.6742,0.6733,0.6726,8036.84,0.672975,5408.592399,8036.84,5408.592399,
2024-03-03 23:15:00+00:00,0.6717,0.6731,0.6723,0.6726,1044.13,0.672425,702.09911525,1044.13,702.09911525,
2024-03-03 23:20:00+00:00,0.6726,0.6739,0.6731,0.6726,3817.0,0.67305,2569.03185,3817.0,2569.03185,
2024-03-03 23:25:00+00:00,0.6714,0.6723,0.672,0.6721,2720.79,0.67195,1828.2348405,2720.79,1828.2348405,
2024-03-03 23:30:00+00:00,0.6697,0.672,0.672,0.67,25955.74,0.670925,17414.3548595,25955.74,17414.3548595,
2024-03-03 23:35:00+00:00,0.6684,0.6707,0.6699,0.6698,4173.74,0.6697,2795.153678,4173.74,2795.153678,
2024-03-03 23:40:00+00:00,0.6683,0.6713,0.6694,0.6703,35426.77,0.669825,23729.73621525,35426.77,23729.73621525,
2024-03-03 23:45:00+00:00,0.669,0.67,0.67,0.67,923.33,0.66975,618.4002675,923.33,618.4002675,
2024-03-03 23:50:00+00:00,0.6693,0.6722,0.6697,0.6719,8478.21,0.670775,5686.97131275,8478.21,5686.97131275,
2024-03-03 23:55:00+00:00,0.6722,0.6742,0.6726,0.6737,6472.71,0.673175,4357.26655425,6472.71,4357.26655425,
2024-03-04 00:00:00+00:00,0.6727,0.6765,0.6744,0.6734,20714.5,0.67425,13966.751625,20714.5,13966.751625,
2024-03-04 00:05:00+00:00,0.6725,0.6791,0.6726,0.6791,5466.43,0.675825,3694.35005475,5466.43,3694.35005475,
2024-03-04 00:10:00+00:00,0.6785,0.6834,0.6791,0.6815,44748.37,0.680625,30456.85933125,44748.37,30456.85933125,
2024-03-04 00:15:00+00:00,0.6787,0.6819,0.6819,0.6809,9941.65,0.68085,6768.7724025,9941.65,6768.7724025,
2024-03-04 00:20:00+00:00,0.6784,0.6833,0.6807,0.6833,11227.94,0.681425,7650.9990145,11227.94,7650.9990145,
2024-03-04 00:25:00+00:00,0.682,0.6847,0.6833,0.6836,37284.14,0.6834,25479.981276,37284.14,25479.981276,
2024-03-04 00:30:00+00:00,0.6805,0.685,0.6838,0.6805,11816.35,0.68245,8064.0680575,11816.35,8064.0680575,
2024-03-04 00:35:00+00:00,0.6799,0.6819,0.6813,0.6809,7753.03,0.681,5279.81343,7753.03,5279.81343,
2024-03-04 00:40:00+00:00,0.6807,0.6832,0.6807,0.6821,17390.72,0.681675,11854.819056,17390.72,11854.819056,
2024-03-04 00:45:00+00:00,0.664,0.6821,0.682,0.666,22521.52,0.673525,15168.806758,22521.52,15168.806758,
2024-03-04 00:50:00+00:00,0.6637,0.6724,0.6656,0.671,17313.12,0.668175,11568.193956,17313.12,11568.193956,
2024-03-04 00:55:00+00:00,0.6714,0.6736,0.6714,0.6736,4383.2,0.6725,2947.702,4383.2,2947.702,
2024-03-04 01:00:00+00:00,0.6714,0.6777,0.6731,0.6739,29225.96,0.674025,19699.027689,29225.96,19699.027689,
2024-03-04 01:05:00+00:00,0.667,0.6736,0.6732,0.6686,13822.93,0.6706,9269.656858,13822.93,9269.656858,
2024-03-04 01:10:00+00:00,0.6679,0.6707,0.6687,0.6707,3598.63,0.6695,2409.282785,3598.63,2409.282785,
2024-03-04 01:15:00+00:00,0.6703,0.6751,0.6703,0.6732,8403.08,0.672225,5648.760453,8403.08,5648.760453,
2024-03-04 01:20:00+00:00,0.6739,0.6777,0.6739,0.6744,9127.66,0.674975,6160.9423085,9127.66,6160.9423085,
2024-03-04 01:25:00+00:00,0.674,0.6775,0.6751,0.6775,15071.86,0.676025,10188.9541565,15071.86,10188.9541565,
2024-03-04 01:30:00+00:00,0.672,0.6773,0.6769,0.6757,10077.71,0.675475,6807.24116225,10077.71,6807.24116225,
2024-03-04 01:35:00+00:00,0.6747,0.6774,0.6751,0.677,1594.77,0.67605,1078.1442585,1594.77,1078.1442585,
2024-03-04 01:40:00+00:00,0.6751,0.6784,0.6767,0.6764,4608.46,0.67665,3118.314459,4608.46,3118.314459,
2024-03-04 01:45:00+00:00,0.6706,0.6777,0.6768,0.6708,5305.05,0.673975,3575.47107375,5305.05,3575.47107375,
2024-03-04 01:50:00+00:00,0.6692,0.6708,0.6707,0.67,6387.51,0.670175,4280.74951425,6387.51,4280.74951425,
2024-03-04 01:55:00+00:00,0.6693,0.6726,0.67,0.672,10966.41,0.670975,7358.18694975,10966.41,7358.18694975,
2024-03-04 02:00:00+00:00,0.6707,0.6757,0.6716,0.6751,53710.86,0.673275,36162.1792665,53710.86,36162.1792665,
2024-03-04 02:05:00+00:00,0.6668,0.6753,0.6739,0.6668,7612.61,0.6707,5105.777527,7612.61,5105.777527,
2024-03-04 02:10:00+00:00,0.6658,0.6686,0.6671,0.6671,20801.89,0.66715,13877.9809135,20801.89,13877.9809135,
2024-03-04 02:15:00+00:00,0.6668,0.672,0.6668,0.6678,14454.72,0.66835,9660.812112,14454.72,9660.812112,
2024-03-04 02:20:00+00:00,0.6662,0.6693,0.6675,0.6693,6822.06,0.668075,4557.6477345,6822.06,4557.6477345,
2024-03-04 02:25:00+00:00,0.6686,0.6745,0.67,0.6745,24319.45,0.6719,16340.238455,24319.45,16340.238455,
2024-03-04 02:30:00+00:00,0.6749,0.6826,0.6749,0.6812,21734.63,0.6784,14744.772992,21734.63,14744.772992,
2024-03-04 02:35:00+00:00,0.6799,0.6835,0.6823,0.682,16277.93,0.681925,11100.32741525,16277.93,11100.32741525,
2024-03-04 02:40:00+00:00,0.6812,0.6836,0.6817,0.6833,8228.11,0.68245,5615.2736695,8228.11,5615.2736695,
2024-03-04 02:45:00+00:00,0.6813,0.6847,0.6826,0.6847,12354.68,0.683325,8442.261711,12354.68,8442.261711,
2024-03-04 02:50:00+00:00,0.6822,0.6847,0.6844,0.6824,31632.88,0.683425,21618.701014,31632.88,21618.701014,
2024-03-04 02:55:00+00:00,0.6789,0.6826,0.6826,0.6796,6160.52,0.680925,4194.852081,6160.52,4194.852081,
2024-03-04 03:00:00+00:00,0.6761,0.6798,0.6791,0.6761,13921.74,0.677775,9435.8073285,13921.74,9435.8073285,
2024-03-04 03:05:00+00:00,0.6766,0.682,0.6766,0.6792,11723.28,0.6786,7955.417808,11723.28,7955.417808,
2024-03-04 03:10:00+00:00,0.6775,0.6797,0.6797,0.679,9508.69,0.678975,6456.16279275,9508.69,6456.16279275,
2024-03-04 03:15:00+00:00,0.6752,0.6795,0.6784,0.6763,13982.25,0.67735,9470.8770375,13982.25,9470.8770375,
2024-03-04 03:20:00+00:00,0.6745,0.677,0.6757,0.677,6777.31,0.67605,4581.8004255,6777.31,4581.8004255,
2024-03-04 03:25:00+00:00,0.6736,0.6771,0.6766,0.6771,17096.92,0.6761,11559.227612,17096.92,11559.227612,
2024-03-04 03:30:00+00:00,0.6746,0.677,0.6768,0.6753,11115.37,0.675925,7513.15646725,11115.37,7513.15646725,
2024-03-04 03:35:00+00:00,0.672,0.6751,0.6749,0.6726,10148.6,0.67365,6836.60439,10148.6,6836.60439,
2024-03-04 03:40:00+00:00,0.6732,0.6757,0.6732,0.6739,6466.11,0.674,4358.15814,6466.11,4358.15814,
2024-03-04 03:45:00+00:00,0.6726,0.6753,0.6732,0.6726,17101.52,0.673425,11516.591106,17101.52,11516.591106,
2024-03-04 03:50:00+00:00,0.6726,0.6762,0.6736,0.674,5633.69,0.6741,3797.670429,5633.69,3797.670429,
2024-03-04 03:55:00+00:00,0.6719,0.6749,0.6745,0.6732,3846.97,0.673625,2591.41516625,3846.97,2591.41516625,
2024-03-04 04:00:00+00:00,0.671,0.6745,0.6739,0.6718,6520.85,0.6728,4387.22788,6520.85,4387.22788,
2024-03-04 04:05:00+00:00,0.6693,0.6739,0.672,0.6717,13068.15,0.671725,8778.20305875,13068.15,8778.20305875,
2024-03-04 04:10:00+00:00,0.6693,0.6738,0.672,0.6731,5644.28,0.67205,3793.238374,5644.28,3793.238374,
2024-03-04 04:15:00+00:00,0.6695,0.6735,0.673,0.6695,3369.85,0.671375,2262.43304375,3369.85,2262.43304375,
2024-03-04 04:20:00+00:00,0.6707,0.6728,0.6707,0.6726,8589.43,0.6717,5769.520131,8589.43,5769.520131,
2024-03-04 04:25:00+00:00,0.6727,0.6751,0.6727,0.6751,12573.32,0.6739,8473.160348,12573.32,8473.160348,
2024-03-04 04:30:00+00:00,0.6737,0.6793,0.6751,0.6786,42056.26,0.676675,28458.4197355,42056.26,28458.4197355,
2024-03-04 04:35:00+00:00,0.6763,0.6791,0.6791,0.6778,1405.49,0.678075,953.02763175,1405.49,953.02763175,
2024-03-04 04:40:00+00:00,0.6777,0.6798,0.6784,0.6778,3836.96,0.678425,2603.089588,3836.96,2603.089588,
2024-03-04 04:45:00+00:00,0.6779,0.6789,0.678,0.6786,1590.35,0.67835,1078.8139225,1590.35,1078.8139225,
2024-03-04 04:50:00+00:00,0.6777,0.6804,0.678,0.6793,16727.96,0.67885,11355.775646,16727.96,11355.775646,
2024-03-04 04:55:00+00:00,0.6795,0.6805,0.6798,0.6799,2754.01,0.679925,1872.52024925,2754.01,1872.52024925,
2024-03-04 05:00:00+00:00,0.6793,0.6818,0.6805,0.6818,4816.53,0.68085,3279.3344505,4816.53,3279.3344505,
2024-03-04 05:05:00+00:00,0.6793,0.6821,0.6819,0.6798,9477.87,0.680775,6452.29694925,9477.87,6452.29694925,
2024-03-04 05:10:00+00:00,0.6784,0.6798,0.6791,0.6795,1436.3,0.6792,975.53496,1436.3,975.53496,
2024-03-04 05:15:00+00:00,0.6752,0.68,0.68,0.6752,6896.89,0.6776,4673.332664,6896.89,4673.332664,
2024-03-04 05:20:00+00:00,0.6751,0.677,0.6763,0.6751,877.63,0.675875,593.16817625,877.63,593.16817625,
2024-03-04 05:25:00+00:00,0.6752,0.6786,0.6757,0.6786,9146.74,0.677025,6192.5716485,9146.74,6192.5716485,
2024-03-04 05:30:00+00:00,0.6777,0.682,0.6785,0.6805,17111.52,0.679675,11630.272356,17111.52,11630.272356,
2024-03-04 05:35:00+00:00,0.6793,0.6807,0.6802,0.6805,5964.44,0.680175,4056.862977,5964.44,4056.862977,
2024-03-04 05:40:00+00:00,0.6784,0.681,0.6807,0.681,20420.55,0.680275,13891.58965125,20420.55,13891.58965125,
2024-03-04 05:45:00+00:00,0.6797,0.6813,0.6812,0.6803,3205.11,0.680625,2181.47799375,3205.11,2181.47799375,
2024-03-04 05:50:00+00:00,0.6789,0.6806,0.6806,0.679,8996.4,0.679775,6115.52781,8996.4,6115.52781,
2024-03-04 05:55:00+00:00,0.6765,0.6791,0.6791,0.6771,1999.71,0.67795,1355.7033945,1999.71,1355.7033945,
2024-03-04 06:00:00+00:00,0.6763,0.6794,0.6763,0.677,4405.25,0.67725,2983.4555625,4405.25,2983.4555625,
2024-03-04 06:05:00+00:00,0.6745,0.6777,0.6764,0.6746,6436.97,0.6758,4350.104326,6436.97,4350.104326,
2024-03-04 06:10:00+00:00,0.6751,0.6777,0.6751,0.677,2979.29,0.676225,2014.67038025,2979.29,2014.67038025,
2024-03-04 06:15:00+00:00,0.6757,0.6778,0.6777,0.6775,9957.35,0.677175,6742.86848625,9957.35,6742.86848625,
2024-03-04 06:20:00+00:00,0.677,0.6779,0.6777,0.6772,6942.58,0.67745,4703.250821,6942.58,4703.250821,
2024-03-04 06:25:00+00:00,0.678,0.6805,0.678,0.6805,7598.03,0.67925,5160.9618775,7598.03,5160.9618775,
2024-03-04 06:30:00+00:00,0.6774,0.6805,0.6803,0.6798,2977.5,0.6795,2023.21125,2977.5,2023.21125,
2024-03-04 06:35:00+00:00,0.6795,0.6812,0.6798,0.6805,2144.25,0.68025,1458.6260625,2144.25,1458.6260625,
2024-03-04 06:40:00+00:00,0.68,0.6836,0.6812,0.6824,26085.65,0.6818,17785.19617,26085.65,17785.19617,
2024-03-04 06:45:00+00:00,0.6816,0.6843,0.6824,0.684,9887.53,0.683075,6753.92455475,9887.53,6753.92455475,
2024-03-04 06:50:00+00:00,0.6844,0.6909,0.6847,0.6902,20408.6,0.68755,14031.93293,20408.6,14031.93293,
2024-03-04 06:55:00+00:00,0.6887,0.6923,0.6904,0.6919,8771.99,0.690825,6059.90999175,8771.99,6059.90999175,
2024-03-04 07:00:00+00:00,0.6878,0.6929,0.6926,0.6893,7465.0,0.69065,5155.70225,7465.0,5155.70225,
2024-03-04 07:05:00+00:00,0.6861,0.6906,0.6893,0.6882,8578.59,0.68855,5906.7881445,8578.59,5906.7881445,
2024-03-04 07:10:00+00:00,0.6882,0.6927,0.6882,0.6927,7776.5,0.69045,5369.284425,7776.5,5369.284425,
2024-03-04 07:15:00+00:00,0.6912,0.6941,0.6929,0.6935,24070.78,0.692925,16679.2452315,24070.78,16679.2452315,
2024-03-04 07:20:00+00:00,0.6934,0.6953,0.6941,0.6945,8677.17,0.694325,6024.77606025,8677.17,6024.77606025,
2024-03-04 07:25:00+00:00,0.6939,0.6958,0.6941,0.6945,13674.97,0.694575,9498.29228775,13674.97,9498.29228775,
2024-03-04 07:30:00+00:00,0.6915,0.6936,0.6936,0.6923,6942.76,0.69275,4809.59699,6942.76,4809.59699,
2024-03-04 07:35:00+00:00,0.688,0.6934,0.6923,0.688,42682.48,0.690425,29469.051254,42682.48,29469.051254,
2024-03-04 07:40:00+00:00,0.6885,0.6938,0.6885,0.692,12326.1,0.6907,8513.63727,12326.1,8513.63727,
2024-03-04 07:45:00+00:00,0.689,0.692,0.6913,0.6893,11570.25,0.6904,7988.1006,11570.25,7988.1006,
2024-03-04 07:50:00+00:00,0.6878,0.6927,0.6887,0.6878,9419.3,0.68925,6492.252525,9419.3,6492.252525,
2024-03-04 07:55:00+00:00,0.6864,0.688,0.6875,0.688,3543.49,0.687475,2436.06078775,3543.49,2436.06078775,
2024-03-04 08:00:00+00:00,0.688,0.6906,0.6887,0.6899,17015.27,0.6893,11728.625611,17015.27,11728.625611,
2024-03-04 08:05:00+00:00,0.6899,0.694,0.6904,0.6934,15966.21,0.691925,11047.41985425,15966.21,11047.41985425,
2024-03-04 08:10:00+00:00,0.6934,0.6968,0.6934,0.6962,8637.67,0.69495,6002.7487665,8637.67,6002.7487665,
2024-03-04 08:15:00+00:00,0.6927,0.6957,0.6955,0.6927,9567.89,0.69415,6641.5508435,9567.89,6641.5508435,
2024-03-04 08:20:00+00:00,0.6913,0.693,0.6921,0.6925,2992.69,0.692225,2071.61483525,2992.69,2071.61483525,
2024-03-04 08:25:00+00:00,0.692,0.6938,0.6934,0.6927,2171.71,0.692975,1504.94073725,2171.71,1504.94073725,
2024-03-04 08:30:00+00:00,0.6905,0.6921,0.692,0.6919,1894.71,0.691625,1310.42880375,1894.71,1310.42880375,
2024-03-04 08:35:00+00:00,0.6916,0.6952,0.6918,0.6929,28411.61,0.692875,19685.69427875,28411.61,19685.69427875,
2024-03-04 08:40:00+00:00,0.6929,0.6955,0.6937,0.6955,2129.6,0.6944,1478.79424,2129.6,1478.79424,
2024-03-04 08:45:00+00:00,0.6931,0.6961,0.6952,0.6947,23010.36,0.694775,15987.022869,23010.36,15987.022869,
2024-03-04 08:50:00+00:00,0.6938,0.6962,0.6948,0.6962,2511.99,0.69525,1746.4610475,2511.99,1746.4610475,
2024-03-04 08:55:00+00:00,0.6958,0.698,0.6958,0.698,5351.28,0.6969,3729.307032,5351.28,3729.307032,
2024-03-04 09:00:00+00:00,0.6969,0.7037,0.6972,0.6997,14534.49,0.699375,10165.05894375,14534.49,10165.05894375,
2024-03-04 09:05:00+00:00,0.6944,0.7082,0.7006,0.707,39428.49,0.70255,27700.4856495,39428.49,27700.4856495,
2024-03-04 09:10:00+00:00,0.7037,0.7144,0.708,0.7133,26913.66,0.70985,19104.661551,26913.66,19104.661551,
2024-03-04 09:15:00+00:00,0.7058,0.7148,0.7103,0.7072,23728.87,0.709525,16836.22648675,23728.87,16836.22648675,
2024-03-04 09:20:00+00:00,0.7004,0.707,0.7068,0.7044,35089.05,0.70465,24725.4990825,35089.05,24725.4990825,
2024-03-04 09:25:00+00:00,0.7033,0.7066,0.7048,0.7056,2543.81,0.705075,1793.57683575,2543.81,1793.57683575,
2024-03-04 09:30:00+00:00,0.7011,0.7057,0.7057,0.7016,9373.28,0.703525,6594.336812,9373.28,6594.336812,
2024-03-04 09:35:00+00:00,0.7011,0.7058,0.7012,0.7037,13689.09,0.70295,9622.7458155,13689.09,9622.7458155,
2024-03-04 09:40:00+00:00,0.7031,0.7096,0.7044,0.7091,29415.48,0.70655,20783.507394,29415.48,20783.507394,
2024-03-04 09:45:00+00:00,0.7044,0.7093,0.7086,0.7068,10324.12,0.707275,7301.991973,10324.12,7301.991973,
2024-03-04 09:50:00+00:00,0.7025,0.7065,0.7065,0.7025,7018.49,0.7045,4944.526205,7018.49,4944.526205,
2024-03-04 09:55:00+00:00,0.7018,0.7032,0.7024,0.7023,7151.18,0.702425,5023.1676115,7151.18,5023.1676115,
2024-03-04 10:00:00+00:00,0.6975,0.7031,0.7018,0.7018,14227.91,0.70105,9974.4763055,14227.91,9974.4763055,
2024-03-04 10:05:00+00:00,0.6919,0.7017,0.7017,0.6926,25708.53,0.696975,17918.20269675,25708.53,17918.20269675,
2024-03-04 10:10:00+00:00,0.6899,0.6953,0.6932,0.693,44242.48,0.69285,30653.402268,44242.48,30653.402268,
2024-03-04 10:15:00+00:00,0.6923,0.6962,0.6926,0.6941,13184.93,0.6938,9147.704434,13184.93,9147.704434,
2024-03-04 10:20:00+00:00,0.6887,0.6941,0.6941,0.6912,8718.57,0.692025,6033.46840425,8718.57,6033.46840425,
2024-03-04 10:25:00+00:00,0.6903,0.6927,0.6911,0.6908,13020.85,0.691225,9000.33704125,13020.85,9000.33704125,
2024-03-04 10:30:00+00:00,0.6893,0.6939,0.6905,0.6906,4748.85,0.691075,3281.81151375,4748.85,3281.81151375,
2024-03-04 10:35:00+00:00,0.681,0.6915,0.6912,0.6848,57017.29,0.687125,39178.00539125,57017.29,39178.00539125,
2024-03-04 10:40:00+00:00,0.6814,0.6847,0.6844,0.6847,14274.15,0.6838,9760.66377,14274.15,9760.66377,
2024-03-04 10:45:00+00:00,0.6825,0.6865,0.6854,0.6864,35083.89,0.6852,24039.481428,35083.89,24039.481428,
2024-03-04 10:50:00+00:00,0.6826,0.6874,0.6867,0.6833,14378.23,0.685,9849.08755,14378.23,9849.08755,
2024-03-04 10:55:00+00:00,0.6819,0.6851,0.684,0.6824,44389.03,0.68335,30333.2436505,44389.03,30333.2436505,
2024-03-04 11:00:00+00:00,0.6833,0.6867,0.6833,0.6851,44247.99,0.6846,30292.173954,44247.99,30292.173954,
2024-03-04 11:05:00+00:00,0.684,0.6874,0.6849,0.6866,5002.17,0.685725,3430.11302325,5002.17,3430.11302325,
2024-03-04 11:10:00+00:00,0.684,0.6864,0.6864,0.6861,2425.16,0.685725,1662.992841,2425.16,1662.992841,
2024-03-04 11:15:00+00:00,0.6842,0.6874,0.6857,0.6844,5040.92,0.685425,3455.172591,5040.92,3455.172591,
2024-03-04 11:20:00+00:00,0.6819,0.685,0.684,0.6819,4675.5,0.6832,3194.3016,4675.5,3194.3016,
2024-03-04 11:25:00+00:00,0.681,0.6846,0.6818,0.6824,12110.49,0.68245,8264.8039005,12110.49,8264.8039005,
2024-03-04 11:30:00+00:00,0.6791,0.6847,0.6812,0.684,38415.89,0.68225,26209.2409525,38415.89,26209.2409525,
2024-03-04 11:35:00+00:00,0.6833,0.6863,0.684,0.6863,3734.52,0.684975,2558.052837,3734.52,2558.052837,
2024-03-04 11:40:00+00:00,0.6859,0.6875,0.6865,0.6867,8612.65,0.68665,5913.8761225,8612.65,5913.8761225,
2024-03-04 11:45:00+00:00,0.687,0.6901,0.6872,0.6901,12820.12,0.6886,8827.934632,12820.12,8827.934632,
2024-03-04 11:50:00+00:00,0.6895,0.6915,0.6906,0.6913,6913.62,0.690725,4775.4101745,6913.62,4775.4101745,
2024-03-04 11:55:00+00:00,0.6906,0.695,0.691,0.6928,10360.39,0.69235,7173.0160165,10360.39,7173.0160165,
2024-03-04 12:00:00+00:00,0.6899,0.6948,0.6927,0.6948,10232.27,0.69305,7091.4747235,10232.27,7091.4747235,
2024-03-04 12:05:00+00:00,0.6913,0.6951,0.6949,0.6951,9646.87,0.6941,6695.892467,9646.87,6695.892467,
2024-03-04 12:10:00+00:00,0.6941,0.6952,0.6947,0.6942,3833.91,0.69455,2662.8421905,3833.91,2662.8421905,
2024-03-04 12:15:00+00:00,0.694,0.6957,0.6946,0.6955,28362.29,0.69495,19710.3734355,28362.29,19710.3734355,
2024-03-04 12:20:00+00:00,0.6959,0.699,0.696,0.6966,12897.7,0.696875,8988.0846875,12897.7,8988.0846875,
2024-03-04 12:25:00+00:00,0.6966,0.7,0.6966,0.6982,18157.3,0.69785,12671.071805,18157.3,12671.071805,
2024-03-04 12:30:00+00:00,0.6941,0.6979,0.6979,0.6943,33873.04,0.69605,23577.329492,33873.04,23577.329492,
2024-03-04 12:35:00+00:00,0.6952,0.7018,0.6954,0.6991,48395.41,0.697875,33773.94675375,48395.41,33773.94675375,
2024-03-04 12:40:00+00:00,0.6959,0.6991,0.6985,0.6969,14209.59,0.6976,9912.609984,14209.59,9912.609984,
2024-03-04 12:45:00+00:00,0.6948,0.7004,0.696,0.7004,18091.95,0.6979,12626.371905,18091.95,12626.371905,
2024-03-04 12:50:00+00:00,0.7001,0.7031,0.7011,0.7006,8101.32,0.701225,5680.848117,8101.32,5680.848117,
2024-03-04 12:55:00+00:00,0.701,0.7043,0.701,0.7038,26558.97,0.702525,18658.34039925,26558.97,18658.34039925,
2024-03-04 13:00:00+00:00,0.7035,0.7076,0.7043,0.7035,12960.26,0.704725,9133.4192285,12960.26,9133.4192285,
2024-03-04 13:05:00+00:00,0.7021,0.7067,0.7044,0.7021,10081.07,0.703825,7095.30909275,10081.07,7095.30909275,
2024-03-04 13:10:00+00:00,0.7006,0.7044,0.7018,0.7006,11573.83,0.70185,8123.0925855,11573.83,8123.0925855,
2024-03-04 13:15:00+00:00,0.7006,0.702,0.701,0.7011,10697.99,0.701175,7501.16313825,10697.99,7501.16313825,
2024-03-04 13:20:00+00:00,0.6962,0.7004,0.7004,0.6962,6256.74,0.6983,4369.081542,6256.74,4369.081542,
2024-03-04 13:25:00+00:00,0.695,0.6969,0.6962,0.695,694.55,0.695775,483.25052625,694.55,483.25052625,
2024-03-04 13:30:00+00:00,0.6941,0.6975,0.6948,0.6971,7871.89,0.695875,5477.85145375,7871.89,5477.85145375,
2024-03-04 13:35:00+00:00,0.6945,0.6986,0.6976,0.6945,3873.25,0.6963,2696.943975,3873.25,2696.943975,
2024-03-04 13:40:00+00:00,0.6927,0.6951,0.6951,0.6948,7317.37,0.694425,5081.36466225,7317.37,5081.36466225,
2024-03-04 13:45:00+00:00,0.6899,0.6937,0.6935,0.6906,2859.36,0.691925,1978.462668,2859.36,1978.462668,
2024-03-04 13:50:00+00:00,0.6893,0.6923,0.6908,0.6904,10574.18,0.6907,7303.586126,10574.18,7303.586126,
2024-03-04 13:55:00+00:00,0.6805,0.6895,0.6893,0.6826,62927.72,0.685475,43135.378867,62927.72,43135.378867,
2024-03-04 14:00:00+00:00,0.676,0.6854,0.6833,0.6798,44462.91,0.681125,30284.79957375,44462.91,30284.79957375,
2024-03-04 14:05:00+00:00,0.6806,0.6847,0.6806,0.6847,15415.65,0.68265,10523.4934725,15415.65,10523.4934725,
2024-03-04 14:10:00+00:00,0.6844,0.6933,0.6848,0.6895,39961.64,0.688,27493.60832,39961.64,27493.60832,
2024-03-04 14:15:00+00:00,0.6869,0.6906,0.6895,0.6895,18801.26,0.689125,12956.4182975,18801.26,12956.4182975,
2024-03-04 14:20:00+00:00,0.6871,0.692,0.6887,0.6899,31443.73,0.689425,21678.09355525,31443.73,21678.09355525,
2024-03-04 14:25:00+00:00,0.6891,0.6927,0.6898,0.6924,20329.4,0.691,14047.6154,20329.4,14047.6154,
2024-03-04 14:30:00+00:00,0.6888,0.6928,0.6928,0.692,13747.68,0.6916,9507.895488,13747.68,9507.895488,
2024-03-04 14:35:00+00:00,0.6919,0.6955,0.6919,0.6948,9826.6,0.693525,6814.992765,9826.6,6814.992765,
2024-03-04 14:40:00+00:00,0.6948,0.6983,0.695,0.6959,11713.53,0.696,8152.61688,11713.53,8152.61688,
2024-03-04 14:45:00+00:00,0.6899,0.7018,0.6964,0.6917,140893.15,0.69495,97913.6945925,140893.15,97913.6945925,
2024-03-04 14:50:00+00:00,0.6883,0.692,0.6913,0.6887,39330.79,0.690075,27141.19490925,39330.79,27141.19490925,
2024-03-04 14:55:00+00:00,0.688,0.69,0.6887,0.689,7793.85,0.688925,5369.37811125,7793.85,5369.37811125,
2024-03-04 15:00:00+00:00,0.6854,0.6897,0.6893,0.6854,15971.96,0.68745,10979.923902,15971.96,10979.923902,
2024-03-04 15:05:00+00:00,0.6847,0.6899,0.6865,0.6899,5867.98,0.68775,4035.703245,5867.98,4035.703245,
2024-03-04 15:10:00+00:00,0.6899,0.6926,0.6906,0.6902,18470.95,0.690825,12760.19403375,18470.95,12760.19403375,
2024-03-04 15:15:00+00:00,0.6882,0.6907,0.6893,0.6902,28697.25,0.6896,19789.6236,28697.25,19789.6236,
2024-03-04 15:20:00+00:00,0.689,0.6935,0.69,0.6918,17893.53,0.691075,12365.77124475,17893.53,12365.77124475,
2024-03-04 15:25:00+00:00,0.6903,0.692,0.6917,0.692,5867.08,0.6915,4057.08582,5867.08,4057.08582,
2024-03-04 15:30:00+00:00,0.6902,0.6926,0.692,0.6917,25948.3,0.691625,17946.4929875,25948.3,17946.4929875,
2024-03-04 15:35:00+00:00,0.688,0.6913,0.6912,0.688,8729.84,0.689625,6020.31591,8729.84,6020.31591,
2024-03-04 15:40:00+00:00,0.6881,0.6939,0.6882,0.693,15123.26,0.6908,10447.148008,15123.26,10447.148008,
2024-03-04 15:45:00+00:00,0.6904,0.6936,0.6931,0.6913,17520.92,0.6921,12126.228732,17520.92,12126.228732,
2024-03-04 15:50:00+00:00,0.6903,0.693,0.692,0.6918,10700.51,0.691775,7402.34530525,10700.51,7402.34530525,
2024-03-04 15:55:00+00:00,0.6891,0.6916,0.6914,0.6914,24421.03,0.690875,16871.87910125,24421.03,16871.87910125,
2024-03-04 16:00:00+00:00,0.6894,0.6922,0.6918,0.6913,24696.9,0.691175,17069.8798575,24696.9,17069.8798575,
2024-03-04 16:05:00+00:00,0.6906,0.693,0.6906,0.6918,9146.05,0.6915,6324.493575,9146.05,6324.493575,
2024-03-04 16:10:00+00:00,0.688,0.6921,0.6921,0.6887,7497.08,0.690225,5174.672043,7497.08,5174.672043,
2024-03-04 16:15:00+00:00,0.6852,0.6887,0.6884,0.6861,13796.22,0.6871,9479.382762,13796.22,9479.382762,
2024-03-04 16:20:00+00:00,0.6854,0.6874,0.6862,0.686,4353.51,0.68625,2987.5962375,4353.51,2987.5962375,
2024-03-04 16:25:00+00:00,0.6801,0.688,0.6862,0.6842,28982.01,0.684625,19841.80859625,28982.01,19841.80859625,
2024-03-04 16:30:00+00:00,0.6821,0.6858,0.684,0.6845,7622.0,0.6841,5214.2102,7622.0,5214.2102,
2024-03-04 16:35:00+00:00,0.6816,0.6852,0.6847,0.6828,12343.55,0.683575,8437.74219125,12343.55,8437.74219125,
2024-03-04 16:40:00+00:00,0.6833,0.6857,0.6839,0.6833,4803.35,0.68405,3285.7315675,4803.35,3285.7315675,
2024-03-04 16:45:00+00:00,0.6805,0.6852,0.6836,0.6814,34334.46,0.682675,23439.2774805,34334.46,23439.2774805,
2024-03-04 16:50:00+00:00,0.6761,0.6817,0.6805,0.6765,82916.82,0.6787,56275.645734,82916.82,56275.645734,
2024-03-04 16:55:00+00:00,0.6748,0.6787,0.6766,0.6765,44122.18,0.67665,29855.273097,44122.18,29855.273097,
2024-03-04 17:00:00+00:00,0.6739,0.6801,0.6773,0.6739,69252.55,0.6763,46835.499565,69252.55,46835.499565,
2024-03-04 17:05:00+00:00,0.6678,0.6765,0.6738,0.6682,35671.54,0.671575,23956.1144755,35671.54,23956.1144755,
2024-03-04 17:10:00+00:00,0.6683,0.6752,0.6683,0.6738,64244.87,0.6714,43134.005718,64244.87,43134.005718,
2024-03-04 17:15:00+00:00,0.6737,0.6789,0.6745,0.6789,32428.61,0.6765,21937.954665,32428.61,21937.954665,
2024-03-04 17:20:00+00:00,0.673,0.6793,0.678,0.6763,66124.93,0.67665,44743.4338845,66124.93,44743.4338845,
2024-03-04 17:25:00+00:00,0.677,0.6833,0.677,0.6829,16383.0,0.68005,11141.25915,16383.0,11141.25915,
2024-03-04 17:30:00+00:00,0.6788,0.6828,0.6826,0.6788,9137.58,0.68075,6220.407585,9137.58,6220.407585,
2024-03-04 17:35:00+00:00,0.672,0.6826,0.6791,0.672,9130.95,0.676425,6176.40285375,9130.95,6176.40285375,
2024-03-04 17:40:00+00:00,0.6714,0.6764,0.6726,0.6726,39467.07,0.67325,26571.2048775,39467.07,26571.2048775,
2024-03-04 17:45:00+00:00,0.6636,0.6742,0.6727,0.6668,33423.6,0.669325,22371.25107,33423.6,22371.25107,
2024-03-04 17:50:00+00:00,0.663,0.6679,0.6673,0.6666,6948.9,0.6662,4629.35718,6948.9,4629.35718,
2024-03-04 17:55:00+00:00,0.6553,0.6675,0.6671,0.6553,38091.78,0.6613,25190.094114,38091.78,25190.094114,
2024-03-04 18:00:00+00:00,0.6562,0.6692,0.6562,0.6692,81017.51,0.6627,53690.303877,81017.51,53690.303877,
2024-03-04 18:05:00+00:00,0.6653,0.67,0.6681,0.6686,39380.5,0.668,26306.174,39380.5,26306.174,
2024-03-04 18:10:00+00:00,0.6628,0.6699,0.6698,0.6682,92840.9,0.667675,61987.5479075,92840.9,61987.5479075,
2024-03-04 18:15:00+00:00,0.6641,0.67,0.6671,0.6644,37309.4,0.6664,24862.98416,37309.4,24862.98416,
2024-03-04 18:20:00+00:00,0.6637,0.6659,0.6654,0.6637,16229.93,0.664675,10787.62872275,16229.93,10787.62872275,
2024-03-04 18:25:00+00:00,0.656,0.663,0.663,0.656,164865.69,0.6595,108728.922555,164865.69,108728.922555,
2024-03-04 18:30:00+00:00,0.6562,0.6652,0.6562,0.6639,48290.73,0.660375,31889.99082375,48290.73,31889.99082375,
2024-03-04 18:35:00+00:00,0.663,0.6693,0.6639,0.6691,14279.78,0.666325,9514.9744085,14279.78,9514.9744085,
2024-03-04 18:40:00+00:00,0.6678,0.67,0.6694,0.6692,110498.44,0.6691,73934.506204,110498.44,73934.506204,
2024-03-04 18:45:00+00:00,0.6692,0.6723,0.6692,0.6714,48806.24,0.670525,32725.804076,48806.24,32725.804076,
2024-03-04 18:50:00+00:00,0.672,0.68,0.672,0.6787,52038.72,0.675675,35161.262136,52038.72,35161.262136,
2024-03-04 18:55:00+00:00,0.6777,0.6837,0.6783,0.6837,4439.71,0.68085,3022.7765535,4439.71,3022.7765535,
2024-03-04 19:00:00+00:00,0.6745,0.6836,0.6831,0.6749,9204.96,0.679025,6250.397964,9204.96,6250.397964,
2024-03-04 19:05:00+00:00,0.6732,0.6779,0.6757,0.6739,13391.1,0.675175,9041.3359425,13391.1,9041.3359425,
2024-03-04 19:10:00+00:00,0.672,0.6766,0.6741,0.6755,7888.7,0.67455,5321.322585,7888.7,5321.322585,
2024-03-04 19:15:00+00:00,0.6763,0.6793,0.6763,0.6767,2320.91,0.67715,1571.6042065,2320.91,1571.6042065,
2024-03-04 19:20:00+00:00,0.6751,0.6798,0.6763,0.6784,3385.49,0.6774,2293.330926,3385.49,2293.330926,
2024-03-04 19:25:00+00:00,0.6777,0.6801,0.6783,0.6791,4150.36,0.6788,2817.264368,4150.36,2817.264368,
2024-03-04 19:30:00+00:00,0.6761,0.6799,0.6788,0.6765,14269.5,0.677825,9672.2238375,14269.5,9672.2238375,
2024-03-04 19:35:00+00:00,0.677,0.6811,0.677,0.6799,8191.17,0.67875,5559.7566375,8191.17,5559.7566375,
2024-03-04 19:40:00+00:00,0.6795,0.6826,0.6795,0.6822,6232.15,0.68095,4243.7825425,6232.15,4243.7825425,
2024-03-04 19:45:00+00:00,0.6801,0.6819,0.6819,0.6814,3080.81,0.681325,2099.03287325,3080.81,2099.03287325,
2024-03-04 19:50:00+00:00,0.6805,0.6823,0.6805,0.6819,3178.79,0.6813,2165.709627,3178.79,2165.709627,
2024-03-04 19:55:00+00:00,0.6809,0.6843,0.6826,0.6812,12391.64,0.68225,8454.19639,12391.64,8454.19639,
2024-03-04 20:00:00+00:00,0.6809,0.6831,0.6819,0.6825,5034.54,0.6821,3434.059734,5034.54,3434.059734,
2024-03-04 20:05:00+00:00,0.6812,0.6857,0.6822,0.6841,3338.86,0.6833,2281.443038,3338.86,2281.443038,
2024-03-04 20:10:00+00:00,0.6842,0.686,0.6846,0.6854,7842.87,0.68505,5372.7580935,7842.87,5372.7580935,
2024-03-04 20:15:00+00:00,0.6809,0.6862,0.6854,0.6826,14256.42,0.683775,9748.1835855,14256.42,9748.1835855,
2024-03-04 20:20:00+00:00,0.6812,0.6842,0.6832,0.6826,8964.73,0.6828,6121.117644,8964.73,6121.117644,
2024-03-04 20:25:00+00:00,0.6807,0.6842,0.6823,0.6813,36091.27,0.682125,24618.75754875,36091.27,24618.75754875,
2024-03-04 20:30:00+00:00,0.68,0.684,0.6819,0.68,5876.22,0.681475,4004.4970245,5876.22,4004.4970245,
2024-03-04 20:35:00+00:00,0.6798,0.6828,0.6804,0.6806,24040.0,0.6809,16368.836,24040.0,16368.836,
2024-03-04 20:40:00+00:00,0.681,0.6832,0.6813,0.6816,2763.25,0.681775,1883.91476875,2763.25,1883.91476875,
2024-03-04 20:45:00+00:00,0.6777,0.6821,0.682,0.6807,15293.75,0.680625,10409.30859375,15293.75,10409.30859375,
2024-03-04 20:50:00+00:00,0.6802,0.6823,0.6806,0.6805,4011.09,0.6809,2731.151181,4011.09,2731.151181,
2024-03-04 20:55:00+00:00,0.6801,0.6827,0.6808,0.6827,10662.39,0.681575,7267.21846425,10662.39,7267.21846425,
2024-03-04 21:00:00+00:00,0.6781,0.6836,0.6819,0.6793,7178.92,0.680725,4886.870317,7178.92,4886.870317,
2024-03-04 21:05:00+00:00,0.6767,0.6798,0.6795,0.6791,6712.6,0.678775,4556.345065,6712.6,4556.345065,
2024-03-04 21:10:00+00:00,0.6786,0.6822,0.679,0.6798,4435.11,0.6799,3015.431289,4435.11,3015.431289,
2024-03-04 21:15:00+00:00,0.6805,0.6864,0.6805,0.6854,17361.36,0.6832,11861.281152,17361.36,11861.281152,
2024-03-04 21:20:00+00:00,0.6841,0.6881,0.6844,0.6851,16576.46,0.685425,11361.9200955,16576.46,11361.9200955,
2024-03-04 21:25:00+00:00,0.6842,0.6864,0.6859,0.6855,7948.62,0.6855,5448.77901,7948.62,5448.77901,
2024-03-04 21:30:00+00:00,0.6854,0.6879,0.6857,0.6867,7884.56,0.686425,5412.159098,7884.56,5412.159098,
2024-03-04 21:35:00+00:00,0.6868,0.6894,0.6868,0.689,15269.04,0.688,10505.09952,15269.04,10505.09952,
2024-03-04 21:40:00+00:00,0.6883,0.6915,0.6899,0.6897,16051.5,0.68985,11073.127275,16051.5,11073.127275,
2024-03-04 21:45:00+00:00,0.6881,0.6902,0.6887,0.6888,38000.65,0.68895,26180.5478175,38000.65,26180.5478175,
2024-03-04 21:50:00+00:00,0.6858,0.6891,0.6884,0.6863,9974.71,0.6874,6856.615654,9974.71,6856.615654,
2024-03-04 21:55:00+00:00,0.6859,0.6882,0.6863,0.687,5217.65,0.68685,3583.7429025,5217.65,3583.7429025,
2024-03-04 22:00:00+00:00,0.6871,0.6887,0.6872,0.6882,35224.02,0.6878,24227.080956,35224.02,24227.080956,
2024-03-04 22:05:00+00:00,0.6875,0.6886,0.6875,0.6878,7145.55,0.68785,4915.0665675,7145.55,4915.0665675,
2024-03-04 22:10:00+00:00,0.686,0.6881,0.6877,0.686,4124.85,0.68695,2833.5657075,4124.85,2833.5657075,
2024-03-04 22:15:00+00:00,0.6826,0.6864,0.6854,0.6861,9497.65,0.685125,6507.07745625,9497.65,6507.07745625,
2024-03-04 22:20:00+00:00,0.6831,0.686,0.6856,0.6842,3971.4,0.684725,2719.316865,3971.4,2719.316865,
2024-03-04 22:25:00+00:00,0.6841,0.6855,0.6847,0.6841,12310.6,0.6846,8427.83676,12310.6,8427.83676,
2024-03-04 22:30:00+00:00,0.6839,0.6861,0.6848,0.6854,5006.51,0.68505,3429.7096755,5006.51,3429.7096755,
2024-03-04 22:35:00+00:00,0.6861,0.6891,0.6861,0.6888,9112.55,0.687525,6265.10593875,9112.55,6265.10593875,
2024-03-04 22:40:00+00:00,0.6893,0.6928,0.6893,0.6909,6629.42,0.690575,4578.1117165,6629.42,4578.1117165,
2024-03-04 22:45:00+00:00,0.6894,0.6915,0.6912,0.6894,6191.31,0.690375,4274.32564125,6191.31,4274.32564125,
2024-03-04 22:50:00+00:00,0.6884,0.6903,0.6899,0.6886,14584.6,0.6893,10053.16478,14584.6,10053.16478,
2024-03-04 22:55:00+00:00,0.6893,0.6906,0.6893,0.6905,16192.44,0.689925,11171.569167,16192.44,11171.569167,
2024-03-04 23:00:00+00:00,0.689,0.6907,0.6899,0.6907,9930.78,0.690075,6852.9830085,9930.78,6852.9830085,
2024-03-04 23:05:00+00:00,0.6898,0.6909,0.6904,0.6907,18923.72,0.69045,13065.882474,18923.72,13065.882474,
2024-03-04 23:10:00+00:00,0.6873,0.691,0.6905,0.688,32382.13,0.6892,22317.763996,32382.13,22317.763996,
2024-03-04 23:15:00+00:00,0.6862,0.6893,0.6881,0.6865,13085.16,0.687525,8996.374629,13085.16,8996.374629,
2024-03-04 23:20:00+00:00,0.6857,0.688,0.6865,0.6866,49078.17,0.6867,33701.979339,49078.17,33701.979339,
2024-03-04 23:25:00+00:00,0.6854,0.6881,0.6867,0.6881,2342.52,0.687075,1609.486929,2342.52,1609.486929,
2024-03-04 23:30:00+00:00,0.6851,0.6886,0.6883,0.6859,41659.13,0.686975,28618.78083175,41659.13,28618.78083175,
2024-03-04 23:35:00+00:00,0.685,0.6874,0.6859,0.6858,7263.91,0.686025,4983.22385775,7263.91,4983.22385775,
2024-03-04 23:40:00+00:00,0.685,0.6874,0.6856,0.687,49434.23,0.68625,33924.2403375,49434.23,33924.2403375,
2024-03-04 23:45:00+00:00,0.6861,0.6913,0.6867,0.6907,14855.48,0.6887,10230.969076,14855.48,10230.969076,
2024-03-04 23:50:00+00:00,0.6903,0.6929,0.6916,0.6905,6071.95,0.691325,4197.69083375,6071.95,4197.69083375,
2024-03-04 23:55:00+00:00,0.6879,0.6904,0.6904,0.6903,12607.55,0.68975,8696.0576125,12607.55,8696.0576125,
2024-03-05 00:00:00+00:00,0.6833,0.6912,0.6896,0.6833,33841.12,0.68685,23243.773272,33841.12,23243.773272,
2024-03-05 00:05:00+00:00,0.6833,0.6874,0.6842,0.6857,9973.32,0.68515,6833.220198,9973.32,6833.220198,
2024-03-05 00:10:00+00:00,0.6824,0.6856,0.6854,0.683,48103.86,0.6841,32907.850626,48103.86,32907.850626,
2024-03-05 00:15:00+00:00,0.683,0.6858,0.6833,0.6846,4891.56,0.684175,3346.683063,4891.56,3346.683063,
2024-03-05 00:20:00+00:00,0.6833,0.6878,0.6854,0.6846,28480.05,0.685275,19516.66626375,28480.05,19516.66626375,
2024-03-05 00:25:00+00:00,0.6825,0.6867,0.6854,0.6833,18936.65,0.684475,12961.66350875,18936.65,12961.66350875,
2024-03-05 00:30:00+00:00,0.678,0.6828,0.6826,0.6791,8758.43,0.680625,5961.20641875,8758.43,5961.20641875,
2024-03-05 00:35:00+00:00,0.6789,0.6813,0.6798,0.6812,12324.33,0.6803,8384.241699,12324.33,8384.241699,
2024-03-05 00:40:00+00:00,0.6807,0.6846,0.6811,0.6824,18127.19,0.6822,12366.369018,18127.19,12366.369018,
2024-03-05 00:45:00+00:00,0.678,0.6831,0.6831,0.6788,32592.29,0.68075,22187.2014175,32592.29,22187.2014175,
2024-03-05 00:50:00+00:00,0.6774,0.6806,0.6782,0.6777,15343.68,0.678475,10410.303288,15343.68,10410.303288,
2024-03-05 00:55:00+00:00,0.6739,0.6791,0.6777,0.6742,22916.4,0.676225,15496.64259,22916.4,15496.64259,
2024-03-05 01:00:00+00:00,0.6735,0.6777,0.6746,0.6735,61073.25,0.674825,41213.75593125,61073.25,41213.75593125,
2024-03-05 01:05:00+00:00,0.6723,0.6793,0.6738,0.6789,17824.74,0.676075,12050.8610955,17824.74,12050.8610955,
2024-03-05 01:10:00+00:00,0.6751,0.6788,0.6781,0.6763,14225.76,0.677075,9631.906452,14225.76,9631.906452,
2024-03-05 01:15:00+00:00,0.6757,0.679,0.6765,0.679,12270.25,0.67755,8313.7078875,12270.25,8313.7078875,
2024-03-05 01:20:00+00:00,0.6781,0.6833,0.6782,0.6828,35406.0,0.6806,24097.3236,35406.0,24097.3236,
2024-03-05 01:25:00+00:00,0.6822,0.694,0.6829,0.6917,34590.85,0.6877,23788.127545,34590.85,23788.127545,
2024-03-05 01:30:00+00:00,0.6924,0.6961,0.6924,0.696,27241.01,0.694225,18911.39016725,27241.01,18911.39016725,
2024-03-05 01:35:00+00:00,0.6894,0.6971,0.6955,0.6912,30802.05,0.6933,21355.061265,30802.05,21355.061265,
2024-03-05 01:40:00+00:00,0.691,0.6932,0.6913,0.6927,11546.76,0.69205,7990.935258,11546.76,7990.935258,
2024-03-05 01:45:00+00:00,0.6899,0.6948,0.6934,0.6899,13257.05,0.692,9173.8786,13257.05,9173.8786,
2024-03-05 01:50:00+00:00,0.6899,0.6948,0.6899,0.6913,13980.27,0.691475,9667.00719825,13980.27,9667.00719825,
2024-03-05 01:55:00+00:00,0.6897,0.6934,0.6917,0.6915,14060.95,0.691575,9724.20149625,14060.95,9724.20149625,
2024-03-05 02:00:00+00:00,0.6859,0.6927,0.6922,0.6859,24252.24,0.689175,16714.037502,24252.24,16714.037502,
2024-03-05 02:05:00+00:00,0.6841,0.6878,0.6859,0.686,32570.49,0.68595,22341.7276155,32570.49,22341.7276155,
2024-03-05 02:10:00+00:00,0.6849,0.691,0.6867,0.6906,39100.66,0.6883,26912.984278,39100.66,26912.984278,
2024-03-05 02:15:00+00:00,0.6799,0.6901,0.6901,0.6839,33666.31,0.686,23095.08866,33666.31,23095.08866,
2024-03-05 02:20:00+00:00,0.6844,0.6893,0.6851,0.6883,5772.98,0.686775,3964.7383395,5772.98,3964.7383395,
2024-03-05 02:25:00+00:00,0.6811,0.6884,0.6884,0.6811,77300.54,0.68475,52931.544765,77300.54,52931.544765,
2024-03-05 02:30:00+00:00,0.6783,0.6819,0.6805,0.6804,30543.61,0.680275,20778.05429275,30543.61,20778.05429275,
2024-03-05 02:35:00+00:00,0.6784,0.6823,0.6801,0.6787,5071.75,0.679875,3448.15603125,5071.75,3448.15603125,
2024-03-05 02:40:00+00:00,0.677,0.6801,0.6784,0.6784,13224.0,0.678475,8972.1534,13224.0,8972.1534,
2024-03-05 02:45:00+00:00,0.6792,0.6833,0.6798,0.6826,5657.87,0.681225,3854.28249075,5657.87,3854.28249075,
2024-03-05 02:50:00+00:00,0.6806,0.685,0.682,0.6821,6334.8,0.682425,4323.02589,6334.8,4323.02589,
2024-03-05 02:55:00+00:00,0.6819,0.6847,0.6819,0.6847,3091.13,0.6833,2112.169129,3091.13,2112.169129,
2024-03-05 03:00:00+00:00,0.6785,0.6845,0.6841,0.6795,6426.18,0.68165,4380.405597,6426.18,4380.405597,
2024-03-05 03:05:00+00:00,0.678,0.6809,0.6798,0.6801,5960.42,0.6797,4051.297474,5960.42,4051.297474,
2024-03-05 03:10:00+00:00,0.6786,0.6819,0.68,0.6805,8540.7,0.68025,5809.811175,8540.7,5809.811175,
2024-03-05 03:15:00+00:00,0.6803,0.6843,0.6805,0.6843,8066.69,0.68235,5504.3059215,8066.69,5504.3059215,
2024-03-05 03:20:00+00:00,0.6847,0.6874,0.6847,0.6863,2339.79,0.685775,1604.56948725,2339.79,1604.56948725,
2024-03-05 03:25:00+00:00,0.6854,0.688,0.6864,0.6864,2677.3,0.68655,1838.100315,2677.3,1838.100315,
2024-03-05 03:30:00+00:00,0.683,0.6868,0.6858,0.684,13386.91,0.6849,9168.694659,13386.91,9168.694659,
2024-03-05 03:35:00+00:00,0.6826,0.6851,0.6843,0.6839,6897.58,0.683975,4717.7722805,6897.58,4717.7722805,
2024-03-05 03:40:00+00:00,0.6828,0.6867,0.6835,0.6859,3803.29,0.684725,2604.20774525,3803.29,2604.20774525,
2024-03-05 03:45:00+00:00,0.6826,0.6854,0.6854,0.6847,14150.94,0.684525,9686.6722035,14150.94,9686.6722035,
2024-03-05 03:50:00+00:00,0.6826,0.6854,0.6848,0.6826,5205.77,0.68385,3559.9658145,5205.77,3559.9658145,
2024-03-05 03:55:00+00:00,0.6823,0.6842,0.6829,0.6827,13480.73,0.683025,9207.67560825,13480.73,9207.67560825,
2024-03-05 04:00:00+00:00,0.6826,0.6912,0.6833,0.6898,10140.16,0.686725,6963.501376,10140.16,6963.501376,
2024-03-05 04:05:00+00:00,0.6897,0.6945,0.6906,0.6899,16019.61,0.691175,11072.35394175,16019.61,11072.35394175,
2024-03-05 04:10:00+00:00,0.6827,0.6908,0.6904,0.6827,24676.2,0.68665,16943.91273,24676.2,16943.91273,
2024-03-05 04:15:00+00:00,0.6811,0.6858,0.6842,0.6811,16912.69,0.68305,11552.2129045,16912.69,11552.2129045,
2024-03-05 04:20:00+00:00,0.6777,0.6819,0.6816,0.6798,11981.38,0.68025,8150.333745,11981.38,8150.333745,
2024-03-05 04:25:00+00:00,0.6801,0.69,0.6805,0.69,22788.97,0.68515,15613.8627955,22788.97,15613.8627955,
2024-03-05 04:30:00+00:00,0.69,0.6955,0.69,0.692,29819.35,0.691875,20631.26278125,29819.35,20631.26278125,
2024-03-05 04:35:00+00:00,0.6917,0.6976,0.6917,0.6942,12440.25,0.6938,8631.04545,12440.25,8631.04545,
2024-03-05 04:40:00+00:00,0.6937,0.699,0.6955,0.6943,28251.09,0.695625,19652.16448125,28251.09,19652.16448125,
2024-03-05 04:45:00+00:00,0.6826,0.6966,0.6951,0.6826,44734.86,0.689225,30832.3838835,44734.86,30832.3838835,
2024-03-05 04:50:00+00:00,0.6753,0.6874,0.6819,0.6874,64950.89,0.683,44361.45787,64950.89,44361.45787,
2024-03-05 04:55:00+00:00,0.6832,0.6881,0.6871,0.6845,18261.08,0.685725,12522.079083,18261.08,12522.079083,
2024-03-05 05:00:00+00:00,0.6575,0.6851,0.6848,0.6693,76787.06,0.674175,51767.9161755,76787.06,51767.9161755,
2024-03-05 05:05:00+00:00,0.6665,0.6752,0.6693,0.6719,78353.89,0.670725,52553.91287025,78353.89,52553.91287025,
2024-03-05 05:10:00+00:00,0.6707,0.6765,0.6732,0.6745,20757.6,0.673725,13984.91406,20757.6,13984.91406,
2024-03-05 05:15:00+00:00,0.6737,0.6847,0.6737,0.6834,8412.81,0.678875,5711.24638875,8412.81,5711.24638875,
2024-03-05 05:20:00+00:00,0.6828,0.7007,0.6828,0.6927,52948.46,0.68975,36521.200285,52948.46,36521.200285,
2024-03-05 05:25:00+00:00,0.6893,0.6948,0.6935,0.6903,9286.49,0.691975,6426.01891775,9286.49,6426.01891775,
2024-03-05 05:30:00+00:00,0.6859,0.6952,0.6899,0.6906,27490.53,0.6904,18979.461912,27490.53,18979.461912,
2024-03-05 05:35:00+00:00,0.6806,0.6902,0.6902,0.6819,21014.37,0.685725,14410.07886825,21014.37,14410.07886825,
2024-03-05 05:40:00+00:00,0.6781,0.6843,0.6813,0.6806,13270.94,0.681075,9038.5054605,13270.94,9038.5054605,
2024-03-05 05:45:00+00:00,0.6798,0.6867,0.6808,0.6826,16085.42,0.682475,10977.8970145,16085.42,10977.8970145,
2024-03-05 05:50:00+00:00,0.6821,0.6867,0.6824,0.6865,11444.36,0.684425,7832.806093,11444.36,7832.806093,
2024-03-05 05:55:00+00:00,0.6867,0.6916,0.6867,0.6887,13495.42,0.688425,9290.5845135,13495.42,9290.5845135,
2024-03-05 06:00:00+00:00,0.6847,0.6899,0.6893,0.6893,16016.38,0.6883,11024.074354,16016.38,11024.074354,
2024-03-05 06:05:00+00:00,0.684,0.6883,0.6869,0.6883,16258.7,0.686875,11167.6945625,16258.7,11167.6945625,
2024-03-05 06:10:00+00:00,0.6875,0.6902,0.6875,0.6893,5671.28,0.688625,3905.38519,5671.28,3905.38519,
2024-03-05 06:15:00+00:00,0.6899,0.6936,0.6899,0.6932,42254.08,0.69165,29225.034432,42254.08,29225.034432,
2024-03-05 06:20:00+00:00,0.6922,0.6971,0.6941,0.6955,11167.5,0.694725,7758.3414375,11167.5,7758.3414375,
2024-03-05 06:25:00+00:00,0.6911,0.6962,0.6948,0.6962,4504.71,0.694575,3128.85894825,4504.71,3128.85894825,
2024-03-05 06:30:00+00:00,0.6898,0.6958,0.6948,0.6917,10782.96,0.693025,7472.860854,10782.96,7472.860854,
2024-03-05 06:35:00+00:00,0.6914,0.6961,0.6914,0.6948,19856.56,0.693425,13769.035118,19856.56,13769.035118,
2024-03-05 06:40:00+00:00,0.6938,0.6976,0.6952,0.6945,20166.94,0.695275,14021.5692085,20166.94,14021.5692085,
2024-03-05 06:45:00+00:00,0.6934,0.6997,0.6934,0.6997,12548.77,0.69655,8740.8457435,12548.77,8740.8457435,
2024-03-05 06:50:00+00:00,0.6974,0.7011,0.7,0.6997,43158.49,0.69955,30191.5216795,43158.49,30191.5216795,
2024-03-05 06:55:00+00:00,0.6949,0.7018,0.6995,0.7012,23312.81,0.69935,16303.8136735,23312.81,16303.8136735,
2024-03-05 07:00:00+00:00,0.6969,0.7022,0.699,0.6969,4449.47,0.69875,3109.0671625,4449.47,3109.0671625,
2024-03-05 07:05:00+00:00,0.6944,0.699,0.6982,0.6962,12414.5,0.69695,8652.285775,12414.5,8652.285775,
2024-03-05 07:10:00+00:00,0.6969,0.7006,0.6969,0.7004,34638.69,0.6987,24202.052703,34638.69,24202.052703,
2024-03-05 07:15:00+00:00,0.7004,0.7032,0.7011,0.7008,9367.36,0.701375,6570.03212,9367.36,6570.03212,
2024-03-05 07:20:00+00:00,0.6962,0.7017,0.7017,0.6969,2400.58,0.699125,1678.3054925,2400.58,1678.3054925,
2024-03-05 07:25:00+00:00,0.692,0.6978,0.6973,0.6924,13159.91,0.694875,9144.49246125,13159.91,9144.49246125,
2024-03-05 07:30:00+00:00,0.6893,0.6934,0.6914,0.691,13490.33,0.691275,9325.52787075,13490.33,9325.52787075,
2024-03-05 07:35:00+00:00,0.6871,0.691,0.6901,0.6887,10043.96,0.689225,6922.548331,10043.96,6922.548331,
2024-03-05 07:40:00+00:00,0.6876,0.6901,0.688,0.6884,4869.42,0.688525,3352.7174055,4869.42,3352.7174055,
2024-03-05 07:45:00+00:00,0.6861,0.6924,0.6874,0.692,9154.53,0.689475,6311.81957175,9154.53,6311.81957175,
2024-03-05 07:50:00+00:00,0.6927,0.7011,0.6927,0.6981,4801.25,0.69615,3342.3901875,4801.25,3342.3901875,
2024-03-05 07:55:00+00:00,0.6897,0.6981,0.6978,0.6898,12581.7,0.69385,8729.812545,12581.7,8729.812545,
2024-03-05 08:00:00+00:00,0.6887,0.6955,0.6894,0.692,13549.77,0.6914,9368.310978,13549.77,9368.310978,
2024-03-05 08:05:00+00:00,0.6795,0.6934,0.6934,0.6795,14158.44,0.68645,9719.061138,14158.44,9719.061138,
2024-03-05 08:10:00+00:00,0.6807,0.6906,0.6817,0.6906,7143.22,0.6859,4899.534598,7143.22,4899.534598,
2024-03-05 08:15:00+00:00,0.6893,0.6923,0.6893,0.6923,4840.07,0.6908,3343.520356,4840.07,3343.520356,
2024-03-05 08:20:00+00:00,0.6892,0.6926,0.6912,0.6905,1852.88,0.690875,1280.10847,1852.88,1280.10847,
2024-03-05 08:25:00+00:00,0.6877,0.692,0.6913,0.688,17788.29,0.68975,12269.4730275,17788.29,12269.4730275,
2024-03-05 08:30:00+00:00,0.6847,0.6913,0.6883,0.6867,4966.81,0.68775,3415.9235775,4966.81,3415.9235775,
2024-03-05 08:35:00+00:00,0.6871,0.6899,0.6871,0.6899,7178.49,0.6885,4942.390365,7178.49,4942.390365,
2024-03-05 08:40:00+00:00,0.6874,0.6913,0.6903,0.6909,4809.66,0.689975,3318.5451585,4809.66,3318.5451585,
2024-03-05 08:45:00+00:00,0.6887,0.6969,0.6906,0.6969,6420.53,0.693275,4451.19293575,6420.53,4451.19293575,
2024-03-05 08:50:00+00:00,0.6966,0.7004,0.6976,0.7004,3730.25,0.69875,2606.5121875,3730.25,2606.5121875,
2024-03-05 08:55:00+00:00,0.6969,0.7005,0.6993,0.6979,5338.87,0.69865,3730.0015255,5338.87,3730.0015255,
2024-03-05 09:00:00+00:00,0.6941,0.699,0.6986,0.6941,5061.73,0.69645,3525.2418585,5061.73,3525.2418585,
2024-03-05 09:05:00+00:00,0.6941,0.6997,0.6948,0.699,21351.75,0.6969,14880.034575,21351.75,14880.034575,
2024-03-05 09:10:00+00:00,0.6992,0.7013,0.6997,0.7013,8068.52,0.700375,5650.989695,8068.52,5650.989695,
2024-03-05 09:15:00+00:00,0.6997,0.7031,0.7003,0.7028,5144.62,0.701475,3608.8223145,5144.62,3608.8223145,
2024-03-05 09:20:00+00:00,0.7035,0.7058,0.7035,0.7058,7837.97,0.70465,5523.0255605,7837.97,5523.0255605,
2024-03-05 09:25:00+00:00,0.7062,0.7128,0.7063,0.7118,27605.91,0.709275,19580.18181525,27605.91,19580.18181525,
2024-03-05 09:30:00+00:00,0.7113,0.7191,0.7113,0.7182,36987.18,0.714975,26444.9090205,36987.18,26444.9090205,
2024-03-05 09:35:00+00:00,0.7111,0.7176,0.7176,0.7159,28836.26,0.71555,20633.785843,28836.26,20633.785843,
2024-03-05 09:40:00+00:00,0.7093,0.7156,0.7151,0.7104,39032.41,0.7126,27814.495366,39032.41,27814.495366,
2024-03-05 09:45:00+00:00,0.7114,0.7151,0.7114,0.7128,28087.34,0.712675,20017.1450345,28087.34,20017.1450345,
2024-03-05 09:50:00+00:00,0.7122,0.7226,0.7141,0.7226,44746.5,0.717875,32122.3936875,44746.5,32122.3936875,
2024-03-05 09:55:00+00:00,0.7233,0.7416,0.7233,0.7399,86425.98,0.732025,63265.9780095,86425.98,63265.9780095,
2024-03-05 10:00:00+00:00,0.7314,0.7446,0.7398,0.7326,66777.53,0.7371,49221.717363,66777.53,49221.717363,
2024-03-05 10:05:00+00:00,0.728,0.7352,0.7324,0.728,36125.76,0.7309,26404.317984,36125.76,26404.317984,
2024-03-05 10:10:00+00:00,0.7261,0.7291,0.7291,0.7285,10604.99,0.7282,7722.553718,10604.99,7722.553718,
2024-03-05 10:15:00+00:00,0.7226,0.7286,0.7282,0.723,31757.2,0.7256,23043.02432,31757.2,23043.02432,
2024-03-05 10:20:00+00:00,0.7205,0.7254,0.7226,0.7249,11144.93,0.72335,8061.6851155,11144.93,8061.6851155,
2024-03-05 10:25:00+00:00,0.724,0.7278,0.7261,0.7245,10665.63,0.7256,7738.981128,10665.63,7738.981128,
2024-03-05 10:30:00+00:00,0.7182,0.7235,0.7235,0.7191,10046.8,0.721075,7244.49631,10046.8,7244.49631,
2024-03-05 10:35:00+00:00,0.7142,0.7184,0.7184,0.7142,25538.5,0.7163,18293.22755,25538.5,18293.22755,
2024-03-05 10:40:00+00:00,0.7136,0.7179,0.7136,0.7162,11440.71,0.715325,8183.82588075,11440.71,8183.82588075,
2024-03-05 10:45:00+00:00,0.7142,0.7185,0.7163,0.717,13546.08,0.7165,9705.76632,13546.08,9705.76632,
2024-03-05 10:50:00+00:00,0.7154,0.7191,0.7173,0.7191,9354.95,0.717725,6714.28148875,9354.95,6714.28148875,
2024-03-05 10:55:00+00:00,0.7177,0.7214,0.7181,0.7211,15437.77,0.719575,11108.63334775,15437.77,11108.63334775,
2024-03-05 11:00:00+00:00,0.7191,0.7241,0.7219,0.7221,37079.94,0.7218,26764.300692,37079.94,26764.300692,
2024-03-05 11:05:00+00:00,0.7212,0.7271,0.722,0.7262,8002.5,0.724125,5794.8103125,8002.5,5794.8103125,
2024-03-05 11:10:00+00:00,0.7228,0.7268,0.7259,0.725,8121.49,0.725125,5889.09543625,8121.49,5889.09543625,
2024-03-05 11:15:00+00:00,0.7223,0.7282,0.7244,0.7273,9581.93,0.72555,6952.1693115,9581.93,6952.1693115,
2024-03-05 11:20:00+00:00,0.721,0.7268,0.7262,0.7226,18926.18,0.72415,13705.393247,18926.18,13705.393247,
2024-03-05 11:25:00+00:00,0.7209,0.7226,0.7223,0.7209,5357.81,0.721675,3866.59753175,5357.81,3866.59753175,
2024-03-05 11:30:00+00:00,0.7184,0.723,0.7211,0.7197,14704.75,0.72055,10595.5076125,14704.75,10595.5076125,
2024-03-05 11:35:00+00:00,0.7161,0.7199,0.7199,0.7172,11926.81,0.718275,8566.72945275,11926.81,8566.72945275,
2024-03-05 11:40:00+00:00,0.714,0.717,0.7163,0.714,13520.79,0.715325,9671.75910675,13520.79,9671.75910675,
2024-03-05 11:45:00+00:00,0.7142,0.7185,0.7144,0.7148,15152.67,0.715475,10841.35656825,15152.67,10841.35656825,
2024-03-05 11:50:00+00:00,0.7148,0.718,0.7163,0.718,10243.24,0.716775,7342.098351,10243.24,7342.098351,
2024-03-05 11:55:00+00:00,0.7152,0.7177,0.7177,0.7158,15934.06,0.7166,11418.347396,15934.06,11418.347396,
2024-03-05 12:00:00+00:00,0.7153,0.7219,0.7153,0.7204,11789.81,0.718225,8467.73628725,11789.81,8467.73628725,
2024-03-05 12:05:00+00:00,0.7167,0.7207,0.72,0.7177,14019.82,0.718775,10077.0961205,14019.82,10077.0961205,
2024-03-05 12:10:00+00:00,0.7161,0.7186,0.7172,0.7164,12363.19,0.717075,8865.33446925,12363.19,8865.33446925,
2024-03-05 12:15:00+00:00,0.7164,0.7195,0.7164,0.7177,10061.53,0.7175,7219.147775,10061.53,7219.147775,
2024-03-05 12:20:00+00:00,0.7146,0.7175,0.717,0.7151,44774.95,0.71605,32061.1029475,44774.95,32061.1029475,
2024-03-05 12:25:00+00:00,0.714,0.7205,0.7151,0.7205,12849.35,0.717525,9219.72985875,12849.35,9219.72985875,
2024-03-05 12:30:00+00:00,0.7184,0.7233,0.7202,0.7185,8866.03,0.7201,6384.428203,8866.03,6384.428203,
2024-03-05 12:35:00+00:00,0.7173,0.7212,0.7191,0.7206,1648.75,0.71955,1186.3580625,1648.75,1186.3580625,
2024-03-05 12:40:00+00:00,0.7192,0.7241,0.7201,0.7226,5760.26,0.7215,4156.02759,5760.26,4156.02759,
2024-03-05 12:45:00+00:00,0.7219,0.7259,0.7223,0.7226,27163.65,0.723175,19644.07258875,27163.65,19644.07258875,
2024-03-05 12:50:00+00:00,0.7195,0.7245,0.7226,0.723,4790.33,0.7224,3460.534392,4790.33,3460.534392,
2024-03-05 12:55:00+00:00,0.7205,0.7245,0.723,0.7235,15279.41,0.722875,11045.10350375,15279.41,11045.10350375,
2024-03-05 13:00:00+00:00,0.7177,0.7237,0.7232,0.7186,13171.87,0.7208,9494.283896,13171.87,9494.283896,
2024-03-05 13:05:00+00:00,0.717,0.7233,0.7186,0.7207,26285.66,0.7199,18923.046634,26285.66,18923.046634,
2024-03-05 13:10:00+00:00,0.716,0.7204,0.7198,0.72,27145.14,0.71905,19518.712917,27145.14,19518.712917,
2024-03-05 13:15:00+00:00,0.7102,0.7192,0.7192,0.712,31850.31,0.71515,22777.7491965,31850.31,22777.7491965,
2024-03-05 13:20:00+00:00,0.7111,0.7142,0.7116,0.7121,15903.22,0.71225,11327.068445,15903.22,11327.068445,
2024-03-05 13:25:00+00:00,0.709,0.7128,0.7121,0.7102,12967.5,0.711025,9220.2166875,12967.5,9220.2166875,
2024-03-05 13:30:00+00:00,0.7061,0.7114,0.7107,0.7079,23551.21,0.709025,16698.39667025,23551.21,16698.39667025,
2024-03-05 13:35:00+00:00,0.7086,0.7108,0.7086,0.7086,2769.52,0.70915,1964.005108,2769.52,1964.005108,
2024-03-05 13:40:00+00:00,0.7082,0.7113,0.7085,0.71,18152.46,0.7095,12879.17037,18152.46,12879.17037,
2024-03-05 13:45:00+00:00,0.7067,0.7099,0.7099,0.7078,14150.01,0.708575,10026.34333575,14150.01,10026.34333575,
2024-03-05 13:50:00+00:00,0.707,0.7097,0.7072,0.7091,12592.35,0.70825,8918.5318875,12592.35,8918.5318875,
2024-03-05 13:55:00+00:00,0.7045,0.7096,0.7091,0.7065,26390.1,0.707425,18669.0164925,26390.1,18669.0164925,
2024-03-05 14:00:00+00:00,0.7009,0.7061,0.7061,0.7034,33711.05,0.704125,23736.79308125,33711.05,23736.79308125,
2024-03-05 14:05:00+00:00,0.7,0.7047,0.7037,0.7017,6873.2,0.702525,4828.59483,6873.2,4828.59483,
2024-03-05 14:10:00+00:00,0.6987,0.7025,0.7016,0.7006,14742.88,0.70085,10332.547448,14742.88,10332.547448,
2024-03-05 14:15:00+00:00,0.7006,0.7051,0.7012,0.7026,9705.76,0.702375,6817.08318,9705.76,6817.08318,
2024-03-05 14:20:00+00:00,0.697,0.7025,0.7025,0.6987,25150.29,0.700175,17609.60430075,25150.29,17609.60430075,
2024-03-05 14:25:00+00:00,0.696,0.7005,0.6984,0.7004,25590.45,0.698825,17883.24622125,25590.45,17883.24622125,
2024-03-05 14:30:00+00:00,0.699,0.7025,0.7003,0.7013,13427.38,0.700775,9409.5722195,13427.38,9409.5722195,
2024-03-05 14:35:00+00:00,0.699,0.7039,0.7004,0.7038,22003.96,0.701775,15441.829029,22003.96,15441.829029,
2024-03-05 14:40:00+00:00,0.7032,0.723,0.7044,0.7071,123479.77,0.709425,87599.63583225,123479.77,87599.63583225,
2024-03-05 14:45:00+00:00,0.7058,0.7113,0.7066,0.7095,25974.13,0.7083,18397.476279,25974.13,18397.476279,
2024-03-05 14:50:00+00:00,0.7075,0.7107,0.7093,0.7086,19038.2,0.709025,13498.559755,19038.2,13498.559755,
2024-03-05 14:55:00+00:00,0.7041,0.7093,0.7084,0.7048,19356.65,0.70665,13678.3767225,19356.65,13678.3767225,
2024-03-05 15:00:00+00:00,0.7047,0.7149,0.7047,0.7114,39076.83,0.708925,27702.54170775,39076.83,27702.54170775,
2024-03-05 15:05:00+00:00,0.701,0.7177,0.7107,0.7135,78920.92,0.710725,56091.070867,78920.92,56091.070867,
2024-03-05 15:10:00+00:00,0.7116,0.7219,0.7128,0.7188,20265.8,0.716275,14515.885895,20265.8,14515.885895,
2024-03-05 15:15:00+00:00,0.7176,0.724,0.7177,0.7198,10819.93,0.719775,7787.91511575,10819.93,7787.91511575,
2024-03-05 15:20:00+00:00,0.7114,0.7207,0.7207,0.7114,38949.48,0.71605,27889.775154,38949.48,27889.775154,
2024-03-05 15:25:00+00:00,0.7011,0.714,0.7129,0.7032,21170.58,0.7078,14984.536524,21170.58,14984.536524,
2024-03-05 15:30:00+00:00,0.6927,0.7035,0.703,0.7031,68757.86,0.700575,48170.0377695,68757.86,48170.0377695,
2024-03-05 15:35:00+00:00,0.7031,0.7105,0.7031,0.7075,17090.72,0.70605,12066.902856,17090.72,12066.902856,
2024-03-05 15:40:00+00:00,0.7065,0.7125,0.7081,0.7066,26130.44,0.708425,18511.456957,26130.44,18511.456957,
2024-03-05 15:45:00+00:00,0.7069,0.7171,0.707,0.7156,49194.74,0.71165,35009.436721,49194.74,35009.436721,
2024-03-05 15:50:00+00:00,0.7157,0.7235,0.7157,0.7212,12912.66,0.719025,9284.5253565,12912.66,9284.5253565,
2024-03-05 15:55:00+00:00,0.7118,0.7205,0.7205,0.7118,33420.31,0.71615,23933.9550065,33420.31,23933.9550065,
2024-03-05 16:00:00+00:00,0.7004,0.7191,0.7115,0.7004,68607.22,0.70785,48563.620677,68607.22,48563.620677,
2024-03-05 16:05:00+00:00,0.6691,0.7051,0.7017,0.69,80948.66,0.691475,55973.9746735,80948.66,55973.9746735,
2024-03-05 16:10:00+00:00,0.6677,0.6934,0.6909,0.6847,117267.06,0.684175,80231.1907755,117267.06,80231.1907755,
2024-03-05 16:15:00+00:00,0.676,0.69,0.684,0.6887,41015.82,0.684675,28082.5065585,41015.82,28082.5065585,
2024-03-05 16:20:00+00:00,0.684,0.7009,0.6895,0.6999,30677.74,0.693575,21277.3135205,30677.74,21277.3135205,
2024-03-05 16:25:00+00:00,0.6969,0.7025,0.6997,0.701,47384.1,0.700025,33170.0546025,47384.1,33170.0546025,
2024-03-05 16:30:00+00:00,0.6976,0.7055,0.7004,0.699,43220.61,0.700625,30281.43988125,43220.61,30281.43988125,
2024-03-05 16:35:00+00:00,0.695,0.7021,0.699,0.6997,36050.45,0.69895,25197.4620275,36050.45,25197.4620275,
2024-03-05 16:40:00+00:00,0.6922,0.7016,0.6998,0.6922,23933.06,0.69645,16668.179637,23933.06,16668.179637,
2024-03-05 16:45:00+00:00,0.6905,0.699,0.693,0.6918,21730.99,0.693575,15072.07138925,21730.99,15072.07138925,
2024-03-05 16:50:00+00:00,0.6921,0.7048,0.6927,0.7048,39263.41,0.6986,27429.418226,39263.41,27429.418226,
2024-03-05 16:55:00+00:00,0.7018,0.7083,0.7051,0.7059,33078.26,0.705275,23329.2698215,33078.26,23329.2698215,
2024-03-05 17:00:00+00:00,0.6941,0.7065,0.706,0.6941,12046.89,0.700175,8434.93120575,12046.89,8434.93120575,
2024-03-05 17:05:00+00:00,0.6803,0.6969,0.6958,0.6809,28893.04,0.688475,19892.135714,28893.04,19892.135714,
2024-03-05 17:10:00+00:00,0.6742,0.6874,0.6798,0.6851,30204.93,0.681625,20588.43541125,30204.93,20588.43541125,
2024-03-05 17:15:00+00:00,0.6822,0.6899,0.6854,0.6893,14808.83,0.6867,10169.223561,14808.83,10169.223561,
2024-03-05 17:20:00+00:00,0.6886,0.6962,0.6886,0.6913,8705.41,0.691175,6016.96175675,8705.41,6016.96175675,
2024-03-05 17:25:00+00:00,0.6838,0.6927,0.692,0.6843,16566.91,0.6882,11401.347462,16566.91,11401.347462,
2024-03-05 17:30:00+00:00,0.6792,0.6863,0.6848,0.6805,40215.69,0.6827,27455.251563,40215.69,27455.251563,
2024-03-05 17:35:00+00:00,0.6784,0.6899,0.6794,0.6899,19564.68,0.6844,13390.066992,19564.68,13390.066992,
2024-03-05 17:40:00+00:00,0.6875,0.6908,0.6896,0.6893,47572.75,0.6893,32791.896575,47572.75,32791.896575,
2024-03-05 17:45:00+00:00,0.6887,0.6976,0.6899,0.6976,23732.77,0.69345,16457.4893565,23732.77,16457.4893565,
2024-03-05 17:50:00+00:00,0.6983,0.7088,0.6983,0.7051,40520.41,0.702625,28470.65307625,40520.41,28470.65307625,
2024-03-05 17:55:00+00:00,0.702,0.7088,0.7048,0.7058,59926.3,0.70535,42269.015705,59926.3,42269.015705,
2024-03-05 18:00:00+00:00,0.7011,0.7054,0.7054,0.7022,23601.73,0.703525,16604.40709825,23601.73,16604.40709825,
2024-03-05 18:05:00+00:00,0.6991,0.7037,0.7018,0.7037,49304.29,0.702075,34615.30940175,49304.29,34615.30940175,
2024-03-05 18:10:00+00:00,0.7018,0.7065,0.7029,0.7027,28457.32,0.703475,20019.013187,28457.32,20019.013187,
2024-03-05 18:15:00+00:00,0.6988,0.7046,0.7024,0.7004,16705.57,0.70155,11719.7926335,16705.57,11719.7926335,
2024-03-05 18:20:00+00:00,0.6977,0.7037,0.7009,0.7022,14651.03,0.701125,10272.20340875,14651.03,10272.20340875,
2024-03-05 18:25:00+00:00,0.7011,0.7048,0.7018,0.7048,16420.07,0.703125,11545.36171875,16420.07,11545.36171875,
2024-03-05 18:30:00+00:00,0.7036,0.7136,0.7036,0.7135,11305.4,0.708575,8010.723805,11305.4,8010.723805,
2024-03-05 18:35:00+00:00,0.7107,0.7151,0.7138,0.7128,7468.14,0.7131,5325.530634,7468.14,5325.530634,
2024-03-05 18:40:00+00:00,0.7098,0.7149,0.7131,0.7106,17409.88,0.7121,12397.575548,17409.88,12397.575548,
2024-03-05 18:45:00+00:00,0.7018,0.7114,0.71,0.7042,16915.87,0.70685,11956.9827095,16915.87,11956.9827095,
2024-03-05 18:50:00+00:00,0.6936,0.7038,0.7038,0.6936,34380.9,0.6987,24021.93483,34380.9,24021.93483,
2024-03-05 18:55:00+00:00,0.6927,0.6976,0.6955,0.6937,28288.72,0.694875,19657.12431,28288.72,19657.12431,
2024-03-05 19:00:00+00:00,0.6933,0.6993,0.6936,0.6965,27233.66,0.695675,18945.7764205,27233.66,18945.7764205,
2024-03-05 19:05:00+00:00,0.6847,0.6955,0.6955,0.6847,25663.46,0.6901,17710.353746,25663.46,17710.353746,
2024-03-05 19:10:00+00:00,0.6811,0.6867,0.6844,0.6811,28283.56,0.683325,19326.863637,28283.56,19326.863637,
2024-03-05 19:15:00+00:00,0.6732,0.6827,0.6827,0.6755,23254.57,0.678525,15778.80710925,23254.57,15778.80710925,
2024-03-05 19:20:00+00:00,0.6748,0.6812,0.6784,0.6757,44431.67,0.677525,30103.56721675,44431.67,30103.56721675,
2024-03-05 19:25:00+00:00,0.6745,0.6791,0.6763,0.6759,19986.27,0.67645,13519.7123415,19986.27,13519.7123415,
2024-03-05 19:30:00+00:00,0.664,0.6775,0.676,0.664,41481.21,0.670375,27807.96615375,41481.21,27807.96615375,
2024-03-05 19:35:00+00:00,0.642,0.6645,0.6642,0.6442,74997.23,0.653725,49027.56418175,74997.23,49027.56418175,
2024-03-05 19:40:00+00:00,0.6463,0.6542,0.6463,0.6499,61553.91,0.649175,39959.25952425,61553.91,39959.25952425,
2024-03-05 19:45:00+00:00,0.6365,0.6521,0.6505,0.643,42254.67,0.645525,27276.44585175,42254.67,27276.44585175,
2024-03-05 19:50:00+00:00,0.609,0.6452,0.6434,0.609,110923.02,0.62665,69509.910483,110923.02,69509.910483,
2024-03-05 19:55:00+00:00,0.5462,0.6139,0.6114,0.5992,337491.74,0.592675,200022.9170045,337491.74,200022.9170045,
2024-03-05 20:00:00+00:00,0.6001,0.6132,0.6019,0.6124,89319.04,0.6069,54207.725376,89319.04,54207.725376,
2024-03-05 20:05:00+00:00,0.6074,0.6161,0.6134,0.616,65514.49,0.613225,40175.12313025,65514.49,40175.12313025,
2024-03-05 20:10:00+00:00,0.6135,0.6204,0.6145,0.6204,45312.43,0.6172,27966.831796,45312.43,27966.831796,
2024-03-05 20:15:00+00:00,0.6089,0.6219,0.6219,0.6141,25879.37,0.6167,15959.807479,25879.37,15959.807479,
2024-03-05 20:20:00+00:00,0.6091,0.6139,0.6134,0.612,21594.65,0.6121,13218.085265,21594.65,13218.085265,
2024-03-05 20:25:00+00:00,0.6109,0.6176,0.6109,0.6143,28000.41,0.613425,17176.15150425,28000.41,17176.15150425,
2024-03-05 20:30:00+00:00,0.6116,0.6191,0.6152,0.6116,42922.43,0.614375,26370.46793125,42922.43,26370.46793125,
2024-03-05 20:35:00+00:00,0.5949,0.6122,0.6118,0.5979,53615.75,0.6042,32394.63615,53615.75,32394.63615,
2024-03-05 20:40:00+00:00,0.5891,0.6044,0.599,0.6041,78122.95,0.59915,46807.3654925,78122.95,46807.3654925,
2024-03-05 20:45:00+00:00,0.6029,0.6132,0.6034,0.6066,42668.9,0.606525,25879.7545725,42668.9,25879.7545725,
2024-03-05 20:50:00+00:00,0.6054,0.6115,0.607,0.6081,46873.85,0.608,28499.3008,46873.85,28499.3008,
2024-03-05 20:55:00+00:00,0.6035,0.6116,0.609,0.6047,70903.57,0.6072,43052.647704,70903.57,43052.647704,
2024-03-05 21:00:00+00:00,0.6029,0.6122,0.6046,0.611,65483.55,0.607675,39792.71624625,65483.55,39792.71624625,
2024-03-05 21:05:00+00:00,0.6114,0.6219,0.6114,0.6213,78494.41,0.6165,48391.803765,78494.41,48391.803765,
2024-03-05 21:10:00+00:00,0.6197,0.6252,0.6213,0.6218,48193.63,0.622,29976.43786,48193.63,29976.43786,
2024-03-05 21:15:00+00:00,0.6194,0.6257,0.6224,0.6212,81151.44,0.622175,50490.397182,81151.44,50490.397182,
2024-03-05 21:20:00+00:00,0.6189,0.6254,0.6212,0.6242,30913.24,0.622425,19241.173407,30913.24,19241.173407,
2024-03-05 21:25:00+00:00,0.6232,0.6296,0.6248,0.6293,33553.77,0.626725,21028.98650325,33553.77,21028.98650325,
2024-03-05 21:30:00+00:00,0.6176,0.629,0.629,0.6176,35526.9,0.6233,22143.91677,35526.9,22143.91677,
2024-03-05 21:35:00+00:00,0.6149,0.6218,0.6175,0.6218,10817.04,0.619,6695.74776,10817.04,6695.74776,
2024-03-05 21:40:00+00:00,0.6216,0.6266,0.6221,0.6258,16121.67,0.624025,10060.32512175,16121.67,10060.32512175,
2024-03-05 21:45:00+00:00,0.6212,0.6254,0.6248,0.6228,16356.34,0.62355,10198.995807,16356.34,10198.995807,
2024-03-05 21:50:00+00:00,0.623,0.6258,0.6232,0.6251,14979.47,0.624275,9351.30863425,14979.47,9351.30863425,
2024-03-05 21:55:00+00:00,0.6213,0.6267,0.6238,0.6263,33008.14,0.624525,20614.4086335,33008.14,20614.4086335,
2024-03-05 22:00:00+00:00,0.6223,0.6296,0.6272,0.627,19850.81,0.626525,12437.02873525,19850.81,12437.02873525,
2024-03-05 22:05:00+00:00,0.6236,0.6274,0.6274,0.6242,8444.85,0.62565,5283.5204025,8444.85,5283.5204025,
2024-03-05 22:10:00+00:00,0.6218,0.6254,0.6244,0.6236,10281.84,0.6238,6413.811792,10281.84,6413.811792,
2024-03-05 22:15:00+00:00,0.62,0.6243,0.6242,0.6227,15774.59,0.6228,9824.414652,15774.59,9824.414652,
2024-03-05 22:20:00+00:00,0.6126,0.6227,0.6227,0.6126,26048.98,0.61765,16089.152497,26048.98,16089.152497,
2024-03-05 22:25:00+00:00,0.613,0.6218,0.613,0.6218,38295.8,0.6174,23643.82692,38295.8,23643.82692,
2024-03-05 22:30:00+00:00,0.622,0.6258,0.6221,0.6248,10192.39,0.623675,6356.73883325,10192.39,6356.73883325,
2024-03-05 22:35:00+00:00,0.6246,0.6287,0.6251,0.6246,10248.98,0.62575,6413.299235,10248.98,6413.299235,
2024-03-05 22:40:00+00:00,0.6236,0.6269,0.6242,0.6263,15379.06,0.62525,9615.757265,15379.06,9615.757265,
2024-03-05 22:45:00+00:00,0.6242,0.6264,0.626,0.6255,13635.65,0.625525,8529.43996625,13635.65,8529.43996625,
2024-03-05 22:50:00+00:00,0.6242,0.6316,0.6248,0.6312,11053.96,0.62795,6941.334182,11053.96,6941.334182,
2024-03-05 22:55:00+00:00,0.6296,0.6332,0.6313,0.6332,18339.63,0.631825,11587.43672475,18339.63,11587.43672475,
2024-03-05 23:00:00+00:00,0.631,0.6332,0.6328,0.6312,27847.46,0.63205,17600.987093,27847.46,17600.987093,
2024-03-05 23:05:00+00:00,0.6321,0.635,0.6321,0.635,7617.51,0.63355,4826.0734605,7617.51,4826.0734605,
2024-03-05 23:10:00+00:00,0.6351,0.6367,0.6356,0.6365,13129.81,0.635975,8350.23091475,13129.81,8350.23091475,
2024-03-05 23:15:00+00:00,0.6359,0.6395,0.6368,0.6395,26321.08,0.637925,16790.874959,26321.08,16790.874959,
2024-03-05 23:20:00+00:00,0.6379,0.6404,0.639,0.6404,13575.12,0.639425,8680.271106,13575.12,8680.271106,
2024-03-05 23:25:00+00:00,0.6406,0.6456,0.6407,0.6456,5842.71,0.643125,3757.59286875,5842.71,3757.59286875,
2024-03-05 23:30:00+00:00,0.6412,0.6463,0.6458,0.6436,12178.08,0.644225,7845.423588,12178.08,7845.423588,
2024-03-05 23:35:00+00:00,0.6416,0.644,0.6434,0.6436,12513.76,0.64315,8048.224744,12513.76,8048.224744,
2024-03-05 23:40:00+00:00,0.642,0.6446,0.6435,0.6446,8622.67,0.643675,5550.19711225,8622.67,5550.19711225,
2024-03-05 23:45:00+00:00,0.6428,0.6495,0.6445,0.6491,17072.75,0.646475,11037.10605625,17072.75,11037.10605625,
2024-03-05 23:50:00+00:00,0.6456,0.6494,0.6488,0.6461,23361.24,0.647475,15125.818869,23361.24,15125.818869,
2024-03-05 23:55:00+00:00,0.6438,0.6464,0.6464,0.6457,10011.15,0.645575,6462.94816125,10011.15,6462.94816125,
2024-03-06 00:00:00+00:00,0.644,0.6478,0.6452,0.644,14975.81,0.64525,9663.1414025,14975.81,9663.1414025,
2024-03-06 00:05:00+00:00,0.6428,0.6474,0.6436,0.6452,44335.13,0.64475,28585.0750675,44335.13,28585.0750675,
2024-03-06 00:10:00+00:00,0.6394,0.6458,0.6455,0.6394,9942.96,0.642525,6388.600374,9942.96,6388.600374,
2024-03-06 00:15:00+00:00,0.6375,0.6412,0.6392,0.6401,16518.72,0.6395,10563.72144,16518.72,10563.72144,
2024-03-06 00:20:00+00:00,0.6404,0.645,0.6404,0.6437,13683.38,0.642375,8789.8612275,13683.38,8789.8612275,
2024-03-06 00:25:00+00:00,0.6415,0.6449,0.644,0.6422,11259.74,0.64315,7241.701781,11259.74,7241.701781,
2024-03-06 00:30:00+00:00,0.641,0.6454,0.6428,0.6454,5196.19,0.64365,3344.5276935,5196.19,3344.5276935,
2024-03-06 00:35:00+00:00,0.6427,0.6452,0.6452,0.6445,16423.31,0.6444,10583.180964,16423.31,10583.180964,
2024-03-06 00:40:00+00:00,0.6413,0.645,0.6445,0.6418,20616.48,0.64315,13259.489112,20616.48,13259.489112,
2024-03-06 00:45:00+00:00,0.6392,0.6429,0.6415,0.6402,17521.38,0.64095,11230.328511,17521.38,11230.328511,
2024-03-06 00:50:00+00:00,0.6374,0.6411,0.6402,0.6374,4473.53,0.639025,2858.69750825,4473.53,2858.69750825,
2024-03-06 00:55:00+00:00,0.6338,0.6389,0.6382,0.6338,6595.01,0.636175,4195.58048675,6595.01,4195.58048675,
2024-03-06 01:00:00+00:00,0.6344,0.6404,0.6344,0.6404,15760.04,0.6374,10045.449496,15760.04,10045.449496,
2024-03-06 01:05:00+00:00,0.6373,0.6411,0.64,0.6373,26783.81,0.638925,17112.84580425,26783.81,17112.84580425,
2024-03-06 01:10:00+00:00,0.6338,0.6377,0.6368,0.6355,10280.55,0.63595,6537.9157725,10280.55,6537.9157725,
2024-03-06 01:15:00+00:00,0.6326,0.6361,0.6344,0.6344,7805.28,0.634375,4951.4745,7805.28,4951.4745,
2024-03-06 01:20:00+00:00,0.632,0.635,0.6338,0.6325,6112.49,0.633325,3871.19272925,6112.49,3871.19272925,
2024-03-06 01:25:00+00:00,0.629,0.6339,0.6326,0.63,8804.12,0.631375,5558.701265,8804.12,5558.701265,
2024-03-06 01:30:00+00:00,0.6278,0.6314,0.6302,0.6278,16896.33,0.6293,10632.860469,16896.33,10632.860469,
2024-03-06 01:35:00+00:00,0.6267,0.6302,0.6281,0.629,13430.46,0.6285,8441.04411,13430.46,8441.04411,
2024-03-06 01:40:00+00:00,0.627,0.6291,0.6291,0.6284,8805.09,0.6284,5533.118556,8805.09,5533.118556,
2024-03-06 01:45:00+00:00,0.6282,0.6327,0.6282,0.6302,12877.23,0.629825,8110.40138475,12877.23,8110.40138475,
2024-03-06 01:50:00+00:00,0.6284,0.6302,0.6302,0.6284,48717.28,0.6293,30657.784304,48717.28,30657.784304,
2024-03-06 01:55:00+00:00,0.625,0.6294,0.6292,0.6261,20222.26,0.627425,12687.9514805,20222.26,12687.9514805,
2024-03-06 02:00:00+00:00,0.6224,0.6254,0.6254,0.6224,6685.2,0.6239,4170.89628,6685.2,4170.89628,
2024-03-06 02:05:00+00:00,0.6218,0.6252,0.6224,0.6252,5004.54,0.62365,3121.081371,5004.54,3121.081371,
2024-03-06 02:10:00+00:00,0.6248,0.6282,0.6254,0.6282,4256.98,0.62665,2667.636517,4256.98,2667.636517,
2024-03-06 02:15:00+00:00,0.6218,0.6286,0.6284,0.6238,6913.82,0.62565,4325.631483,6913.82,4325.631483,
2024-03-06 02:20:00+00:00,0.62,0.6244,0.6242,0.6212,12158.02,0.62245,7567.759549,12158.02,7567.759549,
2024-03-06 02:25:00+00:00,0.6186,0.6218,0.6206,0.619,4346.1,0.62,2694.582,4346.1,2694.582,
2024-03-06 02:30:00+00:00,0.6183,0.6224,0.6194,0.6216,5146.7,0.620425,3193.1413475,5146.7,3193.1413475,
2024-03-06 02:35:00+00:00,0.6211,0.6231,0.6218,0.6226,6535.68,0.62215,4066.173312,6535.68,4066.173312,
2024-03-06 02:40:00+00:00,0.6221,0.6237,0.623,0.6226,7839.41,0.62285,4882.7765185,7839.41,4882.7765185,
2024-03-06 02:45:00+00:00,0.6206,0.6242,0.6225,0.6218,5670.74,0.622275,3528.7597335,5670.74,3528.7597335,
2024-03-06 02:50:00+00:00,0.6148,0.6212,0.6212,0.617,32370.93,0.61855,20023.0387515,32370.93,20023.0387515,
2024-03-06 02:55:00+00:00,0.6122,0.6176,0.6176,0.6123,8830.11,0.614925,5429.85539175,8830.11,5429.85539175,
2024-03-06 03:00:00+00:00,0.6128,0.6236,0.6128,0.6236,42177.73,0.6182,26074.272686,42177.73,26074.272686,
2024-03-06 03:05:00+00:00,0.6212,0.6248,0.6242,0.6218,21203.69,0.623,13209.89887,21203.69,13209.89887,
2024-03-06 03:10:00+00:00,0.6181,0.623,0.621,0.6181,17555.48,0.62005,10885.275374,17555.48,10885.275374,
2024-03-06 03:15:00+00:00,0.6197,0.6248,0.6197,0.6238,8913.19,0.622,5544.00418,8913.19,5544.00418,
2024-03-06 03:20:00+00:00,0.6223,0.6242,0.6236,0.6242,2896.7,0.623575,1806.3097025,2896.7,1806.3097025,
2024-03-06 03:25:00+00:00,0.6235,0.6261,0.6236,0.6261,4044.43,0.624825,2527.06097475,4044.43,2527.06097475,
2024-03-06 03:30:00+00:00,0.6258,0.6278,0.6266,0.6261,9677.43,0.626575,6063.63570225,9677.43,6063.63570225,
2024-03-06 03:35:00+00:00,0.6242,0.6284,0.6261,0.6278,23679.87,0.626625,14838.39853875,23679.87,14838.39853875,
2024-03-06 03:40:00+00:00,0.6262,0.6284,0.6272,0.627,13535.73,0.6272,8489.609856,13535.73,8489.609856,
2024-03-06 03:45:00+00:00,0.626,0.629,0.6272,0.6267,24174.19,0.627225,15162.65632275,24174.19,15162.65632275,
2024-03-06 03:50:00+00:00,0.6271,0.6285,0.6272,0.6284,6416.73,0.6278,4028.423094,6416.73,4028.423094,
2024-03-06 03:55:00+00:00,0.6273,0.6286,0.6286,0.6277,1515.91,0.62805,952.0672755,1515.91,952.0672755,
2024-03-06 04:00:00+00:00,0.6274,0.6304,0.6284,0.6302,9259.74,0.6291,5825.302434,9259.74,5825.302434,
2024-03-06 04:05:00+00:00,0.6276,0.6317,0.6307,0.6312,8717.55,0.6303,5494.671765,8717.55,5494.671765,
2024-03-06 04:10:00+00:00,0.6314,0.633,0.6314,0.633,649.95,0.6322,410.89839,649.95,410.89839,
2024-03-06 04:15:00+00:00,0.6308,0.6332,0.6331,0.6322,2449.91,0.632325,1549.13934075,2449.91,1549.13934075,
2024-03-06 04:20:00+00:00,0.6317,0.6338,0.632,0.6323,9965.1,0.63245,6302.427495,9965.1,6302.427495,
2024-03-06 04:25:00+00:00,0.631,0.6329,0.6322,0.631,3753.92,0.631775,2371.632808,3753.92,2371.632808,
2024-03-06 04:30:00+00:00,0.6302,0.6326,0.6314,0.6326,8292.48,0.6317,5238.359616,8292.48,5238.359616,
2024-03-06 04:35:00+00:00,0.632,0.6348,0.6322,0.6344,8699.18,0.63335,5509.625653,8699.18,5509.625653,
2024-03-06 04:40:00+00:00,0.6338,0.636,0.634,0.6358,24409.36,0.6349,15497.502664,24409.36,15497.502664,
2024-03-06 04:45:00+00:00,0.6344,0.6368,0.636,0.6347,3649.03,0.635475,2318.86733925,3649.03,2318.86733925,
2024-03-06 04:50:00+00:00,0.635,0.6404,0.6356,0.6404,7126.19,0.63785,4545.4402915,7126.19,4545.4402915,
2024-03-06 04:55:00+00:00,0.6398,0.6434,0.6405,0.6434,17151.28,0.641775,11007.262722,17151.28,11007.262722,
2024-03-06 05:00:00+00:00,0.6384,0.644,0.6427,0.641,10878.27,0.641525,6978.68216175,10878.27,6978.68216175,
2024-03-06 05:05:00+00:00,0.6408,0.6452,0.6412,0.6452,9555.14,0.6431,6144.910534,9555.14,6144.910534,
2024-03-06 05:10:00+00:00,0.6446,0.6526,0.6449,0.6518,16892.1,0.648475,10954.1045475,16892.1,10954.1045475,
2024-03-06 05:15:00+00:00,0.65,0.6538,0.6517,0.6508,16374.17,0.651575,10668.99981775,16374.17,10668.99981775,
2024-03-06 05:20:00+00:00,0.65,0.6582,0.651,0.6575,30357.32,0.654175,19858.999811,30357.32,19858.999811,
2024-03-06 05:25:00+00:00,0.6562,0.6606,0.6582,0.66,37278.06,0.65875,24556.922025,37278.06,24556.922025,
2024-03-06 05:30:00+00:00,0.6569,0.6616,0.6597,0.6569,9751.0,0.658775,6423.715025,9751.0,6423.715025,
2024-03-06 05:35:00+00:00,0.6567,0.6612,0.6582,0.6599,21587.93,0.659,14226.44587,21587.93,14226.44587,
2024-03-06 05:40:00+00:00,0.6582,0.6637,0.6606,0.663,9475.77,0.661375,6267.03738375,9475.77,6267.03738375,
2024-03-06 05:45:00+00:00,0.6593,0.6665,0.6624,0.6658,20534.47,0.6635,13624.620845,20534.47,13624.620845,
2024-03-06 05:50:00+00:00,0.6637,0.6665,0.6651,0.6651,12801.74,0.6651,8514.437274,12801.74,8514.437274,
2024-03-06 05:55:00+00:00,0.6658,0.6694,0.6658,0.6691,7854.39,0.667525,5243.00168475,7854.39,5243.00168475,
2024-03-06 06:00:00+00:00,0.663,0.668,0.6679,0.6633,38865.0,0.66555,25866.60075,38865.0,25866.60075,
2024-03-06 06:05:00+00:00,0.6624,0.6686,0.663,0.6686,13139.74,0.66565,8746.467931,13139.74,8746.467931,
2024-03-06 06:10:00+00:00,0.6666,0.6692,0.6681,0.6676,9840.49,0.667875,6572.21725875,9840.49,6572.21725875,
2024-03-06 06:15:00+00:00,0.6666,0.6713,0.6667,0.67,28955.69,0.66865,19361.2221185,28955.69,19361.2221185,
2024-03-06 06:20:00+00:00,0.6672,0.6715,0.6707,0.6686,15382.55,0.6695,10298.617225,15382.55,10298.617225,
2024-03-06 06:25:00+00:00,0.6651,0.6687,0.6679,0.6666,12537.77,0.667075,8363.63292275,12537.77,8363.63292275,
2024-03-06 06:30:00+00:00,0.6635,0.6666,0.6658,0.6656,16813.12,0.665375,11187.02972,16813.12,11187.02972,
2024-03-06 06:35:00+00:00,0.6652,0.6684,0.6658,0.6684,6165.26,0.66695,4111.920157,6165.26,4111.920157,
2024-03-06 06:40:00+00:00,0.6663,0.6695,0.6686,0.6693,11159.22,0.668425,7459.1016285,11159.22,7459.1016285,
2024-03-06 06:45:00+00:00,0.6646,0.6686,0.6686,0.6658,14854.34,0.6669,9906.359346,14854.34,9906.359346,
2024-03-06 06:50:00+00:00,0.6655,0.6679,0.6666,0.6677,3090.4,0.666925,2061.06502,3090.4,2061.06502,
2024-03-06 06:55:00+00:00,0.6665,0.669,0.6672,0.6675,12252.02,0.66755,8178.835951,12252.02,8178.835951,
2024-03-06 07:00:00+00:00,0.6609,0.6679,0.6676,0.6644,17754.9,0.6652,11810.55948,17754.9,11810.55948,
2024-03-06 07:05:00+00:00,0.6634,0.6658,0.6637,0.6645,8516.49,0.66435,5657.9301315,8516.49,5657.9301315,
2024-03-06 07:10:00+00:00,0.6651,0.672,0.6651,0.6712,13014.05,0.66835,8697.9403175,13014.05,8697.9403175,
2024-03-06 07:15:00+00:00,0.6677,0.6707,0.6707,0.6704,10180.88,0.669875,6819.91699,10180.88,6819.91699,
2024-03-06 07:20:00+00:00,0.67,0.6723,0.6703,0.6719,11188.11,0.671125,7508.62032375,11188.11,7508.62032375,
2024-03-06 07:25:00+00:00,0.6688,0.6714,0.6714,0.67,3769.5,0.6704,2527.0728,3769.5,2527.0728,
2024-03-06 07:30:00+00:00,0.6661,0.6702,0.6702,0.6672,17530.15,0.668425,11717.59051375,17530.15,11717.59051375,
2024-03-06 07:35:00+00:00,0.6679,0.6697,0.6679,0.6697,7840.57,0.6688,5243.773216,7840.57,5243.773216,
2024-03-06 07:40:00+00:00,0.6693,0.672,0.67,0.672,2186.84,0.670825,1466.986943,2186.84,1466.986943,
2024-03-06 07:45:00+00:00,0.6671,0.6719,0.6714,0.67,101164.68,0.6701,67790.452068,101164.68,67790.452068,
2024-03-06 07:50:00+00:00,0.6682,0.6707,0.6701,0.6703,8242.72,0.669825,5521.179924,8242.72,5521.179924,
2024-03-06 07:55:00+00:00,0.6686,0.6721,0.6693,0.6716,10059.5,0.6704,6743.8888,10059.5,6743.8888,
2024-03-06 08:00:00+00:00,0.6703,0.6739,0.6717,0.6732,20426.04,0.672275,13731.916041,20426.04,13731.916041,
2024-03-06 08:05:00+00:00,0.6726,0.6763,0.6734,0.6758,7805.56,0.674525,5265.045359,7805.56,5265.045359,
2024-03-06 08:10:00+00:00,0.6751,0.679,0.6757,0.6777,17518.26,0.676875,11857.6722375,17518.26,11857.6722375,
2024-03-06 08:15:00+00:00,0.6773,0.6809,0.6773,0.6807,10320.31,0.67905,7008.0065055,10320.31,7008.0065055,
2024-03-06 08:20:00+00:00,0.677,0.6812,0.6812,0.6805,13201.02,0.679975,8976.3635745,13201.02,8976.3635745,
2024-03-06 08:25:00+00:00,0.6777,0.6819,0.6798,0.6819,8740.31,0.680325,5946.25140075,8740.31,5946.25140075,
2024-03-06 08:30:00+00:00,0.6777,0.682,0.682,0.6777,10126.61,0.67985,6884.5758085,10126.61,6884.5758085,
2024-03-06 08:35:00+00:00,0.6742,0.6791,0.6784,0.6742,7188.68,0.676475,4862.962303,7188.68,4862.962303,
2024-03-06 08:40:00+00:00,0.6707,0.6762,0.6739,0.672,28595.27,0.6732,19250.335764,28595.27,19250.335764,
2024-03-06 08:45:00+00:00,0.6686,0.6732,0.6732,0.6701,18275.04,0.671275,12267.577476,18275.04,12267.577476,
2024-03-06 08:50:00+00:00,0.6676,0.6707,0.6693,0.6703,8073.51,0.669475,5405.01310725,8073.51,5405.01310725,
2024-03-06 08:55:00+00:00,0.6693,0.6724,0.6707,0.6693,13415.56,0.670425,8994.126813,13415.56,8994.126813,
2024-03-06 09:00:00+00:00,0.6686,0.6709,0.67,0.6698,9909.62,0.669825,6637.7112165,9909.62,6637.7112165,
2024-03-06 09:05:00+00:00,0.6687,0.671,0.6699,0.67,7370.17,0.6699,4937.276883,7370.17,4937.276883,
2024-03-06 09:10:00+00:00,0.6662,0.6708,0.6707,0.6681,16597.35,0.66895,11102.7972825,16597.35,11102.7972825,
2024-03-06 09:15:00+00:00,0.6675,0.6708,0.6679,0.6679,2034.59,0.668525,1360.17427975,2034.59,1360.17427975,
2024-03-06 09:20:00+00:00,0.6674,0.6698,0.6676,0.6686,8822.16,0.66835,5896.290636,8822.16,5896.290636,
2024-03-06 09:25:00+00:00,0.6663,0.6693,0.6688,0.6678,5915.85,0.66805,3952.0835925,5915.85,3952.0835925,
2024-03-06 09:30:00+00:00,0.6614,0.6676,0.6672,0.6627,18031.76,0.664725,11986.161666,18031.76,11986.161666,
2024-03-06 09:35:00+00:00,0.6615,0.6639,0.6633,0.6624,5191.74,0.662775,3440.9554785,5191.74,3440.9554785,
2024-03-06 09:40:00+00:00,0.6628,0.6651,0.663,0.6639,5080.35,0.6637,3371.828295,5080.35,3371.828295,
2024-03-06 09:45:00+00:00,0.6616,0.6655,0.663,0.6636,6159.11,0.663425,4086.10755175,6159.11,4086.10755175,
2024-03-06 09:50:00+00:00,0.6599,0.6636,0.6636,0.6599,5851.39,0.66175,3872.1573325,5851.39,3872.1573325,
2024-03-06 09:55:00+00:00,0.653,0.6601,0.6594,0.6542,15442.85,0.656675,10140.93352375,15442.85,10140.93352375,
2024-03-06 10:00:00+00:00,0.6548,0.6665,0.6548,0.6658,9057.33,0.660475,5982.14003175,9057.33,5982.14003175,
2024-03-06 10:05:00+00:00,0.6643,0.668,0.6651,0.6662,8614.22,0.6659,5736.209098,8614.22,5736.209098,
2024-03-06 10:10:00+00:00,0.663,0.6672,0.6665,0.6638,2378.36,0.665125,1581.906695,2378.36,1581.906695,
2024-03-06 10:15:00+00:00,0.6637,0.6665,0.6637,0.6651,16117.67,0.66475,10714.2211325,16117.67,10714.2211325,
2024-03-06 10:20:00+00:00,0.6624,0.6644,0.6644,0.6624,7064.88,0.6634,4686.841392,7064.88,4686.841392,
2024-03-06 10:25:00+00:00,0.6612,0.6654,0.663,0.6618,6621.41,0.66285,4389.0016185,6621.41,4389.0016185,
2024-03-06 10:30:00+00:00,0.6624,0.6651,0.6624,0.6651,988.76,0.66375,656.28945,988.76,656.28945,
2024-03-06 10:35:00+00:00,0.6658,0.6682,0.6658,0.667,1477.32,0.6667,984.929244,1477.32,984.929244,
2024-03-06 10:40:00+00:00,0.6658,0.6679,0.667,0.6673,13761.01,0.667,9178.59367,13761.01,9178.59367,
2024-03-06 10:45:00+00:00,0.6651,0.6679,0.6665,0.6653,1550.59,0.6662,1033.003058,1550.59,1033.003058,
2024-03-06 10:50:00+00:00,0.6644,0.6666,0.6644,0.6648,4031.14,0.66505,2680.909657,4031.14,2680.909657,
2024-03-06 10:55:00+00:00,0.6641,0.6665,0.6644,0.6665,472.24,0.665375,314.21669,472.24,314.21669,
2024-03-06 11:00:00+00:00,0.6658,0.6672,0.6672,0.6668,3551.81,0.66675,2368.1693175,3551.81,2368.1693175,
2024-03-06 11:05:00+00:00,0.667,0.6688,0.6672,0.6676,12908.66,0.66765,8618.466849,12908.66,8618.466849,
2024-03-06 11:10:00+00:00,0.6651,0.6682,0.6675,0.6677,3347.46,0.667125,2233.1742525,3347.46,2233.1742525,
2024-03-06 11:15:00+00:00,0.6662,0.6717,0.6672,0.6706,4771.48,0.668925,3191.762259,4771.48,3191.762259,
2024-03-06 11:20:00+00:00,0.6679,0.6721,0.67,0.6705,84861.59,0.670125,56867.87299875,84861.59,56867.87299875,
2024-03-06 11:25:00+00:00,0.6703,0.673,0.6709,0.6712,9142.05,0.67135,6137.5152675,9142.05,6137.5152675,
2024-03-06 11:30:00+00:00,0.6679,0.6714,0.6707,0.6687,23465.14,0.669675,15714.0176295,23465.14,15714.0176295,
2024-03-06 11:35:00+00:00,0.6674,0.67,0.6686,0.67,5213.95,0.669,3488.13255,5213.95,3488.13255,
2024-03-06 11:40:00+00:00,0.6693,0.6731,0.67,0.6731,9367.28,0.671375,6288.95761,9367.28,6288.95761,
2024-03-06 11:45:00+00:00,0.67,0.6732,0.6722,0.6712,10034.78,0.67165,6739.859987,10034.78,6739.859987,
2024-03-06 11:50:00+00:00,0.6693,0.6723,0.6707,0.6697,2653.87,0.6705,1779.419835,2653.87,1779.419835,
2024-03-06 11:55:00+00:00,0.6701,0.6739,0.6701,0.6739,12142.49,0.672,8159.75328,12142.49,8159.75328,
2024-03-06 12:00:00+00:00,0.672,0.6745,0.6742,0.6732,2102.98,0.673475,1416.3044555,2102.98,1416.3044555,
2024-03-06 12:05:00+00:00,0.6703,0.6739,0.6727,0.6703,9038.46,0.6718,6072.037428,9038.46,6072.037428,
2024-03-06 12:10:00+00:00,0.67,0.6722,0.67,0.672,16002.42,0.67105,10738.423941,16002.42,10738.423941,
2024-03-06 12:15:00+00:00,0.6658,0.6726,0.6726,0.6661,17074.77,0.669275,11427.71669175,17074.77,11427.71669175,
2024-03-06 12:20:00+00:00,0.6626,0.667,0.6669,0.663,6012.34,0.664875,3997.4545575,6012.34,3997.4545575,
2024-03-06 12:25:00+00:00,0.6641,0.6665,0.6641,0.6665,9101.07,0.6653,6054.941871,9101.07,6054.941871,
2024-03-06 12:30:00+00:00,0.6644,0.67,0.6672,0.6679,35670.03,0.667375,23805.28627125,35670.03,23805.28627125,
2024-03-06 12:35:00+00:00,0.6612,0.6677,0.6676,0.6614,12318.33,0.664475,8185.22232675,12318.33,8185.22232675,
2024-03-06 12:40:00+00:00,0.6542,0.6612,0.6611,0.6552,7902.33,0.657925,5199.14046525,7902.33,5199.14046525,
2024-03-06 12:45:00+00:00,0.637,0.6549,0.6535,0.6494,72871.04,0.6487,47271.443648,72871.04,47271.443648,
2024-03-06 12:50:00+00:00,0.6528,0.6596,0.6528,0.6556,36332.81,0.6552,23805.257112,36332.81,23805.257112,
2024-03-06 12:55:00+00:00,0.6504,0.6575,0.6561,0.6533,7819.86,0.654325,5116.7298945,7819.86,5116.7298945,
2024-03-06 13:00:00+00:00,0.6511,0.6569,0.6535,0.6511,9973.45,0.65315,6514.1588675,9973.45,6514.1588675,
2024-03-06 13:05:00+00:00,0.644,0.6536,0.652,0.6465,18488.26,0.649025,11999.3429465,18488.26,11999.3429465,
2024-03-06 13:10:00+00:00,0.6434,0.6494,0.6466,0.6494,14311.14,0.6472,9262.169808,14311.14,9262.169808,
2024-03-06 13:15:00+00:00,0.649,0.6526,0.65,0.6526,19723.26,0.65105,12840.828423,19723.26,12840.828423,
2024-03-06 13:20:00+00:00,0.6482,0.6542,0.654,0.6504,24770.28,0.6517,16142.791476,24770.28,16142.791476,
2024-03-06 13:25:00+00:00,0.6476,0.6527,0.6512,0.6488,5811.16,0.650075,3777.689837,5811.16,3777.689837,
2024-03-06 13:30:00+00:00,0.6476,0.6521,0.6482,0.6513,2719.59,0.6498,1767.189582,2719.59,1767.189582,
2024-03-06 13:35:00+00:00,0.6507,0.6531,0.6512,0.6518,19995.38,0.6517,13030.989146,19995.38,13030.989146,
2024-03-06 13:40:00+00:00,0.6446,0.6519,0.6518,0.6446,26886.71,0.648225,17428.63758975,26886.71,17428.63758975,
2024-03-06 13:45:00+00:00,0.6446,0.649,0.6456,0.6476,28246.15,0.6467,18266.785205,28246.15,18266.785205,
2024-03-06 13:50:00+00:00,0.647,0.6505,0.6474,0.6486,37108.42,0.648375,24060.1718175,37108.42,24060.1718175,
2024-03-06 13:55:00+00:00,0.6452,0.6514,0.6494,0.647,34542.71,0.64825,22392.3117575,34542.71,22392.3117575,
2024-03-06 14:00:00+00:00,0.6467,0.6528,0.6476,0.6528,62433.61,0.649975,40580.28565975,62433.61,40580.28565975,
2024-03-06 14:05:00+00:00,0.6528,0.6542,0.6535,0.6542,10629.85,0.653675,6948.46719875,10629.85,6948.46719875,
2024-03-06 14:10:00+00:00,0.6533,0.6552,0.6549,0.6536,7098.58,0.65425,4644.245965,7098.58,4644.245965,
2024-03-06 14:15:00+00:00,0.6488,0.6533,0.6533,0.6493,17098.93,0.651175,11134.39574275,17098.93,11134.39574275,
2024-03-06 14:20:00+00:00,0.648,0.6516,0.65,0.6482,8680.37,0.64945,5637.4662965,8680.37,5637.4662965,
2024-03-06 14:25:00+00:00,0.6465,0.6508,0.6488,0.6482,30547.19,0.648575,19812.14375425,30547.19,19812.14375425,
2024-03-06 14:30:00+00:00,0.6488,0.6528,0.6488,0.6505,29860.1,0.650225,19415.7835225,29860.1,19415.7835225,
2024-03-06 14:35:00+00:00,0.6458,0.6516,0.6506,0.6461,25368.44,0.648525,16452.067551,25368.44,16452.067551,
2024-03-06 14:40:00+00:00,0.6392,0.6472,0.6464,0.6411,19217.8,0.643475,12366.173855,19217.8,12366.173855,
2024-03-06 14:45:00+00:00,0.6386,0.643,0.6407,0.6407,19822.76,0.64075,12701.43347,19822.76,12701.43347,
2024-03-06 14:50:00+00:00,0.6428,0.647,0.6428,0.6462,20162.08,0.6447,12998.492976,20162.08,12998.492976,
2024-03-06 14:55:00+00:00,0.6416,0.6464,0.6464,0.6426,14557.96,0.64425,9378.96573,14557.96,9378.96573,
2024-03-06 15:00:00+00:00,0.6362,0.6449,0.6433,0.6392,27164.09,0.6409,17409.465281,27164.09,17409.465281,
2024-03-06 15:05:00+00:00,0.6322,0.6389,0.6379,0.6326,14734.19,0.6354,9362.104326,14734.19,9362.104326,
2024-03-06 15:10:00+00:00,0.6354,0.6394,0.6354,0.6386,9721.56,0.6372,6194.578032,9721.56,6194.578032,
2024-03-06 15:15:00+00:00,0.6378,0.6466,0.6392,0.6413,182563.5,0.641225,117064.2802875,182563.5,117064.2802875,
2024-03-06 15:20:00+00:00,0.6382,0.6434,0.641,0.6431,24868.28,0.641425,15951.136499,24868.28,15951.136499,
2024-03-06 15:25:00+00:00,0.6416,0.6459,0.6429,0.644,14882.2,0.6436,9578.18392,14882.2,9578.18392,
2024-03-06 15:30:00+00:00,0.644,0.6492,0.6442,0.6492,22456.94,0.64665,14521.780251,22456.94,14521.780251,
2024-03-06 15:35:00+00:00,0.6476,0.6494,0.6489,0.6494,7683.22,0.648825,4985.0652165,7683.22,4985.0652165,
2024-03-06 15:40:00+00:00,0.6468,0.6499,0.6498,0.647,15789.66,0.648375,10237.6208025,15789.66,10237.6208025,
2024-03-06 15:45:00+00:00,0.6458,0.6501,0.6477,0.6458,12560.25,0.64735,8130.8778375,12560.25,8130.8778375,
2024-03-06 15:50:00+00:00,0.6444,0.6476,0.6464,0.645,11640.32,0.64585,7517.900672,11640.32,7517.900672,
2024-03-06 15:55:00+00:00,0.6446,0.647,0.6452,0.6464,8032.41,0.6458,5187.330378,8032.41,5187.330378,
2024-03-06 16:00:00+00:00,0.6458,0.6495,0.6465,0.6479,7994.07,0.647425,5175.56076975,7994.07,5175.56076975,
2024-03-06 16:05:00+00:00,0.6476,0.6506,0.6485,0.65,17472.62,0.649175,11342.7880885,17472.62,11342.7880885,
2024-03-06 16:10:00+00:00,0.6475,0.651,0.6501,0.6494,11809.66,0.6495,7670.37417,11809.66,7670.37417,
2024-03-06 16:15:00+00:00,0.6461,0.6494,0.6494,0.6482,13205.57,0.648275,8560.84089175,13205.57,8560.84089175,
2024-03-06 16:20:00+00:00,0.6467,0.6495,0.6479,0.6494,14204.6,0.648375,9209.907525,14204.6,9209.907525,
2024-03-06 16:25:00+00:00,0.6482,0.6514,0.6488,0.6506,17647.7,0.64975,11466.593075,17647.7,11466.593075,
2024-03-06 16:30:00+00:00,0.6446,0.6503,0.65,0.6454,18758.26,0.647575,12147.3802195,18758.26,12147.3802195,
2024-03-06 16:35:00+00:00,0.641,0.6452,0.6446,0.6422,6898.79,0.64325,4437.6466675,6898.79,4437.6466675,
2024-03-06 16:40:00+00:00,0.6414,0.6448,0.6418,0.6448,33949.65,0.6432,21836.41488,33949.65,21836.41488,
2024-03-06 16:45:00+00:00,0.6421,0.6465,0.6452,0.6446,18972.84,0.6446,12229.892664,18972.84,12229.892664,
2024-03-06 16:50:00+00:00,0.6446,0.647,0.6452,0.6464,6628.92,0.6458,4280.956536,6628.92,4280.956536,
2024-03-06 16:55:00+00:00,0.6467,0.6527,0.6467,0.6513,34943.24,0.64935,22690.392894,34943.24,22690.392894,
2024-03-06 17:00:00+00:00,0.6467,0.6515,0.6513,0.647,6374.25,0.649125,4137.68503125,6374.25,4137.68503125,
2024-03-06 17:05:00+00:00,0.6457,0.6482,0.6482,0.6479,6735.94,0.6475,4361.52115,6735.94,4361.52115,
2024-03-06 17:10:00+00:00,0.6482,0.6509,0.6482,0.65,18423.56,0.649325,11962.878097,18423.56,11962.878097,
2024-03-06 17:15:00+00:00,0.6482,0.6516,0.6505,0.6488,4944.71,0.649775,3212.94894025,4944.71,3212.94894025,
2024-03-06 17:20:00+00:00,0.6488,0.6514,0.6506,0.6494,5144.11,0.65005,3343.9287055,5144.11,3343.9287055,
2024-03-06 17:25:00+00:00,0.6482,0.6512,0.6497,0.6511,55904.19,0.65005,36340.5187095,55904.19,36340.5187095,
2024-03-06 17:30:00+00:00,0.6506,0.6547,0.6507,0.6541,14960.12,0.652525,9761.852303,14960.12,9761.852303,
2024-03-06 17:35:00+00:00,0.6517,0.656,0.6549,0.6531,17106.41,0.653925,11186.30915925,17106.41,11186.30915925,
2024-03-06 17:40:00+00:00,0.6511,0.6554,0.6521,0.6554,17465.07,0.6535,11413.423245,17465.07,11413.423245,
2024-03-06 17:45:00+00:00,0.6535,0.6573,0.6542,0.6567,11371.43,0.655425,7453.11950775,11371.43,7453.11950775,
2024-03-06 17:50:00+00:00,0.6568,0.6584,0.6575,0.6572,14297.23,0.657475,9400.07129425,14297.23,9400.07129425,
2024-03-06 17:55:00+00:00,0.6577,0.66,0.6577,0.6594,10650.42,0.6587,7015.431654,10650.42,7015.431654,
2024-03-06 18:00:00+00:00,0.6591,0.6609,0.6594,0.6608,16512.64,0.66005,10899.168032,16512.64,10899.168032,
2024-03-06 18:05:00+00:00,0.6586,0.6612,0.661,0.6586,1657.74,0.65985,1093.859739,1657.74,1093.859739,
2024-03-06 18:10:00+00:00,0.6566,0.6591,0.6591,0.6572,4399.06,0.658,2894.58148,4399.06,2894.58148,
2024-03-06 18:15:00+00:00,0.6569,0.659,0.657,0.6569,2130.36,0.65745,1400.605182,2130.36,1400.605182,
2024-03-06 18:20:00+00:00,0.6575,0.6595,0.6582,0.6595,5384.27,0.658675,3546.48404225,5384.27,3546.48404225,
2024-03-06 18:25:00+00:00,0.6576,0.66,0.6588,0.66,1009.77,0.6591,665.539407,1009.77,665.539407,
2024-03-06 18:30:00+00:00,0.6553,0.6607,0.6606,0.6556,23514.46,0.65805,15473.690403,23514.46,15473.690403,
2024-03-06 18:35:00+00:00,0.6544,0.656,0.6549,0.6557,2891.33,0.65525,1894.5439825,2891.33,1894.5439825,
2024-03-06 18:40:00+00:00,0.655,0.6568,0.6563,0.6566,8914.46,0.656175,5849.4457905,8914.46,5849.4457905,
2024-03-06 18:45:00+00:00,0.6539,0.6582,0.6565,0.6556,28597.51,0.65605,18761.3964355,28597.51,18761.3964355,
2024-03-06 18:50:00+00:00,0.6548,0.6577,0.6549,0.6572,7831.96,0.65615,5138.940554,7831.96,5138.940554,
2024-03-06 18:55:00+00:00,0.657,0.6589,0.6577,0.6588,6241.08,0.6581,4107.254748,6241.08,4107.254748,
2024-03-06 19:00:00+00:00,0.6548,0.6585,0.6585,0.6548,3983.84,0.65665,2615.988536,3983.84,2615.988536,
2024-03-06 19:05:00+00:00,0.6554,0.6582,0.6557,0.6558,7523.71,0.656275,4937.62278025,7523.71,4937.62278025,
2024-03-06 19:10:00+00:00,0.6551,0.658,0.6554,0.6567,9654.62,0.6563,6336.327106,9654.62,6336.327106,
2024-03-06 19:15:00+00:00,0.6563,0.6582,0.6563,0.6575,35192.84,0.657075,23124.335343,35192.84,23124.335343,
2024-03-06 19:20:00+00:00,0.6575,0.66,0.6582,0.66,9497.37,0.658925,6258.05452725,9497.37,6258.05452725,
2024-03-06 19:25:00+00:00,0.6593,0.6634,0.6606,0.6634,11385.57,0.661675,7533.54702975,11385.57,7533.54702975,
2024-03-06 19:30:00+00:00,0.6598,0.6635,0.6633,0.6598,9139.42,0.6616,6046.640272,9139.42,6046.640272,
2024-03-06 19:35:00+00:00,0.6597,0.6623,0.6597,0.6619,13414.83,0.6609,8865.861147,13414.83,8865.861147,
2024-03-06 19:40:00+00:00,0.66,0.6619,0.6618,0.6606,3907.47,0.661075,2583.13073025,3907.47,2583.13073025,
2024-03-06 19:45:00+00:00,0.6594,0.6615,0.6612,0.6601,8830.06,0.66055,5832.696133,8830.06,5832.696133,
2024-03-06 19:50:00+00:00,0.6597,0.6606,0.6601,0.6606,4388.34,0.66025,2897.401485,4388.34,2897.401485,
2024-03-06 19:55:00+00:00,0.6563,0.6605,0.6605,0.6572,8295.22,0.658625,5463.4392725,8295.22,5463.4392725,
2024-03-06 20:00:00+00:00,0.6555,0.6588,0.6569,0.6583,5979.16,0.657375,3930.550305,5979.16,3930.550305,
2024-03-06 20:05:00+00:00,0.6575,0.66,0.6578,0.66,19917.92,0.658825,13122.423644,19917.92,13122.423644,
2024-03-06 20:10:00+00:00,0.6583,0.6602,0.66,0.6583,6152.05,0.6592,4055.43136,6152.05,4055.43136,
2024-03-06 20:15:00+00:00,0.6581,0.6619,0.6582,0.6597,34734.16,0.659475,22906.310166,34734.16,22906.310166,
2024-03-06 20:20:00+00:00,0.6573,0.6605,0.6604,0.6578,5731.34,0.659,3776.95306,5731.34,3776.95306,
2024-03-06 20:25:00+00:00,0.6563,0.6586,0.6576,0.6576,13562.81,0.657525,8917.88664525,13562.81,8917.88664525,
2024-03-06 20:30:00+00:00,0.6569,0.6586,0.6577,0.6571,3468.58,0.657575,2280.8514935,3468.58,2280.8514935,
2024-03-06 20:35:00+00:00,0.6563,0.6618,0.6571,0.6608,21139.89,0.659,13931.18751,21139.89,13931.18751,
2024-03-06 20:40:00+00:00,0.6606,0.6619,0.6606,0.6617,1467.29,0.6612,970.172148,1467.29,970.172148,
2024-03-06 20:45:00+00:00,0.6608,0.6643,0.6611,0.6635,14114.19,0.662425,9349.59231075,14114.19,9349.59231075,
2024-03-06 20:50:00+00:00,0.6628,0.6644,0.663,0.6644,5822.76,0.66365,3864.274674,5822.76,3864.274674,
2024-03-06 20:55:00+00:00,0.6646,0.6669,0.665,0.6669,11101.71,0.66585,7392.0736035,11101.71,7392.0736035,
2024-03-06 21:00:00+00:00,0.6644,0.6662,0.6658,0.6662,7458.21,0.66565,4964.5574865,7458.21,4964.5574865,
2024-03-06 21:05:00+00:00,0.6644,0.6665,0.6661,0.6665,11213.99,0.665875,7467.11559125,11213.99,7467.11559125,
2024-03-06 21:10:00+00:00,0.6658,0.6677,0.6666,0.6659,10957.58,0.6665,7303.22707,10957.58,7303.22707,
2024-03-06 21:15:00+00:00,0.6663,0.6684,0.6665,0.6669,18303.18,0.667025,12208.6786395,18303.18,12208.6786395,
2024-03-06 21:20:00+00:00,0.6667,0.6699,0.6667,0.6692,13315.57,0.668125,8896.46520625,13315.57,8896.46520625,
2024-03-06 21:25:00+00:00,0.6695,0.6711,0.6698,0.6701,6100.18,0.670125,4087.8831225,6100.18,4087.8831225,
2024-03-06 21:30:00+00:00,0.6686,0.6717,0.6701,0.67,20510.65,0.6701,13744.186565,20510.65,13744.186565,
2024-03-06 21:35:00+00:00,0.67,0.6724,0.6707,0.6717,13189.07,0.6712,8852.503784,13189.07,8852.503784,
2024-03-06 21:40:00+00:00,0.6686,0.6724,0.6716,0.6707,7302.81,0.670825,4898.90751825,7302.81,4898.90751825,
2024-03-06 21:45:00+00:00,0.6698,0.6726,0.6704,0.671,27371.87,0.67095,18365.1561765,27371.87,18365.1561765,
2024-03-06 21:50:00+00:00,0.6706,0.6735,0.6714,0.673,29076.16,0.672125,19542.81404,29076.16,19542.81404,
2024-03-06 21:55:00+00:00,0.672,0.6732,0.6723,0.672,14566.97,0.672375,9794.46645375,14566.97,9794.46645375,
2024-03-06 22:00:00+00:00,0.6708,0.672,0.6719,0.6714,14646.02,0.671525,9835.1685805,14646.02,9835.1685805,
2024-03-06 22:05:00+00:00,0.67,0.6714,0.6709,0.6714,17639.92,0.670925,11835.063326,17639.92,11835.063326,
2024-03-06 22:10:00+00:00,0.6715,0.6733,0.6718,0.6721,2409.63,0.672175,1619.69304525,2409.63,1619.69304525,
2024-03-06 22:15:00+00:00,0.671,0.6743,0.6714,0.6732,9155.38,0.672475,6156.7641655,9155.38,6156.7641655,
2024-03-06 22:20:00+00:00,0.6713,0.6728,0.6728,0.6718,6582.35,0.672175,4424.49111125,6582.35,4424.49111125,
2024-03-06 22:25:00+00:00,0.6726,0.6777,0.6726,0.6777,11235.65,0.67515,7585.7490975,11235.65,7585.7490975,
2024-03-06 22:30:00+00:00,0.6738,0.6776,0.6776,0.6763,9995.1,0.676325,6759.9360075,9995.1,6759.9360075,
2024-03-06 22:35:00+00:00,0.6723,0.6763,0.6763,0.6728,7960.37,0.674425,5368.67253725,7960.37,5368.67253725,
2024-03-06 22:40:00+00:00,0.669,0.6732,0.6732,0.669,12557.75,0.6711,8427.506025,12557.75,8427.506025,
2024-03-06 22:45:00+00:00,0.6665,0.6707,0.6686,0.6707,9841.0,0.669125,6584.859125,9841.0,6584.859125,
2024-03-06 22:50:00+00:00,0.6693,0.6726,0.6708,0.6726,13911.31,0.671325,9339.01018575,13911.31,9339.01018575,
2024-03-06 22:55:00+00:00,0.671,0.6733,0.6732,0.6719,10471.0,0.67235,7040.17685,10471.0,7040.17685,
2024-03-06 23:00:00+00:00,0.6697,0.6728,0.6714,0.67,2642.46,0.670975,1773.0245985,2642.46,1773.0245985,
2024-03-06 23:05:00+00:00,0.6686,0.6715,0.6706,0.6715,37636.13,0.67055,25236.9069715,37636.13,25236.9069715,
2024-03-06 23:10:00+00:00,0.67,0.6742,0.672,0.6735,10037.56,0.672425,6749.506283,10037.56,6749.506283,
2024-03-06 23:15:00+00:00,0.6728,0.6756,0.6739,0.6751,18750.32,0.67435,12644.278292,18750.32,12644.278292,
2024-03-06 23:20:00+00:00,0.6741,0.6761,0.6757,0.6757,23214.07,0.6754,15678.782878,23214.07,15678.782878,
2024-03-06 23:25:00+00:00,0.6757,0.677,0.6761,0.6763,1981.95,0.676275,1340.34323625,1981.95,1340.34323625,
2024-03-06 23:30:00+00:00,0.6768,0.6792,0.6768,0.6783,15657.01,0.677775,10611.92995275,15657.01,10611.92995275,
2024-03-06 23:35:00+00:00,0.6775,0.6794,0.6784,0.6775,32363.43,0.6782,21948.878226,32363.43,21948.878226,
2024-03-06 23:40:00+00:00,0.6748,0.6782,0.6782,0.6757,5999.88,0.676725,4060.268793,5999.88,4060.268793,
2024-03-06 23:45:00+00:00,0.6743,0.677,0.6751,0.677,9947.88,0.67585,6723.274698,9947.88,6723.274698,
2024-03-06 23:50:00+00:00,0.6767,0.6799,0.6767,0.6791,22888.17,0.6781,15520.468077,22888.17,15520.468077,
2024-03-06 23:55:00+00:00,0.6784,0.6803,0.6793,0.6801,11897.8,0.679525,8084.852545,11897.8,8084.852545,
2024-03-07 00:00:00+00:00,0.6796,0.6855,0.6798,0.6803,30024.16,0.6813,20455.460208,30024.16,20455.460208,
2024-03-07 00:05:00+00:00,0.6773,0.6816,0.681,0.6816,16317.03,0.680375,11101.69928625,16317.03,11101.69928625,
2024-03-07 00:10:00+00:00,0.6837,0.6875,0.6837,0.6869,21690.97,0.68545,14868.0753865,21690.97,14868.0753865,
2024-03-07 00:15:00+00:00,0.6819,0.6865,0.6848,0.6841,14107.58,0.684325,9654.1696835,14107.58,9654.1696835,
2024-03-07 00:20:00+00:00,0.6773,0.6827,0.6823,0.6773,11926.33,0.6799,8108.711767,11926.33,8108.711767,
2024-03-07 00:25:00+00:00,0.6723,0.6784,0.6783,0.675,26273.68,0.676,17761.00768,26273.68,17761.00768,
2024-03-07 00:30:00+00:00,0.6752,0.6808,0.6757,0.6784,11051.74,0.677525,7487.8301435,11051.74,7487.8301435,
2024-03-07 00:35:00+00:00,0.6785,0.6874,0.6785,0.6859,9489.46,0.682575,6477.2681595,9489.46,6477.2681595,
2024-03-07 00:40:00+00:00,0.6861,0.688,0.6868,0.6862,10007.78,0.686775,6873.0931095,10007.78,6873.0931095,
2024-03-07 00:45:00+00:00,0.6861,0.6875,0.6867,0.6871,16207.34,0.68685,11132.011479,16207.34,11132.011479,
2024-03-07 00:50:00+00:00,0.6869,0.6937,0.6874,0.6918,20369.82,0.68995,14054.157309,20369.82,14054.157309,
2024-03-07 00:55:00+00:00,0.689,0.6926,0.692,0.6906,8684.45,0.69105,6001.3891725,8684.45,6001.3891725,
2024-03-07 01:00:00+00:00,0.6833,0.6905,0.6905,0.6833,33166.52,0.6869,22782.082588,33166.52,22782.082588,
2024-03-07 01:05:00+00:00,0.6786,0.6833,0.6828,0.6786,13304.32,0.680825,9057.913664,13304.32,9057.913664,
2024-03-07 01:10:00+00:00,0.677,0.6842,0.6784,0.6829,49904.2,0.680625,33966.046125,49904.2,33966.046125,
2024-03-07 01:15:00+00:00,0.6823,0.6864,0.6835,0.6842,26002.4,0.6841,17788.24184,26002.4,17788.24184,
2024-03-07 01:20:00+00:00,0.6819,0.6856,0.6846,0.6835,26750.14,0.6839,18294.420746,26750.14,18294.420746,
2024-03-07 01:25:00+00:00,0.683,0.6861,0.6843,0.6839,2141.65,0.684325,1465.58463625,2141.65,1465.58463625,
2024-03-07 01:30:00+00:00,0.6795,0.6835,0.6835,0.6816,8024.62,0.682025,5472.9914555,8024.62,5472.9914555,
2024-03-07 01:35:00+00:00,0.6784,0.6823,0.6814,0.6784,9334.22,0.680125,6348.4363775,9334.22,6348.4363775,
2024-03-07 01:40:00+00:00,0.678,0.685,0.6786,0.6848,43010.03,0.6816,29315.636448,43010.03,29315.636448,
2024-03-07 01:45:00+00:00,0.6826,0.685,0.685,0.6849,6119.47,0.684375,4188.01228125,6119.47,4188.01228125,
2024-03-07 01:50:00+00:00,0.684,0.6865,0.6854,0.6865,5760.85,0.6856,3949.63876,5760.85,3949.63876,
2024-03-07 01:55:00+00:00,0.6863,0.6887,0.6867,0.6887,3171.68,0.6876,2180.847168,3171.68,2180.847168,
2024-03-07 02:00:00+00:00,0.6847,0.688,0.688,0.6858,18715.82,0.686625,12850.7499075,18715.82,12850.7499075,
2024-03-07 02:05:00+00:00,0.6861,0.692,0.6861,0.689,16995.31,0.6883,11697.871873,16995.31,11697.871873,
2024-03-07 02:10:00+00:00,0.6874,0.6929,0.6887,0.6915,11341.23,0.690125,7826.86635375,11341.23,7826.86635375,
2024-03-07 02:15:00+00:00,0.6898,0.6965,0.6913,0.6951,104968.35,0.693175,72761.43601125,104968.35,72761.43601125,
2024-03-07 02:20:00+00:00,0.6918,0.6975,0.6941,0.6948,34988.68,0.69455,24301.387694,34988.68,24301.387694,
2024-03-07 02:25:00+00:00,0.693,0.7008,0.6941,0.6974,83640.26,0.696325,58240.8040445,83640.26,58240.8040445,
2024-03-07 02:30:00+00:00,0.6915,0.6982,0.698,0.6955,30441.22,0.6958,21181.000876,30441.22,21181.000876,
2024-03-07 02:35:00+00:00,0.6938,0.7048,0.6952,0.7038,32492.09,0.6994,22724.967746,32492.09,22724.967746,
2024-03-07 02:40:00+00:00,0.6992,0.7052,0.7033,0.6992,37211.0,0.701725,26111.888975,37211.0,26111.888975,
2024-03-07 02:45:00+00:00,0.6955,0.7038,0.7003,0.6959,55873.94,0.698875,39048.8998175,55873.94,39048.8998175,
2024-03-07 02:50:00+00:00,0.6955,0.7004,0.6956,0.699,34723.21,0.697625,24223.77937625,34723.21,24223.77937625,
2024-03-07 02:55:00+00:00,0.6953,0.7017,0.6991,0.6973,64914.7,0.69835,45333.180745,64914.7,45333.180745,
2024-03-07 03:00:00+00:00,0.6928,0.6978,0.6965,0.696,15880.02,0.695775,11048.9209155,15880.02,11048.9209155,
2024-03-07 03:05:00+00:00,0.6927,0.6974,0.6959,0.6971,20316.86,0.695775,14135.9632665,20316.86,14135.9632665,
2024-03-07 03:10:00+00:00,0.6967,0.7014,0.6974,0.7001,52164.94,0.6989,36458.076566,52164.94,36458.076566,
2024-03-07 03:15:00+00:00,0.6983,0.7068,0.6997,0.7068,16819.85,0.7029,11822.672565,16819.85,11822.672565,
2024-03-07 03:20:00+00:00,0.7031,0.7062,0.7057,0.7056,34034.01,0.70515,23999.0821515,34034.01,23999.0821515,
2024-03-07 03:25:00+00:00,0.6976,0.7074,0.7044,0.6979,40821.8,0.701825,28649.759785,40821.8,28649.759785,
2024-03-07 03:30:00+00:00,0.6956,0.699,0.6983,0.6973,8843.57,0.69755,6168.8322535,8843.57,6168.8322535,
2024-03-07 03:35:00+00:00,0.688,0.6955,0.6955,0.6893,20751.45,0.692075,14361.55975875,20751.45,14361.55975875,
2024-03-07 03:40:00+00:00,0.6873,0.6931,0.6899,0.6887,16688.91,0.68975,11511.1756725,16688.91,11511.1756725,
2024-03-07 03:45:00+00:00,0.6893,0.6964,0.6893,0.6953,21066.26,0.692575,14589.9650195,21066.26,14589.9650195,
2024-03-07 03:50:00+00:00,0.6925,0.6965,0.6939,0.6931,7348.58,0.694,5099.91452,7348.58,5099.91452,
2024-03-07 03:55:00+00:00,0.6899,0.6936,0.6932,0.6908,9853.8,0.691875,6817.597875,9853.8,6817.597875,
2024-03-07 04:00:00+00:00,0.6861,0.6906,0.6905,0.6873,36348.14,0.688625,25030.2379075,36348.14,25030.2379075,
2024-03-07 04:05:00+00:00,0.6864,0.6927,0.6872,0.6923,6361.77,0.68965,4387.3946805,6361.77,4387.3946805,
2024-03-07 04:10:00+00:00,0.6916,0.6949,0.6916,0.6945,7135.41,0.69315,4945.9094415,7135.41,4945.9094415,
2024-03-07 04:15:00+00:00,0.6941,0.6995,0.6948,0.6995,7908.77,0.696975,5512.21497075,7908.77,5512.21497075,
2024-03-07 04:20:00+00:00,0.6941,0.6984,0.6983,0.6976,33687.89,0.6971,23483.828119,33687.89,23483.828119,
2024-03-07 04:25:00+00:00,0.6969,0.6997,0.698,0.6976,4306.42,0.69805,3006.096481,4306.42,3006.096481,
2024-03-07 04:30:00+00:00,0.6966,0.6988,0.6969,0.6984,4119.41,0.697675,2874.00937175,4119.41,2874.00937175,
2024-03-07 04:35:00+00:00,0.6954,0.6983,0.6983,0.696,11130.15,0.697,7757.71455,11130.15,7757.71455,
2024-03-07 04:40:00+00:00,0.6939,0.6962,0.6948,0.6946,499.32,0.694875,346.964985,499.32,346.964985,
2024-03-07 04:45:00+00:00,0.692,0.6955,0.6946,0.6941,6194.72,0.69405,4299.445416,6194.72,4299.445416,
2024-03-07 04:50:00+00:00,0.6906,0.6975,0.6948,0.692,7368.06,0.693725,5111.4074235,7368.06,5111.4074235,
2024-03-07 04:55:00+00:00,0.6893,0.6928,0.6909,0.6915,5946.45,0.691125,4109.74025625,5946.45,4109.74025625,
2024-03-07 05:00:00+00:00,0.691,0.6948,0.691,0.6937,6485.71,0.692625,4492.16488875,6485.71,4492.16488875,
2024-03-07 05:05:00+00:00,0.685,0.6932,0.6927,0.685,26563.52,0.688975,18301.601192,26563.52,18301.601192,
2024-03-07 05:10:00+00:00,0.6826,0.6869,0.6849,0.6861,14291.41,0.685125,9791.40227625,14291.41,9791.40227625,
2024-03-07 05:15:00+00:00,0.6833,0.6894,0.6867,0.6894,4750.77,0.6872,3264.729144,4750.77,3264.729144,
2024-03-07 05:20:00+00:00,0.6879,0.6901,0.6896,0.6879,23090.49,0.688875,15906.46129875,23090.49,15906.46129875,
2024-03-07 05:25:00+00:00,0.6844,0.6883,0.6879,0.6871,4423.75,0.686925,3038.78446875,4423.75,3038.78446875,
2024-03-07 05:30:00+00:00,0.6823,0.6878,0.6878,0.6833,14964.14,0.6853,10254.925142,14964.14,10254.925142,
2024-03-07 05:35:00+00:00,0.6798,0.6846,0.6828,0.6812,10409.96,0.6821,7100.633716,10409.96,7100.633716,
2024-03-07 05:40:00+00:00,0.6764,0.6818,0.6818,0.6766,43153.08,0.67915,29307.414282,43153.08,29307.414282,
2024-03-07 05:45:00+00:00,0.6776,0.6821,0.6777,0.6817,8071.9,0.679775,5487.0758225,8071.9,5487.0758225,
2024-03-07 05:50:00+00:00,0.6751,0.6816,0.6814,0.6757,7719.05,0.67845,5236.9894725,7719.05,5236.9894725,
2024-03-07 05:55:00+00:00,0.6758,0.6799,0.6758,0.6791,3362.75,0.67765,2278.7675375,3362.75,2278.7675375,
2024-03-07 06:00:00+00:00,0.6784,0.6826,0.6798,0.6812,3104.83,0.6805,2112.836815,3104.83,2112.836815,
2024-03-07 06:05:00+00:00,0.6763,0.6819,0.6819,0.6766,7671.4,0.679175,5210.223095,7671.4,5210.223095,
2024-03-07 06:10:00+00:00,0.6762,0.6812,0.6763,0.6807,8252.98,0.6786,5600.472228,8252.98,5600.472228,
2024-03-07 06:15:00+00:00,0.6798,0.6837,0.6805,0.6826,20984.48,0.68165,14304.070792,20984.48,14304.070792,
2024-03-07 06:20:00+00:00,0.6831,0.6867,0.6831,0.6867,6539.46,0.6849,4478.876154,6539.46,4478.876154,
2024-03-07 06:25:00+00:00,0.6847,0.6882,0.6866,0.688,16912.9,0.686875,11617.0481875,16912.9,11617.0481875,
2024-03-07 06:30:00+00:00,0.685,0.688,0.688,0.6861,9504.94,0.686775,6527.7551685,9504.94,6527.7551685,
2024-03-07 06:35:00+00:00,0.6867,0.6894,0.6867,0.6868,3886.4,0.6874,2671.51136,3886.4,2671.51136,
2024-03-07 06:40:00+00:00,0.6849,0.6886,0.6874,0.6869,5392.51,0.68695,3704.3847445,5392.51,3704.3847445,
2024-03-07 06:45:00+00:00,0.6806,0.6865,0.6865,0.6812,5869.7,0.6837,4013.11389,5869.7,4013.11389,
2024-03-07 06:50:00+00:00,0.6807,0.6828,0.6815,0.6826,2421.54,0.6819,1651.248126,2421.54,1651.248126,
2024-03-07 06:55:00+00:00,0.6817,0.6862,0.682,0.684,2712.01,0.683475,1853.59103475,2712.01,1853.59103475,
2024-03-07 07:00:00+00:00,0.6833,0.6867,0.6839,0.6867,3695.49,0.68515,2531.9649735,3695.49,2531.9649735,
2024-03-07 07:05:00+00:00,0.6845,0.6874,0.6874,0.6874,4389.68,0.686675,3014.283514,4389.68,3014.283514,
2024-03-07 07:10:00+00:00,0.6852,0.687,0.6867,0.6861,5226.73,0.68625,3586.8434625,5226.73,3586.8434625,
2024-03-07 07:15:00+00:00,0.6862,0.6901,0.6862,0.6894,15143.37,0.687975,10418.25997575,15143.37,10418.25997575,
2024-03-07 07:20:00+00:00,0.6893,0.6914,0.6899,0.6914,1848.87,0.6905,1276.644735,1848.87,1276.644735,
2024-03-07 07:25:00+00:00,0.6906,0.6941,0.6914,0.6927,4508.11,0.6922,3120.513742,4508.11,3120.513742,
2024-03-07 07:30:00+00:00,0.6884,0.6932,0.6923,0.69,24702.46,0.690975,17068.7822985,24702.46,17068.7822985,
2024-03-07 07:35:00+00:00,0.69,0.6927,0.69,0.692,2309.02,0.691175,1595.9368985,2309.02,1595.9368985,
2024-03-07 07:40:00+00:00,0.6913,0.6927,0.6913,0.6925,16103.93,0.69195,11143.1143635,16103.93,11143.1143635,
2024-03-07 07:45:00+00:00,0.6893,0.6914,0.6913,0.6903,12258.83,0.690575,8465.64152725,12258.83,8465.64152725,
2024-03-07 07:50:00+00:00,0.6886,0.6913,0.6902,0.6913,3603.65,0.69035,2487.7797775,3603.65,2487.7797775,
2024-03-07 07:55:00+00:00,0.6899,0.6937,0.6916,0.692,15630.98,0.6918,10813.511964,15630.98,10813.511964,
2024-03-07 08:00:00+00:00,0.6906,0.6957,0.6918,0.6947,11118.89,0.6932,7707.614548,11118.89,7707.614548,
2024-03-07 08:05:00+00:00,0.695,0.6976,0.6955,0.6976,20503.93,0.696425,14279.44945025,20503.93,14279.44945025,
2024-03-07 08:10:00+00:00,0.692,0.6969,0.6967,0.693,11400.15,0.69465,7919.1141975,11400.15,7919.1141975,
2024-03-07 08:15:00+00:00,0.6922,0.6957,0.6934,0.6939,7340.49,0.6938,5092.831962,7340.49,5092.831962,
2024-03-07 08:20:00+00:00,0.6939,0.6965,0.6945,0.6955,4059.64,0.6951,2821.855764,4059.64,2821.855764,
2024-03-07 08:25:00+00:00,0.6933,0.6958,0.6948,0.6955,2692.58,0.69485,1870.939213,2692.58,1870.939213,
2024-03-07 08:30:00+00:00,0.6926,0.6966,0.6948,0.6927,5388.33,0.694175,3740.44397775,5388.33,3740.44397775,
2024-03-07 08:35:00+00:00,0.6924,0.6947,0.6934,0.6933,9177.79,0.69345,6364.3384755,9177.79,6364.3384755,
2024-03-07 08:40:00+00:00,0.6931,0.6955,0.6934,0.6948,5971.46,0.6942,4145.387532,5971.46,4145.387532,
2024-03-07 08:45:00+00:00,0.6932,0.6955,0.6941,0.6936,3288.67,0.6941,2282.665847,3288.67,2282.665847,
2024-03-07 08:50:00+00:00,0.6933,0.6969,0.6941,0.6954,6769.77,0.694925,4704.48241725,6769.77,4704.48241725,
2024-03-07 08:55:00+00:00,0.6928,0.6952,0.6952,0.6934,6122.46,0.69415,4249.905609,6122.46,4249.905609,
2024-03-07 09:00:00+00:00,0.6927,0.6969,0.6936,0.6967,2141.45,0.694975,1488.25421375,2141.45,1488.25421375,
2024-03-07 09:05:00+00:00,0.6962,0.6998,0.6963,0.6995,27100.82,0.69795,18915.017319,27100.82,18915.017319,
2024-03-07 09:10:00+00:00,0.6976,0.7001,0.6994,0.6992,14235.23,0.699075,9951.49341225,14235.23,9951.49341225,
2024-03-07 09:15:00+00:00,0.6963,0.6999,0.6985,0.6979,19608.2,0.69815,13689.46483,19608.2,13689.46483,
2024-03-07 09:20:00+00:00,0.6968,0.6997,0.6976,0.6968,4051.74,0.697725,2827.0002915,4051.74,2827.0002915,
2024-03-07 09:25:00+00:00,0.6959,0.7039,0.6968,0.7024,24371.24,0.69975,17053.77519,24371.24,17053.77519,
2024-03-07 09:30:00+00:00,0.699,0.7037,0.7025,0.6991,13578.97,0.701075,9519.87639275,13578.97,9519.87639275,
2024-03-07 09:35:00+00:00,0.6986,0.7004,0.6986,0.6997,8444.07,0.699325,5905.14925275,8444.07,5905.14925275,
2024-03-07 09:40:00+00:00,0.6969,0.7006,0.6999,0.6969,4766.33,0.698575,3329.63897975,4766.33,3329.63897975,
2024-03-07 09:45:00+00:00,0.6932,0.6962,0.6962,0.6943,10191.9,0.694975,7083.1157025,10191.9,7083.1157025,
2024-03-07 09:50:00+00:00,0.694,0.6963,0.6942,0.6957,2706.95,0.69505,1881.4655975,2706.95,1881.4655975,
2024-03-07 09:55:00+00:00,0.6939,0.6956,0.6955,0.6939,12531.28,0.694725,8705.793498,12531.28,8705.793498,
2024-03-07 10:00:00+00:00,0.6927,0.6949,0.6939,0.6927,2455.69,0.69355,1703.1437995,2455.69,1703.1437995,
2024-03-07 10:05:00+00:00,0.6915,0.6954,0.6921,0.694,26446.96,0.69325,18334.35502,26446.96,18334.35502,
2024-03-07 10:10:00+00:00,0.6947,0.6961,0.6948,0.6957,1686.89,0.695325,1172.93678925,1686.89,1172.93678925,
2024-03-07 10:15:00+00:00,0.6936,0.6972,0.6958,0.6941,2664.64,0.695175,1852.391112,2664.64,1852.391112,
2024-03-07 10:20:00+00:00,0.6945,0.6952,0.6948,0.6946,3600.28,0.694775,2501.384537,3600.28,2501.384537,
2024-03-07 10:25:00+00:00,0.6948,0.6962,0.6955,0.6948,4684.67,0.695325,3257.36816775,4684.67,3257.36816775,
2024-03-07 10:30:00+00:00,0.6913,0.6948,0.6948,0.6913,4751.1,0.69305,3292.749855,4751.1,3292.749855,
2024-03-07 10:35:00+00:00,0.6878,0.6913,0.6912,0.6878,2375.65,0.689525,1638.07006625,2375.65,1638.07006625,
2024-03-07 10:40:00+00:00,0.6887,0.6899,0.6887,0.6893,8408.83,0.68915,5794.9451945,8408.83,5794.9451945,
2024-03-07 10:45:00+00:00,0.6893,0.6913,0.6897,0.6913,2715.47,0.6904,1874.760488,2715.47,1874.760488,
2024-03-07 10:50:00+00:00,0.6904,0.6918,0.6912,0.6906,7948.84,0.691,5492.64844,7948.84,5492.64844,
2024-03-07 10:55:00+00:00,0.6913,0.6927,0.6913,0.6927,1895.53,0.692,1311.70676,1895.53,1311.70676,
2024-03-07 11:00:00+00:00,0.6922,0.6948,0.6929,0.6948,4152.39,0.693675,2880.40913325,4152.39,2880.40913325,
2024-03-07 11:05:00+00:00,0.6948,0.6969,0.6953,0.6948,4788.8,0.69545,3330.37096,4788.8,3330.37096,
2024-03-07 11:10:00+00:00,0.6923,0.6948,0.6941,0.6934,8023.15,0.69365,5565.2579975,8023.15,5565.2579975,
2024-03-07 11:15:00+00:00,0.6887,0.6927,0.6927,0.6887,6816.44,0.6907,4708.115108,6816.44,4708.115108,
2024-03-07 11:20:00+00:00,0.6893,0.6923,0.6893,0.6906,12079.44,0.690375,8339.34339,12079.44,8339.34339,
2024-03-07 11:25:00+00:00,0.6892,0.6927,0.6899,0.6927,2591.07,0.691125,1790.75325375,2591.07,1790.75325375,
2024-03-07 11:30:00+00:00,0.6913,0.693,0.6918,0.693,1543.78,0.692275,1068.7202995,1543.78,1068.7202995,
2024-03-07 11:35:00+00:00,0.6885,0.693,0.693,0.6906,5250.34,0.691275,3629.4287835,5250.34,3629.4287835,
2024-03-07 11:40:00+00:00,0.6887,0.6913,0.6913,0.6893,289.98,0.69015,200.129697,289.98,200.129697,
2024-03-07 11:45:00+00:00,0.6867,0.6906,0.6899,0.6867,7894.81,0.688475,5435.37931475,7894.81,5435.37931475,
2024-03-07 11:50:00+00:00,0.6877,0.6927,0.6883,0.6927,1326.16,0.69035,915.514556,1326.16,915.514556,
2024-03-07 11:55:00+00:00,0.6913,0.6934,0.692,0.6927,7021.46,0.69235,4861.307831,7021.46,4861.307831,
2024-03-07 12:00:00+00:00,0.692,0.6942,0.6921,0.6937,18388.65,0.693,12743.33445,18388.65,12743.33445,
2024-03-07 12:05:00+00:00,0.6923,0.6947,0.6934,0.6942,2462.99,0.69365,1708.4530135,2462.99,1708.4530135,
2024-03-07 12:10:00+00:00,0.6934,0.6962,0.6937,0.6955,5483.99,0.6947,3809.727853,5483.99,3809.727853,
2024-03-07 12:15:00+00:00,0.6927,0.6964,0.6948,0.6927,6946.63,0.69415,4822.0032145,6946.63,4822.0032145,
2024-03-07 12:20:00+00:00,0.6906,0.6939,0.6931,0.6906,1952.5,0.69205,1351.227625,1952.5,1351.227625,
2024-03-07 12:25:00+00:00,0.6893,0.6909,0.6901,0.6904,8215.23,0.690175,5669.94636525,8215.23,5669.94636525,
2024-03-07 12:30:00+00:00,0.6898,0.6913,0.691,0.6911,9869.45,0.6908,6817.81606,9869.45,6817.81606,
2024-03-07 12:35:00+00:00,0.6907,0.6927,0.6907,0.692,7193.2,0.691525,4974.27763,7193.2,4974.27763,
2024-03-07 12:40:00+00:00,0.6913,0.6924,0.6913,0.6915,5323.85,0.691625,3682.10775625,5323.85,3682.10775625,
2024-03-07 12:45:00+00:00,0.6891,0.6914,0.6914,0.6906,49043.11,0.690625,33870.39784375,49043.11,33870.39784375,
2024-03-07 12:50:00+00:00,0.6909,0.6951,0.691,0.6948,31512.76,0.69295,21836.767042,31512.76,21836.767042,
2024-03-07 12:55:00+00:00,0.695,0.698,0.6954,0.6959,19746.45,0.696075,13745.01018375,19746.45,13745.01018375,
2024-03-07 13:00:00+00:00,0.6913,0.6968,0.6955,0.6913,10852.28,0.693725,7528.497943,10852.28,7528.497943,
2024-03-07 13:05:00+00:00,0.6904,0.6934,0.6923,0.6904,775.8,0.691625,536.562675,775.8,536.562675,
2024-03-07 13:10:00+00:00,0.6867,0.6924,0.6911,0.6894,4086.39,0.6899,2819.200461,4086.39,2819.200461,
2024-03-07 13:15:00+00:00,0.6877,0.6896,0.6887,0.6896,6263.66,0.6889,4315.035374,6263.66,4315.035374,
2024-03-07 13:20:00+00:00,0.6867,0.6906,0.6899,0.6893,5758.05,0.689125,3968.01620625,5758.05,3968.01620625,
2024-03-07 13:25:00+00:00,0.689,0.6916,0.6899,0.691,2466.51,0.690375,1702.81684125,2466.51,1702.81684125,
2024-03-07 13:30:00+00:00,0.6896,0.6941,0.6915,0.6906,16541.97,0.69145,11437.9451565,16541.97,11437.9451565,
2024-03-07 13:35:00+00:00,0.6907,0.6924,0.6913,0.6918,13052.88,0.69155,9026.719164,13052.88,9026.719164,
2024-03-07 13:40:00+00:00,0.692,0.6976,0.692,0.6954,11836.62,0.69425,8217.573435,11836.62,8217.573435,
2024-03-07 13:45:00+00:00,0.6948,0.6985,0.6948,0.6978,12428.73,0.696475,8656.29972675,12428.73,8656.29972675,
2024-03-07 13:50:00+00:00,0.6983,0.7006,0.6989,0.7006,6619.57,0.6996,4631.051172,6619.57,4631.051172,
2024-03-07 13:55:00+00:00,0.6988,0.7006,0.6997,0.6991,11200.71,0.69955,7835.4566805,11200.71,7835.4566805,
2024-03-07 14:00:00+00:00,0.6983,0.7006,0.6997,0.6983,13028.45,0.699225,9109.81795125,13028.45,9109.81795125,
2024-03-07 14:05:00+00:00,0.6983,0.7023,0.6988,0.7021,12536.59,0.700375,8780.31422125,12536.59,8780.31422125,
2024-03-07 14:10:00+00:00,0.7001,0.7045,0.7015,0.7034,10546.97,0.702375,7407.92805375,10546.97,7407.92805375,
2024-03-07 14:15:00+00:00,0.7015,0.7051,0.7036,0.7024,17928.12,0.70315,12606.157578,17928.12,12606.157578,
2024-03-07 14:20:00+00:00,0.7031,0.7066,0.7031,0.7045,17795.15,0.704325,12533.56902375,17795.15,12533.56902375,
2024-03-07 14:25:00+00:00,0.7037,0.7067,0.7056,0.7067,23252.46,0.705675,16408.6797105,23252.46,16408.6797105,
2024-03-07 14:30:00+00:00,0.7044,0.7079,0.7068,0.707,16228.4,0.706525,11465.77031,16228.4,11465.77031,
2024-03-07 14:35:00+00:00,0.707,0.7106,0.7072,0.7099,40686.45,0.708675,28833.46995375,40686.45,28833.46995375,
2024-03-07 14:40:00+00:00,0.699,0.711,0.7107,0.7007,28871.23,0.70535,20364.3220805,28871.23,20364.3220805,
2024-03-07 14:45:00+00:00,0.6906,0.7018,0.7011,0.6955,38581.68,0.69725,26901.07638,38581.68,26901.07638,
2024-03-07 14:50:00+00:00,0.6941,0.6997,0.696,0.6978,17034.67,0.6969,11871.461523,17034.67,11871.461523,
2024-03-07 14:55:00+00:00,0.6957,0.6999,0.6969,0.699,9158.76,0.697875,6391.669635,9158.76,6391.669635,
2024-03-07 15:00:00+00:00,0.6971,0.7025,0.6981,0.6997,27672.74,0.69935,19352.930719,27672.74,19352.930719,
2024-03-07 15:05:00+00:00,0.6941,0.7004,0.7004,0.6949,13197.18,0.69745,9204.373191,13197.18,9204.373191,
2024-03-07 15:10:00+00:00,0.6941,0.6974,0.6947,0.6944,59275.83,0.69515,41205.5932245,59275.83,41205.5932245,
2024-03-07 15:15:00+00:00,0.6933,0.6978,0.6948,0.6959,16178.37,0.69545,11251.2474165,16178.37,11251.2474165,
2024-03-07 15:20:00+00:00,0.6906,0.6955,0.6952,0.6921,23948.86,0.69335,16604.942081,23948.86,16604.942081,
2024-03-07 15:25:00+00:00,0.6881,0.6919,0.6915,0.6899,11040.82,0.69035,7622.030087,11040.82,7622.030087,
2024-03-07 15:30:00+00:00,0.6899,0.6941,0.69,0.6941,16740.43,0.692025,11584.79607075,16740.43,11584.79607075,
2024-03-07 15:35:00+00:00,0.6934,0.6956,0.694,0.6934,12832.66,0.6941,8907.149306,12832.66,8907.149306,
2024-03-07 15:40:00+00:00,0.6931,0.6937,0.6937,0.6931,877.35,0.6934,608.35449,877.35,608.35449,
2024-03-07 15:45:00+00:00,0.6924,0.6943,0.6935,0.6943,9770.0,0.693625,6776.71625,9770.0,6776.71625,
2024-03-07 15:50:00+00:00,0.6927,0.695,0.6942,0.6947,14501.81,0.69415,10066.4314115,14501.81,10066.4314115,
2024-03-07 15:55:00+00:00,0.6942,0.6959,0.6945,0.6945,24910.89,0.694775,17307.46359975,24910.89,17307.46359975,
2024-03-07 16:00:00+00:00,0.6933,0.6971,0.6942,0.6958,33860.55,0.6951,23536.468305,33860.55,23536.468305,
2024-03-07 16:05:00+00:00,0.6943,0.6972,0.6963,0.6965,10898.79,0.696075,7586.37524925,10898.79,7586.37524925,
2024-03-07 16:10:00+00:00,0.6925,0.6971,0.6969,0.6942,19077.87,0.695175,13262.45827725,19077.87,13262.45827725,
2024-03-07 16:15:00+00:00,0.6922,0.6955,0.6948,0.6935,11180.1,0.694,7758.9894,11180.1,7758.9894,
2024-03-07 16:20:00+00:00,0.6915,0.6951,0.6945,0.6943,13315.57,0.69385,9239.0082445,13315.57,9239.0082445,
2024-03-07 16:25:00+00:00,0.6927,0.6957,0.6951,0.6927,60898.21,0.69405,42266.4026505,60898.21,42266.4026505,
2024-03-07 16:30:00+00:00,0.6902,0.6933,0.692,0.6903,6567.07,0.69145,4540.8005515,6567.07,4540.8005515,
2024-03-07 16:35:00+00:00,0.6867,0.6915,0.6899,0.6867,7212.08,0.6887,4966.959496,7212.08,4966.959496,
2024-03-07 16:40:00+00:00,0.6834,0.6874,0.6874,0.685,2250.04,0.6858,1543.077432,2250.04,1543.077432,
2024-03-07 16:45:00+00:00,0.684,0.6856,0.6852,0.6854,10593.74,0.68505,7257.241587,10593.74,7257.241587,
2024-03-07 16:50:00+00:00,0.685,0.688,0.685,0.688,11752.2,0.6865,8067.8853,11752.2,8067.8853,
2024-03-07 16:55:00+00:00,0.688,0.6894,0.6887,0.6893,3935.67,0.68885,2711.0862795,3935.67,2711.0862795,
2024-03-07 17:00:00+00:00,0.6877,0.6899,0.6899,0.6893,14465.35,0.6892,9969.51922,14465.35,9969.51922,
2024-03-07 17:05:00+00:00,0.6885,0.6924,0.6887,0.6924,7169.26,0.6905,4950.37403,7169.26,4950.37403,
2024-03-07 17:10:00+00:00,0.692,0.6946,0.692,0.6933,55725.59,0.692975,38616.44073025,55725.59,38616.44073025,
2024-03-07 17:15:00+00:00,0.6893,0.6932,0.6932,0.6906,12116.23,0.691575,8379.28176225,12116.23,8379.28176225,
2024-03-07 17:20:00+00:00,0.6885,0.6904,0.6904,0.6899,3694.35,0.6898,2548.36263,3694.35,2548.36263,
2024-03-07 17:25:00+00:00,0.6883,0.6908,0.69,0.6889,7759.03,0.6895,5349.851185,7759.03,5349.851185,
2024-03-07 17:30:00+00:00,0.6886,0.6908,0.6893,0.6907,3525.36,0.68985,2431.969596,3525.36,2431.969596,
2024-03-07 17:35:00+00:00,0.6899,0.6921,0.6913,0.6921,8658.07,0.69135,5985.7566945,8658.07,5985.7566945,
2024-03-07 17:40:00+00:00,0.6918,0.6934,0.6918,0.6934,4263.73,0.6926,2953.059398,4263.73,2953.059398,
2024-03-07 17:45:00+00:00,0.6927,0.6952,0.6934,0.6934,31198.46,0.693675,21641.5917405,31198.46,21641.5917405,
2024-03-07 17:50:00+00:00,0.6929,0.6936,0.6934,0.6936,5658.55,0.693375,3923.49710625,5658.55,3923.49710625,
2024-03-07 17:55:00+00:00,0.6906,0.6927,0.6927,0.692,4015.36,0.692,2778.62912,4015.36,2778.62912,
2024-03-07 18:00:00+00:00,0.6899,0.6925,0.6921,0.6899,5621.87,0.6911,3885.274357,5621.87,3885.274357,
2024-03-07 18:05:00+00:00,0.6891,0.6915,0.6902,0.6912,4891.57,0.6905,3377.629085,4891.57,3377.629085,
2024-03-07 18:10:00+00:00,0.6906,0.692,0.6918,0.6913,2441.79,0.691425,1688.31465075,2441.79,1688.31465075,
2024-03-07 18:15:00+00:00,0.6913,0.6929,0.6918,0.6929,7115.53,0.692225,4925.54775425,7115.53,4925.54775425,
2024-03-07 18:20:00+00:00,0.6916,0.6932,0.6927,0.6922,7225.2,0.692425,5002.90911,7225.2,5002.90911,
2024-03-07 18:25:00+00:00,0.6912,0.6927,0.6923,0.6925,413.18,0.692175,285.9928665,413.18,285.9928665,
2024-03-07 18:30:00+00:00,0.6911,0.6934,0.6934,0.6911,3541.67,0.69225,2451.7210575,3541.67,2451.7210575,
2024-03-07 18:35:00+00:00,0.6913,0.692,0.6913,0.6918,1582.67,0.6916,1094.574572,1582.67,1094.574572,
2024-03-07 18:40:00+00:00,0.6909,0.6943,0.6923,0.6938,22518.89,0.692825,15601.64996425,22518.89,15601.64996425,
2024-03-07 18:45:00+00:00,0.6941,0.6962,0.6941,0.6959,4334.55,0.695075,3012.83734125,4334.55,3012.83734125,
2024-03-07 18:50:00+00:00,0.6952,0.6983,0.6962,0.6975,15993.28,0.6968,11144.117504,15993.28,11144.117504,
2024-03-07 18:55:00+00:00,0.698,0.6997,0.698,0.6997,11261.11,0.69885,7869.8267235,11261.11,7869.8267235,
2024-03-07 19:00:00+00:00,0.6989,0.7008,0.6997,0.6989,4062.08,0.699575,2841.729616,4062.08,2841.729616,
2024-03-07 19:05:00+00:00,0.6985,0.7003,0.6997,0.6997,4621.87,0.69955,3233.2291585,4621.87,3233.2291585,
2024-03-07 19:10:00+00:00,0.6988,0.7008,0.6991,0.7002,5270.28,0.699725,3687.746673,5270.28,3687.746673,
2024-03-07 19:15:00+00:00,0.6966,0.6997,0.6997,0.6976,1159.67,0.6984,809.913528,1159.67,809.913528,
2024-03-07 19:20:00+00:00,0.6966,0.699,0.6976,0.6983,14489.08,0.697875,10111.566705,14489.08,10111.566705,
2024-03-07 19:25:00+00:00,0.6981,0.7009,0.6989,0.7002,11177.83,0.699525,7819.17153075,11177.83,7819.17153075,
2024-03-07 19:30:00+00:00,0.6997,0.7027,0.7011,0.7024,16121.53,0.701475,11308.85025675,16121.53,11308.85025675,
2024-03-07 19:35:00+00:00,0.7014,0.7055,0.7026,0.7014,83407.25,0.702725,58612.35975625,83407.25,58612.35975625,
2024-03-07 19:40:00+00:00,0.7012,0.7025,0.7014,0.7019,4099.78,0.70175,2877.020615,4099.78,2877.020615,
2024-03-07 19:45:00+00:00,0.6983,0.7025,0.702,0.6983,43287.7,0.700275,30313.2941175,43287.7,30313.2941175,
2024-03-07 19:50:00+00:00,0.6996,0.7018,0.6997,0.7018,6926.06,0.700725,4853.2633935,6926.06,4853.2633935,
2024-03-07 19:55:00+00:00,0.7005,0.7018,0.7012,0.7014,19153.7,0.701225,13431.0532825,19153.7,13431.0532825,
2024-03-07 20:00:00+00:00,0.7013,0.7036,0.7013,0.7022,7438.77,0.7021,5222.760417,7438.77,5222.760417,
2024-03-07 20:05:00+00:00,0.7,0.7021,0.702,0.7018,8594.71,0.701475,6028.97419725,8594.71,6028.97419725,
2024-03-07 20:10:00+00:00,0.7002,0.702,0.702,0.701,27166.66,0.7013,19051.978658,27166.66,19051.978658,
2024-03-07 20:15:00+00:00,0.7003,0.7014,0.7013,0.7005,7275.32,0.700875,5099.089905,7275.32,5099.089905,
2024-03-07 20:20:00+00:00,0.699,0.7016,0.7011,0.699,9033.79,0.700175,6325.23391325,9033.79,6325.23391325,
2024-03-07 20:25:00+00:00,0.6997,0.7014,0.6997,0.7007,11200.6,0.700375,7844.620225,11200.6,7844.620225,
2024-03-07 20:30:00+00:00,0.7006,0.7033,0.7007,0.7016,9661.73,0.70155,6778.1866815,9661.73,6778.1866815,
2024-03-07 20:35:00+00:00,0.699,0.7016,0.7016,0.7008,9447.16,0.70075,6620.09737,9447.16,6620.09737,
2024-03-07 20:40:00+00:00,0.7004,0.7019,0.7011,0.7004,9918.02,0.70095,6952.036119,9918.02,6952.036119,
2024-03-07 20:45:00+00:00,0.6988,0.7014,0.701,0.7002,13550.83,0.70035,9490.3237905,13550.83,9490.3237905,
2024-03-07 20:50:00+00:00,0.6983,0.7018,0.6997,0.7018,12130.66,0.7004,8496.314264,12130.66,8496.314264,
2024-03-07 20:55:00+00:00,0.7006,0.7023,0.7023,0.7006,28982.61,0.70145,20329.8517845,28982.61,20329.8517845,
2024-03-07 21:00:00+00:00,0.6983,0.7027,0.7009,0.6983,35036.47,0.70005,24527.2808235,35036.47,24527.2808235,
2024-03-07 21:05:00+00:00,0.6963,0.699,0.6984,0.6988,22412.84,0.698125,15646.963925,22412.84,15646.963925,
2024-03-07 21:10:00+00:00,0.6959,0.6988,0.6988,0.6972,5236.96,0.697675,3653.696068,5236.96,3653.696068,
2024-03-07 21:15:00+00:00,0.6972,0.699,0.6972,0.699,2700.06,0.6981,1884.911886,2700.06,1884.911886,
2024-03-07 21:20:00+00:00,0.6979,0.6997,0.6984,0.6991,17283.26,0.698775,12077.1100065,17283.26,12077.1100065,
2024-03-07 21:25:00+00:00,0.6975,0.7024,0.699,0.7015,13686.66,0.7001,9582.030666,13686.66,9582.030666,
2024-03-07 21:30:00+00:00,0.6953,0.7024,0.7024,0.6974,81612.17,0.699375,57077.51139375,81612.17,57077.51139375,
2024-03-07 21:35:00+00:00,0.6969,0.7011,0.6974,0.7009,21724.03,0.699075,15186.72627225,21724.03,15186.72627225,
2024-03-07 21:40:00+00:00,0.7016,0.7032,0.7016,0.7028,5906.0,0.7023,4147.7838,5906.0,4147.7838,
2024-03-07 21:45:00+00:00,0.7004,0.7028,0.7024,0.7013,8501.48,0.701725,5965.701053,8501.48,5965.701053,
2024-03-07 21:50:00+00:00,0.7011,0.7037,0.7025,0.7037,23003.05,0.70275,16165.3933875,23003.05,16165.3933875,
2024-03-07 21:55:00+00:00,0.7044,0.7067,0.7044,0.7051,13241.16,0.70515,9337.003974,13241.16,9337.003974,
2024-03-07 22:00:00+00:00,0.7048,0.7079,0.7048,0.7054,32654.55,0.705725,23045.13229875,32654.55,23045.13229875,
2024-03-07 22:05:00+00:00,0.7033,0.7051,0.7051,0.7049,9287.81,0.7046,6544.190926,9287.81,6544.190926,
2024-03-07 22:10:00+00:00,0.7044,0.7069,0.7044,0.7058,15352.22,0.705375,10829.0721825,15352.22,10829.0721825,
2024-03-07 22:15:00+00:00,0.7051,0.7065,0.7056,0.7053,10462.84,0.705625,7382.841475,10462.84,7382.841475,
2024-03-07 22:20:00+00:00,0.7048,0.7058,0.7054,0.7048,2114.97,0.7052,1491.476844,2114.97,1491.476844,
2024-03-07 22:25:00+00:00,0.7037,0.7055,0.7045,0.7055,7172.81,0.7048,5055.396488,7172.81,5055.396488,
2024-03-07 22:30:00+00:00,0.7033,0.7052,0.7051,0.7044,5734.45,0.7045,4039.920025,5734.45,4039.920025,
2024-03-07 22:35:00+00:00,0.7031,0.7048,0.7042,0.7037,1480.99,0.70395,1042.5429105,1480.99,1042.5429105,
2024-03-07 22:40:00+00:00,0.6992,0.7031,0.7031,0.6992,21632.72,0.70115,15167.781628,21632.72,15167.781628,
2024-03-07 22:45:00+00:00,0.6999,0.7025,0.6999,0.7025,969.0,0.7012,679.4628,969.0,679.4628,
2024-03-07 22:50:00+00:00,0.7004,0.7026,0.7026,0.7015,598.79,0.701775,420.21585225,598.79,420.21585225,
2024-03-07 22:55:00+00:00,0.7007,0.7025,0.7018,0.7011,1417.73,0.701525,994.57303825,1417.73,994.57303825,
2024-03-07 23:00:00+00:00,0.7014,0.7023,0.7014,0.7023,4524.94,0.70185,3175.829139,4524.94,3175.829139,
2024-03-07 23:05:00+00:00,0.7025,0.7073,0.7025,0.7051,14390.0,0.70435,10135.5965,14390.0,10135.5965,
2024-03-07 23:10:00+00:00,0.7049,0.7064,0.7056,0.7054,4065.44,0.705575,2868.472828,4065.44,2868.472828,
2024-03-07 23:15:00+00:00,0.7011,0.7059,0.7059,0.7011,6197.09,0.7035,4359.652815,6197.09,4359.652815,
2024-03-07 23:20:00+00:00,0.7004,0.7025,0.7016,0.7004,9358.53,0.701225,6562.43519925,9358.53,6562.43519925,
2024-03-07 23:25:00+00:00,0.6991,0.7012,0.7004,0.7011,6458.81,0.70045,4524.0734645,6458.81,4524.0734645,
2024-03-07 23:30:00+00:00,0.7014,0.7037,0.7015,0.7025,29072.13,0.702275,20416.63009575,29072.13,20416.63009575,
2024-03-07 23:35:00+00:00,0.7014,0.7033,0.702,0.7022,13969.91,0.702225,9810.02004975,13969.91,9810.02004975,
2024-03-07 23:40:00+00:00,0.7017,0.7031,0.7019,0.7017,4031.36,0.7021,2830.417856,4031.36,2830.417856,
2024-03-07 23:45:00+00:00,0.699,0.7012,0.7011,0.7007,4307.34,0.7005,3017.29167,4307.34,3017.29167,
2024-03-07 23:50:00+00:00,0.6983,0.6998,0.6998,0.6983,5606.65,0.69905,3919.3286825,5606.65,3919.3286825,
2024-03-07 23:55:00+00:00,0.6972,0.6985,0.6976,0.6972,4892.39,0.697625,3413.05357375,4892.39,3413.05357375,
2024-03-08 00:00:00+00:00,0.697,0.7051,0.697,0.7051,12980.95,0.70105,9100.2949975,12980.95,9100.2949975,
2024-03-08 00:05:00+00:00,0.7016,0.7054,0.7054,0.7018,3068.26,0.70355,2158.674323,3068.26,2158.674323,
2024-03-08 00:10:00+00:00,0.7009,0.7026,0.7019,0.7018,1890.06,0.7018,1326.444108,1890.06,1326.444108,
2024-03-08 00:15:00+00:00,0.6963,0.7031,0.7025,0.6976,6201.82,0.699875,4340.4987725,6201.82,4340.4987725,
2024-03-08 00:20:00+00:00,0.6982,0.7014,0.6983,0.7014,4412.34,0.699825,3087.8658405,4412.34,3087.8658405,
2024-03-08 00:25:00+00:00,0.7011,0.7032,0.7011,0.7028,14274.3,0.70205,10021.272315,14274.3,10021.272315,
2024-03-08 00:30:00+00:00,0.7025,0.7045,0.7029,0.7025,8558.8,0.7031,6017.69228,8558.8,6017.69228,
2024-03-08 00:35:00+00:00,0.6975,0.7019,0.7019,0.6977,12294.32,0.69975,8602.95042,12294.32,8602.95042,
2024-03-08 00:40:00+00:00,0.6964,0.6983,0.6976,0.6967,24283.08,0.69725,16931.37753,24283.08,16931.37753,
2024-03-08 00:45:00+00:00,0.6949,0.6974,0.6974,0.6968,8882.87,0.696625,6188.02931375,8882.87,6188.02931375,
2024-03-08 00:50:00+00:00,0.6971,0.7025,0.6976,0.7018,13381.69,0.69975,9363.8375775,13381.69,9363.8375775,
2024-03-08 00:55:00+00:00,0.7016,0.7036,0.7018,0.7036,32456.67,0.70265,22805.6791755,32456.67,22805.6791755,
2024-03-08 01:00:00+00:00,0.7035,0.7072,0.7035,0.7065,9183.19,0.705175,6475.75600825,9183.19,6475.75600825,
2024-03-08 01:05:00+00:00,0.7059,0.7093,0.7063,0.7086,4807.98,0.707525,3401.7660495,4807.98,3401.7660495,
2024-03-08 01:10:00+00:00,0.7044,0.7079,0.7079,0.7055,4346.37,0.706425,3070.38442725,4346.37,3070.38442725,
2024-03-08 01:15:00+00:00,0.7016,0.7044,0.7044,0.703,7223.43,0.70335,5080.5994905,7223.43,5080.5994905,
2024-03-08 01:20:00+00:00,0.7009,0.7032,0.7031,0.7015,4339.93,0.702175,3047.39034775,4339.93,3047.39034775,
2024-03-08 01:25:00+00:00,0.6995,0.7021,0.7015,0.6997,9993.91,0.7007,7002.732737,9993.91,7002.732737,
2024-03-08 01:30:00+00:00,0.6974,0.7004,0.6997,0.6978,8392.26,0.698825,5864.7210945,8392.26,5864.7210945,
2024-03-08 01:35:00+00:00,0.6946,0.6976,0.6976,0.6948,11261.9,0.69615,7839.971685,11261.9,7839.971685,
2024-03-08 01:40:00+00:00,0.6947,0.6988,0.6947,0.6988,6997.96,0.69675,4875.82863,6997.96,4875.82863,
2024-03-08 01:45:00+00:00,0.6979,0.6991,0.699,0.6981,301.07,0.698525,210.30492175,301.07,210.30492175,
2024-03-08 01:50:00+00:00,0.6969,0.6985,0.6976,0.6982,5515.0,0.6978,3848.367,5515.0,3848.367,
2024-03-08 01:55:00+00:00,0.6947,0.6979,0.6979,0.6951,6349.79,0.6964,4421.993756,6349.79,4421.993756,
2024-03-08 02:00:00+00:00,0.6932,0.695,0.6946,0.6932,2755.43,0.694,1912.26842,2755.43,1912.26842,
2024-03-08 02:05:00+00:00,0.6925,0.6948,0.6931,0.6941,7752.56,0.693625,5377.36943,7752.56,5377.36943,
2024-03-08 02:10:00+00:00,0.6905,0.6936,0.6936,0.6913,16530.36,0.69225,11443.14171,16530.36,11443.14171,
2024-03-08 02:15:00+00:00,0.6913,0.6929,0.6914,0.6918,27437.8,0.69185,18982.84193,27437.8,18982.84193,
2024-03-08 02:20:00+00:00,0.6903,0.6924,0.6924,0.6909,10409.64,0.6915,7198.26606,10409.64,7198.26606,
2024-03-08 02:25:00+00:00,0.6884,0.6914,0.6907,0.6886,66623.62,0.689775,45955.3074855,66623.62,45955.3074855,
2024-03-08 02:30:00+00:00,0.6874,0.69,0.689,0.6886,43003.6,0.68875,29618.7295,43003.6,29618.7295,
2024-03-08 02:35:00+00:00,0.6874,0.6903,0.688,0.6889,7895.42,0.68865,5437.180983,7895.42,5437.180983,
2024-03-08 02:40:00+00:00,0.6874,0.6888,0.6888,0.6884,6825.49,0.68835,4698.3260415,6825.49,4698.3260415,
2024-03-08 02:45:00+00:00,0.6867,0.6885,0.688,0.6872,21608.71,0.6876,14858.148996,21608.71,14858.148996,
2024-03-08 02:50:00+00:00,0.6852,0.6876,0.6873,0.6852,8534.58,0.686325,5857.4956185,8534.58,5857.4956185,
2024-03-08 02:55:00+00:00,0.6849,0.6868,0.6854,0.6867,1041.2,0.68595,714.21114,1041.2,714.21114,
2024-03-08 03:00:00+00:00,0.6852,0.6881,0.6868,0.6852,8457.37,0.686325,5804.50446525,8457.37,5804.50446525,
2024-03-08 03:05:00+00:00,0.6867,0.688,0.6867,0.6867,7396.76,0.687025,5081.759039,7396.76,5081.759039,
2024-03-08 03:10:00+00:00,0.6859,0.6887,0.6867,0.6887,5228.98,0.6875,3594.92375,5228.98,3594.92375,
2024-03-08 03:15:00+00:00,0.6843,0.6881,0.6881,0.6867,6810.86,0.6868,4677.698648,6810.86,4677.698648,
2024-03-08 03:20:00+00:00,0.6861,0.688,0.6867,0.688,1746.02,0.6872,1199.864944,1746.02,1199.864944,
2024-03-08 03:25:00+00:00,0.6875,0.6894,0.6886,0.6894,6041.74,0.688725,4161.0973815,6041.74,4161.0973815,
2024-03-08 03:30:00+00:00,0.6872,0.6896,0.6895,0.6888,5377.01,0.688775,3703.55006275,5377.01,3703.55006275,
2024-03-08 03:35:00+00:00,0.688,0.6891,0.6885,0.6887,3749.11,0.688575,2581.54341825,3749.11,2581.54341825,
2024-03-08 03:40:00+00:00,0.6887,0.6893,0.6893,0.6888,1207.53,0.689025,832.01835825,1207.53,832.01835825,
2024-03-08 03:45:00+00:00,0.6877,0.6897,0.6887,0.6897,28984.06,0.68895,19968.568137,28984.06,19968.568137,
2024-03-08 03:50:00+00:00,0.688,0.6893,0.6891,0.6893,2642.15,0.688925,1820.24318875,2642.15,1820.24318875,
2024-03-08 03:55:00+00:00,0.6883,0.6897,0.6897,0.6893,10918.62,0.68925,7525.658835,10918.62,7525.658835,
2024-03-08 04:00:00+00:00,0.688,0.6893,0.6888,0.6889,1879.84,0.68875,1294.7398,1879.84,1294.7398,
2024-03-08 04:05:00+00:00,0.6899,0.6923,0.6899,0.6907,1554.47,0.6907,1073.672429,1554.47,1073.672429,
2024-03-08 04:10:00+00:00,0.6906,0.6912,0.6908,0.6912,3431.89,0.69095,2371.2643955,3431.89,2371.2643955,
2024-03-08 04:15:00+00:00,0.6906,0.6916,0.6913,0.6911,7146.27,0.69115,4939.1445105,7146.27,4939.1445105,
2024-03-08 04:20:00+00:00,0.6906,0.6976,0.6906,0.6969,17017.8,0.693925,11809.076865,17017.8,11809.076865,
2024-03-08 04:25:00+00:00,0.6941,0.6972,0.697,0.6949,716.75,0.6958,498.71465,716.75,498.71465,
2024-03-08 04:30:00+00:00,0.6894,0.6941,0.6941,0.6894,37691.79,0.69175,26073.2957325,37691.79,26073.2957325,
2024-03-08 04:35:00+00:00,0.6882,0.6898,0.6894,0.6882,3420.83,0.6889,2356.609787,3420.83,2356.609787,
2024-03-08 04:40:00+00:00,0.688,0.6906,0.688,0.6893,1473.58,0.688975,1015.2597805,1473.58,1015.2597805,
2024-03-08 04:45:00+00:00,0.6878,0.6928,0.6887,0.6917,32961.89,0.69025,22751.9445725,32961.89,22751.9445725,
2024-03-08 04:50:00+00:00,0.69,0.6923,0.6916,0.69,714.23,0.690975,493.51507425,714.23,493.51507425,
2024-03-08 04:55:00+00:00,0.69,0.6914,0.6913,0.6903,1186.45,0.69075,819.5403375,1186.45,819.5403375,
2024-03-08 05:00:00+00:00,0.6893,0.6916,0.6903,0.6896,15076.59,0.6902,10405.862418,15076.59,10405.862418,
2024-03-08 05:05:00+00:00,0.6864,0.6906,0.6906,0.6878,37129.37,0.68885,25576.5665245,37129.37,25576.5665245,
2024-03-08 05:10:00+00:00,0.6866,0.688,0.688,0.6876,16442.19,0.68755,11304.8277345,16442.19,11304.8277345,
2024-03-08 05:15:00+00:00,0.6861,0.688,0.688,0.6867,5503.34,0.6872,3781.895248,5503.34,3781.895248,
2024-03-08 05:20:00+00:00,0.6842,0.6867,0.6861,0.6859,4652.12,0.685725,3190.074987,4652.12,3190.074987,
2024-03-08 05:25:00+00:00,0.6837,0.6869,0.6856,0.684,44989.86,0.68505,30820.303593,44989.86,30820.303593,
2024-03-08 05:30:00+00:00,0.6818,0.6854,0.6846,0.6834,9775.68,0.6838,6684.609984,9775.68,6684.609984,
2024-03-08 05:35:00+00:00,0.6834,0.6847,0.684,0.6839,3438.33,0.684,2351.81772,3438.33,2351.81772,
2024-03-08 05:40:00+00:00,0.6838,0.6847,0.684,0.6839,4222.58,0.6841,2888.666978,4222.58,2888.666978,
2024-03-08 05:45:00+00:00,0.6839,0.6863,0.6839,0.6854,37923.22,0.684875,25972.6652975,37923.22,25972.6652975,
2024-03-08 05:50:00+00:00,0.6846,0.6874,0.6853,0.6872,23504.09,0.686125,16126.74375125,23504.09,16126.74375125,
2024-03-08 05:55:00+00:00,0.6868,0.6872,0.687,0.6868,46677.34,0.68695,32064.998713,46677.34,32064.998713,
2024-03-08 06:00:00+00:00,0.6847,0.6874,0.6872,0.6867,16981.5,0.6865,11657.79975,16981.5,11657.79975,
2024-03-08 06:05:00+00:00,0.6849,0.6865,0.6861,0.6855,4667.85,0.68575,3200.9781375,4667.85,3200.9781375,
2024-03-08 06:10:00+00:00,0.6854,0.6861,0.6856,0.6861,3139.24,0.6858,2152.890792,3139.24,2152.890792,
2024-03-08 06:15:00+00:00,0.6854,0.6876,0.6854,0.6876,9926.15,0.6865,6814.301975,9926.15,6814.301975,
2024-03-08 06:20:00+00:00,0.6855,0.688,0.688,0.6873,6576.3,0.6872,4519.23336,6576.3,4519.23336,
2024-03-08 06:25:00+00:00,0.6874,0.6885,0.688,0.6876,1935.3,0.687875,1331.2444875,1935.3,1331.2444875,
2024-03-08 06:30:00+00:00,0.6878,0.6894,0.688,0.6887,5291.76,0.688475,3643.244466,5291.76,3643.244466,
2024-03-08 06:35:00+00:00,0.6879,0.6893,0.689,0.6885,6032.94,0.688675,4154.7349545,6032.94,4154.7349545,
2024-03-08 06:40:00+00:00,0.6881,0.6899,0.6881,0.6899,568.37,0.689,391.60693,568.37,391.60693,
2024-03-08 06:45:00+00:00,0.6893,0.6912,0.6901,0.6912,2908.08,0.69045,2007.883836,2908.08,2007.883836,
2024-03-08 06:50:00+00:00,0.6906,0.692,0.6913,0.6919,2525.1,0.69145,1745.980395,2525.1,1745.980395,
2024-03-08 06:55:00+00:00,0.6912,0.6923,0.6912,0.6917,4340.47,0.6916,3001.869052,4340.47,3001.869052,
2024-03-08 07:00:00+00:00,0.6899,0.692,0.692,0.6904,981.68,0.691075,678.414506,981.68,678.414506,
2024-03-08 07:05:00+00:00,0.6909,0.692,0.6909,0.6913,2660.76,0.691275,1839.316869,2660.76,1839.316869,
2024-03-08 07:10:00+00:00,0.6913,0.6934,0.6913,0.6929,3495.26,0.692225,2419.5063535,3495.26,2419.5063535,
2024-03-08 07:15:00+00:00,0.692,0.6934,0.6929,0.6931,968.79,0.69285,671.2261515,968.79,671.2261515,
2024-03-08 07:20:00+00:00,0.6925,0.6929,0.6929,0.6926,14034.64,0.692725,9722.145994,14034.64,9722.145994,
2024-03-08 07:25:00+00:00,0.6913,0.6925,0.6925,0.6913,805.56,0.6919,557.366964,805.56,557.366964,
2024-03-08 07:30:00+00:00,0.6906,0.6907,0.6907,0.6906,39.33,0.69065,27.1632645,39.33,27.1632645,
2024-03-08 07:35:00+00:00,0.6905,0.6921,0.6906,0.6921,1861.6,0.691325,1286.97062,1861.6,1286.97062,
2024-03-08 07:40:00+00:00,0.6913,0.6932,0.6915,0.6914,2775.58,0.69185,1920.285023,2775.58,1920.285023,
2024-03-08 07:45:00+00:00,0.6898,0.692,0.6913,0.6904,2494.64,0.690875,1723.48441,2494.64,1723.48441,
2024-03-08 07:50:00+00:00,0.688,0.6909,0.6906,0.688,1072.64,0.689375,739.4512,1072.64,739.4512,
2024-03-08 07:55:00+00:00,0.6879,0.6892,0.6887,0.6883,9891.9,0.688525,6810.8204475,9891.9,6810.8204475,
2024-03-08 08:00:00+00:00,0.6881,0.6907,0.6886,0.6893,7056.39,0.689175,4863.08757825,7056.39,4863.08757825,
2024-03-08 08:05:00+00:00,0.6884,0.6899,0.6891,0.6884,828.22,0.68895,570.602169,828.22,570.602169,
2024-03-08 08:10:00+00:00,0.688,0.6896,0.6888,0.6887,2427.46,0.688775,1671.9737615,2427.46,1671.9737615,
2024-03-08 08:15:00+00:00,0.6891,0.6902,0.6893,0.6899,584.66,0.689625,403.1961525,584.66,403.1961525,
2024-03-08 08:20:00+00:00,0.6872,0.6894,0.6893,0.6894,1251.36,0.688825,861.968052,1251.36,861.968052,
2024-03-08 08:25:00+00:00,0.6863,0.6895,0.6895,0.6863,461.06,0.6879,317.163174,461.06,317.163174,
2024-03-08 08:30:00+00:00,0.6874,0.6899,0.6874,0.6899,2747.05,0.68865,1891.7559825,2747.05,1891.7559825,
2024-03-08 08:35:00+00:00,0.6906,0.6927,0.6906,0.6923,10938.45,0.69155,7564.4850975,10938.45,7564.4850975,
2024-03-08 08:40:00+00:00,0.692,0.6929,0.6925,0.6927,2326.69,0.692525,1611.29099225,2326.69,1611.29099225,
2024-03-08 08:45:00+00:00,0.6918,0.6927,0.692,0.6918,59.8,0.692075,41.386085,59.8,41.386085,
2024-03-08 08:50:00+00:00,0.6918,0.6929,0.6918,0.6924,2093.31,0.692225,1449.04151475,2093.31,1449.04151475,
2024-03-08 08:55:00+00:00,0.6908,0.692,0.692,0.6908,175.78,0.6914,121.534292,175.78,121.534292,
2024-03-08 09:00:00+00:00,0.6899,0.6927,0.692,0.6906,5315.29,0.6913,3674.459977,5315.29,3674.459977,
2024-03-08 09:05:00+00:00,0.6904,0.692,0.6913,0.6916,1385.11,0.691325,957.56117075,1385.11,957.56117075,
2024-03-08 09:10:00+00:00,0.6906,0.6927,0.6906,0.6927,1063.25,0.69165,735.3968625,1063.25,735.3968625,
2024-03-08 09:15:00+00:00,0.6917,0.6931,0.6929,0.6925,1751.46,0.69255,1212.973623,1751.46,1212.973623,
2024-03-08 09:20:00+00:00,0.6906,0.6925,0.6925,0.6906,2133.14,0.69155,1475.172967,2133.14,1475.172967,
2024-03-08 09:25:00+00:00,0.6904,0.6913,0.6906,0.6909,3028.66,0.6908,2092.198328,3028.66,2092.198328,
2024-03-08 09:30:00+00:00,0.69,0.6914,0.6913,0.6901,6543.23,0.6907,4519.408961,6543.23,4519.408961,
2024-03-08 09:35:00+00:00,0.6901,0.6916,0.6901,0.6909,6034.54,0.690675,4167.9059145,6034.54,4167.9059145,
2024-03-08 09:40:00+00:00,0.6898,0.6913,0.6907,0.6906,6813.94,0.6906,4705.706964,6813.94,4705.706964,
2024-03-08 09:45:00+00:00,0.6901,0.6914,0.6902,0.6913,7248.01,0.69075,5006.5629075,7248.01,5006.5629075,
2024-03-08 09:50:00+00:00,0.6912,0.6916,0.6913,0.6913,3549.67,0.69135,2454.0643545,3549.67,2454.0643545,
2024-03-08 09:55:00+00:00,0.6899,0.6906,0.6906,0.6899,72.45,0.69025,50.0086125,72.45,50.0086125,
2024-03-08 10:00:00+00:00,0.6899,0.6913,0.6905,0.6913,4665.86,0.69075,3222.942795,4665.86,3222.942795,
2024-03-08 10:05:00+00:00,0.6906,0.6907,0.6907,0.6906,75.03,0.69065,51.8194695,75.03,51.8194695,
2024-03-08 10:10:00+00:00,0.6898,0.6907,0.6907,0.6898,557.46,0.69025,384.786765,557.46,384.786765,
2024-03-08 10:15:00+00:00,0.6893,0.6907,0.6906,0.6907,6065.04,0.690325,4186.848738,6065.04,4186.848738,
2024-03-08 10:20:00+00:00,0.6899,0.6906,0.6904,0.69,2841.14,0.690225,1961.0258565,2841.14,1961.0258565,
2024-03-08 10:25:00+00:00,0.6895,0.6903,0.6903,0.6896,10426.76,0.689925,7193.682393,10426.76,7193.682393,
2024-03-08 10:30:00+00:00,0.6905,0.6913,0.6906,0.6913,3481.51,0.690925,2405.46229675,3481.51,2405.46229675,
2024-03-08 10:35:00+00:00,0.691,0.6912,0.691,0.691,870.77,0.69105,601.7456085,870.77,601.7456085,
2024-03-08 10:40:00+00:00,0.69,0.6916,0.6915,0.6903,307.86,0.69085,212.685081,307.86,212.685081,
2024-03-08 10:45:00+00:00,0.6878,0.6906,0.6899,0.6886,1526.34,0.689225,1051.9916865,1526.34,1051.9916865,
2024-03-08 10:50:00+00:00,0.6882,0.6894,0.6887,0.6894,2247.8,0.688925,1548.565615,2247.8,1548.565615,
2024-03-08 10:55:00+00:00,0.6887,0.6899,0.6899,0.6894,368.62,0.689475,254.1542745,368.62,254.1542745,
2024-03-08 11:00:00+00:00,0.687,0.69,0.6899,0.6882,44001.28,0.688775,30306.981632,44001.28,30306.981632,
2024-03-08 11:05:00+00:00,0.6872,0.6883,0.688,0.6875,25261.39,0.68775,17373.5209725,25261.39,17373.5209725,
2024-03-08 11:10:00+00:00,0.6872,0.6884,0.688,0.6875,6807.17,0.687775,4681.80134675,6807.17,4681.80134675,
2024-03-08 11:15:00+00:00,0.6865,0.6875,0.687,0.6875,8820.03,0.687125,6060.46311375,8820.03,6060.46311375,
2024-03-08 11:20:00+00:00,0.6855,0.6873,0.6871,0.6861,8447.66,0.6865,5799.31859,8447.66,5799.31859,
2024-03-08 11:25:00+00:00,0.6854,0.6871,0.6855,0.6861,4549.85,0.686025,3121.31084625,4549.85,3121.31084625,
2024-03-08 11:30:00+00:00,0.6851,0.6868,0.6867,0.6853,1702.74,0.685975,1168.0370715,1702.74,1168.0370715,
2024-03-08 11:35:00+00:00,0.6861,0.687,0.6861,0.687,534.53,0.68655,366.9815715,534.53,366.9815715,
2024-03-08 11:40:00+00:00,0.6854,0.6894,0.6861,0.6894,5311.31,0.687575,3651.92397325,5311.31,3651.92397325,
2024-03-08 11:45:00+00:00,0.6885,0.6899,0.6892,0.6886,7135.79,0.68905,4916.9160995,7135.79,4916.9160995,
2024-03-08 11:50:00+00:00,0.6877,0.6893,0.6881,0.6893,1889.54,0.6886,1301.137244,1889.54,1301.137244,
2024-03-08 11:55:00+00:00,0.6889,0.6899,0.6894,0.6899,2851.24,0.689525,1966.001261,2851.24,1966.001261,
2024-03-08 12:00:00+00:00,0.6885,0.6899,0.6894,0.6885,370.18,0.689075,255.0817835,370.18,255.0817835,
2024-03-08 12:05:00+00:00,0.6873,0.6887,0.6883,0.688,5375.64,0.688075,3698.843493,5375.64,3698.843493,
2024-03-08 12:10:00+00:00,0.6874,0.6887,0.6887,0.6877,592.72,0.688125,407.86545,592.72,407.86545,
2024-03-08 12:15:00+00:00,0.6861,0.688,0.6871,0.688,2644.01,0.6873,1817.228073,2644.01,1817.228073,
2024-03-08 12:20:00+00:00,0.6875,0.6877,0.6876,0.6877,944.91,0.687625,649.74373875,944.91,649.74373875,
2024-03-08 12:25:00+00:00,0.6878,0.6882,0.6878,0.6882,786.19,0.688,540.89872,786.19,540.89872,
2024-03-08 12:30:00+00:00,0.687,0.6881,0.6876,0.6872,1292.88,0.687475,888.822678,1292.88,888.822678,
2024-03-08 12:35:00+00:00,0.6862,0.6869,0.6869,0.6868,1302.22,0.6867,894.234474,1302.22,894.234474,
2024-03-08 12:40:00+00:00,0.6874,0.6881,0.6874,0.6881,542.71,0.68775,373.2488025,542.71,373.2488025,
2024-03-08 12:45:00+00:00,0.688,0.6884,0.688,0.6882,356.46,0.68815,245.297949,356.46,245.297949,
2024-03-08 12:50:00+00:00,0.6885,0.6899,0.6885,0.6895,1058.96,0.6891,729.729336,1058.96,729.729336,
2024-03-08 12:55:00+00:00,0.6899,0.6906,0.6906,0.6906,5125.63,0.690425,3538.86309275,5125.63,3538.86309275,
2024-03-08 13:00:00+00:00,0.6897,0.6913,0.6902,0.6906,266.65,0.69045,184.1084925,266.65,184.1084925,
2024-03-08 13:05:00+00:00,0.6904,0.6917,0.6904,0.6917,1154.27,0.69105,797.6582835,1154.27,797.6582835,
2024-03-08 13:10:00+00:00,0.6904,0.6919,0.6919,0.6904,659.56,0.69115,455.854894,659.56,455.854894,
2024-03-08 13:15:00+00:00,0.6873,0.6899,0.6899,0.6873,2167.1,0.6886,1492.26506,2167.1,1492.26506,
2024-03-08 13:20:00+00:00,0.6862,0.6874,0.6867,0.6863,871.53,0.68665,598.4360745,871.53,598.4360745,
2024-03-08 13:25:00+00:00,0.686,0.6874,0.6864,0.6874,3034.82,0.6868,2084.314376,3034.82,2084.314376,
2024-03-08 13:30:00+00:00,0.6872,0.6906,0.6874,0.6889,11929.59,0.688525,8213.82095475,11929.59,8213.82095475,
2024-03-08 13:35:00+00:00,0.6887,0.69,0.6899,0.6893,2509.04,0.689475,1729.920354,2509.04,1729.920354,
2024-03-08 13:40:00+00:00,0.6884,0.6891,0.689,0.6888,4184.35,0.688825,2882.28488875,4184.35,2882.28488875,
2024-03-08 13:45:00+00:00,0.6874,0.6893,0.6885,0.6876,3084.81,0.6882,2122.966242,3084.81,2122.966242,
2024-03-08 13:50:00+00:00,0.6866,0.6883,0.688,0.6867,8289.36,0.6874,5698.106064,8289.36,5698.106064,
2024-03-08 13:55:00+00:00,0.6852,0.6868,0.6861,0.6852,10808.11,0.685825,7412.47204075,10808.11,7412.47204075,
2024-03-08 14:00:00+00:00,0.6843,0.6863,0.6861,0.6847,8027.62,0.68535,5501.729367,8027.62,5501.729367,
2024-03-08 14:05:00+00:00,0.683,0.6854,0.684,0.6845,15521.36,0.684225,10620.102546,15521.36,10620.102546,
2024-03-08 14:10:00+00:00,0.6817,0.6856,0.6847,0.6826,14149.27,0.68365,9673.1484355,14149.27,9673.1484355,
2024-03-08 14:15:00+00:00,0.6797,0.684,0.6824,0.6823,26164.55,0.6821,17846.839555,26164.55,17846.839555,
2024-03-08 14:20:00+00:00,0.6817,0.6833,0.6827,0.6829,10804.86,0.68265,7375.937679,10804.86,7375.937679,
2024-03-08 14:25:00+00:00,0.6802,0.6831,0.6831,0.6815,4476.22,0.681975,3052.6701345,4476.22,3052.6701345,
2024-03-08 14:30:00+00:00,0.6818,0.6856,0.6819,0.6844,17570.87,0.683425,12008.37182975,17570.87,12008.37182975,
2024-03-08 14:35:00+00:00,0.6838,0.6864,0.6838,0.6861,5929.0,0.685025,4061.513225,5929.0,4061.513225,
2024-03-08 14:40:00+00:00,0.6826,0.6854,0.6854,0.6844,2100.56,0.68445,1437.728292,2100.56,1437.728292,
2024-03-08 14:45:00+00:00,0.6832,0.6856,0.684,0.6856,16547.7,0.6846,11328.55542,16547.7,11328.55542,
2024-03-08 14:50:00+00:00,0.6854,0.6876,0.6854,0.6861,9410.85,0.686125,6457.01945625,9410.85,6457.01945625,
2024-03-08 14:55:00+00:00,0.6826,0.6861,0.6859,0.6826,7493.84,0.6843,5128.034712,7493.84,5128.034712,
2024-03-08 15:00:00+00:00,0.678,0.6848,0.6833,0.678,10622.94,0.681025,7234.4877135,10622.94,7234.4877135,
2024-03-08 15:05:00+00:00,0.6763,0.6807,0.6777,0.6789,19848.34,0.6784,13465.113856,19848.34,13465.113856,
2024-03-08 15:10:00+00:00,0.6788,0.6808,0.6792,0.6801,73285.96,0.679725,49814.299161,73285.96,49814.299161,
2024-03-08 15:15:00+00:00,0.6791,0.6822,0.6795,0.6816,3370.43,0.6806,2293.914658,3370.43,2293.914658,
2024-03-08 15:20:00+00:00,0.6737,0.6816,0.6816,0.6737,14183.02,0.67765,9611.123503,14183.02,9611.123503,
2024-03-08 15:25:00+00:00,0.6741,0.6827,0.6746,0.6812,29420.3,0.67815,19951.376445,29420.3,19951.376445,
2024-03-08 15:30:00+00:00,0.65,0.6864,0.6819,0.6677,93323.39,0.6715,62666.656385,93323.39,62666.656385,
2024-03-08 15:35:00+00:00,0.658,0.6717,0.6685,0.6639,25557.0,0.665525,17008.822425,25557.0,17008.822425,
2024-03-08 15:40:00+00:00,0.6637,0.6709,0.6642,0.6706,47561.56,0.66735,31740.207066,47561.56,31740.207066,
2024-03-08 15:45:00+00:00,0.665,0.6757,0.6696,0.6738,27051.64,0.671025,18152.326731,27051.64,18152.326731,
2024-03-08 15:50:00+00:00,0.6707,0.6763,0.6746,0.6707,32590.23,0.673075,21935.66905725,32590.23,21935.66905725,
2024-03-08 15:55:00+00:00,0.6644,0.671,0.671,0.666,41799.94,0.6681,27926.539914,41799.94,27926.539914,
2024-03-08 16:00:00+00:00,0.6535,0.6703,0.6653,0.6542,74454.5,0.660825,49201.3949625,74454.5,49201.3949625,
2024-03-08 16:05:00+00:00,0.654,0.6624,0.654,0.6609,30149.55,0.657825,19833.12772875,30149.55,19833.12772875,
2024-03-08 16:10:00+00:00,0.6506,0.6618,0.6618,0.6506,33840.6,0.6562,22206.20172,33840.6,22206.20172,
2024-03-08 16:15:00+00:00,0.6494,0.6632,0.6521,0.6632,135613.29,0.656975,89094.54119775,135613.29,89094.54119775,
2024-03-08 16:20:00+00:00,0.6609,0.6655,0.6636,0.6637,15892.23,0.663425,10543.30268775,15892.23,10543.30268775,
2024-03-08 16:25:00+00:00,0.66,0.6651,0.6651,0.66,17691.69,0.66255,11721.6292095,17691.69,11721.6292095,
2024-03-08 16:30:00+00:00,0.6582,0.6641,0.6605,0.6589,20833.42,0.660425,13758.9114035,20833.42,13758.9114035,
2024-03-08 16:35:00+00:00,0.6582,0.6655,0.6584,0.6655,17768.2,0.6619,11760.77158,17768.2,11760.77158,
2024-03-08 16:40:00+00:00,0.665,0.6683,0.6655,0.6679,23894.27,0.666675,15929.71245225,23894.27,15929.71245225,
2024-03-08 16:45:00+00:00,0.6665,0.6716,0.6676,0.6691,36171.88,0.6687,24188.136156,36171.88,24188.136156,
2024-03-08 16:50:00+00:00,0.6665,0.6714,0.6688,0.6714,27555.95,0.669525,18449.39742375,27555.95,18449.39742375,
2024-03-08 16:55:00+00:00,0.6697,0.6721,0.6712,0.6714,5633.34,0.6711,3780.534474,5633.34,3780.534474,
2024-03-08 17:00:00+00:00,0.6707,0.6739,0.6711,0.6711,10794.02,0.6717,7250.343234,10794.02,7250.343234,
2024-03-08 17:05:00+00:00,0.6717,0.6739,0.672,0.672,15885.58,0.6724,10681.463992,15885.58,10681.463992,
2024-03-08 17:10:00+00:00,0.6715,0.6739,0.6715,0.6732,3312.49,0.672525,2227.73233725,3312.49,2227.73233725,
2024-03-08 17:15:00+00:00,0.671,0.6751,0.6739,0.6745,2392.67,0.673625,1611.76232875,2392.67,1611.76232875,
2024-03-08 17:20:00+00:00,0.6739,0.6764,0.6745,0.6743,2911.67,0.674775,1964.72212425,2911.67,1964.72212425,
2024-03-08 17:25:00+00:00,0.6746,0.677,0.6751,0.677,1761.35,0.675925,1190.54049875,1761.35,1190.54049875,
2024-03-08 17:30:00+00:00,0.6761,0.6784,0.6763,0.677,10197.53,0.67695,6903.2179335,10197.53,6903.2179335,
2024-03-08 17:35:00+00:00,0.6771,0.6796,0.6772,0.6792,30702.57,0.678275,20824.78566675,30702.57,20824.78566675,
2024-03-08 17:40:00+00:00,0.6787,0.6799,0.6793,0.6794,20119.22,0.679325,13667.4891265,20119.22,13667.4891265,
2024-03-08 17:45:00+00:00,0.6797,0.6817,0.6798,0.6813,12660.57,0.680625,8617.10045625,12660.57,8617.10045625,
2024-03-08 17:50:00+00:00,0.6779,0.6823,0.6819,0.6791,21140.72,0.6803,14382.031816,21140.72,14382.031816,
2024-03-08 17:55:00+00:00,0.6777,0.6798,0.6794,0.678,9715.99,0.678725,6594.48531275,9715.99,6594.48531275,
2024-03-08 18:00:00+00:00,0.6761,0.6788,0.6777,0.677,16091.87,0.6774,10900.632738,16091.87,10900.632738,
2024-03-08 18:05:00+00:00,0.6751,0.6787,0.6763,0.6785,9137.57,0.67715,6187.5055255,9137.57,6187.5055255,
2024-03-08 18:10:00+00:00,0.6777,0.6797,0.6777,0.6784,5239.57,0.678375,3554.39329875,5239.57,3554.39329875,
2024-03-08 18:15:00+00:00,0.676,0.6785,0.6785,0.6765,12351.24,0.677375,8366.421195,12351.24,8366.421195,
2024-03-08 18:20:00+00:00,0.6758,0.6777,0.6767,0.6761,11768.29,0.676575,7962.13080675,11768.29,7962.13080675,
2024-03-08 18:25:00+00:00,0.6754,0.6773,0.6757,0.6754,2231.75,0.67595,1508.5514125,2231.75,1508.5514125,
2024-03-08 18:30:00+00:00,0.6745,0.6763,0.6751,0.6753,24059.22,0.6753,16247.191266,24059.22,16247.191266,
2024-03-08 18:35:00+00:00,0.6729,0.6753,0.6753,0.6729,16890.21,0.6741,11385.690561,16890.21,11385.690561,
2024-03-08 18:40:00+00:00,0.6723,0.6733,0.6732,0.6726,3524.82,0.67285,2371.675137,3524.82,2371.675137,
2024-03-08 18:45:00+00:00,0.6726,0.6736,0.673,0.6736,7637.07,0.6732,5141.275524,7637.07,5141.275524,
2024-03-08 18:50:00+00:00,0.6731,0.6739,0.6732,0.6739,355.01,0.673525,239.10811025,355.01,239.10811025,
2024-03-08 18:55:00+00:00,0.6742,0.6751,0.6742,0.675,348.36,0.674625,235.012365,348.36,235.012365,
2024-03-08 19:00:00+00:00,0.6742,0.6758,0.6756,0.6748,2598.69,0.6751,1754.375619,2598.69,1754.375619,
2024-03-08 19:05:00+00:00,0.6744,0.6757,0.6751,0.675,1986.88,0.67505,1341.243344,1986.88,1341.243344,
2024-03-08 19:10:00+00:00,0.6735,0.6757,0.6752,0.6747,5373.29,0.674775,3625.76175975,5373.29,3625.76175975,
2024-03-08 19:15:00+00:00,0.6726,0.6749,0.6749,0.6726,4307.07,0.67375,2901.8884125,4307.07,2901.8884125,
2024-03-08 19:20:00+00:00,0.669,0.6728,0.6721,0.6701,6783.33,0.671,4551.61443,6783.33,4551.61443,
2024-03-08 19:25:00+00:00,0.6707,0.6726,0.6714,0.6707,36682.79,0.67135,24626.9910665,36682.79,24626.9910665,
2024-03-08 19:30:00+00:00,0.6699,0.6707,0.6707,0.6699,3622.85,0.6703,2428.396355,3622.85,2428.396355,
2024-03-08 19:35:00+00:00,0.6687,0.6701,0.6693,0.6699,3881.47,0.6695,2598.644165,3881.47,2598.644165,
2024-03-08 19:40:00+00:00,0.6699,0.6784,0.6699,0.6784,46909.43,0.67415,31623.9922345,46909.43,31623.9922345,
2024-03-08 19:45:00+00:00,0.6726,0.6783,0.6783,0.6726,15068.14,0.67545,10177.775163,15068.14,10177.775163,
2024-03-08 19:50:00+00:00,0.6718,0.6739,0.6729,0.6726,24567.15,0.6728,16528.77852,24567.15,16528.77852,
2024-03-08 19:55:00+00:00,0.6726,0.6739,0.6732,0.6738,4647.63,0.673375,3129.59785125,4647.63,3129.59785125,
2024-03-08 20:00:00+00:00,0.674,0.6783,0.6745,0.6782,12463.67,0.67625,8428.5568375,12463.67,8428.5568375,
2024-03-08 20:05:00+00:00,0.6749,0.6788,0.677,0.6781,10161.53,0.6772,6881.388116,10161.53,6881.388116,
2024-03-08 20:10:00+00:00,0.6768,0.6785,0.6785,0.6768,3098.88,0.67765,2099.956032,3098.88,2099.956032,
2024-03-08 20:15:00+00:00,0.6764,0.6789,0.6765,0.6789,4365.86,0.677675,2958.6341755,4365.86,2958.6341755,
2024-03-08 20:20:00+00:00,0.6763,0.6789,0.6789,0.6763,4542.96,0.6776,3078.309696,4542.96,3078.309696,
2024-03-08 20:25:00+00:00,0.6745,0.6759,0.6757,0.6754,6357.2,0.675375,4293.49395,6357.2,4293.49395,
2024-03-08 20:30:00+00:00,0.6755,0.677,0.6755,0.6768,9520.1,0.6762,6437.49162,9520.1,6437.49162,
2024-03-08 20:35:00+00:00,0.6751,0.6766,0.6764,0.6751,9253.83,0.6758,6253.738314,9253.83,6253.738314,
2024-03-08 20:40:00+00:00,0.6747,0.6759,0.6758,0.6754,6745.67,0.67545,4556.3628015,6745.67,4556.3628015,
2024-03-08 20:45:00+00:00,0.6756,0.6784,0.6756,0.6783,22445.17,0.676975,15194.81896075,22445.17,15194.81896075,
2024-03-08 20:50:00+00:00,0.677,0.6784,0.6784,0.6775,5461.77,0.677825,3702.12425025,5461.77,3702.12425025,
2024-03-08 20:55:00+00:00,0.6771,0.6784,0.6775,0.6784,7464.45,0.67785,5059.7774325,7464.45,5059.7774325,
2024-03-08 21:00:00+00:00,0.6776,0.6804,0.6781,0.6804,8573.93,0.679125,5822.77021125,8573.93,5822.77021125,
2024-03-08 21:05:00+00:00,0.6799,0.6812,0.6802,0.6811,10571.23,0.6806,7194.779138,10571.23,7194.779138,
2024-03-08 21:10:00+00:00,0.68,0.6814,0.6805,0.6805,6297.24,0.6806,4285.901544,6297.24,4285.901544,
2024-03-08 21:15:00+00:00,0.6805,0.6817,0.6808,0.6806,6901.84,0.6809,4699.462856,6901.84,4699.462856,
2024-03-08 21:20:00+00:00,0.6798,0.6823,0.681,0.6819,13369.63,0.68125,9108.0604375,13369.63,9108.0604375,
2024-03-08 21:25:00+00:00,0.6815,0.6828,0.6824,0.6819,7171.5,0.68215,4892.038725,7171.5,4892.038725,
2024-03-08 21:30:00+00:00,0.6805,0.6823,0.6822,0.6806,2321.56,0.6814,1581.910984,2321.56,1581.910984,
2024-03-08 21:35:00+00:00,0.6798,0.6813,0.6798,0.6806,2675.86,0.680375,1820.5882475,2675.86,1820.5882475,
2024-03-08 21:40:00+00:00,0.6794,0.6809,0.6806,0.6806,2961.24,0.680375,2014.753665,2961.24,2014.753665,
2024-03-08 21:45:00+00:00,0.6779,0.6814,0.6798,0.6808,55068.87,0.679975,37445.45487825,55068.87,37445.45487825,
2024-03-08 21:50:00+00:00,0.6786,0.6809,0.6809,0.6786,10279.72,0.67975,6987.63967,10279.72,6987.63967,
2024-03-08 21:55:00+00:00,0.6787,0.6809,0.6788,0.6803,62622.98,0.679675,42563.2739315,62622.98,42563.2739315,
2024-03-08 22:00:00+00:00,0.6786,0.6805,0.6805,0.6805,8362.1,0.680025,5686.4370525,8362.1,5686.4370525,
2024-03-08 22:05:00+00:00,0.6802,0.6818,0.6802,0.6802,38844.51,0.6806,26437.573506,38844.51,26437.573506,
2024-03-08 22:10:00+00:00,0.68,0.6823,0.68,0.6819,15111.4,0.68105,10291.61897,15111.4,10291.61897,
2024-03-08 22:15:00+00:00,0.6818,0.6843,0.6818,0.6843,5262.44,0.68305,3594.509642,5262.44,3594.509642,
2024-03-08 22:20:00+00:00,0.6833,0.6857,0.6839,0.6857,5402.33,0.68465,3698.7052345,5402.33,3698.7052345,
2024-03-08 22:25:00+00:00,0.6847,0.6867,0.6857,0.6867,8643.38,0.68595,5928.926511,8643.38,5928.926511,
2024-03-08 22:30:00+00:00,0.6868,0.6899,0.6868,0.6899,13996.56,0.68835,9634.532076,13996.56,9634.532076,
2024-03-08 22:35:00+00:00,0.687,0.6894,0.6892,0.6886,9090.74,0.68855,6259.429027,9090.74,6259.429027,
2024-03-08 22:40:00+00:00,0.686,0.69,0.6882,0.69,10514.6,0.68855,7239.82783,10514.6,7239.82783,
2024-03-08 22:45:00+00:00,0.6868,0.6901,0.6901,0.6868,9722.99,0.68845,6693.7924655,9722.99,6693.7924655,
2024-03-08 22:50:00+00:00,0.6848,0.6868,0.6867,0.6848,3463.41,0.685775,2375.11999275,3463.41,2375.11999275,
2024-03-08 22:55:00+00:00,0.6848,0.6861,0.6852,0.6853,3934.4,0.68535,2696.44104,3934.4,2696.44104,
2024-03-08 23:00:00+00:00,0.6849,0.6878,0.6849,0.6874,5698.06,0.68625,3910.293675,5698.06,3910.293675,
2024-03-08 23:05:00+00:00,0.6851,0.6874,0.6874,0.6851,3265.03,0.68625,2240.6268375,3265.03,2240.6268375,
2024-03-08 23:10:00+00:00,0.6848,0.6861,0.685,0.685,3136.58,0.685225,2149.2630305,3136.58,2149.2630305,
2024-03-08 23:15:00+00:00,0.6852,0.6861,0.6854,0.6861,4207.75,0.6857,2885.254175,4207.75,2885.254175,
2024-03-08 23:20:00+00:00,0.6856,0.6862,0.6859,0.6862,2190.72,0.685975,1502.779152,2190.72,1502.779152,
2024-03-08 23:25:00+00:00,0.6853,0.6863,0.6862,0.6856,5245.61,0.68585,3597.7016185,5245.61,3597.7016185,
2024-03-08 23:30:00+00:00,0.6858,0.6867,0.6858,0.6864,7272.2,0.686175,4990.001835,7272.2,4990.001835,
2024-03-08 23:35:00+00:00,0.6842,0.6856,0.6854,0.6842,1518.36,0.68485,1039.848846,1518.36,1039.848846,
2024-03-08 23:40:00+00:00,0.6846,0.6854,0.6854,0.6846,263.1,0.685,180.2235,263.1,180.2235,
2024-03-08 23:45:00+00:00,0.6847,0.6867,0.6847,0.6867,27245.32,0.6857,18682.115924,27245.32,18682.115924,
2024-03-08 23:50:00+00:00,0.6861,0.688,0.6861,0.688,997.62,0.68705,685.414821,997.62,685.414821,
2024-03-08 23:55:00+00:00,0.6872,0.6887,0.688,0.6875,3980.5,0.68785,2737.986925,3980.5,2737.986925,
2024-03-09 00:00:00+00:00,0.6865,0.6881,0.6874,0.6866,8187.6,0.68715,5626.10934,8187.6,5626.10934,
2024-03-09 00:05:00+00:00,0.6846,0.6862,0.6862,0.685,4806.24,0.6855,3294.67752,4806.24,3294.67752,
2024-03-09 00:10:00+00:00,0.684,0.6854,0.6849,0.6852,3568.43,0.684875,2443.92849625,3568.43,2443.92849625,
2024-03-09 00:15:00+00:00,0.684,0.6864,0.6847,0.6855,17983.61,0.68515,12321.4703915,17983.61,12321.4703915,
2024-03-09 00:20:00+00:00,0.684,0.6853,0.6851,0.684,312.14,0.6846,213.691044,312.14,213.691044,
2024-03-09 00:25:00+00:00,0.6845,0.6854,0.6847,0.6846,575.56,0.6848,394.143488,575.56,394.143488,
2024-03-09 00:30:00+00:00,0.6816,0.6843,0.684,0.6816,2383.0,0.682875,1627.291125,2383.0,1627.291125,
2024-03-09 00:35:00+00:00,0.6816,0.6843,0.6816,0.684,2837.69,0.682875,1937.78755875,2837.69,1937.78755875,
2024-03-09 00:40:00+00:00,0.6839,0.6923,0.6847,0.6923,12832.2,0.6883,8832.40326,12832.2,8832.40326,
2024-03-09 00:45:00+00:00,0.6906,0.6929,0.6926,0.6913,3955.91,0.69185,2736.8963335,3955.91,2736.8963335,
2024-03-09 00:50:00+00:00,0.6894,0.6924,0.692,0.6899,11122.11,0.690925,7684.54385175,11122.11,7684.54385175,
2024-03-09 00:55:00+00:00,0.6871,0.6899,0.6899,0.6871,5900.56,0.6885,4062.53556,5900.56,4062.53556,
2024-03-09 01:00:00+00:00,0.6843,0.6874,0.6873,0.6843,12768.35,0.685825,8756.85363875,12768.35,8756.85363875,
2024-03-09 01:05:00+00:00,0.684,0.6849,0.684,0.6846,1660.72,0.684375,1136.55525,1660.72,1136.55525,
2024-03-09 01:10:00+00:00,0.6835,0.6847,0.6843,0.6835,387.08,0.684,264.76272,387.08,264.76272,
2024-03-09 01:15:00+00:00,0.6819,0.684,0.6833,0.6839,2051.79,0.683275,1401.93681225,2051.79,1401.93681225,
2024-03-09 01:20:00+00:00,0.6829,0.6841,0.6833,0.6829,2218.79,0.6833,1516.099207,2218.79,1516.099207,
2024-03-09 01:25:00+00:00,0.6831,0.6872,0.6831,0.6872,4810.5,0.68515,3295.914075,4810.5,3295.914075,
2024-03-09 01:30:00+00:00,0.6867,0.6879,0.6871,0.6867,1668.98,0.6871,1146.756158,1668.98,1146.756158,
2024-03-09 01:35:00+00:00,0.685,0.6865,0.6865,0.6858,2247.16,0.68595,1541.439402,2247.16,1541.439402,
2024-03-09 01:40:00+00:00,0.6852,0.6867,0.6861,0.6863,1023.57,0.686075,702.24578775,1023.57,702.24578775,
2024-03-09 01:45:00+00:00,0.6854,0.6867,0.6864,0.6855,1824.29,0.686,1251.46294,1824.29,1251.46294,
2024-03-09 01:50:00+00:00,0.685,0.6867,0.685,0.6861,4314.46,0.6857,2958.425222,4314.46,2958.425222,
2024-03-09 01:55:00+00:00,0.6854,0.6878,0.6854,0.6878,710.62,0.6866,487.911692,710.62,487.911692,
2024-03-09 02:00:00+00:00,0.6861,0.6899,0.6867,0.6893,1122.91,0.688,772.56208,1122.91,772.56208,
2024-03-09 02:05:00+00:00,0.6898,0.6944,0.6899,0.6937,4156.54,0.69195,2876.117853,4156.54,2876.117853,
2024-03-09 02:10:00+00:00,0.6927,0.6963,0.6943,0.6934,4383.26,0.694175,3042.7495105,4383.26,3042.7495105,
2024-03-09 02:15:00+00:00,0.6912,0.6955,0.6941,0.6955,7154.23,0.694075,4965.57218725,7154.23,4965.57218725,
2024-03-09 02:20:00+00:00,0.6927,0.6962,0.6962,0.6932,11652.69,0.694575,8093.66715675,11652.69,8093.66715675,
2024-03-09 02:25:00+00:00,0.6916,0.6936,0.6925,0.6935,40552.78,0.6928,28094.965984,40552.78,28094.965984,
2024-03-09 02:30:00+00:00,0.6913,0.6932,0.6932,0.6913,183.86,0.69225,127.277085,183.86,127.277085,
2024-03-09 02:35:00+00:00,0.6915,0.6934,0.6916,0.6927,4839.66,0.6923,3350.496618,4839.66,3350.496618,
2024-03-09 02:40:00+00:00,0.692,0.6934,0.6923,0.6925,2473.8,0.69255,1713.23019,2473.8,1713.23019,
2024-03-09 02:45:00+00:00,0.6929,0.6948,0.6929,0.6948,811.89,0.69385,563.3298765,811.89,563.3298765,
2024-03-09 02:50:00+00:00,0.6952,0.6995,0.6954,0.6985,7713.95,0.69715,5377.7802425,7713.95,5377.7802425,
2024-03-09 02:55:00+00:00,0.6983,0.7021,0.6997,0.7021,7595.13,0.70055,5320.7683215,7595.13,5320.7683215,
2024-03-09 03:00:00+00:00,0.7018,0.7086,0.7021,0.7084,12222.22,0.705225,8619.4150995,12222.22,8619.4150995,
2024-03-09 03:05:00+00:00,0.7065,0.7143,0.7086,0.7109,46331.99,0.710075,32899.18779925,46331.99,32899.18779925,
2024-03-09 03:10:00+00:00,0.7084,0.7457,0.7103,0.7182,240336.68,0.72065,173198.628442,240336.68,173198.628442,
2024-03-09 03:15:00+00:00,0.7093,0.7183,0.7183,0.7093,24079.03,0.7138,17187.611614,24079.03,17187.611614,
2024-03-09 03:20:00+00:00,0.7051,0.7121,0.7095,0.7053,13450.82,0.708,9523.18056,13450.82,9523.18056,
2024-03-09 03:25:00+00:00,0.7037,0.7066,0.7054,0.7057,12375.08,0.70535,8728.762678,12375.08,8728.762678,
2024-03-09 03:30:00+00:00,0.7056,0.7093,0.7056,0.7093,41745.84,0.70745,29533.094508,41745.84,29533.094508,
2024-03-09 03:35:00+00:00,0.707,0.7092,0.7088,0.707,15165.16,0.708,10736.93328,15165.16,10736.93328,
2024-03-09 03:40:00+00:00,0.7063,0.7094,0.7079,0.7063,2781.19,0.707475,1967.62239525,2781.19,1967.62239525,
2024-03-09 03:45:00+00:00,0.7058,0.7074,0.7059,0.7074,2223.26,0.706625,1571.0110975,2223.26,1571.0110975,
2024-03-09 03:50:00+00:00,0.7062,0.7114,0.7067,0.7112,15336.43,0.708875,10871.61181625,15336.43,10871.61181625,
2024-03-09 03:55:00+00:00,0.7093,0.7142,0.7103,0.7135,27826.16,0.711825,19807.356342,27826.16,19807.356342,
2024-03-09 04:00:00+00:00,0.7114,0.7142,0.7132,0.7121,7689.28,0.712725,5480.342088,7689.28,5480.342088,
2024-03-09 04:05:00+00:00,0.7093,0.7135,0.7131,0.7129,33878.59,0.7122,24128.331798,33878.59,24128.331798,
2024-03-09 04:10:00+00:00,0.7064,0.7125,0.7125,0.7085,22471.28,0.709975,15954.047018,22471.28,15954.047018,
2024-03-09 04:15:00+00:00,0.7054,0.7086,0.708,0.7072,12542.78,0.7073,8871.508294,12542.78,8871.508294,
2024-03-09 04:20:00+00:00,0.7076,0.7087,0.7079,0.7082,2867.58,0.7081,2030.533398,2867.58,2030.533398,
2024-03-09 04:25:00+00:00,0.707,0.7088,0.7079,0.7075,7939.66,0.7078,5619.691348,7939.66,5619.691348,
2024-03-09 04:30:00+00:00,0.7066,0.7086,0.7079,0.7084,6254.94,0.707875,4427.7156525,6254.94,4427.7156525,
2024-03-09 04:35:00+00:00,0.7066,0.7084,0.7084,0.7073,17507.07,0.707675,12389.31576225,17507.07,12389.31576225,
2024-03-09 04:40:00+00:00,0.7058,0.7077,0.7077,0.7065,7728.26,0.706925,5463.3002005,7728.26,5463.3002005,
2024-03-09 04:45:00+00:00,0.7051,0.7068,0.7062,0.7052,8113.89,0.705825,5726.98640925,8113.89,5726.98640925,
2024-03-09 04:50:00+00:00,0.7047,0.7065,0.7047,0.7053,4539.48,0.7053,3201.695244,4539.48,3201.695244,
2024-03-09 04:55:00+00:00,0.7045,0.7066,0.7056,0.7061,6837.93,0.7057,4825.527201,6837.93,4825.527201,
2024-03-09 05:00:00+00:00,0.7035,0.7059,0.7059,0.7054,13024.19,0.705175,9184.33318325,13024.19,9184.33318325,
2024-03-09 05:05:00+00:00,0.7011,0.7055,0.7054,0.7011,29106.02,0.703275,20469.5362155,29106.02,20469.5362155,
2024-03-09 05:10:00+00:00,0.7017,0.7032,0.7017,0.7029,8721.15,0.702375,6125.51773125,8721.15,6125.51773125,
2024-03-09 05:15:00+00:00,0.7003,0.7025,0.7025,0.7018,1227.29,0.701775,861.28143975,1227.29,861.28143975,
2024-03-09 05:20:00+00:00,0.701,0.7025,0.7022,0.7011,10192.96,0.7017,7152.400032,10192.96,7152.400032,
2024-03-09 05:25:00+00:00,0.701,0.7018,0.7018,0.7018,2603.25,0.7016,1826.4402,2603.25,1826.4402,
2024-03-09 05:30:00+00:00,0.7009,0.7028,0.702,0.7011,5615.28,0.7017,3940.241976,5615.28,3940.241976,
2024-03-09 05:35:00+00:00,0.7013,0.7031,0.7013,0.7025,1785.31,0.70205,1253.3768855,1785.31,1253.3768855,
2024-03-09 05:40:00+00:00,0.7018,0.7044,0.702,0.7044,2403.04,0.70315,1689.697576,2403.04,1689.697576,
2024-03-09 05:45:00+00:00,0.7031,0.7051,0.7037,0.7051,3018.78,0.70425,2125.975815,3018.78,2125.975815,
2024-03-09 05:50:00+00:00,0.7031,0.7056,0.7056,0.7031,1479.5,0.70435,1042.085825,1479.5,1042.085825,
2024-03-09 05:55:00+00:00,0.7027,0.7052,0.7037,0.7032,36331.19,0.7037,25566.258403,36331.19,25566.258403,
2024-03-09 06:00:00+00:00,0.7024,0.7038,0.7038,0.7034,934.25,0.70335,657.1047375,934.25,657.1047375,
2024-03-09 06:05:00+00:00,0.7019,0.7037,0.7037,0.7027,10961.98,0.703,7706.27194,10961.98,7706.27194,
2024-03-09 06:10:00+00:00,0.7022,0.7035,0.7025,0.7025,4378.9,0.702675,3076.9435575,4378.9,3076.9435575,
2024-03-09 06:15:00+00:00,0.7018,0.7053,0.7018,0.7044,17046.83,0.703325,11989.46170975,17046.83,11989.46170975,
2024-03-09 06:20:00+00:00,0.7046,0.7053,0.7051,0.7051,8424.66,0.705025,5939.5959165,8424.66,5939.5959165,
2024-03-09 06:25:00+00:00,0.7041,0.7081,0.7044,0.7067,71224.41,0.705825,50271.96918825,71224.41,50271.96918825,
2024-03-09 06:30:00+00:00,0.7057,0.7079,0.7063,0.7077,4626.71,0.7069,3270.621299,4626.71,3270.621299,
2024-03-09 06:35:00+00:00,0.7063,0.7096,0.7072,0.7088,6106.9,0.707975,4323.5325275,6106.9,4323.5325275,
2024-03-09 06:40:00+00:00,0.7065,0.7086,0.7079,0.7086,2071.26,0.7079,1466.244954,2071.26,1466.244954,
2024-03-09 06:45:00+00:00,0.7075,0.7093,0.7079,0.7085,7648.56,0.7083,5417.475048,7648.56,5417.475048,
2024-03-09 06:50:00+00:00,0.7071,0.7081,0.708,0.7079,8800.94,0.707775,6229.0853085,8800.94,6229.0853085,
2024-03-09 06:55:00+00:00,0.7064,0.7072,0.7072,0.7072,2894.66,0.707,2046.52462,2894.66,2046.52462,
2024-03-09 07:00:00+00:00,0.7065,0.7078,0.7065,0.7078,606.47,0.70715,428.8652605,606.47,428.8652605,
2024-03-09 07:05:00+00:00,0.7069,0.708,0.7079,0.7072,9293.72,0.7075,6575.3069,9293.72,6575.3069,
2024-03-09 07:10:00+00:00,0.7071,0.7075,0.7075,0.7071,288.26,0.7073,203.886298,288.26,203.886298,
2024-03-09 07:15:00+00:00,0.7072,0.7086,0.7073,0.7072,586.2,0.707575,414.780465,586.2,414.780465,
2024-03-09 07:20:00+00:00,0.7076,0.7086,0.7078,0.7086,1941.87,0.70815,1375.1352405,1941.87,1375.1352405,
2024-03-09 07:25:00+00:00,0.7075,0.7091,0.7084,0.7075,20990.7,0.708125,14864.0394375,20990.7,14864.0394375,
2024-03-09 07:30:00+00:00,0.7054,0.7074,0.7072,0.7063,9074.75,0.706575,6411.99148125,9074.75,6411.99148125,
2024-03-09 07:35:00+00:00,0.7069,0.7086,0.7069,0.7079,3590.09,0.707575,2540.25793175,3590.09,2540.25793175,
2024-03-09 07:40:00+00:00,0.7078,0.7088,0.708,0.7078,3875.45,0.7081,2744.206145,3875.45,2744.206145,
2024-03-09 07:45:00+00:00,0.7071,0.7086,0.7084,0.7074,5109.0,0.707875,3616.533375,5109.0,3616.533375,
2024-03-09 07:50:00+00:00,0.7054,0.7079,0.7079,0.7054,7393.49,0.70665,5224.6097085,7393.49,5224.6097085,
2024-03-09 07:55:00+00:00,0.7049,0.7058,0.7051,0.7054,1964.45,0.7053,1385.526585,1964.45,1385.526585,
2024-03-09 08:00:00+00:00,0.7054,0.7067,0.7054,0.7065,3334.97,0.706,2354.48882,3334.97,2354.48882,
2024-03-09 08:05:00+00:00,0.7051,0.7061,0.7061,0.7053,2858.36,0.70565,2017.001734,2858.36,2017.001734,
2024-03-09 08:10:00+00:00,0.7041,0.7052,0.7052,0.7041,2569.97,0.70465,1810.9293605,2569.97,1810.9293605,
2024-03-09 08:15:00+00:00,0.7031,0.7051,0.7037,0.7051,148.37,0.70425,104.4895725,148.37,104.4895725,
2024-03-09 08:20:00+00:00,0.7052,0.7074,0.7058,0.7074,9370.08,0.70645,6619.493016,9370.08,6619.493016,
2024-03-09 08:25:00+00:00,0.7067,0.7091,0.7067,0.7078,7833.56,0.707575,5542.831217,7833.56,5542.831217,
2024-03-09 08:30:00+00:00,0.7054,0.7076,0.7075,0.7054,653.74,0.706475,461.8509665,653.74,461.8509665,
2024-03-09 08:35:00+00:00,0.7051,0.7069,0.7065,0.7051,4492.27,0.7059,3171.093393,4492.27,3171.093393,
2024-03-09 08:40:00+00:00,0.7028,0.7053,0.7048,0.7037,479.66,0.70415,337.752589,479.66,337.752589,
2024-03-09 08:45:00+00:00,0.7031,0.7039,0.7031,0.7031,409.16,0.7033,287.762228,409.16,287.762228,
2024-03-09 08:50:00+00:00,0.7018,0.7037,0.7037,0.7018,1365.6,0.70275,959.6754,1365.6,959.6754,
2024-03-09 08:55:00+00:00,0.701,0.7033,0.7025,0.7033,5249.63,0.702525,3687.99631575,5249.63,3687.99631575,
2024-03-09 09:00:00+00:00,0.7036,0.7072,0.7036,0.7064,8941.2,0.7052,6305.33424,8941.2,6305.33424,
2024-03-09 09:05:00+00:00,0.7065,0.7077,0.7065,0.7072,777.77,0.706975,549.86394575,777.77,549.86394575,
2024-03-09 09:10:00+00:00,0.7074,0.7093,0.7074,0.7093,4428.2,0.70835,3136.71547,4428.2,3136.71547,
2024-03-09 09:15:00+00:00,0.7086,0.7134,0.7096,0.713,36563.35,0.71115,26002.0263525,36563.35,26002.0263525,
2024-03-09 09:20:00+00:00,0.7124,0.7144,0.7135,0.7128,14996.73,0.713275,10696.79259075,14996.73,10696.79259075,
2024-03-09 09:25:00+00:00,0.7124,0.7146,0.7134,0.7146,10427.15,0.71375,7442.3783125,10427.15,7442.3783125,
2024-03-09 09:30:00+00:00,0.7139,0.72,0.7149,0.7194,28287.8,0.71705,20283.76699,28287.8,20283.76699,
2024-03-09 09:35:00+00:00,0.7156,0.7214,0.7203,0.7205,18942.14,0.71945,13627.922623,18942.14,13627.922623,
2024-03-09 09:40:00+00:00,0.7197,0.7245,0.7202,0.7218,6885.77,0.72155,4968.4273435,6885.77,4968.4273435,
2024-03-09 09:45:00+00:00,0.7184,0.7219,0.7214,0.7218,12612.65,0.720875,9092.14406875,12612.65,9092.14406875,
2024-03-09 09:50:00+00:00,0.7198,0.7252,0.7219,0.7219,7794.59,0.7222,5629.252898,7794.59,5629.252898,
2024-03-09 09:55:00+00:00,0.7208,0.7276,0.7208,0.7269,3810.67,0.724025,2759.02034675,3810.67,2759.02034675,
2024-03-09 10:00:00+00:00,0.7256,0.7289,0.7268,0.7281,35121.24,0.72735,25545.433914,35121.24,25545.433914,
2024-03-09 10:05:00+00:00,0.7277,0.7342,0.7289,0.7342,23270.23,0.73125,17016.3556875,23270.23,17016.3556875,
2024-03-09 10:10:00+00:00,0.7318,0.7408,0.7329,0.7374,45082.88,0.735725,33168.601888,45082.88,33168.601888,
2024-03-09 10:15:00+00:00,0.7345,0.7443,0.7366,0.7345,54199.17,0.737475,39970.53289575,54199.17,39970.53289575,
2024-03-09 10:20:00+00:00,0.7223,0.7352,0.7352,0.7289,50192.69,0.7304,36660.740776,50192.69,36660.740776,
2024-03-09 10:25:00+00:00,0.7155,0.7278,0.7278,0.7233,36897.56,0.7236,26699.074416,36897.56,26699.074416,
2024-03-09 10:30:00+00:00,0.7231,0.7317,0.7231,0.7317,14692.42,0.7274,10687.266308,14692.42,10687.266308,
2024-03-09 10:35:00+00:00,0.7261,0.7325,0.7324,0.7317,3288.62,0.730675,2402.9124185,3288.62,2402.9124185,
2024-03-09 10:40:00+00:00,0.7261,0.7324,0.7324,0.7275,9114.93,0.7296,6650.252928,9114.93,6650.252928,
2024-03-09 10:45:00+00:00,0.7282,0.7331,0.7282,0.7303,5234.84,0.72995,3821.171458,5234.84,3821.171458,
2024-03-09 10:50:00+00:00,0.7275,0.731,0.7302,0.7289,20224.39,0.7294,14751.670066,20224.39,14751.670066,
2024-03-09 10:55:00+00:00,0.7284,0.7317,0.7296,0.7312,16036.48,0.730225,11710.238608,16036.48,11710.238608,
2024-03-09 11:00:00+00:00,0.7316,0.7373,0.7316,0.7357,21139.5,0.73405,15517.449975,21139.5,15517.449975,
2024-03-09 11:05:00+00:00,0.7359,0.7468,0.7359,0.7461,18564.79,0.741175,13759.75822825,18564.79,13759.75822825,
2024-03-09 11:10:00+00:00,0.7374,0.7472,0.7463,0.7394,18897.39,0.742575,14032.72937925,18897.39,14032.72937925,
2024-03-09 11:15:00+00:00,0.7332,0.745,0.7397,0.7332,18564.91,0.737775,13696.72647525,18564.91,13696.72647525,
2024-03-09 11:20:00+00:00,0.731,0.7345,0.7331,0.7341,7408.25,0.733175,5431.54369375,7408.25,5431.54369375,
2024-03-09 11:25:00+00:00,0.7306,0.7384,0.7345,0.7345,14928.18,0.7345,10964.74821,14928.18,10964.74821,
2024-03-09 11:30:00+00:00,0.7318,0.7415,0.736,0.7415,12880.71,0.7377,9502.099767,12880.71,9502.099767,
2024-03-09 11:35:00+00:00,0.7345,0.743,0.7408,0.7373,37323.09,0.7389,27578.031201,37323.09,27578.031201,
2024-03-09 11:40:00+00:00,0.7379,0.744,0.7379,0.7429,24604.74,0.740675,18224.1157995,24604.74,18224.1157995,
2024-03-09 11:45:00+00:00,0.7392,0.7457,0.7428,0.7392,18706.72,0.741725,13875.241892,18706.72,13875.241892,
2024-03-09 11:50:00+00:00,0.7422,0.7478,0.7422,0.7462,15861.49,0.7446,11810.465454,15861.49,11810.465454,
2024-03-09 11:55:00+00:00,0.7453,0.7494,0.7463,0.7494,8037.58,0.7476,6008.894808,8037.58,6008.894808,
2024-03-09 12:00:00+00:00,0.747,0.7566,0.7485,0.7559,39255.64,0.752,29520.24128,39255.64,29520.24128,
2024-03-09 12:05:00+00:00,0.7503,0.7561,0.7559,0.7561,21596.57,0.7546,16296.771722,21596.57,16296.771722,
2024-03-09 12:10:00+00:00,0.7449,0.7562,0.7539,0.7459,30654.1,0.750225,22997.4721725,30654.1,22997.4721725,
2024-03-09 12:15:00+00:00,0.7422,0.7471,0.7457,0.7436,35404.21,0.74465,26363.7449765,35404.21,26363.7449765,
2024-03-09 12:20:00+00:00,0.7443,0.7554,0.7443,0.7554,14458.01,0.74985,10841.3387985,14458.01,10841.3387985,
2024-03-09 12:25:00+00:00,0.7496,0.7562,0.7546,0.7506,44695.16,0.75275,33644.28169,44695.16,33644.28169,
2024-03-09 12:30:00+00:00,0.7473,0.7538,0.7514,0.7481,34301.25,0.75015,25731.0826875,34301.25,25731.0826875,
2024-03-09 12:35:00+00:00,0.7457,0.7531,0.748,0.7517,26944.59,0.749625,20198.33827875,26944.59,20198.33827875,
2024-03-09 12:40:00+00:00,0.752,0.7626,0.753,0.7615,29661.34,0.757275,22461.7912485,29661.34,22461.7912485,
2024-03-09 12:45:00+00:00,0.753,0.7635,0.7599,0.7532,65277.7,0.7574,49441.32998,65277.7,49441.32998,
2024-03-09 12:50:00+00:00,0.7472,0.7542,0.7536,0.7499,24374.84,0.751225,18310.989179,24374.84,18310.989179,
2024-03-09 12:55:00+00:00,0.7473,0.753,0.7498,0.753,28830.66,0.750775,21645.3387615,28830.66,21645.3387615,
2024-03-09 13:00:00+00:00,0.7464,0.7551,0.7538,0.7499,25321.52,0.7513,19024.057976,25321.52,19024.057976,
2024-03-09 13:05:00+00:00,0.7505,0.753,0.7505,0.7516,15070.27,0.7514,11323.800878,15070.27,11323.800878,
2024-03-09 13:10:00+00:00,0.7478,0.7522,0.7522,0.7496,15569.72,0.75045,11684.296374,15569.72,11684.296374,
2024-03-09 13:15:00+00:00,0.7436,0.7506,0.7506,0.7478,20043.21,0.74815,14995.3275615,20043.21,14995.3275615,
2024-03-09 13:20:00+00:00,0.7443,0.7485,0.747,0.7485,12731.27,0.747075,9511.21353525,12731.27,9511.21353525,
2024-03-09 13:25:00+00:00,0.7454,0.7485,0.7481,0.7459,9657.07,0.746975,7213.58986325,9657.07,7213.58986325,
2024-03-09 13:30:00+00:00,0.7462,0.7479,0.7462,0.7471,10655.55,0.74685,7958.0975175,10655.55,7958.0975175,
2024-03-09 13:35:00+00:00,0.7447,0.7468,0.7457,0.745,16039.57,0.74555,11958.3014135,16039.57,11958.3014135,
2024-03-09 13:40:00+00:00,0.7404,0.7454,0.7443,0.741,14005.5,0.742775,10402.9352625,14005.5,10402.9352625,
2024-03-09 13:45:00+00:00,0.7401,0.7464,0.741,0.7457,17920.75,0.7433,13320.493475,17920.75,13320.493475,
2024-03-09 13:50:00+00:00,0.7449,0.7568,0.7461,0.7502,77219.69,0.7495,57876.157655,77219.69,57876.157655,
2024-03-09 13:55:00+00:00,0.7482,0.7522,0.7514,0.7504,20453.63,0.75055,15351.4719965,20453.63,15351.4719965,
2024-03-09 14:00:00+00:00,0.7499,0.7546,0.7499,0.7546,8195.54,0.75225,6165.094965,8195.54,6165.094965,
2024-03-09 14:05:00+00:00,0.753,0.7582,0.7553,0.7554,9456.55,0.755475,7144.18711125,9456.55,7144.18711125,
2024-03-09 14:10:00+00:00,0.7521,0.7555,0.7555,0.7524,18512.44,0.753875,13956.065705,18512.44,13956.065705,
2024-03-09 14:15:00+00:00,0.7473,0.753,0.7522,0.7485,17828.07,0.75025,13375.5095175,17828.07,13375.5095175,
2024-03-09 14:20:00+00:00,0.7444,0.7494,0.749,0.7444,25826.47,0.7468,19287.207796,25826.47,19287.207796,
2024-03-09 14:25:00+00:00,0.7441,0.7485,0.7446,0.7452,72137.4,0.7456,53785.64544,72137.4,53785.64544,
2024-03-09 14:30:00+00:00,0.7421,0.7465,0.745,0.7439,22242.78,0.744375,16556.9693625,22242.78,16556.9693625,
2024-03-09 14:35:00+00:00,0.7429,0.7479,0.743,0.7479,5285.11,0.745425,3939.65312175,5285.11,3939.65312175,
2024-03-09 14:40:00+00:00,0.7462,0.7485,0.7479,0.747,8280.34,0.7474,6188.726116,8280.34,6188.726116,
2024-03-09 14:45:00+00:00,0.7442,0.7511,0.747,0.7485,34670.12,0.7477,25922.848724,34670.12,25922.848724,
2024-03-09 14:50:00+00:00,0.7436,0.78,0.7478,0.7436,144433.04,0.75375,108866.4039,144433.04,108866.4039,
2024-03-09 14:55:00+00:00,0.7434,0.7461,0.7434,0.7457,6458.64,0.74465,4809.426276,6458.64,4809.426276,
2024-03-09 15:00:00+00:00,0.7464,0.7517,0.7464,0.7499,24312.04,0.7486,18199.993144,24312.04,18199.993144,
2024-03-09 15:05:00+00:00,0.7478,0.7517,0.7492,0.7514,29913.22,0.750025,22435.6628305,29913.22,22435.6628305,
2024-03-09 15:10:00+00:00,0.7483,0.7506,0.7506,0.7498,8875.84,0.749825,6655.326728,8875.84,6655.326728,
2024-03-09 15:15:00+00:00,0.7499,0.7599,0.7499,0.7581,27940.43,0.75445,21079.6574135,27940.43,21079.6574135,
2024-03-09 15:20:00+00:00,0.7562,0.7592,0.7579,0.7562,2545.29,0.757375,1927.73901375,2545.29,1927.73901375,
2024-03-09 15:25:00+00:00,0.7561,0.7592,0.7571,0.7572,3821.97,0.7574,2894.760078,3821.97,2894.760078,
2024-03-09 15:30:00+00:00,0.756,0.7594,0.7578,0.7585,19625.3,0.757925,14874.5055025,19625.3,14874.5055025,
2024-03-09 15:35:00+00:00,0.757,0.7604,0.7588,0.7587,10118.35,0.758725,7677.04510375,10118.35,7677.04510375,
2024-03-09 15:40:00+00:00,0.7596,0.765,0.7596,0.7621,18596.7,0.761575,14162.7818025,18596.7,14162.7818025,
2024-03-09 15:45:00+00:00,0.7578,0.7635,0.762,0.7589,13191.04,0.76055,10032.445472,13191.04,10032.445472,
2024-03-09 15:50:00+00:00,0.7592,0.7614,0.7599,0.76,18517.05,0.760125,14075.27263125,18517.05,14075.27263125,
2024-03-09 15:55:00+00:00,0.7605,0.7689,0.7606,0.7666,143661.68,0.76415,109779.072772,143661.68,109779.072772,
2024-03-09 16:00:00+00:00,0.7621,0.7689,0.7668,0.7628,241405.06,0.76515,184711.081659,241405.06,184711.081659,
2024-03-09 16:05:00+00:00,0.7597,0.7691,0.7625,0.7681,34762.28,0.76485,26587.929858,34762.28,26587.929858,
2024-03-09 16:10:00+00:00,0.7687,0.7811,0.7689,0.7774,88613.77,0.774025,68589.27332425,88613.77,68589.27332425,
2024-03-09 16:15:00+00:00,0.7642,0.777,0.7769,0.7643,48838.59,0.7706,37635.017454,48838.59,37635.017454,
2024-03-09 16:20:00+00:00,0.7536,0.7643,0.764,0.7572,52945.57,0.759775,40226.72044675,52945.57,40226.72044675,
2024-03-09 16:25:00+00:00,0.7514,0.757,0.7568,0.757,18354.61,0.75555,13867.8255855,18354.61,13867.8255855,
2024-03-09 16:30:00+00:00,0.7522,0.7578,0.7568,0.7525,36393.94,0.754825,27471.0557605,36393.94,27471.0557605,
2024-03-09 16:35:00+00:00,0.7524,0.7559,0.7533,0.7541,33827.02,0.753925,25503.0360535,33827.02,25503.0360535,
2024-03-09 16:40:00+00:00,0.7474,0.7537,0.7534,0.7508,71149.12,0.751325,53456.112584,71149.12,53456.112584,
2024-03-09 16:45:00+00:00,0.7498,0.761,0.7498,0.7576,64659.96,0.75455,48789.172818,64659.96,48789.172818,
2024-03-09 16:50:00+00:00,0.7557,0.76,0.7573,0.7572,29587.4,0.75755,22413.93487,29587.4,22413.93487,
2024-03-09 16:55:00+00:00,0.7511,0.7579,0.7579,0.753,7682.87,0.754975,5800.37477825,7682.87,5800.37477825,
2024-03-09 17:00:00+00:00,0.7505,0.7557,0.7523,0.7517,6042.2,0.75255,4547.05761,6042.2,4547.05761,
2024-03-09 17:05:00+00:00,0.7498,0.7546,0.7516,0.7538,27031.21,0.75245,20339.6339645,27031.21,20339.6339645,
2024-03-09 17:10:00+00:00,0.7449,0.753,0.753,0.7471,26195.29,0.7495,19633.369855,26195.29,19633.369855,
2024-03-09 17:15:00+00:00,0.7438,0.7506,0.7464,0.7506,21273.98,0.74785,15909.745943,21273.98,15909.745943,
2024-03-09 17:20:00+00:00,0.7499,0.7539,0.7506,0.7537,24657.57,0.752025,18543.10907925,24657.57,18543.10907925,
2024-03-09 17:25:00+00:00,0.7479,0.753,0.753,0.7508,45183.42,0.751175,33940.6555185,45183.42,33940.6555185,
2024-03-09 17:30:00+00:00,0.7478,0.7529,0.7499,0.7492,6601.36,0.74995,4950.689932,6601.36,4950.689932,
2024-03-09 17:35:00+00:00,0.7481,0.7506,0.7489,0.7488,30087.04,0.7491,22538.201664,30087.04,22538.201664,
2024-03-09 17:40:00+00:00,0.7475,0.7499,0.7486,0.7479,4640.93,0.748475,3473.62008175,4640.93,3473.62008175,
2024-03-09 17:45:00+00:00,0.7464,0.7479,0.7479,0.7464,19448.2,0.74715,14530.72263,19448.2,14530.72263,
2024-03-09 17:50:00+00:00,0.7427,0.7477,0.7462,0.7457,18775.12,0.745575,13998.260094,18775.12,13998.260094,
2024-03-09 17:55:00+00:00,0.7429,0.7473,0.745,0.7457,17176.3,0.745225,12800.2081675,17176.3,12800.2081675,
2024-03-09 18:00:00+00:00,0.7422,0.746,0.7457,0.7433,15111.39,0.7443,11247.407577,15111.39,11247.407577,
2024-03-09 18:05:00+00:00,0.7419,0.745,0.7428,0.7447,3188.69,0.7436,2371.109884,3188.69,2371.109884,
2024-03-09 18:10:00+00:00,0.7448,0.7483,0.7448,0.7468,15195.37,0.746175,11338.40520975,15195.37,11338.40520975,
2024-03-09 18:15:00+00:00,0.746,0.7512,0.7478,0.7504,62261.37,0.74885,46624.4269245,62261.37,46624.4269245,
2024-03-09 18:20:00+00:00,0.75,0.753,0.7504,0.7522,5240.34,0.7514,3937.591476,5240.34,3937.591476,
2024-03-09 18:25:00+00:00,0.7516,0.7571,0.753,0.7568,11879.39,0.754625,8964.48467875,11879.39,8964.48467875,
2024-03-09 18:30:00+00:00,0.7546,0.758,0.7565,0.7578,10316.36,0.756725,7806.647521,10316.36,7806.647521,
2024-03-09 18:35:00+00:00,0.7561,0.7642,0.757,0.7623,15057.14,0.7599,11441.920686,15057.14,11441.920686,
2024-03-09 18:40:00+00:00,0.7623,0.7674,0.7636,0.7637,35591.0,0.76425,27200.42175,35591.0,27200.42175,
2024-03-09 18:45:00+00:00,0.7607,0.7681,0.763,0.7673,11640.77,0.764775,8902.56987675,11640.77,8902.56987675,
2024-03-09 18:50:00+00:00,0.7628,0.7677,0.7677,0.7628,9513.31,0.76525,7280.0604775,9513.31,7280.0604775,
2024-03-09 18:55:00+00:00,0.7633,0.7657,0.764,0.7642,11339.66,0.7643,8666.902138,11339.66,8666.902138,
2024-03-09 19:00:00+00:00,0.7624,0.7659,0.7643,0.7659,6790.4,0.764625,5192.1096,6790.4,5192.1096,
2024-03-09 19:05:00+00:00,0.7664,0.7681,0.7665,0.767,15473.93,0.767,11868.50431,15473.93,11868.50431,
2024-03-09 19:10:00+00:00,0.7665,0.7705,0.7673,0.7701,69346.15,0.7686,53299.45089,69346.15,53299.45089,
2024-03-09 19:15:00+00:00,0.7689,0.772,0.7703,0.77,64612.09,0.7703,49770.692927,64612.09,49770.692927,
2024-03-09 19:20:00+00:00,0.7642,0.7704,0.7703,0.7673,24165.07,0.76805,18559.9820135,24165.07,18559.9820135,
2024-03-09 19:25:00+00:00,0.7652,0.7793,0.7672,0.7711,129433.98,0.7707,99754.768386,129433.98,99754.768386,
2024-03-09 19:30:00+00:00,0.766,0.7711,0.7706,0.767,7521.83,0.768675,5781.84267525,7521.83,5781.84267525,
2024-03-09 19:35:00+00:00,0.7662,0.7686,0.7662,0.7677,37115.41,0.767175,28474.01466675,37115.41,28474.01466675,
2024-03-09 19:40:00+00:00,0.7657,0.7682,0.7673,0.7678,3640.75,0.76725,2793.3654375,3640.75,2793.3654375,
2024-03-09 19:45:00+00:00,0.7634,0.7689,0.768,0.7634,7660.6,0.765925,5867.445055,7660.6,5867.445055,
2024-03-09 19:50:00+00:00,0.7621,0.7676,0.7642,0.7652,9145.37,0.764775,6994.15034175,9145.37,6994.15034175,
2024-03-09 19:55:00+00:00,0.7649,0.7684,0.7665,0.7684,7940.32,0.76705,6090.622456,7940.32,6090.622456,
2024-03-09 20:00:00+00:00,0.7669,0.7721,0.7673,0.7697,14227.35,0.769,10940.83215,14227.35,10940.83215,
2024-03-09 20:05:00+00:00,0.7693,0.7716,0.7693,0.7695,5211.43,0.769925,4012.41024275,5211.43,4012.41024275,
2024-03-09 20:10:00+00:00,0.7693,0.7714,0.7705,0.7704,8670.44,0.7704,6679.706976,8670.44,6679.706976,
2024-03-09 20:15:00+00:00,0.7634,0.7722,0.7716,0.7655,21154.55,0.768175,16250.39644625,21154.55,16250.39644625,
2024-03-09 20:20:00+00:00,0.761,0.7673,0.7656,0.7636,34894.34,0.764375,26672.3611375,34894.34,26672.3611375,
2024-03-09 20:25:00+00:00,0.7614,0.7645,0.7642,0.7621,2097.04,0.76305,1600.146372,2097.04,1600.146372,
2024-03-09 20:30:00+00:00,0.7584,0.7634,0.7628,0.7592,8330.86,0.76095,6339.367917,8330.86,6339.367917,
2024-03-09 20:35:00+00:00,0.7598,0.7615,0.7599,0.7615,10602.24,0.760675,8064.858912,10602.24,8064.858912,
2024-03-09 20:40:00+00:00,0.7598,0.762,0.762,0.7618,25356.54,0.7614,19306.469556,25356.54,19306.469556,
2024-03-09 20:45:00+00:00,0.7616,0.7656,0.7621,0.7642,28023.46,0.763375,21392.4087775,28023.46,21392.4087775,
2024-03-09 20:50:00+00:00,0.7631,0.7673,0.7634,0.7673,35403.68,0.765275,27093.551212,35403.68,27093.551212,
2024-03-09 20:55:00+00:00,0.7657,0.7688,0.7673,0.7669,11672.92,0.767175,8955.172401,11672.92,8955.172401,
2024-03-09 21:00:00+00:00,0.7649,0.7697,0.7668,0.7665,7920.5,0.766975,6074.8254875,7920.5,6074.8254875,
2024-03-09 21:05:00+00:00,0.7676,0.7713,0.7681,0.7713,6534.26,0.769575,5028.6031395,6534.26,5028.6031395,
2024-03-09 21:10:00+00:00,0.771,0.7737,0.7715,0.7737,7737.28,0.772475,5976.855368,7737.28,5976.855368,
2024-03-09 21:15:00+00:00,0.7694,0.7738,0.7719,0.7733,15698.18,0.7721,12120.564778,15698.18,12120.564778,
2024-03-09 21:20:00+00:00,0.7689,0.7737,0.7737,0.7697,18196.01,0.7715,14038.221715,18196.01,14038.221715,
2024-03-09 21:25:00+00:00,0.7667,0.7705,0.7691,0.7679,12476.27,0.76855,9588.6373085,12476.27,9588.6373085,
2024-03-09 21:30:00+00:00,0.7657,0.7681,0.7665,0.7681,2602.61,0.7671,1996.462131,2602.61,1996.462131,
2024-03-09 21:35:00+00:00,0.7681,0.7713,0.7689,0.7713,5316.47,0.7699,4093.150253,5316.47,4093.150253,
2024-03-09 21:40:00+00:00,0.7703,0.7746,0.7705,0.7737,8054.82,0.772275,6220.5361155,8054.82,6220.5361155,
2024-03-09 21:45:00+00:00,0.7702,0.7744,0.7744,0.7702,790.01,0.7723,610.124723,790.01,610.124723,
2024-03-09 21:50:00+00:00,0.7681,0.7701,0.7701,0.7681,5640.52,0.7691,4338.123932,5640.52,4338.123932,
2024-03-09 21:55:00+00:00,0.7681,0.7705,0.7684,0.7689,6891.5,0.768975,5299.3912125,6891.5,5299.3912125,
2024-03-09 22:00:00+00:00,0.7665,0.7698,0.7689,0.7694,4757.83,0.76865,3657.1060295,4757.83,3657.1060295,
2024-03-09 22:05:00+00:00,0.7665,0.7707,0.7695,0.7675,3017.13,0.76855,2318.8152615,3017.13,2318.8152615,
2024-03-09 22:10:00+00:00,0.766,0.7674,0.7674,0.7671,6679.0,0.766975,5122.626025,6679.0,5122.626025,
2024-03-09 22:15:00+00:00,0.7648,0.7683,0.7673,0.7659,26432.43,0.766575,20262.44002725,26432.43,20262.44002725,
2024-03-09 22:20:00+00:00,0.7644,0.7696,0.7649,0.7695,38944.66,0.7671,29874.448686,38944.66,29874.448686,
2024-03-09 22:25:00+00:00,0.7658,0.7697,0.7697,0.7659,5548.87,0.767775,4260.28366425,5548.87,4260.28366425,
2024-03-09 22:30:00+00:00,0.7649,0.7673,0.7665,0.7649,9949.55,0.7659,7620.360345,9949.55,7620.360345,
2024-03-09 22:35:00+00:00,0.7572,0.7657,0.765,0.7595,17630.78,0.76185,13432.009743,17630.78,13432.009743,
2024-03-09 22:40:00+00:00,0.7587,0.7605,0.7602,0.7593,28511.01,0.759675,21659.10152175,28511.01,21659.10152175,
2024-03-09 22:45:00+00:00,0.759,0.7611,0.759,0.7611,3375.38,0.76005,2565.457569,3375.38,2565.457569,
2024-03-09 22:50:00+00:00,0.7578,0.7614,0.7614,0.7579,9755.35,0.759625,7410.40774375,9755.35,7410.40774375,
2024-03-09 22:55:00+00:00,0.7575,0.7595,0.7585,0.7589,1421.72,0.7586,1078.516792,1421.72,1078.516792,
2024-03-09 23:00:00+00:00,0.7572,0.7599,0.7585,0.7597,8449.12,0.758825,6411.403484,8449.12,6411.403484,
2024-03-09 23:05:00+00:00,0.7583,0.7601,0.7592,0.759,3493.04,0.75915,2651.741316,3493.04,2651.741316,
2024-03-09 23:10:00+00:00,0.7578,0.7597,0.7596,0.7578,4364.53,0.758725,3311.47802425,4364.53,3311.47802425,
2024-03-09 23:15:00+00:00,0.756,0.7582,0.7577,0.7562,27449.09,0.757025,20779.64735725,27449.09,20779.64735725,
2024-03-09 23:20:00+00:00,0.7537,0.7563,0.756,0.7557,11783.53,0.755425,8901.57315025,11783.53,8901.57315025,
2024-03-09 23:25:00+00:00,0.7521,0.7555,0.7555,0.7536,25084.89,0.754175,18918.39691575,25084.89,18918.39691575,
2024-03-09 23:30:00+00:00,0.7527,0.7562,0.7538,0.7562,2507.52,0.754725,1892.488032,2507.52,1892.488032,
2024-03-09 23:35:00+00:00,0.7538,0.7579,0.7569,0.754,4437.35,0.75565,3353.0835275,4437.35,3353.0835275,
2024-03-09 23:40:00+00:00,0.7528,0.7544,0.7538,0.7544,10057.05,0.75385,7581.5071425,10057.05,7581.5071425,
2024-03-09 23:45:00+00:00,0.7521,0.7539,0.753,0.7528,6506.78,0.75295,4899.280001,6506.78,4899.280001,
2024-03-09 23:50:00+00:00,0.7526,0.7538,0.7528,0.7526,4213.4,0.75295,3172.47953,4213.4,3172.47953,
2024-03-09 23:55:00+00:00,0.7519,0.7554,0.7526,0.7554,7523.83,0.753825,5671.65114975,7523.83,5671.65114975,
2024-03-10 00:00:00+00:00,0.7548,0.7606,0.7553,0.7585,24458.46,0.7573,18522.391758,24458.46,18522.391758,
2024-03-10 00:05:00+00:00,0.7599,0.7769,0.7599,0.7748,59209.85,0.767875,45465.76356875,59209.85,45465.76356875,
2024-03-10 00:10:00+00:00,0.7744,0.7862,0.7752,0.7862,83586.87,0.7805,65239.552035,83586.87,65239.552035,
2024-03-10 00:15:00+00:00,0.7791,0.787,0.7862,0.7818,35141.74,0.783525,27534.4318335,35141.74,27534.4318335,
2024-03-10 00:20:00+00:00,0.7816,0.7937,0.7816,0.7827,175731.21,0.7849,137931.426729,175731.21,137931.426729,
2024-03-10 00:25:00+00:00,0.7807,0.7866,0.7843,0.7821,12827.7,0.783425,10049.5408725,12827.7,10049.5408725,
2024-03-10 00:30:00+00:00,0.781,0.788,0.7819,0.7854,22811.35,0.784075,17885.80925125,22811.35,17885.80925125,
2024-03-10 00:35:00+00:00,0.7824,0.7898,0.7858,0.7842,49399.92,0.78555,38806.107156,49399.92,38806.107156,
2024-03-10 00:40:00+00:00,0.7833,0.793,0.7846,0.793,11819.07,0.788475,9319.04121825,11819.07,9319.04121825,
2024-03-10 00:45:00+00:00,0.7906,0.807,0.7937,0.8,413401.52,0.797825,329822.067694,413401.52,329822.067694,
2024-03-10 00:50:00+00:00,0.7967,0.8044,0.7979,0.8019,14315.44,0.800225,11455.572974,14315.44,11455.572974,
2024-03-10 00:55:00+00:00,0.7929,0.8049,0.8012,0.7956,74195.02,0.79865,59255.852723,74195.02,59255.852723,
2024-03-10 01:00:00+00:00,0.7959,0.8014,0.7959,0.7959,32146.8,0.797275,25629.83997,32146.8,25629.83997,
2024-03-10 01:05:00+00:00,0.7832,0.7951,0.7951,0.7832,26453.89,0.78915,20876.0872935,26453.89,20876.0872935,
2024-03-10 01:10:00+00:00,0.7787,0.7841,0.7829,0.779,26455.88,0.781175,20666.672059,26455.88,20666.672059,
2024-03-10 01:15:00+00:00,0.7688,0.7784,0.7784,0.7702,22625.19,0.77395,17510.7658005,22625.19,17510.7658005,
2024-03-10 01:20:00+00:00,0.7649,0.7691,0.7689,0.7654,13541.95,0.767075,10387.69129625,13541.95,10387.69129625,
2024-03-10 01:25:00+00:00,0.757,0.766,0.7654,0.7578,26012.44,0.76155,19809.773682,26012.44,19809.773682,
2024-03-10 01:30:00+00:00,0.7585,0.765,0.7585,0.7628,9259.47,0.7612,7048.308564,9259.47,7048.308564,
2024-03-10 01:35:00+00:00,0.7628,0.7705,0.7641,0.77,11762.61,0.76685,9020.1574785,11762.61,9020.1574785,
2024-03-10 01:40:00+00:00,0.7657,0.7705,0.7685,0.7657,18891.24,0.7676,14500.915824,18891.24,14500.915824,
2024-03-10 01:45:00+00:00,0.7639,0.7668,0.7649,0.7665,9170.49,0.765525,7020.23935725,9170.49,7020.23935725,
2024-03-10 01:50:00+00:00,0.7635,0.7668,0.7667,0.7649,8576.75,0.765475,6565.28770625,8576.75,6565.28770625,
2024-03-10 01:55:00+00:00,0.7635,0.7664,0.7649,0.7657,9154.36,0.765125,7004.229695,9154.36,7004.229695,
2024-03-10 02:00:00+00:00,0.7664,0.7713,0.7664,0.7705,6076.13,0.76865,4670.4173245,6076.13,4670.4173245,
2024-03-10 02:05:00+00:00,0.7681,0.7769,0.7697,0.7769,7675.8,0.7729,5932.62582,7675.8,5932.62582,
2024-03-10 02:10:00+00:00,0.7713,0.7759,0.7759,0.7713,6442.82,0.7736,4984.165552,6442.82,4984.165552,
2024-03-10 02:15:00+00:00,0.77,0.7751,0.7721,0.77,6198.0,0.7718,4783.6164,6198.0,4783.6164,
2024-03-10 02:20:00+00:00,0.7667,0.7702,0.7702,0.768,7715.71,0.768775,5931.64495525,7715.71,5931.64495525,
2024-03-10 02:25:00+00:00,0.7683,0.77,0.7689,0.7689,6067.58,0.769025,4666.1207095,6067.58,4666.1207095,
2024-03-10 02:30:00+00:00,0.766,0.7697,0.7697,0.766,3754.82,0.76785,2883.138537,3754.82,2883.138537,
2024-03-10 02:35:00+00:00,0.7645,0.7682,0.7664,0.7682,13322.92,0.766825,10216.348129,13322.92,10216.348129,
2024-03-10 02:40:00+00:00,0.765,0.7684,0.768,0.765,11063.55,0.7666,8481.31743,11063.55,8481.31743,
2024-03-10 02:45:00+00:00,0.7614,0.7654,0.7654,0.7628,15518.62,0.76375,11852.346025,15518.62,11852.346025,
2024-03-10 02:50:00+00:00,0.7624,0.7666,0.7624,0.7635,5798.91,0.763725,4428.77253975,5798.91,4428.77253975,
2024-03-10 02:55:00+00:00,0.7618,0.7673,0.7628,0.7663,13763.79,0.76455,10523.1056445,13763.79,10523.1056445,
2024-03-10 03:00:00+00:00,0.7641,0.7673,0.7657,0.7673,32062.6,0.7661,24563.15786,32062.6,24563.15786,
2024-03-10 03:05:00+00:00,0.7676,0.7751,0.7681,0.7736,31169.57,0.7711,24034.855427,31169.57,24034.855427,
2024-03-10 03:10:00+00:00,0.7729,0.7768,0.7739,0.7768,3204.25,0.7751,2483.614175,3204.25,2483.614175,
2024-03-10 03:15:00+00:00,0.774,0.7785,0.7774,0.7747,19551.47,0.77615,15174.8734405,19551.47,15174.8734405,
2024-03-10 03:20:00+00:00,0.7736,0.777,0.7737,0.7742,42394.31,0.774625,32839.69238375,42394.31,32839.69238375,
2024-03-10 03:25:00+00:00,0.7736,0.7763,0.7737,0.7751,21154.11,0.774675,16387.56016425,21154.11,16387.56016425,
2024-03-10 03:30:00+00:00,0.7729,0.7762,0.7759,0.7741,16842.74,0.774775,13049.3338835,16842.74,13049.3338835,
2024-03-10 03:35:00+00:00,0.7744,0.7827,0.7744,0.7815,20402.27,0.77825,15878.0666275,20402.27,15878.0666275,
2024-03-10 03:40:00+00:00,0.7803,0.7845,0.7815,0.7845,10877.73,0.7827,8513.999271,10877.73,8513.999271,
2024-03-10 03:45:00+00:00,0.781,0.785,0.7838,0.7842,11159.56,0.7835,8743.51526,11159.56,8743.51526,
2024-03-10 03:50:00+00:00,0.785,0.795,0.785,0.7931,55067.99,0.789525,43477.55480475,55067.99,43477.55480475,
2024-03-10 03:55:00+00:00,0.787,0.7931,0.7931,0.7875,15547.11,0.790175,12284.93764425,15547.11,12284.93764425,
2024-03-10 04:00:00+00:00,0.7858,0.7967,0.7874,0.7951,34571.68,0.79125,27354.8418,34571.68,27354.8418,
2024-03-10 04:05:00+00:00,0.7879,0.7952,0.7944,0.7879,10746.84,0.79135,8504.511834,10746.84,8504.511834,
2024-03-10 04:10:00+00:00,0.7788,0.7901,0.789,0.7788,32926.98,0.784175,25820.5145415,32926.98,25820.5145415,
2024-03-10 04:15:00+00:00,0.7767,0.7844,0.7781,0.7826,14938.83,0.78045,11659.0098735,14938.83,11659.0098735,
2024-03-10 04:20:00+00:00,0.7795,0.7831,0.7827,0.7803,22765.22,0.7814,17788.742908,22765.22,17788.742908,
2024-03-10 04:25:00+00:00,0.7771,0.7818,0.7818,0.7781,15123.7,0.7797,11791.94889,15123.7,11791.94889,
2024-03-10 04:30:00+00:00,0.7788,0.785,0.7788,0.785,7691.68,0.7819,6014.124592,7691.68,6014.124592,
2024-03-10 04:35:00+00:00,0.7786,0.7866,0.7858,0.7786,9515.52,0.7824,7444.942848,9515.52,7444.942848,
2024-03-10 04:40:00+00:00,0.7767,0.7795,0.7795,0.7781,10411.57,0.77845,8104.8866665,10411.57,8104.8866665,
2024-03-10 04:45:00+00:00,0.7768,0.783,0.7768,0.7817,6362.82,0.779575,4960.2954015,6362.82,4960.2954015,
2024-03-10 04:50:00+00:00,0.7818,0.7906,0.7818,0.7888,10719.97,0.78575,8423.2164275,10719.97,8423.2164275,
2024-03-10 04:55:00+00:00,0.785,0.7898,0.7882,0.7898,3383.38,0.7882,2666.780116,3383.38,2666.780116,
2024-03-10 05:00:00+00:00,0.7854,0.7914,0.7896,0.7867,6043.28,0.788275,4763.766542,6043.28,4763.766542,
2024-03-10 05:05:00+00:00,0.7818,0.7858,0.7856,0.7858,11237.7,0.78475,8818.785075,11237.7,8818.785075,
2024-03-10 05:10:00+00:00,0.781,0.7866,0.7862,0.781,11141.0,0.7837,8731.2017,11141.0,8731.2017,
2024-03-10 05:15:00+00:00,0.7799,0.7842,0.7818,0.7842,6003.58,0.782525,4697.9514395,6003.58,4697.9514395,
2024-03-10 05:20:00+00:00,0.781,0.7834,0.783,0.781,1873.03,0.7821,1464.896763,1873.03,1464.896763,
2024-03-10 05:25:00+00:00,0.78,0.7838,0.7817,0.7811,7164.79,0.78165,5600.3581035,7164.79,5600.3581035,
2024-03-10 05:30:00+00:00,0.779,0.7834,0.7813,0.7833,7856.39,0.78175,6141.7328825,7856.39,6141.7328825,
2024-03-10 05:35:00+00:00,0.7818,0.7914,0.7823,0.7914,35091.39,0.786725,27607.27379775,35091.39,27607.27379775,
2024-03-10 05:40:00+00:00,0.7911,0.7959,0.7922,0.793,30334.31,0.79305,24056.6245455,30334.31,24056.6245455,
2024-03-10 05:45:00+00:00,0.7874,0.7937,0.7931,0.7875,15059.82,0.790425,11903.6582235,15059.82,11903.6582235,
2024-03-10 05:50:00+00:00,0.7854,0.7898,0.7872,0.7866,12924.65,0.78725,10174.9307125,12924.65,10174.9307125,
2024-03-10 05:55:00+00:00,0.784,0.789,0.7863,0.7862,46499.27,0.786375,36565.86344625,46499.27,36565.86344625,
2024-03-10 06:00:00+00:00,0.7826,0.7873,0.7864,0.7842,18069.77,0.785125,14187.02817125,18069.77,14187.02817125,
2024-03-10 06:05:00+00:00,0.7807,0.785,0.7835,0.7848,2330.38,0.7835,1825.85273,2330.38,1825.85273,
2024-03-10 06:10:00+00:00,0.7826,0.7951,0.7826,0.7936,11381.29,0.788475,8973.86263275,11381.29,8973.86263275,
2024-03-10 06:15:00+00:00,0.7906,0.7954,0.7944,0.7906,16990.98,0.79275,13469.599395,16990.98,13469.599395,
2024-03-10 06:20:00+00:00,0.7882,0.7932,0.791,0.7897,24063.41,0.790525,19022.72719025,24063.41,19022.72719025,
2024-03-10 06:25:00+00:00,0.7897,0.7967,0.7897,0.7945,24193.76,0.79265,19177.183864,24193.76,19177.183864,
2024-03-10 06:30:00+00:00,0.7922,0.799,0.7955,0.7985,12859.96,0.7963,10240.386148,12859.96,10240.386148,
2024-03-10 06:35:00+00:00,0.7975,0.806,0.7989,0.8038,54166.49,0.80155,43417.1500595,54166.49,43417.1500595,
2024-03-10 06:40:00+00:00,0.7905,0.8061,0.8061,0.7944,20564.8,0.799275,16436.93052,20564.8,16436.93052,
2024-03-10 06:45:00+00:00,0.7914,0.7959,0.7937,0.7951,29806.69,0.794025,23667.25702725,29806.69,23667.25702725,
2024-03-10 06:50:00+00:00,0.7929,0.8002,0.7953,0.7984,25484.4,0.7967,20303.42148,25484.4,20303.42148,
2024-03-10 06:55:00+00:00,0.7967,0.7999,0.7988,0.7996,12815.48,0.79875,10236.36465,12815.48,10236.36465,
2024-03-10 07:00:00+00:00,0.797,0.8065,0.7988,0.8007,26528.44,0.80075,21242.64833,26528.44,21242.64833,
2024-03-10 07:05:00+00:00,0.7989,0.804,0.8033,0.8002,24515.75,0.8016,19651.8252,24515.75,19651.8252,
2024-03-10 07:10:00+00:00,0.7925,0.7995,0.7992,0.7961,32047.52,0.796825,25536.265124,32047.52,25536.265124,
2024-03-10 07:15:00+00:00,0.7904,0.7961,0.7951,0.7937,8980.44,0.793825,7128.897783,8980.44,7128.897783,
2024-03-10 07:20:00+00:00,0.7911,0.7945,0.793,0.7911,4371.72,0.792425,3464.260221,4371.72,3464.260221,
2024-03-10 07:25:00+00:00,0.787,0.7951,0.7926,0.788,9283.09,0.790675,7339.90718575,9283.09,7339.90718575,
2024-03-10 07:30:00+00:00,0.7858,0.789,0.787,0.7858,10911.5,0.7869,8586.25935,10911.5,8586.25935,
2024-03-10 07:35:00+00:00,0.7801,0.7855,0.7851,0.781,42817.67,0.782925,33523.02428475,42817.67,33523.02428475,
2024-03-10 07:40:00+00:00,0.7794,0.782,0.7806,0.7815,8023.47,0.780875,6265.32713625,8023.47,6265.32713625,
2024-03-10 07:45:00+00:00,0.7776,0.782,0.7819,0.7793,7954.35,0.7802,6205.98387,7954.35,6205.98387,
2024-03-10 07:50:00+00:00,0.7774,0.7818,0.7788,0.7795,13037.75,0.779375,10161.29640625,13037.75,10161.29640625,
2024-03-10 07:55:00+00:00,0.7788,0.7834,0.78,0.7834,6318.58,0.7814,4937.338412,6318.58,4937.338412,
2024-03-10 08:00:00+00:00,0.782,0.7878,0.7832,0.7874,15659.05,0.7851,12293.920155,15659.05,12293.920155,
2024-03-10 08:05:00+00:00,0.7842,0.7882,0.7858,0.7877,5808.9,0.786475,4568.5546275,5808.9,4568.5546275,
2024-03-10 08:10:00+00:00,0.785,0.7877,0.7874,0.7877,7174.78,0.78695,5646.193121,7174.78,5646.193121,
2024-03-10 08:15:00+00:00,0.7858,0.7901,0.7866,0.7898,6277.13,0.788075,4946.84922475,6277.13,4946.84922475,
2024-03-10 08:20:00+00:00,0.7896,0.7944,0.7906,0.7933,2018.41,0.791975,1598.53025975,2018.41,1598.53025975,
2024-03-10 08:25:00+00:00,0.7922,0.797,0.7936,0.797,8882.56,0.79495,7061.191072,8882.56,7061.191072,
2024-03-10 08:30:00+00:00,0.7944,0.8223,0.7959,0.8186,104235.5,0.8078,84201.4369,104235.5,84201.4369,
2024-03-10 08:35:00+00:00,0.8131,0.8282,0.8191,0.8197,87862.14,0.820025,72049.1513535,87862.14,72049.1513535,
2024-03-10 08:40:00+00:00,0.8135,0.8213,0.8206,0.816,67984.12,0.81785,55600.812542,67984.12,55600.812542,
2024-03-10 08:45:00+00:00,0.8105,0.8188,0.8154,0.8126,37623.01,0.814325,30637.35761825,37623.01,30637.35761825,
2024-03-10 08:50:00+00:00,0.8079,0.8113,0.8113,0.8096,19140.17,0.810025,15504.01620425,19140.17,15504.01620425,
2024-03-10 08:55:00+00:00,0.8046,0.8097,0.8097,0.8065,14031.76,0.807625,11332.40017,14031.76,11332.40017,
2024-03-10 09:00:00+00:00,0.7988,0.8062,0.8059,0.8004,24420.54,0.802825,19605.4200255,24420.54,19605.4200255,
2024-03-10 09:05:00+00:00,0.7975,0.8059,0.7996,0.8052,19496.24,0.80205,15636.959292,19496.24,15636.959292,
2024-03-10 09:10:00+00:00,0.8065,0.8147,0.8065,0.8142,21453.44,0.810475,17387.476784,21453.44,17387.476784,
2024-03-10 09:15:00+00:00,0.8083,0.8158,0.8128,0.8114,27312.17,0.812075,22179.53045275,27312.17,22179.53045275,
2024-03-10 09:20:00+00:00,0.7906,0.8081,0.8078,0.7975,33735.88,0.801,27022.43988,33735.88,27022.43988,
2024-03-10 09:25:00+00:00,0.7977,0.8023,0.7982,0.7999,25775.63,0.799525,20608.26057575,25775.63,20608.26057575,
2024-03-10 09:30:00+00:00,0.7894,0.8046,0.8046,0.7956,20438.65,0.79855,16321.2839575,20438.65,16321.2839575,
2024-03-10 09:35:00+00:00,0.7876,0.7986,0.7966,0.7914,17376.85,0.79355,13789.3993175,17376.85,13789.3993175,
2024-03-10 09:40:00+00:00,0.7868,0.7965,0.7906,0.7914,47024.03,0.791325,37211.29053975,47024.03,37211.29053975,
2024-03-10 09:45:00+00:00,0.7866,0.7922,0.7912,0.7886,13866.97,0.78965,10950.0528605,13866.97,10950.0528605,
2024-03-10 09:50:00+00:00,0.7841,0.7874,0.7864,0.785,8586.61,0.785725,6746.71414225,8586.61,6746.71414225,
2024-03-10 09:55:00+00:00,0.7826,0.7922,0.7868,0.7826,20540.58,0.78605,16145.922909,20540.58,16145.922909,
2024-03-10 10:00:00+00:00,0.7833,0.7874,0.7847,0.785,7393.63,0.7851,5804.738913,7393.63,5804.738913,
2024-03-10 10:05:00+00:00,0.7858,0.7914,0.7858,0.7908,13118.33,0.78845,10343.1472885,13118.33,10343.1472885,
2024-03-10 10:10:00+00:00,0.7818,0.7893,0.7886,0.7827,2443.38,0.7856,1919.519328,2443.38,1919.519328,
2024-03-10 10:15:00+00:00,0.7812,0.7859,0.7821,0.7859,1472.08,0.783775,1153.779502,1472.08,1153.779502,
2024-03-10 10:20:00+00:00,0.7814,0.7863,0.7853,0.7834,7538.49,0.7841,5910.930009,7538.49,5910.930009,
2024-03-10 10:25:00+00:00,0.7781,0.7828,0.7828,0.7809,11279.14,0.78115,8810.700211,11279.14,8810.700211,
2024-03-10 10:30:00+00:00,0.7787,0.7866,0.7795,0.7865,9697.85,0.782825,7591.71942625,9697.85,7591.71942625,
2024-03-10 10:35:00+00:00,0.7874,0.7903,0.7874,0.7895,11597.0,0.78865,9145.97405,11597.0,9145.97405,
2024-03-10 10:40:00+00:00,0.7858,0.7898,0.7882,0.7894,9477.57,0.7883,7471.168431,9477.57,7471.168431,
2024-03-10 10:45:00+00:00,0.7844,0.7909,0.7901,0.7873,9378.97,0.788175,7392.26967975,9378.97,7392.26967975,
2024-03-10 10:50:00+00:00,0.787,0.7898,0.7873,0.7891,31314.4,0.7883,24685.14152,31314.4,24685.14152,
2024-03-10 10:55:00+00:00,0.7867,0.7983,0.7893,0.7983,84572.84,0.79315,67078.948046,84572.84,67078.948046,
2024-03-10 11:00:00+00:00,0.7914,0.8003,0.799,0.7996,76421.24,0.797575,60951.670493,76421.24,60951.670493,
2024-03-10 11:05:00+00:00,0.797,0.8029,0.7998,0.797,101768.93,0.799175,81331.18463275,101768.93,81331.18463275,
2024-03-10 11:10:00+00:00,0.7959,0.7983,0.7973,0.7967,75428.22,0.79705,60120.062751,75428.22,60120.062751,
2024-03-10 11:15:00+00:00,0.7947,0.823,0.7974,0.8228,84316.48,0.809475,68252.082648,84316.48,68252.082648,
2024-03-10 11:20:00+00:00,0.8103,0.8229,0.8225,0.8128,32449.38,0.817125,26515.1996325,32449.38,26515.1996325,
2024-03-10 11:25:00+00:00,0.8074,0.8167,0.8126,0.8151,72308.18,0.81295,58782.934931,72308.18,58782.934931,
2024-03-10 11:30:00+00:00,0.8087,0.8212,0.8146,0.8087,26992.09,0.8133,21952.666797,26992.09,21952.666797,
2024-03-10 11:35:00+00:00,0.8076,0.8134,0.8081,0.8124,23734.74,0.810375,19234.0399275,23734.74,19234.0399275,
2024-03-10 11:40:00+00:00,0.8102,0.8154,0.8117,0.8102,10359.63,0.811875,8410.72460625,10359.63,8410.72460625,
2024-03-10 11:45:00+00:00,0.8027,0.8093,0.8093,0.8039,67223.63,0.8063,54202.412869,67223.63,54202.412869,
2024-03-10 11:50:00+00:00,0.8009,0.8044,0.8044,0.8025,13576.26,0.80305,10902.415593,13576.26,10902.415593,
2024-03-10 11:55:00+00:00,0.8021,0.806,0.803,0.8038,34568.13,0.803725,27783.27028425,34568.13,27783.27028425,
2024-03-10 12:00:00+00:00,0.8038,0.8087,0.804,0.8079,22638.43,0.8061,18248.838423,22638.43,18248.838423,
2024-03-10 12:05:00+00:00,0.8031,0.8121,0.8081,0.8031,64258.5,0.8066,51830.9061,64258.5,51830.9061,
2024-03-10 12:10:00+00:00,0.7987,0.804,0.804,0.799,12162.78,0.801425,9747.5559615,12162.78,9747.5559615,
2024-03-10 12:15:00+00:00,0.7975,0.8087,0.7983,0.8087,19301.39,0.8033,15504.806587,19301.39,15504.806587,
2024-03-10 12:20:00+00:00,0.8023,0.8072,0.8072,0.8026,3756.71,0.804825,3023.49412575,3756.71,3023.49412575,
2024-03-10 12:25:00+00:00,0.7964,0.8018,0.8018,0.7975,14857.08,0.799375,11876.378325,14857.08,11876.378325,
2024-03-10 12:30:00+00:00,0.7922,0.7967,0.7967,0.7922,9293.56,0.79445,7383.268742,9293.56,7383.268742,
2024-03-10 12:35:00+00:00,0.789,0.7937,0.7915,0.793,23664.51,0.7918,18737.559018,23664.51,18737.559018,
2024-03-10 12:40:00+00:00,0.7906,0.7982,0.7933,0.7957,58744.93,0.79445,46669.9096385,58744.93,46669.9096385,
2024-03-10 12:45:00+00:00,0.795,0.8015,0.7959,0.8015,16796.38,0.798475,13411.4895205,16796.38,13411.4895205,
2024-03-10 12:50:00+00:00,0.7963,0.8015,0.8015,0.7991,18181.37,0.7996,14537.823452,18181.37,14537.823452,
2024-03-10 12:55:00+00:00,0.7959,0.8,0.7983,0.7983,14479.71,0.798125,11556.61854375,14479.71,11556.61854375,
2024-03-10 13:00:00+00:00,0.7959,0.7999,0.7982,0.7959,13578.1,0.797475,10828.1952975,13578.1,10828.1952975,
2024-03-10 13:05:00+00:00,0.7951,0.799,0.7964,0.7951,9178.06,0.7964,7309.406984,9178.06,7309.406984,
2024-03-10 13:10:00+00:00,0.7905,0.7975,0.7959,0.7905,29948.87,0.7936,23767.423232,29948.87,23767.423232,
2024-03-10 13:15:00+00:00,0.7869,0.7913,0.7913,0.7874,4718.76,0.789225,3724.163361,4718.76,3724.163361,
2024-03-10 13:20:00+00:00,0.7856,0.7898,0.7882,0.7864,6325.74,0.7875,4981.52025,6325.74,4981.52025,
2024-03-10 13:25:00+00:00,0.7842,0.7867,0.7857,0.7845,11272.77,0.785275,8852.22446175,11272.77,8852.22446175,
2024-03-10 13:30:00+00:00,0.7851,0.7909,0.7855,0.7909,15931.45,0.7881,12555.575745,15931.45,12555.575745,
2024-03-10 13:35:00+00:00,0.7891,0.7944,0.7905,0.7891,22700.38,0.790775,17950.8929945,22700.38,17950.8929945,
2024-03-10 13:40:00+00:00,0.7871,0.7906,0.789,0.7895,9302.23,0.78905,7339.9245815,9302.23,7339.9245815,
2024-03-10 13:45:00+00:00,0.781,0.7896,0.789,0.781,81085.81,0.78515,63664.5237215,81085.81,63664.5237215,
2024-03-10 13:50:00+00:00,0.7795,0.785,0.7808,0.7818,17164.76,0.781775,13418.980249,17164.76,13418.980249,
2024-03-10 13:55:00+00:00,0.7741,0.781,0.781,0.7795,37651.57,0.7789,29326.807873,37651.57,29326.807873,
2024-03-10 14:00:00+00:00,0.7789,0.7859,0.78,0.7852,22225.51,0.7825,17391.461575,22225.51,17391.461575,
2024-03-10 14:05:00+00:00,0.782,0.789,0.7847,0.789,14119.24,0.786175,11100.193507,14119.24,11100.193507,
2024-03-10 14:10:00+00:00,0.7809,0.7906,0.7898,0.7833,10117.83,0.78615,7954.1320545,10117.83,7954.1320545,
2024-03-10 14:15:00+00:00,0.7819,0.7908,0.7821,0.7882,7768.4,0.78575,6104.0203,7768.4,6104.0203,
2024-03-10 14:20:00+00:00,0.7831,0.7881,0.7881,0.7881,49303.69,0.78685,38794.6084765,49303.69,38794.6084765,
2024-03-10 14:25:00+00:00,0.7866,0.7907,0.7882,0.7907,11943.07,0.78905,9423.6793835,11943.07,9423.6793835,
2024-03-10 14:30:00+00:00,0.7866,0.7922,0.7909,0.7882,13793.6,0.789475,10889.70236,13793.6,10889.70236,
2024-03-10 14:35:00+00:00,0.7815,0.7874,0.7874,0.7826,19825.86,0.784725,15557.8479885,19825.86,15557.8479885,
2024-03-10 14:40:00+00:00,0.7698,0.7834,0.7829,0.7751,47698.29,0.7778,37099.729962,47698.29,37099.729962,
2024-03-10 14:45:00+00:00,0.7774,0.7874,0.7774,0.7866,36963.58,0.7822,28912.912276,36963.58,28912.912276,
2024-03-10 14:50:00+00:00,0.7809,0.7869,0.7855,0.783,16182.6,0.784075,12688.372095,16182.6,12688.372095,
2024-03-10 14:55:00+00:00,0.7599,0.7829,0.7829,0.7826,178873.84,0.777075,138998.389218,178873.84,138998.389218,
2024-03-10 15:00:00+00:00,0.7809,0.7842,0.7818,0.7818,15992.89,0.782175,12509.23873575,15992.89,12509.23873575,
2024-03-10 15:05:00+00:00,0.7759,0.7838,0.7823,0.7771,30648.71,0.779775,23899.09784025,30648.71,23899.09784025,
2024-03-10 15:10:00+00:00,0.7754,0.7788,0.7774,0.7767,21407.34,0.777075,16635.1087305,21407.34,16635.1087305,
2024-03-10 15:15:00+00:00,0.7695,0.7781,0.7773,0.7713,18521.06,0.77405,14336.226493,18521.06,14336.226493,
2024-03-10 15:20:00+00:00,0.7696,0.7744,0.7714,0.7732,19026.83,0.77215,14691.5667845,19026.83,14691.5667845,
2024-03-10 15:25:00+00:00,0.7727,0.7768,0.7729,0.7763,16722.41,0.774675,12954.43296675,16722.41,12954.43296675,
2024-03-10 15:30:00+00:00,0.775,0.7803,0.7767,0.7781,21557.73,0.777525,16761.67401825,21557.73,16761.67401825,
2024-03-10 15:35:00+00:00,0.7756,0.7803,0.7782,0.7795,17176.38,0.7784,13370.094192,17176.38,13370.094192,
2024-03-10 15:40:00+00:00,0.7777,0.7845,0.7788,0.7845,28555.05,0.781375,22312.20219375,28555.05,22312.20219375,
2024-03-10 15:45:00+00:00,0.781,0.785,0.7845,0.7847,9819.74,0.7838,7696.712212,9819.74,7696.712212,
2024-03-10 15:50:00+00:00,0.7818,0.7885,0.784,0.7885,11774.2,0.7857,9250.98894,11774.2,9250.98894,
2024-03-10 15:55:00+00:00,0.7882,0.7955,0.7882,0.7944,23246.94,0.791575,18401.6965305,23246.94,18401.6965305,
2024-03-10 16:00:00+00:00,0.7914,0.8015,0.7939,0.8,41505.06,0.7967,33067.081302,41505.06,33067.081302,
2024-03-10 16:05:00+00:00,0.7882,0.801,0.7999,0.8006,61014.15,0.797425,48654.20856375,61014.15,48654.20856375,
2024-03-10 16:10:00+00:00,0.7983,0.8183,0.8015,0.8023,117537.98,0.8051,94629.827698,117537.98,94629.827698,
2024-03-10 16:15:00+00:00,0.802,0.8103,0.8032,0.8063,15042.96,0.80545,12116.352132,15042.96,12116.352132,
2024-03-10 16:20:00+00:00,0.8007,0.8135,0.8055,0.8129,26075.13,0.80815,21072.6163095,26075.13,21072.6163095,
2024-03-10 16:25:00+00:00,0.8069,0.8152,0.8135,0.8135,40201.76,0.812275,32654.884604,40201.76,32654.884604,
2024-03-10 16:30:00+00:00,0.7991,0.814,0.8127,0.7999,14079.04,0.806425,11353.689832,14079.04,11353.689832,
2024-03-10 16:35:00+00:00,0.795,0.8001,0.7991,0.799,8416.56,0.7983,6718.939848,8416.56,6718.939848,
2024-03-10 16:40:00+00:00,0.7959,0.8015,0.8,0.7967,38358.88,0.798525,30630.524652,38358.88,30630.524652,
2024-03-10 16:45:00+00:00,0.7932,0.7971,0.7959,0.7954,6459.34,0.7954,5137.759036,6459.34,5137.759036,
2024-03-10 16:50:00+00:00,0.7937,0.8055,0.7954,0.8055,17349.21,0.800025,13879.80173025,17349.21,13879.80173025,
2024-03-10 16:55:00+00:00,0.8015,0.8047,0.8047,0.8021,5074.35,0.80325,4075.9716375,5074.35,4075.9716375,
2024-03-10 17:00:00+00:00,0.8015,0.8047,0.8019,0.8039,7892.76,0.803,6337.88628,7892.76,6337.88628,
2024-03-10 17:05:00+00:00,0.8015,0.81,0.8033,0.8063,7916.3,0.805275,6374.7984825,7916.3,6374.7984825,
2024-03-10 17:10:00+00:00,0.8047,0.8099,0.8055,0.8065,27114.59,0.80665,21871.9840235,27114.59,21871.9840235,
2024-03-10 17:15:00+00:00,0.7983,0.8086,0.8079,0.7988,10634.19,0.8034,8543.508246,10634.19,8543.508246,
2024-03-10 17:20:00+00:00,0.7959,0.802,0.7977,0.8007,36940.78,0.799075,29518.4537785,36940.78,29518.4537785,
2024-03-10 17:25:00+00:00,0.7959,0.8017,0.801,0.7975,33050.16,0.799025,26407.904094,33050.16,26407.904094,
2024-03-10 17:30:00+00:00,0.7956,0.7991,0.7975,0.7956,3451.18,0.79695,2750.417901,3451.18,2750.417901,
2024-03-10 17:35:00+00:00,0.7957,0.7991,0.7957,0.7981,7542.0,0.79715,6012.1053,7542.0,6012.1053,
2024-03-10 17:40:00+00:00,0.7928,0.7967,0.7967,0.7944,20717.87,0.79515,16473.8143305,20717.87,16473.8143305,
2024-03-10 17:45:00+00:00,0.7916,0.7959,0.7951,0.7931,3142.52,0.793925,2494.925191,3142.52,2494.925191,
2024-03-10 17:50:00+00:00,0.7882,0.7933,0.793,0.7892,45347.13,0.790925,35866.17879525,45347.13,35866.17879525,
2024-03-10 17:55:00+00:00,0.7886,0.7906,0.7898,0.7895,21905.82,0.789625,17297.3831175,21905.82,17297.3831175,
2024-03-10 18:00:00+00:00,0.7886,0.8023,0.7899,0.7985,12458.92,0.794825,9902.661089,12458.92,9902.661089,
2024-03-10 18:05:00+00:00,0.7964,0.8015,0.7974,0.8015,3201.52,0.7992,2558.654784,3201.52,2558.654784,
2024-03-10 18:10:00+00:00,0.7968,0.7999,0.7991,0.7987,18210.79,0.798625,14543.59216375,18210.79,14543.59216375,
2024-03-10 18:15:00+00:00,0.7955,0.8031,0.799,0.8031,21388.17,0.800175,17114.27892975,21388.17,17114.27892975,
2024-03-10 18:20:00+00:00,0.7987,0.8031,0.8015,0.8007,9098.05,0.801,7287.53805,9098.05,7287.53805,
2024-03-10 18:25:00+00:00,0.7964,0.8031,0.8001,0.7967,41773.49,0.799075,33380.15152175,41773.49,33380.15152175,
2024-03-10 18:30:00+00:00,0.7946,0.7994,0.7976,0.7962,10774.97,0.79695,8587.1123415,10774.97,8587.1123415,
2024-03-10 18:35:00+00:00,0.7926,0.7959,0.795,0.7926,16350.06,0.794025,12982.3563915,16350.06,12982.3563915,
2024-03-10 18:40:00+00:00,0.7918,0.7951,0.7937,0.7937,11626.86,0.793575,9226.7854245,11626.86,9226.7854245,
2024-03-10 18:45:00+00:00,0.7922,0.7974,0.7944,0.7974,5704.55,0.79535,4537.1138425,5704.55,4537.1138425,
2024-03-10 18:50:00+00:00,0.7967,0.8011,0.797,0.8003,6223.39,0.798775,4971.08834725,6223.39,4971.08834725,
2024-03-10 18:55:00+00:00,0.7959,0.8026,0.8015,0.7979,15326.63,0.799475,12253.25751925,15326.63,12253.25751925,
2024-03-10 19:00:00+00:00,0.7971,0.8034,0.7976,0.8009,52941.26,0.79975,42339.772685,52941.26,42339.772685,
2024-03-10 19:05:00+00:00,0.8007,0.8055,0.8007,0.805,40228.84,0.802975,32302.752799,40228.84,32302.752799,
2024-03-10 19:10:00+00:00,0.8015,0.8063,0.8047,0.8015,20292.19,0.8035,16304.774665,20292.19,16304.774665,
2024-03-10 19:15:00+00:00,0.7983,0.8047,0.8023,0.7983,21922.63,0.8009,17557.834367,21922.63,17557.834367,
2024-03-10 19:20:00+00:00,0.7951,0.7987,0.7977,0.7967,10114.82,0.79705,8062.017281,10114.82,8062.017281,
2024-03-10 19:25:00+00:00,0.7967,0.7982,0.7971,0.7971,3604.01,0.797275,2873.38707275,3604.01,2873.38707275,
2024-03-10 19:30:00+00:00,0.7927,0.7983,0.7975,0.7937,29874.02,0.79555,23766.276611,29874.02,23766.276611,
2024-03-10 19:35:00+00:00,0.7925,0.794,0.793,0.7925,3429.79,0.793,2719.82347,3429.79,2719.82347,
2024-03-10 19:40:00+00:00,0.7911,0.7939,0.7924,0.7939,25855.0,0.792825,20498.490375,25855.0,20498.490375,
2024-03-10 19:45:00+00:00,0.7917,0.7961,0.7937,0.7946,22191.93,0.794025,17620.94721825,22191.93,17620.94721825,
2024-03-10 19:50:00+00:00,0.793,0.7954,0.7934,0.7935,6445.16,0.793825,5116.329137,6445.16,5116.329137,
2024-03-10 19:55:00+00:00,0.7925,0.7945,0.794,0.794,9041.03,0.79375,7176.3175625,9041.03,7176.3175625,
2024-03-10 20:00:00+00:00,0.7906,0.7937,0.7937,0.7922,2420.41,0.79255,1918.2959455,2420.41,1918.2959455,
2024-03-10 20:05:00+00:00,0.7921,0.7977,0.7928,0.7959,14878.13,0.794625,11822.53405125,14878.13,11822.53405125,
2024-03-10 20:10:00+00:00,0.7927,0.7963,0.7957,0.7937,14349.78,0.7946,11402.335188,14349.78,11402.335188,
2024-03-10 20:15:00+00:00,0.7922,0.7956,0.7936,0.7922,2629.0,0.7934,2085.8486,2629.0,2085.8486,
2024-03-10 20:20:00+00:00,0.788,0.7925,0.7925,0.7892,17073.34,0.79055,13497.328937,17073.34,13497.328937,
2024-03-10 20:25:00+00:00,0.7876,0.7909,0.7892,0.7898,11135.62,0.789375,8790.1800375,11135.62,8790.1800375,
2024-03-10 20:30:00+00:00,0.7895,0.7937,0.7902,0.7937,3165.41,0.791775,2506.29250275,3165.41,2506.29250275,
2024-03-10 20:35:00+00:00,0.7888,0.7949,0.7934,0.791,20935.96,0.792025,16581.803719,20935.96,16581.803719,
2024-03-10 20:40:00+00:00,0.7914,0.7959,0.7914,0.7956,7750.44,0.793575,6150.555423,7750.44,6150.555423,
2024-03-10 20:45:00+00:00,0.7955,0.7996,0.7967,0.7967,28369.08,0.797125,22613.702895,28369.08,22613.702895,
2024-03-10 20:50:00+00:00,0.7941,0.796,0.7959,0.7944,8595.68,0.7951,6834.425168,8595.68,6834.425168,
2024-03-10 20:55:00+00:00,0.7936,0.7967,0.7951,0.7967,6646.99,0.795525,5287.84671975,6646.99,5287.84671975,
2024-03-10 21:00:00+00:00,0.7954,0.8015,0.7968,0.8011,13555.02,0.7987,10826.394474,13555.02,10826.394474,
2024-03-10 21:05:00+00:00,0.8007,0.8057,0.8007,0.8051,35716.54,0.80305,28682.167447,35716.54,28682.167447,
2024-03-10 21:10:00+00:00,0.8015,0.8053,0.8039,0.8015,13837.69,0.80305,11112.3569545,13837.69,11112.3569545,
2024-03-10 21:15:00+00:00,0.7991,0.8025,0.8023,0.8008,7027.79,0.801175,5630.48965325,7027.79,5630.48965325,
2024-03-10 21:20:00+00:00,0.793,0.7999,0.7999,0.7935,2713.73,0.796575,2161.68947475,2713.73,2161.68947475,
2024-03-10 21:25:00+00:00,0.7898,0.7926,0.7925,0.7905,13696.71,0.79135,10838.8914585,13696.71,10838.8914585,
2024-03-10 21:30:00+00:00,0.7909,0.7974,0.7909,0.7974,9852.48,0.79415,7824.346992,9852.48,7824.346992,
2024-03-10 21:35:00+00:00,0.7961,0.8021,0.7971,0.8013,7718.48,0.79915,6168.223292,7718.48,6168.223292,
2024-03-10 21:40:00+00:00,0.7963,0.8007,0.8007,0.7973,6423.68,0.79875,5130.9144,6423.68,5130.9144,
2024-03-10 21:45:00+00:00,0.7973,0.7987,0.7983,0.7979,29452.81,0.79805,23504.8150205,29452.81,23504.8150205,
2024-03-10 21:50:00+00:00,0.7951,0.798,0.798,0.7951,33856.87,0.79655,26968.6897985,33856.87,26968.6897985,
2024-03-10 21:55:00+00:00,0.7914,0.795,0.795,0.7917,6247.61,0.793275,4956.07282275,6247.61,4956.07282275,
2024-03-10 22:00:00+00:00,0.7899,0.7934,0.7921,0.7919,8037.11,0.791825,6363.98462575,8037.11,6363.98462575,
2024-03-10 22:05:00+00:00,0.7886,0.7916,0.7906,0.789,26907.83,0.78995,21255.8403085,26907.83,21255.8403085,
2024-03-10 22:10:00+00:00,0.7816,0.7882,0.7882,0.7832,95607.95,0.7853,75080.923135,95607.95,75080.923135,
2024-03-10 22:15:00+00:00,0.779,0.7831,0.7831,0.7804,52429.51,0.7814,40968.419114,52429.51,40968.419114,
2024-03-10 22:20:00+00:00,0.781,0.789,0.781,0.7874,28060.21,0.7846,22016.040766,28060.21,22016.040766,
2024-03-10 22:25:00+00:00,0.7817,0.7872,0.7866,0.7844,17457.33,0.784975,13703.56761675,17457.33,13703.56761675,
2024-03-10 22:30:00+00:00,0.7788,0.786,0.7839,0.7793,12256.08,0.782,9584.25456,12256.08,9584.25456,
2024-03-10 22:35:00+00:00,0.7785,0.7834,0.7795,0.783,3059.82,0.7811,2390.025402,3059.82,2390.025402,
2024-03-10 22:40:00+00:00,0.7767,0.7826,0.7826,0.7767,11185.91,0.77965,8721.0947315,11185.91,8721.0947315,
2024-03-10 22:45:00+00:00,0.7772,0.7866,0.7774,0.7865,5172.84,0.781925,4044.772917,5172.84,4044.772917,
2024-03-10 22:50:00+00:00,0.7833,0.7906,0.7874,0.7866,39857.24,0.786975,31366.651449,39857.24,31366.651449,
2024-03-10 22:55:00+00:00,0.7767,0.7858,0.7858,0.7831,21616.58,0.78285,16922.539653,21616.58,16922.539653,
2024-03-10 23:00:00+00:00,0.7818,0.7839,0.783,0.7834,7051.7,0.783025,5521.6573925,7051.7,5521.6573925,
2024-03-10 23:05:00+00:00,0.7826,0.7866,0.7827,0.7865,5688.09,0.7846,4462.875414,5688.09,4462.875414,
2024-03-10 23:10:00+00:00,0.7858,0.7874,0.7859,0.7867,9871.68,0.78645,7763.582736,9871.68,7763.582736,
2024-03-10 23:15:00+00:00,0.7827,0.7858,0.7858,0.7857,14954.93,0.785,11739.62005,14954.93,11739.62005,
2024-03-10 23:20:00+00:00,0.7826,0.785,0.7842,0.7826,1637.09,0.7836,1282.823724,1637.09,1282.823724,
2024-03-10 23:25:00+00:00,0.7811,0.7844,0.7827,0.7831,14218.43,0.782825,11130.54246475,14218.43,11130.54246475,
2024-03-10 23:30:00+00:00,0.7757,0.7826,0.7826,0.7777,29885.31,0.77965,23300.0819415,29885.31,23300.0819415,
2024-03-10 23:35:00+00:00,0.7779,0.7818,0.7779,0.7816,14362.43,0.7798,11199.822914,14362.43,11199.822914,
2024-03-10 23:40:00+00:00,0.7802,0.7821,0.7815,0.781,24917.14,0.7812,19465.269768,24917.14,19465.269768,
2024-03-10 23:45:00+00:00,0.781,0.784,0.781,0.7832,10423.44,0.7823,8154.257112,10423.44,8154.257112,
2024-03-10 23:50:00+00:00,0.7827,0.7842,0.7827,0.783,2661.83,0.78315,2084.6121645,2661.83,2084.6121645,
2024-03-10 23:55:00+00:00,0.7815,0.7833,0.7833,0.7821,16130.18,0.78255,12622.672359,16130.18,12622.672359,
2024-03-11 00:00:00+00:00,0.7767,0.7794,0.7794,0.7767,3691.87,0.77805,2872.4594535,3691.87,2872.4594535,
2024-03-11 00:05:00+00:00,0.7721,0.7781,0.7759,0.774,22353.92,0.775025,17324.846848,22353.92,17324.846848,
2024-03-11 00:10:00+00:00,0.7711,0.7751,0.7737,0.7734,10312.58,0.773325,7974.9759285,10312.58,7974.9759285,
2024-03-11 00:15:00+00:00,0.7709,0.7761,0.7744,0.7713,18870.44,0.773175,14590.152447,18870.44,14590.152447,
2024-03-11 00:20:00+00:00,0.763,0.7714,0.7713,0.7641,27189.01,0.76745,20866.2057245,27189.01,20866.2057245,
2024-03-11 00:25:00+00:00,0.7599,0.7657,0.7635,0.7605,17271.43,0.7624,13167.738232,17271.43,13167.738232,
2024-03-11 00:30:00+00:00,0.7607,0.7648,0.761,0.7635,5462.8,0.7625,4165.385,5462.8,4165.385,
2024-03-11 00:35:00+00:00,0.7557,0.7635,0.7628,0.7561,42658.12,0.759525,32399.908593,42658.12,32399.908593,
2024-03-11 00:40:00+00:00,0.7483,0.7567,0.756,0.7493,40847.21,0.752575,30740.58906575,40847.21,30740.58906575,
2024-03-11 00:45:00+00:00,0.7501,0.758,0.7501,0.7541,44374.84,0.753075,33417.582633,44374.84,33417.582633,
2024-03-11 00:50:00+00:00,0.729,0.7546,0.7541,0.7471,105418.51,0.7462,78663.292162,105418.51,78663.292162,
2024-03-11 00:55:00+00:00,0.7455,0.7525,0.7477,0.7513,19445.6,0.74925,14569.6158,19445.6,14569.6158,
2024-03-11 01:00:00+00:00,0.7443,0.752,0.7511,0.7478,56160.76,0.7488,42053.177088,56160.76,42053.177088,
2024-03-11 01:05:00+00:00,0.7464,0.7562,0.748,0.7561,83539.29,0.751675,62794.39581075,83539.29,62794.39581075,
2024-03-11 01:10:00+00:00,0.7547,0.7585,0.7561,0.7572,38882.57,0.756625,29419.52452625,38882.57,29419.52452625,
2024-03-11 01:15:00+00:00,0.7562,0.7614,0.7564,0.7613,6294.08,0.758825,4776.105256,6294.08,4776.105256,
2024-03-11 01:20:00+00:00,0.7514,0.7611,0.7607,0.7531,20067.57,0.756575,15182.62177275,20067.57,15182.62177275,
2024-03-11 01:25:00+00:00,0.7484,0.7538,0.7538,0.7499,25034.36,0.751475,18812.695681,25034.36,18812.695681,
2024-03-11 01:30:00+00:00,0.7483,0.7541,0.7495,0.7483,16123.62,0.75005,12093.521181,16123.62,12093.521181,
2024-03-11 01:35:00+00:00,0.7436,0.7506,0.7478,0.7452,19848.18,0.7468,14822.620824,19848.18,14822.620824,
2024-03-11 01:40:00+00:00,0.7415,0.7492,0.7429,0.7429,11136.61,0.744125,8287.02991625,11136.61,8287.02991625,
2024-03-11 01:45:00+00:00,0.7281,0.7515,0.7436,0.7515,161487.2,0.743675,120093.99346,161487.2,120093.99346,
2024-03-11 01:50:00+00:00,0.7465,0.7511,0.7506,0.7478,51150.43,0.749,38311.67207,51150.43,38311.67207,
2024-03-11 01:55:00+00:00,0.745,0.7485,0.7481,0.7459,11216.73,0.746875,8377.49521875,11216.73,8377.49521875,
2024-03-11 02:00:00+00:00,0.745,0.7523,0.747,0.7479,11603.65,0.74805,8680.1103825,11603.65,8680.1103825,
2024-03-11 02:05:00+00:00,0.7424,0.7478,0.7478,0.7457,24281.84,0.745925,18112.431502,24281.84,18112.431502,
2024-03-11 02:10:00+00:00,0.7452,0.7506,0.7452,0.7506,8167.99,0.7479,6108.839721,8167.99,6108.839721,
2024-03-11 02:15:00+00:00,0.7461,0.7499,0.7496,0.7461,66979.76,0.747925,50095.836998,66979.76,50095.836998,
2024-03-11 02:20:00+00:00,0.7443,0.7478,0.7458,0.7446,31061.41,0.745625,23160.16383125,31061.41,23160.16383125,
2024-03-11 02:25:00+00:00,0.7442,0.7493,0.7442,0.7485,7644.64,0.74655,5707.105992,7644.64,5707.105992,
2024-03-11 02:30:00+00:00,0.7481,0.7513,0.7487,0.7504,17758.48,0.749625,13312.20057,17758.48,13312.20057,
2024-03-11 02:35:00+00:00,0.7437,0.7499,0.7499,0.745,11546.46,0.747125,8626.6489275,11546.46,8626.6489275,
2024-03-11 02:40:00+00:00,0.7436,0.7457,0.7443,0.7443,9394.73,0.744475,6994.14161675,9394.73,6994.14161675,
2024-03-11 02:45:00+00:00,0.745,0.7492,0.745,0.7467,5351.8,0.746475,3994.984905,5351.8,3994.984905,
2024-03-11 02:50:00+00:00,0.7478,0.7495,0.7478,0.7483,3021.32,0.74835,2261.004822,3021.32,2261.004822,
2024-03-11 02:55:00+00:00,0.7443,0.7478,0.7471,0.7464,6665.23,0.7464,4974.927672,6665.23,4974.927672,
2024-03-11 03:00:00+00:00,0.7451,0.7485,0.7457,0.7479,419.26,0.7468,313.103368,419.26,313.103368,
2024-03-11 03:05:00+00:00,0.7454,0.751,0.7471,0.7502,8144.53,0.748425,6095.56986525,8144.53,6095.56986525,
2024-03-11 03:10:00+00:00,0.7499,0.7536,0.7503,0.7536,6251.09,0.75185,4699.8820165,6251.09,4699.8820165,
2024-03-11 03:15:00+00:00,0.7529,0.7555,0.7538,0.7546,8512.59,0.7542,6420.195378,8512.59,6420.195378,
2024-03-11 03:20:00+00:00,0.7522,0.7555,0.7555,0.7525,9446.11,0.753925,7121.65848175,9446.11,7121.65848175,
2024-03-11 03:25:00+00:00,0.7522,0.7546,0.7538,0.7536,4977.05,0.75355,3750.4560275,4977.05,3750.4560275,
2024-03-11 03:30:00+00:00,0.7514,0.7539,0.7539,0.7525,6963.83,0.752925,5243.24170275,6963.83,5243.24170275,
2024-03-11 03:35:00+00:00,0.7506,0.7527,0.7519,0.7519,4500.4,0.751775,3383.28821,4500.4,3383.28821,
2024-03-11 03:40:00+00:00,0.753,0.7578,0.753,0.7572,10874.03,0.75525,8212.6111575,10874.03,8212.6111575,
2024-03-11 03:45:00+00:00,0.7538,0.757,0.757,0.7542,12730.84,0.7555,9618.14962,12730.84,9618.14962,
2024-03-11 03:50:00+00:00,0.7546,0.758,0.7546,0.7562,7794.61,0.75585,5891.5559685,7794.61,5891.5559685,
2024-03-11 03:55:00+00:00,0.7562,0.7578,0.757,0.7568,9823.12,0.75695,7435.610684,9823.12,7435.610684,
2024-03-11 04:00:00+00:00,0.7554,0.7585,0.7562,0.7585,4224.73,0.75715,3198.7543195,4224.73,3198.7543195,
2024-03-11 04:05:00+00:00,0.7581,0.762,0.7581,0.7608,39226.27,0.75975,29802.1586325,39226.27,29802.1586325,
2024-03-11 04:10:00+00:00,0.7599,0.7635,0.7614,0.7624,3212.02,0.7618,2446.916836,3212.02,2446.916836,
2024-03-11 04:15:00+00:00,0.7567,0.7614,0.7614,0.7567,6004.71,0.75905,4557.8751255,6004.71,4557.8751255,
2024-03-11 04:20:00+00:00,0.7562,0.7587,0.7571,0.7569,7127.17,0.757225,5396.87130325,7127.17,5396.87130325,
2024-03-11 04:25:00+00:00,0.7562,0.7592,0.7562,0.7578,15160.57,0.75735,11481.8576895,15160.57,11481.8576895,
2024-03-11 04:30:00+00:00,0.7543,0.7578,0.757,0.7546,2123.26,0.755925,1605.0253155,2123.26,1605.0253155,
2024-03-11 04:35:00+00:00,0.7501,0.7554,0.7546,0.7522,30738.88,0.753075,23148.682056,30738.88,23148.682056,
2024-03-11 04:40:00+00:00,0.75,0.7538,0.7527,0.7527,22706.52,0.7523,17082.114996,22706.52,17082.114996,
2024-03-11 04:45:00+00:00,0.7506,0.7527,0.7526,0.751,11624.27,0.751725,8738.25436575,11624.27,8738.25436575,
2024-03-11 04:50:00+00:00,0.7497,0.7518,0.751,0.7497,8697.71,0.75055,6528.0662405,8697.71,6528.0662405,
2024-03-11 04:55:00+00:00,0.7503,0.7524,0.7506,0.7516,2012.21,0.751225,1511.62245725,2012.21,1511.62245725,
2024-03-11 05:00:00+00:00,0.7498,0.7562,0.7514,0.7562,65149.68,0.7534,49083.768912,65149.68,49083.768912,
2024-03-11 05:05:00+00:00,0.7538,0.7573,0.7558,0.7572,6336.29,0.756025,4790.39364725,6336.29,4790.39364725,
2024-03-11 05:10:00+00:00,0.7561,0.7579,0.7573,0.7575,10571.08,0.7572,8004.421776,10571.08,8004.421776,
2024-03-11 05:15:00+00:00,0.753,0.7577,0.7577,0.7534,7718.91,0.75545,5831.2505595,7718.91,5831.2505595,
2024-03-11 05:20:00+00:00,0.7516,0.7537,0.7529,0.753,3259.95,0.7528,2454.09036,3259.95,2454.09036,
2024-03-11 05:25:00+00:00,0.7521,0.7541,0.7522,0.7541,7004.72,0.753125,5275.42975,7004.72,5275.42975,
2024-03-11 05:30:00+00:00,0.7522,0.7538,0.753,0.7527,4965.44,0.752925,3738.603912,4965.44,3738.603912,
2024-03-11 05:35:00+00:00,0.75,0.7514,0.7514,0.75,3491.34,0.7507,2620.948938,3491.34,2620.948938,
2024-03-11 05:40:00+00:00,0.7507,0.7538,0.7507,0.7538,4431.3,0.75225,3333.445425,4431.3,3333.445425,
2024-03-11 05:45:00+00:00,0.7536,0.7571,0.7538,0.755,1641.4,0.754875,1239.051825,1641.4,1239.051825,
2024-03-11 05:50:00+00:00,0.7527,0.7554,0.7546,0.7527,5811.4,0.75385,4380.92389,5811.4,4380.92389,
2024-03-11 05:55:00+00:00,0.7518,0.7529,0.7528,0.7525,4243.19,0.7525,3193.000475,4243.19,3193.000475,
2024-03-11 06:00:00+00:00,0.7498,0.7531,0.7525,0.7498,3746.52,0.7513,2814.760476,3746.52,2814.760476,
2024-03-11 06:05:00+00:00,0.7485,0.751,0.7492,0.7492,2180.63,0.749475,1634.32766925,2180.63,1634.32766925,
2024-03-11 06:10:00+00:00,0.7476,0.7493,0.7493,0.7485,17191.38,0.748675,12870.7564215,17191.38,12870.7564215,
2024-03-11 06:15:00+00:00,0.7478,0.7545,0.7478,0.7536,4325.39,0.750925,3248.04348575,4325.39,3248.04348575,
2024-03-11 06:20:00+00:00,0.7522,0.7539,0.7532,0.7539,1169.67,0.7533,881.112411,1169.67,881.112411,
2024-03-11 06:25:00+00:00,0.75,0.753,0.753,0.75,5197.99,0.7515,3906.289485,5197.99,3906.289485,
2024-03-11 06:30:00+00:00,0.7489,0.7506,0.7506,0.7494,21057.25,0.749875,15790.30534375,21057.25,15790.30534375,
2024-03-11 06:35:00+00:00,0.7478,0.7499,0.7486,0.7499,10740.13,0.74905,8044.8943765,10740.13,8044.8943765,
2024-03-11 06:40:00+00:00,0.7498,0.7506,0.7498,0.7503,6844.88,0.750125,5134.51561,6844.88,5134.51561,
2024-03-11 06:45:00+00:00,0.7498,0.753,0.7498,0.753,4464.62,0.7514,3354.715468,4464.62,3354.715468,
2024-03-11 06:50:00+00:00,0.7538,0.757,0.7538,0.757,2741.55,0.7554,2070.96687,2741.55,2070.96687,
2024-03-11 06:55:00+00:00,0.757,0.7608,0.7578,0.7608,4163.02,0.7591,3160.148482,4163.02,3160.148482,
2024-03-11 07:00:00+00:00,0.7604,0.7642,0.7608,0.7635,7039.07,0.762225,5365.35513075,7039.07,5365.35513075,
2024-03-11 07:05:00+00:00,0.7633,0.7663,0.7642,0.7635,31327.85,0.764325,23944.65895125,31327.85,23944.65895125,
2024-03-11 07:10:00+00:00,0.7611,0.7649,0.7635,0.762,24245.77,0.762875,18496.49178875,24245.77,18496.49178875,
2024-03-11 07:15:00+00:00,0.7575,0.7626,0.7626,0.7599,18599.65,0.76065,14147.8237725,18599.65,14147.8237725,
2024-03-11 07:20:00+00:00,0.7603,0.7678,0.7607,0.7665,6735.63,0.763825,5144.84258475,6735.63,5144.84258475,
2024-03-11 07:25:00+00:00,0.7657,0.7724,0.7657,0.7713,10681.66,0.768775,8211.7931665,10681.66,8211.7931665,
2024-03-11 07:30:00+00:00,0.768,0.7749,0.7725,0.7686,28104.02,0.771,21668.19942,28104.02,21668.19942,
2024-03-11 07:35:00+00:00,0.7655,0.7705,0.7687,0.7685,10426.87,0.7683,8010.964221,10426.87,8010.964221,
2024-03-11 07:40:00+00:00,0.763,0.7702,0.7681,0.7649,30552.93,0.76655,23420.3484915,30552.93,23420.3484915,
2024-03-11 07:45:00+00:00,0.7659,0.7717,0.7659,0.7681,38171.96,0.7679,29312.248084,38171.96,29312.248084,
2024-03-11 07:50:00+00:00,0.7644,0.7684,0.7675,0.7671,57009.11,0.76685,43717.4360035,57009.11,43717.4360035,
2024-03-11 07:55:00+00:00,0.7646,0.7676,0.7657,0.7665,4405.9,0.7661,3375.35999,4405.9,3375.35999,
2024-03-11 08:00:00+00:00,0.7666,0.7697,0.7666,0.7686,9889.47,0.767875,7593.87677625,9889.47,7593.87677625,
2024-03-11 08:05:00+00:00,0.7684,0.7714,0.7684,0.7697,12685.54,0.769475,9761.2058915,12685.54,9761.2058915,
2024-03-11 08:10:00+00:00,0.7699,0.7748,0.7705,0.7748,8240.27,0.7725,6365.608575,8240.27,6365.608575,
2024-03-11 08:15:00+00:00,0.7736,0.78,0.7737,0.78,54459.73,0.776825,42305.67975725,54459.73,42305.67975725,
2024-03-11 08:20:00+00:00,0.7785,0.7828,0.7788,0.7828,16627.23,0.780725,12981.29414175,16627.23,12981.29414175,
2024-03-11 08:25:00+00:00,0.7832,0.7866,0.7833,0.7839,11792.83,0.78425,9248.5269275,11792.83,9248.5269275,
2024-03-11 08:30:00+00:00,0.7796,0.7852,0.7834,0.781,10074.8,0.7823,7881.51604,10074.8,7881.51604,
2024-03-11 08:35:00+00:00,0.7812,0.785,0.7818,0.7842,13589.05,0.78305,10640.9056025,13589.05,10640.9056025,
2024-03-11 08:40:00+00:00,0.7795,0.7851,0.785,0.7795,6887.77,0.782275,5388.13027675,6887.77,5388.13027675,
2024-03-11 08:45:00+00:00,0.7767,0.7819,0.7795,0.7782,20607.88,0.779075,16055.084111,20607.88,16055.084111,
2024-03-11 08:50:00+00:00,0.7752,0.7785,0.7774,0.776,20182.6,0.776775,15677.339115,20182.6,15677.339115,
2024-03-11 08:55:00+00:00,0.7744,0.7761,0.7761,0.7744,5335.52,0.77525,4136.36188,5335.52,4136.36188,
2024-03-11 09:00:00+00:00,0.7718,0.7751,0.7746,0.7729,14319.27,0.7736,11077.387272,14319.27,11077.387272,
2024-03-11 09:05:00+00:00,0.7737,0.7782,0.7743,0.7766,10826.47,0.7757,8398.092779,10826.47,8398.092779,
2024-03-11 09:10:00+00:00,0.7747,0.7767,0.776,0.7759,16507.62,0.775825,12807.0242865,16507.62,12807.0242865,
2024-03-11 09:15:00+00:00,0.7729,0.7769,0.7764,0.7746,15784.57,0.7752,12236.198664,15784.57,12236.198664,
2024-03-11 09:20:00+00:00,0.7744,0.7759,0.7757,0.7749,2634.48,0.775225,2042.314758,2634.48,2042.314758,
2024-03-11 09:25:00+00:00,0.7734,0.7749,0.7747,0.7744,5126.1,0.77435,3969.395535,5126.1,3969.395535,
2024-03-11 09:30:00+00:00,0.7741,0.7776,0.7751,0.7772,18100.03,0.776,14045.62328,18100.03,14045.62328,
2024-03-11 09:35:00+00:00,0.7781,0.7795,0.7781,0.7788,7181.07,0.778625,5591.36062875,7181.07,5591.36062875,
2024-03-11 09:40:00+00:00,0.7781,0.7802,0.7789,0.7784,9254.06,0.7789,7207.987334,9254.06,7207.987334,
2024-03-11 09:45:00+00:00,0.779,0.7819,0.7795,0.7813,4523.44,0.780425,3530.205662,4523.44,3530.205662,
2024-03-11 09:50:00+00:00,0.7801,0.7824,0.781,0.7807,79794.28,0.78105,62323.322394,79794.28,62323.322394,
2024-03-11 09:55:00+00:00,0.7802,0.7834,0.7808,0.7834,18451.13,0.78195,14427.8611035,18451.13,14427.8611035,
2024-03-11 10:00:00+00:00,0.7798,0.7845,0.7842,0.781,30601.07,0.782375,23941.51214125,30601.07,23941.51214125,
2024-03-11 10:05:00+00:00,0.7787,0.7809,0.7809,0.7788,10457.1,0.779825,8154.7080075,10457.1,8154.7080075,
2024-03-11 10:10:00+00:00,0.7787,0.7811,0.7787,0.7795,1641.27,0.7795,1279.369965,1641.27,1279.369965,
2024-03-11 10:15:00+00:00,0.7783,0.7811,0.7796,0.7805,29441.63,0.779875,22960.79119625,29441.63,22960.79119625,
2024-03-11 10:20:00+00:00,0.7801,0.7834,0.7813,0.7834,3840.09,0.78205,3003.1423845,3840.09,3003.1423845,
2024-03-11 10:25:00+00:00,0.7818,0.7841,0.784,0.7818,3901.0,0.782925,3054.190425,3901.0,3054.190425,
2024-03-11 10:30:00+00:00,0.781,0.7829,0.782,0.781,8013.04,0.781725,6263.993694,8013.04,6263.993694,
2024-03-11 10:35:00+00:00,0.7808,0.7842,0.7816,0.7842,12664.79,0.7827,9912.731133,12664.79,9912.731133,
2024-03-11 10:40:00+00:00,0.7802,0.784,0.7834,0.7811,6452.16,0.782175,5046.718248,6452.16,5046.718248,
2024-03-11 10:45:00+00:00,0.7802,0.7821,0.7802,0.7817,3982.72,0.78105,3110.703456,3982.72,3110.703456,
2024-03-11 10:50:00+00:00,0.78,0.7818,0.7813,0.78,4394.99,0.780775,3431.49831725,4394.99,3431.49831725,
2024-03-11 10:55:00+00:00,0.7781,0.7802,0.7799,0.7802,1810.8,0.7796,1411.69968,1810.8,1411.69968,
2024-03-11 11:00:00+00:00,0.7797,0.7826,0.781,0.7826,5721.11,0.781475,4470.90443725,5721.11,4470.90443725,
2024-03-11 11:05:00+00:00,0.7818,0.784,0.7826,0.7839,7922.52,0.783075,6203.927349,7922.52,6203.927349,
2024-03-11 11:10:00+00:00,0.7839,0.7855,0.7839,0.7855,7251.94,0.7847,5690.597318,7251.94,5690.597318,
2024-03-11 11:15:00+00:00,0.7823,0.786,0.7858,0.7838,21843.93,0.784475,17136.01698675,21843.93,17136.01698675,
2024-03-11 11:20:00+00:00,0.7837,0.7855,0.7842,0.7837,3432.53,0.784275,2692.04746575,3432.53,2692.04746575,
2024-03-11 11:25:00+00:00,0.7812,0.7837,0.7837,0.7821,3221.03,0.782675,2521.01965525,3221.03,2521.01965525,
2024-03-11 11:30:00+00:00,0.7807,0.7842,0.7826,0.784,34494.72,0.782875,27005.05392,34494.72,27005.05392,
2024-03-11 11:35:00+00:00,0.7818,0.7858,0.785,0.7839,4341.83,0.784125,3404.53744875,4341.83,3404.53744875,
2024-03-11 11:40:00+00:00,0.7826,0.7843,0.7843,0.7834,4139.24,0.78365,3243.715426,4139.24,3243.715426,
2024-03-11 11:45:00+00:00,0.781,0.7843,0.7826,0.7843,10748.56,0.78305,8416.659908,10748.56,8416.659908,
2024-03-11 11:50:00+00:00,0.7781,0.7856,0.784,0.7783,36718.87,0.7815,28695.796905,36718.87,28695.796905,
2024-03-11 11:55:00+00:00,0.7737,0.7792,0.7779,0.7764,26867.92,0.7768,20871.000256,26867.92,20871.000256,
2024-03-11 12:00:00+00:00,0.7737,0.7784,0.7766,0.7783,10054.72,0.77675,7810.00376,10054.72,7810.00376,
2024-03-11 12:05:00+00:00,0.7781,0.78,0.7788,0.7787,2815.64,0.7789,2193.101996,2815.64,2193.101996,
2024-03-11 12:10:00+00:00,0.7768,0.7782,0.7775,0.7768,1001.11,0.777325,778.18783075,1001.11,778.18783075,
2024-03-11 12:15:00+00:00,0.7744,0.7783,0.7776,0.7781,3040.5,0.7771,2362.77255,3040.5,2362.77255,
2024-03-11 12:20:00+00:00,0.7767,0.7788,0.7785,0.7779,4030.04,0.777975,3135.270369,4030.04,3135.270369,
2024-03-11 12:25:00+00:00,0.7771,0.7794,0.778,0.7794,3744.33,0.778475,2914.86729675,3744.33,2914.86729675,
2024-03-11 12:30:00+00:00,0.7781,0.7805,0.7789,0.7783,10442.13,0.77895,8133.8971635,10442.13,8133.8971635,
2024-03-11 12:35:00+00:00,0.7792,0.7819,0.7795,0.781,12973.22,0.7804,10124.300888,12973.22,10124.300888,
2024-03-11 12:40:00+00:00,0.7802,0.7827,0.7818,0.7822,1850.1,0.781725,1446.2694225,1850.1,1446.2694225,
2024-03-11 12:45:00+00:00,0.7797,0.7835,0.7825,0.7797,21980.82,0.78135,17174.713707,21980.82,17174.713707,
2024-03-11 12:50:00+00:00,0.7794,0.7822,0.78,0.7818,2812.46,0.78085,2196.109391,2812.46,2196.109391,
2024-03-11 12:55:00+00:00,0.7813,0.7834,0.7822,0.7834,4070.35,0.782575,3185.35415125,4070.35,3185.35415125,
2024-03-11 13:00:00+00:00,0.7807,0.7834,0.7829,0.7834,6960.54,0.7826,5447.318604,6960.54,5447.318604,
2024-03-11 13:05:00+00:00,0.7822,0.7892,0.7826,0.7891,17905.88,0.785775,14069.992857,17905.88,14069.992857,
2024-03-11 13:10:00+00:00,0.7836,0.789,0.789,0.7858,20311.15,0.78685,15981.8283775,20311.15,15981.8283775,
2024-03-11 13:15:00+00:00,0.7854,0.7889,0.7866,0.7882,35216.76,0.787275,27725.274729,35216.76,27725.274729,
2024-03-11 13:20:00+00:00,0.7879,0.7934,0.7885,0.7915,16178.07,0.790325,12785.93317275,16178.07,12785.93317275,
2024-03-11 13:25:00+00:00,0.7868,0.7909,0.7908,0.7868,64069.68,0.788825,50539.765326,64069.68,50539.765326,
2024-03-11 13:30:00+00:00,0.7809,0.7872,0.7872,0.7809,19421.38,0.78405,15227.332989,19421.38,15227.332989,
2024-03-11 13:35:00+00:00,0.7797,0.7823,0.781,0.7817,10562.67,0.781175,8251.29373725,10562.67,8251.29373725,
2024-03-11 13:40:00+00:00,0.7789,0.7826,0.781,0.7792,36549.35,0.780425,28524.02647375,36549.35,28524.02647375,
2024-03-11 13:45:00+00:00,0.7737,0.7794,0.779,0.7762,17407.34,0.777075,13526.8087305,17407.34,13526.8087305,
2024-03-11 13:50:00+00:00,0.7694,0.7762,0.7759,0.7724,34636.21,0.773475,26790.24252975,34636.21,26790.24252975,
2024-03-11 13:55:00+00:00,0.77,0.774,0.7727,0.7702,8703.39,0.771725,6716.62364775,8703.39,6716.62364775,
2024-03-11 14:00:00+00:00,0.7704,0.7767,0.7704,0.7765,10705.41,0.7735,8280.634635,10705.41,8280.634635,
2024-03-11 14:05:00+00:00,0.7772,0.7818,0.7774,0.7802,8268.37,0.77915,6442.3004855,8268.37,6442.3004855,
2024-03-11 14:10:00+00:00,0.7795,0.785,0.7802,0.785,10392.99,0.782425,8131.73520075,10392.99,8131.73520075,
2024-03-11 14:15:00+00:00,0.7834,0.7862,0.7843,0.7846,13572.47,0.784625,10649.29927375,13572.47,10649.29927375,
2024-03-11 14:20:00+00:00,0.7802,0.785,0.785,0.7807,8593.66,0.782725,6726.4725235,8593.66,6726.4725235,
2024-03-11 14:25:00+00:00,0.7801,0.785,0.781,0.7822,129248.88,0.782075,101082.317826,129248.88,101082.317826,
2024-03-11 14:30:00+00:00,0.7783,0.785,0.7818,0.7802,420423.16,0.781325,328487.125487,420423.16,328487.125487,
2024-03-11 14:35:00+00:00,0.7764,0.7802,0.7802,0.7777,21133.24,0.778625,16454.868995,21133.24,16454.868995,
2024-03-11 14:40:00+00:00,0.7774,0.78,0.7778,0.7778,35484.18,0.77825,27615.563085,35484.18,27615.563085,
2024-03-11 14:45:00+00:00,0.7773,0.7809,0.7785,0.779,6258.34,0.778925,4874.7774845,6258.34,4874.7774845,
2024-03-11 14:50:00+00:00,0.7792,0.7825,0.7792,0.7798,13660.24,0.780175,10657.377742,13660.24,10657.377742,
2024-03-11 14:55:00+00:00,0.7795,0.7814,0.7805,0.7795,5295.94,0.780225,4132.0247865,5295.94,4132.0247865,
2024-03-11 15:00:00+00:00,0.7783,0.7799,0.7794,0.7783,14253.23,0.778975,11102.90983925,14253.23,11102.90983925,
2024-03-11 15:05:00+00:00,0.7776,0.7843,0.779,0.7842,14869.57,0.781275,11617.22330175,14869.57,11617.22330175,
2024-03-11 15:10:00+00:00,0.7834,0.785,0.7839,0.7846,15757.82,0.784225,12357.6763895,15757.82,12357.6763895,
2024-03-11 15:15:00+00:00,0.7837,0.7878,0.7842,0.7868,20212.32,0.785625,15879.3039,20212.32,15879.3039,
2024-03-11 15:20:00+00:00,0.7863,0.7902,0.787,0.7892,10947.16,0.788175,8628.277833,10947.16,8628.277833,
2024-03-11 15:25:00+00:00,0.7881,0.7906,0.7896,0.789,6082.47,0.789325,4801.04563275,6082.47,4801.04563275,
2024-03-11 15:30:00+00:00,0.7874,0.7899,0.7894,0.7899,8619.51,0.78915,6802.0863165,8619.51,6802.0863165,
2024-03-11 15:35:00+00:00,0.7875,0.7922,0.7893,0.7882,10650.42,0.7893,8406.376506,10650.42,8406.376506,
2024-03-11 15:40:00+00:00,0.7851,0.7883,0.7878,0.7851,2947.84,0.786575,2318.697248,2947.84,2318.697248,
2024-03-11 15:45:00+00:00,0.78,0.7851,0.7851,0.78,13561.86,0.78255,10612.833543,13561.86,10612.833543,
2024-03-11 15:50:00+00:00,0.7797,0.782,0.7807,0.7802,31958.95,0.78065,24948.7543175,31958.95,24948.7543175,
2024-03-11 15:55:00+00:00,0.7759,0.781,0.781,0.7759,19170.86,0.77845,14923.555967,19170.86,14923.555967,
2024-03-11 16:00:00+00:00,0.7694,0.7795,0.7757,0.7713,39506.71,0.773975,30577.20587225,39506.71,30577.20587225,
2024-03-11 16:05:00+00:00,0.7703,0.7737,0.7721,0.7729,41397.27,0.77225,31969.0417575,41397.27,31969.0417575,
2024-03-11 16:10:00+00:00,0.7705,0.7728,0.7724,0.7716,14847.47,0.771825,11459.64853275,14847.47,11459.64853275,
2024-03-11 16:15:00+00:00,0.7653,0.7725,0.7717,0.7658,46283.26,0.768825,35583.7273695,46283.26,35583.7273695,
2024-03-11 16:20:00+00:00,0.7595,0.7665,0.7665,0.7601,39582.37,0.76315,30207.2856655,39582.37,30207.2856655,
2024-03-11 16:25:00+00:00,0.7593,0.7642,0.7607,0.7603,14090.69,0.761125,10724.77642625,14090.69,10724.77642625,
2024-03-11 16:30:00+00:00,0.7592,0.7685,0.7604,0.7653,29619.3,0.76335,22609.892655,29619.3,22609.892655,
2024-03-11 16:35:00+00:00,0.7607,0.7654,0.7654,0.7637,39278.38,0.7638,30000.826644,39278.38,30000.826644,
2024-03-11 16:40:00+00:00,0.7632,0.7669,0.7632,0.7634,21293.64,0.764175,16272.067347,21293.64,16272.067347,
2024-03-11 16:45:00+00:00,0.7639,0.7681,0.7642,0.7681,31425.47,0.766075,24074.26693025,31425.47,24074.26693025,
2024-03-11 16:50:00+00:00,0.7658,0.7697,0.7683,0.7661,17009.46,0.767475,13054.3353135,17009.46,13054.3353135,
2024-03-11 16:55:00+00:00,0.7653,0.7689,0.7665,0.7668,9721.06,0.766875,7454.8378875,9721.06,7454.8378875,
2024-03-11 17:00:00+00:00,0.7673,0.7707,0.7673,0.7689,7280.37,0.76855,5595.3283635,7280.37,5595.3283635,
2024-03-11 17:05:00+00:00,0.7665,0.7696,0.7689,0.7676,12344.9,0.76815,9482.734935,12344.9,9482.734935,
2024-03-11 17:10:00+00:00,0.767,0.7705,0.7679,0.769,39657.27,0.7686,30480.577722,39657.27,30480.577722,
2024-03-11 17:15:00+00:00,0.7674,0.7737,0.7697,0.7737,36570.01,0.771125,28200.04896125,36570.01,28200.04896125,
2024-03-11 17:20:00+00:00,0.7705,0.7735,0.7735,0.7728,3459.36,0.772575,2672.615052,3459.36,2672.615052,
2024-03-11 17:25:00+00:00,0.7698,0.7727,0.7727,0.77,3398.46,0.7713,2621.232198,3398.46,2621.232198,
2024-03-11 17:30:00+00:00,0.7685,0.7721,0.7707,0.7709,6407.59,0.77055,4937.3684745,6407.59,4937.3684745,
2024-03-11 17:35:00+00:00,0.7697,0.7726,0.7704,0.7726,11584.15,0.771325,8935.14449875,11584.15,8935.14449875,
2024-03-11 17:40:00+00:00,0.7709,0.7729,0.7713,0.7729,5641.92,0.772,4355.56224,5641.92,4355.56224,
2024-03-11 17:45:00+00:00,0.7697,0.7744,0.7734,0.7713,10524.96,0.7722,8127.374112,10524.96,8127.374112,
2024-03-11 17:50:00+00:00,0.7711,0.7737,0.7713,0.7721,22053.09,0.77205,17026.0881345,22053.09,17026.0881345,
2024-03-11 17:55:00+00:00,0.772,0.7759,0.7729,0.7757,48481.35,0.774125,37530.62506875,48481.35,37530.62506875,
2024-03-11 18:00:00+00:00,0.7737,0.7775,0.7753,0.7767,11631.15,0.7758,9023.44617,11631.15,9023.44617,
2024-03-11 18:05:00+00:00,0.7746,0.7793,0.7773,0.7773,22731.18,0.777125,17664.9682575,22731.18,17664.9682575,
2024-03-11 18:10:00+00:00,0.7778,0.7804,0.7781,0.7794,19052.91,0.778925,14840.78792175,19052.91,14840.78792175,
2024-03-11 18:15:00+00:00,0.7801,0.7828,0.7801,0.7823,7012.07,0.781325,5478.70559275,7012.07,5478.70559275,
2024-03-11 18:20:00+00:00,0.7817,0.7833,0.7825,0.7833,5365.11,0.7827,4199.271597,5365.11,4199.271597,
2024-03-11 18:25:00+00:00,0.7826,0.7842,0.7834,0.7839,3490.15,0.783525,2734.61977875,3490.15,2734.61977875,
2024-03-11 18:30:00+00:00,0.7802,0.784,0.784,0.7803,7973.71,0.782125,6236.43793375,7973.71,6236.43793375,
2024-03-11 18:35:00+00:00,0.7778,0.7816,0.7802,0.7788,7252.48,0.7796,5654.033408,7252.48,5654.033408,
2024-03-11 18:40:00+00:00,0.7781,0.7801,0.7795,0.7786,9229.62,0.779075,7190.5662015,9229.62,7190.5662015,
2024-03-11 18:45:00+00:00,0.7771,0.7797,0.7792,0.7771,1368.29,0.778275,1064.90589975,1368.29,1064.90589975,
2024-03-11 18:50:00+00:00,0.7774,0.7788,0.7781,0.778,5855.22,0.778075,4555.8003015,5855.22,4555.8003015,
2024-03-11 18:55:00+00:00,0.7771,0.7781,0.7781,0.7772,23949.36,0.777625,18623.62107,23949.36,18623.62107,
2024-03-11 19:00:00+00:00,0.7761,0.7777,0.7777,0.7768,18838.62,0.777075,14639.0206365,18838.62,14639.0206365,
2024-03-11 19:05:00+00:00,0.7745,0.7768,0.7762,0.7758,6244.49,0.775825,4844.63145425,6244.49,4844.63145425,
2024-03-11 19:10:00+00:00,0.7738,0.7763,0.7763,0.7754,14722.35,0.77545,11416.4463075,14722.35,11416.4463075,
2024-03-11 19:15:00+00:00,0.7737,0.777,0.7754,0.7739,16883.25,0.775,13084.51875,16883.25,13084.51875,
2024-03-11 19:20:00+00:00,0.773,0.7744,0.7744,0.774,1953.66,0.77395,1512.035157,1953.66,1512.035157,
2024-03-11 19:25:00+00:00,0.7736,0.7755,0.7736,0.7754,5515.74,0.774525,4272.0785235,5515.74,4272.0785235,
2024-03-11 19:30:00+00:00,0.7744,0.7756,0.7756,0.7748,9418.13,0.7751,7299.992563,9418.13,7299.992563,
2024-03-11 19:35:00+00:00,0.7721,0.7754,0.774,0.7732,7619.06,0.773675,5894.6762455,7619.06,5894.6762455,
2024-03-11 19:40:00+00:00,0.7732,0.7754,0.7732,0.7754,2958.84,0.7743,2291.029812,2958.84,2291.029812,
2024-03-11 19:45:00+00:00,0.7737,0.7767,0.7758,0.7737,2726.56,0.774975,2113.015836,2726.56,2113.015836,
2024-03-11 19:50:00+00:00,0.7721,0.7739,0.7732,0.7733,3570.64,0.773125,2760.55105,3570.64,2760.55105,
2024-03-11 19:55:00+00:00,0.7713,0.7744,0.7738,0.7724,11672.68,0.772975,9022.689823,11672.68,9022.689823,
2024-03-11 20:00:00+00:00,0.7709,0.7737,0.7724,0.7734,4433.68,0.7726,3425.461168,4433.68,3425.461168,
2024-03-11 20:05:00+00:00,0.7724,0.7738,0.7728,0.7732,15411.19,0.77305,11913.6204295,15411.19,11913.6204295,
2024-03-11 20:10:00+00:00,0.7731,0.7744,0.7733,0.7739,1404.67,0.773675,1086.75806225,1404.67,1086.75806225,
2024-03-11 20:15:00+00:00,0.7717,0.7744,0.7739,0.7733,26034.55,0.773325,20133.16837875,26034.55,20133.16837875,
2024-03-11 20:20:00+00:00,0.7731,0.7751,0.7739,0.7751,2182.16,0.7743,1689.646488,2182.16,1689.646488,
2024-03-11 20:25:00+00:00,0.7746,0.7759,0.7752,0.7747,1980.96,0.7751,1535.442096,1980.96,1535.442096,
2024-03-11 20:30:00+00:00,0.7747,0.7774,0.7751,0.7764,1291.58,0.7759,1002.136922,1291.58,1002.136922,
2024-03-11 20:35:00+00:00,0.7756,0.7777,0.7764,0.7771,5397.8,0.7767,4192.47126,5397.8,4192.47126,
2024-03-11 20:40:00+00:00,0.7759,0.7773,0.7772,0.776,3214.61,0.7766,2496.466126,3214.61,2496.466126,
2024-03-11 20:45:00+00:00,0.7754,0.7774,0.7761,0.7757,11849.78,0.77615,9197.206747,11849.78,9197.206747,
2024-03-11 20:50:00+00:00,0.7748,0.7763,0.7752,0.7762,1115.76,0.775625,865.41135,1115.76,865.41135,
2024-03-11 20:55:00+00:00,0.7758,0.7769,0.7762,0.7769,6263.93,0.77645,4863.6284485,6263.93,4863.6284485,
2024-03-11 21:00:00+00:00,0.7757,0.7775,0.7765,0.777,37259.94,0.776675,28938.8638995,37259.94,28938.8638995,
2024-03-11 21:05:00+00:00,0.7764,0.7785,0.7774,0.7785,4587.95,0.7777,3568.048715,4587.95,3568.048715,
2024-03-11 21:10:00+00:00,0.778,0.7807,0.7781,0.78,5495.08,0.7792,4281.766336,5495.08,4281.766336,
2024-03-11 21:15:00+00:00,0.7794,0.7808,0.7804,0.7805,10897.34,0.780275,8502.9219685,10897.34,8502.9219685,
2024-03-11 21:20:00+00:00,0.7799,0.7824,0.78,0.7812,19279.75,0.780875,15055.07478125,19279.75,15055.07478125,
2024-03-11 21:25:00+00:00,0.7811,0.7826,0.7816,0.7815,11633.46,0.7817,9093.875682,11633.46,9093.875682,
2024-03-11 21:30:00+00:00,0.7804,0.7817,0.7815,0.7809,5779.91,0.781125,4514.83219875,5779.91,4514.83219875,
2024-03-11 21:35:00+00:00,0.7811,0.7842,0.7811,0.7842,7086.89,0.78265,5546.5544585,7086.89,5546.5544585,
2024-03-11 21:40:00+00:00,0.783,0.7842,0.7841,0.7835,6845.13,0.7837,5364.528381,6845.13,5364.528381,
2024-03-11 21:45:00+00:00,0.7824,0.784,0.784,0.7831,14308.92,0.783375,11209.250205,14308.92,11209.250205,
2024-03-11 21:50:00+00:00,0.7813,0.7839,0.7838,0.7824,3309.19,0.78285,2590.5993915,3309.19,2590.5993915,
2024-03-11 21:55:00+00:00,0.7824,0.7834,0.7834,0.7831,17370.75,0.783075,13602.60005625,17370.75,13602.60005625,
2024-03-11 22:00:00+00:00,0.778,0.7818,0.7818,0.7785,9033.22,0.780025,7046.1374305,9033.22,7046.1374305,
2024-03-11 22:05:00+00:00,0.7781,0.7801,0.7788,0.7789,3363.75,0.778975,2620.27715625,3363.75,2620.27715625,
2024-03-11 22:10:00+00:00,0.7782,0.7809,0.7795,0.7809,6257.53,0.779875,4880.09120875,6257.53,4880.09120875,
2024-03-11 22:15:00+00:00,0.7785,0.7809,0.78,0.7803,6601.33,0.779925,5148.54230025,6601.33,5148.54230025,
2024-03-11 22:20:00+00:00,0.7799,0.7817,0.781,0.7802,5483.0,0.7807,4280.5781,5483.0,4280.5781,
2024-03-11 22:25:00+00:00,0.78,0.7816,0.7803,0.7813,7565.6,0.7808,5907.22048,7565.6,5907.22048,
2024-03-11 22:30:00+00:00,0.7802,0.7813,0.7813,0.7804,1012.57,0.7808,790.614656,1012.57,790.614656,
2024-03-11 22:35:00+00:00,0.7802,0.7826,0.7802,0.7826,6419.74,0.7814,5016.384836,6419.74,5016.384836,
2024-03-11 22:40:00+00:00,0.7822,0.7835,0.7827,0.7832,4043.31,0.7829,3165.507399,4043.31,3165.507399,
2024-03-11 22:45:00+00:00,0.782,0.7836,0.7836,0.7824,4466.06,0.7829,3496.478374,4466.06,3496.478374,
2024-03-11 22:50:00+00:00,0.7823,0.7832,0.7824,0.7829,14357.05,0.7827,11237.263035,14357.05,11237.263035,
2024-03-11 22:55:00+00:00,0.7827,0.7838,0.7834,0.7838,1165.81,0.783425,913.32469925,1165.81,913.32469925,
2024-03-11 23:00:00+00:00,0.7834,0.7891,0.7834,0.7891,13209.53,0.78625,10385.9929625,13209.53,10385.9929625,
2024-03-11 23:05:00+00:00,0.7887,0.7926,0.7887,0.791,38336.9,0.79025,30295.735225,38336.9,30295.735225,
2024-03-11 23:10:00+00:00,0.7907,0.7951,0.7907,0.7937,32960.28,0.79255,26122.669914,32960.28,26122.669914,
2024-03-11 23:15:00+00:00,0.7906,0.7965,0.7944,0.7922,24985.6,0.793425,19824.19968,24985.6,19824.19968,
2024-03-11 23:20:00+00:00,0.7909,0.793,0.7916,0.793,19724.15,0.792125,15623.99231875,19724.15,15623.99231875,
2024-03-11 23:25:00+00:00,0.7932,0.7961,0.7935,0.7953,16869.67,0.794525,13403.37455675,16869.67,13403.37455675,
2024-03-11 23:30:00+00:00,0.7912,0.794,0.794,0.7918,14986.52,0.79275,11880.56373,14986.52,11880.56373,
2024-03-11 23:35:00+00:00,0.79,0.793,0.7915,0.79,35400.06,0.791125,28005.8724675,35400.06,28005.8724675,
2024-03-11 23:40:00+00:00,0.7896,0.7914,0.7907,0.7904,3603.35,0.790525,2848.53825875,3603.35,2848.53825875,
2024-03-11 23:45:00+00:00,0.7895,0.793,0.7899,0.7926,3159.48,0.79125,2499.93855,3159.48,2499.93855,
2024-03-11 23:50:00+00:00,0.7926,0.7951,0.7936,0.7927,10116.18,0.7935,8027.18883,10116.18,8027.18883,
2024-03-11 23:55:00+00:00,0.79,0.793,0.7922,0.791,1942.16,0.79155,1537.316748,1942.16,1537.316748,
2024-03-12 00:00:00+00:00,0.7918,0.7983,0.7919,0.7983,14909.97,0.795075,11854.54439775,14909.97,11854.54439775,
2024-03-12 00:05:00+00:00,0.7981,0.8023,0.7982,0.7999,16414.57,0.799625,13125.50053625,16414.57,13125.50053625,
2024-03-12 00:10:00+00:00,0.7985,0.8023,0.7992,0.8023,21858.26,0.800575,17499.1764995,21858.26,17499.1764995,
2024-03-12 00:15:00+00:00,0.803,0.8127,0.803,0.8071,43004.24,0.80645,34680.769348,43004.24,34680.769348,
2024-03-12 00:20:00+00:00,0.7996,0.8073,0.8067,0.7996,14229.71,0.8033,11430.726043,14229.71,11430.726043,
2024-03-12 00:25:00+00:00,0.795,0.7999,0.7991,0.7975,21760.97,0.797875,17362.53393875,21760.97,17362.53393875,
2024-03-12 00:30:00+00:00,0.7967,0.8062,0.797,0.8045,18355.81,0.8011,14704.839391,18355.81,14704.839391,
2024-03-12 00:35:00+00:00,0.7998,0.8079,0.8041,0.8007,14594.05,0.803125,11720.84640625,14594.05,11720.84640625,
2024-03-12 00:40:00+00:00,0.7991,0.8031,0.7995,0.7991,35385.46,0.8002,28315.445092,35385.46,28315.445092,
2024-03-12 00:45:00+00:00,0.7953,0.8007,0.7989,0.7994,41070.11,0.798575,32797.56309325,41070.11,32797.56309325,
2024-03-12 00:50:00+00:00,0.795,0.7999,0.7992,0.7991,45634.27,0.7983,36429.837741,45634.27,36429.837741,
2024-03-12 00:55:00+00:00,0.7944,0.7985,0.7983,0.7944,12890.72,0.7964,10266.169408,12890.72,10266.169408,
2024-03-12 01:00:00+00:00,0.7943,0.7971,0.7947,0.7959,22509.09,0.7955,17905.981095,22509.09,17905.981095,
2024-03-12 01:05:00+00:00,0.7932,0.7971,0.7958,0.7945,15528.61,0.79515,12347.5742415,15528.61,12347.5742415,
2024-03-12 01:10:00+00:00,0.7898,0.7948,0.7948,0.7912,11623.78,0.79265,9213.589217,11623.78,9213.589217,
2024-03-12 01:15:00+00:00,0.7869,0.7917,0.7906,0.7908,13138.79,0.79,10379.6441,13138.79,10379.6441,
2024-03-12 01:20:00+00:00,0.7895,0.7952,0.7909,0.7939,18836.87,0.792375,14925.86486625,18836.87,14925.86486625,
2024-03-12 01:25:00+00:00,0.7942,0.7964,0.7951,0.7964,11548.97,0.795525,9187.49435925,11548.97,9187.49435925,
2024-03-12 01:30:00+00:00,0.7911,0.7954,0.7951,0.7954,13803.06,0.79425,10963.080405,13803.06,10963.080405,
2024-03-12 01:35:00+00:00,0.7951,0.7979,0.7958,0.7967,2473.0,0.796375,1969.435375,2473.0,1969.435375,
2024-03-12 01:40:00+00:00,0.7944,0.7959,0.7959,0.7953,2719.89,0.795375,2163.33250875,2719.89,2163.33250875,
2024-03-12 01:45:00+00:00,0.7928,0.7958,0.7957,0.7939,49574.2,0.79455,39389.18061,49574.2,39389.18061,
2024-03-12 01:50:00+00:00,0.7933,0.8007,0.794,0.7991,28039.07,0.796775,22340.82999925,28039.07,22340.82999925,
2024-03-12 01:55:00+00:00,0.7964,0.8009,0.7983,0.7967,12693.05,0.798075,10130.00587875,12693.05,10130.00587875,
2024-03-12 02:00:00+00:00,0.7951,0.7991,0.7959,0.7959,7868.8,0.7965,6267.4992,7868.8,6267.4992,
2024-03-12 02:05:00+00:00,0.7925,0.7953,0.7953,0.7945,22707.64,0.7944,18038.949216,22707.64,18038.949216,
2024-03-12 02:10:00+00:00,0.7951,0.7991,0.7951,0.7991,16292.13,0.7971,12986.456823,16292.13,12986.456823,
2024-03-12 02:15:00+00:00,0.7959,0.8001,0.7999,0.7967,10827.55,0.79815,8642.0090325,10827.55,8642.0090325,
2024-03-12 02:20:00+00:00,0.7933,0.7966,0.7966,0.795,3942.6,0.795375,3135.845475,3942.6,3135.845475,
2024-03-12 02:25:00+00:00,0.7935,0.7959,0.7942,0.795,14929.05,0.79465,11863.3695825,14929.05,11863.3695825,
2024-03-12 02:30:00+00:00,0.7927,0.7954,0.7944,0.7927,4048.05,0.7938,3213.34209,4048.05,3213.34209,
2024-03-12 02:35:00+00:00,0.7892,0.7923,0.7922,0.7901,28618.59,0.79095,22635.8737605,28618.59,22635.8737605,
2024-03-12 02:40:00+00:00,0.7887,0.7906,0.7895,0.7891,14080.66,0.789475,11116.3290535,14080.66,11116.3290535,
2024-03-12 02:45:00+00:00,0.7871,0.7883,0.7882,0.7874,8536.75,0.78775,6724.8248125,8536.75,6724.8248125,
2024-03-12 02:50:00+00:00,0.7874,0.7888,0.7883,0.7874,9045.11,0.787975,7127.32055225,9045.11,7127.32055225,
2024-03-12 02:55:00+00:00,0.7865,0.7898,0.7874,0.7898,7527.63,0.788375,5934.59530125,7527.63,5934.59530125,
2024-03-12 03:00:00+00:00,0.7889,0.7901,0.789,0.7896,5278.04,0.7894,4166.484776,5278.04,4166.484776,
2024-03-12 03:05:00+00:00,0.7859,0.7899,0.7899,0.7859,3740.88,0.7879,2947.439352,3740.88,2947.439352,
2024-03-12 03:10:00+00:00,0.786,0.7874,0.7874,0.7871,2259.23,0.786975,1777.95752925,2259.23,1777.95752925,
2024-03-12 03:15:00+00:00,0.7832,0.787,0.7866,0.7858,14453.4,0.78565,11355.31371,14453.4,11355.31371,
2024-03-12 03:20:00+00:00,0.7771,0.785,0.785,0.7808,22846.07,0.781975,17865.05558825,22846.07,17865.05558825,
2024-03-12 03:25:00+00:00,0.7774,0.7802,0.7802,0.7774,6992.29,0.7788,5445.595452,6992.29,5445.595452,
2024-03-12 03:30:00+00:00,0.7778,0.7818,0.7781,0.7807,67456.25,0.7796,52588.8925,67456.25,52588.8925,
2024-03-12 03:35:00+00:00,0.7799,0.7828,0.7811,0.7803,5111.3,0.781025,3992.0530825,5111.3,3992.0530825,
2024-03-12 03:40:00+00:00,0.7777,0.7804,0.7804,0.7788,16531.09,0.779325,12883.09171425,16531.09,12883.09171425,
2024-03-12 03:45:00+00:00,0.7761,0.7809,0.7795,0.7761,4800.24,0.77815,3735.306756,4800.24,3735.306756,
2024-03-12 03:50:00+00:00,0.7722,0.7771,0.7762,0.7722,38330.18,0.774425,29683.8496465,38330.18,29683.8496465,
2024-03-12 03:55:00+00:00,0.7694,0.7751,0.7726,0.7699,31275.32,0.77175,24136.72821,31275.32,24136.72821,
2024-03-12 04:00:00+00:00,0.7653,0.7737,0.7713,0.7656,13166.79,0.768975,10124.93234025,13166.79,10124.93234025,
2024-03-12 04:05:00+00:00,0.7628,0.7678,0.7671,0.766,24038.96,0.765925,18412.040438,24038.96,18412.040438,
2024-03-12 04:10:00+00:00,0.7666,0.7705,0.7666,0.7692,9247.82,0.768225,7104.4065195,9247.82,7104.4065195,
2024-03-12 04:15:00+00:00,0.7689,0.7744,0.7689,0.7744,19943.87,0.77165,15389.6872855,19943.87,15389.6872855,
2024-03-12 04:20:00+00:00,0.7723,0.7753,0.7743,0.7753,10930.18,0.7743,8463.238374,10930.18,8463.238374,
2024-03-12 04:25:00+00:00,0.7738,0.7759,0.775,0.7738,2854.76,0.774625,2211.368465,2854.76,2211.368465,
2024-03-12 04:30:00+00:00,0.7721,0.7751,0.7751,0.7729,9405.21,0.7738,7277.751498,9405.21,7277.751498,
2024-03-12 04:35:00+00:00,0.7705,0.7732,0.7721,0.772,5855.01,0.77195,4519.7749695,5855.01,4519.7749695,
2024-03-12 04:40:00+00:00,0.7706,0.7724,0.7713,0.7724,4486.36,0.771675,3462.011853,4486.36,3462.011853,
2024-03-12 04:45:00+00:00,0.7718,0.7744,0.7728,0.7736,2231.56,0.77315,1725.330614,2231.56,1725.330614,
2024-03-12 04:50:00+00:00,0.7721,0.7744,0.7744,0.7729,5567.04,0.77345,4305.827088,5567.04,4305.827088,
2024-03-12 04:55:00+00:00,0.7713,0.7727,0.7721,0.7724,2081.82,0.772125,1607.4252675,2081.82,1607.4252675,
2024-03-12 05:00:00+00:00,0.7714,0.7729,0.7729,0.7714,139.44,0.77215,107.668596,139.44,107.668596,
2024-03-12 05:05:00+00:00,0.7701,0.7719,0.7719,0.7701,5021.17,0.771,3871.32207,5021.17,3871.32207,
2024-03-12 05:10:00+00:00,0.7713,0.7729,0.7713,0.7715,4811.67,0.77175,3713.4063225,4811.67,3713.4063225,
2024-03-12 05:15:00+00:00,0.7714,0.7731,0.7714,0.7729,5296.22,0.7722,4089.741084,5296.22,4089.741084,
2024-03-12 05:20:00+00:00,0.7732,0.7744,0.7732,0.7737,4502.72,0.773625,3483.41676,4502.72,3483.41676,
2024-03-12 05:25:00+00:00,0.7733,0.7745,0.774,0.7739,3842.73,0.773925,2973.98481525,3842.73,2973.98481525,
2024-03-12 05:30:00+00:00,0.7713,0.7744,0.7742,0.7713,8240.11,0.7728,6367.957008,8240.11,6367.957008,
2024-03-12 05:35:00+00:00,0.7705,0.7717,0.7717,0.7711,6554.61,0.77125,5055.2429625,6554.61,5055.2429625,
2024-03-12 05:40:00+00:00,0.7713,0.773,0.7715,0.7713,4268.04,0.771775,3293.966571,4268.04,3293.966571,
2024-03-12 05:45:00+00:00,0.7694,0.7724,0.7718,0.7705,20828.72,0.771025,16059.463838,20828.72,16059.463838,
2024-03-12 05:50:00+00:00,0.7696,0.7705,0.7705,0.7703,11950.37,0.770225,9204.47373325,11950.37,9204.47373325,
2024-03-12 05:55:00+00:00,0.7713,0.7729,0.7713,0.7729,3745.01,0.7721,2891.522221,3745.01,2891.522221,
2024-03-12 06:00:00+00:00,0.7683,0.7729,0.7721,0.7695,9530.29,0.7707,7344.994503,9530.29,7344.994503,
2024-03-12 06:05:00+00:00,0.7657,0.7681,0.7681,0.7665,691.81,0.7671,530.687451,691.81,530.687451,
2024-03-12 06:10:00+00:00,0.762,0.7661,0.7661,0.7625,10389.92,0.764175,7939.717116,10389.92,7939.717116,
2024-03-12 06:15:00+00:00,0.7611,0.7643,0.7628,0.7641,4667.19,0.763075,3561.41600925,4667.19,3561.41600925,
2024-03-12 06:20:00+00:00,0.7591,0.7628,0.7628,0.7607,16442.92,0.76135,12518.817142,16442.92,12518.817142,
2024-03-12 06:25:00+00:00,0.7545,0.7621,0.7621,0.7545,32088.02,0.7583,24332.345566,32088.02,24332.345566,
2024-03-12 06:30:00+00:00,0.7522,0.7603,0.7546,0.7593,19313.05,0.7566,14612.25363,19313.05,14612.25363,
2024-03-12 06:35:00+00:00,0.7554,0.7603,0.7603,0.7569,29744.91,0.758225,22553.33438475,29744.91,22553.33438475,
2024-03-12 06:40:00+00:00,0.7557,0.7579,0.7567,0.7557,7213.5,0.7565,5457.01275,7213.5,5457.01275,
2024-03-12 06:45:00+00:00,0.7562,0.7618,0.7565,0.761,9615.71,0.758875,7297.12192625,9615.71,7297.12192625,
2024-03-12 06:50:00+00:00,0.7614,0.7642,0.7621,0.7642,1106.99,0.762975,844.60569525,1106.99,844.60569525,
2024-03-12 06:55:00+00:00,0.7628,0.7657,0.7636,0.7651,10137.14,0.7643,7747.816102,10137.14,7747.816102,
2024-03-12 07:00:00+00:00,0.7614,0.7642,0.764,0.7614,1388.97,0.76275,1059.4368675,1388.97,1059.4368675,
2024-03-12 07:05:00+00:00,0.7621,0.764,0.7621,0.7637,116.49,0.762975,88.87895775,116.49,88.87895775,
2024-03-12 07:10:00+00:00,0.7637,0.7665,0.7637,0.766,5403.8,0.764975,4133.771905,5403.8,4133.771905,
2024-03-12 07:15:00+00:00,0.7642,0.7655,0.7649,0.7655,2761.89,0.765025,2112.91489725,2761.89,2112.91489725,
2024-03-12 07:20:00+00:00,0.7657,0.7673,0.7657,0.766,379.41,0.766175,290.69445675,379.41,290.69445675,
2024-03-12 07:25:00+00:00,0.764,0.7657,0.7657,0.7642,8113.4,0.7649,6205.93966,8113.4,6205.93966,
2024-03-12 07:30:00+00:00,0.76,0.7639,0.7638,0.76,8133.41,0.761925,6197.04841425,8133.41,6197.04841425,
2024-03-12 07:35:00+00:00,0.7567,0.7599,0.7599,0.7578,4732.32,0.758575,3589.819644,4732.32,3589.819644,
2024-03-12 07:40:00+00:00,0.7582,0.7599,0.7585,0.7599,8308.77,0.759125,6307.39502625,8308.77,6307.39502625,
2024-03-12 07:45:00+00:00,0.7589,0.7607,0.7596,0.7592,1692.14,0.7596,1285.349544,1692.14,1285.349544,
2024-03-12 07:50:00+00:00,0.7578,0.7616,0.7588,0.761,5634.32,0.7598,4280.956336,5634.32,4280.956336,
2024-03-12 07:55:00+00:00,0.7602,0.7616,0.7612,0.7606,1582.68,0.7609,1204.261212,1582.68,1204.261212,
2024-03-12 08:00:00+00:00,0.7581,0.7629,0.7607,0.7592,15059.68,0.760225,11448.745228,15059.68,11448.745228,
2024-03-12 08:05:00+00:00,0.75,0.7601,0.7599,0.7506,14760.93,0.75515,11146.7162895,14760.93,11146.7162895,
2024-03-12 08:10:00+00:00,0.7431,0.7522,0.7512,0.7437,22872.89,0.74755,17098.6289195,22872.89,17098.6289195,
2024-03-12 08:15:00+00:00,0.7441,0.7512,0.7441,0.7499,12681.05,0.747325,9476.86569125,12681.05,9476.86569125,
2024-03-12 08:20:00+00:00,0.7413,0.7499,0.7493,0.7448,11764.62,0.746325,8780.2300215,11764.62,8780.2300215,
2024-03-12 08:25:00+00:00,0.7365,0.7451,0.7445,0.7403,24887.4,0.7416,18456.49584,24887.4,18456.49584,
2024-03-12 08:30:00+00:00,0.7411,0.7464,0.7411,0.745,4704.31,0.7434,3497.184054,4704.31,3497.184054,
2024-03-12 08:35:00+00:00,0.7436,0.7471,0.7458,0.7471,5465.72,0.7459,4076.880548,5465.72,4076.880548,
2024-03-12 08:40:00+00:00,0.7435,0.7464,0.7464,0.745,9187.25,0.745325,6847.48710625,9187.25,6847.48710625,
2024-03-12 08:45:00+00:00,0.7434,0.7485,0.7457,0.7439,7622.46,0.745375,5681.5911225,7622.46,5681.5911225,
2024-03-12 08:50:00+00:00,0.745,0.7473,0.745,0.7459,8924.98,0.7458,6656.250084,8924.98,6656.250084,
2024-03-12 08:55:00+00:00,0.7444,0.7477,0.7465,0.7444,4921.97,0.74575,3670.5591275,4921.97,3670.5591275,
2024-03-12 09:00:00+00:00,0.7454,0.7487,0.7454,0.7478,2569.06,0.746825,1918.6382345,2569.06,1918.6382345,
2024-03-12 09:05:00+00:00,0.7478,0.7495,0.7479,0.7487,2583.05,0.748475,1933.34834875,2583.05,1933.34834875,
2024-03-12 09:10:00+00:00,0.7492,0.7529,0.7492,0.7519,3519.47,0.7508,2642.418076,3519.47,2642.418076,
2024-03-12 09:15:00+00:00,0.7522,0.755,0.7522,0.7544,9124.94,0.75345,6875.186043,9124.94,6875.186043,
2024-03-12 09:20:00+00:00,0.7541,0.7569,0.7541,0.7568,2476.75,0.755475,1871.12270625,2476.75,1871.12270625,
2024-03-12 09:25:00+00:00,0.7555,0.757,0.7567,0.7555,1884.04,0.756175,1424.663947,1884.04,1424.663947,
2024-03-12 09:30:00+00:00,0.753,0.7554,0.7554,0.7538,1233.14,0.7544,930.280816,1233.14,930.280816,
2024-03-12 09:35:00+00:00,0.7534,0.7542,0.7534,0.7537,3494.35,0.753675,2633.60423625,3494.35,2633.60423625,
2024-03-12 09:40:00+00:00,0.7541,0.7557,0.7545,0.7554,1999.64,0.754925,1509.578227,1999.64,1509.578227,
2024-03-12 09:45:00+00:00,0.7552,0.757,0.7553,0.7566,10302.88,0.756025,7789.234852,10302.88,7789.234852,
2024-03-12 09:50:00+00:00,0.753,0.7561,0.7561,0.7546,2072.49,0.75495,1564.6263255,2072.49,1564.6263255,
2024-03-12 09:55:00+00:00,0.7536,0.7548,0.7547,0.7544,3192.47,0.754375,2408.31955625,3192.47,2408.31955625,
2024-03-12 10:00:00+00:00,0.7538,0.7582,0.7541,0.7557,11689.81,0.75545,8831.0669645,11689.81,8831.0669645,
2024-03-12 10:05:00+00:00,0.7556,0.757,0.7564,0.7556,3063.16,0.75615,2316.208434,3063.16,2316.208434,
2024-03-12 10:10:00+00:00,0.7522,0.7564,0.7557,0.7523,10068.12,0.75415,7592.872698,10068.12,7592.872698,
2024-03-12 10:15:00+00:00,0.7506,0.753,0.7514,0.7526,692.69,0.7519,520.833611,692.69,520.833611,
2024-03-12 10:20:00+00:00,0.7498,0.7514,0.7514,0.7505,4050.98,0.750775,3041.3745095,4050.98,3041.3745095,
2024-03-12 10:25:00+00:00,0.7478,0.7501,0.7501,0.7488,2296.74,0.7492,1720.717608,2296.74,1720.717608,
2024-03-12 10:30:00+00:00,0.7499,0.7514,0.7499,0.7513,4016.82,0.750625,3015.1255125,4016.82,3015.1255125,
2024-03-12 10:35:00+00:00,0.7496,0.7507,0.7503,0.7502,7850.61,0.7502,5889.527622,7850.61,5889.527622,
2024-03-12 10:40:00+00:00,0.749,0.7506,0.7496,0.7506,4311.72,0.74995,3233.574414,4311.72,3233.574414,
2024-03-12 10:45:00+00:00,0.7503,0.7522,0.7505,0.7516,767.01,0.75115,576.1395615,767.01,576.1395615,
2024-03-12 10:50:00+00:00,0.7492,0.7516,0.7514,0.7494,2499.74,0.7504,1875.804896,2499.74,1875.804896,
2024-03-12 10:55:00+00:00,0.7498,0.7506,0.7505,0.7506,1166.15,0.750375,875.04980625,1166.15,875.04980625,
2024-03-12 11:00:00+00:00,0.7499,0.7513,0.7507,0.751,6824.16,0.750725,5123.067516,6824.16,5123.067516,
2024-03-12 11:05:00+00:00,0.7508,0.7543,0.7509,0.7538,7341.25,0.75245,5523.9235625,7341.25,5523.9235625,
2024-03-12 11:10:00+00:00,0.7529,0.7548,0.7546,0.7531,1113.86,0.75385,839.683361,1113.86,839.683361,
2024-03-12 11:15:00+00:00,0.7517,0.7546,0.7528,0.7546,4034.26,0.753425,3039.5123405,4034.26,3039.5123405,
2024-03-12 11:20:00+00:00,0.7538,0.7582,0.7538,0.7582,2342.84,0.756,1771.18704,2342.84,1771.18704,
2024-03-12 11:25:00+00:00,0.7542,0.7582,0.7573,0.7543,11219.7,0.756,8482.0932,11219.7,8482.0932,
2024-03-12 11:30:00+00:00,0.7533,0.7552,0.7544,0.7535,6230.74,0.7541,4698.601034,6230.74,4698.601034,
2024-03-12 11:35:00+00:00,0.7504,0.7532,0.7532,0.7504,5125.34,0.7518,3853.230612,5125.34,3853.230612,
2024-03-12 11:40:00+00:00,0.7499,0.7512,0.7504,0.7509,26704.82,0.7506,20044.637892,26704.82,20044.637892,
2024-03-12 11:45:00+00:00,0.7499,0.7514,0.7514,0.75,6237.93,0.750675,4682.65810275,6237.93,4682.65810275,
2024-03-12 11:50:00+00:00,0.7484,0.7503,0.7496,0.7487,696.19,0.74925,521.6203575,696.19,521.6203575,
2024-03-12 11:55:00+00:00,0.7482,0.7493,0.7487,0.7488,4706.03,0.74875,3523.6399625,4706.03,3523.6399625,
2024-03-12 12:00:00+00:00,0.7481,0.7514,0.7499,0.7508,20917.79,0.75005,15689.3883895,20917.79,15689.3883895,
2024-03-12 12:05:00+00:00,0.745,0.75,0.75,0.7454,7988.11,0.7476,5971.911036,7988.11,5971.911036,
2024-03-12 12:10:00+00:00,0.7437,0.7454,0.7454,0.7443,21883.29,0.7447,16296.486063,21883.29,16296.486063,
2024-03-12 12:15:00+00:00,0.742,0.7444,0.7444,0.7431,4992.57,0.743475,3711.85098075,4992.57,3711.85098075,
2024-03-12 12:20:00+00:00,0.7394,0.7443,0.7429,0.7394,2775.72,0.7415,2058.19638,2775.72,2058.19638,
2024-03-12 12:25:00+00:00,0.7391,0.7422,0.7392,0.7415,2846.99,0.7405,2108.196095,2846.99,2108.196095,
2024-03-12 12:30:00+00:00,0.7388,0.7524,0.7409,0.7499,15457.16,0.7455,11523.31278,15457.16,11523.31278,
2024-03-12 12:35:00+00:00,0.7485,0.7513,0.7495,0.7506,5533.57,0.749975,4150.03916075,5533.57,4150.03916075,
2024-03-12 12:40:00+00:00,0.7497,0.7546,0.7497,0.7525,18633.84,0.751625,14005.65999,18633.84,14005.65999,
2024-03-12 12:45:00+00:00,0.751,0.7549,0.7538,0.7529,9162.06,0.75315,6900.405489,9162.06,6900.405489,
2024-03-12 12:50:00+00:00,0.7533,0.7558,0.7533,0.7538,8181.02,0.75405,6168.898131,8181.02,6168.898131,
2024-03-12 12:55:00+00:00,0.7528,0.7546,0.753,0.7538,3866.48,0.75355,2913.586004,3866.48,2913.586004,
2024-03-12 13:00:00+00:00,0.7522,0.7546,0.7545,0.7522,1417.55,0.753375,1067.94673125,1417.55,1067.94673125,
2024-03-12 13:05:00+00:00,0.7502,0.7538,0.753,0.7527,23210.0,0.752425,17463.78425,23210.0,17463.78425,
2024-03-12 13:10:00+00:00,0.7523,0.7559,0.7524,0.7558,13779.11,0.7541,10390.826851,13779.11,10390.826851,
2024-03-12 13:15:00+00:00,0.7515,0.7554,0.7554,0.753,4913.64,0.753825,3704.024673,4913.64,3704.024673,
2024-03-12 13:20:00+00:00,0.7528,0.7542,0.7538,0.7542,7412.11,0.75375,5586.8779125,7412.11,5586.8779125,
2024-03-12 13:25:00+00:00,0.7546,0.757,0.7546,0.757,4135.36,0.7558,3125.505088,4135.36,3125.505088,
2024-03-12 13:30:00+00:00,0.7554,0.7585,0.7566,0.758,7851.68,0.757125,5944.70322,7851.68,5944.70322,
2024-03-12 13:35:00+00:00,0.7529,0.7578,0.7578,0.7529,11212.49,0.75535,8469.3543215,11212.49,8469.3543215,
2024-03-12 13:40:00+00:00,0.7505,0.7538,0.7529,0.7517,9853.48,0.752225,7412.033993,9853.48,7412.033993,
2024-03-12 13:45:00+00:00,0.7487,0.752,0.7517,0.752,6853.27,0.7511,5147.491097,6853.27,5147.491097,
2024-03-12 13:50:00+00:00,0.7505,0.754,0.7506,0.7539,5456.28,0.75225,4104.48663,5456.28,4104.48663,
2024-03-12 13:55:00+00:00,0.7528,0.7548,0.7546,0.7548,18035.56,0.75425,13603.32113,18035.56,13603.32113,
2024-03-12 14:00:00+00:00,0.753,0.7599,0.7538,0.7599,13918.18,0.75665,10531.190897,13918.18,10531.190897,
2024-03-12 14:05:00+00:00,0.7506,0.7621,0.7599,0.7517,12983.82,0.756075,9816.7417065,12983.82,9816.7417065,
2024-03-12 14:10:00+00:00,0.745,0.7531,0.7502,0.745,17720.59,0.748325,13260.76051175,17720.59,13260.76051175,
2024-03-12 14:15:00+00:00,0.744,0.7492,0.7478,0.7471,10521.68,0.747025,7859.958002,10521.68,7859.958002,
2024-03-12 14:20:00+00:00,0.7457,0.7487,0.7478,0.7482,4909.49,0.7476,3670.334724,4909.49,3670.334724,
2024-03-12 14:25:00+00:00,0.7492,0.7523,0.7492,0.7517,17305.63,0.7506,12989.605878,17305.63,12989.605878,
2024-03-12 14:30:00+00:00,0.7478,0.7546,0.7519,0.7492,8756.38,0.750875,6574.9468325,8756.38,6574.9468325,
2024-03-12 14:35:00+00:00,0.7488,0.7507,0.7499,0.7489,4087.34,0.749575,3063.7678805,4087.34,3063.7678805,
2024-03-12 14:40:00+00:00,0.7485,0.7513,0.7498,0.7505,13098.94,0.750025,9824.5324735,13098.94,9824.5324735,
2024-03-12 14:45:00+00:00,0.7486,0.7522,0.7506,0.7514,4610.39,0.7507,3461.019773,4610.39,3461.019773,
2024-03-12 14:50:00+00:00,0.7467,0.7507,0.7506,0.7501,17148.48,0.749525,12853.214472,17148.48,12853.214472,
2024-03-12 14:55:00+00:00,0.7462,0.7506,0.7495,0.7469,9174.39,0.7483,6865.196037,9174.39,6865.196037,
2024-03-12 15:00:00+00:00,0.7408,0.7491,0.7472,0.7478,38589.0,0.746225,28796.076525,38589.0,28796.076525,
2024-03-12 15:05:00+00:00,0.7433,0.7523,0.7479,0.7523,68167.8,0.74895,51054.27381,68167.8,51054.27381,
2024-03-12 15:10:00+00:00,0.7513,0.7554,0.7521,0.7544,12058.8,0.7533,9083.89404,12058.8,9083.89404,
2024-03-12 15:15:00+00:00,0.7514,0.756,0.7544,0.7538,2636.51,0.7539,1987.664889,2636.51,1987.664889,
2024-03-12 15:20:00+00:00,0.7528,0.7573,0.7533,0.756,10371.55,0.75485,7828.9645175,10371.55,7828.9645175,
2024-03-12 15:25:00+00:00,0.7546,0.7578,0.7565,0.7578,7643.91,0.756675,5783.95559925,7643.91,5783.95559925,
2024-03-12 15:30:00+00:00,0.7576,0.7603,0.7576,0.7598,9916.91,0.758825,7525.19923075,9916.91,7525.19923075,
2024-03-12 15:35:00+00:00,0.7565,0.7599,0.7588,0.7599,4724.83,0.758775,3585.08288325,4724.83,3585.08288325,
2024-03-12 15:40:00+00:00,0.7585,0.7611,0.7606,0.7595,5162.72,0.759925,3923.279996,5162.72,3923.279996,
2024-03-12 15:45:00+00:00,0.7592,0.7612,0.7599,0.7612,3842.24,0.760375,2921.54324,3842.24,2921.54324,
2024-03-12 15:50:00+00:00,0.7592,0.7617,0.7608,0.7604,6970.37,0.760525,5301.14064425,6970.37,5301.14064425,
2024-03-12 15:55:00+00:00,0.7578,0.7607,0.7607,0.7585,1492.22,0.759425,1133.2291735,1492.22,1133.2291735,
2024-03-12 16:00:00+00:00,0.7578,0.7607,0.759,0.7596,10803.36,0.759275,8202.721164,10803.36,8202.721164,
2024-03-12 16:05:00+00:00,0.7546,0.7585,0.7585,0.7575,3461.26,0.757275,2621.1256665,3461.26,2621.1256665,
2024-03-12 16:10:00+00:00,0.7538,0.7578,0.7578,0.7558,11103.21,0.7563,8397.357723,11103.21,8397.357723,
2024-03-12 16:15:00+00:00,0.7485,0.7554,0.7554,0.7499,9504.07,0.7523,7149.911861,9504.07,7149.911861,
2024-03-12 16:20:00+00:00,0.7448,0.7506,0.7506,0.7448,9435.16,0.7477,7054.669132,9435.16,7054.669132,
2024-03-12 16:25:00+00:00,0.7345,0.7464,0.7443,0.7443,40423.42,0.742375,30009.3364225,40423.42,30009.3364225,
2024-03-12 16:30:00+00:00,0.7387,0.7484,0.745,0.7484,11673.21,0.745125,8698.00060125,11673.21,8698.00060125,
2024-03-12 16:35:00+00:00,0.7435,0.7506,0.7485,0.7435,9317.02,0.746525,6955.3883555,9317.02,6955.3883555,
2024-03-12 16:40:00+00:00,0.7417,0.7464,0.7438,0.7449,23235.82,0.7442,17292.097244,23235.82,17292.097244,
2024-03-12 16:45:00+00:00,0.7436,0.7495,0.7443,0.7452,15302.9,0.74565,11410.607385,15302.9,11410.607385,
2024-03-12 16:50:00+00:00,0.7394,0.7453,0.745,0.7415,14753.77,0.7428,10959.100356,14753.77,10959.100356,
2024-03-12 16:55:00+00:00,0.7405,0.7436,0.7405,0.7422,5564.6,0.7417,4127.26382,5564.6,4127.26382,
2024-03-12 17:00:00+00:00,0.7385,0.7443,0.7415,0.7421,20009.21,0.7416,14838.830136,20009.21,14838.830136,
2024-03-12 17:05:00+00:00,0.7274,0.742,0.742,0.7297,39896.88,0.735275,29335.178442,39896.88,29335.178442,
2024-03-12 17:10:00+00:00,0.7295,0.7363,0.7319,0.7329,22760.96,0.73265,16675.817344,22760.96,16675.817344,
2024-03-12 17:15:00+00:00,0.7227,0.7345,0.7326,0.7275,36293.24,0.729325,26469.567263,36293.24,26469.567263,
2024-03-12 17:20:00+00:00,0.7077,0.7289,0.7268,0.7261,105763.96,0.722375,76401.240605,105763.96,76401.240605,
2024-03-12 17:25:00+00:00,0.7212,0.7288,0.7254,0.7224,18191.52,0.72445,13178.846664,18191.52,13178.846664,
2024-03-12 17:30:00+00:00,0.7233,0.7359,0.7233,0.7353,15396.32,0.72945,11230.845624,15396.32,11230.845624,
2024-03-12 17:35:00+00:00,0.7331,0.7408,0.7359,0.7393,8321.66,0.737275,6135.3518765,8321.66,6135.3518765,
2024-03-12 17:40:00+00:00,0.7359,0.7422,0.7385,0.7412,8324.89,0.73945,6155.8399105,8324.89,6155.8399105,
2024-03-12 17:45:00+00:00,0.7394,0.7448,0.7418,0.7438,18263.02,0.74245,13559.379199,18263.02,13559.379199,
2024-03-12 17:50:00+00:00,0.7415,0.7464,0.7436,0.7434,55645.9,0.743725,41385.2469775,55645.9,41385.2469775,
2024-03-12 17:55:00+00:00,0.7414,0.7492,0.743,0.7492,5770.74,0.7457,4303.240818,5770.74,4303.240818,
2024-03-12 18:00:00+00:00,0.7444,0.7521,0.7493,0.7468,37041.56,0.74815,27712.643114,37041.56,27712.643114,
2024-03-12 18:05:00+00:00,0.7442,0.7484,0.747,0.7471,25371.18,0.746675,18944.0258265,25371.18,18944.0258265,
2024-03-12 18:10:00+00:00,0.7457,0.7481,0.7464,0.7464,8427.18,0.74665,6292.153947,8427.18,6292.153947,
2024-03-12 18:15:00+00:00,0.7443,0.7499,0.7472,0.7495,11905.71,0.747725,8902.19700975,11905.71,8902.19700975,
2024-03-12 18:20:00+00:00,0.7457,0.7506,0.7489,0.746,3406.23,0.7478,2547.178794,3406.23,2547.178794,
2024-03-12 18:25:00+00:00,0.746,0.7502,0.746,0.7487,9771.61,0.747725,7306.47708725,9771.61,7306.47708725,
2024-03-12 18:30:00+00:00,0.7495,0.753,0.7495,0.7528,4433.75,0.7512,3330.633,4433.75,3330.633,
2024-03-12 18:35:00+00:00,0.7499,0.7532,0.7532,0.7514,1471.4,0.751925,1106.382445,1471.4,1106.382445,
2024-03-12 18:40:00+00:00,0.7492,0.7516,0.7515,0.75,6178.3,0.750575,4637.2775225,6178.3,4637.2775225,
2024-03-12 18:45:00+00:00,0.7502,0.7522,0.7507,0.7506,8730.32,0.750925,6555.815546,8730.32,6555.815546,
2024-03-12 18:50:00+00:00,0.7498,0.7526,0.7499,0.7514,7506.41,0.750925,5636.75092925,7506.41,5636.75092925,
2024-03-12 18:55:00+00:00,0.752,0.7538,0.7522,0.7535,1032.53,0.752875,777.36602375,1032.53,777.36602375,
2024-03-12 19:00:00+00:00,0.7531,0.7557,0.7539,0.7544,6336.19,0.754275,4779.22971225,6336.19,4779.22971225,
2024-03-12 19:05:00+00:00,0.7543,0.7569,0.7543,0.7563,5170.23,0.75545,3905.8502535,5170.23,3905.8502535,
2024-03-12 19:10:00+00:00,0.7557,0.7572,0.7569,0.7567,5578.11,0.756625,4220.53747875,5578.11,4220.53747875,
2024-03-12 19:15:00+00:00,0.7554,0.757,0.7563,0.757,4572.24,0.756425,3458.556642,4572.24,3458.556642,
2024-03-12 19:20:00+00:00,0.7564,0.7643,0.7572,0.7625,24120.68,0.7601,18334.128868,24120.68,18334.128868,
2024-03-12 19:25:00+00:00,0.7591,0.7635,0.7629,0.76,25341.02,0.761375,19294.0191025,25341.02,19294.0191025,
2024-03-12 19:30:00+00:00,0.7585,0.7623,0.76,0.7588,3954.06,0.7599,3004.690194,3954.06,3004.690194,
2024-03-12 19:35:00+00:00,0.7575,0.7599,0.7579,0.7591,13355.08,0.7586,10131.163688,13355.08,10131.163688,
2024-03-12 19:40:00+00:00,0.7589,0.76,0.7592,0.7593,4634.87,0.75935,3519.4885345,4634.87,3519.4885345,
2024-03-12 19:45:00+00:00,0.7585,0.7607,0.7594,0.7599,6082.78,0.759625,4620.6317575,6082.78,4620.6317575,
2024-03-12 19:50:00+00:00,0.7583,0.7598,0.7598,0.7592,11451.72,0.759275,8695.004703,11451.72,8695.004703,
2024-03-12 19:55:00+00:00,0.7585,0.7598,0.7591,0.7588,2526.08,0.75905,1917.421024,2526.08,1917.421024,
2024-03-12 20:00:00+00:00,0.7554,0.7587,0.7585,0.757,4822.56,0.7574,3652.606944,4822.56,3652.606944,
2024-03-12 20:05:00+00:00,0.7554,0.757,0.757,0.7554,1115.2,0.7562,843.31424,1115.2,843.31424,
2024-03-12 20:10:00+00:00,0.7542,0.7558,0.7554,0.7546,13211.02,0.755,9974.3201,13211.02,9974.3201,
2024-03-12 20:15:00+00:00,0.7532,0.7546,0.7538,0.7545,9159.71,0.754025,6906.65033275,9159.71,6906.65033275,
2024-03-12 20:20:00+00:00,0.7522,0.7547,0.7545,0.7546,3344.98,0.754,2522.11492,3344.98,2522.11492,
2024-03-12 20:25:00+00:00,0.7505,0.754,0.7538,0.7513,8280.72,0.7524,6230.413728,8280.72,6230.413728,
2024-03-12 20:30:00+00:00,0.7449,0.7747,0.7522,0.7467,160329.23,0.754625,120988.44518875,160329.23,120988.44518875,
2024-03-12 20:35:00+00:00,0.747,0.7509,0.7474,0.7509,21332.43,0.74905,15979.0566915,21332.43,15979.0566915,
2024-03-12 20:40:00+00:00,0.7514,0.7535,0.7514,0.7528,23722.55,0.752275,17845.88130125,23722.55,17845.88130125,
2024-03-12 20:45:00+00:00,0.7492,0.7528,0.7528,0.7508,1799.38,0.7514,1352.054132,1799.38,1352.054132,
2024-03-12 20:50:00+00:00,0.7492,0.7522,0.7506,0.7513,10691.17,0.750825,8027.19771525,10691.17,8027.19771525,
2024-03-12 20:55:00+00:00,0.7511,0.753,0.7511,0.7526,4829.29,0.75195,3631.3846155,4829.29,3631.3846155,
2024-03-12 21:00:00+00:00,0.7516,0.7533,0.752,0.7533,9607.47,0.75255,7230.1015485,9607.47,7230.1015485,
2024-03-12 21:05:00+00:00,0.7519,0.7556,0.7536,0.7524,18037.52,0.753375,13589.01663,18037.52,13589.01663,
2024-03-12 21:10:00+00:00,0.7522,0.7542,0.7527,0.7534,36859.47,0.753125,27759.78834375,36859.47,27759.78834375,
2024-03-12 21:15:00+00:00,0.7528,0.755,0.7531,0.753,5117.13,0.753475,3855.62952675,5117.13,3855.62952675,
2024-03-12 21:20:00+00:00,0.7485,0.7522,0.7522,0.7498,26560.56,0.750675,19938.348378,26560.56,19938.348378,
2024-03-12 21:25:00+00:00,0.7492,0.7524,0.7498,0.7516,8128.48,0.75075,6102.45636,8128.48,6102.45636,
2024-03-12 21:30:00+00:00,0.7506,0.7536,0.7511,0.7506,31066.88,0.751475,23345.983648,31066.88,23345.983648,
2024-03-12 21:35:00+00:00,0.7514,0.7554,0.7514,0.7545,40803.06,0.753175,30731.8447155,40803.06,30731.8447155,
2024-03-12 21:40:00+00:00,0.7543,0.7558,0.7552,0.7558,115.93,0.755275,87.55903075,115.93,87.55903075,
2024-03-12 21:45:00+00:00,0.7552,0.757,0.7561,0.7565,5232.92,0.7562,3957.134104,5232.92,3957.134104,
2024-03-12 21:50:00+00:00,0.757,0.7597,0.757,0.7586,3070.5,0.758075,2327.6692875,3070.5,2327.6692875,
2024-03-12 21:55:00+00:00,0.7564,0.7588,0.7588,0.7566,3901.49,0.75765,2955.9638985,3901.49,2955.9638985,
2024-03-12 22:00:00+00:00,0.7549,0.7578,0.7569,0.7578,4855.98,0.75685,3675.248463,4855.98,3675.248463,
2024-03-12 22:05:00+00:00,0.757,0.7591,0.7585,0.757,3576.94,0.7579,2710.962826,3576.94,2710.962826,
2024-03-12 22:10:00+00:00,0.7563,0.759,0.7567,0.759,5549.09,0.75775,4204.8229475,5549.09,4204.8229475,
2024-03-12 22:15:00+00:00,0.7586,0.7598,0.7593,0.7587,1491.61,0.7591,1132.281151,1491.61,1132.281151,
2024-03-12 22:20:00+00:00,0.7583,0.7603,0.7584,0.7592,4990.94,0.75905,3788.373007,4990.94,3788.373007,
2024-03-12 22:25:00+00:00,0.7585,0.7594,0.7589,0.7585,1690.01,0.758825,1282.42183825,1690.01,1282.42183825,
2024-03-12 22:30:00+00:00,0.7566,0.7583,0.7581,0.7574,5055.98,0.7576,3830.410448,5055.98,3830.410448,
2024-03-12 22:35:00+00:00,0.7554,0.7578,0.7569,0.7575,17307.7,0.7569,13100.19813,17307.7,13100.19813,
2024-03-12 22:40:00+00:00,0.7574,0.7592,0.7574,0.7592,2172.85,0.7583,1647.672155,2172.85,1647.672155,
2024-03-12 22:45:00+00:00,0.7586,0.7614,0.7599,0.7614,5671.18,0.760325,4311.9399335,5671.18,4311.9399335,
2024-03-12 22:50:00+00:00,0.7604,0.7614,0.7607,0.7614,604.49,0.760975,460.00177775,604.49,460.00177775,
2024-03-12 22:55:00+00:00,0.7611,0.7624,0.7611,0.7614,6125.95,0.7615,4664.910925,6125.95,4664.910925,
2024-03-12 23:00:00+00:00,0.7589,0.7619,0.7619,0.7597,1832.28,0.7606,1393.632168,1832.28,1393.632168,
2024-03-12 23:05:00+00:00,0.7592,0.7601,0.7593,0.7593,7732.52,0.759475,5872.655627,7732.52,5872.655627,
2024-03-12 23:10:00+00:00,0.7585,0.7598,0.7598,0.7594,4724.81,0.759375,3587.90259375,4724.81,3587.90259375,
2024-03-12 23:15:00+00:00,0.7595,0.7614,0.7599,0.7614,12456.39,0.76055,9473.7074145,12456.39,9473.7074145,
2024-03-12 23:20:00+00:00,0.7613,0.7627,0.7621,0.7627,7682.68,0.7622,5855.738696,7682.68,5855.738696,
2024-03-12 23:25:00+00:00,0.7623,0.7649,0.7623,0.7647,2873.61,0.76355,2194.1449155,2873.61,2194.1449155,
2024-03-12 23:30:00+00:00,0.7653,0.7674,0.7653,0.7657,5457.23,0.765925,4179.82888775,5457.23,4179.82888775,
2024-03-12 23:35:00+00:00,0.7648,0.7663,0.7651,0.7649,4589.58,0.765275,3512.2908345,4589.58,3512.2908345,
2024-03-12 23:40:00+00:00,0.7632,0.7652,0.7648,0.764,242.31,0.7643,185.197533,242.31,185.197533,
2024-03-12 23:45:00+00:00,0.7636,0.7648,0.7647,0.7643,4647.28,0.76435,3552.148468,4647.28,3552.148468,
2024-03-12 23:50:00+00:00,0.764,0.7668,0.7642,0.7658,23927.29,0.7652,18309.162308,23927.29,18309.162308,
2024-03-12 23:55:00+00:00,0.7646,0.7661,0.7653,0.7653,14336.43,0.765325,10972.02828975,14336.43,10972.02828975,
2024-03-13 00:00:00+00:00,0.7606,0.7659,0.7654,0.7608,16216.64,0.763175,12376.134232,16216.64,12376.134232,
2024-03-13 00:05:00+00:00,0.7606,0.7643,0.7614,0.7643,6368.99,0.76265,4857.3102235,6368.99,4857.3102235,
2024-03-13 00:10:00+00:00,0.7621,0.7635,0.7635,0.7626,1949.17,0.762925,1487.07052225,1949.17,1487.07052225,
2024-03-13 00:15:00+00:00,0.7599,0.7621,0.7621,0.7612,1434.85,0.761325,1092.38717625,1434.85,1092.38717625,
2024-03-13 00:20:00+00:00,0.7592,0.7612,0.7598,0.7611,6535.58,0.760325,4969.1648635,6535.58,4969.1648635,
2024-03-13 00:25:00+00:00,0.7585,0.7607,0.7599,0.7587,12123.49,0.75945,9207.1844805,12123.49,9207.1844805,
2024-03-13 00:30:00+00:00,0.757,0.7594,0.7592,0.757,12650.75,0.75815,9591.1661125,12650.75,9591.1661125,
2024-03-13 00:35:00+00:00,0.7564,0.7594,0.757,0.7585,2059.01,0.757825,1560.36925325,2059.01,1560.36925325,
2024-03-13 00:40:00+00:00,0.7582,0.7603,0.7583,0.7586,2562.88,0.75885,1944.841488,2562.88,1944.841488,
2024-03-13 00:45:00+00:00,0.7592,0.7621,0.7592,0.762,13210.86,0.760625,10048.5103875,13210.86,10048.5103875,
2024-03-13 00:50:00+00:00,0.7607,0.7624,0.7622,0.7614,58593.6,0.761675,44629.28028,58593.6,44629.28028,
2024-03-13 00:55:00+00:00,0.7599,0.761,0.7609,0.7603,519.77,0.760525,395.29807925,519.77,395.29807925,
2024-03-13 01:00:00+00:00,0.758,0.7603,0.7601,0.7591,2948.0,0.759375,2238.6375,2948.0,2238.6375,
2024-03-13 01:05:00+00:00,0.7585,0.7604,0.7585,0.7604,497.45,0.75945,377.7884025,497.45,377.7884025,
2024-03-13 01:10:00+00:00,0.7592,0.7628,0.7592,0.7607,7490.45,0.760475,5696.29996375,7490.45,5696.29996375,
2024-03-13 01:15:00+00:00,0.7589,0.7599,0.7599,0.7592,190.56,0.759475,144.725556,190.56,144.725556,
2024-03-13 01:20:00+00:00,0.7575,0.7592,0.7585,0.7588,10623.56,0.7585,8057.97026,10623.56,8057.97026,
2024-03-13 01:25:00+00:00,0.7592,0.7624,0.7595,0.7624,2825.88,0.760875,2150.141445,2825.88,2150.141445,
2024-03-13 01:30:00+00:00,0.7628,0.7665,0.7628,0.7658,9299.0,0.764475,7108.853025,9299.0,7108.853025,
2024-03-13 01:35:00+00:00,0.7642,0.7654,0.7649,0.7653,1809.95,0.76495,1384.5212525,1809.95,1384.5212525,
2024-03-13 01:40:00+00:00,0.7629,0.7657,0.7645,0.7629,8729.86,0.764,6669.61304,8729.86,6669.61304,
2024-03-13 01:45:00+00:00,0.7635,0.765,0.7642,0.765,17672.77,0.764425,13509.50720725,17672.77,13509.50720725,
2024-03-13 01:50:00+00:00,0.7635,0.7647,0.7645,0.7638,3079.8,0.764125,2353.352175,3079.8,2353.352175,
2024-03-13 01:55:00+00:00,0.7644,0.7667,0.7646,0.7665,6958.46,0.76555,5327.049053,6958.46,5327.049053,
2024-03-13 02:00:00+00:00,0.7641,0.7667,0.7667,0.7645,376.78,0.7655,288.42509,376.78,288.42509,
2024-03-13 02:05:00+00:00,0.7635,0.7644,0.7643,0.7636,888.48,0.76395,678.754296,888.48,678.754296,
2024-03-13 02:10:00+00:00,0.764,0.7652,0.7642,0.7652,18377.04,0.76465,14052.003636,18377.04,14052.003636,
2024-03-13 02:15:00+00:00,0.7642,0.766,0.7657,0.7651,1781.94,0.76525,1363.629585,1781.94,1363.629585,
2024-03-13 02:20:00+00:00,0.7635,0.765,0.7642,0.765,350.54,0.764425,267.9615395,350.54,267.9615395,
2024-03-13 02:25:00+00:00,0.764,0.7646,0.7643,0.7646,122.03,0.764375,93.27668125,122.03,93.27668125,
2024-03-13 02:30:00+00:00,0.7627,0.7655,0.7649,0.7627,14498.21,0.76395,11075.9075295,14498.21,11075.9075295,
2024-03-13 02:35:00+00:00,0.7628,0.765,0.7644,0.7639,13124.91,0.764025,10027.75936275,13124.91,10027.75936275,
2024-03-13 02:40:00+00:00,0.7628,0.765,0.7635,0.7643,49321.78,0.7639,37676.907742,49321.78,37676.907742,
2024-03-13 02:45:00+00:00,0.7641,0.7657,0.7641,0.7654,5493.65,0.764825,4201.68086125,5493.65,4201.68086125,
2024-03-13 02:50:00+00:00,0.7643,0.7659,0.7657,0.7649,6507.76,0.7652,4979.737952,6507.76,4979.737952,
2024-03-13 02:55:00+00:00,0.764,0.7651,0.7644,0.764,1583.98,0.764375,1210.7547125,1583.98,1210.7547125,
2024-03-13 03:00:00+00:00,0.7616,0.7635,0.7635,0.7616,3319.19,0.76255,2531.0483345,3319.19,2531.0483345,
2024-03-13 03:05:00+00:00,0.7619,0.7635,0.7624,0.763,686.82,0.7627,523.837614,686.82,523.837614,
2024-03-13 03:10:00+00:00,0.7621,0.7635,0.763,0.7635,11309.96,0.763025,8629.782229,11309.96,8629.782229,
2024-03-13 03:15:00+00:00,0.7622,0.7662,0.7629,0.7644,11743.16,0.763925,8970.893503,11743.16,8970.893503,
2024-03-13 03:20:00+00:00,0.7635,0.7652,0.7649,0.7638,1981.83,0.76435,1514.8117605,1981.83,1514.8117605,
2024-03-13 03:25:00+00:00,0.7629,0.7642,0.7642,0.7631,1905.47,0.7636,1455.016892,1905.47,1455.016892,
2024-03-13 03:30:00+00:00,0.7615,0.7632,0.763,0.7628,3137.07,0.762625,2392.40800875,3137.07,2392.40800875,
2024-03-13 03:35:00+00:00,0.7617,0.7639,0.7623,0.7635,2038.86,0.76285,1555.344351,2038.86,1555.344351,
2024-03-13 03:40:00+00:00,0.7608,0.7633,0.7633,0.7632,26706.41,0.76265,20367.6435865,26706.41,20367.6435865,
2024-03-13 03:45:00+00:00,0.7625,0.7649,0.7625,0.7642,2880.04,0.763525,2198.982541,2880.04,2198.982541,
2024-03-13 03:50:00+00:00,0.7628,0.7641,0.7636,0.7628,615.3,0.763325,469.6738725,615.3,469.6738725,
2024-03-13 03:55:00+00:00,0.7617,0.7638,0.7631,0.7638,1103.75,0.7631,842.271625,1103.75,842.271625,
2024-03-13 04:00:00+00:00,0.7634,0.7651,0.7637,0.7639,27356.37,0.764025,20900.95058925,27356.37,20900.95058925,
2024-03-13 04:05:00+00:00,0.7628,0.7649,0.7635,0.7632,9806.94,0.7636,7488.579384,9806.94,7488.579384,
2024-03-13 04:10:00+00:00,0.762,0.7629,0.7629,0.7628,7773.08,0.76265,5928.139462,7773.08,5928.139462,
2024-03-13 04:15:00+00:00,0.762,0.7634,0.7633,0.7628,2965.97,0.762875,2262.66436375,2965.97,2262.66436375,
2024-03-13 04:20:00+00:00,0.762,0.7642,0.7621,0.7639,531.99,0.76305,405.9349695,531.99,405.9349695,
2024-03-13 04:25:00+00:00,0.7628,0.7642,0.7637,0.764,460.51,0.763675,351.67997425,460.51,351.67997425,
2024-03-13 04:30:00+00:00,0.7622,0.7652,0.7635,0.7647,4844.13,0.7639,3700.430907,4844.13,3700.430907,
2024-03-13 04:35:00+00:00,0.7638,0.7654,0.7647,0.7638,5030.35,0.764425,3845.32529875,5030.35,3845.32529875,
2024-03-13 04:40:00+00:00,0.7646,0.7649,0.7649,0.7646,44.36,0.76475,33.92431,44.36,33.92431,
2024-03-13 04:45:00+00:00,0.7635,0.7645,0.7645,0.7635,9043.66,0.764,6909.35624,9043.66,6909.35624,
2024-03-13 04:50:00+00:00,0.763,0.7649,0.763,0.7649,804.47,0.76395,614.5748565,804.47,614.5748565,
2024-03-13 04:55:00+00:00,0.7637,0.765,0.765,0.7646,2669.29,0.764575,2040.87240175,2669.29,2040.87240175,
2024-03-13 05:00:00+00:00,0.7635,0.7646,0.7646,0.7643,5928.75,0.76425,4531.0471875,5928.75,4531.0471875,
2024-03-13 05:05:00+00:00,0.7628,0.7641,0.7635,0.7628,468.76,0.7633,357.804508,468.76,357.804508,
2024-03-13 05:10:00+00:00,0.7621,0.7628,0.7628,0.7627,299.29,0.7626,228.238554,299.29,228.238554,
2024-03-13 05:15:00+00:00,0.7615,0.7628,0.7621,0.7628,1730.35,0.7623,1319.045805,1730.35,1319.045805,
2024-03-13 05:20:00+00:00,0.7635,0.7651,0.7635,0.7651,373.67,0.7643,285.595981,373.67,285.595981,
2024-03-13 05:25:00+00:00,0.7654,0.7678,0.7654,0.7668,36259.38,0.76635,27787.375863,36259.38,27787.375863,
2024-03-13 05:30:00+00:00,0.767,0.7697,0.7673,0.7688,7633.01,0.7682,5863.678282,7633.01,5863.678282,
2024-03-13 05:35:00+00:00,0.7683,0.7697,0.7685,0.7694,6043.73,0.768975,4647.47727675,6043.73,4647.47727675,
2024-03-13 05:40:00+00:00,0.77,0.7713,0.77,0.7713,508.07,0.77065,391.5441455,508.07,391.5441455,
2024-03-13 05:45:00+00:00,0.7697,0.7721,0.7721,0.7701,1740.04,0.771,1341.57084,1740.04,1341.57084,
2024-03-13 05:50:00+00:00,0.7697,0.7721,0.7702,0.7707,20450.16,0.770675,15760.427058,20450.16,15760.427058,
2024-03-13 05:55:00+00:00,0.7692,0.7703,0.7701,0.7698,1618.79,0.76985,1246.2254815,1618.79,1246.2254815,
2024-03-13 06:00:00+00:00,0.7671,0.7689,0.7689,0.7681,370.24,0.76825,284.43688,370.24,284.43688,
2024-03-13 06:05:00+00:00,0.7689,0.7743,0.7689,0.773,8003.59,0.771275,6172.96887725,8003.59,6172.96887725,
2024-03-13 06:10:00+00:00,0.7726,0.7767,0.7726,0.7754,18180.0,0.774325,14077.2285,18180.0,14077.2285,
2024-03-13 06:15:00+00:00,0.7739,0.7759,0.7749,0.7744,23651.42,0.774775,18324.5289305,23651.42,18324.5289305,
2024-03-13 06:20:00+00:00,0.7748,0.7789,0.7748,0.7763,4451.14,0.7762,3454.974868,4451.14,3454.974868,
2024-03-13 06:25:00+00:00,0.7766,0.7781,0.7774,0.7766,131.49,0.777175,102.19074075,131.49,102.19074075,
2024-03-13 06:30:00+00:00,0.7734,0.7781,0.7772,0.7744,6995.08,0.775775,5426.608187,6995.08,5426.608187,
2024-03-13 06:35:00+00:00,0.7738,0.7759,0.7742,0.7759,7992.54,0.77495,6193.818873,7992.54,6193.818873,
2024-03-13 06:40:00+00:00,0.7751,0.7767,0.7751,0.776,5043.73,0.775725,3912.54745425,5043.73,3912.54745425,
2024-03-13 06:45:00+00:00,0.7763,0.7778,0.7767,0.7769,1577.96,0.776925,1225.956573,1577.96,1225.956573,
2024-03-13 06:50:00+00:00,0.775,0.7774,0.7771,0.775,4443.05,0.776125,3448.36218125,4443.05,3448.36218125,
2024-03-13 06:55:00+00:00,0.7745,0.7779,0.7748,0.7769,8481.67,0.776025,6581.98796175,8481.67,6581.98796175,
2024-03-13 07:00:00+00:00,0.7751,0.7767,0.7767,0.7753,4208.5,0.77595,3265.585575,4208.5,3265.585575,
2024-03-13 07:05:00+00:00,0.7747,0.7777,0.7747,0.7777,7878.41,0.7762,6115.221842,7878.41,6115.221842,
2024-03-13 07:10:00+00:00,0.7772,0.7789,0.7776,0.7787,1612.42,0.7781,1254.624002,1612.42,1254.624002,
2024-03-13 07:15:00+00:00,0.7777,0.7788,0.7782,0.7788,1576.03,0.778375,1226.74235125,1576.03,1226.74235125,
2024-03-13 07:20:00+00:00,0.7774,0.7789,0.7782,0.7781,11561.0,0.77815,8996.19215,11561.0,8996.19215,
2024-03-13 07:25:00+00:00,0.7768,0.7802,0.7774,0.7802,10469.96,0.77865,8152.434354,10469.96,8152.434354,
2024-03-13 07:30:00+00:00,0.7778,0.7793,0.7793,0.779,9553.79,0.77885,7440.9693415,9553.79,7440.9693415,
2024-03-13 07:35:00+00:00,0.7762,0.7792,0.7791,0.7766,9899.88,0.777775,7699.879167,9899.88,7699.879167,
2024-03-13 07:40:00+00:00,0.7743,0.7766,0.7766,0.7754,3165.39,0.775725,2455.47215775,3165.39,2455.47215775,
2024-03-13 07:45:00+00:00,0.775,0.7777,0.775,0.7759,3322.94,0.7759,2578.269146,3322.94,2578.269146,
2024-03-13 07:50:00+00:00,0.7764,0.7774,0.7767,0.7772,3047.36,0.776925,2367.570168,3047.36,2367.570168,
2024-03-13 07:55:00+00:00,0.7744,0.7767,0.7767,0.7754,9791.58,0.7758,7596.307764,9791.58,7596.307764,
2024-03-13 08:00:00+00:00,0.7744,0.7759,0.7755,0.7744,3566.87,0.77505,2764.5025935,3566.87,2764.5025935,
2024-03-13 08:05:00+00:00,0.7744,0.7767,0.7744,0.7752,2517.2,0.775175,1951.27051,2517.2,1951.27051,
2024-03-13 08:10:00+00:00,0.7743,0.7764,0.7756,0.7757,14005.81,0.7755,10861.505655,14005.81,10861.505655,
2024-03-13 08:15:00+00:00,0.7729,0.7752,0.7744,0.7752,5275.45,0.774425,4085.44036625,5275.45,4085.44036625,
2024-03-13 08:20:00+00:00,0.7737,0.7744,0.7744,0.7737,764.42,0.77405,591.699301,764.42,591.699301,
2024-03-13 08:25:00+00:00,0.7727,0.7744,0.7734,0.774,1663.49,0.773625,1286.91745125,1663.49,1286.91745125,
2024-03-13 08:30:00+00:00,0.7733,0.7751,0.7742,0.7733,7670.26,0.773975,5936.5894835,7670.26,5936.5894835,
2024-03-13 08:35:00+00:00,0.7712,0.7746,0.7738,0.7712,48819.73,0.7727,37723.005371,48819.73,37723.005371,
2024-03-13 08:40:00+00:00,0.7711,0.7727,0.7715,0.7727,2117.62,0.772,1634.80264,2117.62,1634.80264,
2024-03-13 08:45:00+00:00,0.772,0.7757,0.7727,0.7729,9470.68,0.773325,7323.913611,9470.68,7323.913611,
2024-03-13 08:50:00+00:00,0.7713,0.7746,0.7729,0.7746,18229.21,0.77335,14097.5595535,18229.21,14097.5595535,
2024-03-13 08:55:00+00:00,0.7737,0.775,0.7737,0.7737,6162.33,0.774025,4769.79747825,6162.33,4769.79747825,
2024-03-13 09:00:00+00:00,0.7729,0.7741,0.774,0.7737,5887.22,0.773675,4554.7949335,5887.22,4554.7949335,
2024-03-13 09:05:00+00:00,0.7737,0.7764,0.7737,0.7757,9519.16,0.774875,7376.159105,9519.16,7376.159105,
2024-03-13 09:10:00+00:00,0.7744,0.7757,0.7757,0.7756,2216.06,0.77535,1718.222121,2216.06,1718.222121,
2024-03-13 09:15:00+00:00,0.7721,0.7759,0.7759,0.7734,4245.02,0.774325,3287.0251115,4245.02,3287.0251115,
2024-03-13 09:20:00+00:00,0.7725,0.7733,0.7727,0.7732,2087.4,0.772925,1613.403645,2087.4,1613.403645,
2024-03-13 09:25:00+00:00,0.7729,0.7731,0.7731,0.773,2098.27,0.773025,1622.01516675,2098.27,1622.01516675,
2024-03-13 09:30:00+00:00,0.7713,0.7737,0.7737,0.7722,2474.44,0.772725,1912.061649,2474.44,1912.061649,
2024-03-13 09:35:00+00:00,0.7719,0.7729,0.7727,0.7721,3807.82,0.7724,2941.160168,3807.82,2941.160168,
2024-03-13 09:40:00+00:00,0.7726,0.7735,0.7728,0.7733,8981.23,0.77305,6942.9398515,8981.23,6942.9398515,
2024-03-13 09:45:00+00:00,0.7709,0.7742,0.7737,0.7717,3341.62,0.772625,2581.8191525,3341.62,2581.8191525,
2024-03-13 09:50:00+00:00,0.7697,0.7725,0.7721,0.7725,5060.82,0.7717,3905.434794,5060.82,3905.434794,
2024-03-13 09:55:00+00:00,0.7716,0.7728,0.7723,0.7716,1664.06,0.772075,1284.7791245,1664.06,1284.7791245,
2024-03-13 10:00:00+00:00,0.7689,0.7721,0.772,0.7689,9006.88,0.770475,6939.575868,9006.88,6939.575868,
2024-03-13 10:05:00+00:00,0.7679,0.7698,0.769,0.7679,5371.34,0.76865,4128.680491,5371.34,4128.680491,
2024-03-13 10:10:00+00:00,0.7671,0.7694,0.7673,0.7693,22947.06,0.768275,17629.6525215,22947.06,17629.6525215,
2024-03-13 10:15:00+00:00,0.7687,0.7713,0.7697,0.7705,4333.9,0.77005,3337.319695,4333.9,3337.319695,
2024-03-13 10:20:00+00:00,0.7657,0.7699,0.7697,0.7663,3806.58,0.7679,2923.072782,3806.58,2923.072782,
2024-03-13 10:25:00+00:00,0.7637,0.7658,0.7657,0.7644,15181.87,0.7649,11612.612363,15181.87,11612.612363,
2024-03-13 10:30:00+00:00,0.7649,0.7671,0.7649,0.7669,2591.4,0.76595,1984.88283,2591.4,1984.88283,
2024-03-13 10:35:00+00:00,0.7665,0.7683,0.7673,0.7673,3046.34,0.76735,2337.608999,3046.34,2337.608999,
2024-03-13 10:40:00+00:00,0.7663,0.7681,0.7673,0.7663,1969.38,0.767,1510.51446,1969.38,1510.51446,
2024-03-13 10:45:00+00:00,0.7669,0.7689,0.7673,0.7689,5364.33,0.768,4119.80544,5364.33,4119.80544,
2024-03-13 10:50:00+00:00,0.7683,0.7706,0.7692,0.7697,66455.69,0.76945,51134.3306705,66455.69,51134.3306705,
2024-03-13 10:55:00+00:00,0.7697,0.7721,0.7705,0.7713,23690.29,0.7709,18262.844561,23690.29,18262.844561,
2024-03-13 11:00:00+00:00,0.7692,0.7713,0.7713,0.7692,5232.85,0.77025,4030.6027125,5232.85,4030.6027125,
2024-03-13 11:05:00+00:00,0.768,0.7696,0.7692,0.7681,1288.24,0.768725,990.302294,1288.24,990.302294,
2024-03-13 11:10:00+00:00,0.7673,0.7691,0.7684,0.7674,3078.48,0.76805,2364.426564,3078.48,2364.426564,
2024-03-13 11:15:00+00:00,0.7661,0.767,0.767,0.7668,34086.68,0.766725,26135.109723,34086.68,26135.109723,
2024-03-13 11:20:00+00:00,0.7654,0.7664,0.7664,0.7654,670.7,0.7659,513.68913,670.7,513.68913,
2024-03-13 11:25:00+00:00,0.7631,0.7657,0.7654,0.7641,55132.72,0.764575,42153.099394,55132.72,42153.099394,
2024-03-13 11:30:00+00:00,0.7631,0.7647,0.7646,0.7645,7903.13,0.764225,6039.76952425,7903.13,6039.76952425,
2024-03-13 11:35:00+00:00,0.7628,0.7651,0.7647,0.7641,8221.41,0.764175,6282.59598675,8221.41,6282.59598675,
2024-03-13 11:40:00+00:00,0.7633,0.7652,0.7642,0.7642,4229.06,0.764225,3231.9533785,4229.06,3231.9533785,
2024-03-13 11:45:00+00:00,0.7633,0.7649,0.7649,0.7633,260.39,0.7641,198.963999,260.39,198.963999,
2024-03-13 11:50:00+00:00,0.7605,0.7636,0.7636,0.7611,9104.37,0.7622,6939.350814,9104.37,6939.350814,
2024-03-13 11:55:00+00:00,0.7614,0.7628,0.7614,0.7624,6876.98,0.762,5240.25876,6876.98,5240.25876,
2024-03-13 12:00:00+00:00,0.7621,0.7654,0.7621,0.7648,4136.11,0.7636,3158.333596,4136.11,3158.333596,
2024-03-13 12:05:00+00:00,0.7642,0.7655,0.7649,0.7642,7113.69,0.7647,5439.838743,7113.69,5439.838743,
2024-03-13 12:10:00+00:00,0.7639,0.765,0.7643,0.765,2397.82,0.76455,1833.253281,2397.82,1833.253281,
2024-03-13 12:15:00+00:00,0.764,0.7657,0.7646,0.7647,2773.58,0.76475,2121.095305,2773.58,2121.095305,
2024-03-13 12:20:00+00:00,0.7618,0.7647,0.7647,0.7619,9874.77,0.763275,7537.16507175,9874.77,7537.16507175,
2024-03-13 12:25:00+00:00,0.7592,0.762,0.7617,0.7596,4737.08,0.760625,3603.141475,4737.08,3603.141475,
2024-03-13 12:30:00+00:00,0.7594,0.762,0.76,0.76,5512.23,0.76035,4191.2240805,5512.23,4191.2240805,
2024-03-13 12:35:00+00:00,0.7562,0.7617,0.7599,0.7585,11675.66,0.759075,8862.7016145,11675.66,8862.7016145,
2024-03-13 12:40:00+00:00,0.7562,0.7592,0.7577,0.7584,2952.04,0.757875,2237.277315,2952.04,2237.277315,
2024-03-13 12:45:00+00:00,0.7581,0.7628,0.7581,0.7617,5398.32,0.760175,4103.667906,5398.32,4103.667906,
2024-03-13 12:50:00+00:00,0.7606,0.7622,0.7614,0.7619,6319.25,0.761525,4812.26685625,6319.25,4812.26685625,
2024-03-13 12:55:00+00:00,0.7592,0.7622,0.7621,0.7602,17861.96,0.760925,13591.611913,17861.96,13591.611913,
2024-03-13 13:00:00+00:00,0.7569,0.7613,0.7592,0.7603,9729.15,0.759425,7388.55973875,9729.15,7388.55973875,
2024-03-13 13:05:00+00:00,0.7551,0.761,0.761,0.7581,33338.91,0.7588,25297.564908,33338.91,25297.564908,
2024-03-13 13:10:00+00:00,0.7583,0.762,0.7583,0.76,15945.09,0.75965,12112.6876185,15945.09,12112.6876185,
2024-03-13 13:15:00+00:00,0.7587,0.7606,0.7604,0.7597,11318.69,0.75985,8600.5065965,11318.69,8600.5065965,
2024-03-13 13:20:00+00:00,0.757,0.7596,0.7585,0.7572,40933.17,0.758075,31030.41284775,40933.17,31030.41284775,
2024-03-13 13:25:00+00:00,0.7542,0.7575,0.7575,0.7554,13923.34,0.75615,10528.133541,13923.34,10528.133541,
2024-03-13 13:30:00+00:00,0.7521,0.7562,0.7555,0.7527,24379.43,0.754125,18385.13764875,24379.43,18385.13764875,
2024-03-13 13:35:00+00:00,0.7455,0.7529,0.7522,0.7478,50514.68,0.7496,37865.804128,50514.68,37865.804128,
2024-03-13 13:40:00+00:00,0.7468,0.7506,0.7485,0.749,14384.29,0.748725,10769.87753025,14384.29,10769.87753025,
2024-03-13 13:45:00+00:00,0.7448,0.7494,0.7492,0.7465,10184.58,0.747475,7612.7189355,10184.58,7612.7189355,
2024-03-13 13:50:00+00:00,0.7401,0.7471,0.7464,0.7408,6873.45,0.7436,5111.09742,6873.45,5111.09742,
2024-03-13 13:55:00+00:00,0.7359,0.7436,0.7415,0.7436,33182.36,0.74115,24593.106114,33182.36,24593.106114,
2024-03-13 14:00:00+00:00,0.7422,0.7485,0.7437,0.7479,18299.2,0.745575,13643.42604,18299.2,13643.42604,
2024-03-13 14:05:00+00:00,0.7464,0.75,0.7479,0.7491,19083.95,0.74835,14281.4739825,19083.95,14281.4739825,
2024-03-13 14:10:00+00:00,0.7474,0.7521,0.7492,0.7485,20733.75,0.7493,15535.798875,20733.75,15535.798875,
2024-03-13 14:15:00+00:00,0.7464,0.7501,0.7491,0.7469,5381.13,0.748125,4025.75788125,5381.13,4025.75788125,
2024-03-13 14:20:00+00:00,0.7461,0.7478,0.7469,0.7473,3175.19,0.747025,2371.94630975,3175.19,2371.94630975,
2024-03-13 14:25:00+00:00,0.744,0.7475,0.7471,0.7459,4425.98,0.746125,3302.3343275,4425.98,3302.3343275,
2024-03-13 14:30:00+00:00,0.7408,0.7459,0.7457,0.7443,11477.48,0.744175,8541.253679,11477.48,8541.253679,
2024-03-13 14:35:00+00:00,0.7408,0.7436,0.7436,0.7411,2030.85,0.742275,1507.44918375,2030.85,1507.44918375,
2024-03-13 14:40:00+00:00,0.7408,0.7441,0.7408,0.7432,5346.59,0.742225,3968.37276275,5346.59,3968.37276275,
2024-03-13 14:45:00+00:00,0.7411,0.7433,0.7429,0.7412,1487.16,0.742125,1103.658615,1487.16,1103.658615,
2024-03-13 14:50:00+00:00,0.7374,0.7423,0.7412,0.7383,5160.11,0.7398,3817.449378,5160.11,3817.449378,
2024-03-13 14:55:00+00:00,0.7373,0.7401,0.738,0.7401,3795.15,0.738875,2804.14145625,3795.15,2804.14145625,
2024-03-13 15:00:00+00:00,0.7379,0.7429,0.74,0.7395,7335.66,0.740075,5428.9385745,7335.66,5428.9385745,
2024-03-13 15:05:00+00:00,0.7364,0.7401,0.7384,0.7401,48369.39,0.73875,35732.8868625,48369.39,35732.8868625,
2024-03-13 15:10:00+00:00,0.7401,0.7443,0.7401,0.7443,1774.93,0.7422,1317.353046,1774.93,1317.353046,
2024-03-13 15:15:00+00:00,0.7446,0.7496,0.7446,0.7484,6071.62,0.7468,4534.285816,6071.62,4534.285816,
2024-03-13 15:20:00+00:00,0.7464,0.7489,0.7478,0.7469,15905.89,0.7475,11889.652775,15905.89,11889.652775,
2024-03-13 15:25:00+00:00,0.7443,0.7476,0.7476,0.7457,13680.9,0.7463,10210.05567,13680.9,10210.05567,
2024-03-13 15:30:00+00:00,0.7463,0.7492,0.7463,0.7488,3939.25,0.74765,2945.1802625,3939.25,2945.1802625,
2024-03-13 15:35:00+00:00,0.7468,0.7492,0.748,0.7469,22958.27,0.747725,17166.47243575,22958.27,17166.47243575,
2024-03-13 15:40:00+00:00,0.7478,0.7503,0.7485,0.748,13412.52,0.74865,10041.283098,13412.52,10041.283098,
2024-03-13 15:45:00+00:00,0.7445,0.7478,0.7478,0.7463,24372.68,0.7466,18196.642888,24372.68,18196.642888,
2024-03-13 15:50:00+00:00,0.7448,0.7477,0.7457,0.7455,63131.97,0.745925,47091.71472225,63131.97,47091.71472225,
2024-03-13 15:55:00+00:00,0.7447,0.7464,0.745,0.7462,2399.51,0.745575,1789.01466825,2399.51,1789.01466825,
2024-03-13 16:00:00+00:00,0.7457,0.7487,0.7458,0.7475,1882.45,0.746925,1406.04896625,1882.45,1406.04896625,
2024-03-13 16:05:00+00:00,0.7451,0.7485,0.7478,0.7451,15206.17,0.746625,11353.30667625,15206.17,11353.30667625,
2024-03-13 16:10:00+00:00,0.7436,0.7462,0.7458,0.7446,1352.41,0.74505,1007.6130705,1352.41,1007.6130705,
2024-03-13 16:15:00+00:00,0.7449,0.75,0.7454,0.7493,5015.54,0.7474,3748.614596,5015.54,3748.614596,
2024-03-13 16:20:00+00:00,0.7497,0.7508,0.7497,0.7506,2393.18,0.7502,1795.363636,2393.18,1795.363636,
2024-03-13 16:25:00+00:00,0.7508,0.7517,0.7509,0.7514,8548.56,0.7512,6421.678272,8548.56,6421.678272,
2024-03-13 16:30:00+00:00,0.7472,0.7515,0.7509,0.7492,9774.12,0.7497,7327.657764,9774.12,7327.657764,
2024-03-13 16:35:00+00:00,0.7475,0.7496,0.7492,0.7486,7495.42,0.748725,5612.0083395,7495.42,5612.0083395,
2024-03-13 16:40:00+00:00,0.7464,0.7487,0.7479,0.7487,21488.57,0.747925,16071.83871725,21488.57,16071.83871725,
2024-03-13 16:45:00+00:00,0.7468,0.7492,0.7478,0.7485,1303.51,0.748075,975.12324325,1303.51,975.12324325,
2024-03-13 16:50:00+00:00,0.7478,0.7492,0.7485,0.7485,1807.23,0.7485,1352.711655,1807.23,1352.711655,
2024-03-13 16:55:00+00:00,0.7478,0.7494,0.7488,0.7494,2457.24,0.74885,1840.104174,2457.24,1840.104174,
2024-03-13 17:00:00+00:00,0.7487,0.7528,0.7487,0.7528,51623.66,0.75075,38756.462745,51623.66,38756.462745,
2024-03-13 17:05:00+00:00,0.7514,0.7536,0.752,0.7514,2178.65,0.7521,1638.562665,2178.65,1638.562665,
2024-03-13 17:10:00+00:00,0.7495,0.7522,0.7514,0.7496,9580.7,0.750675,7191.9919725,9580.7,7191.9919725,
2024-03-13 17:15:00+00:00,0.7465,0.7492,0.7492,0.7473,7940.59,0.74805,5939.9583495,7940.59,5939.9583495,
2024-03-13 17:20:00+00:00,0.7468,0.7481,0.7476,0.748,11284.37,0.747625,8436.47712125,11284.37,8436.47712125,
2024-03-13 17:25:00+00:00,0.7471,0.7485,0.7473,0.7485,7156.2,0.74785,5351.76417,7156.2,5351.76417,
2024-03-13 17:30:00+00:00,0.7471,0.7486,0.7477,0.7471,4084.6,0.747625,3053.749075,4084.6,3053.749075,
2024-03-13 17:35:00+00:00,0.7474,0.7508,0.7477,0.7498,2415.53,0.748925,1809.05080525,2415.53,1809.05080525,
2024-03-13 17:40:00+00:00,0.7491,0.7503,0.7503,0.7495,2492.88,0.7498,1869.161424,2492.88,1869.161424,
2024-03-13 17:45:00+00:00,0.7499,0.7506,0.7499,0.7502,1079.94,0.75015,810.116991,1079.94,810.116991,
2024-03-13 17:50:00+00:00,0.7492,0.7504,0.7494,0.7493,2507.14,0.749575,1879.2894655,2507.14,1879.2894655,
2024-03-13 17:55:00+00:00,0.7492,0.7508,0.7493,0.75,1437.26,0.749825,1077.6934795,1437.26,1077.6934795,
2024-03-13 18:00:00+00:00,0.7504,0.7513,0.7506,0.7509,958.7,0.7508,719.79196,958.7,719.79196,
2024-03-13 18:05:00+00:00,0.7493,0.7517,0.7505,0.7517,12262.21,0.7508,9206.467268,12262.21,9206.467268,
2024-03-13 18:10:00+00:00,0.7514,0.7538,0.7519,0.7538,8805.02,0.752725,6627.7586795,8805.02,6627.7586795,
2024-03-13 18:15:00+00:00,0.7513,0.754,0.7537,0.7515,7030.83,0.752625,5291.57842875,7030.83,5291.57842875,
2024-03-13 18:20:00+00:00,0.7509,0.7517,0.7517,0.7512,4103.33,0.751375,3083.13957875,4103.33,3083.13957875,
2024-03-13 18:25:00+00:00,0.751,0.7545,0.751,0.7545,2836.87,0.75275,2135.4538925,2836.87,2135.4538925,
2024-03-13 18:30:00+00:00,0.7531,0.7578,0.7541,0.7553,83537.74,0.755075,63077.2590305,83537.74,63077.2590305,
2024-03-13 18:35:00+00:00,0.7547,0.7577,0.7547,0.7563,20663.1,0.75585,15618.204135,20663.1,15618.204135,
2024-03-13 18:40:00+00:00,0.7551,0.7571,0.7556,0.7556,7516.23,0.75585,5681.1424455,7516.23,5681.1424455,
2024-03-13 18:45:00+00:00,0.7546,0.7562,0.7556,0.7556,6005.57,0.7555,4537.208135,6005.57,4537.208135,
2024-03-13 18:50:00+00:00,0.7556,0.7571,0.7562,0.7567,2287.49,0.7564,1730.257436,2287.49,1730.257436,
2024-03-13 18:55:00+00:00,0.7559,0.7571,0.7568,0.757,2589.87,0.7567,1959.754629,2589.87,1959.754629,
2024-03-13 19:00:00+00:00,0.7554,0.7574,0.757,0.7573,7847.28,0.756775,5938.625322,7847.28,5938.625322,
2024-03-13 19:05:00+00:00,0.7562,0.7578,0.757,0.7567,3525.82,0.756925,2668.7813035,3525.82,2668.7813035,
2024-03-13 19:10:00+00:00,0.7557,0.7573,0.7566,0.7567,780.84,0.756575,590.764023,780.84,590.764023,
2024-03-13 19:15:00+00:00,0.7568,0.7584,0.7572,0.757,14551.51,0.75735,11020.5860985,14551.51,11020.5860985,
2024-03-13 19:20:00+00:00,0.7547,0.7573,0.7573,0.7547,12874.84,0.756,9733.37904,12874.84,9733.37904,
2024-03-13 19:25:00+00:00,0.7532,0.7552,0.7547,0.7543,5657.03,0.75435,4267.3805805,5657.03,4267.3805805,
2024-03-13 19:30:00+00:00,0.7526,0.7543,0.7538,0.7528,10796.17,0.753375,8133.56457375,10796.17,8133.56457375,
2024-03-13 19:35:00+00:00,0.7522,0.7536,0.7528,0.753,409.03,0.7529,307.958687,409.03,307.958687,
2024-03-13 19:40:00+00:00,0.752,0.7537,0.753,0.7522,13898.08,0.752725,10461.432268,13898.08,10461.432268,
2024-03-13 19:45:00+00:00,0.7512,0.7546,0.752,0.7546,21096.23,0.7531,15887.570813,21096.23,15887.570813,
2024-03-13 19:50:00+00:00,0.7526,0.7546,0.7546,0.7533,5794.52,0.753775,4367.764313,5794.52,4367.764313,
2024-03-13 19:55:00+00:00,0.7534,0.7554,0.7538,0.7554,5838.91,0.7545,4405.457595,5838.91,4405.457595,
2024-03-13 20:00:00+00:00,0.7522,0.755,0.7548,0.7526,5862.25,0.75365,4418.0847125,5862.25,4418.0847125,
2024-03-13 20:05:00+00:00,0.7523,0.7532,0.753,0.7529,10142.87,0.75285,7636.0596795,10142.87,7636.0596795,
2024-03-13 20:10:00+00:00,0.7532,0.7572,0.7537,0.7572,6445.56,0.755325,4868.492607,6445.56,4868.492607,
2024-03-13 20:15:00+00:00,0.7539,0.7568,0.7568,0.7543,1916.38,0.75545,1447.729271,1916.38,1447.729271,
2024-03-13 20:20:00+00:00,0.754,0.7554,0.7543,0.7551,6819.61,0.7547,5146.759667,6819.61,5146.759667,
2024-03-13 20:25:00+00:00,0.7543,0.7555,0.7554,0.7549,7808.35,0.755025,5895.49945875,7808.35,5895.49945875,
2024-03-13 20:30:00+00:00,0.7507,0.7546,0.7546,0.7513,10362.41,0.7528,7800.822248,10362.41,7800.822248,
2024-03-13 20:35:00+00:00,0.7504,0.7522,0.7509,0.7514,1301.97,0.751225,978.07241325,1301.97,978.07241325,
2024-03-13 20:40:00+00:00,0.7486,0.7512,0.751,0.7504,7428.85,0.7503,5573.866155,7428.85,5573.866155,
2024-03-13 20:45:00+00:00,0.7485,0.7512,0.7506,0.7512,2831.41,0.750375,2124.61927875,2831.41,2124.61927875,
2024-03-13 20:50:00+00:00,0.7502,0.7516,0.7514,0.7508,6273.32,0.751,4711.26332,6273.32,4711.26332,
2024-03-13 20:55:00+00:00,0.7496,0.7522,0.7502,0.7498,16183.08,0.75045,12144.592386,16183.08,12144.592386,
2024-03-13 21:00:00+00:00,0.7492,0.7527,0.7492,0.7523,22733.16,0.75085,17069.193186,22733.16,17069.193186,
2024-03-13 21:05:00+00:00,0.7505,0.7533,0.752,0.7508,3319.44,0.75165,2495.057076,3319.44,2495.057076,
2024-03-13 21:10:00+00:00,0.7504,0.7521,0.7504,0.7514,5519.77,0.751075,4145.76125275,5519.77,4145.76125275,
2024-03-13 21:15:00+00:00,0.7506,0.7521,0.7515,0.7513,6443.03,0.751375,4841.13166625,6443.03,4841.13166625,
2024-03-13 21:20:00+00:00,0.749,0.7508,0.7506,0.7499,5791.06,0.750075,4343.7293295,5791.06,4343.7293295,
2024-03-13 21:25:00+00:00,0.7497,0.7524,0.7497,0.7524,6534.65,0.75105,4907.8488825,6534.65,4907.8488825,
2024-03-13 21:30:00+00:00,0.7497,0.7522,0.7514,0.7522,3063.1,0.751375,2301.5367625,3063.1,2301.5367625,
2024-03-13 21:35:00+00:00,0.753,0.7558,0.753,0.7552,4357.96,0.75425,3286.99133,4357.96,3286.99133,
2024-03-13 21:40:00+00:00,0.7547,0.7564,0.7548,0.7555,3032.24,0.75535,2290.402484,3032.24,2290.402484,
2024-03-13 21:45:00+00:00,0.7544,0.7556,0.7554,0.7552,1644.41,0.75515,1241.7762115,1644.41,1241.7762115,
2024-03-13 21:50:00+00:00,0.7546,0.7561,0.7554,0.7546,1018.96,0.755175,769.493118,1018.96,769.493118,
2024-03-13 21:55:00+00:00,0.7538,0.756,0.7541,0.7559,16574.53,0.75495,12512.9414235,16574.53,12512.9414235,
2024-03-13 22:00:00+00:00,0.7538,0.7561,0.7559,0.7554,4829.76,0.7553,3647.917728,4829.76,3647.917728,
2024-03-13 22:05:00+00:00,0.7548,0.7561,0.7554,0.7559,388.41,0.75555,293.4631755,388.41,293.4631755,
2024-03-13 22:10:00+00:00,0.7555,0.7565,0.7556,0.7556,7403.16,0.7558,5595.308328,7403.16,5595.308328,
2024-03-13 22:15:00+00:00,0.7556,0.7582,0.7556,0.7577,20348.63,0.756775,15399.33446825,20348.63,15399.33446825,
2024-03-13 22:20:00+00:00,0.7565,0.7588,0.7571,0.7578,1925.64,0.75755,1458.768582,1925.64,1458.768582,
2024-03-13 22:25:00+00:00,0.7569,0.7582,0.7578,0.757,3705.01,0.757475,2806.45244975,3705.01,2806.45244975,
2024-03-13 22:30:00+00:00,0.7565,0.7582,0.7578,0.7565,6750.43,0.75725,5111.7631175,6750.43,5111.7631175,
2024-03-13 22:35:00+00:00,0.7568,0.7585,0.7571,0.7583,48309.19,0.757675,36602.66553325,48309.19,36602.66553325,
2024-03-13 22:40:00+00:00,0.7581,0.7594,0.7589,0.7593,21256.46,0.758925,16132.0589055,21256.46,16132.0589055,
2024-03-13 22:45:00+00:00,0.7582,0.7596,0.7594,0.7582,2002.05,0.75885,1519.2556425,2002.05,1519.2556425,
2024-03-13 22:50:00+00:00,0.757,0.7581,0.7581,0.7576,16750.2,0.7577,12691.62654,16750.2,12691.62654,
2024-03-13 22:55:00+00:00,0.7565,0.7589,0.7575,0.7589,8074.41,0.75795,6119.9990595,8074.41,6119.9990595,
2024-03-13 23:00:00+00:00,0.7579,0.7593,0.7592,0.7589,9366.59,0.758825,7107.60265675,9366.59,7107.60265675,
2024-03-13 23:05:00+00:00,0.7599,0.7628,0.7599,0.7623,3832.56,0.761225,2917.440486,3832.56,2917.440486,
2024-03-13 23:10:00+00:00,0.7618,0.7644,0.7622,0.7642,11363.76,0.76315,8672.253444,11363.76,8672.253444,
2024-03-13 23:15:00+00:00,0.7607,0.7642,0.7639,0.7607,3419.23,0.762375,2606.73547125,3419.23,2606.73547125,
2024-03-13 23:20:00+00:00,0.7598,0.7616,0.7614,0.7599,521.91,0.760675,397.00388925,521.91,397.00388925,
2024-03-13 23:25:00+00:00,0.7589,0.7599,0.7598,0.7599,227.09,0.759625,172.50324125,227.09,172.50324125,
2024-03-13 23:30:00+00:00,0.7576,0.7617,0.7603,0.7585,8134.96,0.759525,6178.705494,8134.96,6178.705494,
2024-03-13 23:35:00+00:00,0.7591,0.7602,0.7591,0.7594,1327.49,0.75945,1008.1622805,1327.49,1008.1622805,
2024-03-13 23:40:00+00:00,0.7596,0.7621,0.7596,0.7621,14524.59,0.76085,11051.0343015,14524.59,11051.0343015,
2024-03-13 23:45:00+00:00,0.759,0.7617,0.7613,0.7614,10007.59,0.76085,7614.2748515,10007.59,7614.2748515,
2024-03-13 23:50:00+00:00,0.7601,0.762,0.7607,0.762,786.05,0.7612,598.34126,786.05,598.34126,
2024-03-13 23:55:00+00:00,0.7601,0.7621,0.7621,0.7606,1808.14,0.761225,1376.4013715,1808.14,1376.4013715,
2024-03-14 00:00:00+00:00,0.7567,0.7611,0.7606,0.7584,9573.16,0.7592,7267.943072,9573.16,7267.943072,
2024-03-14 00:05:00+00:00,0.7569,0.7591,0.7583,0.7582,2221.69,0.758125,1684.31873125,2221.69,1684.31873125,
2024-03-14 00:10:00+00:00,0.7578,0.7597,0.7582,0.759,2201.17,0.758675,1669.97264975,2201.17,1669.97264975,
2024-03-14 00:15:00+00:00,0.7578,0.7599,0.7588,0.7599,4895.81,0.7591,3716.409371,4895.81,3716.409371,
2024-03-14 00:20:00+00:00,0.7592,0.7611,0.7598,0.7599,4165.74,0.76,3165.9624,4165.74,3165.9624,
2024-03-14 00:25:00+00:00,0.7575,0.761,0.7607,0.7585,1033.86,0.759425,785.1391305,1033.86,785.1391305,
2024-03-14 00:30:00+00:00,0.7556,0.7579,0.7578,0.7563,21959.64,0.7569,16621.251516,21959.64,16621.251516,
2024-03-14 00:35:00+00:00,0.7537,0.756,0.7559,0.7548,11828.26,0.7551,8931.519126,11828.26,8931.519126,
2024-03-14 00:40:00+00:00,0.7507,0.7541,0.7538,0.7522,5465.25,0.7527,4113.693675,5465.25,4113.693675,
2024-03-14 00:45:00+00:00,0.7506,0.7537,0.753,0.7506,4325.59,0.751975,3252.73554025,4325.59,3252.73554025,
2024-03-14 00:50:00+00:00,0.7492,0.7515,0.7502,0.7505,4750.12,0.75035,3564.252542,4750.12,3564.252542,
2024-03-14 00:55:00+00:00,0.7492,0.7514,0.7514,0.7492,4733.94,0.7503,3551.875182,4733.94,3551.875182,
2024-03-14 01:00:00+00:00,0.7465,0.7502,0.7499,0.7465,5960.06,0.748275,4459.7638965,5960.06,4459.7638965,
2024-03-14 01:05:00+00:00,0.7467,0.7506,0.7472,0.7506,5040.79,0.748775,3774.41753225,5040.79,3774.41753225,
2024-03-14 01:10:00+00:00,0.7467,0.7501,0.7501,0.7467,1617.23,0.7484,1210.334932,1617.23,1210.334932,
2024-03-14 01:15:00+00:00,0.7467,0.7515,0.7467,0.7496,3568.31,0.748625,2671.32607375,3568.31,2671.32607375,
2024-03-14 01:20:00+00:00,0.7492,0.7517,0.7502,0.7497,9320.02,0.7502,6991.879004,9320.02,6991.879004,
2024-03-14 01:25:00+00:00,0.748,0.75,0.7495,0.7492,544.75,0.749175,408.11308125,544.75,408.11308125,
2024-03-14 01:30:00+00:00,0.75,0.7514,0.7501,0.75,1179.0,0.750375,884.692125,1179.0,884.692125,
2024-03-14 01:35:00+00:00,0.7473,0.75,0.75,0.7488,17879.3,0.749025,13392.0426825,17879.3,13392.0426825,
2024-03-14 01:40:00+00:00,0.7478,0.7488,0.7486,0.7485,1229.69,0.748425,920.33073825,1229.69,920.33073825,
2024-03-14 01:45:00+00:00,0.7485,0.7506,0.7488,0.7506,2256.17,0.749625,1691.28143625,2256.17,1691.28143625,
2024-03-14 01:50:00+00:00,0.7507,0.7536,0.7507,0.7511,4490.35,0.751525,3374.61028375,4490.35,3374.61028375,
2024-03-14 01:55:00+00:00,0.7517,0.7535,0.7517,0.7535,13138.21,0.7526,9887.816846,13138.21,9887.816846,
2024-03-14 02:00:00+00:00,0.752,0.7539,0.7527,0.7539,709.19,0.753125,534.10871875,709.19,534.10871875,
2024-03-14 02:05:00+00:00,0.7526,0.7546,0.7546,0.7527,1572.67,0.753625,1185.20342875,1572.67,1185.20342875,
2024-03-14 02:10:00+00:00,0.7507,0.7532,0.7532,0.7521,7389.32,0.7523,5558.985436,7389.32,5558.985436,
2024-03-14 02:15:00+00:00,0.75,0.7516,0.7515,0.7505,1981.6,0.7509,1487.98344,1981.6,1487.98344,
2024-03-14 02:20:00+00:00,0.7499,0.7524,0.75,0.7522,5467.57,0.751125,4106.82851625,5467.57,4106.82851625,
2024-03-14 02:25:00+00:00,0.7525,0.7546,0.7529,0.7539,1129.05,0.753475,850.71094875,1129.05,850.71094875,
2024-03-14 02:30:00+00:00,0.7538,0.7552,0.7544,0.7542,4249.85,0.7544,3206.08684,4249.85,3206.08684,
2024-03-14 02:35:00+00:00,0.7524,0.7548,0.7543,0.7526,3286.82,0.753525,2476.7010405,3286.82,2476.7010405,
2024-03-14 02:40:00+00:00,0.7524,0.7538,0.7524,0.7538,211.25,0.7531,159.092375,211.25,159.092375,
2024-03-14 02:45:00+00:00,0.7516,0.7538,0.7534,0.7522,5878.72,0.75275,4425.20648,5878.72,4425.20648,
2024-03-14 02:50:00+00:00,0.7504,0.7514,0.7514,0.7512,6220.35,0.7511,4672.104885,6220.35,4672.104885,
2024-03-14 02:55:00+00:00,0.7494,0.7509,0.7509,0.7504,3744.13,0.7504,2809.595152,3744.13,2809.595152,
2024-03-14 03:00:00+00:00,0.7499,0.752,0.7501,0.7506,2452.51,0.75065,1840.9766315,2452.51,1840.9766315,
2024-03-14 03:05:00+00:00,0.7499,0.7514,0.7512,0.7502,3572.88,0.750675,2682.071694,3572.88,2682.071694,
2024-03-14 03:10:00+00:00,0.7503,0.752,0.7503,0.7506,8162.71,0.7508,6128.562668,8162.71,6128.562668,
2024-03-14 03:15:00+00:00,0.7498,0.7514,0.7499,0.7499,7915.54,0.75025,5938.633885,7915.54,5938.633885,
2024-03-14 03:20:00+00:00,0.7471,0.7507,0.7506,0.7471,3445.76,0.748875,2580.44352,3445.76,2580.44352,
2024-03-14 03:25:00+00:00,0.7478,0.7498,0.7485,0.7494,5768.93,0.748875,4320.20745375,5768.93,4320.20745375,
2024-03-14 03:30:00+00:00,0.7471,0.7499,0.7499,0.7471,6555.66,0.7485,4906.91151,6555.66,4906.91151,
2024-03-14 03:35:00+00:00,0.7467,0.7492,0.7467,0.7475,8485.79,0.747525,6343.34016975,8485.79,6343.34016975,
2024-03-14 03:40:00+00:00,0.7473,0.7492,0.7485,0.7473,23463.93,0.748075,17552.77943475,23463.93,17552.77943475,
2024-03-14 03:45:00+00:00,0.7471,0.7508,0.7474,0.7508,33962.64,0.749025,25438.866426,33962.64,25438.866426,
2024-03-14 03:50:00+00:00,0.7492,0.7499,0.7499,0.7497,804.99,0.749675,603.48087825,804.99,603.48087825,
2024-03-14 03:55:00+00:00,0.7487,0.7506,0.7492,0.7506,4921.91,0.749775,3690.32507025,4921.91,3690.32507025,
2024-03-14 04:00:00+00:00,0.7477,0.7511,0.7511,0.7481,8795.89,0.7495,6592.519555,8795.89,6592.519555,
2024-03-14 04:05:00+00:00,0.7451,0.7483,0.7482,0.7464,10317.32,0.747,7707.03804,10317.32,7707.03804,
2024-03-14 04:10:00+00:00,0.7468,0.7492,0.7471,0.7485,14208.35,0.7479,10626.424965,14208.35,10626.424965,
2024-03-14 04:15:00+00:00,0.747,0.7492,0.7491,0.7481,2884.37,0.74835,2158.5182895,2884.37,2158.5182895,
2024-03-14 04:20:00+00:00,0.7457,0.748,0.748,0.7464,6362.07,0.747025,4752.62534175,6362.07,4752.62534175,
2024-03-14 04:25:00+00:00,0.7464,0.7497,0.7471,0.7491,3009.83,0.748075,2251.57857725,3009.83,2251.57857725,
2024-03-14 04:30:00+00:00,0.7458,0.7487,0.7487,0.7458,11029.6,0.74725,8241.8686,11029.6,8241.8686,
2024-03-14 04:35:00+00:00,0.745,0.7469,0.7457,0.7469,8277.53,0.746125,6176.07207125,8277.53,6176.07207125,
2024-03-14 04:40:00+00:00,0.7415,0.7457,0.7457,0.7439,12245.71,0.7442,9113.257382,12245.71,9113.257382,
2024-03-14 04:45:00+00:00,0.7423,0.7455,0.745,0.7426,22422.55,0.74385,16679.0138175,22422.55,16679.0138175,
2024-03-14 04:50:00+00:00,0.7387,0.7422,0.7422,0.7411,6378.02,0.74105,4726.431721,6378.02,4726.431721,
2024-03-14 04:55:00+00:00,0.74,0.7418,0.7401,0.7417,7979.2,0.7409,5911.78928,7979.2,5911.78928,
2024-03-14 05:00:00+00:00,0.7422,0.7436,0.7422,0.7436,761.28,0.7429,565.554912,761.28,565.554912,
2024-03-14 05:05:00+00:00,0.7433,0.7464,0.7443,0.7443,2716.88,0.744575,2022.920926,2716.88,2022.920926,
2024-03-14 05:10:00+00:00,0.7408,0.7436,0.7436,0.7415,14294.98,0.742375,10612.2357775,14294.98,10612.2357775,
2024-03-14 05:15:00+00:00,0.7408,0.7444,0.7408,0.744,16766.97,0.7425,12449.475225,16766.97,12449.475225,
2024-03-14 05:20:00+00:00,0.7443,0.7461,0.7443,0.745,8269.1,0.744925,6159.8593175,8269.1,6159.8593175,
2024-03-14 05:25:00+00:00,0.7436,0.7457,0.7452,0.7436,1562.33,0.744525,1163.19374325,1562.33,1163.19374325,
2024-03-14 05:30:00+00:00,0.743,0.7463,0.7438,0.7463,397.67,0.74485,296.2044995,397.67,296.2044995,
2024-03-14 05:35:00+00:00,0.745,0.7477,0.7458,0.7465,8529.89,0.74625,6365.4304125,8529.89,6365.4304125,
2024-03-14 05:40:00+00:00,0.7459,0.7471,0.7464,0.7471,1940.71,0.746625,1448.98260375,1940.71,1448.98260375,
2024-03-14 05:45:00+00:00,0.7458,0.7471,0.7463,0.7468,3889.02,0.7465,2903.15343,3889.02,2903.15343,
2024-03-14 05:50:00+00:00,0.7471,0.7481,0.7471,0.7481,1584.07,0.7476,1184.250732,1584.07,1184.250732,
2024-03-14 05:55:00+00:00,0.7466,0.7481,0.7481,0.7466,381.69,0.74735,285.2560215,381.69,285.2560215,
2024-03-14 06:00:00+00:00,0.7464,0.7471,0.7471,0.7469,286.2,0.746875,213.755625,286.2,213.755625,
2024-03-14 06:05:00+00:00,0.7455,0.7471,0.7471,0.7468,1818.43,0.746625,1357.68529875,1818.43,1357.68529875,
2024-03-14 06:10:00+00:00,0.7462,0.7478,0.7473,0.7471,1380.43,0.7471,1031.319253,1380.43,1031.319253,
2024-03-14 06:15:00+00:00,0.747,0.7492,0.747,0.7489,3600.32,0.748025,2693.129368,3600.32,2693.129368,
2024-03-14 06:20:00+00:00,0.7486,0.7527,0.7493,0.7527,3148.1,0.750825,2363.6721825,3148.1,2363.6721825,
2024-03-14 06:25:00+00:00,0.7521,0.753,0.7522,0.753,2423.72,0.752575,1824.031079,2423.72,1824.031079,
2024-03-14 06:30:00+00:00,0.75,0.7538,0.7535,0.7506,2201.2,0.751975,1655.24737,2201.2,1655.24737,
2024-03-14 06:35:00+00:00,0.7499,0.7514,0.7499,0.7514,2247.93,0.75065,1687.4086545,2247.93,1687.4086545,
2024-03-14 06:40:00+00:00,0.7502,0.7522,0.7522,0.7508,10141.14,0.75135,7619.545539,10141.14,7619.545539,
2024-03-14 06:45:00+00:00,0.7478,0.7502,0.7502,0.7478,1342.14,0.749,1005.26286,1342.14,1005.26286,
2024-03-14 06:50:00+00:00,0.7485,0.7506,0.7492,0.7499,1081.21,0.74955,810.4209555,1081.21,810.4209555,
2024-03-14 06:55:00+00:00,0.7497,0.7511,0.7497,0.7511,3221.64,0.7504,2417.518656,3221.64,2417.518656,
2024-03-14 07:00:00+00:00,0.7503,0.7514,0.7512,0.751,6383.55,0.750975,4793.88646125,6383.55,4793.88646125,
2024-03-14 07:05:00+00:00,0.7492,0.7518,0.7505,0.75,3907.38,0.750375,2932.0002675,3907.38,2932.0002675,
2024-03-14 07:10:00+00:00,0.749,0.7504,0.7504,0.7498,29631.69,0.7499,22220.804331,29631.69,22220.804331,
2024-03-14 07:15:00+00:00,0.7474,0.7501,0.7501,0.7479,2223.66,0.748875,1665.2433825,2223.66,1665.2433825,
2024-03-14 07:20:00+00:00,0.7467,0.7485,0.7474,0.7482,5674.35,0.7477,4242.711495,5674.35,4242.711495,
2024-03-14 07:25:00+00:00,0.7457,0.7478,0.7478,0.7464,3237.2,0.746925,2417.94561,3237.2,2417.94561,
2024-03-14 07:30:00+00:00,0.7438,0.747,0.7457,0.7457,4974.17,0.74555,3708.4924435,4974.17,3708.4924435,
2024-03-14 07:35:00+00:00,0.7456,0.7478,0.7464,0.7478,570.81,0.7469,426.337989,570.81,426.337989,
2024-03-14 07:40:00+00:00,0.7478,0.7492,0.7485,0.7487,4458.2,0.74855,3337.18561,4458.2,3337.18561,
2024-03-14 07:45:00+00:00,0.7486,0.7506,0.7488,0.7492,12344.08,0.7493,9249.419144,12344.08,9249.419144,
2024-03-14 07:50:00+00:00,0.7491,0.7505,0.7499,0.7492,1385.95,0.749675,1039.01206625,1385.95,1039.01206625,
2024-03-14 07:55:00+00:00,0.7485,0.7506,0.7499,0.7492,4441.02,0.74955,3328.766541,4441.02,3328.766541,
2024-03-14 08:00:00+00:00,0.7485,0.75,0.7489,0.7496,6282.32,0.74925,4707.02826,6282.32,4707.02826,
2024-03-14 08:05:00+00:00,0.7493,0.7506,0.7495,0.7498,11150.93,0.7498,8360.967314,11150.93,8360.967314,
2024-03-14 08:10:00+00:00,0.7481,0.7501,0.7501,0.7481,747.3,0.7491,559.80243,747.3,559.80243,
2024-03-14 08:15:00+00:00,0.7475,0.7492,0.7481,0.7492,6576.89,0.7485,4922.802165,6576.89,4922.802165,
2024-03-14 08:20:00+00:00,0.7478,0.7499,0.7494,0.7485,4980.44,0.7489,3729.851516,4980.44,3729.851516,
2024-03-14 08:25:00+00:00,0.7487,0.7567,0.7487,0.7498,102470.19,0.750975,76952.55093525,102470.19,76952.55093525,
2024-03-14 08:30:00+00:00,0.7485,0.7507,0.7498,0.7485,6805.41,0.749375,5099.80411875,6805.41,5099.80411875,
2024-03-14 08:35:00+00:00,0.7481,0.7509,0.7489,0.7509,6837.85,0.7497,5126.336145,6837.85,5126.336145,
2024-03-14 08:40:00+00:00,0.7505,0.7521,0.7509,0.7515,6774.85,0.75125,5089.6060625,6774.85,5089.6060625,
2024-03-14 08:45:00+00:00,0.7522,0.7537,0.7522,0.7532,5998.51,0.752825,4515.82829075,5998.51,4515.82829075,
2024-03-14 08:50:00+00:00,0.7514,0.7525,0.7522,0.7516,586.52,0.751925,441.019051,586.52,441.019051,
2024-03-14 08:55:00+00:00,0.7512,0.7522,0.7522,0.7519,466.45,0.751875,350.71209375,466.45,350.71209375,
2024-03-14 09:00:00+00:00,0.7513,0.7537,0.7513,0.7537,5947.22,0.7525,4475.28305,5947.22,4475.28305,
2024-03-14 09:05:00+00:00,0.7531,0.7551,0.7531,0.7546,1910.17,0.753975,1440.22042575,1910.17,1440.22042575,
2024-03-14 09:10:00+00:00,0.754,0.7562,0.754,0.7554,687.63,0.7549,519.091887,687.63,519.091887,
2024-03-14 09:15:00+00:00,0.7544,0.7585,0.7558,0.7578,12133.36,0.756625,9180.40351,12133.36,9180.40351,
2024-03-14 09:20:00+00:00,0.7589,0.7638,0.7589,0.7636,12516.76,0.7613,9529.009388,12516.76,9529.009388,
2024-03-14 09:25:00+00:00,0.7607,0.7635,0.7628,0.7625,9945.91,0.762375,7582.51313625,9945.91,7582.51313625,
2024-03-14 09:30:00+00:00,0.7613,0.7639,0.7629,0.7631,4357.87,0.7628,3324.183236,4357.87,3324.183236,
2024-03-14 09:35:00+00:00,0.7592,0.7633,0.7628,0.7599,5630.63,0.7613,4286.598619,5630.63,4286.598619,
2024-03-14 09:40:00+00:00,0.7596,0.7623,0.7607,0.7621,8524.92,0.761175,6488.955981,8524.92,6488.955981,
2024-03-14 09:45:00+00:00,0.7583,0.7623,0.762,0.7599,29836.53,0.760625,22694.41063125,29836.53,22694.41063125,
2024-03-14 09:50:00+00:00,0.7588,0.7621,0.7592,0.761,1564.39,0.760275,1189.36660725,1564.39,1189.36660725,
2024-03-14 09:55:00+00:00,0.7594,0.7635,0.7611,0.7628,3564.6,0.7617,2715.15582,3564.6,2715.15582,
2024-03-14 10:00:00+00:00,0.7622,0.7649,0.7628,0.7635,10388.04,0.76335,7929.710334,10388.04,7929.710334,
2024-03-14 10:05:00+00:00,0.7599,0.7628,0.7628,0.7603,2737.14,0.76145,2084.195253,2737.14,2084.195253,
2024-03-14 10:10:00+00:00,0.7595,0.7614,0.7614,0.7604,4685.66,0.760675,3564.2644205,4685.66,3564.2644205,
2024-03-14 10:15:00+00:00,0.7588,0.7621,0.7599,0.761,20840.2,0.76045,15847.93009,20840.2,15847.93009,
2024-03-14 10:20:00+00:00,0.7588,0.7612,0.7605,0.7599,6692.02,0.7601,5086.604402,6692.02,5086.604402,
2024-03-14 10:25:00+00:00,0.7603,0.7612,0.7607,0.7605,2155.73,0.760675,1639.80991775,2155.73,1639.80991775,
2024-03-14 10:30:00+00:00,0.7602,0.7641,0.7604,0.7641,9871.49,0.7622,7524.049678,9871.49,7524.049678,
2024-03-14 10:35:00+00:00,0.762,0.7663,0.7631,0.7659,1626.31,0.764325,1243.02939075,1626.31,1243.02939075,
2024-03-14 10:40:00+00:00,0.7637,0.766,0.7649,0.7647,11923.75,0.764825,9119.58209375,11923.75,9119.58209375,
2024-03-14 10:45:00+00:00,0.7607,0.7649,0.7649,0.7607,14533.02,0.7628,11085.787656,14533.02,11085.787656,
2024-03-14 10:50:00+00:00,0.7596,0.7621,0.7608,0.7599,3698.26,0.7606,2812.896556,3698.26,2812.896556,
2024-03-14 10:55:00+00:00,0.7575,0.7596,0.7596,0.7591,12676.89,0.75895,9621.1256655,12676.89,9621.1256655,
2024-03-14 11:00:00+00:00,0.7574,0.761,0.7599,0.7592,41745.29,0.759375,31700.32959375,41745.29,31700.32959375,
2024-03-14 11:05:00+00:00,0.7525,0.7585,0.7585,0.7525,10937.42,0.7555,8263.22081,10937.42,8263.22081,
2024-03-14 11:10:00+00:00,0.7477,0.7546,0.7525,0.7477,38735.57,0.750625,29075.88723125,38735.57,29075.88723125,
2024-03-14 11:15:00+00:00,0.7456,0.7538,0.7475,0.7538,39160.24,0.750175,29377.033042,39160.24,29377.033042,
2024-03-14 11:20:00+00:00,0.751,0.7538,0.753,0.751,626.16,0.7522,470.997552,626.16,470.997552,
2024-03-14 11:25:00+00:00,0.7492,0.7523,0.7512,0.7508,6345.89,0.750875,4764.97015375,6345.89,4764.97015375,
2024-03-14 11:30:00+00:00,0.7471,0.7514,0.751,0.7499,65603.71,0.74985,49192.9419435,65603.71,49192.9419435,
2024-03-14 11:35:00+00:00,0.7484,0.7511,0.7497,0.7488,4987.9,0.7495,3738.43105,4987.9,3738.43105,
2024-03-14 11:40:00+00:00,0.7451,0.7485,0.7485,0.7478,32121.45,0.747475,24009.98083875,32121.45,24009.98083875,
2024-03-14 11:45:00+00:00,0.7485,0.7492,0.7485,0.7485,5256.82,0.748675,3935.6497135,5256.82,3935.6497135,
2024-03-14 11:50:00+00:00,0.749,0.7507,0.7491,0.7507,2615.52,0.749875,1961.31306,2615.52,1961.31306,
2024-03-14 11:55:00+00:00,0.7503,0.7537,0.7508,0.7536,14579.36,0.7521,10965.136656,14579.36,10965.136656,
2024-03-14 12:00:00+00:00,0.7514,0.7554,0.7531,0.7551,343.47,0.75375,258.8905125,343.47,258.8905125,
2024-03-14 12:05:00+00:00,0.7549,0.7585,0.7555,0.7585,7027.47,0.75685,5318.7406695,7027.47,5318.7406695,
2024-03-14 12:10:00+00:00,0.7565,0.7602,0.7585,0.7566,25320.04,0.75795,19191.324318,25320.04,19191.324318,
2024-03-14 12:15:00+00:00,0.7519,0.7571,0.7571,0.7521,20855.36,0.75455,15736.411888,20855.36,15736.411888,
2024-03-14 12:20:00+00:00,0.7485,0.7522,0.7515,0.7486,7803.71,0.7502,5854.343242,7803.71,5854.343242,
2024-03-14 12:25:00+00:00,0.7471,0.7511,0.7487,0.7498,10245.84,0.749175,7675.927182,10245.84,7675.927182,
2024-03-14 12:30:00+00:00,0.7457,0.7507,0.7496,0.7472,6920.93,0.7483,5178.931919,6920.93,5178.931919,
2024-03-14 12:35:00+00:00,0.745,0.7485,0.7485,0.745,5774.11,0.74675,4311.8166425,5774.11,4311.8166425,
2024-03-14 12:40:00+00:00,0.7456,0.748,0.7464,0.7478,10478.95,0.74695,7827.2517025,10478.95,7827.2517025,
2024-03-14 12:45:00+00:00,0.7452,0.7486,0.7485,0.7455,26702.18,0.74695,19945.193351,26702.18,19945.193351,
2024-03-14 12:50:00+00:00,0.7451,0.7471,0.7451,0.7471,1581.07,0.7461,1179.636327,1581.07,1179.636327,
2024-03-14 12:55:00+00:00,0.7478,0.75,0.7478,0.749,3077.84,0.74865,2304.224916,3077.84,2304.224916,
2024-03-14 13:00:00+00:00,0.7489,0.7515,0.7492,0.7514,3069.95,0.75025,2303.2299875,3069.95,2303.2299875,
2024-03-14 13:05:00+00:00,0.7443,0.7512,0.7512,0.7446,14463.77,0.747825,10816.36880025,14463.77,10816.36880025,
2024-03-14 13:10:00+00:00,0.7405,0.7445,0.7444,0.7414,33224.66,0.7427,24675.954982,33224.66,24675.954982,
2024-03-14 13:15:00+00:00,0.7406,0.7444,0.7406,0.7438,7291.83,0.74235,5413.0900005,7291.83,5413.0900005,
2024-03-14 13:20:00+00:00,0.7385,0.7438,0.7437,0.7385,31791.52,0.741125,23561.49026,31791.52,23561.49026,
2024-03-14 13:25:00+00:00,0.7376,0.7409,0.7397,0.7379,14493.93,0.739025,10711.37661825,14493.93,10711.37661825,
2024-03-14 13:30:00+00:00,0.7358,0.7394,0.7382,0.7361,18382.26,0.737375,13554.6189675,18382.26,13554.6189675,
2024-03-14 13:35:00+00:00,0.7268,0.7361,0.7361,0.7269,56944.8,0.731475,41653.69758,56944.8,41653.69758,
2024-03-14 13:40:00+00:00,0.7245,0.7331,0.7269,0.7306,21027.78,0.728775,15324.5203695,21027.78,15324.5203695,
2024-03-14 13:45:00+00:00,0.7233,0.7319,0.731,0.7237,44450.67,0.727475,32336.75115825,44450.67,32336.75115825,
2024-03-14 13:50:00+00:00,0.7174,0.7247,0.7241,0.7191,39674.86,0.721325,28618.4683895,39674.86,28618.4683895,
2024-03-14 13:55:00+00:00,0.7155,0.7268,0.7198,0.7244,47690.07,0.721625,34414.34676375,47690.07,34414.34676375,
2024-03-14 14:00:00+00:00,0.7238,0.732,0.724,0.7311,24059.35,0.727725,17508.59047875,24059.35,17508.59047875,
2024-03-14 14:05:00+00:00,0.7282,0.7333,0.7312,0.7312,18313.13,0.730975,13386.44020175,18313.13,13386.44020175,
2024-03-14 14:10:00+00:00,0.7296,0.7324,0.7313,0.7296,10312.2,0.730725,7535.382345,10312.2,7535.382345,
2024-03-14 14:15:00+00:00,0.7296,0.7332,0.7303,0.7321,13940.69,0.7313,10194.826597,13940.69,10194.826597,
2024-03-14 14:20:00+00:00,0.7324,0.7367,0.7324,0.7336,26856.07,0.733775,19706.31276425,26856.07,19706.31276425,
2024-03-14 14:25:00+00:00,0.7325,0.7345,0.7335,0.7345,8424.1,0.73375,6181.183375,8424.1,6181.183375,
2024-03-14 14:30:00+00:00,0.7268,0.7336,0.7336,0.7273,9402.6,0.730325,6866.953845,9402.6,6866.953845,
2024-03-14 14:35:00+00:00,0.7252,0.7299,0.7282,0.7259,4403.33,0.7273,3202.541909,4403.33,3202.541909,
2024-03-14 14:40:00+00:00,0.7247,0.7296,0.7267,0.7282,3960.72,0.7273,2880.631656,3960.72,2880.631656,
2024-03-14 14:45:00+00:00,0.7246,0.7409,0.7282,0.7317,145774.73,0.73135,106612.3487855,145774.73,106612.3487855,
2024-03-14 14:50:00+00:00,0.7289,0.7341,0.731,0.731,37277.96,0.73125,27259.50825,37277.96,27259.50825,
2024-03-14 14:55:00+00:00,0.7286,0.734,0.7306,0.7332,12790.17,0.7316,9357.288372,12790.17,9357.288372,
2024-03-14 15:00:00+00:00,0.7306,0.7353,0.7326,0.7311,67657.06,0.7324,49552.030744,67657.06,49552.030744,
2024-03-14 15:05:00+00:00,0.7266,0.7314,0.731,0.7275,16223.22,0.729125,11828.7552825,16223.22,11828.7552825,
2024-03-14 15:10:00+00:00,0.7273,0.7317,0.7273,0.7301,7365.31,0.7291,5370.047521,7365.31,5370.047521,
2024-03-14 15:15:00+00:00,0.7264,0.7306,0.7304,0.7268,10258.61,0.72855,7473.9103155,10258.61,7473.9103155,
2024-03-14 15:20:00+00:00,0.724,0.7263,0.7261,0.724,14517.08,0.7251,10526.334708,14517.08,10526.334708,
2024-03-14 15:25:00+00:00,0.7172,0.7239,0.7233,0.7182,9608.92,0.72065,6924.668198,9608.92,6924.668198,
2024-03-14 15:30:00+00:00,0.7174,0.7226,0.7195,0.721,33268.38,0.720125,23957.3921475,33268.38,23957.3921475,
2024-03-14 15:35:00+00:00,0.713,0.7219,0.7219,0.7136,30780.18,0.7176,22087.857168,30780.18,22087.857168,
2024-03-14 15:40:00+00:00,0.7135,0.7191,0.7142,0.7178,12255.27,0.71615,8776.6116105,12255.27,8776.6116105,
2024-03-14 15:45:00+00:00,0.7187,0.723,0.719,0.7225,50873.43,0.7208,36669.568344,50873.43,36669.568344,
2024-03-14 15:50:00+00:00,0.7186,0.7223,0.7223,0.7201,25646.49,0.720825,18486.63115425,25646.49,18486.63115425,
2024-03-14 15:55:00+00:00,0.7205,0.7231,0.7205,0.7212,16039.5,0.721325,11569.6923375,16039.5,11569.6923375,
2024-03-14 16:00:00+00:00,0.7199,0.7247,0.7204,0.724,18311.0,0.72225,13225.11975,18311.0,13225.11975,
2024-03-14 16:05:00+00:00,0.7198,0.7249,0.7247,0.7214,8153.32,0.7227,5892.404364,8153.32,5892.404364,
2024-03-14 16:10:00+00:00,0.7149,0.7219,0.7202,0.717,17991.71,0.7185,12927.043635,17991.71,12927.043635,
2024-03-14 16:15:00+00:00,0.7142,0.7219,0.7167,0.7198,29261.9,0.71815,21014.433485,29261.9,21014.433485,
2024-03-14 16:20:00+00:00,0.719,0.722,0.7201,0.7191,40570.08,0.72005,29212.486104,40570.08,29212.486104,
2024-03-14 16:25:00+00:00,0.7135,0.7191,0.7191,0.7136,6645.39,0.716325,4760.25899175,6645.39,4760.25899175,
2024-03-14 16:30:00+00:00,0.7108,0.7205,0.7129,0.7205,93860.24,0.716175,67220.357382,93860.24,67220.357382,
2024-03-14 16:35:00+00:00,0.7196,0.7242,0.7196,0.7239,17231.46,0.721825,12438.0986145,17231.46,12438.0986145,
2024-03-14 16:40:00+00:00,0.7214,0.7233,0.7226,0.7224,6542.94,0.722425,4726.7834295,6542.94,4726.7834295,
2024-03-14 16:45:00+00:00,0.7233,0.7294,0.7233,0.7281,22072.55,0.726025,16025.22311375,22072.55,16025.22311375,
2024-03-14 16:50:00+00:00,0.7285,0.7324,0.7289,0.7321,18934.68,0.730475,13831.310373,18934.68,13831.310373,
2024-03-14 16:55:00+00:00,0.7296,0.7324,0.7318,0.7324,2527.79,0.73155,1849.2047745,2527.79,1849.2047745,
2024-03-14 17:00:00+00:00,0.7296,0.7331,0.7324,0.7303,3917.42,0.73135,2865.005117,3917.42,2865.005117,
2024-03-14 17:05:00+00:00,0.7281,0.7331,0.731,0.7303,10061.24,0.730625,7350.993475,10061.24,7350.993475,
2024-03-14 17:10:00+00:00,0.73,0.7324,0.73,0.7321,2874.47,0.731125,2101.59687875,2874.47,2101.59687875,
2024-03-14 17:15:00+00:00,0.7302,0.7325,0.732,0.7306,9041.75,0.731325,6612.45781875,9041.75,6612.45781875,
2024-03-14 17:20:00+00:00,0.7275,0.7319,0.7317,0.7287,17469.78,0.72995,12752.065911,17469.78,12752.065911,
2024-03-14 17:25:00+00:00,0.7257,0.7282,0.7275,0.7258,6266.07,0.7268,4554.179676,6266.07,4554.179676,
2024-03-14 17:30:00+00:00,0.7254,0.7289,0.7254,0.7282,5133.97,0.726975,3732.26784075,5133.97,3732.26784075,
2024-03-14 17:35:00+00:00,0.7272,0.7303,0.7289,0.7303,8579.37,0.729175,6255.86211975,8579.37,6255.86211975,
2024-03-14 17:40:00+00:00,0.7262,0.7296,0.7296,0.7291,2480.94,0.728625,1807.6749075,2480.94,1807.6749075,
2024-03-14 17:45:00+00:00,0.7256,0.7292,0.7284,0.7292,6384.25,0.7281,4648.372425,6384.25,4648.372425,
2024-03-14 17:50:00+00:00,0.7289,0.731,0.7296,0.7296,27007.18,0.729775,19709.1647845,27007.18,19709.1647845,
2024-03-14 17:55:00+00:00,0.7296,0.7325,0.7296,0.7313,21746.46,0.73075,15891.225645,21746.46,15891.225645,
2024-03-14 18:00:00+00:00,0.7282,0.7315,0.7315,0.7282,8795.36,0.72985,6419.293496,8795.36,6419.293496,
2024-03-14 18:05:00+00:00,0.7261,0.7302,0.7283,0.7267,11838.42,0.727825,8616.2980365,11838.42,8616.2980365,
2024-03-14 18:10:00+00:00,0.724,0.7258,0.7254,0.7255,28006.77,0.725175,20309.80943475,28006.77,20309.80943475,
2024-03-14 18:15:00+00:00,0.7233,0.7282,0.7261,0.7233,11039.67,0.725225,8006.24467575,11039.67,8006.24467575,
2024-03-14 18:20:00+00:00,0.7226,0.7254,0.7239,0.7254,2382.54,0.724325,1725.7332855,2382.54,1725.7332855,
2024-03-14 18:25:00+00:00,0.725,0.727,0.7254,0.7256,7428.06,0.72575,5390.914545,7428.06,5390.914545,
2024-03-14 18:30:00+00:00,0.7221,0.7261,0.7254,0.7231,3488.71,0.724175,2526.43656425,3488.71,2526.43656425,
2024-03-14 18:35:00+00:00,0.7198,0.7236,0.7233,0.7226,11463.56,0.722325,8280.415977,11463.56,8280.415977,
2024-03-14 18:40:00+00:00,0.7196,0.7232,0.7221,0.7201,11427.08,0.72125,8241.78145,11427.08,8241.78145,
2024-03-14 18:45:00+00:00,0.7148,0.7203,0.7203,0.7148,13202.9,0.71755,9473.740895,13202.9,9473.740895,
2024-03-14 18:50:00+00:00,0.707,0.716,0.716,0.709,49209.67,0.712,35037.28504,49209.67,35037.28504,
2024-03-14 18:55:00+00:00,0.7095,0.717,0.7095,0.7167,24675.61,0.713175,17598.02816175,24675.61,17598.02816175,
2024-03-14 19:00:00+00:00,0.7112,0.717,0.7161,0.7161,22789.29,0.7151,16296.621279,22789.29,16296.621279,
2024-03-14 19:05:00+00:00,0.7139,0.7205,0.7163,0.7175,24312.59,0.71705,17433.3426595,24312.59,17433.3426595,
2024-03-14 19:10:00+00:00,0.7131,0.7184,0.7176,0.7148,33677.89,0.715975,24112.52729275,33677.89,24112.52729275,
2024-03-14 19:15:00+00:00,0.7149,0.7203,0.7149,0.716,27492.39,0.716525,19698.98474475,27492.39,19698.98474475,
2024-03-14 19:20:00+00:00,0.7128,0.7177,0.716,0.7142,33420.16,0.715175,23901.262928,33420.16,23901.262928,
2024-03-14 19:25:00+00:00,0.7086,0.7156,0.7135,0.7095,68926.0,0.7118,49061.5268,68926.0,49061.5268,
2024-03-14 19:30:00+00:00,0.701,0.7093,0.7086,0.7035,52901.11,0.7056,37327.023216,52901.11,37327.023216,
2024-03-14 19:35:00+00:00,0.6969,0.7043,0.7038,0.6997,56708.52,0.701175,39762.596511,56708.52,39762.596511,
2024-03-14 19:40:00+00:00,0.6904,0.7013,0.6997,0.6955,34204.36,0.696725,23831.032721,34204.36,23831.032721,
2024-03-14 19:45:00+00:00,0.6948,0.7045,0.6948,0.7041,47761.61,0.69955,33411.6342755,47761.61,33411.6342755,
2024-03-14 19:50:00+00:00,0.7037,0.71,0.7039,0.7094,31278.88,0.70675,22106.34844,31278.88,22106.34844,
2024-03-14 19:55:00+00:00,0.7049,0.7109,0.7103,0.7056,22896.33,0.707925,16208.88441525,22896.33,16208.88441525,
2024-03-14 20:00:00+00:00,0.7063,0.7137,0.7068,0.7137,11753.43,0.710125,8346.40447875,11753.43,8346.40447875,
2024-03-14 20:05:00+00:00,0.7142,0.7184,0.7142,0.7184,9952.34,0.7163,7128.861142,9952.34,7128.861142,
2024-03-14 20:10:00+00:00,0.7161,0.7207,0.7181,0.7197,23645.82,0.71865,16993.068543,23645.82,16993.068543,
2024-03-14 20:15:00+00:00,0.7184,0.7228,0.7189,0.7198,11223.17,0.719975,8080.40182075,11223.17,8080.40182075,
2024-03-14 20:20:00+00:00,0.7196,0.7209,0.7204,0.7205,15476.3,0.72035,11148.352705,15476.3,11148.352705,
2024-03-14 20:25:00+00:00,0.7198,0.7243,0.7205,0.7233,11543.6,0.721975,8334.19061,11543.6,8334.19061,
2024-03-14 20:30:00+00:00,0.721,0.7246,0.7226,0.7226,16370.47,0.7227,11830.938669,16370.47,11830.938669,
2024-03-14 20:35:00+00:00,0.7232,0.7268,0.7233,0.7268,17697.76,0.725025,12831.318444,17697.76,12831.318444,
2024-03-14 20:40:00+00:00,0.7221,0.7261,0.7261,0.7231,29903.99,0.72435,21660.9551565,29903.99,21660.9551565,
2024-03-14 20:45:00+00:00,0.7229,0.7263,0.7232,0.7237,22096.65,0.724025,15998.52701625,22096.65,15998.52701625,
2024-03-14 20:50:00+00:00,0.7233,0.7266,0.7238,0.725,9876.78,0.724675,7157.4555465,9876.78,7157.4555465,
2024-03-14 20:55:00+00:00,0.7219,0.7252,0.7248,0.7224,14488.32,0.723575,10483.386144,14488.32,10483.386144,
2024-03-14 21:00:00+00:00,0.72,0.7247,0.7231,0.72,9774.46,0.72195,7056.671397,9774.46,7056.671397,
2024-03-14 21:05:00+00:00,0.7184,0.7212,0.7203,0.7198,8848.15,0.719925,6370.00438875,8848.15,6370.00438875,
2024-03-14 21:10:00+00:00,0.7205,0.7257,0.7205,0.7251,10695.95,0.72295,7732.6370525,10695.95,7732.6370525,
2024-03-14 21:15:00+00:00,0.724,0.7273,0.7261,0.724,2901.9,0.72535,2104.893165,2901.9,2104.893165,
2024-03-14 21:20:00+00:00,0.7226,0.7244,0.7234,0.7226,7512.45,0.72325,5433.3794625,7512.45,5433.3794625,
2024-03-14 21:25:00+00:00,0.7221,0.7254,0.7233,0.7221,4645.88,0.723225,3360.016563,4645.88,3360.016563,
2024-03-14 21:30:00+00:00,0.7215,0.7247,0.7223,0.7244,1458.77,0.723225,1055.01893325,1458.77,1055.01893325,
2024-03-14 21:35:00+00:00,0.7244,0.7254,0.7244,0.7245,987.01,0.724675,715.26147175,987.01,715.26147175,
2024-03-14 21:40:00+00:00,0.7241,0.7268,0.7241,0.7268,1712.51,0.72545,1242.3403795,1712.51,1242.3403795,
2024-03-14 21:45:00+00:00,0.7251,0.7271,0.727,0.7252,1485.68,0.7261,1078.752248,1485.68,1078.752248,
2024-03-14 21:50:00+00:00,0.7249,0.7268,0.7249,0.7261,668.02,0.725675,484.7654135,668.02,484.7654135,
2024-03-14 21:55:00+00:00,0.7247,0.7282,0.7254,0.7281,2956.27,0.7266,2148.025782,2956.27,2148.025782,
2024-03-14 22:00:00+00:00,0.7281,0.7308,0.7281,0.7308,6774.81,0.72945,4941.8851545,6774.81,4941.8851545,
2024-03-14 22:05:00+00:00,0.7309,0.7331,0.731,0.7331,27201.31,0.732025,19912.03895275,27201.31,19912.03895275,
2024-03-14 22:10:00+00:00,0.7325,0.7335,0.7328,0.733,1262.97,0.73295,925.6938615,1262.97,925.6938615,
2024-03-14 22:15:00+00:00,0.7332,0.7347,0.7338,0.7338,394.98,0.733875,289.8659475,394.98,289.8659475,
2024-03-14 22:20:00+00:00,0.7331,0.7352,0.7335,0.7351,764.74,0.734225,561.4912265,764.74,561.4912265,
2024-03-14 22:25:00+00:00,0.7352,0.7368,0.7354,0.736,3789.33,0.73585,2788.3784805,3789.33,2788.3784805,
2024-03-14 22:30:00+00:00,0.7324,0.7359,0.7359,0.7324,1921.34,0.73415,1410.551761,1921.34,1410.551761,
2024-03-14 22:35:00+00:00,0.7324,0.7343,0.7331,0.7329,6708.06,0.733175,4918.1818905,6708.06,4918.1818905,
2024-03-14 22:40:00+00:00,0.7328,0.7345,0.7328,0.7329,2860.71,0.73325,2097.6156075,2860.71,2097.6156075,
2024-03-14 22:45:00+00:00,0.732,0.7342,0.7324,0.7338,4905.02,0.7331,3595.870162,4905.02,3595.870162,
2024-03-14 22:50:00+00:00,0.7335,0.7344,0.7344,0.7335,2949.5,0.73395,2164.785525,2949.5,2164.785525,
2024-03-14 22:55:00+00:00,0.732,0.7331,0.7331,0.7331,1279.18,0.732825,937.4150835,1279.18,937.4150835,
2024-03-14 23:00:00+00:00,0.7327,0.7346,0.7336,0.7345,7414.22,0.73385,5440.925347,7414.22,5440.925347,
2024-03-14 23:05:00+00:00,0.734,0.7366,0.7343,0.7366,1408.8,0.735375,1035.9963,1408.8,1035.9963,
2024-03-14 23:10:00+00:00,0.735,0.738,0.7359,0.7377,14909.84,0.73665,10983.333636,14909.84,10983.333636,
2024-03-14 23:15:00+00:00,0.7372,0.7383,0.7376,0.7383,2303.36,0.73785,1699.534176,2303.36,1699.534176,
2024-03-14 23:20:00+00:00,0.7366,0.738,0.7375,0.7366,5379.76,0.737175,3965.824578,5379.76,3965.824578,
2024-03-14 23:25:00+00:00,0.7373,0.738,0.7373,0.7375,6200.4,0.737525,4572.95001,6200.4,4572.95001,
2024-03-14 23:30:00+00:00,0.7369,0.7386,0.7372,0.7386,5482.69,0.737825,4045.26574925,5482.69,4045.26574925,
2024-03-14 23:35:00+00:00,0.7383,0.7401,0.7383,0.74,23102.84,0.739175,17077.041757,23102.84,17077.041757,
2024-03-14 23:40:00+00:00,0.7384,0.7394,0.7394,0.7393,2187.82,0.739125,1617.0724575,2187.82,1617.0724575,
2024-03-14 23:45:00+00:00,0.7357,0.739,0.739,0.737,7630.32,0.737675,5628.696306,7630.32,5628.696306,
2024-03-14 23:50:00+00:00,0.7364,0.7378,0.7368,0.7371,10268.18,0.737025,7567.9053645,10268.18,7567.9053645,
2024-03-14 23:55:00+00:00,0.7358,0.7376,0.7366,0.7366,2636.13,0.73665,1941.9051645,2636.13,1941.9051645,
2024-03-15 00:00:00+00:00,0.736,0.7386,0.736,0.7374,2864.99,0.737,2111.49763,2864.99,2111.49763,
2024-03-15 00:05:00+00:00,0.7373,0.7386,0.738,0.7373,4141.88,0.7378,3055.879064,4141.88,3055.879064,
2024-03-15 00:10:00+00:00,0.7356,0.7377,0.7377,0.7356,1900.62,0.73665,1400.091723,1900.62,1400.091723,
2024-03-15 00:15:00+00:00,0.7331,0.7368,0.7352,0.7368,1633.71,0.735475,1201.55286225,1633.71,1201.55286225,
2024-03-15 00:20:00+00:00,0.7373,0.7404,0.7373,0.7404,784.37,0.73885,579.5317745,784.37,579.5317745,
2024-03-15 00:25:00+00:00,0.7387,0.7411,0.7396,0.7411,6629.7,0.740125,4906.8067125,6629.7,4906.8067125,
2024-03-15 00:30:00+00:00,0.74,0.7424,0.7411,0.7413,5508.0,0.7412,4082.5296,5508.0,4082.5296,
2024-03-15 00:35:00+00:00,0.7417,0.7432,0.7423,0.7428,2581.31,0.7425,1916.622675,2581.31,1916.622675,
2024-03-15 00:40:00+00:00,0.7394,0.7432,0.7428,0.7395,5189.88,0.741225,3846.868803,5189.88,3846.868803,
2024-03-15 00:45:00+00:00,0.738,0.7392,0.7392,0.738,1708.08,0.7386,1261.587888,1708.08,1261.587888,
2024-03-15 00:50:00+00:00,0.7366,0.7383,0.7383,0.7367,2142.55,0.737475,1580.07706125,2142.55,1580.07706125,
2024-03-15 00:55:00+00:00,0.7363,0.738,0.7367,0.7377,8240.03,0.737175,6074.34411525,8240.03,6074.34411525,
2024-03-15 01:00:00+00:00,0.7356,0.738,0.7374,0.7363,5338.34,0.736825,3933.4223705,5338.34,3933.4223705,
2024-03-15 01:05:00+00:00,0.7347,0.7365,0.7359,0.7355,5545.77,0.73565,4079.7457005,5545.77,4079.7457005,
2024-03-15 01:10:00+00:00,0.733,0.7368,0.7359,0.7363,6664.29,0.7355,4901.585295,6664.29,4901.585295,
2024-03-15 01:15:00+00:00,0.7345,0.7365,0.7359,0.7352,4274.49,0.735525,3143.99425725,4274.49,3143.99425725,
2024-03-15 01:20:00+00:00,0.7335,0.7359,0.7354,0.7335,3980.57,0.734575,2924.02720775,3980.57,2924.02720775,
2024-03-15 01:25:00+00:00,0.7328,0.7341,0.7333,0.7328,3998.65,0.73325,2932.0101125,3998.65,2932.0101125,
2024-03-15 01:30:00+00:00,0.7329,0.7364,0.7329,0.7361,4062.8,0.734575,2984.43131,4062.8,2984.43131,
2024-03-15 01:35:00+00:00,0.7365,0.7382,0.7365,0.7367,5238.47,0.736975,3860.62142825,5238.47,3860.62142825,
2024-03-15 01:40:00+00:00,0.7347,0.7368,0.7366,0.7355,2740.28,0.7359,2016.572052,2740.28,2016.572052,
2024-03-15 01:45:00+00:00,0.7324,0.7354,0.7354,0.7335,10212.67,0.734175,7497.88699725,10212.67,7497.88699725,
2024-03-15 01:50:00+00:00,0.731,0.7332,0.7332,0.7312,35372.73,0.73215,25898.1442695,35372.73,25898.1442695,
2024-03-15 01:55:00+00:00,0.7305,0.7324,0.7313,0.732,6263.68,0.73155,4582.195104,6263.68,4582.195104,
2024-03-15 02:00:00+00:00,0.7303,0.732,0.732,0.7305,2775.12,0.7312,2029.167744,2775.12,2029.167744,
2024-03-15 02:05:00+00:00,0.7302,0.7333,0.7302,0.7317,2955.05,0.73135,2161.1758175,2955.05,2161.1758175,
2024-03-15 02:10:00+00:00,0.7293,0.7317,0.7317,0.7298,3517.46,0.730625,2569.9442125,3517.46,2569.9442125,
2024-03-15 02:15:00+00:00,0.7282,0.7303,0.7289,0.7282,3908.34,0.7289,2848.789026,3908.34,2848.789026,
2024-03-15 02:20:00+00:00,0.7242,0.7286,0.7281,0.7242,9739.13,0.726275,7073.28664075,9739.13,7073.28664075,
2024-03-15 02:25:00+00:00,0.7182,0.7263,0.7245,0.7195,11950.22,0.722125,8629.5526175,11950.22,8629.5526175,
2024-03-15 02:30:00+00:00,0.715,0.7195,0.7184,0.7156,16175.54,0.717125,11599.8841225,16175.54,11599.8841225,
2024-03-15 02:35:00+00:00,0.7075,0.7156,0.7156,0.7077,17167.29,0.7116,12216.243564,17167.29,12216.243564,
2024-03-15 02:40:00+00:00,0.704,0.7113,0.7093,0.7049,41428.02,0.707375,29305.1456475,41428.02,29305.1456475,
2024-03-15 02:45:00+00:00,0.6967,0.7072,0.7049,0.7031,49248.63,0.702975,34620.55567425,49248.63,34620.55567425,
2024-03-15 02:50:00+00:00,0.688,0.7051,0.7044,0.6922,76026.14,0.697425,53022.5306895,76026.14,53022.5306895,
2024-03-15 02:55:00+00:00,0.6943,0.6997,0.6943,0.6989,39952.52,0.6968,27838.915936,39952.52,27838.915936,
2024-03-15 03:00:00+00:00,0.696,0.7044,0.699,0.7035,58049.06,0.700725,40676.4275685,58049.06,40676.4275685,
2024-03-15 03:05:00+00:00,0.6955,0.7041,0.7033,0.6982,19639.33,0.700275,13752.93181575,19639.33,13752.93181575,
2024-03-15 03:10:00+00:00,0.6955,0.7011,0.6983,0.6983,11000.7,0.6983,7681.78881,11000.7,7681.78881,
2024-03-15 03:15:00+00:00,0.6962,0.7025,0.699,0.6965,9318.52,0.69855,6509.452146,9318.52,6509.452146,
2024-03-15 03:20:00+00:00,0.6793,0.6969,0.6968,0.6813,79003.57,0.688575,54399.88321275,79003.57,54399.88321275,
2024-03-15 03:25:00+00:00,0.6583,0.6856,0.6825,0.6726,142994.63,0.67475,96485.6265925,142994.63,96485.6265925,
2024-03-15 03:30:00+00:00,0.6734,0.6831,0.6734,0.6814,33739.4,0.677825,22869.408805,33739.4,22869.408805,
2024-03-15 03:35:00+00:00,0.6792,0.6887,0.6812,0.6887,21526.39,0.68445,14733.7376355,21526.39,14733.7376355,
2024-03-15 03:40:00+00:00,0.6854,0.6917,0.6893,0.6862,44720.4,0.68815,30774.34326,44720.4,30774.34326,
2024-03-15 03:45:00+00:00,0.6859,0.6926,0.6859,0.6906,30308.46,0.68875,20874.951825,30308.46,20874.951825,
2024-03-15 03:50:00+00:00,0.6869,0.6912,0.6899,0.688,7973.62,0.689,5493.82418,7973.62,5493.82418,
2024-03-15 03:55:00+00:00,0.6807,0.6887,0.6887,0.6874,64026.81,0.686375,43946.40171375,64026.81,43946.40171375,
2024-03-15 04:00:00+00:00,0.6805,0.69,0.6876,0.6805,16194.0,0.68465,11087.2221,16194.0,11087.2221,
2024-03-15 04:05:00+00:00,0.6751,0.6843,0.6801,0.682,98582.56,0.680375,67073.10926,98582.56,67073.10926,
2024-03-15 04:10:00+00:00,0.6816,0.6879,0.6823,0.6875,10148.17,0.684825,6949.72052025,10148.17,6949.72052025,
2024-03-15 04:15:00+00:00,0.6826,0.6871,0.6871,0.6828,11243.7,0.6849,7700.81013,11243.7,7700.81013,
2024-03-15 04:20:00+00:00,0.6815,0.6855,0.684,0.6819,23910.24,0.683225,16336.073724,23910.24,16336.073724,
2024-03-15 04:25:00+00:00,0.6798,0.6826,0.6816,0.6822,6218.64,0.68155,4238.314092,6218.64,4238.314092,
2024-03-15 04:30:00+00:00,0.6777,0.6833,0.6824,0.6783,9928.09,0.680425,6755.32063825,9928.09,6755.32063825,
2024-03-15 04:35:00+00:00,0.6732,0.6787,0.6787,0.6746,10870.48,0.6763,7351.705624,10870.48,7351.705624,
2024-03-15 04:40:00+00:00,0.67,0.6763,0.6757,0.67,16753.93,0.673,11275.39489,16753.93,11275.39489,
2024-03-15 04:45:00+00:00,0.6697,0.6767,0.6697,0.6757,24403.21,0.67295,16422.1401695,24403.21,16422.1401695,
2024-03-15 04:50:00+00:00,0.6724,0.6761,0.6748,0.6726,66394.08,0.673975,44747.950068,66394.08,44747.950068,
2024-03-15 04:55:00+00:00,0.6711,0.6745,0.672,0.6726,33180.94,0.67255,22315.841197,33180.94,22315.841197,
2024-03-15 05:00:00+00:00,0.673,0.6833,0.673,0.6808,20172.27,0.677525,13667.21723175,20172.27,13667.21723175,
2024-03-15 05:05:00+00:00,0.6791,0.685,0.6802,0.6839,16593.04,0.68205,11317.282932,16593.04,11317.282932,
2024-03-15 05:10:00+00:00,0.6826,0.6862,0.684,0.6847,17802.65,0.684375,12183.68859375,17802.65,12183.68859375,
2024-03-15 05:15:00+00:00,0.6805,0.687,0.6852,0.6805,8484.99,0.6833,5797.793667,8484.99,5797.793667,
2024-03-15 05:20:00+00:00,0.6775,0.6805,0.6803,0.6799,9321.74,0.67955,6334.588417,9321.74,6334.588417,
2024-03-15 05:25:00+00:00,0.6791,0.6816,0.6805,0.6792,12872.85,0.6801,8754.825285,12872.85,8754.825285,
2024-03-15 05:30:00+00:00,0.6791,0.684,0.6794,0.6819,19448.84,0.6811,13246.604924,19448.84,13246.604924,
2024-03-15 05:35:00+00:00,0.6784,0.6814,0.6812,0.6788,19662.17,0.67995,13369.2924915,19662.17,13369.2924915,
2024-03-15 05:40:00+00:00,0.6745,0.6805,0.6784,0.6751,10111.78,0.677125,6846.9390325,10111.78,6846.9390325,
2024-03-15 05:45:00+00:00,0.6707,0.677,0.6762,0.6732,12458.89,0.674275,8400.71805475,12458.89,8400.71805475,
2024-03-15 05:50:00+00:00,0.6714,0.6777,0.672,0.6763,40713.62,0.67435,27455.229647,40713.62,27455.229647,
2024-03-15 05:55:00+00:00,0.6745,0.6784,0.676,0.6748,13092.6,0.675925,8849.615655,13092.6,8849.615655,
2024-03-15 06:00:00+00:00,0.6751,0.6795,0.6751,0.6763,5781.66,0.6765,3911.29299,5781.66,3911.29299,
2024-03-15 06:05:00+00:00,0.6751,0.6798,0.6762,0.6793,497.88,0.6776,337.363488,497.88,337.363488,
2024-03-15 06:10:00+00:00,0.6774,0.6805,0.6791,0.6798,4618.34,0.6792,3136.776528,4618.34,3136.776528,
2024-03-15 06:15:00+00:00,0.6781,0.6813,0.6791,0.6798,14303.13,0.679575,9720.04956975,14303.13,9720.04956975,
2024-03-15 06:20:00+00:00,0.6805,0.6847,0.6805,0.6847,11788.04,0.6826,8046.516104,11788.04,8046.516104,
2024-03-15 06:25:00+00:00,0.6849,0.6913,0.6854,0.6906,9631.92,0.68805,6627.242556,9631.92,6627.242556,
2024-03-15 06:30:00+00:00,0.6867,0.692,0.6904,0.6893,24282.7,0.6896,16745.34992,24282.7,16745.34992,
2024-03-15 06:35:00+00:00,0.6868,0.6899,0.6893,0.688,6828.57,0.6885,4701.470445,6828.57,4701.470445,
2024-03-15 06:40:00+00:00,0.6883,0.6917,0.6886,0.6903,2091.32,0.689725,1442.435687,2091.32,1442.435687,
2024-03-15 06:45:00+00:00,0.6887,0.6936,0.6913,0.6907,16825.35,0.691075,11627.57875125,16825.35,11627.57875125,
2024-03-15 06:50:00+00:00,0.688,0.6902,0.6899,0.6896,2769.91,0.689425,1909.64520175,2769.91,1909.64520175,
2024-03-15 06:55:00+00:00,0.6899,0.6921,0.6899,0.6921,6222.04,0.691,4299.42964,6222.04,4299.42964,
2024-03-15 07:00:00+00:00,0.6874,0.6913,0.6913,0.6877,10830.44,0.689425,7466.776097,10830.44,7466.776097,
2024-03-15 07:05:00+00:00,0.6867,0.6899,0.688,0.688,3745.55,0.68815,2577.5002325,3745.55,2577.5002325,
2024-03-15 07:10:00+00:00,0.6877,0.6886,0.6877,0.6877,392.9,0.687925,270.2857325,392.9,270.2857325,
2024-03-15 07:15:00+00:00,0.684,0.6893,0.6887,0.6843,4231.13,0.686575,2904.98807975,4231.13,2904.98807975,
2024-03-15 07:20:00+00:00,0.6836,0.6856,0.6844,0.6856,4625.22,0.6848,3167.350656,4625.22,3167.350656,
2024-03-15 07:25:00+00:00,0.6847,0.6859,0.6854,0.6852,3852.86,0.6853,2640.364958,3852.86,2640.364958,
2024-03-15 07:30:00+00:00,0.684,0.6887,0.6853,0.6874,5369.62,0.68635,3685.438687,5369.62,3685.438687,
2024-03-15 07:35:00+00:00,0.6874,0.6961,0.6874,0.6904,122567.04,0.690325,84611.091888,122567.04,84611.091888,
2024-03-15 07:40:00+00:00,0.6899,0.6913,0.6902,0.6909,11827.46,0.690575,8167.7481895,11827.46,8167.7481895,
2024-03-15 07:45:00+00:00,0.6905,0.6928,0.6913,0.6914,14428.78,0.6915,9977.50137,14428.78,9977.50137,
2024-03-15 07:50:00+00:00,0.688,0.6927,0.692,0.688,13548.52,0.690175,9350.849791,13548.52,9350.849791,
2024-03-15 07:55:00+00:00,0.6872,0.6887,0.6887,0.6872,7126.14,0.68795,4902.428013,7126.14,4902.428013,
2024-03-15 08:00:00+00:00,0.6861,0.6884,0.6871,0.687,18587.84,0.68715,12772.634256,18587.84,12772.634256,
2024-03-15 08:05:00+00:00,0.6847,0.6874,0.6867,0.6847,311.84,0.685875,213.88326,311.84,213.88326,
2024-03-15 08:10:00+00:00,0.6833,0.6866,0.684,0.6833,2373.94,0.6843,1624.487142,2373.94,1624.487142,
2024-03-15 08:15:00+00:00,0.6805,0.6826,0.6826,0.6812,6685.03,0.681725,4557.35207675,6685.03,4557.35207675,
2024-03-15 08:20:00+00:00,0.6751,0.6805,0.6805,0.6765,1897.26,0.67815,1286.626869,1897.26,1286.626869,
2024-03-15 08:25:00+00:00,0.6732,0.6777,0.6767,0.6732,8608.29,0.6752,5812.317408,8608.29,5812.317408,
2024-03-15 08:30:00+00:00,0.6729,0.6763,0.6739,0.6749,18966.19,0.6745,12792.695155,18966.19,12792.695155,
2024-03-15 08:35:00+00:00,0.6682,0.6746,0.6746,0.67,17164.77,0.67185,11532.1507245,17164.77,11532.1507245,
2024-03-15 08:40:00+00:00,0.6631,0.672,0.6707,0.6671,77980.57,0.668225,52108.56638825,77980.57,52108.56638825,
2024-03-15 08:45:00+00:00,0.66,0.6669,0.665,0.6622,16868.76,0.663525,11192.843979,16868.76,11192.843979,
2024-03-15 08:50:00+00:00,0.6547,0.6644,0.6606,0.6588,32924.36,0.659625,21717.730965,32924.36,21717.730965,
2024-03-15 08:55:00+00:00,0.6545,0.6637,0.6588,0.6551,7725.34,0.658025,5083.4668535,7725.34,5083.4668535,
2024-03-15 09:00:00+00:00,0.6538,0.6624,0.6554,0.6594,12801.08,0.65775,8419.91037,12801.08,8419.91037,
2024-03-15 09:05:00+00:00,0.6404,0.6588,0.6588,0.6448,170544.66,0.6507,110973.410262,170544.66,110973.410262,
2024-03-15 09:10:00+00:00,0.6304,0.65,0.6439,0.6401,114483.75,0.6411,73395.532125,114483.75,73395.532125,
2024-03-15 09:15:00+00:00,0.6392,0.6524,0.6392,0.6524,42813.11,0.6458,27648.706438,42813.11,27648.706438,
2024-03-15 09:20:00+00:00,0.6514,0.6572,0.6527,0.6572,10291.19,0.654625,6736.87025375,10291.19,6736.87025375,
2024-03-15 09:25:00+00:00,0.6556,0.66,0.6575,0.6575,15686.35,0.65765,10316.1280775,15686.35,10316.1280775,
2024-03-15 09:30:00+00:00,0.6528,0.6626,0.6582,0.6605,27596.68,0.658525,18173.103697,27596.68,18173.103697,
2024-03-15 09:35:00+00:00,0.6594,0.6673,0.6606,0.6671,9864.15,0.6636,6545.84994,9864.15,6545.84994,
2024-03-15 09:40:00+00:00,0.6651,0.6684,0.6674,0.6664,7549.69,0.666825,5034.32203425,7549.69,5034.32203425,
2024-03-15 09:45:00+00:00,0.6623,0.6686,0.6665,0.666,10280.09,0.66585,6844.9979265,10280.09,6844.9979265,
2024-03-15 09:50:00+00:00,0.6665,0.6693,0.6665,0.6693,6640.52,0.6679,4435.203308,6640.52,4435.203308,
2024-03-15 09:55:00+00:00,0.6657,0.6703,0.6693,0.6682,3298.16,0.668375,2204.40769,3298.16,2204.40769,
2024-03-15 10:00:00+00:00,0.6665,0.6707,0.6686,0.6665,4611.47,0.668075,3080.80782025,4611.47,3080.80782025,
2024-03-15 10:05:00+00:00,0.663,0.6665,0.6665,0.663,8540.56,0.66475,5677.33726,8540.56,5677.33726,
2024-03-15 10:10:00+00:00,0.66,0.6637,0.6624,0.661,26199.53,0.661775,17338.19396575,26199.53,17338.19396575,
2024-03-15 10:15:00+00:00,0.6613,0.6665,0.6613,0.6658,3169.77,0.663725,2103.85559325,3169.77,2103.85559325,
2024-03-15 10:20:00+00:00,0.666,0.67,0.6662,0.6689,14934.06,0.667775,9972.5919165,14934.06,9972.5919165,
2024-03-15 10:25:00+00:00,0.6672,0.6695,0.6689,0.6693,1643.87,0.668725,1099.29696575,1643.87,1099.29696575,
2024-03-15 10:30:00+00:00,0.6656,0.6703,0.6686,0.6665,10740.85,0.66775,7172.2025875,10740.85,7172.2025875,
2024-03-15 10:35:00+00:00,0.6644,0.6681,0.6668,0.6644,4783.59,0.665925,3185.51217075,4783.59,3185.51217075,
2024-03-15 10:40:00+00:00,0.663,0.666,0.6651,0.6651,5339.55,0.6648,3549.73284,5339.55,3549.73284,
2024-03-15 10:45:00+00:00,0.663,0.6669,0.6644,0.6663,8310.89,0.66515,5527.9884835,8310.89,5527.9884835,
2024-03-15 10:50:00+00:00,0.6634,0.6658,0.6658,0.6637,7689.45,0.664675,5110.98517875,7689.45,5110.98517875,
2024-03-15 10:55:00+00:00,0.6617,0.6647,0.6644,0.6617,434.86,0.663125,288.3665375,434.86,288.3665375,
2024-03-15 11:00:00+00:00,0.6606,0.6637,0.6614,0.6612,9372.99,0.661725,6202.34180775,9372.99,6202.34180775,
2024-03-15 11:05:00+00:00,0.6541,0.6606,0.6606,0.6541,16599.84,0.65735,10911.904824,16599.84,10911.904824,
2024-03-15 11:10:00+00:00,0.6511,0.6555,0.6538,0.6529,16665.17,0.653325,10887.77219025,16665.17,10887.77219025,
2024-03-15 11:15:00+00:00,0.6497,0.6556,0.653,0.6514,5950.37,0.652425,3882.17014725,5950.37,3882.17014725,
2024-03-15 11:20:00+00:00,0.6452,0.6528,0.6507,0.6457,21554.1,0.6486,13979.98926,21554.1,13979.98926,
2024-03-15 11:25:00+00:00,0.6448,0.65,0.6452,0.6464,24157.24,0.6466,15620.071384,24157.24,15620.071384,
2024-03-15 11:30:00+00:00,0.6471,0.656,0.6471,0.656,16447.66,0.65155,10716.472873,16447.66,10716.472873,
2024-03-15 11:35:00+00:00,0.6545,0.661,0.6563,0.6602,17776.98,0.658,11697.25284,17776.98,11697.25284,
2024-03-15 11:40:00+00:00,0.6588,0.6613,0.6606,0.6594,4930.7,0.660025,3254.3852675,4930.7,3254.3852675,
2024-03-15 11:45:00+00:00,0.6589,0.6643,0.6592,0.6621,10603.63,0.661125,7010.32488375,10603.63,7010.32488375,
2024-03-15 11:50:00+00:00,0.6618,0.6644,0.6624,0.663,3667.83,0.6629,2431.404507,3667.83,2431.404507,
2024-03-15 11:55:00+00:00,0.661,0.6654,0.6627,0.6619,18487.0,0.66275,12252.25925,18487.0,12252.25925,
2024-03-15 12:00:00+00:00,0.66,0.6644,0.6624,0.6626,7521.06,0.66235,4981.574091,7521.06,4981.574091,
2024-03-15 12:05:00+00:00,0.6599,0.6624,0.6618,0.6624,12133.2,0.661625,8027.62845,12133.2,8027.62845,
2024-03-15 12:10:00+00:00,0.6606,0.6639,0.6624,0.6618,4403.59,0.662175,2915.94720825,4403.59,2915.94720825,
2024-03-15 12:15:00+00:00,0.66,0.663,0.6619,0.6603,5613.72,0.6613,3712.353036,5613.72,3712.353036,
2024-03-15 12:20:00+00:00,0.6604,0.6654,0.6604,0.6648,9938.2,0.66275,6586.54205,9938.2,6586.54205,
2024-03-15 12:25:00+00:00,0.6644,0.6679,0.6646,0.6649,2382.36,0.66545,1585.341462,2382.36,1585.341462,
2024-03-15 12:30:00+00:00,0.6654,0.6686,0.6658,0.6679,14439.36,0.666925,9629.970168,14439.36,9629.970168,
2024-03-15 12:35:00+00:00,0.6644,0.6686,0.6685,0.6658,4906.55,0.666825,3271.81020375,4906.55,3271.81020375,
2024-03-15 12:40:00+00:00,0.6621,0.6652,0.6651,0.6634,23730.51,0.66395,15755.8721145,23730.51,15755.8721145,
2024-03-15 12:45:00+00:00,0.6615,0.6637,0.663,0.6631,1638.83,0.662825,1086.25749475,1638.83,1086.25749475,
2024-03-15 12:50:00+00:00,0.6612,0.6644,0.6632,0.663,10654.37,0.66295,7063.3145915,10654.37,7063.3145915,
2024-03-15 12:55:00+00:00,0.6624,0.6652,0.6624,0.6643,2455.49,0.663575,1629.40177675,2455.49,1629.40177675,
2024-03-15 13:00:00+00:00,0.663,0.6686,0.6637,0.6685,2775.96,0.66595,1848.650562,2775.96,1848.650562,
2024-03-15 13:05:00+00:00,0.6665,0.671,0.6682,0.6674,24485.07,0.668275,16362.76015425,24485.07,16362.76015425,
2024-03-15 13:10:00+00:00,0.6634,0.6683,0.6665,0.6651,6361.01,0.665825,4235.31948325,6361.01,4235.31948325,
2024-03-15 13:15:00+00:00,0.6618,0.6658,0.6653,0.6623,1753.25,0.6638,1163.80735,1753.25,1163.80735,
2024-03-15 13:20:00+00:00,0.66,0.663,0.6624,0.6617,13129.67,0.661775,8688.88736425,13129.67,8688.88736425,
2024-03-15 13:25:00+00:00,0.6612,0.6624,0.6621,0.6621,1195.84,0.66195,791.586288,1195.84,791.586288,
2024-03-15 13:30:00+00:00,0.6582,0.6619,0.6619,0.6612,3862.61,0.6608,2552.412688,3862.61,2552.412688,
2024-03-15 13:35:00+00:00,0.6618,0.6693,0.6618,0.6693,8112.12,0.66555,5399.021466,8112.12,5399.021466,
2024-03-15 13:40:00+00:00,0.6677,0.6693,0.6686,0.6679,9538.27,0.668375,6375.14121125,9538.27,6375.14121125,
2024-03-15 13:45:00+00:00,0.6672,0.671,0.6685,0.6703,15182.72,0.66925,10161.03536,15182.72,10161.03536,
2024-03-15 13:50:00+00:00,0.6707,0.6738,0.6707,0.6736,4797.09,0.6722,3224.603898,4797.09,3224.603898,
2024-03-15 13:55:00+00:00,0.6726,0.6782,0.6729,0.6745,30816.24,0.67455,20787.094692,30816.24,20787.094692,
2024-03-15 14:00:00+00:00,0.6693,0.6769,0.6751,0.6704,14719.87,0.672925,9905.36851975,14719.87,9905.36851975,
2024-03-15 14:05:00+00:00,0.6644,0.6705,0.6705,0.6665,18906.36,0.667975,12628.975821,18906.36,12628.975821,
2024-03-15 14:10:00+00:00,0.6654,0.6689,0.6671,0.6654,4022.14,0.6667,2681.560738,4022.14,2681.560738,
2024-03-15 14:15:00+00:00,0.6645,0.6679,0.667,0.6654,8739.88,0.6662,5822.508056,8739.88,5822.508056,
2024-03-15 14:20:00+00:00,0.6657,0.6705,0.6658,0.67,12071.51,0.668,8063.76868,12071.51,8063.76868,
2024-03-15 14:25:00+00:00,0.6679,0.6718,0.6707,0.668,16073.23,0.6696,10762.634808,16073.23,10762.634808,
2024-03-15 14:30:00+00:00,0.6637,0.6699,0.6681,0.6644,3405.59,0.666525,2269.91087475,3405.59,2269.91087475,
2024-03-15 14:35:00+00:00,0.6644,0.6676,0.6645,0.6664,5245.38,0.665725,3491.9806005,5245.38,3491.9806005,
2024-03-15 14:40:00+00:00,0.6651,0.6682,0.6672,0.6665,2521.96,0.66675,1681.51683,2521.96,1681.51683,
2024-03-15 14:45:00+00:00,0.6651,0.6686,0.6664,0.6679,5258.94,0.667,3507.71298,5258.94,3507.71298,
2024-03-15 14:50:00+00:00,0.6672,0.6702,0.6672,0.6696,1510.98,0.66855,1010.165679,1510.98,1010.165679,
2024-03-15 14:55:00+00:00,0.6692,0.6728,0.6696,0.6728,11444.95,0.6711,7680.705945,11444.95,7680.705945,
2024-03-15 15:00:00+00:00,0.6706,0.6745,0.6728,0.6726,13155.61,0.672625,8848.79217625,13155.61,8848.79217625,
2024-03-15 15:05:00+00:00,0.6679,0.6731,0.673,0.6679,14016.97,0.670475,9398.02796075,14016.97,9398.02796075,
2024-03-15 15:10:00+00:00,0.6682,0.6715,0.6682,0.6707,9873.35,0.66965,6611.6888275,9873.35,6611.6888275,
2024-03-15 15:15:00+00:00,0.6669,0.6714,0.6714,0.6679,6107.34,0.6694,4088.253396,6107.34,4088.253396,
2024-03-15 15:20:00+00:00,0.6678,0.6712,0.6686,0.6678,6710.43,0.66885,4488.2711055,6710.43,4488.2711055,
2024-03-15 15:25:00+00:00,0.6673,0.6719,0.6678,0.6708,4624.36,0.66945,3095.777802,4624.36,3095.777802,
2024-03-15 15:30:00+00:00,0.6704,0.6732,0.6704,0.672,5177.2,0.6715,3476.4898,5177.2,3476.4898,
2024-03-15 15:35:00+00:00,0.6707,0.6751,0.6714,0.6732,3269.3,0.6726,2198.93118,3269.3,2198.93118,
2024-03-15 15:40:00+00:00,0.672,0.6754,0.6726,0.6752,3307.24,0.6738,2228.418312,3307.24,2228.418312,
2024-03-15 15:45:00+00:00,0.6703,0.6763,0.6757,0.672,10224.76,0.673575,6887.142717,10224.76,6887.142717,
2024-03-15 15:50:00+00:00,0.6697,0.6719,0.6714,0.6697,18436.59,0.670675,12364.95999825,18436.59,12364.95999825,
2024-03-15 15:55:00+00:00,0.6686,0.6706,0.6706,0.6691,2653.51,0.669725,1777.12198475,2653.51,1777.12198475,
2024-03-15 16:00:00+00:00,0.6663,0.6711,0.669,0.6663,8768.12,0.668175,5858.638581,8768.12,5858.638581,
2024-03-15 16:05:00+00:00,0.6612,0.6658,0.6658,0.662,26187.51,0.6637,17380.650387,26187.51,17380.650387,
2024-03-15 16:10:00+00:00,0.6606,0.6639,0.663,0.6625,11102.19,0.6625,7355.200875,11102.19,7355.200875,
2024-03-15 16:15:00+00:00,0.6621,0.6679,0.6623,0.6648,34537.85,0.664275,22942.63030875,34537.85,22942.63030875,
2024-03-15 16:20:00+00:00,0.6637,0.6671,0.6656,0.6651,12148.66,0.665375,8083.4146475,12148.66,8083.4146475,
2024-03-15 16:25:00+00:00,0.6646,0.6695,0.6646,0.6683,12457.6,0.66675,8306.1048,12457.6,8306.1048,
2024-03-15 16:30:00+00:00,0.6664,0.668,0.6679,0.6679,6666.75,0.66755,4450.3889625,6666.75,4450.3889625,
2024-03-15 16:35:00+00:00,0.6672,0.6704,0.668,0.6704,6773.52,0.669,4531.48488,6773.52,4531.48488,
2024-03-15 16:40:00+00:00,0.6697,0.6758,0.6697,0.6757,9378.27,0.672725,6308.99668575,9378.27,6308.99668575,
2024-03-15 16:45:00+00:00,0.6726,0.677,0.6763,0.6734,14242.51,0.674825,9611.20181075,14242.51,9611.20181075,
2024-03-15 16:50:00+00:00,0.6692,0.6726,0.6726,0.67,15348.81,0.6711,10300.586391,15348.81,10300.586391,
2024-03-15 16:55:00+00:00,0.6675,0.6693,0.6693,0.6675,13282.39,0.6684,8877.949476,13282.39,8877.949476,
2024-03-15 17:00:00+00:00,0.6651,0.6699,0.6674,0.6651,8845.5,0.666875,5898.8428125,8845.5,5898.8428125,
2024-03-15 17:05:00+00:00,0.6632,0.6667,0.6651,0.6663,6187.39,0.665325,4116.62525175,6187.39,4116.62525175,
2024-03-15 17:10:00+00:00,0.664,0.6668,0.6667,0.6665,2775.87,0.666,1848.72942,2775.87,1848.72942,
2024-03-15 17:15:00+00:00,0.6643,0.6672,0.6663,0.6656,7764.98,0.66585,5170.311933,7764.98,5170.311933,
2024-03-15 17:20:00+00:00,0.6651,0.6693,0.6651,0.6686,9202.13,0.667025,6138.05076325,9202.13,6138.05076325,
2024-03-15 17:25:00+00:00,0.6683,0.6712,0.6689,0.6712,6649.53,0.6699,4454.520147,6649.53,4454.520147,
2024-03-15 17:30:00+00:00,0.6694,0.6728,0.67,0.6721,22938.69,0.671075,15393.58139175,22938.69,15393.58139175,
2024-03-15 17:35:00+00:00,0.671,0.6745,0.6723,0.6742,14268.73,0.673,9602.85529,14268.73,9602.85529,
2024-03-15 17:40:00+00:00,0.672,0.6756,0.6751,0.6729,5681.08,0.6739,3828.479812,5681.08,3828.479812,
2024-03-15 17:45:00+00:00,0.6726,0.6765,0.6733,0.6726,4948.72,0.67375,3334.2001,4948.72,3334.2001,
2024-03-15 17:50:00+00:00,0.6726,0.6761,0.6726,0.6759,14325.14,0.6743,9659.441902,14325.14,9659.441902,
2024-03-15 17:55:00+00:00,0.6739,0.6763,0.6751,0.6748,4843.59,0.675025,3269.54433975,4843.59,3269.54433975,
2024-03-15 18:00:00+00:00,0.6749,0.6778,0.6751,0.677,4327.25,0.6762,2926.08645,4327.25,2926.08645,
2024-03-15 18:05:00+00:00,0.6763,0.6784,0.6772,0.6763,9080.26,0.67705,6147.790033,9080.26,6147.790033,
2024-03-15 18:10:00+00:00,0.6764,0.679,0.6765,0.6784,6428.49,0.677575,4355.78411175,6428.49,4355.78411175,
2024-03-15 18:15:00+00:00,0.6768,0.6793,0.679,0.6789,8619.93,0.6785,5848.622505,8619.93,5848.622505,
2024-03-15 18:20:00+00:00,0.6763,0.6791,0.6791,0.677,2652.1,0.677875,1797.7922875,2652.1,1797.7922875,
2024-03-15 18:25:00+00:00,0.6763,0.6782,0.6767,0.6766,3589.78,0.67695,2430.101571,3589.78,2430.101571,
2024-03-15 18:30:00+00:00,0.677,0.6798,0.677,0.6779,1053.02,0.677925,713.8685835,1053.02,713.8685835,
2024-03-15 18:35:00+00:00,0.6765,0.6784,0.6776,0.6784,2117.83,0.677725,1435.30633675,2117.83,1435.30633675,
2024-03-15 18:40:00+00:00,0.6785,0.6826,0.6785,0.6826,28134.54,0.68055,19146.961197,28134.54,19146.961197,
2024-03-15 18:45:00+00:00,0.6827,0.6854,0.6827,0.6847,29205.58,0.683875,19972.9660225,29205.58,19972.9660225,
2024-03-15 18:50:00+00:00,0.684,0.6923,0.6849,0.6923,21732.35,0.688375,14960.00643125,21732.35,14960.00643125,
2024-03-15 18:55:00+00:00,0.6887,0.6934,0.6906,0.6926,25864.14,0.691325,17880.5265855,25864.14,17880.5265855,
2024-03-15 19:00:00+00:00,0.6899,0.6948,0.6922,0.6916,19444.84,0.692125,13458.259885,19444.84,13458.259885,
2024-03-15 19:05:00+00:00,0.6887,0.6935,0.6911,0.6935,9571.99,0.6917,6620.945483,9571.99,6620.945483,
2024-03-15 19:10:00+00:00,0.6918,0.6949,0.6934,0.6934,10280.73,0.693375,7128.40116375,10280.73,7128.40116375,
2024-03-15 19:15:00+00:00,0.692,0.6952,0.6932,0.6922,3821.24,0.69315,2648.692506,3821.24,2648.692506,
2024-03-15 19:20:00+00:00,0.6861,0.692,0.6916,0.6887,21431.67,0.6896,14779.279632,21431.67,14779.279632,
2024-03-15 19:25:00+00:00,0.688,0.6895,0.6887,0.6889,9918.1,0.688775,6831.3393275,9918.1,6831.3393275,
2024-03-15 19:30:00+00:00,0.6838,0.6888,0.6887,0.6854,15877.13,0.686675,10902.42824275,15877.13,10902.42824275,
2024-03-15 19:35:00+00:00,0.6819,0.688,0.6851,0.6819,22753.07,0.684225,15568.21932075,22753.07,15568.21932075,
2024-03-15 19:40:00+00:00,0.6809,0.6839,0.682,0.6838,11087.89,0.68265,7569.1481085,11087.89,7569.1481085,
2024-03-15 19:45:00+00:00,0.6776,0.6836,0.683,0.6777,12323.01,0.680475,8385.50022975,12323.01,8385.50022975,
2024-03-15 19:50:00+00:00,0.6726,0.677,0.677,0.6734,31052.42,0.675,20960.3835,31052.42,20960.3835,
2024-03-15 19:55:00+00:00,0.6721,0.6763,0.6751,0.6751,13205.53,0.67465,8909.1108145,13205.53,8909.1108145,
2024-03-15 20:00:00+00:00,0.6705,0.6758,0.6744,0.6705,12675.88,0.6728,8528.332064,12675.88,8528.332064,
2024-03-15 20:05:00+00:00,0.6612,0.6728,0.6709,0.6632,28200.19,0.667025,18810.23173475,28200.19,18810.23173475,
2024-03-15 20:10:00+00:00,0.6622,0.6672,0.6647,0.665,32971.51,0.664775,21918.63556025,32971.51,21918.63556025,
2024-03-15 20:15:00+00:00,0.665,0.6707,0.6658,0.6707,15624.38,0.66805,10437.867059,15624.38,10437.867059,
2024-03-15 20:20:00+00:00,0.6684,0.6726,0.67,0.6726,9522.32,0.6709,6388.524488,9522.32,6388.524488,
2024-03-15 20:25:00+00:00,0.6686,0.6726,0.6722,0.6691,6262.96,0.670625,4200.09755,6262.96,4200.09755,
2024-03-15 20:30:00+00:00,0.6651,0.6692,0.6689,0.6687,8513.8,0.667975,5687.005555,8513.8,5687.005555,
2024-03-15 20:35:00+00:00,0.6637,0.6693,0.6672,0.6645,3479.14,0.666175,2317.7160895,3479.14,2317.7160895,
2024-03-15 20:40:00+00:00,0.6577,0.6651,0.6651,0.6594,9898.35,0.661825,6550.97548875,9898.35,6550.97548875,
2024-03-15 20:45:00+00:00,0.6576,0.6633,0.6595,0.659,29741.43,0.65985,19624.8825855,29741.43,19624.8825855,
2024-03-15 20:50:00+00:00,0.6588,0.6623,0.6596,0.6606,23870.41,0.660325,15762.22848325,23870.41,15762.22848325,
2024-03-15 20:55:00+00:00,0.6594,0.6624,0.6612,0.6608,12559.98,0.66095,8301.518781,12559.98,8301.518781,
2024-03-15 21:00:00+00:00,0.6606,0.6683,0.6618,0.6683,18491.47,0.66475,12292.2046825,18491.47,12292.2046825,
2024-03-15 21:05:00+00:00,0.6677,0.6703,0.6679,0.6703,5824.13,0.66905,3896.6341765,5824.13,3896.6341765,
2024-03-15 21:10:00+00:00,0.6675,0.6706,0.6693,0.6686,7867.2,0.669,5263.1568,7867.2,5263.1568,
2024-03-15 21:15:00+00:00,0.6681,0.6711,0.6693,0.6707,2892.35,0.6698,1937.29603,2892.35,1937.29603,
2024-03-15 21:20:00+00:00,0.6702,0.6714,0.6714,0.6706,14188.37,0.6709,9518.977433,14188.37,9518.977433,
2024-03-15 21:25:00+00:00,0.6676,0.6714,0.6704,0.6676,6000.11,0.66925,4015.5736175,6000.11,4015.5736175,
2024-03-15 21:30:00+00:00,0.6665,0.6694,0.6675,0.6691,10339.67,0.668125,6908.19201875,10339.67,6908.19201875,
2024-03-15 21:35:00+00:00,0.669,0.6698,0.6697,0.6691,1587.68,0.6694,1062.792992,1587.68,1062.792992,
2024-03-15 21:40:00+00:00,0.6684,0.6688,0.6687,0.6688,910.52,0.668675,608.841961,910.52,608.841961,
2024-03-15 21:45:00+00:00,0.6686,0.669,0.669,0.6686,120.64,0.6688,80.684032,120.64,80.684032,
2024-03-15 21:50:00+00:00,0.6677,0.6703,0.669,0.6702,7820.19,0.6693,5234.053167,7820.19,5234.053167,
2024-03-15 21:55:00+00:00,0.6702,0.6715,0.6702,0.6715,5188.1,0.67085,3480.436885,5188.1,3480.436885,
2024-03-15 22:00:00+00:00,0.67,0.6719,0.6717,0.6701,7026.2,0.670925,4714.053235,7026.2,4714.053235,
2024-03-15 22:05:00+00:00,0.6701,0.6721,0.6701,0.6719,8057.01,0.67105,5406.6565605,8057.01,5406.6565605,
2024-03-15 22:10:00+00:00,0.672,0.6754,0.6721,0.6753,15160.87,0.6737,10213.878119,15160.87,10213.878119,
2024-03-15 22:15:00+00:00,0.6736,0.6754,0.675,0.6751,8452.77,0.674775,5703.71787675,8452.77,5703.71787675,
2024-03-15 22:20:00+00:00,0.6736,0.6759,0.6755,0.6736,5569.6,0.67465,3757.53064,5569.6,3757.53064,
2024-03-15 22:25:00+00:00,0.6726,0.676,0.6736,0.6732,20330.05,0.67385,13699.4041925,20330.05,13699.4041925,
2024-03-15 22:30:00+00:00,0.6717,0.6731,0.6731,0.6721,9877.84,0.6725,6642.8474,9877.84,6642.8474,
2024-03-15 22:35:00+00:00,0.6715,0.6763,0.6719,0.6763,12692.49,0.674,8554.73826,12692.49,8554.73826,
2024-03-15 22:40:00+00:00,0.6764,0.6779,0.6765,0.6778,6463.66,0.67715,4376.867369,6463.66,4376.867369,
2024-03-15 22:45:00+00:00,0.6774,0.6784,0.6778,0.6784,7919.39,0.678,5369.34642,7919.39,5369.34642,
2024-03-15 22:50:00+00:00,0.6768,0.6793,0.6785,0.6791,9280.71,0.678425,6296.26568175,9280.71,6296.26568175,
2024-03-15 22:55:00+00:00,0.679,0.6807,0.6791,0.6806,22425.29,0.67985,15245.8334065,22425.29,15245.8334065,
2024-03-15 23:00:00+00:00,0.6778,0.6798,0.6795,0.6786,27485.72,0.678925,18660.742451,27485.72,18660.742451,
2024-03-15 23:05:00+00:00,0.6774,0.6793,0.678,0.6793,20995.75,0.6785,14245.616375,20995.75,14245.616375,
2024-03-15 23:10:00+00:00,0.6784,0.68,0.6793,0.6797,13422.67,0.67935,9118.6908645,13422.67,9118.6908645,
2024-03-15 23:15:00+00:00,0.6781,0.6806,0.6798,0.6787,6297.21,0.6793,4277.694753,6297.21,4277.694753,
2024-03-15 23:20:00+00:00,0.6779,0.6796,0.6788,0.6796,26833.33,0.678975,18219.16023675,26833.33,18219.16023675,
2024-03-15 23:25:00+00:00,0.6793,0.6832,0.6795,0.683,14525.38,0.68125,9895.415125,14525.38,9895.415125,
2024-03-15 23:30:00+00:00,0.6824,0.684,0.6829,0.684,2119.21,0.683325,1448.10917325,2119.21,1448.10917325,
2024-03-15 23:35:00+00:00,0.6833,0.6849,0.6837,0.6844,10486.46,0.684075,7173.5251245,10486.46,7173.5251245,
2024-03-15 23:40:00+00:00,0.6843,0.6864,0.6845,0.6864,12547.89,0.6854,8600.323806,12547.89,8600.323806,
2024-03-15 23:45:00+00:00,0.684,0.6854,0.6854,0.6854,11659.02,0.68505,7987.011651,11659.02,7987.011651,
2024-03-15 23:50:00+00:00,0.6837,0.6874,0.686,0.6841,28278.56,0.6853,19379.297168,28278.56,19379.297168,
2024-03-15 23:55:00+00:00,0.6818,0.6843,0.6842,0.6835,18111.74,0.68345,12378.468703,18111.74,12378.468703,
2024-03-16 00:00:00+00:00,0.6807,0.6837,0.6834,0.6817,21044.11,0.682375,14359.97456125,21044.11,14359.97456125,
2024-03-16 00:05:00+00:00,0.6816,0.686,0.6818,0.6854,24114.23,0.6837,16486.899051,24114.23,16486.899051,
2024-03-16 00:10:00+00:00,0.6833,0.6859,0.6851,0.6835,13466.33,0.68445,9217.0295685,13466.33,9217.0295685,
2024-03-16 00:15:00+00:00,0.6823,0.6855,0.683,0.6847,12362.57,0.683875,8454.45255875,12362.57,8454.45255875,
2024-03-16 00:20:00+00:00,0.6854,0.6883,0.6854,0.6861,6971.48,0.6863,4784.526724,6971.48,4784.526724,
2024-03-16 00:25:00+00:00,0.6836,0.6854,0.6854,0.6836,21727.51,0.6845,14872.480595,21727.51,14872.480595,
2024-03-16 00:30:00+00:00,0.6818,0.6842,0.6842,0.6818,9238.8,0.683,6310.1004,9238.8,6310.1004,
2024-03-16 00:35:00+00:00,0.6805,0.683,0.6818,0.6818,13631.16,0.681775,9293.384109,13631.16,9293.384109,
2024-03-16 00:40:00+00:00,0.6783,0.6815,0.6815,0.6783,16505.46,0.6799,11222.062254,16505.46,11222.062254,
2024-03-16 00:45:00+00:00,0.6779,0.6816,0.6779,0.6796,23631.63,0.67925,16051.7846775,23631.63,16051.7846775,
2024-03-16 00:50:00+00:00,0.6775,0.6802,0.6795,0.6785,13937.54,0.678925,9462.5443445,13937.54,9462.5443445,
2024-03-16 00:55:00+00:00,0.6762,0.6779,0.6779,0.677,11628.77,0.67725,7875.5844825,11628.77,7875.5844825,
2024-03-16 01:00:00+00:00,0.676,0.6817,0.6777,0.6808,39787.51,0.67905,27017.7086655,39787.51,27017.7086655,
2024-03-16 01:05:00+00:00,0.6791,0.6812,0.6806,0.6802,11558.42,0.680275,7862.9041655,11558.42,7862.9041655,
2024-03-16 01:10:00+00:00,0.6776,0.6807,0.6804,0.6784,11527.1,0.679275,7830.0708525,11527.1,7830.0708525,
2024-03-16 01:15:00+00:00,0.6776,0.6807,0.6781,0.678,10424.01,0.6786,7073.733186,10424.01,7073.733186,
2024-03-16 01:20:00+00:00,0.6776,0.6812,0.6784,0.6812,17033.75,0.6796,11576.1365,17033.75,11576.1365,
2024-03-16 01:25:00+00:00,0.6791,0.6809,0.6805,0.6807,11454.01,0.6803,7792.163003,11454.01,7792.163003,
2024-03-16 01:30:00+00:00,0.6804,0.6821,0.6808,0.6812,27836.7,0.681125,18960.2722875,27836.7,18960.2722875,
2024-03-16 01:35:00+00:00,0.6773,0.6814,0.6813,0.6797,19615.98,0.679925,13337.3952015,19615.98,13337.3952015,
2024-03-16 01:40:00+00:00,0.6789,0.6824,0.6792,0.6824,9465.01,0.680725,6443.06893225,9465.01,6443.06893225,
2024-03-16 01:45:00+00:00,0.679,0.6828,0.6825,0.6792,107723.38,0.680875,73346.1563575,107723.38,73346.1563575,
2024-03-16 01:50:00+00:00,0.678,0.6798,0.6793,0.6787,16123.83,0.67895,10947.2743785,16123.83,10947.2743785,
2024-03-16 01:55:00+00:00,0.6763,0.6787,0.6787,0.678,15457.94,0.677925,10479.3239745,15457.94,10479.3239745,
2024-03-16 02:00:00+00:00,0.6759,0.6784,0.6781,0.6784,47527.58,0.6777,32209.440966,47527.58,32209.440966,
2024-03-16 02:05:00+00:00,0.6782,0.6799,0.6787,0.6795,24445.2,0.679075,16600.12419,24445.2,16600.12419,
2024-03-16 02:10:00+00:00,0.6773,0.68,0.6799,0.6777,8174.24,0.678725,5548.061044,8174.24,5548.061044,
2024-03-16 02:15:00+00:00,0.6771,0.6809,0.6771,0.6809,12280.09,0.679,8338.18111,12280.09,8338.18111,
2024-03-16 02:20:00+00:00,0.6809,0.6827,0.6811,0.6821,12534.76,0.6817,8544.945892,12534.76,8544.945892,
2024-03-16 02:25:00+00:00,0.6798,0.6825,0.6823,0.6805,14402.05,0.681275,9811.75661375,14402.05,9811.75661375,
2024-03-16 02:30:00+00:00,0.6788,0.6816,0.6804,0.6799,14389.6,0.680175,9787.44618,14389.6,9787.44618,
2024-03-16 02:35:00+00:00,0.6795,0.6814,0.6798,0.6797,7128.47,0.6801,4848.072447,7128.47,4848.072447,
2024-03-16 02:40:00+00:00,0.6791,0.6829,0.6791,0.6823,21819.53,0.68085,14855.8270005,21819.53,14855.8270005,
2024-03-16 02:45:00+00:00,0.6798,0.6826,0.6825,0.681,8789.35,0.681475,5989.72229125,8789.35,5989.72229125,
2024-03-16 02:50:00+00:00,0.6799,0.6817,0.6817,0.6799,1468.93,0.6808,1000.047544,1468.93,1000.047544,
2024-03-16 02:55:00+00:00,0.6804,0.6819,0.6805,0.6804,1821.73,0.6808,1240.233784,1821.73,1240.233784,
2024-03-16 03:00:00+00:00,0.6772,0.681,0.6805,0.6783,3745.78,0.67925,2544.321065,3745.78,2544.321065,
2024-03-16 03:05:00+00:00,0.677,0.6806,0.6777,0.6798,19002.61,0.678775,12898.49660275,19002.61,12898.49660275,
2024-03-16 03:10:00+00:00,0.6805,0.6843,0.6805,0.6843,1549.47,0.6824,1057.358328,1549.47,1057.358328,
2024-03-16 03:15:00+00:00,0.6846,0.6874,0.6847,0.6854,1292.88,0.685525,886.301562,1292.88,886.301562,
2024-03-16 03:20:00+00:00,0.6834,0.6857,0.6855,0.6836,10490.92,0.68455,7181.559286,10490.92,7181.559286,
2024-03-16 03:25:00+00:00,0.6833,0.6841,0.6841,0.684,1522.01,0.683875,1040.86458875,1522.01,1040.86458875,
2024-03-16 03:30:00+00:00,0.6826,0.6843,0.684,0.6835,5161.72,0.6836,3528.551792,5161.72,3528.551792,
2024-03-16 03:35:00+00:00,0.684,0.6861,0.684,0.6861,826.49,0.68505,566.1869745,826.49,566.1869745,
2024-03-16 03:40:00+00:00,0.6838,0.6867,0.6854,0.6867,3384.95,0.68565,2320.8909675,3384.95,2320.8909675,
2024-03-16 03:45:00+00:00,0.6857,0.6881,0.6865,0.6881,3824.24,0.6871,2627.635304,3824.24,2627.635304,
2024-03-16 03:50:00+00:00,0.6867,0.6885,0.6885,0.6874,1538.38,0.687775,1058.0593045,1538.38,1058.0593045,
2024-03-16 03:55:00+00:00,0.6873,0.6884,0.688,0.6884,2147.9,0.688025,1477.8088975,2147.9,1477.8088975,
2024-03-16 04:00:00+00:00,0.6845,0.6887,0.6885,0.6867,5416.26,0.6871,3721.512246,5416.26,3721.512246,
2024-03-16 04:05:00+00:00,0.6854,0.6867,0.6867,0.6861,1244.53,0.686225,854.02759925,1244.53,854.02759925,
2024-03-16 04:10:00+00:00,0.6852,0.6868,0.6859,0.6868,2917.22,0.686175,2001.7234335,2917.22,2001.7234335,
2024-03-16 04:15:00+00:00,0.6871,0.6887,0.6871,0.6874,7161.64,0.687575,4924.164623,7161.64,4924.164623,
2024-03-16 04:20:00+00:00,0.6878,0.69,0.688,0.69,804.19,0.68895,554.0467005,804.19,554.0467005,
2024-03-16 04:25:00+00:00,0.688,0.6898,0.6898,0.6891,614.29,0.689175,423.35331075,614.29,423.35331075,
2024-03-16 04:30:00+00:00,0.6826,0.6893,0.688,0.6826,15154.02,0.685625,10389.9749625,15154.02,10389.9749625,
2024-03-16 04:35:00+00:00,0.6819,0.6835,0.683,0.6819,1083.41,0.682575,739.50858075,1083.41,739.50858075,
2024-03-16 04:40:00+00:00,0.6818,0.684,0.6826,0.684,1726.28,0.6831,1179.221868,1726.28,1179.221868,
2024-03-16 04:45:00+00:00,0.683,0.6851,0.684,0.6835,13664.07,0.6839,9344.857473,13664.07,9344.857473,
2024-03-16 04:50:00+00:00,0.6826,0.6874,0.6826,0.6861,2111.5,0.684675,1445.6912625,2111.5,1445.6912625,
2024-03-16 04:55:00+00:00,0.6846,0.6855,0.6855,0.6846,3010.91,0.68505,2062.6238955,3010.91,2062.6238955,
2024-03-16 05:00:00+00:00,0.6811,0.6858,0.6849,0.6812,11189.81,0.68325,7645.4376825,11189.81,7645.4376825,
2024-03-16 05:05:00+00:00,0.6796,0.6818,0.6817,0.6818,1756.09,0.681225,1196.29241025,1756.09,1196.29241025,
2024-03-16 05:10:00+00:00,0.6776,0.6813,0.6813,0.6778,1849.19,0.6795,1256.524605,1849.19,1256.524605,
2024-03-16 05:15:00+00:00,0.6725,0.6784,0.6775,0.6725,7080.46,0.675225,4780.9036035,7080.46,4780.9036035,
2024-03-16 05:20:00+00:00,0.6726,0.6751,0.6729,0.6751,7754.37,0.673925,5225.86380225,7754.37,5225.86380225,
2024-03-16 05:25:00+00:00,0.672,0.6749,0.6749,0.6726,18674.95,0.6736,12579.44632,18674.95,12579.44632,
2024-03-16 05:30:00+00:00,0.6729,0.677,0.6729,0.6763,20386.28,0.674775,13756.152087,20386.28,13756.152087,
2024-03-16 05:35:00+00:00,0.6745,0.6777,0.677,0.6763,1412.49,0.676375,955.37292375,1412.49,955.37292375,
2024-03-16 05:40:00+00:00,0.6766,0.678,0.6767,0.678,2206.01,0.677325,1494.18572325,2206.01,1494.18572325,
2024-03-16 05:45:00+00:00,0.6744,0.6777,0.677,0.6757,977.5,0.6762,660.9855,977.5,660.9855,
2024-03-16 05:50:00+00:00,0.6745,0.678,0.6756,0.678,6222.23,0.676525,4209.49415075,6222.23,4209.49415075,
2024-03-16 05:55:00+00:00,0.6782,0.6808,0.6784,0.6787,10175.07,0.679025,6909.12690675,10175.07,6909.12690675,
2024-03-16 06:00:00+00:00,0.6791,0.6805,0.6791,0.6805,2209.47,0.6798,1501.997706,2209.47,1501.997706,
2024-03-16 06:05:00+00:00,0.6812,0.6831,0.6812,0.6826,2024.46,0.682025,1380.7323315,2024.46,1380.7323315,
2024-03-16 06:10:00+00:00,0.6826,0.684,0.6833,0.6826,1156.49,0.683125,790.02723125,1156.49,790.02723125,
2024-03-16 06:15:00+00:00,0.6833,0.6846,0.6833,0.6835,2819.73,0.683675,1927.77890775,2819.73,1927.77890775,
2024-03-16 06:20:00+00:00,0.6826,0.6867,0.6837,0.6861,7232.13,0.684775,4952.38182075,7232.13,4952.38182075,
2024-03-16 06:25:00+00:00,0.6852,0.6881,0.6854,0.6867,3310.74,0.68635,2272.326399,3310.74,2272.326399,
2024-03-16 06:30:00+00:00,0.6812,0.6874,0.6866,0.6812,6314.66,0.6841,4319.858906,6314.66,4319.858906,
2024-03-16 06:35:00+00:00,0.6801,0.6833,0.6819,0.6826,1033.69,0.681975,704.95073775,1033.69,704.95073775,
2024-03-16 06:40:00+00:00,0.683,0.6856,0.6833,0.6847,27942.41,0.68415,19116.7998015,27942.41,19116.7998015,
2024-03-16 06:45:00+00:00,0.6854,0.6876,0.6854,0.6861,361.68,0.686125,248.15769,361.68,248.15769,
2024-03-16 06:50:00+00:00,0.6856,0.687,0.687,0.6861,2849.49,0.686425,1955.96117325,2849.49,1955.96117325,
2024-03-16 06:55:00+00:00,0.6861,0.6872,0.6867,0.6861,3559.85,0.686525,2443.92602125,3559.85,2443.92602125,
2024-03-16 07:00:00+00:00,0.684,0.687,0.6859,0.6847,232.92,0.6854,159.643368,232.92,159.643368,
2024-03-16 07:05:00+00:00,0.6854,0.688,0.6854,0.6868,8713.07,0.6864,5980.651248,8713.07,5980.651248,
2024-03-16 07:10:00+00:00,0.6867,0.6887,0.6875,0.6875,2574.76,0.6876,1770.404976,2574.76,1770.404976,
2024-03-16 07:15:00+00:00,0.6833,0.6882,0.688,0.6833,2962.99,0.6857,2031.722243,2962.99,2031.722243,
2024-03-16 07:20:00+00:00,0.684,0.6897,0.684,0.6897,2882.72,0.68685,1979.996232,2882.72,1979.996232,
2024-03-16 07:25:00+00:00,0.6887,0.6915,0.6899,0.6909,10728.92,0.69025,7405.63703,10728.92,7405.63703,
2024-03-16 07:30:00+00:00,0.6899,0.6976,0.6909,0.6949,25331.73,0.693325,17563.12170225,25331.73,17563.12170225,
2024-03-16 07:35:00+00:00,0.6938,0.6989,0.6949,0.6989,22826.05,0.696625,15901.19708125,22826.05,15901.19708125,
2024-03-16 07:40:00+00:00,0.698,0.7037,0.698,0.7027,6375.98,0.7006,4467.011588,6375.98,4467.011588,
2024-03-16 07:45:00+00:00,0.6981,0.7044,0.7025,0.6983,9418.98,0.700825,6601.0566585,9418.98,6601.0566585,
2024-03-16 07:50:00+00:00,0.6969,0.7024,0.6988,0.7024,3927.95,0.700125,2750.05599375,3927.95,2750.05599375,
2024-03-16 07:55:00+00:00,0.6997,0.7045,0.7017,0.7038,9204.34,0.702425,6465.3585245,9204.34,6465.3585245,
2024-03-16 08:00:00+00:00,0.7008,0.7083,0.7034,0.7008,43828.01,0.703325,30825.33513325,43828.01,30825.33513325,
2024-03-16 08:05:00+00:00,0.6952,0.7025,0.7011,0.6999,8194.81,0.699675,5733.70368675,8194.81,5733.70368675,
2024-03-16 08:10:00+00:00,0.6971,0.7004,0.699,0.7004,4928.4,0.699225,3446.06049,4928.4,3446.06049,
2024-03-16 08:15:00+00:00,0.6955,0.6996,0.6996,0.6988,3592.44,0.698375,2508.870285,3592.44,2508.870285,
2024-03-16 08:20:00+00:00,0.6969,0.6987,0.6976,0.6981,4230.51,0.697825,2952.15564075,4230.51,2952.15564075,
2024-03-16 08:25:00+00:00,0.695,0.6997,0.6969,0.6962,39256.39,0.69695,27359.7410105,39256.39,27359.7410105,
2024-03-16 08:30:00+00:00,0.6946,0.6986,0.6962,0.698,8987.1,0.69685,6262.660635,8987.1,6262.660635,
2024-03-16 08:35:00+00:00,0.6983,0.6992,0.6983,0.6985,4437.68,0.698575,3100.052306,4437.68,3100.052306,
2024-03-16 08:40:00+00:00,0.6989,0.6998,0.6996,0.6995,2947.96,0.69945,2061.950622,2947.96,2061.950622,
2024-03-16 08:45:00+00:00,0.6966,0.6983,0.6983,0.6983,11488.3,0.697875,8017.3973625,11488.3,8017.3973625,
2024-03-16 08:50:00+00:00,0.6962,0.6976,0.6976,0.6965,541.59,0.696975,377.47469025,541.59,377.47469025,
2024-03-16 08:55:00+00:00,0.6957,0.6976,0.6976,0.6968,5889.36,0.696925,4104.442218,5889.36,4104.442218,
2024-03-16 09:00:00+00:00,0.6948,0.6997,0.6962,0.6997,2334.42,0.6976,1628.491392,2334.42,1628.491392,
2024-03-16 09:05:00+00:00,0.6933,0.699,0.699,0.6941,4119.86,0.69635,2868.864511,4119.86,2868.864511,
2024-03-16 09:10:00+00:00,0.6927,0.6948,0.6948,0.694,247.64,0.694075,171.880733,247.64,171.880733,
2024-03-16 09:15:00+00:00,0.6941,0.6969,0.6941,0.6955,6803.47,0.69515,4729.4321705,6803.47,4729.4321705,
2024-03-16 09:20:00+00:00,0.6948,0.6955,0.6951,0.695,226.88,0.6951,157.704288,226.88,157.704288,
2024-03-16 09:25:00+00:00,0.6941,0.6969,0.6962,0.6949,15536.66,0.695525,10806.1354465,15536.66,10806.1354465,
2024-03-16 09:30:00+00:00,0.6934,0.6961,0.6955,0.6941,3849.46,0.694775,2674.5085715,3849.46,2674.5085715,
2024-03-16 09:35:00+00:00,0.6927,0.6955,0.694,0.6934,2579.05,0.6939,1789.602795,2579.05,1789.602795,
2024-03-16 09:40:00+00:00,0.6913,0.6937,0.693,0.6916,1786.24,0.6924,1236.792576,1786.24,1236.792576,
2024-03-16 09:45:00+00:00,0.6887,0.6916,0.6916,0.6899,7266.51,0.69045,5017.1618295,7266.51,5017.1618295,
2024-03-16 09:50:00+00:00,0.6893,0.692,0.69,0.6913,1142.39,0.69065,788.9916535,1142.39,788.9916535,
2024-03-16 09:55:00+00:00,0.6913,0.6935,0.6916,0.6913,468.91,0.691925,324.45055175,468.91,324.45055175,
2024-03-16 10:00:00+00:00,0.6885,0.6927,0.692,0.6899,4155.38,0.690775,2870.4326195,4155.38,2870.4326195,
2024-03-16 10:05:00+00:00,0.6888,0.6906,0.6893,0.6899,2551.12,0.68965,1759.379908,2551.12,1759.379908,
2024-03-16 10:10:00+00:00,0.6881,0.6903,0.6903,0.6887,1721.62,0.68935,1186.798747,1721.62,1186.798747,
2024-03-16 10:15:00+00:00,0.6893,0.6917,0.6893,0.6903,959.59,0.69015,662.2610385,959.59,662.2610385,
2024-03-16 10:20:00+00:00,0.6879,0.6918,0.6899,0.6911,37970.37,0.690175,26206.20011475,37970.37,26206.20011475,
2024-03-16 10:25:00+00:00,0.6887,0.6947,0.6909,0.6927,12220.93,0.69175,8453.8283275,12220.93,8453.8283275,
2024-03-16 10:30:00+00:00,0.6887,0.692,0.692,0.6893,2054.88,0.6905,1418.89464,2054.88,1418.89464,
2024-03-16 10:35:00+00:00,0.6899,0.6924,0.6906,0.6924,7273.14,0.691325,5028.1035105,7273.14,5028.1035105,
2024-03-16 10:40:00+00:00,0.6897,0.6931,0.6923,0.6899,4613.61,0.69125,3189.1579125,4613.61,3189.1579125,
2024-03-16 10:45:00+00:00,0.6887,0.6927,0.6893,0.6905,13652.05,0.6903,9424.010115,13652.05,9424.010115,
2024-03-16 10:50:00+00:00,0.6887,0.6906,0.6901,0.6887,3879.72,0.689525,2675.163933,3879.72,2675.163933,
2024-03-16 10:55:00+00:00,0.6867,0.6891,0.6888,0.6881,6045.15,0.688175,4160.12110125,6045.15,4160.12110125,
2024-03-16 11:00:00+00:00,0.6867,0.6913,0.6887,0.6894,3611.39,0.689025,2488.33799475,3611.39,2488.33799475,
2024-03-16 11:05:00+00:00,0.6871,0.6906,0.6906,0.6871,4970.66,0.68885,3424.039141,4970.66,3424.039141,
2024-03-16 11:10:00+00:00,0.684,0.687,0.687,0.6861,15286.23,0.686025,10486.73593575,15286.23,10486.73593575,
2024-03-16 11:15:00+00:00,0.684,0.6875,0.6847,0.684,32860.83,0.68505,22511.3115915,32860.83,22511.3115915,
2024-03-16 11:20:00+00:00,0.6818,0.6847,0.6843,0.6818,2874.44,0.68315,1963.673686,2874.44,1963.673686,
2024-03-16 11:25:00+00:00,0.677,0.6832,0.6812,0.6784,9078.35,0.67995,6172.8240825,9078.35,6172.8240825,
2024-03-16 11:30:00+00:00,0.675,0.6814,0.6779,0.6807,2542.12,0.67875,1725.46395,2542.12,1725.46395,
2024-03-16 11:35:00+00:00,0.6816,0.6833,0.6819,0.6829,1882.98,0.682425,1284.9926265,1882.98,1284.9926265,
2024-03-16 11:40:00+00:00,0.682,0.6845,0.6832,0.6845,5291.63,0.68355,3617.0936865,5291.63,3617.0936865,
2024-03-16 11:45:00+00:00,0.6826,0.685,0.6842,0.6847,1815.35,0.684125,1241.92631875,1815.35,1241.92631875,
2024-03-16 11:50:00+00:00,0.6826,0.6854,0.6854,0.6829,713.64,0.684075,488.183283,713.64,488.183283,
2024-03-16 11:55:00+00:00,0.6819,0.6833,0.682,0.6819,11496.83,0.682275,7843.99968825,11496.83,7843.99968825,
2024-03-16 12:00:00+00:00,0.6777,0.6826,0.6822,0.6777,4243.8,0.68005,2885.99619,4243.8,2885.99619,
2024-03-16 12:05:00+00:00,0.6757,0.6805,0.6788,0.6768,9243.93,0.67795,6266.9223435,9243.93,6266.9223435,
2024-03-16 12:10:00+00:00,0.676,0.6791,0.677,0.6782,859.98,0.677575,582.7009485,859.98,582.7009485,
2024-03-16 12:15:00+00:00,0.6735,0.6784,0.6783,0.6784,11949.44,0.67715,8091.563296,11949.44,8091.563296,
2024-03-16 12:20:00+00:00,0.6786,0.6815,0.6786,0.6803,4829.04,0.67975,3282.53994,4829.04,3282.53994,
2024-03-16 12:25:00+00:00,0.6763,0.6791,0.6791,0.6763,474.68,0.6777,321.690636,474.68,321.690636,
2024-03-16 12:30:00+00:00,0.6714,0.6777,0.6757,0.672,6383.64,0.6742,4303.850088,6383.64,4303.850088,
2024-03-16 12:35:00+00:00,0.6678,0.6728,0.6718,0.6678,3760.03,0.67005,2519.4081015,3760.03,2519.4081015,
2024-03-16 12:40:00+00:00,0.6679,0.6707,0.6682,0.6707,9392.54,0.669375,6287.1314625,9392.54,6287.1314625,
2024-03-16 12:45:00+00:00,0.6693,0.6726,0.6707,0.6693,10209.96,0.670475,6845.522931,10209.96,6845.522931,
2024-03-16 12:50:00+00:00,0.6669,0.67,0.6687,0.6679,1240.73,0.668375,829.27291375,1240.73,829.27291375,
2024-03-16 12:55:00+00:00,0.6672,0.6693,0.6686,0.6679,7908.18,0.66825,5284.641285,7908.18,5284.641285,
2024-03-16 13:00:00+00:00,0.6679,0.6731,0.6679,0.6731,1595.31,0.6705,1069.655355,1595.31,1069.655355,
2024-03-16 13:05:00+00:00,0.6664,0.6725,0.6725,0.6676,4397.67,0.66975,2945.3394825,4397.67,2945.3394825,
2024-03-16 13:10:00+00:00,0.6636,0.6693,0.6672,0.6644,10474.99,0.666125,6977.65271375,10474.99,6977.65271375,
2024-03-16 13:15:00+00:00,0.6651,0.6714,0.6651,0.67,1638.1,0.6679,1094.08699,1638.1,1094.08699,
2024-03-16 13:20:00+00:00,0.6665,0.6709,0.6709,0.6672,6111.11,0.668875,4087.56870125,6111.11,4087.56870125,
2024-03-16 13:25:00+00:00,0.6665,0.6693,0.6679,0.6665,2293.22,0.66755,1530.839011,2293.22,1530.839011,
2024-03-16 13:30:00+00:00,0.6658,0.6707,0.6664,0.6685,9575.7,0.66785,6395.131245,9575.7,6395.131245,
2024-03-16 13:35:00+00:00,0.6632,0.6686,0.6684,0.6632,3474.62,0.66585,2313.575727,3474.62,2313.575727,
2024-03-16 13:40:00+00:00,0.66,0.6651,0.664,0.6603,15461.2,0.66235,10240.72582,15461.2,10240.72582,
2024-03-16 13:45:00+00:00,0.6569,0.6618,0.6606,0.6594,17594.27,0.659675,11606.50006225,17594.27,11606.50006225,
2024-03-16 13:50:00+00:00,0.6528,0.6612,0.6601,0.6541,24456.56,0.65705,16069.182748,24456.56,16069.182748,
2024-03-16 13:55:00+00:00,0.6533,0.6566,0.654,0.654,67380.61,0.654475,44098.92472975,67380.61,44098.92472975,
2024-03-16 14:00:00+00:00,0.6511,0.6569,0.6534,0.6528,19473.32,0.65355,12726.788286,19473.32,12726.788286,
2024-03-16 14:05:00+00:00,0.6507,0.6556,0.6528,0.6555,15820.15,0.65365,10340.8410475,15820.15,10340.8410475,
2024-03-16 14:10:00+00:00,0.655,0.6594,0.655,0.6594,44423.89,0.6572,29195.380508,44423.89,29195.380508,
2024-03-16 14:15:00+00:00,0.6592,0.6614,0.6594,0.6606,22436.82,0.66015,14811.666723,22436.82,14811.666723,
2024-03-16 14:20:00+00:00,0.6579,0.6606,0.66,0.6594,8116.22,0.659475,5352.4441845,8116.22,5352.4441845,
2024-03-16 14:25:00+00:00,0.6569,0.6612,0.6588,0.657,1641.92,0.658475,1081.163272,1641.92,1081.163272,
2024-03-16 14:30:00+00:00,0.6556,0.6594,0.6582,0.6588,3441.84,0.658,2264.73072,3441.84,2264.73072,
2024-03-16 14:35:00+00:00,0.6575,0.6611,0.6588,0.6601,20437.38,0.659375,13475.8974375,20437.38,13475.8974375,
2024-03-16 14:40:00+00:00,0.6578,0.6619,0.6596,0.6619,9734.23,0.6603,6427.512069,9734.23,6427.512069,
2024-03-16 14:45:00+00:00,0.6584,0.6624,0.6612,0.6584,3555.49,0.6601,2346.978949,3555.49,2346.978949,
2024-03-16 14:50:00+00:00,0.6542,0.6586,0.6582,0.6556,7406.95,0.65665,4863.7737175,7406.95,4863.7737175,
2024-03-16 14:55:00+00:00,0.6558,0.6612,0.6558,0.6606,78797.4,0.65835,51876.26829,78797.4,51876.26829,
2024-03-16 15:00:00+00:00,0.6555,0.6606,0.6604,0.6561,5127.01,0.65815,3374.3416315,5127.01,3374.3416315,
2024-03-16 15:05:00+00:00,0.652,0.6565,0.6556,0.6537,34454.44,0.65445,22548.708258,34454.44,22548.708258,
2024-03-16 15:10:00+00:00,0.6519,0.6556,0.6528,0.6552,20712.41,0.653875,13543.32708875,20712.41,13543.32708875,
2024-03-16 15:15:00+00:00,0.652,0.6556,0.6556,0.6537,58419.12,0.654225,38219.248782,58419.12,38219.248782,
2024-03-16 15:20:00+00:00,0.6516,0.6588,0.6535,0.6582,175690.5,0.655525,115169.5150125,175690.5,115169.5150125,
2024-03-16 15:25:00+00:00,0.6536,0.6582,0.6575,0.6569,100513.6,0.65655,65992.20408,100513.6,65992.20408,
2024-03-16 15:30:00+00:00,0.6571,0.6606,0.6571,0.6597,14140.66,0.658625,9313.3921925,14140.66,9313.3921925,
2024-03-16 15:35:00+00:00,0.6563,0.6598,0.6594,0.6569,7498.23,0.6581,4934.585163,7498.23,4934.585163,
2024-03-16 15:40:00+00:00,0.6582,0.6614,0.6582,0.6604,3384.4,0.65955,2232.18102,3384.4,2232.18102,
2024-03-16 15:45:00+00:00,0.6612,0.6658,0.6612,0.6658,1577.14,0.6635,1046.43239,1577.14,1046.43239,
2024-03-16 15:50:00+00:00,0.6644,0.6673,0.6651,0.6665,7337.35,0.665825,4885.39106375,7337.35,4885.39106375,
2024-03-16 15:55:00+00:00,0.6651,0.6671,0.6667,0.6655,13134.01,0.6661,8748.564061,13134.01,8748.564061,
2024-03-16 16:00:00+00:00,0.6618,0.6657,0.6657,0.663,57508.27,0.66405,38188.3666935,57508.27,38188.3666935,
2024-03-16 16:05:00+00:00,0.6618,0.6652,0.6632,0.663,2923.47,0.6633,1939.137651,2923.47,1939.137651,
2024-03-16 16:10:00+00:00,0.6624,0.6638,0.6633,0.663,549.34,0.663125,364.2810875,549.34,364.2810875,
2024-03-16 16:15:00+00:00,0.6588,0.6629,0.6629,0.66,5693.75,0.66115,3764.4228125,5693.75,3764.4228125,
2024-03-16 16:20:00+00:00,0.6596,0.6646,0.6603,0.6646,30880.85,0.662275,20451.61493375,30880.85,20451.61493375,
2024-03-16 16:25:00+00:00,0.6612,0.6637,0.6637,0.6612,1475.68,0.66245,977.564216,1475.68,977.564216,
2024-03-16 16:30:00+00:00,0.6592,0.6624,0.6606,0.6592,3039.38,0.66035,2007.054583,3039.38,2007.054583,
2024-03-16 16:35:00+00:00,0.6566,0.6598,0.6598,0.659,17373.73,0.6588,11445.813324,17373.73,11445.813324,
2024-03-16 16:40:00+00:00,0.6576,0.6606,0.6594,0.6587,9946.61,0.659075,6555.56198575,9946.61,6555.56198575,
2024-03-16 16:45:00+00:00,0.6556,0.6582,0.6582,0.6562,9700.4,0.65705,6373.64782,9700.4,6373.64782,
2024-03-16 16:50:00+00:00,0.6537,0.6563,0.6563,0.656,939.31,0.655575,615.78815325,939.31,615.78815325,
2024-03-16 16:55:00+00:00,0.6549,0.6569,0.6563,0.6559,7291.18,0.656,4783.01408,7291.18,4783.01408,
2024-03-16 17:00:00+00:00,0.6542,0.6588,0.6563,0.6588,1181.21,0.657025,776.08450025,1181.21,776.08450025,
2024-03-16 17:05:00+00:00,0.6549,0.6582,0.6582,0.6549,1713.63,0.65655,1125.0837765,1713.63,1125.0837765,
2024-03-16 17:10:00+00:00,0.6531,0.6569,0.655,0.6531,2393.08,0.654525,1566.330687,2393.08,1566.330687,
2024-03-16 17:15:00+00:00,0.6502,0.6529,0.6529,0.6514,3106.88,0.65185,2025.219728,3106.88,2025.219728,
2024-03-16 17:20:00+00:00,0.6469,0.6507,0.6507,0.6469,22978.41,0.6488,14908.392408,22978.41,14908.392408,
2024-03-16 17:25:00+00:00,0.6442,0.6477,0.6466,0.6442,19350.1,0.645675,12493.8758175,19350.1,12493.8758175,
2024-03-16 17:30:00+00:00,0.6442,0.65,0.6442,0.6491,23065.99,0.646875,14920.81228125,23065.99,14920.81228125,
2024-03-16 17:35:00+00:00,0.6466,0.6521,0.6494,0.6466,6165.67,0.648675,3999.51598725,6165.67,3999.51598725,
2024-03-16 17:40:00+00:00,0.641,0.6464,0.6464,0.641,14771.3,0.6437,9508.28581,14771.3,9508.28581,
2024-03-16 17:45:00+00:00,0.6398,0.6434,0.6411,0.6434,33387.68,0.641925,21432.386484,33387.68,21432.386484,
2024-03-16 17:50:00+00:00,0.6416,0.6446,0.6432,0.6416,10793.24,0.64275,6937.35501,10793.24,6937.35501,
2024-03-16 17:55:00+00:00,0.6389,0.6416,0.641,0.6399,21143.78,0.64035,13539.419523,21143.78,13539.419523,
2024-03-16 18:00:00+00:00,0.6392,0.6428,0.6411,0.6401,10373.49,0.6408,6647.332392,10373.49,6647.332392,
2024-03-16 18:05:00+00:00,0.634,0.6402,0.6392,0.6342,11172.54,0.6369,7115.790726,11172.54,7115.790726,
2024-03-16 18:10:00+00:00,0.6248,0.6356,0.6344,0.6314,44508.22,0.63155,28109.166341,44508.22,28109.166341,
2024-03-16 18:15:00+00:00,0.6308,0.637,0.632,0.6348,58346.51,0.63365,36971.2660615,58346.51,36971.2660615,
2024-03-16 18:20:00+00:00,0.63,0.636,0.6344,0.6302,33746.24,0.63265,21349.558736,33746.24,21349.558736,
2024-03-16 18:25:00+00:00,0.6258,0.6306,0.6306,0.6278,51422.89,0.6287,32329.570943,51422.89,32329.570943,
2024-03-16 18:30:00+00:00,0.629,0.6332,0.629,0.6302,15960.55,0.63035,10060.7326925,15960.55,10060.7326925,
2024-03-16 18:35:00+00:00,0.6226,0.6296,0.6296,0.6264,19733.17,0.62705,12373.6842485,19733.17,12373.6842485,
2024-03-16 18:40:00+00:00,0.6189,0.626,0.626,0.6215,49679.69,0.6231,30955.414839,49679.69,30955.414839,
2024-03-16 18:45:00+00:00,0.6205,0.6254,0.623,0.6242,29117.1,0.623275,18147.9605025,29117.1,18147.9605025,
2024-03-16 18:50:00+00:00,0.615,0.6254,0.6238,0.6164,18436.62,0.62015,11433.469893,18436.62,11433.469893,
2024-03-16 18:55:00+00:00,0.6146,0.6236,0.6158,0.623,19379.14,0.61925,12000.532445,19379.14,12000.532445,
2024-03-16 19:00:00+00:00,0.6228,0.6326,0.6228,0.6308,26038.38,0.62725,16332.573855,26038.38,16332.573855,
2024-03-16 19:05:00+00:00,0.6313,0.6368,0.6313,0.6368,13748.41,0.63405,8717.1793605,13748.41,8717.1793605,
2024-03-16 19:10:00+00:00,0.6324,0.6365,0.6365,0.635,11095.01,0.6351,7046.440851,11095.01,7046.440851,
2024-03-16 19:15:00+00:00,0.6314,0.6375,0.6355,0.6339,24682.18,0.634575,15662.6943735,24682.18,15662.6943735,
2024-03-16 19:20:00+00:00,0.6338,0.6392,0.6338,0.6379,21734.53,0.636175,13826.96462275,21734.53,13826.96462275,
2024-03-16 19:25:00+00:00,0.6354,0.6381,0.6374,0.6362,2187.88,0.636775,1393.187287,2187.88,1393.187287,
2024-03-16 19:30:00+00:00,0.6349,0.6381,0.636,0.6368,8062.35,0.63645,5131.2826575,8062.35,5131.2826575,
2024-03-16 19:35:00+00:00,0.6355,0.638,0.637,0.6355,934.29,0.6365,594.675585,934.29,594.675585,
2024-03-16 19:40:00+00:00,0.6314,0.6362,0.6362,0.633,7210.29,0.6342,4572.765918,7210.29,4572.765918,
2024-03-16 19:45:00+00:00,0.6282,0.632,0.632,0.6285,24549.13,0.630175,15470.24799775,24549.13,15470.24799775,
2024-03-16 19:50:00+00:00,0.6248,0.629,0.6283,0.6259,24933.39,0.627,15633.23553,24933.39,15633.23553,
2024-03-16 19:55:00+00:00,0.6236,0.6264,0.6257,0.6254,31560.85,0.625275,19734.21048375,31560.85,19734.21048375,
2024-03-16 20:00:00+00:00,0.6243,0.6277,0.6247,0.6254,16833.02,0.625525,10529.4748355,16833.02,10529.4748355,
2024-03-16 20:05:00+00:00,0.6215,0.626,0.6242,0.6224,28381.46,0.623525,17696.5498465,28381.46,17696.5498465,
2024-03-16 20:10:00+00:00,0.6218,0.6254,0.6219,0.623,5146.58,0.623025,3206.4480045,5146.58,3206.4480045,
2024-03-16 20:15:00+00:00,0.6186,0.6245,0.6224,0.6201,9349.74,0.6214,5809.928436,9349.74,5809.928436,
2024-03-16 20:20:00+00:00,0.618,0.6218,0.6191,0.6205,7518.02,0.61985,4660.044697,7518.02,4660.044697,
2024-03-16 20:25:00+00:00,0.6218,0.6278,0.6218,0.6266,16629.13,0.6245,10384.891685,16629.13,10384.891685,
2024-03-16 20:30:00+00:00,0.6257,0.6326,0.6261,0.6317,16982.45,0.629025,10682.38561125,16982.45,10682.38561125,
2024-03-16 20:35:00+00:00,0.6324,0.6355,0.6326,0.6345,11835.59,0.63375,7500.8051625,11835.59,7500.8051625,
2024-03-16 20:40:00+00:00,0.6309,0.6356,0.6346,0.635,12389.2,0.634025,7855.06253,12389.2,7855.06253,
2024-03-16 20:45:00+00:00,0.6342,0.6376,0.6344,0.6354,3562.7,0.6354,2263.73958,3562.7,2263.73958,
2024-03-16 20:50:00+00:00,0.6302,0.635,0.635,0.6308,4154.48,0.63275,2628.74722,4154.48,2628.74722,
2024-03-16 20:55:00+00:00,0.6314,0.6332,0.6314,0.632,9263.37,0.632,5854.44984,9263.37,5854.44984,
2024-03-16 21:00:00+00:00,0.6314,0.6351,0.6315,0.632,23506.69,0.6325,14867.981425,23506.69,14867.981425,
2024-03-16 21:05:00+00:00,0.626,0.6314,0.6314,0.6278,6671.68,0.62915,4197.487472,6671.68,4197.487472,
2024-03-16 21:10:00+00:00,0.6272,0.6296,0.6272,0.6295,4744.61,0.628375,2981.39430875,4744.61,2981.39430875,
2024-03-16 21:15:00+00:00,0.623,0.6285,0.6284,0.6236,3102.91,0.625875,1942.03379625,3102.91,1942.03379625,
2024-03-16 21:20:00+00:00,0.6177,0.6248,0.6241,0.6212,72308.04,0.62195,44971.985478,72308.04,44971.985478,
2024-03-16 21:25:00+00:00,0.6194,0.6225,0.6218,0.6204,14074.26,0.621025,8740.4673165,14074.26,8740.4673165,
2024-03-16 21:30:00+00:00,0.62,0.6262,0.6206,0.6242,11447.72,0.62275,7129.06763,11447.72,7129.06763,
2024-03-16 21:35:00+00:00,0.6218,0.6269,0.6236,0.6269,12571.61,0.6248,7854.741928,12571.61,7854.741928,
2024-03-16 21:40:00+00:00,0.6256,0.6293,0.6272,0.6256,12125.98,0.626925,7602.0800115,12125.98,7602.0800115,
2024-03-16 21:45:00+00:00,0.626,0.6281,0.626,0.626,1108.62,0.626525,694.5781455,1108.62,694.5781455,
2024-03-16 21:50:00+00:00,0.6242,0.6277,0.6257,0.6277,3735.22,0.626325,2339.4616665,3735.22,2339.4616665,
2024-03-16 21:55:00+00:00,0.6254,0.6278,0.6267,0.6256,7183.44,0.626375,4499.52723,7183.44,4499.52723,
2024-03-16 22:00:00+00:00,0.6204,0.6254,0.6254,0.6218,7430.93,0.62325,4631.3271225,7430.93,4631.3271225,
2024-03-16 22:05:00+00:00,0.6199,0.6229,0.6224,0.6208,6414.04,0.6215,3986.32586,6414.04,3986.32586,
2024-03-16 22:10:00+00:00,0.6201,0.6232,0.6206,0.6232,6737.0,0.621775,4188.898175,6737.0,4188.898175,
2024-03-16 22:15:00+00:00,0.6206,0.6248,0.6236,0.6248,7515.82,0.62345,4685.737979,7515.82,4685.737979,
2024-03-16 22:20:00+00:00,0.623,0.6249,0.6244,0.6248,7929.53,0.624275,4950.20734075,7929.53,4950.20734075,
2024-03-16 22:25:00+00:00,0.6254,0.6283,0.6254,0.6279,12004.13,0.62675,7523.5884775,12004.13,7523.5884775,
2024-03-16 22:30:00+00:00,0.6276,0.6306,0.6276,0.6306,7110.46,0.6291,4473.190386,7110.46,4473.190386,
2024-03-16 22:35:00+00:00,0.63,0.632,0.6308,0.6311,6260.14,0.630975,3949.9918365,6260.14,3949.9918365,
2024-03-16 22:40:00+00:00,0.6284,0.6311,0.6305,0.6308,1305.92,0.6302,822.990784,1305.92,822.990784,
2024-03-16 22:45:00+00:00,0.63,0.6313,0.6313,0.6308,33923.02,0.63085,21400.337167,33923.02,21400.337167,
2024-03-16 22:50:00+00:00,0.6259,0.6307,0.6303,0.626,9522.44,0.628225,5982.234869,9522.44,5982.234869,
2024-03-16 22:55:00+00:00,0.6233,0.627,0.6257,0.6261,14133.05,0.625525,8840.57610125,14133.05,8840.57610125,
2024-03-16 23:00:00+00:00,0.6223,0.626,0.6254,0.6236,16973.19,0.624325,10596.78684675,16973.19,10596.78684675,
2024-03-16 23:05:00+00:00,0.6194,0.623,0.623,0.621,7387.75,0.6216,4592.2254,7387.75,4592.2254,
2024-03-16 23:10:00+00:00,0.613,0.6206,0.6206,0.6146,6209.04,0.6172,3832.219488,6209.04,3832.219488,
2024-03-16 23:15:00+00:00,0.611,0.6182,0.6152,0.6158,24737.65,0.61505,15214.8916325,24737.65,15214.8916325,
2024-03-16 23:20:00+00:00,0.6158,0.6248,0.6158,0.6244,22100.57,0.6202,13706.773514,22100.57,13706.773514,
2024-03-16 23:25:00+00:00,0.6194,0.624,0.624,0.62,5422.33,0.62185,3371.8759105,5422.33,3371.8759105,
2024-03-16 23:30:00+00:00,0.6194,0.6251,0.6207,0.6248,15453.46,0.6225,9619.77885,15453.46,9619.77885,
2024-03-16 23:35:00+00:00,0.6236,0.6266,0.6246,0.6262,3372.29,0.62525,2108.5243225,3372.29,2108.5243225,
2024-03-16 23:40:00+00:00,0.626,0.6281,0.6264,0.6275,4583.07,0.627,2873.58489,4583.07,2873.58489,
2024-03-16 23:45:00+00:00,0.6242,0.6284,0.628,0.626,28470.83,0.62665,17841.2456195,28470.83,17841.2456195,
2024-03-16 23:50:00+00:00,0.6264,0.6292,0.6266,0.6268,10754.44,0.62725,6745.72249,10754.44,6745.72249,
2024-03-16 23:55:00+00:00,0.626,0.6274,0.626,0.6268,5196.91,0.62655,3256.1239605,5196.91,3256.1239605,
2024-03-17 00:00:00+00:00,0.6272,0.6356,0.6272,0.635,22972.26,0.63125,14501.239125,22972.26,14501.239125,
2024-03-17 00:05:00+00:00,0.6332,0.6369,0.6348,0.6356,33161.22,0.635125,21061.5198525,33161.22,21061.5198525,
2024-03-17 00:10:00+00:00,0.6308,0.635,0.635,0.6308,7190.97,0.6329,4551.164913,7190.97,4551.164913,
2024-03-17 00:15:00+00:00,0.6306,0.6344,0.6306,0.6338,3214.3,0.63235,2032.562605,3214.3,2032.562605,
2024-03-17 00:20:00+00:00,0.6335,0.6376,0.6335,0.6368,4405.21,0.63535,2798.8501735,4405.21,2798.8501735,
2024-03-17 00:25:00+00:00,0.635,0.638,0.6373,0.6356,28201.16,0.636475,17949.333311,28201.16,17949.333311,
2024-03-17 00:30:00+00:00,0.6296,0.6344,0.6344,0.6296,589.17,0.632,372.35544,589.17,372.35544,
2024-03-17 00:35:00+00:00,0.6278,0.6293,0.6284,0.6278,15713.11,0.628325,9872.93984075,15713.11,9872.93984075,
2024-03-17 00:40:00+00:00,0.6212,0.6273,0.6273,0.6223,23152.54,0.624525,14459.3400435,23152.54,14459.3400435,
2024-03-17 00:45:00+00:00,0.623,0.626,0.623,0.624,6520.21,0.624,4068.61104,6520.21,4068.61104,
2024-03-17 00:50:00+00:00,0.6167,0.6236,0.6236,0.6167,8196.52,0.62015,5083.071878,8196.52,5083.071878,
2024-03-17 00:55:00+00:00,0.6136,0.619,0.6164,0.6136,10788.17,0.61565,6641.7368605,10788.17,6641.7368605,
2024-03-17 01:00:00+00:00,0.6137,0.6228,0.6141,0.6206,24213.68,0.6178,14959.211504,24213.68,14959.211504,
2024-03-17 01:05:00+00:00,0.6188,0.6244,0.6206,0.6229,5417.33,0.621675,3367.81862775,5417.33,3367.81862775,
2024-03-17 01:10:00+00:00,0.62,0.6228,0.6228,0.6212,6996.06,0.6217,4349.450502,6996.06,4349.450502,
2024-03-17 01:15:00+00:00,0.6206,0.6242,0.6212,0.6212,47894.7,0.6218,29780.92446,47894.7,29780.92446,
2024-03-17 01:20:00+00:00,0.6216,0.626,0.6216,0.6257,7975.12,0.623725,4974.281722,7975.12,4974.281722,
2024-03-17 01:25:00+00:00,0.6218,0.6258,0.6257,0.6224,1760.59,0.623925,1098.47611575,1760.59,1098.47611575,
2024-03-17 01:30:00+00:00,0.623,0.6269,0.623,0.6258,12750.28,0.624675,7964.781159,12750.28,7964.781159,
2024-03-17 01:35:00+00:00,0.6236,0.6266,0.6254,0.6266,3381.66,0.62555,2115.397413,3381.66,2115.397413,
2024-03-17 01:40:00+00:00,0.6266,0.6298,0.6272,0.6292,5036.45,0.6282,3163.89789,5036.45,3163.89789,
2024-03-17 01:45:00+00:00,0.6246,0.6296,0.6296,0.6272,43756.69,0.62775,27468.2621475,43756.69,27468.2621475,
2024-03-17 01:50:00+00:00,0.6238,0.6266,0.6266,0.6257,44066.66,0.625675,27571.4074955,44066.66,27571.4074955,
2024-03-17 01:55:00+00:00,0.6257,0.6293,0.626,0.629,5489.25,0.6275,3444.504375,5489.25,3444.504375,
2024-03-17 02:00:00+00:00,0.6276,0.63,0.6291,0.629,17186.44,0.628925,10808.981777,17186.44,10808.981777,
2024-03-17 02:05:00+00:00,0.626,0.6291,0.6291,0.626,1469.92,0.62755,922.448296,1469.92,922.448296,
2024-03-17 02:10:00+00:00,0.6266,0.6302,0.6266,0.6276,5844.6,0.62775,3668.94765,5844.6,3668.94765,
2024-03-17 02:15:00+00:00,0.6277,0.6302,0.628,0.6302,1168.24,0.629025,734.852166,1168.24,734.852166,
2024-03-17 02:20:00+00:00,0.6296,0.6325,0.6303,0.6325,5326.66,0.631225,3362.3209585,5326.66,3362.3209585,
2024-03-17 02:25:00+00:00,0.6326,0.6351,0.6326,0.6351,5952.19,0.63385,3772.7956315,5952.19,3772.7956315,
2024-03-17 02:30:00+00:00,0.6324,0.635,0.6344,0.6337,18181.22,0.633875,11524.6208275,18181.22,11524.6208275,
2024-03-17 02:35:00+00:00,0.6327,0.6352,0.6327,0.6352,501.43,0.63395,317.8815485,501.43,317.8815485,
2024-03-17 02:40:00+00:00,0.635,0.6376,0.6356,0.636,11228.65,0.63605,7141.9828325,11228.65,7141.9828325,
2024-03-17 02:45:00+00:00,0.635,0.6386,0.6356,0.6385,3753.04,0.636925,2390.405002,3753.04,2390.405002,
2024-03-17 02:50:00+00:00,0.6379,0.6401,0.639,0.6386,3094.56,0.6389,1977.114384,3094.56,1977.114384,
2024-03-17 02:55:00+00:00,0.6365,0.6381,0.6381,0.6373,3836.02,0.6375,2445.46275,3836.02,2445.46275,
2024-03-17 03:00:00+00:00,0.6336,0.6368,0.6368,0.6344,3830.1,0.6354,2433.64554,3830.1,2433.64554,
2024-03-17 03:05:00+00:00,0.6324,0.6353,0.6338,0.635,17296.04,0.634125,10967.851365,17296.04,10967.851365,
2024-03-17 03:10:00+00:00,0.6344,0.6362,0.6355,0.635,3101.82,0.635275,1970.5087005,3101.82,1970.5087005,
2024-03-17 03:15:00+00:00,0.6338,0.636,0.6356,0.6345,2234.18,0.634975,1418.6484455,2234.18,1418.6484455,
2024-03-17 03:20:00+00:00,0.6328,0.6349,0.6349,0.6339,5630.3,0.634125,3570.3139875,5630.3,3570.3139875,
2024-03-17 03:25:00+00:00,0.6332,0.6359,0.6338,0.6334,4889.46,0.634075,3100.2843495,4889.46,3100.2843495,
2024-03-17 03:30:00+00:00,0.6343,0.6364,0.6343,0.6364,873.28,0.63535,554.838448,873.28,554.838448,
2024-03-17 03:35:00+00:00,0.6362,0.6375,0.6368,0.6365,2118.31,0.63675,1348.8338925,2118.31,1348.8338925,
2024-03-17 03:40:00+00:00,0.6355,0.6383,0.6368,0.6356,4108.06,0.63655,2614.985593,4108.06,2614.985593,
2024-03-17 03:45:00+00:00,0.6344,0.6368,0.635,0.6368,2481.59,0.63575,1577.6708425,2481.59,1577.6708425,
2024-03-17 03:50:00+00:00,0.6374,0.6392,0.6374,0.6386,9248.31,0.63815,5901.8090265,9248.31,5901.8090265,
2024-03-17 03:55:00+00:00,0.638,0.6389,0.6389,0.6387,2038.57,0.638625,1301.88176625,2038.57,1301.88176625,
2024-03-17 04:00:00+00:00,0.6368,0.6388,0.6388,0.6368,7364.99,0.6378,4697.390622,7364.99,4697.390622,
2024-03-17 04:05:00+00:00,0.6356,0.6369,0.6362,0.6362,7147.05,0.636225,4547.13188625,7147.05,4547.13188625,
2024-03-17 04:10:00+00:00,0.635,0.6361,0.6361,0.6352,1153.67,0.6356,733.272652,1153.67,733.272652,
2024-03-17 04:15:00+00:00,0.6344,0.6368,0.6348,0.6366,512.37,0.63565,325.6879905,512.37,325.6879905,
2024-03-17 04:20:00+00:00,0.6355,0.6368,0.6366,0.6362,2244.2,0.636275,1427.928355,2244.2,1427.928355,
2024-03-17 04:25:00+00:00,0.6346,0.6359,0.6357,0.6354,3091.42,0.6354,1964.288268,3091.42,1964.288268,
2024-03-17 04:30:00+00:00,0.6348,0.6366,0.6348,0.6356,179.46,0.63545,114.037857,179.46,114.037857,
2024-03-17 04:35:00+00:00,0.6332,0.6362,0.6362,0.6345,6857.39,0.635025,4354.61408475,6857.39,4354.61408475,
2024-03-17 04:40:00+00:00,0.6325,0.6343,0.634,0.6325,869.78,0.633325,550.8534185,869.78,550.8534185,
2024-03-17 04:45:00+00:00,0.6325,0.635,0.6325,0.6344,6777.91,0.6336,4294.483776,6777.91,4294.483776,
2024-03-17 04:50:00+00:00,0.632,0.635,0.635,0.632,819.38,0.6335,519.07723,819.38,519.07723,
2024-03-17 04:55:00+00:00,0.632,0.634,0.6326,0.6333,1519.27,0.632975,961.65992825,1519.27,961.65992825,
2024-03-17 05:00:00+00:00,0.6315,0.6344,0.6338,0.6332,1336.31,0.633225,846.18489975,1336.31,846.18489975,
2024-03-17 05:05:00+00:00,0.6338,0.6362,0.6338,0.6362,2358.46,0.635,1497.6221,2358.46,1497.6221,
2024-03-17 05:10:00+00:00,0.6344,0.6356,0.6356,0.6344,124.17,0.635,78.84795,124.17,78.84795,
2024-03-17 05:15:00+00:00,0.6338,0.6356,0.635,0.6344,2625.26,0.6347,1666.252522,2625.26,1666.252522,
2024-03-17 05:20:00+00:00,0.6332,0.6353,0.635,0.6332,201.33,0.634175,127.67845275,201.33,127.67845275,
2024-03-17 05:25:00+00:00,0.6326,0.6335,0.6326,0.6326,851.35,0.632825,538.75556375,851.35,538.75556375,
2024-03-17 05:30:00+00:00,0.6302,0.6321,0.632,0.6302,1257.84,0.631125,793.85427,1257.84,793.85427,
2024-03-17 05:35:00+00:00,0.6282,0.6308,0.6303,0.6282,7933.51,0.629375,4993.15285625,7933.51,4993.15285625,
2024-03-17 05:40:00+00:00,0.626,0.6278,0.6278,0.6268,5638.44,0.6271,3535.865724,5638.44,3535.865724,
2024-03-17 05:45:00+00:00,0.626,0.6277,0.6272,0.6264,626.51,0.626825,392.71213075,626.51,392.71213075,
2024-03-17 05:50:00+00:00,0.626,0.6281,0.6265,0.6271,3575.29,0.626925,2241.43868325,3575.29,2241.43868325,
2024-03-17 05:55:00+00:00,0.6272,0.6284,0.6272,0.6284,1251.2,0.6278,785.50336,1251.2,785.50336,
2024-03-17 06:00:00+00:00,0.6288,0.63,0.6288,0.6294,934.2,0.62925,587.84535,934.2,587.84535,
2024-03-17 06:05:00+00:00,0.6266,0.6298,0.6298,0.6275,4498.96,0.628425,2827.258938,4498.96,2827.258938,
2024-03-17 06:10:00+00:00,0.6246,0.6266,0.6266,0.6246,1388.87,0.6256,868.877072,1388.87,868.877072,
2024-03-17 06:15:00+00:00,0.6254,0.6269,0.6254,0.6255,3054.3,0.6258,1911.38094,3054.3,1911.38094,
2024-03-17 06:20:00+00:00,0.6241,0.6265,0.6248,0.6241,934.81,0.624875,584.13939875,934.81,584.13939875,
2024-03-17 06:25:00+00:00,0.6218,0.6245,0.6245,0.6218,4091.09,0.62315,2549.3627335,4091.09,2549.3627335,
2024-03-17 06:30:00+00:00,0.6188,0.6218,0.6218,0.6194,5393.6,0.62045,3346.45912,5393.6,3346.45912,
2024-03-17 06:35:00+00:00,0.6152,0.6188,0.6188,0.6152,835.02,0.617,515.20734,835.02,515.20734,
2024-03-17 06:40:00+00:00,0.6128,0.6166,0.6158,0.6158,10466.48,0.61525,6439.50182,10466.48,6439.50182,
2024-03-17 06:45:00+00:00,0.6133,0.6164,0.6164,0.6134,3135.4,0.614875,1927.879075,3135.4,1927.879075,
2024-03-17 06:50:00+00:00,0.611,0.6134,0.6134,0.6127,22642.77,0.612625,13871.52697125,22642.77,13871.52697125,
2024-03-17 06:55:00+00:00,0.6084,0.6128,0.6128,0.6092,28366.27,0.6108,17326.117716,28366.27,17326.117716,
2024-03-17 07:00:00+00:00,0.6078,0.613,0.6082,0.6119,38515.81,0.610225,23503.31015725,38515.81,23503.31015725,
2024-03-17 07:05:00+00:00,0.6078,0.6125,0.6122,0.6078,31434.67,0.610075,19177.50630025,31434.67,19177.50630025,
2024-03-17 07:10:00+00:00,0.6032,0.6087,0.6087,0.6053,24548.96,0.606475,14888.330516,24548.96,14888.330516,
2024-03-17 07:15:00+00:00,0.599,0.6054,0.6054,0.5996,36240.32,0.60235,21829.356752,36240.32,21829.356752,
2024-03-17 07:20:00+00:00,0.5927,0.6001,0.5998,0.5973,22368.88,0.597475,13364.846578,22368.88,13364.846578,
2024-03-17 07:25:00+00:00,0.5974,0.6068,0.5978,0.6044,31259.75,0.6016,18805.8656,31259.75,18805.8656,
2024-03-17 07:30:00+00:00,0.6036,0.6081,0.6045,0.6036,16932.79,0.60495,10243.4913105,16932.79,10243.4913105,
2024-03-17 07:35:00+00:00,0.5994,0.6032,0.6032,0.6023,11560.48,0.602025,6959.697972,11560.48,6959.697972,
2024-03-17 07:40:00+00:00,0.6014,0.6043,0.602,0.6042,1054.44,0.602975,635.800959,1054.44,635.800959,
2024-03-17 07:45:00+00:00,0.6032,0.6113,0.604,0.6112,6563.02,0.607425,3986.5424235,6563.02,3986.5424235,
2024-03-17 07:50:00+00:00,0.6104,0.613,0.6116,0.6126,11662.42,0.6119,7136.234798,11662.42,7136.234798,
2024-03-17 07:55:00+00:00,0.6122,0.6148,0.6133,0.6127,9112.58,0.61325,5588.289685,9112.58,5588.289685,
2024-03-17 08:00:00+00:00,0.6124,0.6159,0.6124,0.6134,7164.34,0.613525,4395.5016985,7164.34,4395.5016985,
2024-03-17 08:05:00+00:00,0.6104,0.6146,0.6133,0.6104,39844.72,0.612175,24391.941466,39844.72,24391.941466,
2024-03-17 08:10:00+00:00,0.6095,0.6116,0.6099,0.6101,8768.4,0.610275,5351.13531,8768.4,5351.13531,
2024-03-17 08:15:00+00:00,0.6098,0.6128,0.611,0.6106,6608.29,0.61105,4037.9956045,6608.29,4037.9956045,
2024-03-17 08:20:00+00:00,0.6104,0.617,0.6104,0.6158,13787.73,0.6134,8457.393582,13787.73,8457.393582,
2024-03-17 08:25:00+00:00,0.6164,0.6206,0.6164,0.6201,13201.01,0.618375,8163.17455875,13201.01,8163.17455875,
2024-03-17 08:30:00+00:00,0.6194,0.6248,0.6201,0.6248,6831.67,0.622275,4251.17744925,6831.67,4251.17744925,
2024-03-17 08:35:00+00:00,0.6236,0.6291,0.6254,0.6284,19830.85,0.626625,12426.50638125,19830.85,12426.50638125,
2024-03-17 08:40:00+00:00,0.6264,0.6292,0.6284,0.6292,999.4,0.6283,627.92302,999.4,627.92302,
2024-03-17 08:45:00+00:00,0.6254,0.6289,0.6289,0.626,5659.9,0.6273,3550.45527,5659.9,3550.45527,
2024-03-17 08:50:00+00:00,0.6266,0.629,0.6266,0.629,23878.58,0.6278,14990.972524,23878.58,14990.972524,
2024-03-17 08:55:00+00:00,0.6274,0.6302,0.6291,0.6277,20710.02,0.6286,13018.318572,20710.02,13018.318572,
2024-03-17 09:00:00+00:00,0.6254,0.629,0.6284,0.6254,1865.88,0.62705,1170.000054,1865.88,1170.000054,
2024-03-17 09:05:00+00:00,0.626,0.6284,0.626,0.6277,25754.43,0.627025,16148.67147075,25754.43,16148.67147075,
2024-03-17 09:10:00+00:00,0.6281,0.6308,0.6281,0.6302,6350.6,0.6293,3996.43258,6350.6,3996.43258,
2024-03-17 09:15:00+00:00,0.6306,0.6326,0.6308,0.6309,2845.37,0.631225,1796.06867825,2845.37,1796.06867825,
2024-03-17 09:20:00+00:00,0.6287,0.6309,0.6308,0.6295,714.55,0.629975,450.14863625,714.55,450.14863625,
2024-03-17 09:25:00+00:00,0.6288,0.6308,0.629,0.6306,2125.3,0.6298,1338.51394,2125.3,1338.51394,
2024-03-17 09:30:00+00:00,0.6284,0.6315,0.6305,0.6302,8126.12,0.63015,5120.674518,8126.12,5120.674518,
2024-03-17 09:35:00+00:00,0.6296,0.6314,0.6308,0.6314,4167.82,0.6308,2629.060856,4167.82,2629.060856,
2024-03-17 09:40:00+00:00,0.6276,0.6313,0.6313,0.6276,4174.76,0.62945,2627.802682,4174.76,2627.802682,
2024-03-17 09:45:00+00:00,0.626,0.6286,0.628,0.6286,1926.94,0.6278,1209.732932,1926.94,1209.732932,
2024-03-17 09:50:00+00:00,0.628,0.6305,0.628,0.6285,5484.38,0.62875,3448.303925,5484.38,3448.303925,
2024-03-17 09:55:00+00:00,0.6279,0.629,0.629,0.6289,443.69,0.6287,278.947903,443.69,278.947903,
2024-03-17 10:00:00+00:00,0.6287,0.6308,0.6287,0.6297,7553.57,0.629475,4754.78347575,7553.57,4754.78347575,
2024-03-17 10:05:00+00:00,0.6296,0.6322,0.6296,0.6322,1782.59,0.6309,1124.636031,1782.59,1124.636031,
2024-03-17 10:10:00+00:00,0.6313,0.6347,0.6326,0.6316,11223.47,0.63255,7099.4059485,11223.47,7099.4059485,
2024-03-17 10:15:00+00:00,0.6312,0.6356,0.6312,0.6356,8037.89,0.6334,5091.199526,8037.89,5091.199526,
2024-03-17 10:20:00+00:00,0.6352,0.6374,0.6352,0.6374,6021.26,0.6363,3831.327738,6021.26,3831.327738,
2024-03-17 10:25:00+00:00,0.6374,0.6386,0.638,0.6374,6691.53,0.63785,4268.1924105,6691.53,4268.1924105,
2024-03-17 10:30:00+00:00,0.6361,0.6386,0.6376,0.6367,21572.36,0.63725,13746.98641,21572.36,13746.98641,
2024-03-17 10:35:00+00:00,0.633,0.6374,0.6374,0.633,506.91,0.6352,321.989232,506.91,321.989232,
2024-03-17 10:40:00+00:00,0.6327,0.6338,0.6332,0.6327,4282.15,0.6331,2711.029165,4282.15,2711.029165,
2024-03-17 10:45:00+00:00,0.6319,0.6342,0.6336,0.6338,9672.35,0.633375,6126.22468125,9672.35,6126.22468125,
2024-03-17 10:50:00+00:00,0.6338,0.635,0.6338,0.6344,1225.83,0.63425,777.4826775,1225.83,777.4826775,
2024-03-17 10:55:00+00:00,0.6338,0.6356,0.634,0.6356,463.14,0.63475,293.978115,463.14,293.978115,
2024-03-17 11:00:00+00:00,0.635,0.6362,0.635,0.6362,15426.08,0.6356,9804.816448,15426.08,9804.816448,
2024-03-17 11:05:00+00:00,0.6344,0.638,0.6356,0.638,2772.19,0.6365,1764.498935,2772.19,1764.498935,
2024-03-17 11:10:00+00:00,0.6368,0.6386,0.6384,0.6386,2456.95,0.6381,1567.779795,2456.95,1567.779795,
2024-03-17 11:15:00+00:00,0.6348,0.6383,0.6383,0.6348,3161.19,0.63655,2012.2554945,3161.19,2012.2554945,
2024-03-17 11:20:00+00:00,0.6345,0.6356,0.6346,0.6356,10256.8,0.635075,6513.83726,10256.8,6513.83726,
2024-03-17 11:25:00+00:00,0.6338,0.6358,0.6354,0.635,285.96,0.635,181.5846,285.96,181.5846,
2024-03-17 11:30:00+00:00,0.6326,0.6344,0.6344,0.6336,2997.38,0.63375,1899.589575,2997.38,1899.589575,
2024-03-17 11:35:00+00:00,0.6336,0.6349,0.6341,0.6344,545.41,0.63425,345.9262925,545.41,345.9262925,
2024-03-17 11:40:00+00:00,0.6326,0.6345,0.6345,0.6332,276.06,0.6337,174.939222,276.06,174.939222,
2024-03-17 11:45:00+00:00,0.631,0.6331,0.6326,0.6331,1724.27,0.63245,1090.5145615,1724.27,1090.5145615,
2024-03-17 11:50:00+00:00,0.6332,0.6344,0.6332,0.6339,1523.3,0.633675,965.2771275,1523.3,965.2771275,
2024-03-17 11:55:00+00:00,0.6314,0.6326,0.6326,0.6314,458.73,0.632,289.91736,458.73,289.91736,
2024-03-17 12:00:00+00:00,0.632,0.6344,0.632,0.634,820.65,0.6331,519.553515,820.65,519.553515,
2024-03-17 12:05:00+00:00,0.6344,0.6368,0.6344,0.636,2286.05,0.6354,1452.55617,2286.05,1452.55617,
2024-03-17 12:10:00+00:00,0.635,0.6374,0.6356,0.635,5214.67,0.63575,3315.2264525,5214.67,3315.2264525,
2024-03-17 12:15:00+00:00,0.6326,0.6353,0.635,0.6326,10984.33,0.633875,6962.69217875,10984.33,6962.69217875,
2024-03-17 12:20:00+00:00,0.6306,0.632,0.632,0.6306,3791.83,0.6313,2393.782279,3791.83,2393.782279,
2024-03-17 12:25:00+00:00,0.6285,0.6302,0.6302,0.6285,2199.48,0.62935,1384.242738,2199.48,1384.242738,
2024-03-17 12:30:00+00:00,0.6281,0.6296,0.6296,0.629,5407.9,0.629075,3401.9746925,5407.9,3401.9746925,
2024-03-17 12:35:00+00:00,0.6283,0.6302,0.6302,0.6296,424.73,0.629575,267.39938975,424.73,267.39938975,
2024-03-17 12:40:00+00:00,0.6278,0.6302,0.6296,0.6278,3914.75,0.62885,2461.7905375,3914.75,2461.7905375,
2024-03-17 12:45:00+00:00,0.6254,0.6278,0.6278,0.626,1256.02,0.62675,787.210535,1256.02,787.210535,
2024-03-17 12:50:00+00:00,0.6226,0.626,0.6254,0.623,8750.37,0.62425,5462.4184725,8750.37,5462.4184725,
2024-03-17 12:55:00+00:00,0.6211,0.6238,0.6236,0.6238,8031.06,0.623075,5003.9527095,8031.06,5003.9527095,
2024-03-17 13:00:00+00:00,0.6242,0.6314,0.6242,0.629,11510.08,0.6272,7219.122176,11510.08,7219.122176,
2024-03-17 13:05:00+00:00,0.6296,0.6308,0.6296,0.6308,3621.0,0.6302,2281.9542,3621.0,2281.9542,
2024-03-17 13:10:00+00:00,0.6294,0.6323,0.6308,0.6302,3747.38,0.630675,2363.3788815,3747.38,2363.3788815,
2024-03-17 13:15:00+00:00,0.6308,0.6347,0.6308,0.6338,1313.92,0.632525,831.087248,1313.92,831.087248,
2024-03-17 13:20:00+00:00,0.6307,0.6338,0.6332,0.632,14246.64,0.632425,9009.931302,14246.64,9009.931302,
2024-03-17 13:25:00+00:00,0.63,0.6326,0.6326,0.6308,3199.94,0.6315,2020.76211,3199.94,2020.76211,
2024-03-17 13:30:00+00:00,0.6297,0.6326,0.6309,0.632,1291.86,0.6313,815.551218,1291.86,815.551218,
2024-03-17 13:35:00+00:00,0.6302,0.632,0.6314,0.6308,4697.72,0.6311,2964.731092,4697.72,2964.731092,
2024-03-17 13:40:00+00:00,0.6305,0.632,0.6309,0.631,3607.28,0.6311,2276.554408,3607.28,2276.554408,
2024-03-17 13:45:00+00:00,0.6302,0.6332,0.632,0.6326,1624.98,0.632,1026.98736,1624.98,1026.98736,
2024-03-17 13:50:00+00:00,0.6326,0.6352,0.6332,0.6349,1255.96,0.633975,796.247241,1255.96,796.247241,
2024-03-17 13:55:00+00:00,0.6326,0.6344,0.6344,0.6334,3008.69,0.6337,1906.606853,3008.69,1906.606853,
2024-03-17 14:00:00+00:00,0.631,0.6345,0.6335,0.631,2886.76,0.6325,1825.8757,2886.76,1825.8757,
2024-03-17 14:05:00+00:00,0.6294,0.6311,0.6311,0.6296,1670.86,0.6303,1053.143058,1670.86,1053.143058,
2024-03-17 14:10:00+00:00,0.6302,0.6326,0.6302,0.6326,304.84,0.6314,192.475976,304.84,192.475976,
2024-03-17 14:15:00+00:00,0.6326,0.6344,0.6332,0.6344,3857.23,0.63365,2444.1337895,3857.23,2444.1337895,
2024-03-17 14:20:00+00:00,0.6338,0.6372,0.6338,0.6372,1121.64,0.6355,712.80222,1121.64,712.80222,
2024-03-17 14:25:00+00:00,0.6373,0.6393,0.6374,0.6393,6555.25,0.638325,4184.37995625,6555.25,4184.37995625,
2024-03-17 14:30:00+00:00,0.6374,0.6403,0.6394,0.6379,4834.73,0.63875,3088.1837875,4834.73,3088.1837875,
2024-03-17 14:35:00+00:00,0.6361,0.6392,0.6376,0.6392,3101.38,0.638025,1978.7579745,3101.38,1978.7579745,
2024-03-17 14:40:00+00:00,0.6367,0.6398,0.6384,0.6391,6153.39,0.6385,3928.939515,6153.39,3928.939515,
2024-03-17 14:45:00+00:00,0.6371,0.639,0.6389,0.6371,13376.88,0.638025,8534.783862,13376.88,8534.783862,
2024-03-17 14:50:00+00:00,0.6345,0.6374,0.6368,0.6358,4044.32,0.636125,2572.69306,4044.32,2572.69306,
2024-03-17 14:55:00+00:00,0.6368,0.6403,0.6368,0.6401,8961.4,0.6385,5721.8539,8961.4,5721.8539,
2024-03-17 15:00:00+00:00,0.6376,0.6402,0.6397,0.6383,12941.39,0.63895,8268.9011405,12941.39,8268.9011405,
2024-03-17 15:05:00+00:00,0.6356,0.6378,0.6375,0.6356,4799.78,0.636625,3055.6599425,4799.78,3055.6599425,
2024-03-17 15:10:00+00:00,0.6356,0.6374,0.6362,0.6374,219.95,0.63665,140.0311675,219.95,140.0311675,
2024-03-17 15:15:00+00:00,0.6356,0.6368,0.6368,0.6362,1098.16,0.63635,698.814116,1098.16,698.814116,
2024-03-17 15:20:00+00:00,0.636,0.6395,0.6374,0.6395,5746.2,0.6381,3666.65022,5746.2,3666.65022,
2024-03-17 15:25:00+00:00,0.638,0.6398,0.639,0.6397,3979.07,0.639125,2543.12311375,3979.07,2543.12311375,
2024-03-17 15:30:00+00:00,0.6394,0.6434,0.6399,0.6424,11415.68,0.641275,7320.590192,11415.68,7320.590192,
2024-03-17 15:35:00+00:00,0.6428,0.6447,0.6431,0.6442,9136.69,0.6437,5881.287353,9136.69,5881.287353,
2024-03-17 15:40:00+00:00,0.6438,0.6458,0.644,0.6446,9313.91,0.64455,6003.2806905,9313.91,6003.2806905,
2024-03-17 15:45:00+00:00,0.6435,0.646,0.6441,0.644,22834.33,0.6444,14714.442252,22834.33,14714.442252,
2024-03-17 15:50:00+00:00,0.6427,0.6445,0.6434,0.6441,14249.88,0.643675,9172.291509,14249.88,9172.291509,
2024-03-17 15:55:00+00:00,0.6422,0.6452,0.6435,0.6434,21161.18,0.643575,13618.8064185,21161.18,13618.8064185,
2024-03-17 16:00:00+00:00,0.6416,0.6462,0.6421,0.6443,24973.29,0.64355,16071.5607795,24973.29,16071.5607795,
2024-03-17 16:05:00+00:00,0.6436,0.6466,0.6445,0.6444,22859.85,0.644775,14739.45978375,22859.85,14739.45978375,
2024-03-17 16:10:00+00:00,0.641,0.6447,0.6447,0.642,18894.92,0.6431,12151.323052,18894.92,12151.323052,
2024-03-17 16:15:00+00:00,0.6389,0.6416,0.6416,0.6416,6165.14,0.640925,3951.3923545,6165.14,3951.3923545,
2024-03-17 16:20:00+00:00,0.641,0.6434,0.6416,0.6427,967.2,0.642175,621.11166,967.2,621.11166,
2024-03-17 16:25:00+00:00,0.6428,0.6441,0.6434,0.6441,1672.65,0.6436,1076.51754,1672.65,1076.51754,
2024-03-17 16:30:00+00:00,0.6432,0.6447,0.6446,0.6441,3329.29,0.64415,2144.5621535,3329.29,2144.5621535,
2024-03-17 16:35:00+00:00,0.6446,0.6464,0.6448,0.6461,5697.3,0.645475,3677.4647175,5697.3,3677.4647175,
2024-03-17 16:40:00+00:00,0.644,0.6466,0.6465,0.6442,9867.31,0.645325,6367.62182575,9867.31,6367.62182575,
2024-03-17 16:45:00+00:00,0.6405,0.6434,0.6434,0.6422,20014.07,0.642375,12856.53821625,20014.07,12856.53821625,
2024-03-17 16:50:00+00:00,0.6398,0.6416,0.6416,0.641,1414.01,0.641,906.38041,1414.01,906.38041,
2024-03-17 16:55:00+00:00,0.6411,0.6423,0.6416,0.6412,2057.57,0.64155,1320.0340335,2057.57,1320.0340335,
2024-03-17 17:00:00+00:00,0.6404,0.6428,0.6417,0.6419,3086.0,0.6417,1980.2862,3086.0,1980.2862,
2024-03-17 17:05:00+00:00,0.6405,0.6431,0.6429,0.6427,5634.37,0.6423,3618.955851,5634.37,3618.955851,
2024-03-17 17:10:00+00:00,0.6422,0.6436,0.6423,0.6425,1508.22,0.64265,969.257583,1508.22,969.257583,
2024-03-17 17:15:00+00:00,0.6404,0.6435,0.6424,0.6435,3420.79,0.64245,2197.6865355,3420.79,2197.6865355,
2024-03-17 17:20:00+00:00,0.6424,0.6443,0.6428,0.644,10752.93,0.643375,6918.16633875,10752.93,6918.16633875,
2024-03-17 17:25:00+00:00,0.644,0.6458,0.644,0.6458,990.02,0.6449,638.463898,990.02,638.463898,
2024-03-17 17:30:00+00:00,0.6416,0.6458,0.6458,0.642,800.19,0.6438,515.162322,800.19,515.162322,
2024-03-17 17:35:00+00:00,0.6423,0.6436,0.6423,0.6429,2466.26,0.642775,1585.2502715,2466.26,1585.2502715,
2024-03-17 17:40:00+00:00,0.6422,0.645,0.6434,0.645,13731.15,0.6439,8841.487485,13731.15,8841.487485,
2024-03-17 17:45:00+00:00,0.644,0.6464,0.6443,0.6464,9695.39,0.645275,6256.19278225,9695.39,6256.19278225,
2024-03-17 17:50:00+00:00,0.6442,0.6483,0.6466,0.6481,8933.1,0.6468,5777.92908,8933.1,5777.92908,
2024-03-17 17:55:00+00:00,0.6475,0.6493,0.6476,0.6491,3614.76,0.648375,2343.720015,3614.76,2343.720015,
2024-03-17 18:00:00+00:00,0.6447,0.6482,0.6482,0.6447,4315.22,0.64645,2789.573969,4315.22,2789.573969,
2024-03-17 18:05:00+00:00,0.6443,0.6488,0.645,0.6476,3751.83,0.646425,2425.27670775,3751.83,2425.27670775,
2024-03-17 18:10:00+00:00,0.6464,0.649,0.6482,0.6464,7078.19,0.6475,4583.128025,7078.19,4583.128025,
2024-03-17 18:15:00+00:00,0.6458,0.6479,0.6458,0.6458,10867.43,0.646325,7023.89169475,10867.43,7023.89169475,
2024-03-17 18:20:00+00:00,0.644,0.6464,0.6464,0.6446,23534.72,0.64535,15188.131552,23534.72,15188.131552,
2024-03-17 18:25:00+00:00,0.6441,0.6455,0.6452,0.6447,21641.86,0.644875,13956.2944675,21641.86,13956.2944675,
2024-03-17 18:30:00+00:00,0.6438,0.6446,0.6446,0.6438,711.66,0.6442,458.451372,711.66,458.451372,
2024-03-17 18:35:00+00:00,0.6434,0.6458,0.6434,0.6444,279.12,0.64425,179.82306,279.12,179.82306,
2024-03-17 18:40:00+00:00,0.6449,0.6462,0.6452,0.6454,2152.2,0.645425,1389.083685,2152.2,1389.083685,
2024-03-17 18:45:00+00:00,0.644,0.6458,0.6458,0.6446,278.26,0.64505,179.491613,278.26,179.491613,
2024-03-17 18:50:00+00:00,0.6438,0.6452,0.6452,0.6444,1858.1,0.64465,1197.824165,1858.1,1197.824165,
2024-03-17 18:55:00+00:00,0.644,0.6456,0.6441,0.6453,1393.91,0.64475,898.7234725,1393.91,898.7234725,
2024-03-17 19:00:00+00:00,0.6446,0.6466,0.6454,0.6446,1396.05,0.6453,900.871065,1396.05,900.871065,
2024-03-17 19:05:00+00:00,0.6435,0.6449,0.6449,0.644,2049.73,0.644325,1320.69228225,2049.73,1320.69228225,
2024-03-17 19:10:00+00:00,0.6446,0.6468,0.6446,0.6467,607.3,0.645675,392.1184275,607.3,392.1184275,
2024-03-17 19:15:00+00:00,0.6466,0.6477,0.6468,0.6466,2214.57,0.646925,1432.66069725,2214.57,1432.66069725,
2024-03-17 19:20:00+00:00,0.6458,0.6473,0.6469,0.6473,4673.54,0.646825,3022.9625105,4673.54,3022.9625105,
2024-03-17 19:25:00+00:00,0.6462,0.6474,0.6474,0.6463,1190.35,0.646825,769.94813875,1190.35,769.94813875,
2024-03-17 19:30:00+00:00,0.647,0.6492,0.647,0.6485,8147.22,0.647925,5278.7875185,8147.22,5278.7875185,
2024-03-17 19:35:00+00:00,0.647,0.6493,0.6492,0.6478,10936.25,0.648325,7090.24428125,10936.25,7090.24428125,
2024-03-17 19:40:00+00:00,0.6479,0.6488,0.6479,0.6487,3893.62,0.648325,2524.3311865,3893.62,2524.3311865,
2024-03-17 19:45:00+00:00,0.6482,0.6491,0.6491,0.6488,1536.72,0.6488,997.023936,1536.72,997.023936,
2024-03-17 19:50:00+00:00,0.6473,0.6484,0.6482,0.6475,5248.55,0.64785,3400.2731175,5248.55,3400.2731175,
2024-03-17 19:55:00+00:00,0.6479,0.6496,0.6479,0.6492,8458.36,0.64865,5486.515214,8458.36,5486.515214,
2024-03-17 20:00:00+00:00,0.6481,0.6494,0.6491,0.6493,12878.35,0.648975,8357.72719125,12878.35,8357.72719125,
2024-03-17 20:05:00+00:00,0.6491,0.65,0.6497,0.6493,17496.88,0.649525,11364.660982,17496.88,11364.660982,
2024-03-17 20:10:00+00:00,0.6491,0.6506,0.6493,0.6503,18001.78,0.649825,11698.0066885,18001.78,11698.0066885,
2024-03-17 20:15:00+00:00,0.6475,0.6504,0.6504,0.6476,6025.56,0.648975,3910.437801,6025.56,3910.437801,
2024-03-17 20:20:00+00:00,0.647,0.6479,0.6473,0.647,7125.21,0.6473,4612.148433,7125.21,4612.148433,
2024-03-17 20:25:00+00:00,0.6462,0.6484,0.6476,0.647,1321.18,0.6473,855.199814,1321.18,855.199814,
2024-03-17 20:30:00+00:00,0.646,0.6483,0.6476,0.647,1441.53,0.647225,932.99425425,1441.53,932.99425425,
2024-03-17 20:35:00+00:00,0.6474,0.6484,0.6476,0.6476,1625.36,0.64775,1052.82694,1625.36,1052.82694,
2024-03-17 20:40:00+00:00,0.6463,0.6485,0.6479,0.6481,18654.81,0.6477,12082.720437,18654.81,12082.720437,
2024-03-17 20:45:00+00:00,0.646,0.648,0.6476,0.6468,8791.95,0.6471,5689.270845,8791.95,5689.270845,
2024-03-17 20:50:00+00:00,0.6457,0.6462,0.6462,0.6457,658.85,0.64595,425.5841575,658.85,425.5841575,
2024-03-17 20:55:00+00:00,0.6447,0.6457,0.6457,0.6451,6679.57,0.6453,4310.326521,6679.57,4310.326521,
2024-03-17 21:00:00+00:00,0.6454,0.6464,0.6457,0.6462,12071.1,0.645925,7797.0252675,12071.1,7797.0252675,
2024-03-17 21:05:00+00:00,0.6461,0.6466,0.6462,0.6461,1830.56,0.64625,1182.9994,1830.56,1182.9994,
2024-03-17 21:10:00+00:00,0.6454,0.6459,0.6458,0.6459,2203.6,0.64575,1422.9747,2203.6,1422.9747,
2024-03-17 21:15:00+00:00,0.6446,0.646,0.646,0.6446,212.99,0.6453,137.442447,212.99,137.442447,
2024-03-17 21:20:00+00:00,0.6443,0.6464,0.6447,0.6458,3249.36,0.6453,2096.812008,3249.36,2096.812008,
2024-03-17 21:25:00+00:00,0.6457,0.6464,0.6457,0.6463,56.84,0.646025,36.720061,56.84,36.720061,
2024-03-17 21:30:00+00:00,0.6464,0.6476,0.6467,0.6472,929.02,0.646975,601.0527145,929.02,601.0527145,
2024-03-17 21:35:00+00:00,0.647,0.6474,0.6471,0.6471,575.54,0.64715,372.460711,575.54,372.460711,
2024-03-17 21:40:00+00:00,0.6455,0.6473,0.6473,0.6462,3678.15,0.646575,2378.19983625,3678.15,2378.19983625,
2024-03-17 21:45:00+00:00,0.6459,0.6464,0.6459,0.6459,10.01,0.646025,6.46671025,10.01,6.46671025,
2024-03-17 21:50:00+00:00,0.6458,0.6475,0.6464,0.6458,1937.74,0.646375,1252.5066925,1937.74,1252.5066925,
2024-03-17 21:55:00+00:00,0.646,0.6485,0.6461,0.6485,814.82,0.647275,527.4126155,814.82,527.4126155,
2024-03-17 22:00:00+00:00,0.648,0.6494,0.6488,0.6492,1160.02,0.64885,752.678977,1160.02,752.678977,
2024-03-17 22:05:00+00:00,0.65,0.6515,0.65,0.6515,473.09,0.65075,307.8633175,473.09,307.8633175,
2024-03-17 22:10:00+00:00,0.6512,0.652,0.6518,0.6519,3321.41,0.651725,2164.64593225,3321.41,2164.64593225,
2024-03-17 22:15:00+00:00,0.65,0.6515,0.6515,0.6503,1597.7,0.650825,1039.8231025,1597.7,1039.8231025,
2024-03-17 22:20:00+00:00,0.6507,0.6521,0.6509,0.6512,8279.65,0.651225,5391.91507125,8279.65,5391.91507125,
2024-03-17 22:25:00+00:00,0.6511,0.6529,0.6512,0.6529,1885.56,0.652025,1229.432259,1885.56,1229.432259,
2024-03-17 22:30:00+00:00,0.653,0.6543,0.653,0.6543,5847.6,0.65365,3822.28374,5847.6,3822.28374,
2024-03-17 22:35:00+00:00,0.654,0.6563,0.654,0.6563,35089.89,0.65515,22989.1414335,35089.89,22989.1414335,
2024-03-17 22:40:00+00:00,0.6552,0.6573,0.6563,0.6573,8232.31,0.656525,5404.71732275,8232.31,5404.71732275,
2024-03-17 22:45:00+00:00,0.6528,0.6563,0.6563,0.6528,3485.11,0.65455,2281.1787505,3485.11,2281.1787505,
2024-03-17 22:50:00+00:00,0.6522,0.6542,0.6529,0.6522,2443.53,0.652875,1595.31964875,2443.53,1595.31964875,
2024-03-17 22:55:00+00:00,0.6492,0.6527,0.6527,0.6492,7137.04,0.65095,4645.856188,7137.04,4645.856188,
2024-03-17 23:00:00+00:00,0.6494,0.6514,0.65,0.6503,2113.19,0.650275,1374.15462725,2113.19,1374.15462725,
2024-03-17 23:05:00+00:00,0.6481,0.6505,0.65,0.6481,2034.21,0.649175,1320.55827675,2034.21,1320.55827675,
2024-03-17 23:10:00+00:00,0.6482,0.65,0.6488,0.65,1081.46,0.64925,702.137905,1081.46,702.137905,
2024-03-17 23:15:00+00:00,0.6485,0.6501,0.6494,0.6493,628.75,0.649325,408.26309375,628.75,408.26309375,
2024-03-17 23:20:00+00:00,0.647,0.649,0.6488,0.6475,3086.9,0.648075,2000.5427175,3086.9,2000.5427175,
2024-03-17 23:25:00+00:00,0.6461,0.6471,0.6471,0.647,941.97,0.646825,609.28974525,941.97,609.28974525,
2024-03-17 23:30:00+00:00,0.646,0.6482,0.6476,0.6463,5032.76,0.647025,3256.321539,5032.76,3256.321539,
2024-03-17 23:35:00+00:00,0.6454,0.6472,0.6464,0.6466,5288.04,0.6464,3418.189056,5288.04,3418.189056,
2024-03-17 23:40:00+00:00,0.646,0.6469,0.6463,0.6464,7288.7,0.6464,4711.41568,7288.7,4711.41568,
2024-03-17 23:45:00+00:00,0.647,0.6482,0.647,0.6473,33316.92,0.647375,21568.541085,33316.92,21568.541085,
2024-03-17 23:50:00+00:00,0.6481,0.65,0.6482,0.65,49577.8,0.649075,32179.710535,49577.8,32179.710535,
2024-03-17 23:55:00+00:00,0.6487,0.6506,0.65,0.6492,16866.35,0.649625,10956.80261875,16866.35,10956.80261875,
2024-03-18 00:00:00+00:00,0.6446,0.6484,0.6484,0.6449,11433.07,0.646575,7392.33723525,11433.07,7392.33723525,
2024-03-18 00:05:00+00:00,0.6408,0.6448,0.6448,0.6411,4246.37,0.642875,2729.88511375,4246.37,2729.88511375,
2024-03-18 00:10:00+00:00,0.6386,0.6408,0.6408,0.6386,3692.16,0.6397,2361.874752,3692.16,2361.874752,
2024-03-18 00:15:00+00:00,0.6378,0.6422,0.6384,0.6416,14600.7,0.64,9344.448,14600.7,9344.448,
2024-03-18 00:20:00+00:00,0.6415,0.6428,0.6417,0.6417,686.06,0.641925,440.3990655,686.06,440.3990655,
2024-03-18 00:25:00+00:00,0.6394,0.641,0.641,0.6398,8410.09,0.6403,5384.980627,8410.09,5384.980627,
2024-03-18 00:30:00+00:00,0.638,0.6401,0.6396,0.638,24702.98,0.638925,15783.3514965,24702.98,15783.3514965,
2024-03-18 00:35:00+00:00,0.632,0.6379,0.6378,0.6322,41847.28,0.634975,26571.976618,41847.28,26571.976618,
2024-03-18 00:40:00+00:00,0.632,0.6352,0.6326,0.634,654.33,0.63345,414.4853385,654.33,414.4853385,
2024-03-18 00:45:00+00:00,0.6301,0.6332,0.6332,0.6322,7637.05,0.632175,4827.95208375,7637.05,4827.95208375,
2024-03-18 00:50:00+00:00,0.6298,0.6322,0.6322,0.6313,4428.34,0.631375,2795.9431675,4428.34,2795.9431675,
2024-03-18 00:55:00+00:00,0.6281,0.632,0.632,0.6281,43219.49,0.63005,27230.4396745,43219.49,27230.4396745,
2024-03-18 01:00:00+00:00,0.6234,0.629,0.6278,0.6234,6120.36,0.6259,3830.733324,6120.36,3830.733324,
2024-03-18 01:05:00+00:00,0.6224,0.626,0.624,0.6252,12506.8,0.6244,7809.24592,12506.8,7809.24592,
2024-03-18 01:10:00+00:00,0.6259,0.632,0.6259,0.632,14929.62,0.62895,9389.984499,14929.62,9389.984499,
2024-03-18 01:15:00+00:00,0.632,0.6347,0.632,0.6334,3405.07,0.633025,2155.49443675,3405.07,2155.49443675,
2024-03-18 01:20:00+00:00,0.6344,0.6373,0.6344,0.6373,5723.99,0.63585,3639.5990415,5723.99,3639.5990415,
2024-03-18 01:25:00+00:00,0.6332,0.6364,0.6363,0.6335,1044.89,0.63485,663.3484165,1044.89,663.3484165,
2024-03-18 01:30:00+00:00,0.6328,0.6369,0.6332,0.6369,986.59,0.63495,626.4353205,986.59,626.4353205,
2024-03-18 01:35:00+00:00,0.6356,0.6379,0.6371,0.6357,7429.66,0.636575,4729.5358145,7429.66,4729.5358145,
2024-03-18 01:40:00+00:00,0.6354,0.638,0.6362,0.6374,44134.46,0.63675,28102.617405,44134.46,28102.617405,
2024-03-18 01:45:00+00:00,0.6373,0.6403,0.638,0.6401,17093.56,0.638925,10921.502823,17093.56,10921.502823,
2024-03-18 01:50:00+00:00,0.6399,0.6427,0.6399,0.6423,73733.44,0.6412,47277.881728,73733.44,47277.881728,
2024-03-18 01:55:00+00:00,0.6398,0.6416,0.6416,0.6401,3491.35,0.640775,2237.16979625,3491.35,2237.16979625,
2024-03-18 02:00:00+00:00,0.6381,0.6396,0.6396,0.6387,2136.56,0.639,1365.26184,2136.56,1365.26184,
2024-03-18 02:05:00+00:00,0.6381,0.641,0.6381,0.641,1059.37,0.63955,677.5200835,1059.37,677.5200835,
2024-03-18 02:10:00+00:00,0.641,0.6428,0.6416,0.6422,19383.21,0.6419,12442.082499,19383.21,12442.082499,
2024-03-18 02:15:00+00:00,0.6397,0.6422,0.6422,0.6402,540.09,0.641075,346.23819675,540.09,346.23819675,
2024-03-18 02:20:00+00:00,0.6382,0.6404,0.6404,0.639,444.96,0.6395,284.55192,444.96,284.55192,
2024-03-18 02:25:00+00:00,0.6378,0.6392,0.6386,0.6378,4100.65,0.63835,2617.6499275,4100.65,2617.6499275,
2024-03-18 02:30:00+00:00,0.6365,0.6386,0.6386,0.6365,7555.87,0.63755,4817.2449185,7555.87,4817.2449185,
2024-03-18 02:35:00+00:00,0.6359,0.6376,0.6372,0.6376,4778.94,0.637075,3044.5432005,4778.94,3044.5432005,
2024-03-18 02:40:00+00:00,0.6377,0.6408,0.6377,0.6408,7505.26,0.63925,4797.737455,7505.26,4797.737455,
2024-03-18 02:45:00+00:00,0.6398,0.6446,0.6398,0.6446,4301.16,0.6422,2762.204952,4301.16,2762.204952,
2024-03-18 02:50:00+00:00,0.643,0.6458,0.6443,0.643,3541.93,0.644025,2281.09146825,3541.93,2281.09146825,
2024-03-18 02:55:00+00:00,0.6408,0.6428,0.6428,0.6417,5112.54,0.642025,3282.3784935,5112.54,3282.3784935,
2024-03-18 03:00:00+00:00,0.641,0.6428,0.6411,0.6428,903.21,0.641925,579.79307925,903.21,579.79307925,
2024-03-18 03:05:00+00:00,0.641,0.6434,0.6429,0.641,1456.47,0.642075,935.16297525,1456.47,935.16297525,
2024-03-18 03:10:00+00:00,0.6404,0.6422,0.6412,0.6422,1369.25,0.6415,878.373875,1369.25,878.373875,
2024-03-18 03:15:00+00:00,0.6422,0.643,0.6428,0.6426,3602.4,0.64265,2315.08236,3602.4,2315.08236,
2024-03-18 03:20:00+00:00,0.6405,0.6426,0.6426,0.6409,397.83,0.64165,255.2676195,397.83,255.2676195,
2024-03-18 03:25:00+00:00,0.6396,0.6404,0.6404,0.6396,1600.95,0.64,1024.608,1600.95,1024.608,
2024-03-18 03:30:00+00:00,0.6384,0.6406,0.6404,0.6394,3500.48,0.6397,2239.257056,3500.48,2239.257056,
2024-03-18 03:35:00+00:00,0.6387,0.6404,0.6387,0.6396,2107.21,0.63935,1347.2447135,2107.21,1347.2447135,
2024-03-18 03:40:00+00:00,0.6394,0.6404,0.6398,0.6404,6918.66,0.64,4427.9424,6918.66,4427.9424,
2024-03-18 03:45:00+00:00,0.639,0.6416,0.64,0.6415,4980.47,0.640525,3190.11554675,4980.47,3190.11554675,
2024-03-18 03:50:00+00:00,0.64,0.6416,0.641,0.6404,2891.65,0.64075,1852.8247375,2891.65,1852.8247375,
2024-03-18 03:55:00+00:00,0.6381,0.6398,0.6398,0.6381,5153.87,0.63895,3293.0652365,5153.87,3293.0652365,
2024-03-18 04:00:00+00:00,0.6366,0.6383,0.6383,0.6366,4303.75,0.63745,2743.4254375,4303.75,2743.4254375,
2024-03-18 04:05:00+00:00,0.6344,0.6363,0.6362,0.6345,5012.44,0.63535,3184.653754,5012.44,3184.653754,
2024-03-18 04:10:00+00:00,0.6326,0.6341,0.6338,0.6329,2727.91,0.63335,1727.7217985,2727.91,1727.7217985,
2024-03-18 04:15:00+00:00,0.6332,0.6344,0.6332,0.6344,601.93,0.6338,381.503234,601.93,381.503234,
2024-03-18 04:20:00+00:00,0.6347,0.6368,0.635,0.6367,3987.07,0.6358,2534.979106,3987.07,2534.979106,
2024-03-18 04:25:00+00:00,0.6366,0.6382,0.6366,0.6374,3986.5,0.6372,2540.1978,3986.5,2540.1978,
2024-03-18 04:30:00+00:00,0.6374,0.6398,0.638,0.6392,7203.94,0.6386,4600.436084,7203.94,4600.436084,
2024-03-18 04:35:00+00:00,0.6398,0.6422,0.6398,0.6416,678.1,0.64085,434.560385,678.1,434.560385,
2024-03-18 04:40:00+00:00,0.6422,0.645,0.6422,0.645,6193.93,0.6436,3986.413348,6193.93,3986.413348,
2024-03-18 04:45:00+00:00,0.6452,0.6468,0.6452,0.6458,1111.92,0.64575,718.02234,1111.92,718.02234,
2024-03-18 04:50:00+00:00,0.645,0.6464,0.6452,0.6453,25909.22,0.645475,16723.7537795,25909.22,16723.7537795,
2024-03-18 04:55:00+00:00,0.6445,0.6465,0.6459,0.6458,5789.25,0.645675,3737.97399375,5789.25,3737.97399375,
2024-03-18 05:00:00+00:00,0.644,0.6463,0.6463,0.6443,565.35,0.645225,364.77795375,565.35,364.77795375,
2024-03-18 05:05:00+00:00,0.6422,0.644,0.6434,0.644,1301.75,0.6434,837.54595,1301.75,837.54595,
2024-03-18 05:10:00+00:00,0.6446,0.6465,0.6446,0.6463,8277.35,0.6455,5343.029425,8277.35,5343.029425,
2024-03-18 05:15:00+00:00,0.6452,0.6466,0.6465,0.6452,1877.18,0.645875,1212.4236325,1877.18,1212.4236325,
2024-03-18 05:20:00+00:00,0.6456,0.6477,0.6458,0.647,13051.58,0.646525,8438.1727595,13051.58,8438.1727595,
2024-03-18 05:25:00+00:00,0.6471,0.6501,0.6471,0.6501,3873.31,0.6486,2512.228866,3873.31,2512.228866,
2024-03-18 05:30:00+00:00,0.6494,0.6512,0.6494,0.6512,407.82,0.6503,265.205346,407.82,265.205346,
2024-03-18 05:35:00+00:00,0.6513,0.6527,0.6513,0.6523,1945.77,0.6519,1268.447463,1945.77,1268.447463,
2024-03-18 05:40:00+00:00,0.6505,0.6532,0.6528,0.6509,7007.05,0.65185,4567.5455425,7007.05,4567.5455425,
2024-03-18 05:45:00+00:00,0.6495,0.6502,0.65,0.6502,839.91,0.649975,545.92050225,839.91,545.92050225,
2024-03-18 05:50:00+00:00,0.6507,0.6514,0.6507,0.6511,1051.89,0.650975,684.75409275,1051.89,684.75409275,
2024-03-18 05:55:00+00:00,0.6502,0.6514,0.6512,0.6508,174.59,0.6509,113.640631,174.59,113.640631,
2024-03-18 06:00:00+00:00,0.65,0.6507,0.6506,0.6501,352.04,0.65035,228.949214,352.04,228.949214,
2024-03-18 06:05:00+00:00,0.648,0.6495,0.6494,0.6485,979.38,0.64885,635.470713,979.38,635.470713,
2024-03-18 06:10:00+00:00,0.6482,0.6494,0.6488,0.6489,15332.85,0.648825,9948.33640125,15332.85,9948.33640125,
2024-03-18 06:15:00+00:00,0.6466,0.6493,0.6482,0.6466,38379.49,0.647675,24857.43618575,38379.49,24857.43618575,
2024-03-18 06:20:00+00:00,0.6463,0.648,0.6464,0.648,838.02,0.647175,542.3455935,838.02,542.3455935,
2024-03-18 06:25:00+00:00,0.6463,0.6479,0.6479,0.6463,2187.0,0.6471,1415.2077,2187.0,1415.2077,
2024-03-18 06:30:00+00:00,0.6458,0.6476,0.6458,0.6468,13357.98,0.6465,8635.93407,13357.98,8635.93407,
2024-03-18 06:35:00+00:00,0.6467,0.6476,0.6475,0.6467,2288.01,0.647125,1480.62847125,2288.01,1480.62847125,
2024-03-18 06:40:00+00:00,0.6464,0.65,0.6464,0.65,3389.48,0.6482,2197.060936,3389.48,2197.060936,
2024-03-18 06:45:00+00:00,0.6498,0.6517,0.6499,0.6504,3585.65,0.65045,2332.2860425,3585.65,2332.2860425,
2024-03-18 06:50:00+00:00,0.6469,0.65,0.65,0.6469,1158.62,0.64845,751.307139,1158.62,751.307139,
2024-03-18 06:55:00+00:00,0.6462,0.6476,0.6469,0.6462,1355.28,0.646725,876.493458,1355.28,876.493458,
2024-03-18 07:00:00+00:00,0.6448,0.6462,0.6462,0.6448,2428.56,0.6455,1567.63548,2428.56,1567.63548,
2024-03-18 07:05:00+00:00,0.6446,0.646,0.6451,0.646,122.58,0.645425,79.1161965,122.58,79.1161965,
2024-03-18 07:10:00+00:00,0.644,0.6458,0.6452,0.6458,6167.2,0.6452,3979.07744,6167.2,3979.07744,
2024-03-18 07:15:00+00:00,0.6421,0.6456,0.6456,0.6421,3483.74,0.64385,2243.005999,3483.74,2243.005999,
2024-03-18 07:20:00+00:00,0.64,0.6419,0.6418,0.641,5023.13,0.641175,3220.70537775,5023.13,3220.70537775,
2024-03-18 07:25:00+00:00,0.6397,0.6416,0.6416,0.6409,1143.4,0.64095,732.86223,1143.4,732.86223,
2024-03-18 07:30:00+00:00,0.6398,0.6431,0.64,0.6429,5511.98,0.64145,3535.659571,5511.98,3535.659571,
2024-03-18 07:35:00+00:00,0.6423,0.644,0.6434,0.6429,1332.65,0.64315,857.0938475,1332.65,857.0938475,
2024-03-18 07:40:00+00:00,0.6414,0.6425,0.6422,0.6425,786.95,0.64215,505.3399425,786.95,505.3399425,
2024-03-18 07:45:00+00:00,0.6416,0.6428,0.6416,0.6422,2730.57,0.64205,1753.1624685,2730.57,1753.1624685,
2024-03-18 07:50:00+00:00,0.6428,0.6441,0.6428,0.6434,575.88,0.643275,370.449207,575.88,370.449207,
2024-03-18 07:55:00+00:00,0.6428,0.644,0.643,0.6433,1674.66,0.643275,1077.2669115,1674.66,1077.2669115,
2024-03-18 08:00:00+00:00,0.6404,0.6429,0.6429,0.6404,3570.27,0.64165,2290.8637455,3570.27,2290.8637455,
2024-03-18 08:05:00+00:00,0.6374,0.64,0.64,0.638,2631.96,0.63885,1681.427646,2631.96,1681.427646,
2024-03-18 08:10:00+00:00,0.635,0.6377,0.6374,0.6355,1780.93,0.6364,1133.383852,1780.93,1133.383852,
2024-03-18 08:15:00+00:00,0.6342,0.6362,0.6356,0.6342,960.92,0.63505,610.232246,960.92,610.232246,
2024-03-18 08:20:00+00:00,0.6298,0.6338,0.6338,0.6298,7562.83,0.6318,4778.195994,7562.83,4778.195994,
2024-03-18 08:25:00+00:00,0.6272,0.6296,0.6296,0.6296,1292.19,0.629,812.78751,1292.19,812.78751,
2024-03-18 08:30:00+00:00,0.629,0.6332,0.629,0.6326,624.76,0.63095,394.192322,624.76,394.192322,
2024-03-18 08:35:00+00:00,0.6308,0.6338,0.6332,0.6326,11008.61,0.6326,6964.046686,11008.61,6964.046686,
2024-03-18 08:40:00+00:00,0.6308,0.632,0.632,0.6314,163.49,0.63155,103.2521095,163.49,103.2521095,
2024-03-18 08:45:00+00:00,0.632,0.6341,0.632,0.6335,1100.5,0.6329,696.50645,1100.5,696.50645,
2024-03-18 08:50:00+00:00,0.6344,0.638,0.6344,0.635,5123.63,0.63545,3255.8106835,5123.63,3255.8106835,
2024-03-18 08:55:00+00:00,0.6356,0.6364,0.6356,0.6363,2010.41,0.635975,1278.57049975,2010.41,1278.57049975,
2024-03-18 09:00:00+00:00,0.6323,0.6368,0.6368,0.6332,8235.04,0.634775,5227.397516,8235.04,5227.397516,
2024-03-18 09:05:00+00:00,0.6295,0.6338,0.6338,0.6295,11094.96,0.63165,7008.131484,11094.96,7008.131484,
2024-03-18 09:10:00+00:00,0.6296,0.631,0.6304,0.6302,2138.93,0.6303,1348.167579,2138.93,1348.167579,
2024-03-18 09:15:00+00:00,0.6308,0.6326,0.6308,0.6326,3005.88,0.6317,1898.814396,3005.88,1898.814396,
2024-03-18 09:20:00+00:00,0.6332,0.6344,0.6332,0.6336,1534.19,0.6336,972.062784,1534.19,972.062784,
2024-03-18 09:25:00+00:00,0.6338,0.6356,0.6338,0.635,438.9,0.63455,278.503995,438.9,278.503995,
2024-03-18 09:30:00+00:00,0.6322,0.6356,0.6356,0.6327,894.44,0.634025,567.097321,894.44,567.097321,
2024-03-18 09:35:00+00:00,0.6322,0.6356,0.6323,0.6338,2732.44,0.633475,1730.932429,2732.44,1730.932429,
2024-03-18 09:40:00+00:00,0.6293,0.6332,0.6332,0.6312,1639.81,0.631725,1035.90897225,1639.81,1035.90897225,
2024-03-18 09:45:00+00:00,0.6294,0.6332,0.6302,0.6296,2144.73,0.6306,1352.466738,2144.73,1352.466738,
2024-03-18 09:50:00+00:00,0.6272,0.629,0.629,0.6272,539.55,0.6281,338.891355,539.55,338.891355,
2024-03-18 09:55:00+00:00,0.6272,0.6296,0.6272,0.6296,3803.13,0.6284,2389.886892,3803.13,2389.886892,
2024-03-18 10:00:00+00:00,0.6302,0.632,0.6302,0.6303,413.55,0.630675,260.81564625,413.55,260.81564625,
2024-03-18 10:05:00+00:00,0.6272,0.6297,0.6296,0.6297,2797.89,0.62905,1760.0127045,2797.89,1760.0127045,
2024-03-18 10:10:00+00:00,0.6255,0.6301,0.6295,0.627,22944.81,0.628025,14409.91430025,22944.81,14409.91430025,
2024-03-18 10:15:00+00:00,0.6272,0.6314,0.6278,0.6314,1138.08,0.62945,716.364456,1138.08,716.364456,
2024-03-18 10:20:00+00:00,0.6305,0.6326,0.6317,0.632,3538.5,0.6317,2235.27045,3538.5,2235.27045,
2024-03-18 10:25:00+00:00,0.6313,0.6332,0.6319,0.6314,2729.81,0.63195,1725.1034295,2729.81,1725.1034295,
2024-03-18 10:30:00+00:00,0.6314,0.6345,0.6318,0.6331,36756.57,0.6327,23255.881839,36756.57,23255.881839,
2024-03-18 10:35:00+00:00,0.6338,0.6351,0.6344,0.635,13163.33,0.634575,8353.12013475,13163.33,8353.12013475,
2024-03-18 10:40:00+00:00,0.6344,0.6358,0.6356,0.635,2624.1,0.6352,1666.82832,2624.1,1666.82832,
2024-03-18 10:45:00+00:00,0.6333,0.6359,0.6344,0.6359,1935.74,0.634875,1228.9529325,1935.74,1228.9529325,
2024-03-18 10:50:00+00:00,0.6354,0.6368,0.6354,0.6367,2538.8,0.636075,1614.86721,2538.8,1614.86721,
2024-03-18 10:55:00+00:00,0.6357,0.6374,0.6374,0.6364,2947.03,0.636725,1876.44767675,2947.03,1876.44767675,
2024-03-18 11:00:00+00:00,0.635,0.6374,0.6368,0.6356,1883.03,0.6362,1197.983686,1883.03,1197.983686,
2024-03-18 11:05:00+00:00,0.6358,0.6368,0.6358,0.6362,993.6,0.63615,632.07864,993.6,632.07864,
2024-03-18 11:10:00+00:00,0.6356,0.638,0.6356,0.6377,6100.02,0.636725,3884.0352345,6100.02,3884.0352345,
2024-03-18 11:15:00+00:00,0.6382,0.6398,0.6382,0.6398,18011.56,0.639,11509.38684,18011.56,11509.38684,
2024-03-18 11:20:00+00:00,0.6396,0.641,0.6398,0.6404,12575.28,0.6402,8050.694256,12575.28,8050.694256,
2024-03-18 11:25:00+00:00,0.641,0.644,0.641,0.6438,4425.92,0.64245,2843.432304,4425.92,2843.432304,
2024-03-18 11:30:00+00:00,0.6431,0.6446,0.6437,0.644,5274.85,0.64385,3396.2121725,5274.85,3396.2121725,
2024-03-18 11:35:00+00:00,0.6423,0.6443,0.6436,0.6423,5375.79,0.643125,3457.30494375,5375.79,3457.30494375,
2024-03-18 11:40:00+00:00,0.642,0.6434,0.6428,0.6434,2145.76,0.6429,1379.509104,2145.76,1379.509104,
2024-03-18 11:45:00+00:00,0.6399,0.644,0.644,0.6403,6677.79,0.64205,4287.4750695,6677.79,4287.4750695,
2024-03-18 11:50:00+00:00,0.6398,0.641,0.641,0.6403,3442.38,0.640525,2204.9304495,3442.38,2204.9304495,
2024-03-18 11:55:00+00:00,0.6386,0.6398,0.6398,0.6387,964.33,0.639225,616.42384425,964.33,616.42384425,
2024-03-18 12:00:00+00:00,0.6374,0.64,0.638,0.6383,4183.77,0.638425,2671.02336225,4183.77,2671.02336225,
2024-03-18 12:05:00+00:00,0.638,0.6398,0.638,0.6398,419.56,0.6389,268.056884,419.56,268.056884,
2024-03-18 12:10:00+00:00,0.638,0.6416,0.6399,0.638,35249.46,0.639375,22537.6234875,35249.46,22537.6234875,
2024-03-18 12:15:00+00:00,0.6338,0.638,0.638,0.6338,3950.21,0.6359,2511.938539,3950.21,2511.938539,
2024-03-18 12:20:00+00:00,0.6332,0.635,0.6333,0.6344,1102.12,0.633975,698.716527,1102.12,698.716527,
2024-03-18 12:25:00+00:00,0.6348,0.6356,0.635,0.6348,4033.54,0.63505,2561.499577,4033.54,2561.499577,
2024-03-18 12:30:00+00:00,0.6338,0.6348,0.6344,0.6343,560.4,0.634325,355.47573,560.4,355.47573,
2024-03-18 12:35:00+00:00,0.634,0.6374,0.634,0.6374,22857.49,0.6357,14530.506393,22857.49,14530.506393,
2024-03-18 12:40:00+00:00,0.6338,0.6374,0.6374,0.6339,3442.69,0.635625,2188.25983125,3442.69,2188.25983125,
2024-03-18 12:45:00+00:00,0.6323,0.6348,0.6344,0.6344,15811.43,0.633975,10024.05133425,15811.43,10024.05133425,
2024-03-18 12:50:00+00:00,0.6344,0.6377,0.6346,0.6377,3366.73,0.6361,2141.576953,3366.73,2141.576953,
2024-03-18 12:55:00+00:00,0.6364,0.638,0.6377,0.6371,3570.92,0.6373,2275.747316,3570.92,2275.747316,
2024-03-18 13:00:00+00:00,0.6344,0.6394,0.638,0.6344,6672.08,0.63655,4247.112524,6672.08,4247.112524,
2024-03-18 13:05:00+00:00,0.6323,0.635,0.6343,0.6336,1311.29,0.6338,831.095602,1311.29,831.095602,
2024-03-18 13:10:00+00:00,0.632,0.635,0.634,0.632,1552.01,0.63325,982.8103325,1552.01,982.8103325,
2024-03-18 13:15:00+00:00,0.6284,0.6332,0.6314,0.6296,6055.76,0.63065,3819.065044,6055.76,3819.065044,
2024-03-18 13:20:00+00:00,0.6248,0.629,0.629,0.6248,9739.11,0.6269,6105.448059,9739.11,6105.448059,
2024-03-18 13:25:00+00:00,0.6221,0.626,0.6254,0.626,13376.4,0.624875,8358.57795,13376.4,8358.57795,
2024-03-18 13:30:00+00:00,0.6253,0.6333,0.6254,0.6333,14062.97,0.629325,8850.17859525,14062.97,8850.17859525,
2024-03-18 13:35:00+00:00,0.6299,0.6338,0.6321,0.6299,8528.64,0.631425,5385.196512,8528.64,5385.196512,
2024-03-18 13:40:00+00:00,0.6234,0.6308,0.6304,0.6234,18044.88,0.627,11314.13976,18044.88,11314.13976,
2024-03-18 13:45:00+00:00,0.6178,0.6251,0.6242,0.6201,30989.53,0.6218,19269.289754,30989.53,19269.289754,
2024-03-18 13:50:00+00:00,0.6206,0.6242,0.6206,0.6222,18506.44,0.6219,11509.155036,18506.44,11509.155036,
2024-03-18 13:55:00+00:00,0.62,0.623,0.6227,0.6212,6138.43,0.621725,3816.41539175,6138.43,3816.41539175,
2024-03-18 14:00:00+00:00,0.6174,0.6224,0.6218,0.62,1938.4,0.6204,1202.58336,1938.4,1202.58336,
2024-03-18 14:05:00+00:00,0.6173,0.62,0.6194,0.6192,10694.16,0.618975,6619.417686,10694.16,6619.417686,
2024-03-18 14:10:00+00:00,0.6193,0.6237,0.6194,0.6236,3599.32,0.6215,2236.97738,3599.32,2236.97738,
2024-03-18 14:15:00+00:00,0.62,0.6254,0.623,0.6205,6209.99,0.622225,3864.01102775,6209.99,3864.01102775,
2024-03-18 14:20:00+00:00,0.6181,0.6205,0.62,0.6188,5788.0,0.61935,3584.7978,5788.0,3584.7978,
2024-03-18 14:25:00+00:00,0.6181,0.6206,0.6195,0.6188,5661.72,0.61925,3506.02011,5661.72,3506.02011,
2024-03-18 14:30:00+00:00,0.6091,0.6191,0.6188,0.6104,67410.64,0.61435,41413.726684,67410.64,41413.726684,
2024-03-18 14:35:00+00:00,0.6089,0.6128,0.6103,0.6107,21866.74,0.610675,13353.4714495,21866.74,13353.4714495,
2024-03-18 14:40:00+00:00,0.608,0.6128,0.6109,0.6086,26206.76,0.610075,15988.089107,26206.76,15988.089107,
2024-03-18 14:45:00+00:00,0.6077,0.6122,0.6084,0.6111,7708.97,0.60985,4701.3153545,7708.97,4701.3153545,
2024-03-18 14:50:00+00:00,0.6055,0.6116,0.6104,0.6069,31103.68,0.6086,18929.699648,31103.68,18929.699648,
2024-03-18 14:55:00+00:00,0.606,0.6112,0.6071,0.6107,51552.51,0.60875,31382.5904625,51552.51,31382.5904625,
2024-03-18 15:00:00+00:00,0.6098,0.6136,0.6106,0.61,16416.94,0.611,10030.75034,16416.94,10030.75034,
2024-03-18 15:05:00+00:00,0.6071,0.6104,0.61,0.6083,11008.08,0.60895,6703.370316,11008.08,6703.370316,
2024-03-18 15:10:00+00:00,0.608,0.6104,0.6091,0.6086,10686.84,0.609025,6508.552731,10686.84,6508.552731,
2024-03-18 15:15:00+00:00,0.6062,0.61,0.6085,0.6062,13760.83,0.607725,8362.80041175,13760.83,8362.80041175,
2024-03-18 15:20:00+00:00,0.6051,0.6104,0.6066,0.6098,1828.08,0.607975,1111.426938,1828.08,1111.426938,
2024-03-18 15:25:00+00:00,0.61,0.6128,0.6104,0.612,5588.64,0.6113,3416.335632,5588.64,3416.335632,
2024-03-18 15:30:00+00:00,0.6116,0.6134,0.6121,0.6133,3709.19,0.6126,2272.249794,3709.19,2272.249794,
2024-03-18 15:35:00+00:00,0.6138,0.6179,0.6139,0.6179,2929.51,0.615875,1804.21197125,2929.51,1804.21197125,
2024-03-18 15:40:00+00:00,0.6158,0.6182,0.617,0.6173,1234.77,0.617075,761.94569775,1234.77,761.94569775,
2024-03-18 15:45:00+00:00,0.6146,0.617,0.6167,0.6152,2689.64,0.615875,1656.482035,2689.64,1656.482035,
2024-03-18 15:50:00+00:00,0.6158,0.6179,0.6158,0.617,5308.06,0.616625,3273.0824975,5308.06,3273.0824975,
2024-03-18 15:55:00+00:00,0.6154,0.6168,0.6164,0.6168,1056.27,0.61635,651.0320145,1056.27,651.0320145,
2024-03-18 16:00:00+00:00,0.6128,0.617,0.6167,0.6128,2278.65,0.614825,1400.97098625,2278.65,1400.97098625,
2024-03-18 16:05:00+00:00,0.6123,0.6152,0.6123,0.6149,8636.76,0.613675,5300.163693,8636.76,5300.163693,
2024-03-18 16:10:00+00:00,0.6134,0.6155,0.614,0.6155,2216.53,0.6146,1362.279338,2216.53,1362.279338,
2024-03-18 16:15:00+00:00,0.6155,0.6229,0.6155,0.6228,16189.78,0.619175,10024.3070315,16189.78,10024.3070315,
2024-03-18 16:20:00+00:00,0.6206,0.6234,0.623,0.6212,1852.72,0.62205,1152.484476,1852.72,1152.484476,
2024-03-18 16:25:00+00:00,0.6195,0.6212,0.6206,0.6202,11056.31,0.620375,6859.05831625,11056.31,6859.05831625,
2024-03-18 16:30:00+00:00,0.6174,0.6206,0.62,0.6182,2968.22,0.61905,1837.476591,2968.22,1837.476591,
2024-03-18 16:35:00+00:00,0.6186,0.621,0.6186,0.6203,48372.33,0.619625,29972.70497625,48372.33,29972.70497625,
2024-03-18 16:40:00+00:00,0.6193,0.6216,0.6203,0.6193,34593.21,0.620125,21452.11435125,34593.21,21452.11435125,
2024-03-18 16:45:00+00:00,0.6128,0.6195,0.6195,0.6128,8859.19,0.61615,5458.5899185,8859.19,5458.5899185,
2024-03-18 16:50:00+00:00,0.6074,0.6128,0.6128,0.6074,6818.52,0.6101,4159.979052,6818.52,4159.979052,
2024-03-18 16:55:00+00:00,0.6061,0.6087,0.6072,0.6087,23068.28,0.607675,14018.017049,23068.28,14018.017049,
2024-03-18 17:00:00+00:00,0.6032,0.6098,0.6092,0.6032,22671.53,0.60635,13746.8822155,22671.53,13746.8822155,
2024-03-18 17:05:00+00:00,0.5994,0.6038,0.6032,0.6026,29886.23,0.60225,17998.9820175,29886.23,17998.9820175,
2024-03-18 17:10:00+00:00,0.6026,0.6059,0.6026,0.6046,11461.5,0.603925,6921.8863875,11461.5,6921.8863875,
2024-03-18 17:15:00+00:00,0.605,0.611,0.605,0.6092,2124.05,0.60755,1290.4665775,2124.05,1290.4665775,
2024-03-18 17:20:00+00:00,0.6027,0.6092,0.6092,0.6027,12817.57,0.60595,7766.8065415,12817.57,7766.8065415,
2024-03-18 17:25:00+00:00,0.602,0.6065,0.6026,0.6062,258757.05,0.604325,156373.35424125,258757.05,156373.35424125,
2024-03-18 17:30:00+00:00,0.6044,0.6098,0.6067,0.6089,11903.66,0.60745,7230.878267,11903.66,7230.878267,
2024-03-18 17:35:00+00:00,0.6062,0.6097,0.6086,0.6068,79585.55,0.607825,48374.08692875,79585.55,48374.08692875,
2024-03-18 17:40:00+00:00,0.6011,0.6066,0.6066,0.6051,48985.52,0.60485,29628.891772,48985.52,29628.891772,
2024-03-18 17:45:00+00:00,0.605,0.6083,0.6056,0.6062,12455.58,0.606275,7551.5067645,12455.58,7551.5067645,
2024-03-18 17:50:00+00:00,0.6062,0.6105,0.6062,0.6091,17895.3,0.608,10880.3424,17895.3,10880.3424,
2024-03-18 17:55:00+00:00,0.6089,0.6116,0.6098,0.6089,2840.47,0.6098,1732.118606,2840.47,1732.118606,
2024-03-18 18:00:00+00:00,0.6074,0.6098,0.6086,0.608,13613.95,0.60845,8283.4078775,13613.95,8283.4078775,
2024-03-18 18:05:00+00:00,0.6064,0.6115,0.6086,0.6112,84641.48,0.609425,51582.633949,84641.48,51582.633949,
2024-03-18 18:10:00+00:00,0.6102,0.6135,0.6106,0.612,13648.6,0.611575,8347.142545,13648.6,8347.142545,
2024-03-18 18:15:00+00:00,0.6093,0.6116,0.6115,0.6104,15137.69,0.6107,9244.587283,15137.69,9244.587283,
2024-03-18 18:20:00+00:00,0.608,0.61,0.6096,0.6087,4182.34,0.609075,2547.3587355,4182.34,2547.3587355,
2024-03-18 18:25:00+00:00,0.6068,0.6097,0.6092,0.6085,16032.27,0.60855,9756.4379085,16032.27,9756.4379085,
2024-03-18 18:30:00+00:00,0.6072,0.6094,0.6078,0.608,2015.34,0.6081,1225.528254,2015.34,1225.528254,
2024-03-18 18:35:00+00:00,0.6044,0.6078,0.6078,0.6051,4639.46,0.606275,2812.7886115,4639.46,2812.7886115,
2024-03-18 18:40:00+00:00,0.604,0.6058,0.6049,0.6042,4659.81,0.604725,2817.90360225,4659.81,2817.90360225,
2024-03-18 18:45:00+00:00,0.6038,0.6069,0.6038,0.6062,3127.16,0.605175,1892.479053,3127.16,1892.479053,
2024-03-18 18:50:00+00:00,0.6042,0.608,0.6056,0.6044,2117.25,0.60555,1282.1007375,2117.25,1282.1007375,
2024-03-18 18:55:00+00:00,0.6018,0.6047,0.604,0.6026,7827.24,0.603275,4721.978211,7827.24,4721.978211,
2024-03-18 19:00:00+00:00,0.6006,0.6038,0.6032,0.6009,3853.97,0.602125,2320.57168625,3853.97,2320.57168625,
2024-03-18 19:05:00+00:00,0.6,0.6044,0.6012,0.6044,6574.29,0.6025,3961.009725,6574.29,3961.009725,
2024-03-18 19:10:00+00:00,0.6044,0.6068,0.605,0.6066,3121.44,0.6057,1890.656208,3121.44,1890.656208,
2024-03-18 19:15:00+00:00,0.605,0.6082,0.6074,0.6061,713.33,0.606675,432.75947775,713.33,432.75947775,
2024-03-18 19:20:00+00:00,0.6065,0.6103,0.6068,0.6101,6287.61,0.608425,3825.53911425,6287.61,3825.53911425,
2024-03-18 19:25:00+00:00,0.6104,0.6123,0.6104,0.612,21226.89,0.611275,12975.46718475,21226.89,12975.46718475,
2024-03-18 19:30:00+00:00,0.6104,0.6125,0.612,0.611,17244.69,0.611475,10544.69681775,17244.69,10544.69681775,
2024-03-18 19:35:00+00:00,0.6104,0.6122,0.6116,0.6107,3475.54,0.611225,2124.3369365,3475.54,2124.3369365,
2024-03-18 19:40:00+00:00,0.6096,0.6108,0.6104,0.61,487.78,0.6102,297.643356,487.78,297.643356,
2024-03-18 19:45:00+00:00,0.608,0.611,0.6098,0.608,2933.69,0.6092,1787.203948,2933.69,1787.203948,
2024-03-18 19:50:00+00:00,0.6027,0.6079,0.6074,0.6038,42079.15,0.60545,25476.8213675,42079.15,25476.8213675,
2024-03-18 19:55:00+00:00,0.6035,0.605,0.6044,0.6036,5360.45,0.604125,3238.38185625,5360.45,3238.38185625,
2024-03-18 20:00:00+00:00,0.6042,0.6063,0.6042,0.6063,4509.12,0.60525,2729.14488,4509.12,2729.14488,
2024-03-18 20:05:00+00:00,0.6057,0.6075,0.6057,0.6069,12155.68,0.60645,7371.812136,12155.68,7371.812136,
2024-03-18 20:10:00+00:00,0.6068,0.6082,0.6074,0.6071,11490.39,0.607375,6978.97562625,11490.39,6978.97562625,
2024-03-18 20:15:00+00:00,0.6068,0.6086,0.6074,0.6086,2665.8,0.60785,1620.40653,2665.8,1620.40653,
2024-03-18 20:20:00+00:00,0.6062,0.6092,0.6084,0.6092,3851.69,0.60825,2342.7904425,3851.69,2342.7904425,
2024-03-18 20:25:00+00:00,0.6093,0.6114,0.6093,0.611,927.79,0.61025,566.1838475,927.79,566.1838475,
2024-03-18 20:30:00+00:00,0.6098,0.6117,0.6105,0.6117,4796.3,0.610925,2930.1795775,4796.3,2930.1795775,
2024-03-18 20:35:00+00:00,0.6112,0.6133,0.6112,0.6133,9591.77,0.61225,5872.5611825,9591.77,5872.5611825,
2024-03-18 20:40:00+00:00,0.6116,0.6127,0.6127,0.6122,1023.33,0.6123,626.584959,1023.33,626.584959,
2024-03-18 20:45:00+00:00,0.6098,0.6122,0.6122,0.6116,4261.62,0.61145,2605.767549,4261.62,2605.767549,
2024-03-18 20:50:00+00:00,0.6098,0.6117,0.611,0.6098,4749.81,0.610575,2900.11524075,4749.81,2900.11524075,
2024-03-18 20:55:00+00:00,0.6101,0.6116,0.6102,0.611,286.91,0.610725,175.22310975,286.91,175.22310975,
2024-03-18 21:00:00+00:00,0.6101,0.6136,0.6107,0.6136,1121.84,0.612,686.56608,1121.84,686.56608,
2024-03-18 21:05:00+00:00,0.6135,0.6149,0.6136,0.6145,2569.19,0.614125,1577.80380875,2569.19,1577.80380875,
2024-03-18 21:10:00+00:00,0.614,0.6157,0.614,0.6152,1861.41,0.614725,1144.25526225,1861.41,1144.25526225,
2024-03-18 21:15:00+00:00,0.6158,0.6167,0.6158,0.6163,978.55,0.61615,602.9335825,978.55,602.9335825,
2024-03-18 21:20:00+00:00,0.6158,0.6179,0.6163,0.6172,2615.97,0.6168,1613.530296,2615.97,1613.530296,
2024-03-18 21:25:00+00:00,0.6174,0.6188,0.6176,0.6182,2134.15,0.618,1318.9047,2134.15,1318.9047,
2024-03-18 21:30:00+00:00,0.6172,0.6197,0.6176,0.6176,7257.28,0.618025,4485.180472,7257.28,4485.180472,
2024-03-18 21:35:00+00:00,0.6178,0.6197,0.6181,0.6178,4048.36,0.61835,2503.303406,4048.36,2503.303406,
2024-03-18 21:40:00+00:00,0.6156,0.6184,0.6184,0.6156,676.1,0.617,417.1537,676.1,417.1537,
2024-03-18 21:45:00+00:00,0.6149,0.6157,0.6155,0.6149,176.64,0.61525,108.67776,176.64,108.67776,
2024-03-18 21:50:00+00:00,0.6147,0.6157,0.6153,0.6147,755.87,0.6151,464.935637,755.87,464.935637,
2024-03-18 21:55:00+00:00,0.614,0.6149,0.6149,0.6149,2229.65,0.614675,1370.51011375,2229.65,1370.51011375,
2024-03-18 22:00:00+00:00,0.6128,0.6145,0.6144,0.6135,4420.26,0.6138,2713.155588,4420.26,2713.155588,
2024-03-18 22:05:00+00:00,0.6128,0.6146,0.6128,0.6145,314.48,0.613675,192.988514,314.48,192.988514,
2024-03-18 22:10:00+00:00,0.6144,0.6159,0.6144,0.6155,2667.33,0.61505,1640.5413165,2667.33,1640.5413165,
2024-03-18 22:15:00+00:00,0.6125,0.6164,0.6158,0.6134,4737.06,0.614525,2911.0417965,4737.06,2911.0417965,
2024-03-18 22:20:00+00:00,0.6111,0.6134,0.6128,0.6115,1477.77,0.6122,904.690794,1477.77,904.690794,
2024-03-18 22:25:00+00:00,0.61,0.6112,0.611,0.611,4704.56,0.6108,2873.545248,4704.56,2873.545248,
2024-03-18 22:30:00+00:00,0.6114,0.6135,0.6114,0.6134,779.72,0.612425,477.520021,779.72,477.520021,
2024-03-18 22:35:00+00:00,0.6098,0.6128,0.6128,0.611,2504.7,0.6116,1531.87452,2504.7,1531.87452,
2024-03-18 22:40:00+00:00,0.6092,0.6116,0.6116,0.6095,2028.09,0.610475,1238.09824275,2028.09,1238.09824275,
2024-03-18 22:45:00+00:00,0.6104,0.6119,0.6104,0.6116,666.89,0.611075,407.51980675,666.89,407.51980675,
2024-03-18 22:50:00+00:00,0.6103,0.6125,0.6111,0.6125,7483.11,0.6116,4576.670076,7483.11,4576.670076,
2024-03-18 22:55:00+00:00,0.6117,0.6134,0.6122,0.6134,5605.88,0.612675,3434.582529,5605.88,3434.582529,
2024-03-18 23:00:00+00:00,0.6122,0.6146,0.6134,0.6146,677.76,0.6137,415.941312,677.76,415.941312,
2024-03-18 23:05:00+00:00,0.6152,0.6182,0.6152,0.6179,6333.6,0.616625,3905.4561,6333.6,3905.4561,
2024-03-18 23:10:00+00:00,0.6181,0.6197,0.6188,0.6188,4198.86,0.61885,2598.464511,4198.86,2598.464511,
2024-03-18 23:15:00+00:00,0.6182,0.6192,0.6192,0.6188,2223.1,0.61885,1375.765435,2223.1,1375.765435,
2024-03-18 23:20:00+00:00,0.6194,0.623,0.6194,0.6226,10576.27,0.6211,6568.921297,10576.27,6568.921297,
2024-03-18 23:25:00+00:00,0.6203,0.6224,0.6224,0.6203,6466.9,0.62135,4018.208315,6466.9,4018.208315,
2024-03-18 23:30:00+00:00,0.6182,0.6212,0.6212,0.6186,947.24,0.6198,587.099352,947.24,587.099352,
2024-03-18 23:35:00+00:00,0.6176,0.6192,0.6188,0.6188,20376.37,0.6186,12604.822482,20376.37,12604.822482,
2024-03-18 23:40:00+00:00,0.6175,0.6187,0.6186,0.6175,2948.87,0.618075,1822.62282525,2948.87,1822.62282525,
2024-03-18 23:45:00+00:00,0.6152,0.617,0.617,0.616,1002.69,0.6163,617.957847,1002.69,617.957847,
2024-03-18 23:50:00+00:00,0.6151,0.6164,0.6159,0.6158,941.04,0.6158,579.492432,941.04,579.492432,
2024-03-18 23:55:00+00:00,0.6144,0.6162,0.6162,0.6149,9178.89,0.615425,5648.91837825,9178.89,5648.91837825,
2024-03-19 00:00:00+00:00,0.6132,0.6176,0.6146,0.6176,8838.03,0.61575,5442.0169725,8838.03,5442.0169725,
2024-03-19 00:05:00+00:00,0.6142,0.618,0.617,0.6153,7688.92,0.616125,4737.335835,7688.92,4737.335835,
2024-03-19 00:10:00+00:00,0.6122,0.6146,0.6146,0.613,20985.27,0.6136,12876.561672,20985.27,12876.561672,
2024-03-19 00:15:00+00:00,0.6133,0.62,0.6134,0.62,6060.78,0.616675,3737.5315065,6060.78,3737.5315065,
2024-03-19 00:20:00+00:00,0.6153,0.6213,0.6206,0.6153,2977.9,0.618125,1840.7144375,2977.9,1840.7144375,
2024-03-19 00:25:00+00:00,0.6122,0.6152,0.6152,0.615,19774.13,0.6144,12149.225472,19774.13,12149.225472,
2024-03-19 00:30:00+00:00,0.6146,0.6188,0.6152,0.6188,10004.83,0.61685,6171.4793855,10004.83,6171.4793855,
2024-03-19 00:35:00+00:00,0.6111,0.6185,0.6182,0.6116,10824.46,0.61485,6655.419231,10824.46,6655.419231,
2024-03-19 00:40:00+00:00,0.6085,0.612,0.612,0.6099,8815.59,0.6106,5382.799254,8815.59,5382.799254,
2024-03-19 00:45:00+00:00,0.6056,0.6104,0.6096,0.606,4767.64,0.6079,2898.248356,4767.64,2898.248356,
2024-03-19 00:50:00+00:00,0.6006,0.605,0.605,0.6014,9636.26,0.603,5810.66478,9636.26,5810.66478,
2024-03-19 00:55:00+00:00,0.6005,0.6038,0.602,0.6027,1671.5,0.60225,1006.660875,1671.5,1006.660875,
2024-03-19 01:00:00+00:00,0.5982,0.6035,0.6026,0.5989,41516.08,0.6008,24942.860864,41516.08,24942.860864,
2024-03-19 01:05:00+00:00,0.593,0.5988,0.5986,0.593,9056.02,0.59585,5396.029517,9056.02,5396.029517,
2024-03-19 01:10:00+00:00,0.5914,0.5943,0.5928,0.594,29465.23,0.593125,17476.56454375,29465.23,17476.56454375,
2024-03-19 01:15:00+00:00,0.5921,0.5964,0.5943,0.5923,18652.36,0.593775,11075.305059,18652.36,11075.305059,
2024-03-19 01:20:00+00:00,0.5855,0.592,0.592,0.5905,36091.5,0.59,21293.985,36091.5,21293.985,
2024-03-19 01:25:00+00:00,0.5821,0.5897,0.5897,0.5821,13501.65,0.5859,7910.616735,13501.65,7910.616735,
2024-03-19 01:30:00+00:00,0.58,0.5879,0.5855,0.5808,26422.56,0.58355,15418.884888,26422.56,15418.884888,
2024-03-19 01:35:00+00:00,0.5783,0.5843,0.5808,0.5843,63495.32,0.581925,36949.514091,63495.32,36949.514091,
2024-03-19 01:40:00+00:00,0.5839,0.5915,0.5839,0.5903,37138.89,0.5874,21815.383986,37138.89,21815.383986,
2024-03-19 01:45:00+00:00,0.5846,0.5915,0.5909,0.5851,12529.55,0.588025,7367.68863875,12529.55,7367.68863875,
2024-03-19 01:50:00+00:00,0.5843,0.5876,0.5856,0.586,37030.97,0.585875,21695.51954875,37030.97,21695.51954875,
2024-03-19 01:55:00+00:00,0.5867,0.5903,0.5867,0.5886,7361.9,0.588075,4329.3493425,7361.9,4329.3493425,
2024-03-19 02:00:00+00:00,0.5885,0.5927,0.5897,0.5897,19584.93,0.59015,11558.0464395,19584.93,11558.0464395,
2024-03-19 02:05:00+00:00,0.5891,0.5942,0.5894,0.5933,6203.2,0.5915,3669.1928,6203.2,3669.1928,
2024-03-19 02:10:00+00:00,0.5935,0.596,0.5935,0.5958,17588.58,0.5947,10459.928526,17588.58,10459.928526,
2024-03-19 02:15:00+00:00,0.5946,0.5978,0.596,0.597,4514.33,0.59635,2692.1206955,4514.33,2692.1206955,
2024-03-19 02:20:00+00:00,0.5975,0.599,0.5978,0.5989,780.72,0.5983,467.104776,780.72,467.104776,
2024-03-19 02:25:00+00:00,0.5966,0.599,0.5986,0.5984,4105.41,0.59815,2455.6509915,4105.41,2455.6509915,
2024-03-19 02:30:00+00:00,0.5978,0.6017,0.5987,0.6017,1847.0,0.599975,1108.153825,1847.0,1108.153825,
2024-03-19 02:35:00+00:00,0.5974,0.6012,0.6008,0.599,3741.16,0.5996,2243.199536,3741.16,2243.199536,
2024-03-19 02:40:00+00:00,0.5971,0.6002,0.5996,0.5975,12078.48,0.5986,7230.178128,12078.48,7230.178128,
2024-03-19 02:45:00+00:00,0.5921,0.5966,0.5966,0.5921,9432.17,0.59435,5606.0102395,9432.17,5606.0102395,
2024-03-19 02:50:00+00:00,0.59,0.5949,0.5915,0.5938,29949.89,0.59255,17746.8073195,29949.89,17746.8073195,
2024-03-19 02:55:00+00:00,0.5909,0.5939,0.5933,0.5921,6131.22,0.59255,3633.054411,6131.22,3633.054411,
2024-03-19 03:00:00+00:00,0.5885,0.5927,0.5923,0.5917,14829.7,0.5913,8768.80161,14829.7,8768.80161,
2024-03-19 03:05:00+00:00,0.5915,0.5944,0.5921,0.5925,5635.53,0.592625,3339.75596625,5635.53,3339.75596625,
2024-03-19 03:10:00+00:00,0.5897,0.5933,0.5933,0.5915,8595.26,0.59195,5087.964157,8595.26,5087.964157,
2024-03-19 03:15:00+00:00,0.5891,0.5945,0.5913,0.5942,9519.22,0.592275,5637.9960255,9519.22,5637.9960255,
2024-03-19 03:20:00+00:00,0.59,0.5939,0.5937,0.5912,13837.03,0.5922,8194.289166,13837.03,8194.289166,
2024-03-19 03:25:00+00:00,0.5866,0.5918,0.5903,0.5866,2766.68,0.588825,1629.090351,2766.68,1629.090351,
2024-03-19 03:30:00+00:00,0.5835,0.5885,0.5861,0.5835,7793.8,0.5854,4562.49052,7793.8,4562.49052,
2024-03-19 03:35:00+00:00,0.5782,0.5853,0.5841,0.5782,12797.78,0.58145,7441.269181,12797.78,7441.269181,
2024-03-19 03:40:00+00:00,0.5764,0.581,0.5777,0.5797,11690.45,0.5787,6765.263415,11690.45,6765.263415,
2024-03-19 03:45:00+00:00,0.5808,0.5885,0.5809,0.5885,6296.24,0.584675,3681.254122,6296.24,3681.254122,
2024-03-19 03:50:00+00:00,0.5879,0.5938,0.588,0.5933,57389.49,0.59075,33902.8412175,57389.49,33902.8412175,
2024-03-19 03:55:00+00:00,0.5915,0.5938,0.5936,0.5926,6802.76,0.592875,4033.186335,6802.76,4033.186335,
2024-03-19 04:00:00+00:00,0.5907,0.5949,0.5915,0.5907,15254.27,0.59195,9029.7651265,15254.27,9029.7651265,
2024-03-19 04:05:00+00:00,0.5891,0.5954,0.5903,0.5938,2554.01,0.59215,1512.3570215,2554.01,1512.3570215,
2024-03-19 04:10:00+00:00,0.5919,0.5949,0.5943,0.5919,1522.19,0.59325,903.0392175,1522.19,903.0392175,
2024-03-19 04:15:00+00:00,0.5855,0.5916,0.5915,0.5855,11152.86,0.588525,6563.7369315,11152.86,6563.7369315,
2024-03-19 04:20:00+00:00,0.5861,0.5903,0.5865,0.5903,1476.4,0.5883,868.56612,1476.4,868.56612,
2024-03-19 04:25:00+00:00,0.5898,0.5921,0.5898,0.5918,19989.06,0.590875,11811.0358275,19989.06,11811.0358275,
2024-03-19 04:30:00+00:00,0.5921,0.5943,0.5921,0.5943,5143.76,0.5932,3051.278432,5143.76,3051.278432,
2024-03-19 04:35:00+00:00,0.5873,0.5947,0.5946,0.5879,1868.34,0.591125,1104.4224825,1868.34,1104.4224825,
2024-03-19 04:40:00+00:00,0.5843,0.5884,0.5884,0.5849,1977.59,0.5865,1159.856535,1977.59,1159.856535,
2024-03-19 04:45:00+00:00,0.581,0.5861,0.5855,0.5826,7304.73,0.5838,4264.501374,7304.73,4264.501374,
2024-03-19 04:50:00+00:00,0.5815,0.5849,0.5832,0.5836,64141.07,0.5833,37413.486131,64141.07,37413.486131,
2024-03-19 04:55:00+00:00,0.5816,0.5858,0.5832,0.5826,8998.35,0.5833,5248.737555,8998.35,5248.737555,
2024-03-19 05:00:00+00:00,0.5816,0.5867,0.5821,0.5855,8169.69,0.583975,4770.89471775,8169.69,4770.89471775,
2024-03-19 05:05:00+00:00,0.5826,0.588,0.5873,0.5826,2700.72,0.585125,1580.25879,2700.72,1580.25879,
2024-03-19 05:10:00+00:00,0.5788,0.5821,0.5821,0.5791,3151.14,0.580525,1829.3155485,3151.14,1829.3155485,
2024-03-19 05:15:00+00:00,0.5795,0.5826,0.5805,0.5805,6596.46,0.580775,3831.0590565,6596.46,3831.0590565,
2024-03-19 05:20:00+00:00,0.5805,0.5832,0.5818,0.5816,6298.91,0.581775,3664.54836525,6298.91,3664.54836525,
2024-03-19 05:25:00+00:00,0.5758,0.5816,0.5815,0.5758,5177.47,0.578675,2996.07245225,5177.47,2996.07245225,
2024-03-19 05:30:00+00:00,0.5752,0.5832,0.5761,0.5832,5456.72,0.579425,3161.759986,5456.72,3161.759986,
2024-03-19 05:35:00+00:00,0.5788,0.5837,0.5823,0.5794,3679.19,0.58105,2137.7933495,3679.19,2137.7933495,
2024-03-19 05:40:00+00:00,0.575,0.5788,0.5788,0.5758,2082.07,0.5771,1201.562597,2082.07,1201.562597,
2024-03-19 05:45:00+00:00,0.5717,0.5764,0.5752,0.5764,6326.06,0.574925,3637.0100455,6326.06,3637.0100455,
2024-03-19 05:50:00+00:00,0.5763,0.5794,0.5764,0.5782,10717.13,0.577575,6189.94635975,10717.13,6189.94635975,
2024-03-19 05:55:00+00:00,0.5788,0.581,0.5788,0.5807,1369.77,0.579825,794.22689025,1369.77,794.22689025,
2024-03-19 06:00:00+00:00,0.5782,0.5812,0.5811,0.5794,5519.01,0.579975,3200.88782475,5519.01,3200.88782475,
2024-03-19 06:05:00+00:00,0.575,0.5788,0.5788,0.5764,9628.71,0.57725,5558.1728475,9628.71,5558.1728475,
2024-03-19 06:10:00+00:00,0.5764,0.584,0.5764,0.584,10628.48,0.5802,6166.644096,10628.48,6166.644096,
2024-03-19 06:15:00+00:00,0.5805,0.5832,0.5832,0.5807,3693.49,0.5819,2149.241831,3693.49,2149.241831,
2024-03-19 06:20:00+00:00,0.5785,0.5816,0.5805,0.5816,7001.88,0.58055,4064.941434,7001.88,4064.941434,
2024-03-19 06:25:00+00:00,0.5793,0.5821,0.5811,0.58,11843.36,0.580625,6876.5509,11843.36,6876.5509,
2024-03-19 06:30:00+00:00,0.5794,0.5815,0.5805,0.5798,9852.31,0.5803,5717.295493,9852.31,5717.295493,
2024-03-19 06:35:00+00:00,0.574,0.5794,0.5794,0.5752,11264.0,0.577,6499.328,11264.0,6499.328,
2024-03-19 06:40:00+00:00,0.5707,0.5764,0.5748,0.5714,5551.8,0.573325,3182.985735,5551.8,3182.985735,
2024-03-19 06:45:00+00:00,0.5681,0.5722,0.5722,0.5691,19489.18,0.5704,11116.628272,19489.18,11116.628272,
2024-03-19 06:50:00+00:00,0.5663,0.5723,0.5687,0.5711,26199.46,0.5696,14923.212416,26199.46,14923.212416,
2024-03-19 06:55:00+00:00,0.5717,0.5745,0.5717,0.5734,11816.45,0.572825,6768.75797125,11816.45,6768.75797125,
2024-03-19 07:00:00+00:00,0.5663,0.574,0.5735,0.5669,16616.89,0.570175,9474.53525575,16616.89,9474.53525575,
2024-03-19 07:05:00+00:00,0.5638,0.5687,0.5663,0.5638,31285.86,0.56565,17696.846709,31285.86,17696.846709,
2024-03-19 07:10:00+00:00,0.5556,0.5649,0.5636,0.5556,99892.26,0.559925,55932.1736805,99892.26,55932.1736805,
2024-03-19 07:15:00+00:00,0.5502,0.5615,0.5565,0.5615,592005.45,0.557425,329998.63796625,592005.45,329998.63796625,
2024-03-19 07:20:00+00:00,0.5607,0.5668,0.5614,0.5668,28156.28,0.563925,15878.030199,28156.28,15878.030199,
2024-03-19 07:25:00+00:00,0.566,0.5704,0.5669,0.5704,20850.74,0.568425,11852.0818845,20850.74,11852.0818845,
2024-03-19 07:30:00+00:00,0.5669,0.5701,0.5696,0.5677,5713.8,0.568575,3248.723835,5713.8,3248.723835,
2024-03-19 07:35:00+00:00,0.5669,0.5717,0.5678,0.5717,2880.58,0.569525,1640.5623245,2880.58,1640.5623245,
2024-03-19 07:40:00+00:00,0.5681,0.5728,0.5722,0.5681,4948.19,0.5703,2821.952757,4948.19,2821.952757,
2024-03-19 07:45:00+00:00,0.5686,0.5743,0.5686,0.5738,9314.91,0.571325,5321.84095575,9314.91,5321.84095575,
2024-03-19 07:50:00+00:00,0.574,0.5774,0.5746,0.577,8349.48,0.57575,4807.21311,8349.48,4807.21311,
2024-03-19 07:55:00+00:00,0.576,0.5794,0.5771,0.5794,5043.23,0.577975,2914.86085925,5043.23,2914.86085925,
2024-03-19 08:00:00+00:00,0.5728,0.5782,0.5782,0.5728,15688.11,0.5755,9028.507305,15688.11,9028.507305,
2024-03-19 08:05:00+00:00,0.5723,0.5746,0.5734,0.5746,8761.25,0.573725,5026.54815625,8761.25,5026.54815625,
2024-03-19 08:10:00+00:00,0.5728,0.5764,0.574,0.5728,15343.09,0.574,8806.93366,15343.09,8806.93366,
2024-03-19 08:15:00+00:00,0.5675,0.5734,0.5734,0.568,4913.12,0.570575,2803.303444,4913.12,2803.303444,
2024-03-19 08:20:00+00:00,0.5661,0.5696,0.5681,0.567,22329.76,0.5677,12676.604752,22329.76,12676.604752,
2024-03-19 08:25:00+00:00,0.5635,0.5691,0.5675,0.5635,12807.65,0.5659,7247.849135,12807.65,7247.849135,
2024-03-19 08:30:00+00:00,0.5609,0.5701,0.5633,0.5675,7119.39,0.56545,4025.6590755,7119.39,4025.6590755,
2024-03-19 08:35:00+00:00,0.5669,0.5696,0.5693,0.5675,1503.85,0.568325,854.67555125,1503.85,854.67555125,
2024-03-19 08:40:00+00:00,0.5621,0.5663,0.5663,0.5621,11276.12,0.5642,6361.986904,11276.12,6361.986904,
2024-03-19 08:45:00+00:00,0.5569,0.5633,0.5626,0.5569,18404.07,0.559925,10304.89889475,18404.07,10304.89889475,
2024-03-19 08:50:00+00:00,0.5534,0.5604,0.5564,0.5534,34959.88,0.5559,19434.197292,34959.88,19434.197292,
2024-03-19 08:55:00+00:00,0.5528,0.5584,0.5528,0.556,39227.03,0.555,21771.00165,39227.03,21771.00165,
2024-03-19 09:00:00+00:00,0.5552,0.5619,0.5552,0.5589,11609.34,0.5578,6475.689852,11609.34,6475.689852,
2024-03-19 09:05:00+00:00,0.5499,0.5594,0.5594,0.5516,18651.91,0.555075,10353.20894325,18651.91,10353.20894325,
2024-03-19 09:10:00+00:00,0.5463,0.5594,0.5517,0.5592,49672.52,0.55415,27526.026958,49672.52,27526.026958,
2024-03-19 09:15:00+00:00,0.5579,0.5647,0.5594,0.5599,38835.67,0.560475,21766.42214325,38835.67,21766.42214325,
2024-03-19 09:20:00+00:00,0.5589,0.5647,0.5589,0.563,16008.88,0.561375,8986.98501,16008.88,8986.98501,
2024-03-19 09:25:00+00:00,0.5599,0.5645,0.5645,0.5608,3849.74,0.562425,2165.1900195,3849.74,2165.1900195,
2024-03-19 09:30:00+00:00,0.5607,0.5675,0.5608,0.5651,1464.38,0.563525,825.2147395,1464.38,825.2147395,
2024-03-19 09:35:00+00:00,0.5589,0.5669,0.5661,0.5601,5404.14,0.563,3042.53082,5404.14,3042.53082,
2024-03-19 09:40:00+00:00,0.5584,0.5621,0.5606,0.5621,13683.92,0.5608,7673.942336,13683.92,7673.942336,
2024-03-19 09:45:00+00:00,0.5599,0.5663,0.561,0.5651,7439.77,0.563075,4189.14849275,7439.77,4189.14849275,
2024-03-19 09:50:00+00:00,0.5651,0.5701,0.5651,0.5701,2596.33,0.5676,1473.676908,2596.33,1473.676908,
2024-03-19 09:55:00+00:00,0.5691,0.5717,0.5702,0.5711,10709.86,0.570525,6110.2428765,10709.86,6110.2428765,
2024-03-19 10:00:00+00:00,0.5655,0.5706,0.5706,0.5661,1500.26,0.5682,852.447732,1500.26,852.447732,
2024-03-19 10:05:00+00:00,0.5645,0.5669,0.5668,0.5655,8485.18,0.565925,4801.9754915,8485.18,4801.9754915,
2024-03-19 10:10:00+00:00,0.5621,0.5653,0.5651,0.5645,13473.47,0.56425,7602.4054475,13473.47,7602.4054475,
2024-03-19 10:15:00+00:00,0.5563,0.5637,0.5637,0.5574,9860.95,0.560275,5524.84376125,9860.95,5524.84376125,
2024-03-19 10:20:00+00:00,0.5569,0.5599,0.5577,0.5594,1443.52,0.558475,806.169832,1443.52,806.169832,
2024-03-19 10:25:00+00:00,0.5564,0.5599,0.5589,0.5564,3531.07,0.5579,1969.983953,3531.07,1969.983953,
2024-03-19 10:30:00+00:00,0.5552,0.5605,0.5558,0.5584,23587.41,0.557475,13149.39138975,23587.41,13149.39138975,
2024-03-19 10:35:00+00:00,0.5572,0.5609,0.5579,0.5572,3366.84,0.5583,1879.706772,3366.84,1879.706772,
2024-03-19 10:40:00+00:00,0.5574,0.5604,0.5579,0.5599,8014.73,0.5589,4479.432597,8014.73,4479.432597,
2024-03-19 10:45:00+00:00,0.5551,0.565,0.5592,0.565,18351.33,0.561075,10296.47247975,18351.33,10296.47247975,
2024-03-19 10:50:00+00:00,0.5621,0.5657,0.5642,0.5633,14877.22,0.563825,8388.1485665,14877.22,8388.1485665,
2024-03-19 10:55:00+00:00,0.5615,0.5648,0.564,0.5633,12453.45,0.5634,7016.27373,12453.45,7016.27373,
2024-03-19 11:00:00+00:00,0.5592,0.5645,0.5627,0.5594,12619.9,0.56145,7085.442855,12619.9,7085.442855,
2024-03-19 11:05:00+00:00,0.5564,0.5609,0.5589,0.5564,5658.95,0.55815,3158.5429425,5658.95,3158.5429425,
2024-03-19 11:10:00+00:00,0.554,0.5569,0.5565,0.5549,10844.97,0.555575,6025.19420775,10844.97,6025.19420775,
2024-03-19 11:15:00+00:00,0.5541,0.5579,0.5546,0.5579,9681.62,0.556125,5384.1909225,9681.62,5384.1909225,
2024-03-19 11:20:00+00:00,0.5545,0.5573,0.5573,0.5547,2495.06,0.55595,1387.128607,2495.06,1387.128607,
2024-03-19 11:25:00+00:00,0.5528,0.5552,0.555,0.5548,4515.83,0.55445,2503.8019435,4515.83,2503.8019435,
2024-03-19 11:30:00+00:00,0.5551,0.5639,0.5551,0.5639,13545.15,0.5595,7578.511425,13545.15,7578.511425,
2024-03-19 11:35:00+00:00,0.5609,0.5656,0.5637,0.5656,5514.97,0.56395,3110.1673315,5514.97,3110.1673315,
2024-03-19 11:40:00+00:00,0.5649,0.5686,0.5657,0.5686,6537.65,0.56695,3706.5206675,6537.65,3706.5206675,
2024-03-19 11:45:00+00:00,0.5675,0.572,0.5685,0.5718,24567.45,0.56995,14002.2181275,24567.45,14002.2181275,
2024-03-19 11:50:00+00:00,0.5714,0.5734,0.5718,0.5723,14310.53,0.572225,8188.84302925,14310.53,8188.84302925,
2024-03-19 11:55:00+00:00,0.5728,0.5758,0.5728,0.5749,7799.24,0.574075,4477.348703,7799.24,4477.348703,
2024-03-19 12:00:00+00:00,0.573,0.5782,0.575,0.5746,15865.26,0.5752,9125.697552,15865.26,9125.697552,
2024-03-19 12:05:00+00:00,0.5752,0.5809,0.5752,0.5808,11175.87,0.578025,6459.93225675,11175.87,6459.93225675,
2024-03-19 12:10:00+00:00,0.5782,0.5832,0.5803,0.5788,16691.93,0.580125,9683.40589125,16691.93,9683.40589125,
2024-03-19 12:15:00+00:00,0.5728,0.5784,0.5784,0.5728,4303.57,0.5756,2477.134892,4303.57,2477.134892,
2024-03-19 12:20:00+00:00,0.574,0.5785,0.574,0.5776,2882.89,0.576025,1660.61671225,2882.89,1660.61671225,
2024-03-19 12:25:00+00:00,0.5752,0.577,0.5768,0.5758,3542.59,0.5762,2041.240358,3542.59,2041.240358,
2024-03-19 12:30:00+00:00,0.5757,0.5806,0.5757,0.5805,11581.66,0.578125,6695.6471875,11581.66,6695.6471875,
2024-03-19 12:35:00+00:00,0.5805,0.5832,0.5809,0.5832,6231.99,0.58195,3626.7065805,6231.99,3626.7065805,
2024-03-19 12:40:00+00:00,0.5824,0.5846,0.5833,0.5844,12682.81,0.583675,7402.63912675,12682.81,7402.63912675,
2024-03-19 12:45:00+00:00,0.5796,0.5841,0.5841,0.581,5557.21,0.5822,3235.407662,5557.21,3235.407662,
2024-03-19 12:50:00+00:00,0.5805,0.5847,0.5816,0.5837,12292.55,0.582625,7161.94694375,12292.55,7161.94694375,
2024-03-19 12:55:00+00:00,0.5805,0.5837,0.5832,0.5805,7560.85,0.581975,4400.22567875,7560.85,4400.22567875,
2024-03-19 13:00:00+00:00,0.5757,0.5826,0.581,0.5759,7575.05,0.5788,4384.43894,7575.05,4384.43894,
2024-03-19 13:05:00+00:00,0.5752,0.578,0.577,0.578,25254.85,0.57705,14573.3111925,25254.85,14573.3111925,
2024-03-19 13:10:00+00:00,0.575,0.5788,0.5764,0.575,9742.18,0.5763,5614.418334,9742.18,5614.418334,
2024-03-19 13:15:00+00:00,0.5727,0.5753,0.5746,0.5742,11295.06,0.5742,6485.623452,11295.06,6485.623452,
2024-03-19 13:20:00+00:00,0.5752,0.5798,0.5752,0.5795,36915.87,0.577425,21316.14623475,36915.87,21316.14623475,
2024-03-19 13:25:00+00:00,0.5782,0.585,0.5793,0.585,42672.73,0.581875,24830.19476875,42672.73,24830.19476875,
2024-03-19 13:30:00+00:00,0.5773,0.5844,0.5843,0.5783,28163.89,0.581075,16365.33238175,28163.89,16365.33238175,
2024-03-19 13:35:00+00:00,0.5787,0.5824,0.5788,0.58,17483.92,0.579975,10140.236502,17483.92,10140.236502,
2024-03-19 13:40:00+00:00,0.5746,0.5794,0.5794,0.5758,10404.78,0.5773,6006.679494,10404.78,6006.679494,
2024-03-19 13:45:00+00:00,0.5748,0.5776,0.5757,0.5756,11654.08,0.575925,6711.876024,11654.08,6711.876024,
2024-03-19 13:50:00+00:00,0.5734,0.5786,0.5752,0.5764,95553.01,0.5759,55028.978459,95553.01,55028.978459,
2024-03-19 13:55:00+00:00,0.5766,0.5804,0.5766,0.5794,16171.67,0.57825,9351.2681775,16171.67,9351.2681775,
2024-03-19 14:00:00+00:00,0.5734,0.5791,0.5791,0.5734,4524.57,0.57625,2607.2834625,4524.57,2607.2834625,
2024-03-19 14:05:00+00:00,0.5693,0.5737,0.573,0.5693,8086.51,0.571325,4620.02532575,8086.51,4620.02532575,
2024-03-19 14:10:00+00:00,0.5684,0.5722,0.5696,0.5711,33703.92,0.570325,19222.188174,33703.92,19222.188174,
2024-03-19 14:15:00+00:00,0.5701,0.5744,0.5719,0.5717,9574.58,0.572025,5476.8991245,9574.58,5476.8991245,
2024-03-19 14:20:00+00:00,0.5691,0.5728,0.5722,0.5703,15884.83,0.5711,9071.826413,15884.83,9071.826413,
2024-03-19 14:25:00+00:00,0.5706,0.5734,0.5706,0.5734,19317.98,0.572,11049.88456,19317.98,11049.88456,
2024-03-19 14:30:00+00:00,0.5722,0.5752,0.5728,0.573,5488.99,0.5733,3146.837967,5488.99,3146.837967,
2024-03-19 14:35:00+00:00,0.573,0.5782,0.574,0.5782,6845.85,0.57585,3942.1827225,6845.85,3942.1827225,
2024-03-19 14:40:00+00:00,0.578,0.5848,0.5788,0.5839,10418.8,0.581375,6057.22985,10418.8,6057.22985,
2024-03-19 14:45:00+00:00,0.5788,0.5843,0.5841,0.5843,22980.16,0.582875,13394.56076,22980.16,13394.56076,
2024-03-19 14:50:00+00:00,0.5821,0.5853,0.5848,0.5824,7226.7,0.58365,4217.863455,7226.7,4217.863455,
2024-03-19 14:55:00+00:00,0.5812,0.5839,0.5823,0.5836,5004.25,0.58275,2916.2266875,5004.25,2916.2266875,
2024-03-19 15:00:00+00:00,0.5749,0.5826,0.5826,0.5826,111287.53,0.580675,64621.88648275,111287.53,64621.88648275,
2024-03-19 15:05:00+00:00,0.5826,0.585,0.5827,0.5827,17019.6,0.58325,9926.6817,17019.6,9926.6817,
2024-03-19 15:10:00+00:00,0.5798,0.5837,0.5821,0.5805,3367.08,0.581525,1958.041197,3367.08,1958.041197,
2024-03-19 15:15:00+00:00,0.5774,0.5847,0.58,0.5847,24679.74,0.5817,14356.204758,24679.74,14356.204758,
2024-03-19 15:20:00+00:00,0.5837,0.5867,0.5837,0.5861,5547.67,0.58505,3245.6643335,5547.67,3245.6643335,
2024-03-19 15:25:00+00:00,0.5833,0.5867,0.5855,0.5858,11863.3,0.585325,6943.8860725,11863.3,6943.8860725,
2024-03-19 15:30:00+00:00,0.5857,0.5909,0.5858,0.5904,30276.02,0.5882,17808.354964,30276.02,17808.354964,
2024-03-19 15:35:00+00:00,0.5912,0.5951,0.5915,0.5931,11798.59,0.592725,6993.31925775,11798.59,6993.31925775,
2024-03-19 15:40:00+00:00,0.5927,0.5955,0.5933,0.5949,4029.16,0.5941,2393.723956,4029.16,2393.723956,
2024-03-19 15:45:00+00:00,0.5912,0.5972,0.5949,0.5971,16678.1,0.5951,9925.13731,16678.1,9925.13731,
2024-03-19 15:50:00+00:00,0.5933,0.5971,0.5954,0.5947,14597.4,0.595125,8687.277675,14597.4,8687.277675,
2024-03-19 15:55:00+00:00,0.5933,0.5966,0.5942,0.596,26287.3,0.595025,15641.6006825,26287.3,15641.6006825,
2024-03-19 16:00:00+00:00,0.5954,0.5995,0.5954,0.5966,18102.52,0.596725,10802.226247,18102.52,10802.226247,
2024-03-19 16:05:00+00:00,0.5959,0.6005,0.5965,0.6,43092.97,0.598225,25779.29197825,43092.97,25779.29197825,
2024-03-19 16:10:00+00:00,0.5976,0.6023,0.5996,0.5978,17181.49,0.599325,10297.29649425,17181.49,10297.29649425,
2024-03-19 16:15:00+00:00,0.5929,0.5978,0.5978,0.5949,19180.56,0.59585,11428.736676,19180.56,11428.736676,
2024-03-19 16:20:00+00:00,0.5943,0.5972,0.5954,0.5969,8914.99,0.59595,5312.8882905,8914.99,5312.8882905,
2024-03-19 16:25:00+00:00,0.5952,0.5978,0.5962,0.5952,15975.61,0.5961,9523.061121,15975.61,9523.061121,
2024-03-19 16:30:00+00:00,0.5931,0.5972,0.5962,0.5949,11660.58,0.59535,6942.126303,11660.58,6942.126303,
2024-03-19 16:35:00+00:00,0.5938,0.596,0.595,0.5952,6228.74,0.595,3706.1003,6228.74,3706.1003,
2024-03-19 16:40:00+00:00,0.595,0.5997,0.5955,0.5985,7642.62,0.597175,4563.9815985,7642.62,4563.9815985,
2024-03-19 16:45:00+00:00,0.596,0.5984,0.5984,0.5978,7842.49,0.59765,4687.0641485,7842.49,4687.0641485,
2024-03-19 16:50:00+00:00,0.5983,0.6008,0.5984,0.5983,8832.36,0.59895,5290.142022,8832.36,5290.142022,
2024-03-19 16:55:00+00:00,0.5963,0.5994,0.599,0.5968,8533.81,0.597875,5102.15165375,8533.81,5102.15165375,
2024-03-19 17:00:00+00:00,0.5949,0.5996,0.5972,0.5995,3003.98,0.5978,1795.779244,3003.98,1795.779244,
2024-03-19 17:05:00+00:00,0.5978,0.6008,0.6001,0.5986,7951.73,0.599325,4765.67058225,7951.73,4765.67058225,
2024-03-19 17:10:00+00:00,0.5983,0.6016,0.5983,0.6016,5950.4,0.59995,3569.94248,5950.4,3569.94248,
2024-03-19 17:15:00+00:00,0.5989,0.6018,0.6013,0.5996,6643.06,0.6004,3988.493224,6643.06,3988.493224,
2024-03-19 17:20:00+00:00,0.6002,0.6022,0.6002,0.6012,1286.66,0.60095,773.218327,1286.66,773.218327,
2024-03-19 17:25:00+00:00,0.6016,0.6038,0.6017,0.6032,13801.29,0.602575,8316.31232175,13801.29,8316.31232175,
2024-03-19 17:30:00+00:00,0.5999,0.603,0.603,0.6005,13079.86,0.6016,7868.843776,13079.86,7868.843776,
2024-03-19 17:35:00+00:00,0.5977,0.6002,0.5996,0.5977,2519.29,0.5988,1508.550852,2519.29,1508.550852,
2024-03-19 17:40:00+00:00,0.596,0.599,0.5984,0.5983,2781.33,0.597925,1663.02674025,2781.33,1663.02674025,
2024-03-19 17:45:00+00:00,0.5972,0.6002,0.5977,0.5972,2604.53,0.598075,1557.70427975,2604.53,1557.70427975,
2024-03-19 17:50:00+00:00,0.5954,0.5978,0.5976,0.5978,2175.94,0.59715,1299.362571,2175.94,1299.362571,
2024-03-19 17:55:00+00:00,0.5971,0.599,0.5972,0.5984,3818.8,0.597925,2283.35599,3818.8,2283.35599,
2024-03-19 18:00:00+00:00,0.5964,0.599,0.5987,0.5982,8781.91,0.598075,5252.24082325,8781.91,5252.24082325,
2024-03-19 18:05:00+00:00,0.5934,0.5988,0.5985,0.594,7151.87,0.596175,4263.76609725,7151.87,4263.76609725,
2024-03-19 18:10:00+00:00,0.5886,0.5943,0.5938,0.5937,123828.05,0.5926,73380.50243,123828.05,73380.50243,
2024-03-19 18:15:00+00:00,0.5938,0.5969,0.5938,0.5969,13568.33,0.59535,8077.9052655,13568.33,8077.9052655,
2024-03-19 18:20:00+00:00,0.5952,0.5979,0.597,0.5973,7410.83,0.59685,4423.1538855,7410.83,4423.1538855,
2024-03-19 18:25:00+00:00,0.5963,0.5981,0.5978,0.5981,12855.76,0.597575,7682.280782,12855.76,7682.280782,
2024-03-19 18:30:00+00:00,0.5977,0.5999,0.5977,0.5996,3487.95,0.598725,2088.32286375,3487.95,2088.32286375,
2024-03-19 18:35:00+00:00,0.5996,0.6018,0.6002,0.6008,3341.87,0.6006,2007.127122,3341.87,2007.127122,
2024-03-19 18:40:00+00:00,0.5996,0.6021,0.6008,0.6017,4095.75,0.60105,2461.7505375,4095.75,2461.7505375,
2024-03-19 18:45:00+00:00,0.598,0.6019,0.6017,0.5981,3113.97,0.599925,1868.14845225,3113.97,1868.14845225,
2024-03-19 18:50:00+00:00,0.5972,0.5983,0.598,0.5972,2321.75,0.597675,1387.65193125,2321.75,1387.65193125,
2024-03-19 18:55:00+00:00,0.5972,0.599,0.5972,0.599,50642.87,0.5981,30289.500547,50642.87,30289.500547,
2024-03-19 19:00:00+00:00,0.5966,0.5991,0.5984,0.5966,3176.78,0.597675,1898.6819865,3176.78,1898.6819865,
2024-03-19 19:05:00+00:00,0.5964,0.6,0.597,0.6,42118.37,0.59835,25201.5266895,42118.37,25201.5266895,
2024-03-19 19:10:00+00:00,0.6001,0.602,0.6002,0.6014,2449.94,0.600925,1472.2301945,2449.94,1472.2301945,
2024-03-19 19:15:00+00:00,0.6002,0.6032,0.6017,0.6032,548.59,0.602075,330.29232425,548.59,330.29232425,
2024-03-19 19:20:00+00:00,0.6029,0.605,0.6032,0.6046,6412.95,0.603925,3872.94082875,6412.95,3872.94082875,
2024-03-19 19:25:00+00:00,0.6024,0.6052,0.6051,0.6024,2583.61,0.603775,1559.91912775,2583.61,1559.91912775,
2024-03-19 19:30:00+00:00,0.6008,0.6026,0.6026,0.6008,2977.73,0.6017,1791.700141,2977.73,1791.700141,
2024-03-19 19:35:00+00:00,0.5996,0.601,0.6008,0.6009,3682.66,0.600575,2211.7135295,3682.66,2211.7135295,
2024-03-19 19:40:00+00:00,0.5995,0.6016,0.6014,0.6002,6174.56,0.600675,3708.903828,6174.56,3708.903828,
2024-03-19 19:45:00+00:00,0.5996,0.6014,0.6002,0.6002,3991.85,0.60035,2396.5071475,3991.85,2396.5071475,
2024-03-19 19:50:00+00:00,0.5979,0.5996,0.5996,0.5995,8333.96,0.59915,4993.292134,8333.96,4993.292134,
2024-03-19 19:55:00+00:00,0.5984,0.6008,0.5988,0.5988,1912.96,0.5992,1146.245632,1912.96,1146.245632,
2024-03-19 20:00:00+00:00,0.5949,0.6002,0.5989,0.5949,11397.24,0.597225,6806.716659,11397.24,6806.716659,
2024-03-19 20:05:00+00:00,0.5925,0.5949,0.5949,0.5927,2567.55,0.59375,1524.4828125,2567.55,1524.4828125,
2024-03-19 20:10:00+00:00,0.5929,0.5949,0.5939,0.5941,5820.29,0.59395,3456.9612455,5820.29,3456.9612455,
2024-03-19 20:15:00+00:00,0.592,0.5943,0.5933,0.5921,3024.94,0.592925,1793.5625495,3024.94,1793.5625495,
2024-03-19 20:20:00+00:00,0.5879,0.5919,0.5915,0.5884,6696.08,0.589925,3950.184994,6696.08,3950.184994,
2024-03-19 20:25:00+00:00,0.587,0.5891,0.5885,0.5891,2358.11,0.588425,1387.57087675,2358.11,1387.57087675,
2024-03-19 20:30:00+00:00,0.5897,0.5943,0.5897,0.5943,2481.96,0.592,1469.32032,2481.96,1469.32032,
2024-03-19 20:35:00+00:00,0.5924,0.5951,0.5949,0.5927,743.42,0.593775,441.4242105,743.42,441.4242105,
2024-03-19 20:40:00+00:00,0.5879,0.5921,0.5921,0.5885,3698.01,0.59015,2182.3806015,3698.01,2182.3806015,
2024-03-19 20:45:00+00:00,0.5867,0.5927,0.5881,0.5927,4804.79,0.59005,2835.0663395,4804.79,2835.0663395,
2024-03-19 20:50:00+00:00,0.5879,0.5929,0.5926,0.5879,2582.38,0.590325,1524.4434735,2582.38,1524.4434735,
2024-03-19 20:55:00+00:00,0.5861,0.5891,0.5873,0.5873,2867.18,0.58745,1684.324891,2867.18,1684.324891,
2024-03-19 21:00:00+00:00,0.5864,0.5903,0.5885,0.5864,2330.95,0.5879,1370.365505,2330.95,1370.365505,
2024-03-19 21:05:00+00:00,0.5827,0.5861,0.5861,0.5837,4440.9,0.58465,2596.372185,4440.9,2596.372185,
2024-03-19 21:10:00+00:00,0.5822,0.5855,0.5842,0.5842,13850.24,0.584025,8088.886416,13850.24,8088.886416,
2024-03-19 21:15:00+00:00,0.5826,0.5887,0.5837,0.5879,1737.7,0.585725,1017.8143325,1737.7,1017.8143325,
2024-03-19 21:20:00+00:00,0.5813,0.5873,0.5873,0.5819,4112.06,0.58445,2403.293467,4112.06,2403.293467,
2024-03-19 21:25:00+00:00,0.581,0.5836,0.5819,0.5828,872.2,0.582325,507.903865,872.2,507.903865,
2024-03-19 21:30:00+00:00,0.5794,0.5833,0.5833,0.5823,1542.67,0.582075,897.94964025,1542.67,897.94964025,
2024-03-19 21:35:00+00:00,0.5815,0.583,0.5825,0.5829,4405.84,0.582475,2566.291654,4405.84,2566.291654,
2024-03-19 21:40:00+00:00,0.5827,0.5846,0.5832,0.5846,7286.4,0.583775,4253.61816,7286.4,4253.61816,
2024-03-19 21:45:00+00:00,0.5849,0.5875,0.5849,0.5871,2658.03,0.5861,1557.871383,2658.03,1557.871383,
2024-03-19 21:50:00+00:00,0.5869,0.5879,0.5873,0.5871,18898.5,0.5873,11099.08905,18898.5,11099.08905,
2024-03-19 21:55:00+00:00,0.5846,0.5867,0.5867,0.5865,3917.42,0.586125,2296.0977975,3917.42,2296.0977975,
2024-03-19 22:00:00+00:00,0.5855,0.5879,0.5868,0.5867,1225.41,0.586725,718.97868225,1225.41,718.97868225,
2024-03-19 22:05:00+00:00,0.5837,0.5879,0.5873,0.5837,3001.69,0.58565,1757.9397485,3001.69,1757.9397485,
2024-03-19 22:10:00+00:00,0.5782,0.5839,0.5838,0.5784,16779.3,0.581075,9750.0317475,16779.3,9750.0317475,
2024-03-19 22:15:00+00:00,0.5756,0.5794,0.5794,0.5762,10238.17,0.57765,5914.0789005,10238.17,5914.0789005,
2024-03-19 22:20:00+00:00,0.5702,0.5758,0.5756,0.5702,42796.46,0.57295,24520.231757,42796.46,24520.231757,
2024-03-19 22:25:00+00:00,0.5691,0.573,0.5717,0.5691,3646.53,0.570725,2081.16583425,3646.53,2081.16583425,
2024-03-19 22:30:00+00:00,0.5685,0.5756,0.5687,0.5735,5153.39,0.571575,2945.54888925,5153.39,2945.54888925,
2024-03-19 22:35:00+00:00,0.5685,0.5732,0.5732,0.5691,2440.07,0.571,1393.27997,2440.07,1393.27997,
2024-03-19 22:40:00+00:00,0.5658,0.57,0.5693,0.5663,7050.51,0.56785,4003.6321035,7050.51,4003.6321035,
2024-03-19 22:45:00+00:00,0.5657,0.5691,0.5657,0.569,16355.55,0.567375,9279.73018125,16355.55,9279.73018125,
2024-03-19 22:50:00+00:00,0.565,0.5692,0.5686,0.565,26503.34,0.56695,15026.068613,26503.34,15026.068613,
2024-03-19 22:55:00+00:00,0.5646,0.5691,0.566,0.5691,34712.76,0.5672,19689.077472,34712.76,19689.077472,
2024-03-19 23:00:00+00:00,0.5627,0.5711,0.5696,0.5639,18996.44,0.566825,10767.657103,18996.44,10767.657103,
2024-03-19 23:05:00+00:00,0.5594,0.5639,0.5639,0.5632,23860.02,0.5626,13423.647252,23860.02,13423.647252,
2024-03-19 23:10:00+00:00,0.5578,0.5633,0.563,0.5578,16457.01,0.560475,9223.74267975,16457.01,9223.74267975,
2024-03-19 23:15:00+00:00,0.5574,0.5622,0.5581,0.5615,6108.31,0.5598,3419.431938,6108.31,3419.431938,
2024-03-19 23:20:00+00:00,0.5556,0.5615,0.5615,0.5558,21317.36,0.5586,11907.877296,21317.36,11907.877296,
2024-03-19 23:25:00+00:00,0.5557,0.5599,0.5564,0.5582,3115.7,0.55755,1737.158535,3115.7,1737.158535,
2024-03-19 23:30:00+00:00,0.5587,0.5639,0.5587,0.5639,18346.17,0.5613,10297.705221,18346.17,10297.705221,
2024-03-19 23:35:00+00:00,0.564,0.5663,0.564,0.5652,3313.81,0.564875,1871.88842375,3313.81,1871.88842375,
2024-03-19 23:40:00+00:00,0.5657,0.5692,0.5657,0.5676,8366.75,0.56705,4744.3655875,8366.75,4744.3655875,
2024-03-19 23:45:00+00:00,0.5669,0.5719,0.5669,0.5711,7476.31,0.5692,4255.515652,7476.31,4255.515652,
2024-03-19 23:50:00+00:00,0.5687,0.5726,0.5709,0.5693,34682.59,0.570375,19782.08227125,34682.59,19782.08227125,
2024-03-19 23:55:00+00:00,0.5669,0.5692,0.5686,0.5683,16985.82,0.56825,9652.192215,16985.82,9652.192215,
2024-03-20 00:00:00+00:00,0.5663,0.5723,0.5688,0.5663,9253.35,0.568425,5259.83547375,9253.35,5259.83547375,
2024-03-20 00:05:00+00:00,0.566,0.5696,0.5661,0.5691,7900.69,0.5677,4485.221713,7900.69,4485.221713,
2024-03-20 00:10:00+00:00,0.5663,0.5711,0.5686,0.5683,11320.94,0.568575,6436.8034605,11320.94,6436.8034605,
2024-03-20 00:15:00+00:00,0.5636,0.572,0.5675,0.5717,9049.04,0.5687,5146.189048,9049.04,5146.189048,
2024-03-20 00:20:00+00:00,0.5713,0.574,0.5722,0.574,10240.6,0.572875,5866.583725,10240.6,5866.583725,
2024-03-20 00:25:00+00:00,0.5734,0.5758,0.5742,0.574,7301.84,0.57435,4193.811804,7301.84,4193.811804,
2024-03-20 00:30:00+00:00,0.5696,0.5747,0.5734,0.5722,11938.6,0.572475,6834.550035,11938.6,6834.550035,
2024-03-20 00:35:00+00:00,0.5722,0.5779,0.5728,0.5759,26644.25,0.5747,15312.450475,26644.25,15312.450475,
2024-03-20 00:40:00+00:00,0.574,0.577,0.5761,0.5746,3918.54,0.575425,2254.8258795,3918.54,2254.8258795,
2024-03-20 00:45:00+00:00,0.572,0.5758,0.5752,0.5738,5353.49,0.5742,3073.973958,5353.49,3073.973958,
2024-03-20 00:50:00+00:00,0.5728,0.5765,0.5733,0.5763,12299.23,0.574725,7068.67496175,12299.23,7068.67496175,
2024-03-20 00:55:00+00:00,0.5763,0.5799,0.5763,0.5796,96654.98,0.578025,55868.9948145,96654.98,55868.9948145,
2024-03-20 01:00:00+00:00,0.5752,0.5802,0.579,0.5753,41180.66,0.577425,23778.7426005,41180.66,23778.7426005,
2024-03-20 01:05:00+00:00,0.5736,0.5749,0.5746,0.5738,2138.6,0.574225,1228.037585,2138.6,1228.037585,
2024-03-20 01:10:00+00:00,0.5706,0.5746,0.5746,0.5734,3351.2,0.5733,1921.24296,3351.2,1921.24296,
2024-03-20 01:15:00+00:00,0.5675,0.5734,0.5728,0.5681,3780.08,0.57045,2156.346636,3780.08,2156.346636,
2024-03-20 01:20:00+00:00,0.5637,0.5681,0.5675,0.5637,5588.65,0.56575,3161.7787375,5588.65,3161.7787375,
2024-03-20 01:25:00+00:00,0.562,0.569,0.5641,0.569,2333.99,0.566025,1321.09668975,2333.99,1321.09668975,
2024-03-20 01:30:00+00:00,0.5657,0.5691,0.5686,0.5657,45899.78,0.567275,26037.7976995,45899.78,26037.7976995,
2024-03-20 01:35:00+00:00,0.5645,0.5677,0.5651,0.5663,15011.54,0.5659,8495.030486,15011.54,8495.030486,
2024-03-20 01:40:00+00:00,0.5627,0.5657,0.5657,0.5633,5317.59,0.56435,3000.9819165,5317.59,3000.9819165,
2024-03-20 01:45:00+00:00,0.5645,0.5675,0.5645,0.5663,5074.58,0.5657,2870.689906,5074.58,2870.689906,
2024-03-20 01:50:00+00:00,0.566,0.5698,0.566,0.5691,2480.0,0.567725,1407.958,2480.0,1407.958,
2024-03-20 01:55:00+00:00,0.5642,0.5701,0.5696,0.5657,18883.8,0.5674,10714.66812,18883.8,10714.66812,
2024-03-20 02:00:00+00:00,0.5633,0.5686,0.5658,0.5683,5298.98,0.5665,3001.87217,5298.98,3001.87217,
2024-03-20 02:05:00+00:00,0.5679,0.5701,0.5681,0.5691,8372.23,0.5688,4762.124424,8372.23,4762.124424,
2024-03-20 02:10:00+00:00,0.5696,0.574,0.5696,0.5734,24590.43,0.57165,14057.1193095,24590.43,14057.1193095,
2024-03-20 02:15:00+00:00,0.5717,0.574,0.5728,0.5739,1084.81,0.5731,621.704611,1084.81,621.704611,
2024-03-20 02:20:00+00:00,0.5722,0.5746,0.5746,0.573,23191.16,0.5736,13302.449376,23191.16,13302.449376,
2024-03-20 02:25:00+00:00,0.574,0.5758,0.574,0.5758,1059.3,0.5749,608.99157,1059.3,608.99157,
2024-03-20 02:30:00+00:00,0.5719,0.5756,0.5756,0.5741,38171.53,0.5743,21921.909679,38171.53,21921.909679,
2024-03-20 02:35:00+00:00,0.5739,0.5764,0.5739,0.5764,12970.83,0.57515,7460.1728745,12970.83,7460.1728745,
2024-03-20 02:40:00+00:00,0.5746,0.5776,0.5758,0.5776,569.4,0.5764,328.20216,569.4,328.20216,
2024-03-20 02:45:00+00:00,0.5773,0.5794,0.5782,0.5791,5239.73,0.5785,3031.183805,5239.73,3031.183805,
2024-03-20 02:50:00+00:00,0.5764,0.5795,0.5795,0.5765,6865.34,0.577975,3967.9948865,6865.34,3967.9948865,
2024-03-20 02:55:00+00:00,0.5758,0.5788,0.5764,0.5788,757.13,0.57745,437.2047185,757.13,437.2047185,
2024-03-20 03:00:00+00:00,0.5788,0.5807,0.5794,0.5804,4808.68,0.579825,2788.192881,4808.68,2788.192881,
2024-03-20 03:05:00+00:00,0.5793,0.5818,0.5802,0.5793,5656.97,0.58015,3281.8911455,5656.97,3281.8911455,
2024-03-20 03:10:00+00:00,0.5775,0.58,0.5792,0.5787,2571.76,0.57885,1488.663276,2571.76,1488.663276,
2024-03-20 03:15:00+00:00,0.5771,0.5819,0.5783,0.5819,2760.2,0.5798,1600.36396,2760.2,1600.36396,
2024-03-20 03:20:00+00:00,0.582,0.5849,0.582,0.5849,15792.49,0.58345,9214.1282905,15792.49,9214.1282905,
2024-03-20 03:25:00+00:00,0.5843,0.5861,0.5843,0.5861,8607.52,0.5852,5037.120704,8607.52,5037.120704,
2024-03-20 03:30:00+00:00,0.5831,0.5855,0.5855,0.5832,19279.52,0.584325,11265.505524,19279.52,11265.505524,
2024-03-20 03:35:00+00:00,0.5829,0.5838,0.5832,0.5832,1043.34,0.583275,608.5541385,1043.34,608.5541385,
2024-03-20 03:40:00+00:00,0.5794,0.5826,0.5826,0.5794,6497.55,0.581,3775.07655,6497.55,3775.07655,
2024-03-20 03:45:00+00:00,0.575,0.5802,0.5788,0.5758,1054.2,0.57745,608.74779,1054.2,608.74779,
2024-03-20 03:50:00+00:00,0.5734,0.5773,0.5764,0.5734,3510.62,0.575125,2019.0453275,3510.62,2019.0453275,
2024-03-20 03:55:00+00:00,0.5654,0.5729,0.5728,0.5673,19029.01,0.5696,10838.924096,19029.01,10838.924096,
2024-03-20 04:00:00+00:00,0.5669,0.5719,0.5675,0.5691,4571.67,0.56885,2600.5944795,4571.67,2600.5944795,
2024-03-20 04:05:00+00:00,0.5645,0.5711,0.5686,0.5711,4375.55,0.568825,2488.92222875,4375.55,2488.92222875,
2024-03-20 04:10:00+00:00,0.5686,0.5714,0.5714,0.57,17913.92,0.57035,10217.204272,17913.92,10217.204272,
2024-03-20 04:15:00+00:00,0.5686,0.5711,0.5696,0.5706,7652.12,0.569975,4361.517097,7652.12,4361.517097,
2024-03-20 04:20:00+00:00,0.5639,0.5701,0.5701,0.5639,2479.87,0.567,1406.08629,2479.87,1406.08629,
2024-03-20 04:25:00+00:00,0.5621,0.5657,0.5633,0.5633,4484.0,0.5636,2527.1824,4484.0,2527.1824,
2024-03-20 04:30:00+00:00,0.5569,0.5627,0.5621,0.5571,12908.02,0.5597,7224.618794,12908.02,7224.618794,
2024-03-20 04:35:00+00:00,0.554,0.5576,0.5564,0.5574,12997.55,0.55635,7231.1869425,12997.55,7231.1869425,
2024-03-20 04:40:00+00:00,0.5558,0.5594,0.5579,0.5569,15158.96,0.5575,8451.1202,15158.96,8451.1202,
2024-03-20 04:45:00+00:00,0.5558,0.5594,0.5568,0.5579,4453.15,0.557475,2482.51979625,4453.15,2482.51979625,
2024-03-20 04:50:00+00:00,0.5546,0.5589,0.5584,0.5573,3217.23,0.5573,1792.962279,3217.23,1792.962279,
2024-03-20 04:55:00+00:00,0.5572,0.5589,0.5572,0.5589,3198.83,0.55805,1785.1070815,3198.83,1785.1070815,
2024-03-20 05:00:00+00:00,0.5573,0.5611,0.5584,0.5576,30519.18,0.5586,17048.013948,30519.18,17048.013948,
2024-03-20 05:05:00+00:00,0.5528,0.5579,0.5579,0.5536,5346.06,0.55555,2970.003633,5346.06,2970.003633,
2024-03-20 05:10:00+00:00,0.5514,0.5554,0.5533,0.5536,13430.56,0.553425,7432.807668,13430.56,7432.807668,
2024-03-20 05:15:00+00:00,0.5504,0.5546,0.5546,0.5534,4079.6,0.55325,2257.0387,4079.6,2257.0387,
2024-03-20 05:20:00+00:00,0.5464,0.5544,0.554,0.5476,21620.94,0.5506,11904.489564,21620.94,11904.489564,
2024-03-20 05:25:00+00:00,0.5443,0.5499,0.5469,0.5484,12006.97,0.547375,6572.31520375,12006.97,6572.31520375,
2024-03-20 05:30:00+00:00,0.5454,0.5516,0.5484,0.5516,8770.65,0.54925,4817.2795125,8770.65,4817.2795125,
2024-03-20 05:35:00+00:00,0.5499,0.5546,0.5522,0.5545,4519.18,0.5528,2498.202704,4519.18,2498.202704,
2024-03-20 05:40:00+00:00,0.5528,0.5546,0.5536,0.5544,3463.68,0.55385,1918.359168,3463.68,1918.359168,
2024-03-20 05:45:00+00:00,0.5515,0.5552,0.5552,0.5551,94727.18,0.55425,52502.539515,94727.18,52502.539515,
2024-03-20 05:50:00+00:00,0.5534,0.5564,0.5545,0.5553,119304.64,0.5549,66202.144736,119304.64,66202.144736,
2024-03-20 05:55:00+00:00,0.5558,0.5594,0.5558,0.5564,7837.67,0.55685,4364.4065395,7837.67,4364.4065395,
2024-03-20 06:00:00+00:00,0.5569,0.5589,0.5569,0.5574,5877.5,0.557525,3276.8531875,5877.5,3276.8531875,
2024-03-20 06:05:00+00:00,0.5566,0.5595,0.5569,0.5595,5008.55,0.558125,2795.39696875,5008.55,2795.39696875,
2024-03-20 06:10:00+00:00,0.5589,0.5619,0.5593,0.5619,2913.93,0.5605,1633.257765,2913.93,1633.257765,
2024-03-20 06:15:00+00:00,0.5621,0.5645,0.5621,0.5643,4352.78,0.56325,2451.703335,4352.78,2451.703335,
2024-03-20 06:20:00+00:00,0.565,0.5693,0.565,0.5681,6476.64,0.56685,3671.283384,6476.64,3671.283384,
2024-03-20 06:25:00+00:00,0.5686,0.5707,0.5686,0.5707,3626.16,0.56965,2065.642044,3626.16,2065.642044,
2024-03-20 06:30:00+00:00,0.5679,0.5717,0.5711,0.5691,14592.78,0.56995,8317.154961,14592.78,8317.154961,
2024-03-20 06:35:00+00:00,0.5675,0.5706,0.5696,0.57,15321.23,0.569425,8724.29139275,15321.23,8724.29139275,
2024-03-20 06:40:00+00:00,0.5696,0.5722,0.5696,0.5722,1114.13,0.5709,636.056817,1114.13,636.056817,
2024-03-20 06:45:00+00:00,0.5701,0.5722,0.5715,0.5711,2786.08,0.571225,1591.478548,2786.08,1591.478548,
2024-03-20 06:50:00+00:00,0.5717,0.5752,0.5717,0.5752,2427.66,0.57345,1392.141627,2427.66,1392.141627,
2024-03-20 06:55:00+00:00,0.5728,0.576,0.575,0.574,9428.72,0.57445,5416.328204,9428.72,5416.328204,
2024-03-20 07:00:00+00:00,0.5727,0.5758,0.5734,0.5758,7830.67,0.574425,4498.13261475,7830.67,4498.13261475,
2024-03-20 07:05:00+00:00,0.5756,0.58,0.5756,0.5788,1046.47,0.5775,604.336425,1046.47,604.336425,
2024-03-20 07:10:00+00:00,0.5794,0.5805,0.5794,0.5805,469.57,0.57995,272.3271215,469.57,272.3271215,
2024-03-20 07:15:00+00:00,0.5787,0.581,0.58,0.5808,1351.24,0.580125,783.888105,1351.24,783.888105,
2024-03-20 07:20:00+00:00,0.5815,0.5843,0.5816,0.5843,1277.0,0.582925,744.395225,1277.0,744.395225,
2024-03-20 07:25:00+00:00,0.5842,0.587,0.5843,0.5861,8336.45,0.5854,4880.15783,8336.45,4880.15783,
2024-03-20 07:30:00+00:00,0.5832,0.5876,0.5855,0.5867,2369.27,0.58575,1387.7999025,2369.27,1387.7999025,
2024-03-20 07:35:00+00:00,0.5867,0.5893,0.5871,0.5893,3637.59,0.5881,2139.266679,3637.59,2139.266679,
2024-03-20 07:40:00+00:00,0.5893,0.5918,0.5897,0.5907,7432.43,0.590375,4387.92086125,7432.43,4387.92086125,
2024-03-20 07:45:00+00:00,0.5873,0.5905,0.5903,0.5879,7639.91,0.589,4499.90699,7639.91,4499.90699,
2024-03-20 07:50:00+00:00,0.5873,0.5903,0.5873,0.5897,5434.87,0.58865,3199.2362255,5434.87,3199.2362255,
2024-03-20 07:55:00+00:00,0.5882,0.5891,0.5891,0.5886,1341.83,0.58875,790.0024125,1341.83,790.0024125,
2024-03-20 08:00:00+00:00,0.5855,0.5889,0.5879,0.5855,6866.88,0.58695,4030.515216,6866.88,4030.515216,
2024-03-20 08:05:00+00:00,0.5846,0.5891,0.5856,0.5888,10876.25,0.587025,6384.63065625,10876.25,6384.63065625,
2024-03-20 08:10:00+00:00,0.5897,0.5917,0.5897,0.5909,18374.43,0.5905,10850.100915,18374.43,10850.100915,
2024-03-20 08:15:00+00:00,0.5879,0.5922,0.5903,0.5922,1751.97,0.59065,1034.8010805,1751.97,1034.8010805,
2024-03-20 08:20:00+00:00,0.5903,0.5921,0.5915,0.5906,670.53,0.591125,396.36704625,670.53,396.36704625,
2024-03-20 08:25:00+00:00,0.5891,0.592,0.5897,0.592,3365.94,0.5907,1988.260758,3365.94,1988.260758,
2024-03-20 08:30:00+00:00,0.5897,0.5921,0.5909,0.5918,1414.21,0.591125,835.97488625,1414.21,835.97488625,
2024-03-20 08:35:00+00:00,0.5879,0.5915,0.5915,0.5885,3053.78,0.58985,1801.272133,3053.78,1801.272133,
2024-03-20 08:40:00+00:00,0.585,0.5879,0.5879,0.585,6752.05,0.58645,3959.7397225,6752.05,3959.7397225,
2024-03-20 08:45:00+00:00,0.5848,0.5898,0.5849,0.5885,2554.83,0.587,1499.68521,2554.83,1499.68521,
2024-03-20 08:50:00+00:00,0.585,0.5879,0.5879,0.5853,44812.57,0.586525,26283.69261925,44812.57,26283.69261925,
2024-03-20 08:55:00+00:00,0.5818,0.5854,0.5854,0.5818,3316.46,0.5836,1935.486056,3316.46,1935.486056,
2024-03-20 09:00:00+00:00,0.5813,0.5855,0.5816,0.5851,2227.27,0.583375,1299.33363625,2227.27,1299.33363625,
2024-03-20 09:05:00+00:00,0.5849,0.5884,0.5861,0.5861,12780.7,0.586375,7494.2829625,12780.7,7494.2829625,
2024-03-20 09:10:00+00:00,0.5832,0.5855,0.5855,0.5837,5969.54,0.584475,3489.0468915,5969.54,3489.0468915,
2024-03-20 09:15:00+00:00,0.584,0.5869,0.5843,0.5869,3155.49,0.585525,1847.61828225,3155.49,1847.61828225,
2024-03-20 09:20:00+00:00,0.5873,0.5909,0.5873,0.5909,4097.49,0.5891,2413.831359,4097.49,2413.831359,
2024-03-20 09:25:00+00:00,0.5885,0.5915,0.5908,0.5891,5189.47,0.589975,3061.65756325,5189.47,3061.65756325,
2024-03-20 09:30:00+00:00,0.5889,0.5918,0.5892,0.5897,13574.67,0.5899,8007.697833,13574.67,8007.697833,
2024-03-20 09:35:00+00:00,0.5895,0.5919,0.5901,0.5903,7166.04,0.59045,4231.188318,7166.04,4231.188318,
2024-03-20 09:40:00+00:00,0.5897,0.5917,0.5909,0.5897,15314.04,0.5905,9042.94062,15314.04,9042.94062,
2024-03-20 09:45:00+00:00,0.5884,0.5922,0.5898,0.5888,20232.56,0.5898,11933.163888,20232.56,11933.163888,
2024-03-20 09:50:00+00:00,0.5879,0.59,0.5879,0.588,3429.64,0.58845,2018.171658,3429.64,2018.171658,
2024-03-20 09:55:00+00:00,0.5887,0.5903,0.5891,0.5898,2443.21,0.589475,1440.21121475,2443.21,1440.21121475,
2024-03-20 10:00:00+00:00,0.588,0.5909,0.5898,0.5897,3994.5,0.5896,2355.1572,3994.5,2355.1572,
2024-03-20 10:05:00+00:00,0.5883,0.5903,0.5903,0.5885,545.75,0.58935,321.6377625,545.75,321.6377625,
2024-03-20 10:10:00+00:00,0.5867,0.5879,0.5879,0.5879,191.43,0.5876,112.484268,191.43,112.484268,
2024-03-20 10:15:00+00:00,0.5865,0.5893,0.5873,0.5875,3061.7,0.58765,1799.208005,3061.7,1799.208005,
2024-03-20 10:20:00+00:00,0.5863,0.5891,0.5867,0.5891,703.92,0.5878,413.764176,703.92,413.764176,
2024-03-20 10:25:00+00:00,0.5894,0.5932,0.5894,0.5931,10569.2,0.591275,6249.30373,10569.2,6249.30373,
2024-03-20 10:30:00+00:00,0.5919,0.5933,0.5921,0.5928,1767.9,0.592525,1047.5249475,1767.9,1047.5249475,
2024-03-20 10:35:00+00:00,0.5909,0.5933,0.5933,0.5911,2759.44,0.59215,1634.002396,2759.44,1634.002396,
2024-03-20 10:40:00+00:00,0.5891,0.5911,0.5911,0.5897,375.43,0.59025,221.5975575,375.43,221.5975575,
2024-03-20 10:45:00+00:00,0.5897,0.5917,0.59,0.5897,12878.22,0.590275,7601.6913105,12878.22,7601.6913105,
2024-03-20 10:50:00+00:00,0.589,0.5921,0.5898,0.5921,9974.21,0.59075,5892.2645575,9974.21,5892.2645575,
2024-03-20 10:55:00+00:00,0.5909,0.5918,0.5915,0.5915,323.67,0.591425,191.42652975,323.67,191.42652975,
2024-03-20 11:00:00+00:00,0.5907,0.5933,0.5917,0.5933,2195.32,0.59225,1300.17827,2195.32,1300.17827,
2024-03-20 11:05:00+00:00,0.5929,0.5944,0.5936,0.5929,2804.55,0.59345,1664.3601975,2804.55,1664.3601975,
2024-03-20 11:10:00+00:00,0.5912,0.5943,0.5921,0.5943,3652.59,0.592975,2165.89455525,3652.59,2165.89455525,
2024-03-20 11:15:00+00:00,0.5934,0.5953,0.5946,0.5953,4760.27,0.59465,2830.6945555,4760.27,2830.6945555,
2024-03-20 11:20:00+00:00,0.5954,0.5985,0.5954,0.5985,19365.55,0.59695,11560.2650725,19365.55,11560.2650725,
2024-03-20 11:25:00+00:00,0.5983,0.6003,0.5983,0.5998,396.26,0.599175,237.4290855,396.26,237.4290855,
2024-03-20 11:30:00+00:00,0.598,0.6002,0.5996,0.6002,1530.17,0.5995,917.336915,1530.17,917.336915,
2024-03-20 11:35:00+00:00,0.599,0.6002,0.599,0.5995,773.44,0.599425,463.619272,773.44,463.619272,
2024-03-20 11:40:00+00:00,0.5977,0.5997,0.5988,0.5993,7533.31,0.598875,4511.51102625,7533.31,4511.51102625,
2024-03-20 11:45:00+00:00,0.5954,0.599,0.599,0.5974,17567.37,0.5977,10500.017049,17567.37,10500.017049,
2024-03-20 11:50:00+00:00,0.5966,0.5995,0.5966,0.599,962.53,0.597925,575.52075025,962.53,575.52075025,
2024-03-20 11:55:00+00:00,0.599,0.6009,0.5996,0.6009,12253.47,0.6001,7353.307347,12253.47,7353.307347,
2024-03-20 12:00:00+00:00,0.5972,0.6003,0.6002,0.5987,2189.56,0.5991,1311.765396,2189.56,1311.765396,
2024-03-20 12:05:00+00:00,0.5996,0.6058,0.5996,0.6038,13314.44,0.6022,8017.955768,13314.44,8017.955768,
2024-03-20 12:10:00+00:00,0.6045,0.607,0.6046,0.6052,31853.6,0.605325,19281.78042,31853.6,19281.78042,
2024-03-20 12:15:00+00:00,0.6038,0.6068,0.6046,0.605,32557.6,0.60505,19698.97588,32557.6,19698.97588,
2024-03-20 12:20:00+00:00,0.6027,0.6074,0.6052,0.6074,4680.58,0.605675,2834.9102915,4680.58,2834.9102915,
2024-03-20 12:25:00+00:00,0.6044,0.608,0.6072,0.6055,5963.08,0.606275,3615.266327,5963.08,3615.266327,
2024-03-20 12:30:00+00:00,0.6049,0.608,0.6056,0.6067,2376.21,0.6063,1440.696123,2376.21,1440.696123,
2024-03-20 12:35:00+00:00,0.6032,0.6065,0.6063,0.6032,25827.56,0.6048,15620.508288,25827.56,15620.508288,
2024-03-20 12:40:00+00:00,0.6017,0.605,0.6033,0.6036,12452.17,0.6034,7513.639378,12452.17,7513.639378,
2024-03-20 12:45:00+00:00,0.602,0.6053,0.6031,0.6025,25214.63,0.603225,15210.09518175,25214.63,15210.09518175,
2024-03-20 12:50:00+00:00,0.6011,0.6032,0.6026,0.6032,1868.81,0.602525,1126.00474525,1868.81,1126.00474525,
2024-03-20 12:55:00+00:00,0.6026,0.6044,0.6033,0.6038,9543.84,0.603525,5759.946036,9543.84,5759.946036,
2024-03-20 13:00:00+00:00,0.6007,0.6038,0.6038,0.6008,1658.67,0.602275,998.97547425,1658.67,998.97547425,
2024-03-20 13:05:00+00:00,0.5996,0.6011,0.601,0.6008,8093.68,0.600625,4861.26655,8093.68,4861.26655,
2024-03-20 13:10:00+00:00,0.6001,0.602,0.6006,0.6015,2330.56,0.60105,1400.783088,2330.56,1400.783088,
2024-03-20 13:15:00+00:00,0.5999,0.6032,0.6018,0.5999,9584.23,0.6012,5762.039076,9584.23,5762.039076,
2024-03-20 13:20:00+00:00,0.5996,0.6008,0.6008,0.6008,4099.9,0.6005,2461.98995,4099.9,2461.98995,
2024-03-20 13:25:00+00:00,0.5996,0.6014,0.6003,0.5996,2417.35,0.600225,1450.95390375,2417.35,1450.95390375,
2024-03-20 13:30:00+00:00,0.597,0.5995,0.5995,0.5982,2061.3,0.59855,1233.791115,2061.3,1233.791115,
2024-03-20 13:35:00+00:00,0.5972,0.6017,0.5978,0.5996,5506.25,0.599075,3298.65671875,5506.25,3298.65671875,
2024-03-20 13:40:00+00:00,0.599,0.6026,0.599,0.6002,40219.62,0.6002,24139.815924,40219.62,24139.815924,
2024-03-20 13:45:00+00:00,0.599,0.6035,0.6005,0.599,40945.03,0.6005,24587.490515,40945.03,24587.490515,
2024-03-20 13:50:00+00:00,0.5966,0.5985,0.5984,0.5985,2184.77,0.598,1306.49246,2184.77,1306.49246,
2024-03-20 13:55:00+00:00,0.5977,0.599,0.5988,0.5984,1520.73,0.598475,910.11888675,1520.73,910.11888675,
2024-03-20 14:00:00+00:00,0.5954,0.5984,0.5981,0.5966,6215.72,0.597125,3711.561805,6215.72,3711.561805,
2024-03-20 14:05:00+00:00,0.5966,0.599,0.5972,0.599,1895.37,0.59795,1133.3364915,1895.37,1133.3364915,
2024-03-20 14:10:00+00:00,0.5969,0.6005,0.599,0.5996,5727.07,0.599,3430.51493,5727.07,3430.51493,
2024-03-20 14:15:00+00:00,0.5995,0.601,0.5995,0.6006,1550.75,0.60015,930.6826125,1550.75,930.6826125,
2024-03-20 14:20:00+00:00,0.6003,0.6018,0.6003,0.6015,4988.64,0.600975,2998.047924,4988.64,2998.047924,
2024-03-20 14:25:00+00:00,0.602,0.6045,0.602,0.6039,1099.56,0.6031,663.144636,1099.56,663.144636,
2024-03-20 14:30:00+00:00,0.6032,0.6073,0.6038,0.6047,5908.12,0.60475,3572.93557,5908.12,3572.93557,
2024-03-20 14:35:00+00:00,0.602,0.6056,0.6044,0.605,518.24,0.60425,313.14652,518.24,313.14652,
2024-03-20 14:40:00+00:00,0.6038,0.6056,0.6044,0.6044,1734.43,0.60455,1048.5496565,1734.43,1048.5496565,
2024-03-20 14:45:00+00:00,0.6026,0.6058,0.6038,0.6053,13537.96,0.604375,8182.004575,13537.96,8182.004575,
2024-03-20 14:50:00+00:00,0.6045,0.6083,0.6056,0.6071,23154.25,0.606375,14040.15834375,23154.25,14040.15834375,
2024-03-20 14:55:00+00:00,0.6056,0.6077,0.6068,0.6077,11405.36,0.60695,6922.483252,11405.36,6922.483252,
2024-03-20 15:00:00+00:00,0.6068,0.6104,0.6077,0.6068,11733.1,0.607925,7132.8448175,11733.1,7132.8448175,
2024-03-20 15:05:00+00:00,0.6047,0.6074,0.6064,0.6062,5302.8,0.606175,3214.42479,5302.8,3214.42479,
2024-03-20 15:10:00+00:00,0.6055,0.6084,0.6056,0.6084,27200.2,0.606975,16509.841395,27200.2,16509.841395,
2024-03-20 15:15:00+00:00,0.6008,0.6081,0.6077,0.6038,16085.76,0.6051,9733.493376,16085.76,9733.493376,
2024-03-20 15:20:00+00:00,0.6023,0.6055,0.6036,0.6044,3789.63,0.60395,2288.7470385,3789.63,2288.7470385,
2024-03-20 15:25:00+00:00,0.6013,0.605,0.6038,0.6014,4776.14,0.602875,2879.4154025,4776.14,2879.4154025,
2024-03-20 15:30:00+00:00,0.5965,0.6014,0.6008,0.5975,8112.21,0.59905,4859.6194005,8112.21,4859.6194005,
2024-03-20 15:35:00+00:00,0.5978,0.6001,0.599,0.6001,4914.94,0.59925,2945.277795,4914.94,2945.277795,
2024-03-20 15:40:00+00:00,0.5943,0.6003,0.6002,0.5943,4716.88,0.597275,2817.274502,4716.88,2817.274502,
2024-03-20 15:45:00+00:00,0.5933,0.5966,0.5938,0.596,2261.38,0.594925,1345.3514965,2261.38,1345.3514965,
2024-03-20 15:50:00+00:00,0.5938,0.5972,0.5966,0.5938,4856.89,0.59535,2891.5494615,4856.89,2891.5494615,
2024-03-20 15:55:00+00:00,0.5941,0.5972,0.5941,0.596,2881.0,0.59535,1715.20335,2881.0,1715.20335,
2024-03-20 16:00:00+00:00,0.5927,0.599,0.5954,0.5988,2242.48,0.596475,1337.583258,2242.48,1337.583258,
2024-03-20 16:05:00+00:00,0.5972,0.5996,0.5996,0.5976,10474.21,0.5985,6268.814685,10474.21,6268.814685,
2024-03-20 16:10:00+00:00,0.5957,0.5984,0.5972,0.5966,510.27,0.596975,304.61843325,510.27,304.61843325,
2024-03-20 16:15:00+00:00,0.5921,0.5978,0.5972,0.5923,3152.04,0.59485,1874.990994,3152.04,1874.990994,
2024-03-20 16:20:00+00:00,0.5873,0.5933,0.5933,0.5879,8206.57,0.59045,4845.5692565,8206.57,4845.5692565,
2024-03-20 16:25:00+00:00,0.5774,0.5889,0.588,0.5797,42647.68,0.5835,24884.92128,42647.68,24884.92128,
2024-03-20 16:30:00+00:00,0.5717,0.5805,0.5795,0.5794,17504.05,0.577775,10113.40248875,17504.05,10113.40248875,
2024-03-20 16:35:00+00:00,0.5764,0.5821,0.5797,0.5816,10950.7,0.57995,6350.858465,10950.7,6350.858465,
2024-03-20 16:40:00+00:00,0.5821,0.5861,0.5821,0.5855,14952.66,0.58395,8731.605807,14952.66,8731.605807,
2024-03-20 16:45:00+00:00,0.584,0.5904,0.5855,0.5865,5285.2,0.5866,3100.29832,5285.2,3100.29832,
2024-03-20 16:50:00+00:00,0.5843,0.5883,0.5869,0.5879,39875.06,0.58685,23400.678961,39875.06,23400.678961,
2024-03-20 16:55:00+00:00,0.5879,0.5915,0.5885,0.5879,6696.21,0.58895,3943.7328795,6696.21,3943.7328795,
2024-03-20 17:00:00+00:00,0.5855,0.5897,0.5885,0.5895,3925.42,0.5883,2309.324586,3925.42,2309.324586,
2024-03-20 17:05:00+00:00,0.5897,0.5951,0.5903,0.5923,3209.18,0.59185,1899.353183,3209.18,1899.353183,
2024-03-20 17:10:00+00:00,0.5927,0.5984,0.5927,0.5981,2924.7,0.595475,1741.5857325,2924.7,1741.5857325,
2024-03-20 17:15:00+00:00,0.599,0.6056,0.599,0.6042,14409.17,0.60195,8673.5998815,14409.17,8673.5998815,
2024-03-20 17:20:00+00:00,0.6014,0.605,0.6033,0.602,4891.43,0.602925,2949.16543275,4891.43,2949.16543275,
2024-03-20 17:25:00+00:00,0.6018,0.604,0.6026,0.604,3038.97,0.6031,1832.802807,3038.97,1832.802807,
2024-03-20 17:30:00+00:00,0.604,0.6068,0.6044,0.6054,9048.09,0.60515,5475.4516635,9048.09,5475.4516635,
2024-03-20 17:35:00+00:00,0.6018,0.605,0.605,0.6038,9525.21,0.6039,5752.274319,9525.21,5752.274319,
2024-03-20 17:40:00+00:00,0.6017,0.605,0.6045,0.6023,10127.97,0.603375,6110.96389875,10127.97,6110.96389875,
2024-03-20 17:45:00+00:00,0.5983,0.6027,0.6027,0.5984,6938.4,0.600525,4166.68266,6938.4,4166.68266,
2024-03-20 17:50:00+00:00,0.5984,0.6012,0.5989,0.6008,4422.45,0.599825,2652.69607125,4422.45,2652.69607125,
2024-03-20 17:55:00+00:00,0.599,0.6008,0.6004,0.5996,2083.83,0.59995,1250.1938085,2083.83,1250.1938085,
2024-03-20 18:00:00+00:00,0.6002,0.6086,0.6002,0.6085,34448.39,0.604375,20819.74570625,34448.39,20819.74570625,
2024-03-20 18:05:00+00:00,0.6068,0.612,0.6083,0.6081,18324.81,0.6088,11156.144328,18324.81,11156.144328,
2024-03-20 18:10:00+00:00,0.6068,0.6116,0.6074,0.6111,7541.13,0.609225,4594.24492425,7541.13,4594.24492425,
2024-03-20 18:15:00+00:00,0.6042,0.6101,0.6101,0.6042,13454.21,0.60715,8168.7236015,13454.21,8168.7236015,
2024-03-20 18:20:00+00:00,0.605,0.6068,0.605,0.6068,1057.99,0.6059,641.036141,1057.99,641.036141,
2024-03-20 18:25:00+00:00,0.6066,0.6131,0.6067,0.6131,12663.82,0.609875,7723.3472225,12663.82,7723.3472225,
2024-03-20 18:30:00+00:00,0.6085,0.6146,0.6134,0.6098,19974.17,0.611575,12215.70301775,19974.17,12215.70301775,
2024-03-20 18:35:00+00:00,0.6086,0.6183,0.6093,0.6183,58285.51,0.613625,35765.44607375,58285.51,35765.44607375,
2024-03-20 18:40:00+00:00,0.6164,0.62,0.6182,0.6188,28610.43,0.61835,17691.2593905,28610.43,17691.2593905,
2024-03-20 18:45:00+00:00,0.6188,0.6234,0.6194,0.6234,5779.46,0.62125,3590.489525,5779.46,3590.489525,
2024-03-20 18:50:00+00:00,0.6236,0.6308,0.6236,0.6308,93833.48,0.6272,58852.358656,93833.48,58852.358656,
2024-03-20 18:55:00+00:00,0.6294,0.6368,0.6302,0.6368,61209.55,0.6333,38764.008015,61209.55,38764.008015,
2024-03-20 19:00:00+00:00,0.629,0.6369,0.6357,0.632,14574.9,0.6334,9231.74166,14574.9,9231.74166,
2024-03-20 19:05:00+00:00,0.6308,0.6348,0.6326,0.6338,38787.33,0.633,24552.37989,38787.33,24552.37989,
2024-03-20 19:10:00+00:00,0.633,0.6353,0.6344,0.6333,11106.8,0.634,7041.7112,11106.8,7041.7112,
2024-03-20 19:15:00+00:00,0.6303,0.6345,0.6331,0.6314,8085.26,0.632325,5112.5120295,8085.26,5112.5120295,
2024-03-20 19:20:00+00:00,0.629,0.6328,0.6313,0.6302,4002.98,0.630825,2525.1798585,4002.98,2525.1798585,
2024-03-20 19:25:00+00:00,0.6284,0.6326,0.6296,0.6326,26629.31,0.6308,16797.768748,26629.31,16797.768748,
2024-03-20 19:30:00+00:00,0.632,0.635,0.6326,0.6339,14044.69,0.633375,8895.55552875,14044.69,8895.55552875,
2024-03-20 19:35:00+00:00,0.6302,0.6347,0.6339,0.631,4536.79,0.63245,2869.2928355,4536.79,2869.2928355,
2024-03-20 19:40:00+00:00,0.6302,0.6344,0.6308,0.6344,5586.89,0.63245,3533.4285805,5586.89,3533.4285805,
2024-03-20 19:45:00+00:00,0.6331,0.638,0.6348,0.638,3449.73,0.635975,2193.94203675,3449.73,2193.94203675,
2024-03-20 19:50:00+00:00,0.6353,0.6386,0.6374,0.6358,15030.41,0.636775,9570.98932775,15030.41,9570.98932775,
2024-03-20 19:55:00+00:00,0.635,0.6385,0.6368,0.6356,7101.45,0.636475,4519.89538875,7101.45,4519.89538875,
2024-03-20 20:00:00+00:00,0.6329,0.6368,0.635,0.6368,2219.02,0.635375,1409.9098325,2219.02,1409.9098325,
2024-03-20 20:05:00+00:00,0.6374,0.6404,0.6374,0.6388,15563.3,0.6385,9937.16705,15563.3,9937.16705,
2024-03-20 20:10:00+00:00,0.6368,0.6401,0.6391,0.6375,41685.75,0.638375,26611.14065625,41685.75,26611.14065625,
2024-03-20 20:15:00+00:00,0.6379,0.6398,0.6379,0.6392,7591.84,0.6387,4848.908208,7591.84,4848.908208,
2024-03-20 20:20:00+00:00,0.639,0.6422,0.6394,0.6421,16499.44,0.640675,10570.778722,16499.44,10570.778722,
2024-03-20 20:25:00+00:00,0.6403,0.6451,0.641,0.6446,42738.65,0.64275,27470.2672875,42738.65,27470.2672875,
2024-03-20 20:30:00+00:00,0.6428,0.6455,0.6447,0.6447,7777.94,0.644425,5012.2989845,7777.94,5012.2989845,
2024-03-20 20:35:00+00:00,0.6443,0.6482,0.645,0.6458,7606.12,0.645825,4912.222449,7606.12,4912.222449,
2024-03-20 20:40:00+00:00,0.6416,0.6463,0.6463,0.6452,24050.66,0.64485,15509.068101,24050.66,15509.068101,
2024-03-20 20:45:00+00:00,0.6404,0.6445,0.644,0.6439,3121.66,0.6432,2007.851712,3121.66,2007.851712,
2024-03-20 20:50:00+00:00,0.6422,0.6449,0.6435,0.6433,33747.89,0.643475,21715.92351775,33747.89,21715.92351775,
2024-03-20 20:55:00+00:00,0.6446,0.6488,0.6446,0.6451,19553.18,0.645775,12626.9548145,19553.18,12626.9548145,
2024-03-20 21:00:00+00:00,0.6434,0.6475,0.6458,0.6437,1450.04,0.6451,935.420804,1450.04,935.420804,
2024-03-20 21:05:00+00:00,0.6404,0.6434,0.6428,0.6432,542.93,0.64245,348.8053785,542.93,348.8053785,
2024-03-20 21:10:00+00:00,0.6426,0.6462,0.644,0.6456,53023.08,0.6446,34178.677368,53023.08,34178.677368,
2024-03-20 21:15:00+00:00,0.6446,0.6467,0.6456,0.6457,18728.91,0.64565,12092.3207415,18728.91,12092.3207415,
2024-03-20 21:20:00+00:00,0.6448,0.6467,0.6455,0.6467,23099.81,0.645925,14920.74477425,23099.81,14920.74477425,
2024-03-20 21:25:00+00:00,0.6465,0.65,0.6469,0.6492,11593.83,0.64815,7514.5409145,11593.83,7514.5409145,
2024-03-20 21:30:00+00:00,0.6446,0.6492,0.6492,0.6446,3908.65,0.6469,2528.505685,3908.65,2528.505685,
2024-03-20 21:35:00+00:00,0.6435,0.6445,0.6445,0.644,2305.88,0.644125,1485.274955,2305.88,1485.274955,
2024-03-20 21:40:00+00:00,0.6443,0.6451,0.6443,0.6447,18584.72,0.6446,11979.710512,18584.72,11979.710512,
2024-03-20 21:45:00+00:00,0.6443,0.6468,0.6452,0.6446,6965.81,0.645225,4494.51475725,6965.81,4494.51475725,
2024-03-20 21:50:00+00:00,0.6444,0.6469,0.6448,0.6469,14310.89,0.64575,9241.2572175,14310.89,9241.2572175,
2024-03-20 21:55:00+00:00,0.6462,0.6479,0.647,0.6477,10639.32,0.6472,6885.767904,10639.32,6885.767904,
2024-03-20 22:00:00+00:00,0.6468,0.6484,0.648,0.6484,6848.23,0.6479,4436.968217,6848.23,4436.968217,
2024-03-20 22:05:00+00:00,0.6463,0.6487,0.6482,0.6476,9172.58,0.6477,5941.080066,9172.58,5941.080066,
2024-03-20 22:10:00+00:00,0.6462,0.6499,0.6473,0.6488,7908.22,0.64805,5124.921971,7908.22,5124.921971,
2024-03-20 22:15:00+00:00,0.6467,0.6501,0.6497,0.6467,7132.78,0.6483,4624.181274,7132.78,4624.181274,
2024-03-20 22:20:00+00:00,0.6449,0.6473,0.6473,0.6451,1679.2,0.64615,1085.01508,1679.2,1085.01508,
2024-03-20 22:25:00+00:00,0.6446,0.6468,0.6458,0.6457,6344.11,0.645725,4096.55042975,6344.11,4096.55042975,
2024-03-20 22:30:00+00:00,0.6422,0.6455,0.6455,0.6422,8403.51,0.64385,5410.5999135,8403.51,5410.5999135,
2024-03-20 22:35:00+00:00,0.6418,0.6446,0.6422,0.6441,13954.99,0.643175,8975.50069325,13954.99,8975.50069325,
2024-03-20 22:40:00+00:00,0.6435,0.6453,0.6446,0.644,4354.31,0.64435,2805.6996485,4354.31,2805.6996485,
2024-03-20 22:45:00+00:00,0.6424,0.6443,0.6434,0.6431,10771.69,0.6433,6929.428177,10771.69,6929.428177,
2024-03-20 22:50:00+00:00,0.6428,0.6451,0.6434,0.6447,3695.97,0.644,2380.20468,3695.97,2380.20468,
2024-03-20 22:55:00+00:00,0.6452,0.6478,0.6452,0.6476,11699.82,0.64645,7563.348639,11699.82,7563.348639,
2024-03-20 23:00:00+00:00,0.6443,0.647,0.647,0.6452,3630.58,0.645875,2344.9008575,3630.58,2344.9008575,
2024-03-20 23:05:00+00:00,0.6452,0.6464,0.6452,0.646,6297.29,0.6457,4066.160153,6297.29,4066.160153,
2024-03-20 23:10:00+00:00,0.6457,0.6473,0.6458,0.6473,1895.65,0.646525,1225.58511625,1895.65,1225.58511625,
2024-03-20 23:15:00+00:00,0.6462,0.6477,0.6476,0.6462,8354.3,0.646925,5404.6055275,8354.3,5404.6055275,
2024-03-20 23:20:00+00:00,0.6437,0.6458,0.6458,0.6446,3210.77,0.644975,2070.86638075,3210.77,2070.86638075,
2024-03-20 23:25:00+00:00,0.6446,0.6464,0.6446,0.6456,3276.48,0.6453,2114.312544,3276.48,2114.312544,
2024-03-20 23:30:00+00:00,0.6442,0.6464,0.6456,0.6453,1831.59,0.645375,1182.06239625,1831.59,1182.06239625,
2024-03-20 23:35:00+00:00,0.6442,0.6458,0.6455,0.6457,3223.59,0.6453,2080.182627,3223.59,2080.182627,
2024-03-20 23:40:00+00:00,0.6451,0.6476,0.6458,0.6458,1615.18,0.646075,1043.5274185,1615.18,1043.5274185,
2024-03-20 23:45:00+00:00,0.6438,0.6458,0.6454,0.6458,5260.31,0.6452,3393.952012,5260.31,3393.952012,
2024-03-20 23:50:00+00:00,0.6446,0.6464,0.6461,0.6451,11138.19,0.64555,7190.2585545,11138.19,7190.2585545,
2024-03-20 23:55:00+00:00,0.6447,0.6462,0.6452,0.6462,308.24,0.645575,198.992038,308.24,198.992038,
2024-03-21 00:00:00+00:00,0.6412,0.6459,0.6459,0.643,29470.54,0.644,18979.02776,29470.54,18979.02776,
2024-03-21 00:05:00+00:00,0.6415,0.6434,0.643,0.6429,2194.43,0.6427,1410.360161,2194.43,1410.360161,
2024-03-21 00:10:00+00:00,0.6417,0.6448,0.6428,0.6417,8711.27,0.64275,5599.1687925,8711.27,5599.1687925,
2024-03-21 00:15:00+00:00,0.6422,0.6456,0.6431,0.6456,14049.4,0.644125,9049.569775,14049.4,9049.569775,
2024-03-21 00:20:00+00:00,0.6415,0.6459,0.6458,0.6421,1918.93,0.643825,1235.45510725,1918.93,1235.45510725,
2024-03-21 00:25:00+00:00,0.6386,0.6418,0.6418,0.64,72710.43,0.64055,46574.6659365,72710.43,46574.6659365,
2024-03-21 00:30:00+00:00,0.6391,0.6428,0.641,0.6397,13700.86,0.64065,8777.455959,13700.86,8777.455959,
2024-03-21 00:35:00+00:00,0.639,0.6434,0.6395,0.6434,8802.78,0.641325,5645.4428835,8802.78,5645.4428835,
2024-03-21 00:40:00+00:00,0.644,0.6468,0.644,0.6449,22157.72,0.644925,14290.067571,22157.72,14290.067571,
2024-03-21 00:45:00+00:00,0.6422,0.6458,0.6446,0.6452,5579.25,0.64445,3595.5476625,5579.25,3595.5476625,
2024-03-21 00:50:00+00:00,0.6428,0.6457,0.6456,0.6428,15062.43,0.644225,9703.59396675,15062.43,9703.59396675,
2024-03-21 00:55:00+00:00,0.6422,0.6441,0.6422,0.6438,5646.29,0.643075,3630.98794175,5646.29,3630.98794175,
2024-03-21 01:00:00+00:00,0.6428,0.6464,0.6434,0.6455,10194.73,0.644525,6570.75835325,10194.73,6570.75835325,
2024-03-21 01:05:00+00:00,0.644,0.6459,0.6452,0.6446,4414.87,0.644925,2847.26003475,4414.87,2847.26003475,
2024-03-21 01:10:00+00:00,0.644,0.6455,0.6452,0.644,2290.68,0.644675,1476.744129,2290.68,1476.744129,
2024-03-21 01:15:00+00:00,0.6434,0.6455,0.6446,0.645,20330.61,0.644625,13105.61947125,20330.61,13105.61947125,
2024-03-21 01:20:00+00:00,0.6432,0.6464,0.6458,0.6452,9428.58,0.64515,6082.848387,9428.58,6082.848387,
2024-03-21 01:25:00+00:00,0.6446,0.6463,0.6453,0.6456,16114.08,0.64545,10400.832936,16114.08,10400.832936,
2024-03-21 01:30:00+00:00,0.6431,0.6458,0.6458,0.6431,4508.49,0.64445,2905.4963805,4508.49,2905.4963805,
2024-03-21 01:35:00+00:00,0.6407,0.6446,0.6428,0.6419,97460.84,0.6425,62618.5897,97460.84,62618.5897,
2024-03-21 01:40:00+00:00,0.64,0.6419,0.6408,0.6413,3418.94,0.641,2191.54054,3418.94,2191.54054,
2024-03-21 01:45:00+00:00,0.6419,0.6447,0.6422,0.6434,1423.41,0.64305,915.3238005,1423.41,915.3238005,
2024-03-21 01:50:00+00:00,0.6422,0.6435,0.6433,0.6435,1405.09,0.643125,903.64850625,1405.09,903.64850625,
2024-03-21 01:55:00+00:00,0.6428,0.6444,0.6428,0.6444,599.1,0.6436,385.58076,599.1,385.58076,
2024-03-21 02:00:00+00:00,0.6445,0.646,0.6445,0.6452,2505.05,0.64505,1615.8825025,2505.05,1615.8825025,
2024-03-21 02:05:00+00:00,0.6455,0.647,0.6458,0.6458,5393.3,0.646025,3484.2066325,5393.3,3484.2066325,
2024-03-21 02:10:00+00:00,0.6453,0.6472,0.6464,0.6464,18364.66,0.646325,11869.5388745,18364.66,11869.5388745,
2024-03-21 02:15:00+00:00,0.647,0.6502,0.647,0.6502,8168.03,0.6486,5297.784258,8168.03,5297.784258,
2024-03-21 02:20:00+00:00,0.647,0.65,0.65,0.6476,1800.73,0.64865,1168.0435145,1800.73,1168.0435145,
2024-03-21 02:25:00+00:00,0.6467,0.648,0.6474,0.6474,1544.59,0.647375,999.92895125,1544.59,999.92895125,
2024-03-21 02:30:00+00:00,0.6464,0.6481,0.6468,0.6481,9247.64,0.64735,5986.459754,9247.64,5986.459754,
2024-03-21 02:35:00+00:00,0.6468,0.648,0.6478,0.6479,8475.7,0.647625,5489.0752125,8475.7,5489.0752125,
2024-03-21 02:40:00+00:00,0.6464,0.6476,0.6476,0.6476,339.04,0.6473,219.460592,339.04,219.460592,
2024-03-21 02:45:00+00:00,0.6459,0.6473,0.6471,0.6472,1962.71,0.646875,1269.62803125,1962.71,1269.62803125,
2024-03-21 02:50:00+00:00,0.6458,0.6476,0.6464,0.646,5869.85,0.64645,3794.5645325,5869.85,3794.5645325,
2024-03-21 02:55:00+00:00,0.6442,0.6459,0.6459,0.6443,3678.4,0.645075,2372.84388,3678.4,2372.84388,
2024-03-21 03:00:00+00:00,0.6445,0.6464,0.6445,0.646,12256.73,0.64535,7909.8807055,12256.73,7909.8807055,
2024-03-21 03:05:00+00:00,0.6452,0.6482,0.6458,0.6479,8770.1,0.646775,5672.2814275,8770.1,5672.2814275,
2024-03-21 03:10:00+00:00,0.6452,0.6476,0.6476,0.6452,4759.32,0.6464,3076.424448,4759.32,3076.424448,
2024-03-21 03:15:00+00:00,0.6444,0.647,0.6446,0.6463,2644.34,0.645575,1707.1197955,2644.34,1707.1197955,
2024-03-21 03:20:00+00:00,0.6461,0.647,0.6463,0.6464,12929.27,0.64645,8358.1265915,12929.27,8358.1265915,
2024-03-21 03:25:00+00:00,0.6446,0.6466,0.6464,0.645,2688.66,0.64565,1735.933329,2688.66,1735.933329,
2024-03-21 03:30:00+00:00,0.6452,0.6464,0.6452,0.6463,4665.98,0.645775,3013.1732345,4665.98,3013.1732345,
2024-03-21 03:35:00+00:00,0.647,0.653,0.647,0.6527,9280.54,0.649925,6031.6549595,9280.54,6031.6549595,
2024-03-21 03:40:00+00:00,0.6482,0.6542,0.6526,0.6482,11314.64,0.6508,7363.567712,11314.64,7363.567712,
2024-03-21 03:45:00+00:00,0.6404,0.6476,0.6476,0.6433,20222.15,0.644725,13037.72565875,20222.15,13037.72565875,
2024-03-21 03:50:00+00:00,0.6368,0.644,0.6434,0.638,4972.8,0.64055,3185.32704,4972.8,3185.32704,
2024-03-21 03:55:00+00:00,0.6377,0.6424,0.6381,0.6404,9182.08,0.63965,5873.317472,9182.08,5873.317472,
2024-03-21 04:00:00+00:00,0.641,0.6471,0.641,0.6422,5150.07,0.642825,3310.59374775,5150.07,3310.59374775,
2024-03-21 04:05:00+00:00,0.6401,0.6458,0.6416,0.6452,5905.8,0.643175,3798.462915,5905.8,3798.462915,
2024-03-21 04:10:00+00:00,0.6403,0.6446,0.6446,0.6403,3127.0,0.64245,2008.94115,3127.0,2008.94115,
2024-03-21 04:15:00+00:00,0.641,0.644,0.641,0.6416,1827.47,0.6419,1173.052993,1827.47,1173.052993,
2024-03-21 04:20:00+00:00,0.6404,0.6434,0.6415,0.6434,2958.78,0.642175,1900.0545465,2958.78,1900.0545465,
2024-03-21 04:25:00+00:00,0.6411,0.644,0.644,0.6422,10448.06,0.642825,6716.2741695,10448.06,6716.2741695,
2024-03-21 04:30:00+00:00,0.6422,0.6436,0.6422,0.6432,1435.26,0.6428,922.585128,1435.26,922.585128,
2024-03-21 04:35:00+00:00,0.6374,0.6434,0.6434,0.6374,2487.67,0.6404,1593.103868,2487.67,1593.103868,
2024-03-21 04:40:00+00:00,0.6373,0.6392,0.6386,0.6374,7895.06,0.638125,5038.0351625,7895.06,5038.0351625,
2024-03-21 04:45:00+00:00,0.6366,0.6422,0.638,0.6418,4835.31,0.63965,3092.9060415,4835.31,3092.9060415,
2024-03-21 04:50:00+00:00,0.6408,0.6422,0.641,0.6422,3302.32,0.64155,2118.603396,3302.32,2118.603396,
2024-03-21 04:55:00+00:00,0.6398,0.6416,0.6416,0.6408,1049.81,0.64095,672.8757195,1049.81,672.8757195,
2024-03-21 05:00:00+00:00,0.6374,0.6398,0.6398,0.6398,1218.14,0.6392,778.635088,1218.14,778.635088,
2024-03-21 05:05:00+00:00,0.6356,0.6388,0.6387,0.6356,3795.04,0.637175,2418.104612,3795.04,2418.104612,
2024-03-21 05:10:00+00:00,0.6324,0.6364,0.6356,0.6356,8018.2,0.635,5091.557,8018.2,5091.557,
2024-03-21 05:15:00+00:00,0.6308,0.6356,0.6356,0.6308,6545.03,0.6332,4144.312996,6545.03,4144.312996,
2024-03-21 05:20:00+00:00,0.6268,0.6314,0.6302,0.6308,23047.7,0.6298,14515.44146,23047.7,14515.44146,
2024-03-21 05:25:00+00:00,0.6288,0.6336,0.6302,0.6326,84535.04,0.6313,53366.970752,84535.04,53366.970752,
2024-03-21 05:30:00+00:00,0.6327,0.6392,0.6327,0.6392,1705.09,0.63595,1084.3519855,1705.09,1084.3519855,
2024-03-21 05:35:00+00:00,0.6368,0.6398,0.6386,0.6374,2555.05,0.63815,1630.5051575,2555.05,1630.5051575,
2024-03-21 05:40:00+00:00,0.6356,0.6374,0.6368,0.6368,2950.11,0.63665,1878.1875315,2950.11,1878.1875315,
2024-03-21 05:45:00+00:00,0.6368,0.6422,0.6369,0.6404,13711.98,0.639075,8762.9836185,13711.98,8762.9836185,
2024-03-21 05:50:00+00:00,0.6398,0.6422,0.641,0.641,915.45,0.641,586.80345,915.45,586.80345,
2024-03-21 05:55:00+00:00,0.6415,0.6435,0.6416,0.6415,4849.89,0.642025,3113.75062725,4849.89,3113.75062725,
2024-03-21 06:00:00+00:00,0.6408,0.644,0.641,0.6434,6268.25,0.6423,4026.096975,6268.25,4026.096975,
2024-03-21 06:05:00+00:00,0.6422,0.6466,0.6435,0.644,48191.29,0.644075,31038.80510675,48191.29,31038.80510675,
2024-03-21 06:10:00+00:00,0.6422,0.6434,0.6434,0.6428,11808.74,0.64295,7592.429383,11808.74,7592.429383,
2024-03-21 06:15:00+00:00,0.641,0.6447,0.6434,0.641,1881.04,0.642525,1208.615226,1881.04,1208.615226,
2024-03-21 06:20:00+00:00,0.6386,0.6416,0.6408,0.6386,2013.13,0.6399,1288.201887,2013.13,1288.201887,
2024-03-21 06:25:00+00:00,0.638,0.641,0.638,0.6404,6659.06,0.63935,4257.470011,6659.06,4257.470011,
2024-03-21 06:30:00+00:00,0.6386,0.641,0.6398,0.6398,357.93,0.6398,229.003614,357.93,229.003614,
2024-03-21 06:35:00+00:00,0.6386,0.6407,0.6404,0.6387,495.69,0.6396,317.043324,495.69,317.043324,
2024-03-21 06:40:00+00:00,0.6366,0.6388,0.6388,0.6369,878.54,0.637775,560.3108485,878.54,560.3108485,
2024-03-21 06:45:00+00:00,0.6362,0.638,0.6362,0.638,8968.48,0.6371,5713.818608,8968.48,5713.818608,
2024-03-21 06:50:00+00:00,0.6368,0.6383,0.6375,0.6373,2530.18,0.637475,1612.9264955,2530.18,1612.9264955,
2024-03-21 06:55:00+00:00,0.6362,0.638,0.637,0.6362,2712.7,0.63685,1727.582995,2712.7,1727.582995,
2024-03-21 07:00:00+00:00,0.6344,0.6368,0.6356,0.6366,1720.67,0.63585,1094.0880195,1720.67,1094.0880195,
2024-03-21 07:05:00+00:00,0.6367,0.6397,0.6367,0.6397,728.38,0.6382,464.852116,728.38,464.852116,
2024-03-21 07:10:00+00:00,0.6374,0.6392,0.6386,0.6374,195.84,0.63815,124.975296,195.84,124.975296,
2024-03-21 07:15:00+00:00,0.6378,0.6425,0.638,0.6425,3765.45,0.6402,2410.64109,3765.45,2410.64109,
2024-03-21 07:20:00+00:00,0.6416,0.6429,0.6422,0.6425,3329.79,0.6423,2138.724117,3329.79,2138.724117,
2024-03-21 07:25:00+00:00,0.642,0.6428,0.6422,0.642,536.25,0.64225,344.4065625,536.25,344.4065625,
2024-03-21 07:30:00+00:00,0.6423,0.6429,0.6425,0.6429,1109.11,0.64265,712.7695415,1109.11,712.7695415,
2024-03-21 07:35:00+00:00,0.6422,0.6429,0.6429,0.6422,565.64,0.64255,363.451982,565.64,363.451982,
2024-03-21 07:40:00+00:00,0.6423,0.6431,0.6423,0.6423,835.37,0.6425,536.725225,835.37,536.725225,
2024-03-21 07:45:00+00:00,0.6392,0.6422,0.6422,0.641,1205.06,0.64115,772.624219,1205.06,772.624219,
2024-03-21 07:50:00+00:00,0.6384,0.6404,0.6402,0.6384,214.03,0.63935,136.8400805,214.03,136.8400805,
2024-03-21 07:55:00+00:00,0.6384,0.6404,0.6384,0.6399,5976.94,0.639275,3820.9083185,5976.94,3820.9083185,
2024-03-21 08:00:00+00:00,0.6392,0.641,0.6392,0.6404,198.52,0.63995,127.042874,198.52,127.042874,
2024-03-21 08:05:00+00:00,0.641,0.6446,0.641,0.644,2771.87,0.64265,1781.3422555,2771.87,1781.3422555,
2024-03-21 08:10:00+00:00,0.6434,0.6445,0.6438,0.6438,527.82,0.643875,339.8501025,527.82,339.8501025,
2024-03-21 08:15:00+00:00,0.6405,0.6437,0.6437,0.6435,11360.78,0.64285,7303.277423,11360.78,7303.277423,
2024-03-21 08:20:00+00:00,0.6417,0.6446,0.6436,0.6417,3754.07,0.6429,2413.491603,3754.07,2413.491603,
2024-03-21 08:25:00+00:00,0.6416,0.6427,0.6426,0.6416,3042.37,0.642125,1953.58183625,3042.37,1953.58183625,
2024-03-21 08:30:00+00:00,0.6402,0.6415,0.641,0.6415,10294.33,0.64105,6599.1802465,10294.33,6599.1802465,
2024-03-21 08:35:00+00:00,0.641,0.6422,0.6416,0.641,8626.28,0.64145,5533.327306,8626.28,5533.327306,
2024-03-21 08:40:00+00:00,0.6404,0.6428,0.6404,0.6413,736.71,0.641225,472.39686975,736.71,472.39686975,
2024-03-21 08:45:00+00:00,0.641,0.6446,0.641,0.6428,10226.53,0.64235,6569.0115455,10226.53,6569.0115455,
2024-03-21 08:50:00+00:00,0.6426,0.6456,0.6426,0.6456,7866.27,0.6441,5066.664507,7866.27,5066.664507,
2024-03-21 08:55:00+00:00,0.6428,0.6447,0.6447,0.6428,476.43,0.64375,306.7018125,476.43,306.7018125,
2024-03-21 09:00:00+00:00,0.6413,0.6457,0.6422,0.6457,9050.97,0.643725,5826.33566325,9050.97,5826.33566325,
2024-03-21 09:05:00+00:00,0.644,0.6454,0.6446,0.6446,2233.74,0.64465,1439.980491,2233.74,1439.980491,
2024-03-21 09:10:00+00:00,0.644,0.6451,0.6451,0.6446,3053.47,0.6447,1968.572109,3053.47,1968.572109,
2024-03-21 09:15:00+00:00,0.6432,0.644,0.644,0.644,191.08,0.6438,123.017304,191.08,123.017304,
2024-03-21 09:20:00+00:00,0.6429,0.6446,0.6442,0.6429,584.71,0.64365,376.3485915,584.71,376.3485915,
2024-03-21 09:25:00+00:00,0.6428,0.6442,0.6433,0.6434,8762.53,0.643425,5638.03086525,8762.53,5638.03086525,
2024-03-21 09:30:00+00:00,0.6426,0.644,0.6428,0.6431,6326.64,0.643125,4068.82035,6326.64,4068.82035,
2024-03-21 09:35:00+00:00,0.6422,0.644,0.6434,0.6422,2531.13,0.64295,1627.3900335,2531.13,1627.3900335,
2024-03-21 09:40:00+00:00,0.6386,0.6416,0.6416,0.6398,5755.71,0.6404,3685.956684,5755.71,3685.956684,
2024-03-21 09:45:00+00:00,0.6386,0.6411,0.6392,0.6407,1693.22,0.6399,1083.491478,1693.22,1083.491478,
2024-03-21 09:50:00+00:00,0.6398,0.641,0.6406,0.6403,684.67,0.640425,438.47978475,684.67,438.47978475,
2024-03-21 09:55:00+00:00,0.6407,0.6428,0.6407,0.6419,506.4,0.641525,324.86826,506.4,324.86826,
2024-03-21 10:00:00+00:00,0.6416,0.644,0.6428,0.6416,625.95,0.6425,402.172875,625.95,402.172875,
2024-03-21 10:05:00+00:00,0.6416,0.6449,0.6416,0.6449,9616.33,0.64325,6185.7042725,9616.33,6185.7042725,
2024-03-21 10:10:00+00:00,0.644,0.647,0.6447,0.647,1596.21,0.645675,1030.63289175,1596.21,1030.63289175,
2024-03-21 10:15:00+00:00,0.6452,0.6466,0.6466,0.6454,5548.52,0.64595,3584.066494,5548.52,3584.066494,
2024-03-21 10:20:00+00:00,0.6446,0.647,0.6455,0.6452,8104.86,0.645575,5232.2949945,8104.86,5232.2949945,
2024-03-21 10:25:00+00:00,0.6436,0.646,0.6454,0.6449,5188.6,0.644975,3346.517285,5188.6,3346.517285,
2024-03-21 10:30:00+00:00,0.6427,0.6446,0.6446,0.6428,3745.43,0.643675,2410.83965525,3745.43,2410.83965525,
2024-03-21 10:35:00+00:00,0.6416,0.643,0.6426,0.6422,635.36,0.64235,408.123496,635.36,408.123496,
2024-03-21 10:40:00+00:00,0.6404,0.6417,0.6416,0.6408,3501.41,0.641125,2244.84148625,3501.41,2244.84148625,
2024-03-21 10:45:00+00:00,0.641,0.643,0.641,0.6422,432.53,0.6418,277.597754,432.53,277.597754,
2024-03-21 10:50:00+00:00,0.6423,0.6434,0.6423,0.6431,2317.54,0.642775,1489.6567735,2317.54,1489.6567735,
2024-03-21 10:55:00+00:00,0.6418,0.6428,0.6428,0.6425,2314.85,0.642475,1487.23325375,2314.85,1487.23325375,
2024-03-21 11:00:00+00:00,0.6416,0.6434,0.6429,0.6416,4390.48,0.642375,2820.33459,4390.48,2820.33459,
2024-03-21 11:05:00+00:00,0.641,0.6418,0.641,0.6416,464.85,0.64135,298.1315475,464.85,298.1315475,
2024-03-21 11:10:00+00:00,0.6421,0.6452,0.6421,0.6449,11389.57,0.643575,7330.04251275,11389.57,7330.04251275,
2024-03-21 11:15:00+00:00,0.644,0.6463,0.6449,0.644,8234.89,0.6448,5309.857072,8234.89,5309.857072,
2024-03-21 11:20:00+00:00,0.6416,0.6434,0.6434,0.6418,2061.28,0.64255,1324.475464,2061.28,1324.475464,
2024-03-21 11:25:00+00:00,0.6398,0.6418,0.641,0.6418,11632.38,0.6411,7457.518818,11632.38,7457.518818,
2024-03-21 11:30:00+00:00,0.64,0.644,0.641,0.6439,13960.14,0.642225,8965.5509115,13960.14,8965.5509115,
2024-03-21 11:35:00+00:00,0.6446,0.6468,0.6446,0.6458,3408.3,0.64545,2199.887235,3408.3,2199.887235,
2024-03-21 11:40:00+00:00,0.6454,0.647,0.6459,0.647,5733.39,0.646325,3705.63329175,5733.39,3705.63329175,
2024-03-21 11:45:00+00:00,0.6458,0.6477,0.6473,0.6464,6630.69,0.6468,4288.730292,6630.69,4288.730292,
2024-03-21 11:50:00+00:00,0.6452,0.647,0.6458,0.6452,404.77,0.6458,261.400466,404.77,261.400466,
2024-03-21 11:55:00+00:00,0.6452,0.6468,0.6455,0.6463,3980.82,0.64595,2571.410679,3980.82,2571.410679,
2024-03-21 12:00:00+00:00,0.6464,0.6488,0.6464,0.6488,9454.71,0.6476,6122.870196,9454.71,6122.870196,
2024-03-21 12:05:00+00:00,0.6475,0.6488,0.6486,0.6476,2492.67,0.648125,1615.56174375,2492.67,1615.56174375,
2024-03-21 12:10:00+00:00,0.6474,0.6492,0.6479,0.6492,3983.0,0.648425,2582.676775,3983.0,2582.676775,
2024-03-21 12:15:00+00:00,0.6487,0.6504,0.6494,0.6494,13713.48,0.649475,8906.562423,13713.48,8906.562423,
2024-03-21 12:20:00+00:00,0.6496,0.6522,0.6496,0.6508,9720.21,0.65055,6323.4826155,9720.21,6323.4826155,
2024-03-21 12:25:00+00:00,0.649,0.6508,0.6508,0.6498,3173.73,0.6501,2063.241873,3173.73,2063.241873,
2024-03-21 12:30:00+00:00,0.6455,0.6526,0.6501,0.6455,10533.81,0.648425,6830.38574925,10533.81,6830.38574925,
2024-03-21 12:35:00+00:00,0.644,0.6464,0.6464,0.644,10050.89,0.6452,6484.834228,10050.89,6484.834228,
2024-03-21 12:40:00+00:00,0.6434,0.647,0.6452,0.6434,2950.01,0.64475,1902.0189475,2950.01,1902.0189475,
2024-03-21 12:45:00+00:00,0.6412,0.644,0.6428,0.6434,5123.86,0.64285,3293.873401,5123.86,3293.873401,
2024-03-21 12:50:00+00:00,0.643,0.6454,0.643,0.6433,5816.36,0.643675,3743.845523,5816.36,3743.845523,
2024-03-21 12:55:00+00:00,0.6428,0.6442,0.644,0.6441,11444.16,0.643775,7367.464104,11444.16,7367.464104,
2024-03-21 13:00:00+00:00,0.6434,0.6453,0.6441,0.6446,10460.09,0.64435,6739.9589915,10460.09,6739.9589915,
2024-03-21 13:05:00+00:00,0.6426,0.6458,0.6452,0.6434,16454.81,0.64425,10601.0113425,16454.81,10601.0113425,
2024-03-21 13:10:00+00:00,0.643,0.6455,0.6432,0.6446,4011.88,0.644075,2583.951611,4011.88,2583.951611,
2024-03-21 13:15:00+00:00,0.6439,0.6452,0.644,0.6446,1940.99,0.644425,1250.82248075,1940.99,1250.82248075,
2024-03-21 13:20:00+00:00,0.6434,0.6447,0.6447,0.6439,2178.72,0.644175,1403.476956,2178.72,1403.476956,
2024-03-21 13:25:00+00:00,0.644,0.6472,0.6446,0.6466,11421.91,0.6456,7373.985096,11421.91,7373.985096,
2024-03-21 13:30:00+00:00,0.6434,0.6471,0.646,0.644,12592.66,0.645125,8123.8397825,12592.66,8123.8397825,
2024-03-21 13:35:00+00:00,0.6416,0.644,0.6434,0.644,8096.5,0.64325,5208.073625,8096.5,5208.073625,
2024-03-21 13:40:00+00:00,0.6422,0.6456,0.644,0.6422,2724.46,0.6435,1753.19001,2724.46,1753.19001,
2024-03-21 13:45:00+00:00,0.6392,0.6432,0.6422,0.6399,13606.31,0.641125,8723.34549875,13606.31,8723.34549875,
2024-03-21 13:50:00+00:00,0.6403,0.6429,0.6404,0.6414,7109.56,0.64125,4559.00535,7109.56,4559.00535,
2024-03-21 13:55:00+00:00,0.6392,0.6412,0.6412,0.6398,2119.43,0.64035,1357.1770005,2119.43,1357.1770005,
2024-03-21 14:00:00+00:00,0.6381,0.6415,0.6392,0.6415,3599.81,0.640075,2304.14838575,3599.81,2304.14838575,
2024-03-21 14:05:00+00:00,0.6404,0.6426,0.641,0.6426,748.51,0.64165,480.2814415,748.51,480.2814415,
2024-03-21 14:10:00+00:00,0.6423,0.6449,0.6423,0.644,747.2,0.643375,480.7298,747.2,480.7298,
2024-03-21 14:15:00+00:00,0.6421,0.644,0.644,0.6434,13521.0,0.643375,8699.073375,13521.0,8699.073375,
2024-03-21 14:20:00+00:00,0.644,0.6467,0.644,0.6465,7861.54,0.6453,5073.051762,7861.54,5073.051762,
2024-03-21 14:25:00+00:00,0.6446,0.6458,0.6458,0.6449,2190.98,0.645275,1413.7846195,2190.98,1413.7846195,
2024-03-21 14:30:00+00:00,0.6431,0.6448,0.6448,0.6434,8048.2,0.644025,5183.242005,8048.2,5183.242005,
2024-03-21 14:35:00+00:00,0.6425,0.6441,0.6431,0.6435,2842.28,0.6433,1828.438724,2842.28,1828.438724,
2024-03-21 14:40:00+00:00,0.6428,0.6446,0.6437,0.6446,928.94,0.643925,598.1676895,928.94,598.1676895,
2024-03-21 14:45:00+00:00,0.6413,0.644,0.644,0.6423,6123.21,0.6429,3936.611709,6123.21,3936.611709,
2024-03-21 14:50:00+00:00,0.6414,0.6434,0.6416,0.6434,8361.75,0.64245,5372.0062875,8361.75,5372.0062875,
2024-03-21 14:55:00+00:00,0.6427,0.644,0.644,0.6436,4679.31,0.643575,3011.48693325,4679.31,3011.48693325,
2024-03-21 15:00:00+00:00,0.6402,0.644,0.6432,0.6403,3723.78,0.641925,2390.3874765,3723.78,2390.3874765,
2024-03-21 15:05:00+00:00,0.6392,0.6416,0.6399,0.6404,700.18,0.640275,448.3077495,700.18,448.3077495,
2024-03-21 15:10:00+00:00,0.6371,0.641,0.641,0.639,9930.64,0.639525,6350.892546,9930.64,6350.892546,
2024-03-21 15:15:00+00:00,0.638,0.6404,0.6386,0.6403,2214.41,0.639325,1415.72767325,2214.41,1415.72767325,
2024-03-21 15:20:00+00:00,0.6386,0.6424,0.64,0.6404,3899.99,0.64035,2497.3585965,3899.99,2497.3585965,
2024-03-21 15:25:00+00:00,0.6391,0.6412,0.6407,0.6397,12374.25,0.640175,7921.68549375,12374.25,7921.68549375,
2024-03-21 15:30:00+00:00,0.6371,0.6411,0.64,0.6377,39169.19,0.638975,25028.13318025,39169.19,25028.13318025,
2024-03-21 15:35:00+00:00,0.634,0.6393,0.638,0.6393,10236.57,0.63765,6527.3488605,10236.57,6527.3488605,
2024-03-21 15:40:00+00:00,0.6386,0.6398,0.6398,0.6392,3735.57,0.63935,2388.3366795,3735.57,2388.3366795,
2024-03-21 15:45:00+00:00,0.6351,0.6386,0.6386,0.6362,3593.27,0.637125,2289.36214875,3593.27,2289.36214875,
2024-03-21 15:50:00+00:00,0.6366,0.6398,0.6368,0.6392,12208.15,0.6381,7790.020515,12208.15,7790.020515,
2024-03-21 15:55:00+00:00,0.6388,0.6402,0.6393,0.6402,2439.33,0.639625,1560.25645125,2439.33,1560.25645125,
2024-03-21 16:00:00+00:00,0.6368,0.6404,0.6396,0.6404,1457.31,0.6393,931.658283,1457.31,931.658283,
2024-03-21 16:05:00+00:00,0.6392,0.6414,0.641,0.6392,2800.49,0.6402,1792.873698,2800.49,1792.873698,
2024-03-21 16:10:00+00:00,0.638,0.6429,0.6386,0.6429,19329.83,0.6406,12382.689098,19329.83,12382.689098,
2024-03-21 16:15:00+00:00,0.6415,0.6452,0.6434,0.6425,14108.59,0.64315,9073.9396585,14108.59,9073.9396585,
2024-03-21 16:20:00+00:00,0.6425,0.6474,0.6427,0.6465,43426.9,0.644775,28000.5794475,43426.9,28000.5794475,
2024-03-21 16:25:00+00:00,0.647,0.6503,0.647,0.6489,5164.16,0.6483,3347.924928,5164.16,3347.924928,
2024-03-21 16:30:00+00:00,0.6458,0.6488,0.6488,0.6459,2486.5,0.647325,1609.5736125,2486.5,1609.5736125,
2024-03-21 16:35:00+00:00,0.645,0.647,0.6464,0.6467,5436.85,0.646275,3513.70023375,5436.85,3513.70023375,
2024-03-21 16:40:00+00:00,0.6464,0.6481,0.6476,0.6474,3687.98,0.647375,2387.5060525,3687.98,2387.5060525,
2024-03-21 16:45:00+00:00,0.6458,0.6472,0.647,0.6465,2102.24,0.646625,1359.36094,2102.24,1359.36094,
2024-03-21 16:50:00+00:00,0.6468,0.6494,0.647,0.6493,2468.39,0.648125,1599.82526875,2468.39,1599.82526875,
2024-03-21 16:55:00+00:00,0.6491,0.6506,0.6495,0.6505,1660.31,0.649925,1079.07697675,1660.31,1079.07697675,
2024-03-21 17:00:00+00:00,0.6486,0.6515,0.6505,0.6515,1546.3,0.650525,1005.9068075,1546.3,1005.9068075,
2024-03-21 17:05:00+00:00,0.6508,0.6555,0.6508,0.6551,13411.88,0.65305,8758.628234,13411.88,8758.628234,
2024-03-21 17:10:00+00:00,0.6521,0.6581,0.6554,0.6557,10800.38,0.655325,7077.7590235,10800.38,7077.7590235,
2024-03-21 17:15:00+00:00,0.6507,0.6555,0.6555,0.6514,12795.51,0.653275,8358.98679525,12795.51,8358.98679525,
2024-03-21 17:20:00+00:00,0.65,0.6521,0.6507,0.65,3091.6,0.6507,2011.70412,3091.6,2011.70412,
2024-03-21 17:25:00+00:00,0.6428,0.6507,0.6507,0.6428,4123.85,0.64675,2667.0999875,4123.85,2667.0999875,
2024-03-21 17:30:00+00:00,0.6404,0.6442,0.6426,0.6424,3230.24,0.6424,2075.106176,3230.24,2075.106176,
2024-03-21 17:35:00+00:00,0.6384,0.6451,0.6422,0.6404,12100.92,0.641525,7763.042703,12100.92,7763.042703,
2024-03-21 17:40:00+00:00,0.6383,0.6398,0.6391,0.6392,10640.05,0.6391,6800.055955,10640.05,6800.055955,
2024-03-21 17:45:00+00:00,0.6381,0.6422,0.6386,0.6404,20298.66,0.639825,12987.5901345,20298.66,12987.5901345,
2024-03-21 17:50:00+00:00,0.6398,0.6434,0.6401,0.6416,3684.59,0.641225,2362.65122275,3684.59,2362.65122275,
2024-03-21 17:55:00+00:00,0.6391,0.6422,0.6416,0.6416,9571.99,0.641125,6136.84208875,9571.99,6136.84208875,
2024-03-21 18:00:00+00:00,0.6392,0.6452,0.6419,0.641,19034.36,0.641825,12216.728107,19034.36,12216.728107,
2024-03-21 18:05:00+00:00,0.6356,0.6407,0.6407,0.6386,11641.06,0.6389,7437.473234,11641.06,7437.473234,
2024-03-21 18:10:00+00:00,0.6314,0.6381,0.6377,0.632,17178.13,0.6348,10904.676924,17178.13,10904.676924,
2024-03-21 18:15:00+00:00,0.6301,0.6357,0.6322,0.6345,13245.53,0.633125,8386.07618125,13245.53,8386.07618125,
2024-03-21 18:20:00+00:00,0.6306,0.6345,0.634,0.632,3617.22,0.632775,2288.8863855,3617.22,2288.8863855,
2024-03-21 18:25:00+00:00,0.6314,0.6334,0.6326,0.6327,15387.24,0.632525,9732.813981,15387.24,9732.813981,
2024-03-21 18:30:00+00:00,0.6282,0.6326,0.6326,0.6297,2310.73,0.630775,1457.55071575,2310.73,1457.55071575,
2024-03-21 18:35:00+00:00,0.6254,0.6296,0.6296,0.6272,7246.02,0.62795,4550.138259,7246.02,4550.138259,
2024-03-21 18:40:00+00:00,0.624,0.6274,0.6274,0.624,3725.1,0.6257,2330.79507,3725.1,2330.79507,
2024-03-21 18:45:00+00:00,0.6248,0.6314,0.6248,0.6314,20048.86,0.6281,12592.688966,20048.86,12592.688966,
2024-03-21 18:50:00+00:00,0.6279,0.6323,0.6309,0.6323,4950.46,0.63085,3122.997691,4950.46,3122.997691,
2024-03-21 18:55:00+00:00,0.6306,0.6326,0.6326,0.6306,4296.97,0.6316,2713.966252,4296.97,2713.966252,
2024-03-21 19:00:00+00:00,0.6296,0.6326,0.6302,0.6302,2235.91,0.63065,1410.0766415,2235.91,1410.0766415,
2024-03-21 19:05:00+00:00,0.6308,0.632,0.6308,0.632,466.64,0.6314,294.636496,466.64,294.636496,
2024-03-21 19:10:00+00:00,0.6326,0.6349,0.6326,0.6349,1119.8,0.63375,709.67325,1119.8,709.67325,
2024-03-21 19:15:00+00:00,0.6314,0.635,0.6346,0.6314,283.09,0.6331,179.224279,283.09,179.224279,
2024-03-21 19:20:00+00:00,0.6308,0.6339,0.6316,0.632,4864.08,0.632075,3074.463366,4864.08,3074.463366,
2024-03-21 19:25:00+00:00,0.6324,0.6356,0.6326,0.6347,26958.5,0.633825,17086.9712625,26958.5,17086.9712625,
2024-03-21 19:30:00+00:00,0.6356,0.641,0.6356,0.6398,9249.87,0.638,5901.41706,9249.87,5901.41706,
2024-03-21 19:35:00+00:00,0.6386,0.6436,0.6392,0.6433,11890.18,0.641175,7623.6861615,11890.18,7623.6861615,
2024-03-21 19:40:00+00:00,0.6427,0.644,0.6431,0.6434,1032.69,0.6433,664.329477,1032.69,664.329477,
2024-03-21 19:45:00+00:00,0.6399,0.6428,0.6428,0.6416,10310.46,0.641775,6616.9954665,10310.46,6616.9954665,
2024-03-21 19:50:00+00:00,0.6415,0.6434,0.6422,0.6422,2282.92,0.642325,1466.376589,2282.92,1466.376589,
2024-03-21 19:55:00+00:00,0.6409,0.6422,0.6416,0.6409,1304.98,0.6414,837.014172,1304.98,837.014172,
2024-03-21 20:00:00+00:00,0.6315,0.6404,0.6404,0.6326,29312.58,0.636225,18649.3962105,29312.58,18649.3962105,
2024-03-21 20:05:00+00:00,0.633,0.6362,0.633,0.635,23111.77,0.6343,14659.795711,23111.77,14659.795711,
2024-03-21 20:10:00+00:00,0.6346,0.6446,0.6346,0.6446,24314.73,0.6396,15551.701308,24314.73,15551.701308,
2024-03-21 20:15:00+00:00,0.6419,0.649,0.644,0.647,58560.69,0.645475,37799.46137775,58560.69,37799.46137775,
2024-03-21 20:20:00+00:00,0.644,0.6489,0.6464,0.6442,19283.76,0.645875,12454.89849,19283.76,12454.89849,
2024-03-21 20:25:00+00:00,0.6428,0.6458,0.6434,0.6443,35140.73,0.644075,22633.26567475,35140.73,22633.26567475,
2024-03-21 20:30:00+00:00,0.6388,0.6446,0.6446,0.641,24888.19,0.64225,15984.4400275,24888.19,15984.4400275,
2024-03-21 20:35:00+00:00,0.6384,0.641,0.6404,0.6404,8966.12,0.64005,5738.765106,8966.12,5738.765106,
2024-03-21 20:40:00+00:00,0.6374,0.6406,0.6403,0.638,13865.9,0.639075,8861.3500425,13865.9,8861.3500425,
2024-03-21 20:45:00+00:00,0.6344,0.6389,0.6386,0.6344,6310.01,0.636575,4016.79461575,6310.01,4016.79461575,
2024-03-21 20:50:00+00:00,0.6333,0.6384,0.6338,0.6374,2550.06,0.635725,1621.1368935,2550.06,1621.1368935,
2024-03-21 20:55:00+00:00,0.638,0.6404,0.638,0.6401,4410.9,0.639125,2819.1164625,4410.9,2819.1164625,
2024-03-21 21:00:00+00:00,0.6374,0.6398,0.6398,0.6374,1568.63,0.6386,1001.727118,1568.63,1001.727118,
2024-03-21 21:05:00+00:00,0.6344,0.6368,0.6368,0.635,509.5,0.63575,323.914625,509.5,323.914625,
2024-03-21 21:10:00+00:00,0.6356,0.6362,0.6356,0.6362,45.58,0.6359,28.984322,45.58,28.984322,
2024-03-21 21:15:00+00:00,0.6355,0.6388,0.6355,0.6378,2119.17,0.6369,1349.699373,2119.17,1349.699373,
2024-03-21 21:20:00+00:00,0.6374,0.6392,0.6374,0.6392,2357.96,0.6383,1505.085868,2357.96,1505.085868,
2024-03-21 21:25:00+00:00,0.6356,0.6398,0.6392,0.6356,9359.42,0.63755,5967.098221,9359.42,5967.098221,
2024-03-21 21:30:00+00:00,0.6362,0.6385,0.6362,0.6379,3908.89,0.6372,2490.744708,3908.89,2490.744708,
2024-03-21 21:35:00+00:00,0.6353,0.6374,0.6368,0.6353,5577.19,0.6362,3548.208278,5577.19,3548.208278,
2024-03-21 21:40:00+00:00,0.6362,0.637,0.6362,0.637,619.73,0.6366,394.520118,619.73,394.520118,
2024-03-21 21:45:00+00:00,0.6368,0.6374,0.6368,0.6372,3976.25,0.63705,2533.0700625,3976.25,2533.0700625,
2024-03-21 21:50:00+00:00,0.637,0.6379,0.6376,0.6378,1914.66,0.637575,1220.7393495,1914.66,1220.7393495,
2024-03-21 21:55:00+00:00,0.6374,0.6392,0.6379,0.6388,13200.63,0.638325,8426.29214475,13200.63,8426.29214475,
2024-03-21 22:00:00+00:00,0.6388,0.6396,0.6391,0.6396,5226.6,0.639275,3341.234715,5226.6,3341.234715,
2024-03-21 22:05:00+00:00,0.6396,0.64,0.6397,0.64,4044.55,0.639825,2587.80420375,4044.55,2587.80420375,
2024-03-21 22:10:00+00:00,0.6399,0.6412,0.6404,0.641,6661.38,0.640625,4267.4465625,6661.38,4267.4465625,
2024-03-21 22:15:00+00:00,0.6364,0.6419,0.6414,0.6369,6972.68,0.63915,4456.588422,6972.68,4456.588422,
2024-03-21 22:20:00+00:00,0.6374,0.6386,0.6374,0.6378,2476.7,0.6378,1579.63926,2476.7,1579.63926,
2024-03-21 22:25:00+00:00,0.6374,0.6398,0.6374,0.6389,9928.06,0.638375,6337.8253025,9928.06,6337.8253025,
2024-03-21 22:30:00+00:00,0.6362,0.6386,0.638,0.6362,1039.95,0.63725,662.7081375,1039.95,662.7081375,
2024-03-21 22:35:00+00:00,0.6355,0.6386,0.6364,0.6386,5448.5,0.637275,3472.1928375,5448.5,3472.1928375,
2024-03-21 22:40:00+00:00,0.6374,0.6393,0.638,0.6385,3475.57,0.6383,2218.456331,3475.57,2218.456331,
2024-03-21 22:45:00+00:00,0.6366,0.6389,0.6388,0.6366,1045.01,0.637725,666.42900225,1045.01,666.42900225,
2024-03-21 22:50:00+00:00,0.6362,0.6371,0.6362,0.6371,209.6,0.63665,133.44184,209.6,133.44184,
2024-03-21 22:55:00+00:00,0.6356,0.6365,0.6362,0.6357,847.71,0.636,539.14356,847.71,539.14356,
2024-03-21 23:00:00+00:00,0.6361,0.6374,0.6362,0.6363,327.95,0.6365,208.740175,327.95,208.740175,
2024-03-21 23:05:00+00:00,0.6355,0.6368,0.6362,0.6362,3962.5,0.636175,2520.8434375,3962.5,2520.8434375,
2024-03-21 23:10:00+00:00,0.6362,0.6368,0.6363,0.6362,367.58,0.636375,233.9187225,367.58,233.9187225,
2024-03-21 23:15:00+00:00,0.635,0.6371,0.6368,0.6355,2201.94,0.6361,1400.654034,2201.94,1400.654034,
2024-03-21 23:20:00+00:00,0.6352,0.6354,0.6353,0.6354,2133.69,0.635325,1355.58659925,2133.69,1355.58659925,
2024-03-21 23:25:00+00:00,0.6344,0.6356,0.6356,0.635,914.67,0.63515,580.9526505,914.67,580.9526505,
2024-03-21 23:30:00+00:00,0.6332,0.6362,0.6344,0.6362,33517.27,0.635,21283.46645,33517.27,21283.46645,
2024-03-21 23:35:00+00:00,0.6354,0.6369,0.6368,0.6355,369.52,0.63615,235.070148,369.52,235.070148,
2024-03-21 23:40:00+00:00,0.6356,0.6364,0.6362,0.6356,137.5,0.63595,87.443125,137.5,87.443125,
2024-03-21 23:45:00+00:00,0.6356,0.6372,0.6361,0.6372,31447.05,0.636525,20016.83350125,31447.05,20016.83350125,
2024-03-21 23:50:00+00:00,0.637,0.6375,0.6372,0.637,2536.61,0.637175,1616.26447675,2536.61,1616.26447675,
2024-03-21 23:55:00+00:00,0.6363,0.6369,0.6369,0.6364,1321.72,0.636625,841.439995,1321.72,841.439995,
2024-03-22 00:00:00+00:00,0.6343,0.6368,0.6368,0.6348,3470.22,0.635675,2205.9320985,3470.22,2205.9320985,
2024-03-22 00:05:00+00:00,0.6338,0.6405,0.6338,0.6405,4661.95,0.63715,2970.3614425,4661.95,2970.3614425,
2024-03-22 00:10:00+00:00,0.6392,0.6416,0.641,0.6401,1401.1,0.640475,897.3695225,1401.1,897.3695225,
2024-03-22 00:15:00+00:00,0.6378,0.6398,0.6398,0.6392,2820.93,0.63915,1802.9974095,2820.93,1802.9974095,
2024-03-22 00:20:00+00:00,0.6386,0.6398,0.6392,0.6392,2804.62,0.6392,1792.713104,2804.62,1792.713104,
2024-03-22 00:25:00+00:00,0.6356,0.6392,0.6392,0.6356,9308.29,0.6374,5933.104046,9308.29,5933.104046,
2024-03-22 00:30:00+00:00,0.6308,0.6351,0.635,0.6315,10930.34,0.6331,6919.998254,10930.34,6919.998254,
2024-03-22 00:35:00+00:00,0.6277,0.6304,0.6304,0.6277,4829.43,0.62905,3037.9529415,4829.43,3037.9529415,
2024-03-22 00:40:00+00:00,0.6273,0.632,0.6274,0.6314,706.37,0.629525,444.67757425,706.37,444.67757425,
2024-03-22 00:45:00+00:00,0.6308,0.6344,0.6315,0.6315,1682.4,0.63205,1063.36092,1682.4,1063.36092,
2024-03-22 00:50:00+00:00,0.6277,0.632,0.632,0.6303,2636.95,0.6305,1662.596975,2636.95,1662.596975,
2024-03-22 00:55:00+00:00,0.6308,0.6326,0.6308,0.6326,365.59,0.6317,230.943203,365.59,230.943203,
2024-03-22 01:00:00+00:00,0.6289,0.6327,0.6326,0.6294,14354.59,0.6309,9056.310831,14354.59,9056.310831,
2024-03-22 01:05:00+00:00,0.6269,0.6302,0.629,0.6302,8677.64,0.629075,5458.886383,8677.64,5458.886383,
2024-03-22 01:10:00+00:00,0.6301,0.6338,0.6301,0.6338,2368.71,0.63195,1496.9062845,2368.71,1496.9062845,
2024-03-22 01:15:00+00:00,0.6332,0.635,0.6344,0.635,1046.64,0.6344,663.988416,1046.64,663.988416,
2024-03-22 01:20:00+00:00,0.632,0.6344,0.6344,0.6331,658.62,0.633475,417.2193045,658.62,417.2193045,
2024-03-22 01:25:00+00:00,0.6323,0.6338,0.6338,0.6332,478.66,0.633275,303.1234115,478.66,303.1234115,
2024-03-22 01:30:00+00:00,0.6302,0.6332,0.6326,0.6304,2098.05,0.6316,1325.12838,2098.05,1325.12838,
2024-03-22 01:35:00+00:00,0.6296,0.6326,0.6309,0.6296,2521.33,0.630675,1590.13979775,2521.33,1590.13979775,
2024-03-22 01:40:00+00:00,0.6296,0.6327,0.6296,0.6308,960.78,0.630675,605.9399265,960.78,605.9399265,
2024-03-22 01:45:00+00:00,0.6302,0.6332,0.6302,0.632,5819.92,0.6314,3674.697488,5819.92,3674.697488,
2024-03-22 01:50:00+00:00,0.6263,0.6314,0.6314,0.6278,2669.75,0.629225,1679.87344375,2669.75,1679.87344375,
2024-03-22 01:55:00+00:00,0.6254,0.6284,0.6276,0.626,1581.59,0.62685,991.4196915,1581.59,991.4196915,
2024-03-22 02:00:00+00:00,0.6264,0.6284,0.6266,0.6272,508.72,0.62715,319.043748,508.72,319.043748,
2024-03-22 02:05:00+00:00,0.623,0.6273,0.6272,0.623,4354.15,0.625125,2721.88801875,4354.15,2721.88801875,
2024-03-22 02:10:00+00:00,0.6224,0.626,0.6226,0.6234,7253.4,0.6236,4523.22024,7253.4,4523.22024,
2024-03-22 02:15:00+00:00,0.622,0.6252,0.6232,0.6251,12897.61,0.623875,8046.49643875,12897.61,8046.49643875,
2024-03-22 02:20:00+00:00,0.6224,0.6243,0.6243,0.6236,8122.7,0.62365,5065.721855,8122.7,5065.721855,
2024-03-22 02:25:00+00:00,0.6242,0.626,0.6242,0.6251,5971.46,0.624875,3731.4160675,5971.46,3731.4160675,
2024-03-22 02:30:00+00:00,0.6248,0.6266,0.625,0.6258,399.56,0.62555,249.944758,399.56,249.944758,
2024-03-22 02:35:00+00:00,0.6248,0.626,0.6254,0.6254,2392.21,0.6254,1496.088134,2392.21,1496.088134,
2024-03-22 02:40:00+00:00,0.6254,0.6266,0.6255,0.6266,4399.6,0.626025,2754.25959,4399.6,2754.25959,
2024-03-22 02:45:00+00:00,0.626,0.6278,0.6272,0.6266,3995.94,0.6269,2505.054786,3995.94,2505.054786,
2024-03-22 02:50:00+00:00,0.6248,0.6266,0.626,0.6266,448.07,0.626,280.49182,448.07,280.49182,
2024-03-22 02:55:00+00:00,0.6272,0.6302,0.6272,0.63,4713.19,0.62865,2962.9468935,4713.19,2962.9468935,
2024-03-22 03:00:00+00:00,0.6305,0.6331,0.6308,0.6325,2473.32,0.631725,1562.458077,2473.32,1562.458077,
2024-03-22 03:05:00+00:00,0.6314,0.6338,0.6328,0.6332,888.32,0.6328,562.128896,888.32,562.128896,
2024-03-22 03:10:00+00:00,0.6314,0.6326,0.6326,0.6321,1004.24,0.632175,634.855422,1004.24,634.855422,
2024-03-22 03:15:00+00:00,0.6326,0.638,0.6326,0.6368,7243.42,0.635,4599.5717,7243.42,4599.5717,
2024-03-22 03:20:00+00:00,0.6374,0.6422,0.6374,0.6416,3263.01,0.63965,2087.1843465,3263.01,2087.1843465,
2024-03-22 03:25:00+00:00,0.6402,0.6424,0.641,0.6424,1727.34,0.6415,1108.08861,1727.34,1108.08861,
2024-03-22 03:30:00+00:00,0.6422,0.6441,0.6428,0.6426,23035.93,0.642925,14810.37529525,23035.93,14810.37529525,
2024-03-22 03:35:00+00:00,0.6434,0.6458,0.6434,0.6446,14878.59,0.6443,9586.275537,14878.59,9586.275537,
2024-03-22 03:40:00+00:00,0.6434,0.6458,0.6452,0.6458,2125.07,0.64505,1370.7764035,2125.07,1370.7764035,
2024-03-22 03:45:00+00:00,0.6452,0.6483,0.6464,0.6458,7758.88,0.646425,5015.534004,7758.88,5015.534004,
2024-03-22 03:50:00+00:00,0.644,0.6488,0.6464,0.6488,5302.8,0.647,3430.9116,5302.8,3430.9116,
2024-03-22 03:55:00+00:00,0.6475,0.6501,0.6492,0.6488,6671.03,0.6489,4328.831367,6671.03,4328.831367,
2024-03-22 04:00:00+00:00,0.6456,0.65,0.6487,0.6464,6987.68,0.647675,4525.745644,6987.68,4525.745644,
2024-03-22 04:05:00+00:00,0.6446,0.647,0.646,0.6452,4178.02,0.6457,2697.747514,4178.02,2697.747514,
2024-03-22 04:10:00+00:00,0.644,0.6471,0.6446,0.6458,8130.75,0.645375,5247.38278125,8130.75,5247.38278125,
2024-03-22 04:15:00+00:00,0.6443,0.6458,0.6454,0.6443,2952.55,0.64495,1904.2471225,2952.55,1904.2471225,
2024-03-22 04:20:00+00:00,0.6422,0.6452,0.6452,0.6422,1902.85,0.6437,1224.864545,1902.85,1224.864545,
2024-03-22 04:25:00+00:00,0.6416,0.644,0.6416,0.644,2900.44,0.6428,1864.402832,2900.44,1864.402832,
2024-03-22 04:30:00+00:00,0.6422,0.6446,0.6446,0.6428,4723.55,0.64355,3039.8406025,4723.55,3039.8406025,
2024-03-22 04:35:00+00:00,0.6429,0.644,0.6434,0.6429,372.42,0.6433,239.577786,372.42,239.577786,
2024-03-22 04:40:00+00:00,0.6438,0.6455,0.644,0.6446,5808.98,0.644475,3743.7423855,5808.98,3743.7423855,
2024-03-22 04:45:00+00:00,0.6437,0.6482,0.644,0.6482,3738.99,0.646025,2415.48101475,3738.99,2415.48101475,
2024-03-22 04:50:00+00:00,0.6488,0.6528,0.6488,0.6528,9024.15,0.6508,5872.91682,9024.15,5872.91682,
2024-03-22 04:55:00+00:00,0.6511,0.6521,0.6514,0.6513,17543.81,0.651475,11429.35361975,17543.81,11429.35361975,
2024-03-22 05:00:00+00:00,0.6494,0.6544,0.6508,0.6539,11680.07,0.652125,7616.86564875,11680.07,7616.86564875,
2024-03-22 05:05:00+00:00,0.6514,0.6528,0.6528,0.6521,1204.98,0.652275,785.9783295,1204.98,785.9783295,
2024-03-22 05:10:00+00:00,0.649,0.6524,0.6524,0.6504,17196.0,0.65105,11195.4558,17196.0,11195.4558,
2024-03-22 05:15:00+00:00,0.6476,0.6514,0.6494,0.6511,1218.67,0.649875,791.98316625,1218.67,791.98316625,
2024-03-22 05:20:00+00:00,0.6521,0.6543,0.6521,0.654,737.75,0.653125,481.84296875,737.75,481.84296875,
2024-03-22 05:25:00+00:00,0.6542,0.6552,0.6543,0.6552,3598.79,0.654725,2356.21778275,3598.79,2356.21778275,
2024-03-22 05:30:00+00:00,0.6528,0.6554,0.6554,0.653,5865.95,0.65415,3837.2111925,5865.95,3837.2111925,
2024-03-22 05:35:00+00:00,0.6521,0.6573,0.6528,0.6571,10604.75,0.654825,6944.25541875,10604.75,6944.25541875,
2024-03-22 05:40:00+00:00,0.6575,0.6589,0.6575,0.6589,3239.74,0.6582,2132.396868,3239.74,2132.396868,
2024-03-22 05:45:00+00:00,0.6547,0.6594,0.6589,0.6551,17801.48,0.657025,11696.017397,17801.48,11696.017397,
2024-03-22 05:50:00+00:00,0.6552,0.6574,0.6552,0.6552,1267.18,0.65575,830.953285,1267.18,830.953285,
2024-03-22 05:55:00+00:00,0.6556,0.6563,0.6563,0.6556,1579.69,0.65595,1036.1976555,1579.69,1036.1976555,
2024-03-22 06:00:00+00:00,0.6544,0.6568,0.6563,0.6548,5103.97,0.655575,3346.03513275,5103.97,3346.03513275,
2024-03-22 06:05:00+00:00,0.6556,0.6594,0.6556,0.6594,12245.91,0.6575,8051.685825,12245.91,8051.685825,
2024-03-22 06:10:00+00:00,0.658,0.6592,0.6588,0.6585,3870.45,0.658625,2549.17513125,3870.45,2549.17513125,
2024-03-22 06:15:00+00:00,0.6542,0.6576,0.6576,0.6542,1231.01,0.6559,807.419459,1231.01,807.419459,
2024-03-22 06:20:00+00:00,0.6542,0.6556,0.6549,0.6556,295.15,0.655075,193.34538625,295.15,193.34538625,
2024-03-22 06:25:00+00:00,0.6542,0.6552,0.6549,0.6543,1224.4,0.65465,801.55346,1224.4,801.55346,
2024-03-22 06:30:00+00:00,0.6528,0.6535,0.6535,0.6528,1646.81,0.65315,1075.6139515,1646.81,1075.6139515,
2024-03-22 06:35:00+00:00,0.6526,0.6542,0.6526,0.6535,4656.53,0.653225,3041.76180925,4656.53,3041.76180925,
2024-03-22 06:40:00+00:00,0.6542,0.6555,0.6542,0.6555,77.08,0.65485,50.475838,77.08,50.475838,
2024-03-22 06:45:00+00:00,0.6528,0.6553,0.6546,0.6543,1876.42,0.65425,1227.647785,1876.42,1227.647785,
2024-03-22 06:50:00+00:00,0.6547,0.6579,0.6547,0.6573,394.45,0.65615,258.8183675,394.45,258.8183675,
2024-03-22 06:55:00+00:00,0.6563,0.6584,0.6569,0.6582,2351.19,0.65745,1545.7898655,2351.19,1545.7898655,
2024-03-22 07:00:00+00:00,0.6556,0.6576,0.6575,0.6558,1141.11,0.656625,749.28135375,1141.11,749.28135375,
2024-03-22 07:05:00+00:00,0.6548,0.6574,0.6549,0.6574,3768.59,0.656125,2472.66611375,3768.59,2472.66611375,
2024-03-22 07:10:00+00:00,0.6557,0.6573,0.6573,0.6569,3890.74,0.6568,2555.438032,3890.74,2555.438032,
2024-03-22 07:15:00+00:00,0.6559,0.6579,0.6575,0.6569,16324.05,0.65705,10725.7170525,16324.05,10725.7170525,
2024-03-22 07:20:00+00:00,0.6542,0.6563,0.6563,0.6542,1606.53,0.65525,1052.6787825,1606.53,1052.6787825,
2024-03-22 07:25:00+00:00,0.6546,0.6563,0.6548,0.6562,433.19,0.655475,283.94521525,433.19,283.94521525,
2024-03-22 07:30:00+00:00,0.6556,0.6569,0.6563,0.6556,407.6,0.6561,267.42636,407.6,267.42636,
2024-03-22 07:35:00+00:00,0.6563,0.6575,0.6563,0.6575,542.93,0.6569,356.650717,542.93,356.650717,
2024-03-22 07:40:00+00:00,0.6569,0.6569,0.6569,0.6569,45.63,0.6569,29.974347,45.63,29.974347,
2024-03-22 07:45:00+00:00,0.6563,0.6569,0.6565,0.6569,4985.33,0.65665,3273.6169445,4985.33,3273.6169445,
2024-03-22 07:50:00+00:00,0.6561,0.6579,0.6575,0.6578,2951.5,0.657325,1940.0947375,2951.5,1940.0947375,
2024-03-22 07:55:00+00:00,0.6567,0.6576,0.6572,0.6569,3734.74,0.6571,2454.097654,3734.74,2454.097654,
2024-03-22 08:00:00+00:00,0.6575,0.6603,0.6575,0.6603,11749.56,0.6589,7741.785084,11749.56,7741.785084,
2024-03-22 08:05:00+00:00,0.6604,0.6632,0.6606,0.6627,23594.72,0.661725,15613.216092,23594.72,15613.216092,
2024-03-22 08:10:00+00:00,0.6606,0.6677,0.6621,0.6677,27893.64,0.664525,18536.021121,27893.64,18536.021121,
2024-03-22 08:15:00+00:00,0.6624,0.6672,0.6671,0.663,5747.59,0.664925,3821.71628075,5747.59,3821.71628075,
2024-03-22 08:20:00+00:00,0.663,0.6658,0.6636,0.6651,24415.12,0.664375,16220.79535,24415.12,16220.79535,
2024-03-22 08:25:00+00:00,0.6618,0.6644,0.6644,0.663,3932.69,0.6634,2608.946546,3932.69,2608.946546,
2024-03-22 08:30:00+00:00,0.6606,0.6637,0.6632,0.6618,1328.2,0.662325,879.700065,1328.2,879.700065,
2024-03-22 08:35:00+00:00,0.6578,0.6612,0.6612,0.6594,6936.45,0.6599,4577.363355,6936.45,4577.363355,
2024-03-22 08:40:00+00:00,0.6549,0.6588,0.6588,0.656,11779.94,0.657125,7740.8930725,11779.94,7740.8930725,
2024-03-22 08:45:00+00:00,0.6563,0.6588,0.6563,0.6584,699.13,0.65745,459.6430185,699.13,459.6430185,
2024-03-22 08:50:00+00:00,0.6556,0.6584,0.6584,0.6563,2265.51,0.657175,1488.83653425,2265.51,1488.83653425,
2024-03-22 08:55:00+00:00,0.6552,0.6579,0.6563,0.6557,3915.11,0.656275,2569.38881525,3915.11,2569.38881525,
2024-03-22 09:00:00+00:00,0.6552,0.6582,0.6552,0.6582,1236.39,0.6567,811.937313,1236.39,811.937313,
2024-03-22 09:05:00+00:00,0.6584,0.6606,0.6584,0.6597,7197.22,0.659275,4744.9472155,7197.22,4744.9472155,
2024-03-22 09:10:00+00:00,0.6596,0.662,0.6604,0.6596,8275.76,0.6604,5465.311904,8275.76,5465.311904,
2024-03-22 09:15:00+00:00,0.6593,0.6608,0.6605,0.6606,46638.13,0.6603,30795.157239,46638.13,30795.157239,
2024-03-22 09:20:00+00:00,0.6606,0.6625,0.6606,0.6625,12174.13,0.66155,8053.7957015,12174.13,8053.7957015,
2024-03-22 09:25:00+00:00,0.6612,0.6629,0.6618,0.6612,3138.38,0.661775,2076.9014245,3138.38,2076.9014245,
2024-03-22 09:30:00+00:00,0.6566,0.6617,0.6617,0.6582,72015.49,0.65955,47497.8164295,72015.49,47497.8164295,
2024-03-22 09:35:00+00:00,0.6553,0.658,0.658,0.6561,13139.08,0.65685,8630.404698,13139.08,8630.404698,
2024-03-22 09:40:00+00:00,0.6554,0.6577,0.6562,0.657,25376.8,0.656575,16661.77246,25376.8,16661.77246,
2024-03-22 09:45:00+00:00,0.6557,0.6588,0.6582,0.6565,7647.24,0.6573,5026.530852,7647.24,5026.530852,
2024-03-22 09:50:00+00:00,0.6569,0.6578,0.6569,0.6572,9030.0,0.6572,5934.516,9030.0,5934.516,
2024-03-22 09:55:00+00:00,0.6561,0.657,0.657,0.6563,599.41,0.6566,393.572606,599.41,393.572606,
2024-03-22 10:00:00+00:00,0.6535,0.6566,0.6564,0.6535,32655.29,0.655,21389.21495,32655.29,21389.21495,
2024-03-22 10:05:00+00:00,0.6507,0.653,0.6528,0.6521,27069.05,0.65215,17653.0809575,27069.05,17653.0809575,
2024-03-22 10:10:00+00:00,0.65,0.6525,0.6517,0.65,15550.48,0.65105,10124.140004,15550.48,10124.140004,
2024-03-22 10:15:00+00:00,0.6476,0.6528,0.6501,0.6527,16798.06,0.6508,10932.177448,16798.06,10932.177448,
2024-03-22 10:20:00+00:00,0.6488,0.6529,0.6525,0.6488,8399.77,0.65075,5466.1503275,8399.77,5466.1503275,
2024-03-22 10:25:00+00:00,0.6446,0.6482,0.6482,0.6464,4123.97,0.64685,2667.5899945,4123.97,2667.5899945,
2024-03-22 10:30:00+00:00,0.6419,0.6466,0.6466,0.6434,9198.94,0.644625,5929.8666975,9198.94,5929.8666975,
2024-03-22 10:35:00+00:00,0.644,0.6465,0.644,0.6456,4661.51,0.645025,3006.79048775,4661.51,3006.79048775,
2024-03-22 10:40:00+00:00,0.644,0.6471,0.6446,0.647,5678.93,0.645675,3666.74312775,5678.93,3666.74312775,
2024-03-22 10:45:00+00:00,0.6446,0.6485,0.6468,0.6458,7605.87,0.646425,4916.62451475,7605.87,4916.62451475,
2024-03-22 10:50:00+00:00,0.6426,0.6454,0.6452,0.6426,6591.02,0.64395,4244.287329,6591.02,4244.287329,
2024-03-22 10:55:00+00:00,0.6422,0.644,0.6429,0.6422,5554.38,0.642825,3570.4943235,5554.38,3570.4943235,
2024-03-22 11:00:00+00:00,0.6391,0.6446,0.6428,0.6405,8893.66,0.64175,5707.506305,8893.66,5707.506305,
2024-03-22 11:05:00+00:00,0.6404,0.6448,0.6404,0.6443,8298.9,0.642475,5331.8357775,8298.9,5331.8357775,
2024-03-22 11:10:00+00:00,0.6416,0.6455,0.644,0.6451,2774.64,0.64405,1787.006892,2774.64,1787.006892,
2024-03-22 11:15:00+00:00,0.644,0.647,0.6447,0.6448,6608.82,0.645125,4263.5150025,6608.82,4263.5150025,
2024-03-22 11:20:00+00:00,0.644,0.6477,0.6446,0.6464,1498.6,0.645675,967.608555,1498.6,967.608555,
2024-03-22 11:25:00+00:00,0.6446,0.6485,0.6462,0.6485,16505.27,0.64695,10678.0844265,16505.27,10678.0844265,
2024-03-22 11:30:00+00:00,0.6463,0.6515,0.6476,0.6494,5156.38,0.6487,3344.943706,5156.38,3344.943706,
2024-03-22 11:35:00+00:00,0.6458,0.65,0.6488,0.6476,9260.92,0.64805,6001.539206,9260.92,6001.539206,
2024-03-22 11:40:00+00:00,0.6464,0.6497,0.6482,0.6497,566.65,0.6485,367.472525,566.65,367.472525,
2024-03-22 11:45:00+00:00,0.6449,0.6514,0.65,0.6464,16338.28,0.648175,10590.064639,16338.28,10590.064639,
2024-03-22 11:50:00+00:00,0.6438,0.6476,0.647,0.6438,20735.59,0.64555,13385.8601245,20735.59,13385.8601245,
2024-03-22 11:55:00+00:00,0.64,0.6456,0.6437,0.6436,24098.14,0.643225,15500.5261015,24098.14,15500.5261015,
2024-03-22 12:00:00+00:00,0.639,0.6453,0.6439,0.6431,15146.27,0.642825,9736.40101275,15146.27,9736.40101275,
2024-03-22 12:05:00+00:00,0.6431,0.6476,0.6431,0.647,9150.74,0.6452,5904.057448,9150.74,5904.057448,
2024-03-22 12:10:00+00:00,0.647,0.6507,0.6476,0.6507,6816.96,0.649,4424.20704,6816.96,4424.20704,
2024-03-22 12:15:00+00:00,0.6482,0.6511,0.6511,0.6503,5433.87,0.650175,3532.96642725,5433.87,3532.96642725,
2024-03-22 12:20:00+00:00,0.6494,0.653,0.6502,0.6511,11303.86,0.650925,7357.9650705,11303.86,7357.9650705,
2024-03-22 12:25:00+00:00,0.6494,0.6533,0.6521,0.6524,6284.05,0.6518,4095.94379,6284.05,4095.94379,
2024-03-22 12:30:00+00:00,0.6494,0.6538,0.6528,0.6513,2648.65,0.651825,1726.45628625,2648.65,1726.45628625,
2024-03-22 12:35:00+00:00,0.6495,0.6536,0.6513,0.6522,76994.87,0.65165,50173.7070355,76994.87,50173.7070355,
2024-03-22 12:40:00+00:00,0.6511,0.6575,0.6521,0.6575,7560.93,0.65455,4949.0067315,7560.93,4949.0067315,
2024-03-22 12:45:00+00:00,0.6521,0.6582,0.6563,0.6538,7875.21,0.6551,5159.050071,7875.21,5159.050071,
2024-03-22 12:50:00+00:00,0.6506,0.6537,0.6537,0.6521,3423.7,0.652525,2234.0498425,3423.7,2234.0498425,
2024-03-22 12:55:00+00:00,0.65,0.6522,0.6522,0.6521,6439.46,0.651625,4196.1131225,6439.46,4196.1131225,
2024-03-22 13:00:00+00:00,0.6499,0.6542,0.6528,0.6499,16709.07,0.6517,10889.300919,16709.07,10889.300919,
2024-03-22 13:05:00+00:00,0.647,0.6514,0.6507,0.647,1669.96,0.649025,1083.845789,1669.96,1083.845789,
2024-03-22 13:10:00+00:00,0.6428,0.6476,0.6464,0.6434,23442.72,0.64505,15121.726536,23442.72,15121.726536,
2024-03-22 13:15:00+00:00,0.6428,0.6484,0.6428,0.647,12754.81,0.64525,8230.0411525,12754.81,8230.0411525,
2024-03-22 13:20:00+00:00,0.6433,0.6488,0.6476,0.6485,24056.73,0.64705,15565.9071465,24056.73,15565.9071465,
2024-03-22 13:25:00+00:00,0.6468,0.6494,0.6474,0.6482,9353.39,0.64795,6060.5290505,9353.39,6060.5290505,
2024-03-22 13:30:00+00:00,0.6432,0.649,0.6488,0.6442,21839.59,0.6463,14114.927017,21839.59,14114.927017,
2024-03-22 13:35:00+00:00,0.6392,0.6446,0.6446,0.6392,40773.71,0.6419,26172.644449,40773.71,26172.644449,
2024-03-22 13:40:00+00:00,0.6384,0.6422,0.6386,0.6393,18541.86,0.639625,11859.8372025,18541.86,11859.8372025,
2024-03-22 13:45:00+00:00,0.6349,0.6398,0.6392,0.6349,21101.14,0.6372,13445.646408,21101.14,13445.646408,
2024-03-22 13:50:00+00:00,0.6314,0.6356,0.6356,0.6332,18099.61,0.63395,11474.2477595,18099.61,11474.2477595,
2024-03-22 13:55:00+00:00,0.6284,0.635,0.6332,0.6316,34624.9,0.63205,21884.668045,34624.9,21884.668045,
2024-03-22 14:00:00+00:00,0.6302,0.6341,0.6309,0.6334,12878.88,0.63215,8141.383992,12878.88,8141.383992,
2024-03-22 14:05:00+00:00,0.6284,0.6346,0.6336,0.629,9181.93,0.6314,5797.470602,9181.93,5797.470602,
2024-03-22 14:10:00+00:00,0.6254,0.6293,0.6291,0.626,21613.4,0.62745,13561.32783,21613.4,13561.32783,
2024-03-22 14:15:00+00:00,0.6236,0.6299,0.6256,0.6296,23378.89,0.627175,14662.65533575,23378.89,14662.65533575,
2024-03-22 14:20:00+00:00,0.6216,0.629,0.629,0.6224,15499.21,0.6255,9694.755855,15499.21,9694.755855,
2024-03-22 14:25:00+00:00,0.6206,0.6257,0.6218,0.6236,12026.63,0.622925,7491.68849275,12026.63,7491.68849275,
2024-03-22 14:30:00+00:00,0.6236,0.6266,0.6242,0.6266,4186.13,0.62525,2617.3777825,4186.13,2617.3777825,
2024-03-22 14:35:00+00:00,0.6272,0.6302,0.6272,0.6288,7203.98,0.62835,4526.620833,7203.98,4526.620833,
2024-03-22 14:40:00+00:00,0.6242,0.6295,0.6295,0.6268,3126.83,0.6275,1962.085825,3126.83,1962.085825,
2024-03-22 14:45:00+00:00,0.6257,0.6292,0.6267,0.6276,4277.33,0.6273,2683.169109,4277.33,2683.169109,
2024-03-22 14:50:00+00:00,0.6248,0.6296,0.6284,0.627,6126.47,0.62745,3844.0536015,6126.47,3844.0536015,
2024-03-22 14:55:00+00:00,0.6278,0.6317,0.6278,0.629,9532.52,0.629075,5996.670019,9532.52,5996.670019,
2024-03-22 15:00:00+00:00,0.6284,0.6362,0.6289,0.6362,4202.27,0.632425,2657.62060475,4202.27,2657.62060475,
2024-03-22 15:05:00+00:00,0.6368,0.6422,0.6368,0.6422,1309.65,0.6395,837.521175,1309.65,837.521175,
2024-03-22 15:10:00+00:00,0.6416,0.6464,0.6428,0.6463,5319.05,0.644275,3426.93093875,5319.05,3426.93093875,
2024-03-22 15:15:00+00:00,0.6403,0.6469,0.6441,0.6469,10357.95,0.64455,6676.2166725,10357.95,6676.2166725,
2024-03-22 15:20:00+00:00,0.647,0.6534,0.647,0.6528,27038.06,0.65005,17576.090903,27038.06,17576.090903,
2024-03-22 15:25:00+00:00,0.653,0.6576,0.6535,0.6563,9762.03,0.6551,6395.105853,9762.03,6395.105853,
2024-03-22 15:30:00+00:00,0.6542,0.6606,0.6569,0.6549,14244.12,0.65665,9353.401398,14244.12,9353.401398,
2024-03-22 15:35:00+00:00,0.6516,0.6567,0.6567,0.6527,46373.41,0.654425,30347.91883925,46373.41,30347.91883925,
2024-03-22 15:40:00+00:00,0.6487,0.6521,0.652,0.6504,34340.0,0.6508,22348.472,34340.0,22348.472,
2024-03-22 15:45:00+00:00,0.6484,0.6538,0.65,0.6521,25081.03,0.651075,16329.63160725,25081.03,16329.63160725,
2024-03-22 15:50:00+00:00,0.6494,0.6521,0.6514,0.6494,3420.25,0.650575,2225.12914375,3420.25,2225.12914375,
2024-03-22 15:55:00+00:00,0.6458,0.6488,0.6488,0.6469,2320.96,0.647575,1502.995672,2320.96,1502.995672,
2024-03-22 16:00:00+00:00,0.6403,0.647,0.647,0.6416,16672.51,0.643975,10736.67962725,16672.51,10736.67962725,
2024-03-22 16:05:00+00:00,0.6385,0.6412,0.6412,0.64,10539.78,0.640225,6747.8306505,10539.78,6747.8306505,
2024-03-22 16:10:00+00:00,0.6398,0.6418,0.6398,0.6405,10910.89,0.640475,6988.15227275,10910.89,6988.15227275,
2024-03-22 16:15:00+00:00,0.6362,0.6404,0.6398,0.6362,721.54,0.63815,460.450751,721.54,460.450751,
2024-03-22 16:20:00+00:00,0.6332,0.6379,0.6362,0.6356,5193.63,0.635725,3301.72043175,5193.63,3301.72043175,
2024-03-22 16:25:00+00:00,0.6344,0.638,0.635,0.6374,10195.73,0.6362,6486.523426,10195.73,6486.523426,
2024-03-22 16:30:00+00:00,0.6308,0.6368,0.6368,0.6314,12882.65,0.63395,8166.9559675,12882.65,8166.9559675,
2024-03-22 16:35:00+00:00,0.6263,0.6314,0.6307,0.6314,84894.55,0.62995,53479.3217725,84894.55,53479.3217725,
2024-03-22 16:40:00+00:00,0.6296,0.6326,0.6318,0.6296,15384.04,0.6309,9705.790836,15384.04,9705.790836,
2024-03-22 16:45:00+00:00,0.6296,0.6333,0.6302,0.6302,3670.85,0.630825,2315.66395125,3670.85,2315.66395125,
2024-03-22 16:50:00+00:00,0.6296,0.6356,0.6299,0.6356,16765.67,0.632675,10607.22026725,16765.67,10607.22026725,
2024-03-22 16:55:00+00:00,0.6356,0.6391,0.6362,0.6365,16969.35,0.63685,10806.9305475,16969.35,10806.9305475,
2024-03-22 17:00:00+00:00,0.6361,0.6392,0.6361,0.6378,7640.15,0.6373,4869.067595,7640.15,4869.067595,
2024-03-22 17:05:00+00:00,0.6362,0.641,0.638,0.6387,5254.94,0.638475,3355.1478165,5254.94,3355.1478165,
2024-03-22 17:10:00+00:00,0.6368,0.6428,0.6392,0.6404,21361.29,0.6398,13666.953342,21361.29,13666.953342,
2024-03-22 17:15:00+00:00,0.6398,0.6428,0.6416,0.641,3681.73,0.6413,2361.093449,3681.73,2361.093449,
2024-03-22 17:20:00+00:00,0.6398,0.6434,0.6407,0.6434,3062.81,0.641825,1965.78802825,3062.81,1965.78802825,
2024-03-22 17:25:00+00:00,0.6398,0.6434,0.6428,0.6404,3792.9,0.6416,2433.52464,3792.9,2433.52464,
2024-03-22 17:30:00+00:00,0.6392,0.6434,0.6404,0.6434,404.25,0.6416,259.3668,404.25,259.3668,
2024-03-22 17:35:00+00:00,0.6428,0.6446,0.6434,0.6436,662.94,0.6436,426.668184,662.94,426.668184,
2024-03-22 17:40:00+00:00,0.643,0.6464,0.6438,0.6464,8266.85,0.6449,5331.291565,8266.85,5331.291565,
2024-03-22 17:45:00+00:00,0.6454,0.6488,0.6466,0.6473,24011.62,0.647025,15536.1184305,24011.62,15536.1184305,
2024-03-22 17:50:00+00:00,0.6433,0.6488,0.6474,0.6458,85253.77,0.646325,55101.64289525,85253.77,55101.64289525,
2024-03-22 17:55:00+00:00,0.6452,0.6467,0.6455,0.6464,9916.72,0.64595,6405.705284,9916.72,6405.705284,
2024-03-22 18:00:00+00:00,0.6447,0.6487,0.6458,0.6487,3032.0,0.646975,1961.6282,3032.0,1961.6282,
2024-03-22 18:05:00+00:00,0.6462,0.651,0.6488,0.647,6243.68,0.64825,4047.46556,6243.68,4047.46556,
2024-03-22 18:10:00+00:00,0.6458,0.647,0.6464,0.6462,1957.31,0.64635,1265.1073185,1957.31,1265.1073185,
2024-03-22 18:15:00+00:00,0.6434,0.6458,0.6458,0.6446,7168.87,0.6449,4623.204263,7168.87,4623.204263,
2024-03-22 18:20:00+00:00,0.6434,0.6443,0.6443,0.644,640.72,0.644,412.62368,640.72,412.62368,
2024-03-22 18:25:00+00:00,0.6444,0.6461,0.6446,0.6455,2581.25,0.64515,1665.2934375,2581.25,1665.2934375,
2024-03-22 18:30:00+00:00,0.6436,0.6475,0.6452,0.6475,8700.31,0.64595,5619.9652445,8700.31,5619.9652445,
2024-03-22 18:35:00+00:00,0.647,0.6508,0.6472,0.6503,11247.25,0.648825,7297.49698125,11247.25,7297.49698125,
2024-03-22 18:40:00+00:00,0.6471,0.6513,0.6501,0.6471,11238.55,0.6489,7292.695095,11238.55,7292.695095,
2024-03-22 18:45:00+00:00,0.6462,0.6488,0.647,0.6464,15774.64,0.6471,10207.769544,15774.64,10207.769544,
2024-03-22 18:50:00+00:00,0.6452,0.6476,0.6458,0.6452,933.46,0.64595,602.968487,933.46,602.968487,
2024-03-22 18:55:00+00:00,0.6452,0.6474,0.646,0.6464,7979.15,0.64625,5156.5256875,7979.15,5156.5256875,
2024-03-22 19:00:00+00:00,0.6436,0.6464,0.6458,0.6452,4456.88,0.64525,2875.80182,4456.88,2875.80182,
2024-03-22 19:05:00+00:00,0.6434,0.6464,0.6446,0.6455,2581.79,0.644975,1665.19000525,2581.79,1665.19000525,
2024-03-22 19:10:00+00:00,0.6408,0.6447,0.6446,0.6413,2610.13,0.64285,1677.9220705,2610.13,1677.9220705,
2024-03-22 19:15:00+00:00,0.6404,0.6422,0.641,0.6422,3645.52,0.64145,2338.418804,3645.52,2338.418804,
2024-03-22 19:20:00+00:00,0.6428,0.6441,0.6428,0.6434,242.14,0.643275,155.7626085,242.14,155.7626085,
2024-03-22 19:25:00+00:00,0.644,0.6466,0.644,0.6443,8753.04,0.644725,5643.303714,8753.04,5643.303714,
2024-03-22 19:30:00+00:00,0.6434,0.6457,0.6434,0.6454,2787.36,0.644475,1796.383836,2787.36,1796.383836,
2024-03-22 19:35:00+00:00,0.6456,0.647,0.6456,0.6468,3081.24,0.64625,1991.25135,3081.24,1991.25135,
2024-03-22 19:40:00+00:00,0.6461,0.6482,0.6476,0.6472,9221.53,0.647275,5968.86583075,9221.53,5968.86583075,
2024-03-22 19:45:00+00:00,0.6458,0.65,0.6464,0.65,2782.71,0.64805,1803.3352155,2782.71,1803.3352155,
2024-03-22 19:50:00+00:00,0.6494,0.6511,0.6502,0.6504,11347.14,0.650275,7378.7614635,11347.14,7378.7614635,
2024-03-22 19:55:00+00:00,0.6482,0.6507,0.6507,0.6482,5414.68,0.64945,3516.563926,5414.68,3516.563926,
2024-03-22 20:00:00+00:00,0.6452,0.6489,0.6476,0.6464,1222.65,0.647025,791.08511625,1222.65,791.08511625,
2024-03-22 20:05:00+00:00,0.6422,0.646,0.646,0.6428,6042.23,0.64425,3892.7066775,6042.23,3892.7066775,
2024-03-22 20:10:00+00:00,0.6418,0.6446,0.6434,0.6429,1398.5,0.643175,899.4802375,1398.5,899.4802375,
2024-03-22 20:15:00+00:00,0.6429,0.6452,0.6429,0.6439,2244.52,0.643725,1444.853637,2244.52,1444.853637,
2024-03-22 20:20:00+00:00,0.6438,0.6464,0.6446,0.6446,7109.45,0.64485,4584.5288325,7109.45,4584.5288325,
2024-03-22 20:25:00+00:00,0.6437,0.6464,0.6452,0.6459,11823.38,0.6453,7629.627114,11823.38,7629.627114,
2024-03-22 20:30:00+00:00,0.6458,0.6485,0.6464,0.6458,14897.77,0.646625,9633.27052625,14897.77,9633.27052625,
2024-03-22 20:35:00+00:00,0.6452,0.6522,0.6459,0.6471,127058.79,0.6476,82283.272404,127058.79,82283.272404,
2024-03-22 20:40:00+00:00,0.6452,0.6472,0.6472,0.6459,6160.11,0.646375,3981.74110125,6160.11,3981.74110125,
2024-03-22 20:45:00+00:00,0.6449,0.647,0.6459,0.6449,8922.57,0.645675,5761.08038475,8922.57,5761.08038475,
2024-03-22 20:50:00+00:00,0.6446,0.6471,0.6453,0.6457,11799.14,0.645675,7618.4097195,11799.14,7618.4097195,
2024-03-22 20:55:00+00:00,0.644,0.6453,0.6453,0.6447,626.38,0.644825,403.9054835,626.38,403.9054835,
2024-03-22 21:00:00+00:00,0.6416,0.6448,0.6446,0.6421,48845.06,0.643275,31420.8059715,48845.06,31420.8059715,
2024-03-22 21:05:00+00:00,0.6399,0.6431,0.6429,0.6405,5446.61,0.6416,3494.544976,5446.61,3494.544976,
2024-03-22 21:10:00+00:00,0.638,0.641,0.6407,0.638,6522.11,0.639425,4170.40018675,6522.11,4170.40018675,
2024-03-22 21:15:00+00:00,0.6371,0.6386,0.6376,0.638,5435.33,0.637825,3466.78935725,5435.33,3466.78935725,
2024-03-22 21:20:00+00:00,0.6343,0.6386,0.6374,0.6386,8102.83,0.637225,5163.32584675,8102.83,5163.32584675,
2024-03-22 21:25:00+00:00,0.6362,0.6385,0.6385,0.6362,2269.24,0.63735,1446.300114,2269.24,1446.300114,
2024-03-22 21:30:00+00:00,0.6326,0.6368,0.6356,0.6326,3816.98,0.6344,2421.492112,3816.98,2421.492112,
2024-03-22 21:35:00+00:00,0.6288,0.633,0.6326,0.632,5551.6,0.6316,3506.39056,5551.6,3506.39056,
2024-03-22 21:40:00+00:00,0.6307,0.6328,0.6314,0.6328,5048.9,0.631925,3190.5261325,5048.9,3190.5261325,
2024-03-22 21:45:00+00:00,0.6316,0.6356,0.633,0.6356,9956.59,0.63395,6311.9802305,9956.59,6311.9802305,
2024-03-22 21:50:00+00:00,0.6358,0.6381,0.6358,0.6368,8619.97,0.636625,5487.68840125,8619.97,5487.68840125,
2024-03-22 21:55:00+00:00,0.6359,0.6368,0.6362,0.6368,1109.67,0.636425,706.22172975,1109.67,706.22172975,
2024-03-22 22:00:00+00:00,0.6357,0.6377,0.6371,0.6363,4858.11,0.6367,3093.158637,4858.11,3093.158637,
2024-03-22 22:05:00+00:00,0.6332,0.6363,0.6363,0.6332,303.27,0.63475,192.5006325,303.27,192.5006325,
2024-03-22 22:10:00+00:00,0.6326,0.6357,0.6333,0.6357,2497.32,0.634325,1584.112509,2497.32,1584.112509,
2024-03-22 22:15:00+00:00,0.6302,0.636,0.636,0.6302,2882.87,0.6331,1825.144997,2882.87,1825.144997,
2024-03-22 22:20:00+00:00,0.629,0.6308,0.6296,0.629,2286.08,0.6296,1439.315968,2286.08,1439.315968,
2024-03-22 22:25:00+00:00,0.629,0.635,0.629,0.635,4019.52,0.632,2540.33664,4019.52,2540.33664,
2024-03-22 22:30:00+00:00,0.6344,0.6386,0.6344,0.6374,877.3,0.6362,558.13826,877.3,558.13826,
2024-03-22 22:35:00+00:00,0.6368,0.6405,0.6368,0.6405,540.76,0.63865,345.356374,540.76,345.356374,
2024-03-22 22:40:00+00:00,0.6395,0.6428,0.6398,0.6415,3324.19,0.6409,2130.473371,3324.19,2130.473371,
2024-03-22 22:45:00+00:00,0.6413,0.6473,0.6425,0.6464,7703.81,0.644375,4964.14256875,7703.81,4964.14256875,
2024-03-22 22:50:00+00:00,0.6416,0.6458,0.6458,0.6434,4177.57,0.64415,2690.9817155,4177.57,2690.9817155,
2024-03-22 22:55:00+00:00,0.6422,0.6441,0.6428,0.6437,506.37,0.6432,325.697184,506.37,325.697184,
2024-03-22 23:00:00+00:00,0.644,0.6466,0.6446,0.6458,4497.69,0.64525,2902.1344725,4497.69,2902.1344725,
2024-03-22 23:05:00+00:00,0.6421,0.6452,0.6452,0.6433,5093.52,0.64395,3279.972204,5093.52,3279.972204,
2024-03-22 23:10:00+00:00,0.6434,0.6448,0.644,0.6442,3759.38,0.6441,2421.416658,3759.38,2421.416658,
2024-03-22 23:15:00+00:00,0.6415,0.6446,0.6434,0.6422,55871.26,0.642925,35921.0298355,55871.26,35921.0298355,
2024-03-22 23:20:00+00:00,0.6415,0.644,0.6422,0.6438,3206.64,0.642875,2061.46869,3206.64,2061.46869,
2024-03-22 23:25:00+00:00,0.6416,0.6438,0.6438,0.6422,13912.04,0.64285,8943.354914,13912.04,8943.354914,
2024-03-22 23:30:00+00:00,0.6427,0.6434,0.6427,0.6428,519.9,0.6429,334.24371,519.9,334.24371,
2024-03-22 23:35:00+00:00,0.6434,0.6446,0.6434,0.6439,485.17,0.643825,312.36457525,485.17,312.36457525,
2024-03-22 23:40:00+00:00,0.6434,0.6445,0.6439,0.6439,2104.42,0.643925,1355.0886485,2104.42,1355.0886485,
2024-03-22 23:45:00+00:00,0.6432,0.6441,0.6434,0.6432,4009.3,0.643475,2579.8843175,4009.3,2579.8843175,
2024-03-22 23:50:00+00:00,0.6428,0.6482,0.6428,0.6482,2500.04,0.6455,1613.77582,2500.04,1613.77582,
2024-03-22 23:55:00+00:00,0.647,0.6508,0.6476,0.6508,12218.5,0.64905,7930.417425,12218.5,7930.417425,
2024-03-23 00:00:00+00:00,0.6482,0.6512,0.6511,0.6496,2866.83,0.650025,1863.51117075,2866.83,1863.51117075,
2024-03-23 00:05:00+00:00,0.6472,0.6503,0.6503,0.6494,3059.99,0.6493,1986.851507,3059.99,1986.851507,
2024-03-23 00:10:00+00:00,0.6466,0.6488,0.6488,0.647,730.5,0.6478,473.2179,730.5,473.2179,
2024-03-23 00:15:00+00:00,0.6464,0.6488,0.6464,0.6476,2859.84,0.6473,1851.174432,2859.84,1851.174432,
2024-03-23 00:20:00+00:00,0.6458,0.6479,0.647,0.6459,1171.31,0.64665,757.4276115,1171.31,757.4276115,
2024-03-23 00:25:00+00:00,0.6446,0.6465,0.6456,0.6458,6626.4,0.645625,4278.1695,6626.4,4278.1695,
2024-03-23 00:30:00+00:00,0.6416,0.6452,0.6452,0.643,4215.47,0.64375,2713.7088125,4215.47,2713.7088125,
2024-03-23 00:35:00+00:00,0.6422,0.6439,0.6434,0.6422,1871.45,0.642925,1203.20199125,1871.45,1203.20199125,
2024-03-23 00:40:00+00:00,0.6433,0.648,0.6433,0.648,11023.12,0.64565,7117.077428,11023.12,7117.077428,
2024-03-23 00:45:00+00:00,0.6458,0.647,0.647,0.6458,218.32,0.6464,141.122048,218.32,141.122048,
2024-03-23 00:50:00+00:00,0.6446,0.6473,0.6458,0.6471,3073.95,0.6462,1986.38649,3073.95,1986.38649,
2024-03-23 00:55:00+00:00,0.6458,0.6473,0.6473,0.6464,499.79,0.6467,323.214193,499.79,323.214193,
2024-03-23 01:00:00+00:00,0.6452,0.6507,0.6458,0.6507,2907.93,0.6481,1884.629433,2907.93,1884.629433,
2024-03-23 01:05:00+00:00,0.6509,0.6532,0.6513,0.6521,1704.14,0.651875,1110.8862625,1704.14,1110.8862625,
2024-03-23 01:10:00+00:00,0.6528,0.6561,0.6528,0.6557,4226.49,0.65435,2765.6037315,4226.49,2765.6037315,
2024-03-23 01:15:00+00:00,0.6547,0.6583,0.6554,0.6582,4580.17,0.65665,3007.5686305,4580.17,3007.5686305,
2024-03-23 01:20:00+00:00,0.6575,0.6622,0.6582,0.6622,6513.15,0.660025,4298.84182875,6513.15,4298.84182875,
2024-03-23 01:25:00+00:00,0.6623,0.665,0.6624,0.6639,56417.16,0.6634,37427.143944,56417.16,37427.143944,
2024-03-23 01:30:00+00:00,0.6596,0.6661,0.6644,0.6641,14523.65,0.66355,9637.1679575,14523.65,9637.1679575,
2024-03-23 01:35:00+00:00,0.6623,0.6657,0.6644,0.6637,7999.03,0.664025,5311.55589575,7999.03,5311.55589575,
2024-03-23 01:40:00+00:00,0.6624,0.6648,0.663,0.6648,9098.47,0.66375,6039.1094625,9098.47,6039.1094625,
2024-03-23 01:45:00+00:00,0.6651,0.6683,0.6651,0.6663,18215.2,0.6662,12134.96624,18215.2,12134.96624,
2024-03-23 01:50:00+00:00,0.6623,0.6671,0.6671,0.6657,19161.91,0.66555,12753.2092005,19161.91,12753.2092005,
2024-03-23 01:55:00+00:00,0.663,0.6656,0.6656,0.6632,1882.57,0.66435,1250.6853795,1882.57,1250.6853795,
2024-03-23 02:00:00+00:00,0.6616,0.6649,0.6625,0.6644,10340.75,0.66335,6859.5365125,10340.75,6859.5365125,
2024-03-23 02:05:00+00:00,0.6624,0.6657,0.6651,0.6636,14936.27,0.6642,9920.670534,14936.27,9920.670534,
2024-03-23 02:10:00+00:00,0.66,0.6637,0.6629,0.6603,5304.31,0.661725,3509.99453475,5304.31,3509.99453475,
2024-03-23 02:15:00+00:00,0.6569,0.6599,0.6599,0.6569,3740.03,0.6584,2462.435752,3740.03,2462.435752,
2024-03-23 02:20:00+00:00,0.6557,0.6594,0.6563,0.6587,8771.94,0.657525,5767.7698485,8771.94,5767.7698485,
2024-03-23 02:25:00+00:00,0.6552,0.6582,0.6582,0.6552,4423.27,0.6567,2904.761409,4423.27,2904.761409,
2024-03-23 02:30:00+00:00,0.6527,0.6555,0.6555,0.6537,3897.03,0.65435,2550.0215805,3897.03,2550.0215805,
2024-03-23 02:35:00+00:00,0.6521,0.6549,0.6542,0.6549,6239.27,0.654025,4080.63856175,6239.27,4080.63856175,
2024-03-23 02:40:00+00:00,0.6535,0.6552,0.6552,0.6552,1839.73,0.654775,1204.60921075,1839.73,1204.60921075,
2024-03-23 02:45:00+00:00,0.6528,0.657,0.6556,0.6556,11100.78,0.65525,7273.786095,11100.78,7273.786095,
2024-03-23 02:50:00+00:00,0.6549,0.6575,0.6553,0.6575,19524.35,0.6563,12813.830905,19524.35,12813.830905,
2024-03-23 02:55:00+00:00,0.657,0.66,0.6571,0.6594,11092.9,0.658375,7303.2880375,11092.9,7303.2880375,
2024-03-23 03:00:00+00:00,0.6549,0.6588,0.6588,0.6549,3301.2,0.65685,2168.39322,3301.2,2168.39322,
2024-03-23 03:05:00+00:00,0.6542,0.6556,0.6549,0.6556,548.21,0.655075,359.11866575,548.21,359.11866575,
2024-03-23 03:10:00+00:00,0.6556,0.6572,0.6563,0.6556,602.32,0.656175,395.227326,602.32,395.227326,
2024-03-23 03:15:00+00:00,0.6493,0.6553,0.6553,0.6493,23654.63,0.6523,15429.915149,23654.63,15429.915149,
2024-03-23 03:20:00+00:00,0.6466,0.6501,0.6495,0.6466,3161.39,0.6482,2049.212998,3161.39,2049.212998,
2024-03-23 03:25:00+00:00,0.6464,0.6488,0.6469,0.6476,1442.78,0.647425,934.0918415,1442.78,934.0918415,
2024-03-23 03:30:00+00:00,0.6446,0.648,0.647,0.6446,3453.72,0.64605,2231.275806,3453.72,2231.275806,
2024-03-23 03:35:00+00:00,0.6427,0.6457,0.6449,0.6457,16971.63,0.64475,10942.4584425,16971.63,10942.4584425,
2024-03-23 03:40:00+00:00,0.6458,0.6486,0.6458,0.6486,5728.04,0.6472,3707.187488,5728.04,3707.187488,
2024-03-23 03:45:00+00:00,0.6476,0.6515,0.6488,0.6512,6559.6,0.649775,4262.26409,6559.6,4262.26409,
2024-03-23 03:50:00+00:00,0.6507,0.6532,0.6515,0.6521,13370.68,0.651875,8716.012025,13370.68,8716.012025,
2024-03-23 03:55:00+00:00,0.6494,0.6516,0.6514,0.6512,10238.56,0.6509,6664.278704,10238.56,6664.278704,
2024-03-23 04:00:00+00:00,0.6494,0.6507,0.6503,0.6507,316.72,0.650275,205.955098,316.72,205.955098,
2024-03-23 04:05:00+00:00,0.6514,0.6563,0.6514,0.6563,966.18,0.65385,631.736793,966.18,631.736793,
2024-03-23 04:10:00+00:00,0.6538,0.6575,0.6563,0.6542,2217.15,0.65545,1453.2309675,2217.15,1453.2309675,
2024-03-23 04:15:00+00:00,0.6549,0.6589,0.6549,0.6567,1427.24,0.65635,936.768974,1427.24,936.768974,
2024-03-23 04:20:00+00:00,0.6556,0.6584,0.6563,0.6556,5542.96,0.656475,3638.814666,5542.96,3638.814666,
2024-03-23 04:25:00+00:00,0.6556,0.6569,0.6556,0.6557,2228.46,0.65595,1461.758337,2228.46,1461.758337,
2024-03-23 04:30:00+00:00,0.6556,0.6575,0.6569,0.6564,3086.91,0.6566,2026.865106,3086.91,2026.865106,
2024-03-23 04:35:00+00:00,0.6563,0.6585,0.6563,0.6563,2580.0,0.65685,1694.673,2580.0,1694.673,
2024-03-23 04:40:00+00:00,0.6563,0.6575,0.6563,0.6567,382.05,0.6567,250.892235,382.05,250.892235,
2024-03-23 04:45:00+00:00,0.6549,0.6568,0.6563,0.6563,1948.17,0.656075,1278.14563275,1948.17,1278.14563275,
2024-03-23 04:50:00+00:00,0.6556,0.6569,0.6569,0.6563,256.31,0.656425,168.24829175,256.31,168.24829175,
2024-03-23 04:55:00+00:00,0.6548,0.6556,0.6556,0.6556,371.03,0.6554,243.173062,371.03,243.173062,
2024-03-23 05:00:00+00:00,0.6555,0.6588,0.6563,0.6588,269.49,0.65735,177.1492515,269.49,177.1492515,
2024-03-23 05:05:00+00:00,0.6563,0.6584,0.6582,0.6568,2620.38,0.657425,1722.7033215,2620.38,1722.7033215,
2024-03-23 05:10:00+00:00,0.6551,0.6575,0.6569,0.6575,612.99,0.65675,402.5811825,612.99,402.5811825,
2024-03-23 05:15:00+00:00,0.6582,0.6602,0.6582,0.66,929.56,0.65915,612.719474,929.56,612.719474,
2024-03-23 05:20:00+00:00,0.66,0.6651,0.66,0.6651,5082.47,0.66255,3367.3904985,5082.47,3367.3904985,
2024-03-23 05:25:00+00:00,0.6632,0.6672,0.6658,0.6644,13410.92,0.66515,8920.273438,13410.92,8920.273438,
2024-03-23 05:30:00+00:00,0.663,0.6659,0.6644,0.6645,9237.55,0.66445,6137.8900975,9237.55,6137.8900975,
2024-03-23 05:35:00+00:00,0.6623,0.6658,0.6656,0.6624,1486.62,0.664025,987.1528455,1486.62,987.1528455,
2024-03-23 05:40:00+00:00,0.663,0.6665,0.663,0.6665,21068.48,0.66475,14005.27208,21068.48,14005.27208,
2024-03-23 05:45:00+00:00,0.6644,0.6686,0.6672,0.6644,29669.11,0.66615,19764.0776265,29669.11,19764.0776265,
2024-03-23 05:50:00+00:00,0.664,0.6675,0.6641,0.6672,9141.18,0.6657,6085.283526,9141.18,6085.283526,
2024-03-23 05:55:00+00:00,0.6671,0.6693,0.6676,0.6686,4470.11,0.66815,2986.7039965,4470.11,2986.7039965,
2024-03-23 06:00:00+00:00,0.6672,0.6723,0.6693,0.6672,16100.33,0.669,10771.12077,16100.33,10771.12077,
2024-03-23 06:05:00+00:00,0.6644,0.6681,0.6676,0.6678,17493.43,0.666975,11667.68047425,17493.43,11667.68047425,
2024-03-23 06:10:00+00:00,0.6657,0.6673,0.6673,0.6658,4083.18,0.666525,2721.5415495,4083.18,2721.5415495,
2024-03-23 06:15:00+00:00,0.6665,0.6679,0.6665,0.6674,2427.3,0.667075,1619.1911475,2427.3,1619.1911475,
2024-03-23 06:20:00+00:00,0.6685,0.6749,0.6685,0.6749,6495.11,0.6717,4362.765387,6495.11,4362.765387,
2024-03-23 06:25:00+00:00,0.6746,0.68,0.6746,0.6794,46005.96,0.67715,31152.935814,46005.96,31152.935814,
2024-03-23 06:30:00+00:00,0.6775,0.684,0.6798,0.6804,46830.82,0.680425,31864.8606985,46830.82,31864.8606985,
2024-03-23 06:35:00+00:00,0.677,0.68,0.6798,0.6786,4440.26,0.67885,3014.270501,4440.26,3014.270501,
2024-03-23 06:40:00+00:00,0.6786,0.6822,0.6791,0.6809,21780.98,0.6802,14815.422596,21780.98,14815.422596,
2024-03-23 06:45:00+00:00,0.6775,0.6847,0.681,0.6777,27965.24,0.680225,19022.655379,27965.24,19022.655379,
2024-03-23 06:50:00+00:00,0.6751,0.6798,0.6784,0.6784,4292.02,0.677925,2909.6676585,4292.02,2909.6676585,
2024-03-23 06:55:00+00:00,0.6751,0.6786,0.6781,0.6763,2204.66,0.677025,1492.6099365,2204.66,1492.6099365,
2024-03-23 07:00:00+00:00,0.675,0.6791,0.6762,0.6755,3402.8,0.67645,2301.82406,3402.8,2301.82406,
2024-03-23 07:05:00+00:00,0.6763,0.6833,0.6763,0.6833,18589.71,0.6798,12637.284858,18589.71,12637.284858,
2024-03-23 07:10:00+00:00,0.6784,0.6832,0.6832,0.6784,15890.66,0.6808,10818.361328,15890.66,10818.361328,
2024-03-23 07:15:00+00:00,0.6773,0.684,0.6791,0.6832,12195.08,0.6809,8303.629972,12195.08,8303.629972,
2024-03-23 07:20:00+00:00,0.6784,0.6827,0.6827,0.6798,6671.52,0.6809,4542.637968,6671.52,4542.637968,
2024-03-23 07:25:00+00:00,0.6777,0.6791,0.6791,0.6782,577.0,0.678525,391.508925,577.0,391.508925,
2024-03-23 07:30:00+00:00,0.6777,0.6791,0.6784,0.6777,3657.26,0.678225,2480.4451635,3657.26,2480.4451635,
2024-03-23 07:35:00+00:00,0.6766,0.6791,0.6784,0.6774,5784.49,0.677875,3921.16115875,5784.49,3921.16115875,
2024-03-23 07:40:00+00:00,0.6784,0.6858,0.6784,0.6858,16576.65,0.6821,11306.932965,16576.65,11306.932965,
2024-03-23 07:45:00+00:00,0.6807,0.6861,0.6858,0.681,2834.67,0.6834,1937.213478,2834.67,1937.213478,
2024-03-23 07:50:00+00:00,0.6803,0.6834,0.6814,0.6834,2322.22,0.682125,1584.0443175,2322.22,1584.0443175,
2024-03-23 07:55:00+00:00,0.6819,0.6852,0.6826,0.6845,8985.95,0.68355,6142.3461225,8985.95,6142.3461225,
2024-03-23 08:00:00+00:00,0.6847,0.6867,0.6847,0.6864,5139.78,0.685625,3523.9616625,5139.78,3523.9616625,
2024-03-23 08:05:00+00:00,0.6856,0.6883,0.6863,0.6866,14684.75,0.6867,10084.017825,14684.75,10084.017825,
2024-03-23 08:10:00+00:00,0.6839,0.6865,0.6865,0.6851,3760.06,0.6855,2577.52113,3760.06,2577.52113,
2024-03-23 08:15:00+00:00,0.6823,0.6871,0.6854,0.6823,5165.61,0.684275,3534.69778275,5165.61,3534.69778275,
2024-03-23 08:20:00+00:00,0.6823,0.6863,0.6844,0.6826,8331.25,0.6839,5697.741875,8331.25,5697.741875,
2024-03-23 08:25:00+00:00,0.6805,0.6833,0.6822,0.6805,1766.16,0.681625,1203.85881,1766.16,1203.85881,
2024-03-23 08:30:00+00:00,0.677,0.6805,0.6798,0.6771,5039.21,0.6786,3419.607906,5039.21,3419.607906,
2024-03-23 08:35:00+00:00,0.6777,0.6803,0.6777,0.6784,7936.45,0.678525,5385.07973625,7936.45,5385.07973625,
2024-03-23 08:40:00+00:00,0.6763,0.6791,0.6787,0.6763,2142.22,0.6776,1451.568272,2142.22,1451.568272,
2024-03-23 08:45:00+00:00,0.6759,0.6784,0.677,0.6774,6584.34,0.677175,4458.7504395,6584.34,4458.7504395,
2024-03-23 08:50:00+00:00,0.6739,0.6774,0.6774,0.6743,3134.87,0.67575,2118.3884025,3134.87,2118.3884025,
2024-03-23 08:55:00+00:00,0.6751,0.6784,0.6751,0.6784,5056.02,0.67675,3421.661535,5056.02,3421.661535,
2024-03-23 09:00:00+00:00,0.6745,0.6784,0.6784,0.6757,5591.11,0.67675,3783.7836925,5591.11,3783.7836925,
2024-03-23 09:05:00+00:00,0.6757,0.6763,0.676,0.676,1562.49,0.676,1056.24324,1562.49,1056.24324,
2024-03-23 09:10:00+00:00,0.6738,0.6763,0.6763,0.6739,1886.94,0.675075,1273.8260205,1886.94,1273.8260205,
2024-03-23 09:15:00+00:00,0.6739,0.6757,0.6747,0.6757,1369.4,0.675,924.345,1369.4,924.345,
2024-03-23 09:20:00+00:00,0.6763,0.6793,0.6763,0.679,3304.87,0.677725,2239.79302075,3304.87,2239.79302075,
2024-03-23 09:25:00+00:00,0.6763,0.6784,0.6784,0.6772,1547.57,0.677575,1048.59474275,1547.57,1048.59474275,
2024-03-23 09:30:00+00:00,0.6756,0.6784,0.6777,0.6759,3434.28,0.6769,2324.664132,3434.28,2324.664132,
2024-03-23 09:35:00+00:00,0.6745,0.6777,0.6751,0.6751,1897.35,0.6756,1281.84966,1897.35,1281.84966,
2024-03-23 09:40:00+00:00,0.6725,0.6745,0.6745,0.6745,1539.16,0.674,1037.39384,1539.16,1037.39384,
2024-03-23 09:45:00+00:00,0.6698,0.6751,0.6751,0.6698,1686.32,0.67245,1133.965884,1686.32,1133.965884,
2024-03-23 09:50:00+00:00,0.6686,0.6714,0.6707,0.67,8740.72,0.670175,5857.812026,8740.72,5857.812026,
2024-03-23 09:55:00+00:00,0.6706,0.6732,0.6706,0.673,1540.91,0.67185,1035.2603835,1540.91,1035.2603835,
2024-03-23 10:00:00+00:00,0.6738,0.6765,0.6738,0.6764,5133.3,0.675125,3465.6191625,5133.3,3465.6191625,
2024-03-23 10:05:00+00:00,0.6732,0.6757,0.6757,0.6757,1810.34,0.675075,1222.1152755,1810.34,1222.1152755,
2024-03-23 10:10:00+00:00,0.6725,0.6757,0.6751,0.6725,1365.37,0.67395,920.1911115,1365.37,920.1911115,
2024-03-23 10:15:00+00:00,0.6725,0.6758,0.6725,0.6757,680.83,0.674125,458.96452375,680.83,458.96452375,
2024-03-23 10:20:00+00:00,0.6757,0.677,0.6761,0.6767,788.62,0.676375,533.4028525,788.62,533.4028525,
2024-03-23 10:25:00+00:00,0.6745,0.677,0.677,0.6751,200.81,0.6759,135.727479,200.81,135.727479,
2024-03-23 10:30:00+00:00,0.6732,0.6752,0.6752,0.6735,1876.93,0.674275,1265.56697575,1876.93,1265.56697575,
2024-03-23 10:35:00+00:00,0.67,0.6728,0.6728,0.6714,1059.98,0.67175,712.041565,1059.98,712.041565,
2024-03-23 10:40:00+00:00,0.6707,0.672,0.6707,0.6714,227.73,0.6712,152.852376,227.73,152.852376,
2024-03-23 10:45:00+00:00,0.6707,0.6717,0.6707,0.6714,2552.62,0.671125,1713.1270975,2552.62,1713.1270975,
2024-03-23 10:50:00+00:00,0.6679,0.6707,0.6707,0.6686,939.95,0.669475,629.27302625,939.95,629.27302625,
2024-03-23 10:55:00+00:00,0.6684,0.6693,0.6689,0.6693,770.82,0.668975,515.6593095,770.82,515.6593095,
2024-03-23 11:00:00+00:00,0.6686,0.67,0.6693,0.6686,851.43,0.669125,569.71309875,851.43,569.71309875,
2024-03-23 11:05:00+00:00,0.667,0.6697,0.6679,0.6697,2320.44,0.668575,1551.388173,2320.44,1551.388173,
2024-03-23 11:10:00+00:00,0.67,0.6714,0.67,0.6703,569.97,0.670425,382.12213725,569.97,382.12213725,
2024-03-23 11:15:00+00:00,0.6707,0.672,0.6714,0.6707,1807.66,0.6712,1213.301392,1807.66,1213.301392,
2024-03-23 11:20:00+00:00,0.6684,0.67,0.67,0.6686,219.84,0.66925,147.12792,219.84,147.12792,
2024-03-23 11:25:00+00:00,0.6679,0.6697,0.6679,0.6697,186.83,0.6688,124.951904,186.83,124.951904,
2024-03-23 11:30:00+00:00,0.6671,0.6694,0.6694,0.6677,1268.72,0.6684,848.012448,1268.72,848.012448,
2024-03-23 11:35:00+00:00,0.6668,0.6672,0.6672,0.6668,302.11,0.667,201.50737,302.11,201.50737,
2024-03-23 11:40:00+00:00,0.6659,0.6669,0.6665,0.6667,3862.92,0.6665,2574.63618,3862.92,2574.63618,
2024-03-23 11:45:00+00:00,0.665,0.6665,0.6664,0.6656,4353.27,0.665875,2898.73366125,4353.27,2898.73366125,
2024-03-23 11:50:00+00:00,0.6655,0.6667,0.6655,0.6665,3574.49,0.66605,2380.7890645,3574.49,2380.7890645,
2024-03-23 11:55:00+00:00,0.6669,0.6679,0.6669,0.6679,815.09,0.6674,543.991066,815.09,543.991066,
2024-03-23 12:00:00+00:00,0.6647,0.6672,0.6672,0.6659,4783.96,0.66625,3187.31335,4783.96,3187.31335,
2024-03-23 12:05:00+00:00,0.6665,0.6686,0.6665,0.6685,2802.15,0.667525,1870.50517875,2802.15,1870.50517875,
2024-03-23 12:10:00+00:00,0.6688,0.6698,0.6693,0.6696,3362.64,0.669375,2250.86715,3362.64,2250.86715,
2024-03-23 12:15:00+00:00,0.6684,0.67,0.6686,0.67,1072.08,0.66925,717.48954,1072.08,717.48954,
2024-03-23 12:20:00+00:00,0.6703,0.6725,0.6703,0.672,4549.34,0.671275,3053.8582085,4549.34,3053.8582085,
2024-03-23 12:25:00+00:00,0.6696,0.6721,0.6721,0.6703,5062.93,0.671025,3397.35260325,5062.93,3397.35260325,
2024-03-23 12:30:00+00:00,0.6672,0.6693,0.6693,0.6677,5291.13,0.668375,3536.45901375,5291.13,3536.45901375,
2024-03-23 12:35:00+00:00,0.6668,0.6696,0.6674,0.6693,939.8,0.668275,628.044845,939.8,628.044845,
2024-03-23 12:40:00+00:00,0.6689,0.6716,0.6695,0.67,2497.63,0.67,1673.4121,2497.63,1673.4121,
2024-03-23 12:45:00+00:00,0.669,0.6707,0.6693,0.6701,1614.89,0.669775,1081.61294975,1614.89,1081.61294975,
2024-03-23 12:50:00+00:00,0.6707,0.6726,0.6707,0.6725,8740.82,0.671625,5870.5532325,8740.82,5870.5532325,
2024-03-23 12:55:00+00:00,0.6702,0.6724,0.6718,0.6724,2131.32,0.6717,1431.607644,2131.32,1431.607644,
2024-03-23 13:00:00+00:00,0.6695,0.6714,0.6714,0.6709,7582.89,0.6708,5086.602612,7582.89,5086.602612,
2024-03-23 13:05:00+00:00,0.67,0.6714,0.6708,0.6709,8119.55,0.670775,5446.39115125,8119.55,5446.39115125,
2024-03-23 13:10:00+00:00,0.6701,0.6732,0.672,0.6701,9448.1,0.67135,6342.981935,9448.1,6342.981935,
2024-03-23 13:15:00+00:00,0.6693,0.6709,0.67,0.6707,271.49,0.670225,181.95938525,271.49,181.95938525,
2024-03-23 13:20:00+00:00,0.6693,0.6717,0.6714,0.6695,917.75,0.670475,615.32843125,917.75,615.32843125,
2024-03-23 13:25:00+00:00,0.6683,0.67,0.6687,0.6689,5388.58,0.668975,3604.8253055,5388.58,3604.8253055,
2024-03-23 13:30:00+00:00,0.6673,0.669,0.6686,0.6686,532.4,0.668375,355.84285,532.4,355.84285,
2024-03-23 13:35:00+00:00,0.6679,0.67,0.6679,0.67,2436.54,0.66895,1629.923433,2436.54,1629.923433,
2024-03-23 13:40:00+00:00,0.6706,0.6732,0.6707,0.6707,2174.07,0.6713,1459.453191,2174.07,1459.453191,
2024-03-23 13:45:00+00:00,0.6714,0.6747,0.6717,0.6739,3343.63,0.672925,2250.01221775,3343.63,2250.01221775,
2024-03-23 13:50:00+00:00,0.6732,0.6751,0.6732,0.6741,3812.95,0.6739,2569.547005,3812.95,2569.547005,
2024-03-23 13:55:00+00:00,0.6725,0.674,0.674,0.6735,17471.87,0.6735,11767.304445,17471.87,11767.304445,
2024-03-23 14:00:00+00:00,0.672,0.6752,0.6726,0.6752,5921.85,0.67375,3989.8464375,5921.85,3989.8464375,
2024-03-23 14:05:00+00:00,0.6752,0.677,0.6752,0.6757,3672.57,0.675775,2481.83099175,3672.57,2481.83099175,
2024-03-23 14:10:00+00:00,0.6744,0.6764,0.6764,0.6763,7821.33,0.675875,5286.24141375,7821.33,5286.24141375,
2024-03-23 14:15:00+00:00,0.6726,0.6758,0.6757,0.6752,19666.3,0.674825,13271.3108975,19666.3,13271.3108975,
2024-03-23 14:20:00+00:00,0.6732,0.6763,0.6757,0.6732,2453.72,0.6746,1655.279512,2453.72,1655.279512,
2024-03-23 14:25:00+00:00,0.6737,0.6751,0.6738,0.6739,5470.16,0.674125,3687.57161,5470.16,3687.57161,
2024-03-23 14:30:00+00:00,0.673,0.6769,0.6732,0.6764,10634.31,0.674875,7176.82996125,10634.31,7176.82996125,
2024-03-23 14:35:00+00:00,0.6757,0.6795,0.6757,0.6794,10670.75,0.677575,7230.23343125,10670.75,7230.23343125,
2024-03-23 14:40:00+00:00,0.6779,0.6798,0.6791,0.6797,10326.13,0.679125,7012.73303625,10326.13,7012.73303625,
2024-03-23 14:45:00+00:00,0.6789,0.6819,0.679,0.6819,6226.12,0.680425,4236.407701,6226.12,4236.407701,
2024-03-23 14:50:00+00:00,0.6803,0.682,0.682,0.6816,6473.22,0.681475,4411.3375995,6473.22,4411.3375995,
2024-03-23 14:55:00+00:00,0.6802,0.6818,0.6818,0.6812,5604.49,0.68125,3818.0588125,5604.49,3818.0588125,
2024-03-23 15:00:00+00:00,0.6777,0.6837,0.6817,0.6798,15997.99,0.680725,10890.23174275,15997.99,10890.23174275,
2024-03-23 15:05:00+00:00,0.679,0.6819,0.6805,0.679,3676.45,0.6801,2500.353645,3676.45,2500.353645,
2024-03-23 15:10:00+00:00,0.6777,0.6798,0.6791,0.6797,1692.22,0.679075,1149.1442965,1692.22,1149.1442965,
2024-03-23 15:15:00+00:00,0.6777,0.6812,0.6791,0.6791,1747.58,0.679275,1187.0874045,1747.58,1187.0874045,
2024-03-23 15:20:00+00:00,0.6777,0.6887,0.6784,0.6861,21070.57,0.682725,14385.40490325,21070.57,14385.40490325,
2024-03-23 15:25:00+00:00,0.6856,0.6899,0.6856,0.688,6047.96,0.687275,4156.611709,6047.96,4156.611709,
2024-03-23 15:30:00+00:00,0.6866,0.69,0.6887,0.6899,10126.12,0.6888,6974.871456,10126.12,6974.871456,
2024-03-23 15:35:00+00:00,0.6841,0.6894,0.6893,0.6841,7039.85,0.686725,4834.44099125,7039.85,4834.44099125,
2024-03-23 15:40:00+00:00,0.6812,0.6847,0.6847,0.6812,6059.63,0.68295,4138.4243085,6059.63,4138.4243085,
2024-03-23 15:45:00+00:00,0.681,0.6854,0.681,0.6854,3491.81,0.6832,2385.604592,3491.81,2385.604592,
2024-03-23 15:50:00+00:00,0.6837,0.6887,0.6861,0.687,2187.22,0.686375,1501.2531275,2187.22,1501.2531275,
2024-03-23 15:55:00+00:00,0.6874,0.6899,0.6874,0.688,8480.36,0.688175,5835.971743,8480.36,5835.971743,
2024-03-23 16:00:00+00:00,0.6849,0.6893,0.6887,0.6852,1547.99,0.687025,1063.50782975,1547.99,1063.50782975,
2024-03-23 16:05:00+00:00,0.6833,0.6855,0.6849,0.6833,5233.61,0.68425,3581.0976425,5233.61,3581.0976425,
2024-03-23 16:10:00+00:00,0.6826,0.6849,0.684,0.6834,4514.36,0.683725,3086.580791,4514.36,3086.580791,
2024-03-23 16:15:00+00:00,0.6812,0.6832,0.6831,0.6816,12619.43,0.682275,8609.92160325,12619.43,8609.92160325,
2024-03-23 16:20:00+00:00,0.6803,0.6814,0.6812,0.6808,6847.33,0.680925,4662.51818025,6847.33,4662.51818025,
2024-03-23 16:25:00+00:00,0.6807,0.6826,0.6807,0.6819,2478.07,0.681475,1688.74275325,2478.07,1688.74275325,
2024-03-23 16:30:00+00:00,0.6819,0.6851,0.6824,0.6851,7753.11,0.683625,5300.21982375,7753.11,5300.21982375,
2024-03-23 16:35:00+00:00,0.6829,0.6849,0.6849,0.6829,7313.21,0.6839,5001.504319,7313.21,5001.504319,
2024-03-23 16:40:00+00:00,0.6819,0.6837,0.6828,0.6833,11720.33,0.682925,8004.10636525,11720.33,8004.10636525,
2024-03-23 16:45:00+00:00,0.6794,0.6829,0.6829,0.6809,4990.18,0.681525,3400.9324245,4990.18,3400.9324245,
2024-03-23 16:50:00+00:00,0.6786,0.6803,0.6799,0.6786,19170.48,0.67935,13023.465588,19170.48,13023.465588,
2024-03-23 16:55:00+00:00,0.6791,0.6826,0.6798,0.6791,4095.47,0.68015,2785.5339205,4095.47,2785.5339205,
2024-03-23 17:00:00+00:00,0.6781,0.6802,0.6798,0.6802,12293.0,0.679575,8354.015475,12293.0,8354.015475,
2024-03-23 17:05:00+00:00,0.6766,0.6794,0.6794,0.6774,2926.92,0.6782,1985.037144,2926.92,1985.037144,
2024-03-23 17:10:00+00:00,0.6779,0.6798,0.6779,0.6791,2362.96,0.678675,1603.681878,2362.96,1603.681878,
2024-03-23 17:15:00+00:00,0.6758,0.6785,0.6785,0.6777,19422.83,0.677625,13161.39517875,19422.83,13161.39517875,
2024-03-23 17:20:00+00:00,0.676,0.6779,0.6779,0.6765,6303.82,0.677075,4268.1589265,6303.82,4268.1589265,
2024-03-23 17:25:00+00:00,0.6757,0.6775,0.676,0.6769,2203.62,0.676525,1490.8040205,2203.62,1490.8040205,
2024-03-23 17:30:00+00:00,0.677,0.679,0.6777,0.6784,6234.38,0.678025,4227.0654995,6234.38,4227.0654995,
2024-03-23 17:35:00+00:00,0.6767,0.678,0.6777,0.6767,4624.26,0.677275,3131.8956915,4624.26,3131.8956915,
2024-03-23 17:40:00+00:00,0.6756,0.6769,0.6763,0.6756,396.38,0.6761,267.992518,396.38,267.992518,
2024-03-23 17:45:00+00:00,0.6763,0.6792,0.6763,0.679,1745.91,0.6777,1183.203207,1745.91,1183.203207,
2024-03-23 17:50:00+00:00,0.6784,0.6799,0.6784,0.6796,290.48,0.679075,197.257706,290.48,197.257706,
2024-03-23 17:55:00+00:00,0.6791,0.6801,0.6798,0.6801,147.26,0.679775,100.1036665,147.26,100.1036665,
2024-03-23 18:00:00+00:00,0.6788,0.6805,0.6791,0.6797,235.9,0.679525,160.2999475,235.9,160.2999475,
2024-03-23 18:05:00+00:00,0.679,0.6809,0.6793,0.6801,9573.16,0.679825,6508.073497,9573.16,6508.073497,
2024-03-23 18:10:00+00:00,0.6812,0.682,0.6812,0.6812,265.59,0.6814,180.973026,265.59,180.973026,
2024-03-23 18:15:00+00:00,0.6811,0.683,0.6812,0.6817,12251.8,0.68175,8352.66465,12251.8,8352.66465,
2024-03-23 18:20:00+00:00,0.6815,0.6833,0.6815,0.6833,1062.8,0.6824,725.25472,1062.8,725.25472,
2024-03-23 18:25:00+00:00,0.6832,0.6839,0.6839,0.6837,423.92,0.683675,289.823506,423.92,289.823506,
2024-03-23 18:30:00+00:00,0.6817,0.684,0.6836,0.6817,7097.96,0.68275,4846.13219,7097.96,4846.13219,
2024-03-23 18:35:00+00:00,0.6805,0.682,0.682,0.6805,6899.84,0.68125,4700.516,6899.84,4700.516,
2024-03-23 18:40:00+00:00,0.6795,0.6805,0.68,0.6805,7140.46,0.680125,4856.4053575,7140.46,4856.4053575,
2024-03-23 18:45:00+00:00,0.6802,0.6829,0.6805,0.6819,71356.93,0.681375,48620.82817875,71356.93,48620.82817875,
2024-03-23 18:50:00+00:00,0.68,0.6819,0.6818,0.6804,4777.54,0.681025,3253.6241785,4777.54,3253.6241785,
2024-03-23 18:55:00+00:00,0.68,0.681,0.68,0.681,594.13,0.6805,404.305465,594.13,404.305465,
2024-03-23 19:00:00+00:00,0.6805,0.6814,0.6812,0.6807,8588.46,0.68095,5848.311837,8588.46,5848.311837,
2024-03-23 19:05:00+00:00,0.6791,0.6805,0.6805,0.6795,3429.73,0.6799,2331.873427,3429.73,2331.873427,
2024-03-23 19:10:00+00:00,0.6797,0.681,0.6797,0.6804,750.42,0.6802,510.435684,750.42,510.435684,
2024-03-23 19:15:00+00:00,0.6791,0.6812,0.6798,0.6803,871.75,0.6801,592.877175,871.75,592.877175,
2024-03-23 19:20:00+00:00,0.6801,0.6812,0.6808,0.6801,7625.93,0.68055,5189.8266615,7625.93,5189.8266615,
2024-03-23 19:25:00+00:00,0.6784,0.6798,0.6798,0.6784,8115.44,0.6791,5511.195304,8115.44,5511.195304,
2024-03-23 19:30:00+00:00,0.677,0.6791,0.6791,0.6777,809.73,0.678225,549.17912925,809.73,549.17912925,
2024-03-23 19:35:00+00:00,0.6759,0.677,0.677,0.6759,10274.34,0.67645,6950.077293,10274.34,6950.077293,
2024-03-23 19:40:00+00:00,0.6732,0.6776,0.677,0.6752,69377.63,0.67575,46881.9334725,69377.63,46881.9334725,
2024-03-23 19:45:00+00:00,0.6751,0.6771,0.6751,0.6771,7884.53,0.6761,5330.730733,7884.53,5330.730733,
2024-03-23 19:50:00+00:00,0.6763,0.678,0.6771,0.678,5453.75,0.67735,3694.0975625,5453.75,3694.0975625,
2024-03-23 19:55:00+00:00,0.6774,0.6783,0.6781,0.6783,1497.92,0.678025,1015.627208,1497.92,1015.627208,
2024-03-23 20:00:00+00:00,0.6776,0.6788,0.6776,0.6786,2162.7,0.67815,1466.635005,2162.7,1466.635005,
2024-03-23 20:05:00+00:00,0.6763,0.6786,0.6786,0.6763,5296.33,0.67745,3587.9987585,5296.33,3587.9987585,
2024-03-23 20:10:00+00:00,0.6749,0.677,0.6757,0.677,281.48,0.67615,190.322702,281.48,190.322702,
2024-03-23 20:15:00+00:00,0.6763,0.6777,0.6777,0.6763,15997.29,0.677,10830.16533,15997.29,10830.16533,
2024-03-23 20:20:00+00:00,0.6774,0.6788,0.6777,0.6774,826.47,0.677825,560.20202775,826.47,560.20202775,
2024-03-23 20:25:00+00:00,0.6777,0.6784,0.6784,0.6784,125.44,0.678225,85.076544,125.44,85.076544,
2024-03-23 20:30:00+00:00,0.6791,0.6805,0.6791,0.6795,5789.76,0.67955,3934.431408,5789.76,3934.431408,
2024-03-23 20:35:00+00:00,0.6797,0.6805,0.6798,0.6805,80.88,0.680125,55.00851,80.88,55.00851,
2024-03-23 20:40:00+00:00,0.6778,0.6798,0.6798,0.6788,4707.93,0.67905,3196.9198665,4707.93,3196.9198665,
2024-03-23 20:45:00+00:00,0.6769,0.6785,0.6785,0.6769,1322.56,0.6777,896.298912,1322.56,896.298912,
2024-03-23 20:50:00+00:00,0.6768,0.6784,0.6772,0.6777,303.42,0.677525,205.5746355,303.42,205.5746355,
2024-03-23 20:55:00+00:00,0.6773,0.6788,0.6779,0.6777,7353.24,0.677925,4984.945227,7353.24,4984.945227,
2024-03-23 21:00:00+00:00,0.677,0.6786,0.6781,0.6773,3594.12,0.67775,2435.91483,3594.12,2435.91483,
2024-03-23 21:05:00+00:00,0.6772,0.6795,0.6777,0.6795,185.41,0.678475,125.79604975,185.41,125.79604975,
2024-03-23 21:10:00+00:00,0.6789,0.6813,0.6792,0.6809,5851.77,0.680075,3979.64248275,5851.77,3979.64248275,
2024-03-23 21:15:00+00:00,0.6818,0.684,0.6818,0.6838,7140.28,0.68285,4875.740198,7140.28,4875.740198,
2024-03-23 21:20:00+00:00,0.6822,0.6843,0.6836,0.6843,2355.0,0.6836,1609.878,2355.0,1609.878,
2024-03-23 21:25:00+00:00,0.6807,0.6833,0.6833,0.6815,2931.96,0.6822,2000.183112,2931.96,2000.183112,
2024-03-23 21:30:00+00:00,0.6813,0.6843,0.6813,0.683,1979.61,0.682475,1351.03433475,1979.61,1351.03433475,
2024-03-23 21:35:00+00:00,0.6811,0.6826,0.6826,0.6811,482.22,0.68185,328.801707,482.22,328.801707,
2024-03-23 21:40:00+00:00,0.6809,0.6874,0.6809,0.6874,11618.21,0.68415,7948.5983715,11618.21,7948.5983715,
2024-03-23 21:45:00+00:00,0.6826,0.6867,0.6867,0.6826,3191.86,0.68465,2185.306949,3191.86,2185.306949,
2024-03-23 21:50:00+00:00,0.6812,0.6826,0.6826,0.6812,1033.22,0.6819,704.552718,1033.22,704.552718,
2024-03-23 21:55:00+00:00,0.6812,0.6831,0.6814,0.6812,475.04,0.681725,323.846644,475.04,323.846644,
2024-03-23 22:00:00+00:00,0.6809,0.6821,0.6812,0.682,3219.15,0.68155,2194.0116825,3219.15,2194.0116825,
2024-03-23 22:05:00+00:00,0.6808,0.6819,0.6816,0.6818,1112.96,0.681525,758.510064,1112.96,758.510064,
2024-03-23 22:10:00+00:00,0.6812,0.6815,0.6815,0.6813,235.0,0.681375,160.123125,235.0,160.123125,
2024-03-23 22:15:00+00:00,0.6795,0.6812,0.6812,0.6795,7355.56,0.68035,5004.355246,7355.56,5004.355246,
2024-03-23 22:20:00+00:00,0.6784,0.6804,0.6804,0.6798,1744.69,0.67975,1185.9530275,1744.69,1185.9530275,
2024-03-23 22:25:00+00:00,0.6796,0.6813,0.6802,0.6803,3643.44,0.68035,2478.814404,3643.44,2478.814404,
2024-03-23 22:30:00+00:00,0.6806,0.6813,0.6806,0.6809,648.62,0.68085,441.612927,648.62,441.612927,
2024-03-23 22:35:00+00:00,0.6811,0.682,0.6811,0.6812,3024.61,0.68135,2060.8180235,3024.61,2060.8180235,
2024-03-23 22:40:00+00:00,0.6801,0.6805,0.6805,0.6802,857.69,0.680325,583.50794925,857.69,583.50794925,
2024-03-23 22:45:00+00:00,0.68,0.681,0.68,0.6807,2510.26,0.680425,1708.0436605,2510.26,1708.0436605,
2024-03-23 22:50:00+00:00,0.6805,0.6812,0.6808,0.6805,610.81,0.68075,415.8089075,610.81,415.8089075,
2024-03-23 22:55:00+00:00,0.6798,0.6812,0.6812,0.6799,4770.42,0.680525,3246.3900705,4770.42,3246.3900705,
2024-03-23 23:00:00+00:00,0.6781,0.6798,0.6791,0.6793,4459.09,0.679075,3028.05654175,4459.09,3028.05654175,
2024-03-23 23:05:00+00:00,0.6784,0.6804,0.6798,0.6784,1148.44,0.67925,780.07787,1148.44,780.07787,
2024-03-23 23:10:00+00:00,0.6773,0.6784,0.6777,0.6778,2543.89,0.6778,1724.248642,2543.89,1724.248642,
2024-03-23 23:15:00+00:00,0.6772,0.6784,0.6777,0.6777,343.36,0.67775,232.71224,343.36,232.71224,
2024-03-23 23:20:00+00:00,0.6763,0.677,0.677,0.677,127.53,0.676825,86.31549225,127.53,86.31549225,
2024-03-23 23:25:00+00:00,0.6736,0.6766,0.6766,0.6736,6783.12,0.6751,4579.284312,6783.12,4579.284312,
2024-03-23 23:30:00+00:00,0.672,0.6736,0.6736,0.6723,18320.06,0.672875,12327.1103725,18320.06,12327.1103725,
2024-03-23 23:35:00+00:00,0.6714,0.6726,0.6721,0.6722,1041.39,0.672075,699.89218425,1041.39,699.89218425,
2024-03-23 23:40:00+00:00,0.6707,0.6726,0.6724,0.6713,4456.09,0.67175,2993.3784575,4456.09,2993.3784575,
2024-03-23 23:45:00+00:00,0.6688,0.6711,0.6711,0.67,7289.76,0.67025,4885.96164,7289.76,4885.96164,
2024-03-23 23:50:00+00:00,0.6686,0.6718,0.6707,0.6702,26860.65,0.670325,18005.36521125,26860.65,18005.36521125,
2024-03-23 23:55:00+00:00,0.6689,0.6707,0.6707,0.6695,174.63,0.66995,116.9933685,174.63,116.9933685,
2024-03-24 00:00:00+00:00,0.6678,0.67,0.6691,0.67,3747.75,0.669225,2508.08799375,3747.75,2508.08799375,
2024-03-24 00:05:00+00:00,0.6706,0.672,0.6706,0.6714,4973.18,0.67115,3337.749757,4973.18,3337.749757,
2024-03-24 00:10:00+00:00,0.671,0.6723,0.672,0.671,1390.47,0.671575,933.80489025,1390.47,933.80489025,
2024-03-24 00:15:00+00:00,0.6711,0.6739,0.6711,0.6739,2229.8,0.6725,1499.5405,2229.8,1499.5405,
2024-03-24 00:20:00+00:00,0.6742,0.6777,0.6744,0.6777,16025.9,0.676,10833.5084,16025.9,10833.5084,
2024-03-24 00:25:00+00:00,0.6776,0.6805,0.6777,0.6776,6883.24,0.67835,4669.245854,6883.24,4669.245854,
2024-03-24 00:30:00+00:00,0.6762,0.6784,0.6773,0.6777,4220.41,0.6774,2858.905734,4220.41,2858.905734,
2024-03-24 00:35:00+00:00,0.6745,0.6772,0.677,0.6745,7962.81,0.6758,5381.266998,7962.81,5381.266998,
2024-03-24 00:40:00+00:00,0.6745,0.6757,0.6751,0.6754,406.75,0.675175,274.62743125,406.75,274.62743125,
2024-03-24 00:45:00+00:00,0.6739,0.6763,0.6756,0.6763,3651.26,0.675525,2466.5174115,3651.26,2466.5174115,
2024-03-24 00:50:00+00:00,0.677,0.6832,0.677,0.6832,1845.12,0.6801,1254.866112,1845.12,1254.866112,
2024-03-24 00:55:00+00:00,0.6805,0.6833,0.6833,0.6812,637.05,0.682075,434.51587875,637.05,434.51587875,
2024-03-24 01:00:00+00:00,0.677,0.6805,0.6805,0.677,928.68,0.67875,630.34155,928.68,630.34155,
2024-03-24 01:05:00+00:00,0.6751,0.677,0.6766,0.6763,2923.1,0.67625,1976.746375,2923.1,1976.746375,
2024-03-24 01:10:00+00:00,0.6739,0.6759,0.6757,0.6747,2651.86,0.67505,1790.138093,2651.86,1790.138093,
2024-03-24 01:15:00+00:00,0.6713,0.6744,0.6739,0.6713,25439.41,0.672725,17113.72709225,25439.41,17113.72709225,
2024-03-24 01:20:00+00:00,0.6707,0.6751,0.6718,0.6751,8934.23,0.673175,6014.30028025,8934.23,6014.30028025,
2024-03-24 01:25:00+00:00,0.6745,0.6766,0.6756,0.6749,8440.08,0.6754,5700.430032,8440.08,5700.430032,
2024-03-24 01:30:00+00:00,0.6726,0.6739,0.6739,0.6728,620.33,0.6733,417.668189,620.33,417.668189,
2024-03-24 01:35:00+00:00,0.6707,0.6735,0.6728,0.6718,9006.28,0.6722,6054.021416,9006.28,6054.021416,
2024-03-24 01:40:00+00:00,0.6707,0.6726,0.6726,0.671,14454.17,0.671725,9709.22734325,14454.17,9709.22734325,
2024-03-24 01:45:00+00:00,0.6714,0.6725,0.672,0.6714,2110.27,0.671825,1417.73214275,2110.27,1417.73214275,
2024-03-24 01:50:00+00:00,0.672,0.6732,0.672,0.6723,786.3,0.672375,528.6884625,786.3,528.6884625,
2024-03-24 01:55:00+00:00,0.6732,0.6751,0.6732,0.6745,10598.4,0.674,7143.3216,10598.4,7143.3216,
2024-03-24 02:00:00+00:00,0.6717,0.6745,0.6745,0.6726,6914.07,0.673325,4655.41618275,6914.07,4655.41618275,
2024-03-24 02:05:00+00:00,0.673,0.6733,0.6732,0.6732,1485.34,0.673175,999.8937545,1485.34,999.8937545,
2024-03-24 02:10:00+00:00,0.672,0.6728,0.6726,0.672,1616.78,0.67235,1087.042033,1616.78,1087.042033,
2024-03-24 02:15:00+00:00,0.67,0.6716,0.6714,0.6703,4874.48,0.670825,3269.923046,4874.48,3269.923046,
2024-03-24 02:20:00+00:00,0.6677,0.6697,0.6697,0.6686,5841.25,0.668925,3907.35815625,5841.25,3907.35815625,
2024-03-24 02:25:00+00:00,0.6679,0.6693,0.6692,0.6686,3834.37,0.66875,2564.2349375,3834.37,2564.2349375,
2024-03-24 02:30:00+00:00,0.6684,0.6696,0.6685,0.6692,949.49,0.668925,635.13759825,949.49,635.13759825,
2024-03-24 02:35:00+00:00,0.6695,0.6701,0.67,0.6695,4917.55,0.669775,3293.65205125,4917.55,3293.65205125,
2024-03-24 02:40:00+00:00,0.6686,0.6715,0.6693,0.6715,3189.38,0.670225,2137.6022105,3189.38,2137.6022105,
2024-03-24 02:45:00+00:00,0.6693,0.6723,0.672,0.6711,1369.82,0.671175,919.3889385,1369.82,919.3889385,
2024-03-24 02:50:00+00:00,0.6679,0.6714,0.6714,0.6693,2947.78,0.67,1975.0126,2947.78,1975.0126,
2024-03-24 02:55:00+00:00,0.6696,0.6702,0.67,0.6697,3065.31,0.669875,2053.37453625,3065.31,2053.37453625,
2024-03-24 03:00:00+00:00,0.6658,0.6696,0.6696,0.6658,12271.14,0.6677,8193.440178,12271.14,8193.440178,
2024-03-24 03:05:00+00:00,0.6624,0.6666,0.6666,0.6631,15333.53,0.664675,10191.81405275,15333.53,10191.81405275,
2024-03-24 03:10:00+00:00,0.661,0.6629,0.6619,0.6624,3644.05,0.66205,2412.5433025,3644.05,2412.5433025,
2024-03-24 03:15:00+00:00,0.663,0.6648,0.663,0.6637,515.24,0.663625,341.926145,515.24,341.926145,
2024-03-24 03:20:00+00:00,0.663,0.6655,0.6643,0.6638,1608.71,0.66415,1068.4247465,1608.71,1068.4247465,
2024-03-24 03:25:00+00:00,0.6627,0.6644,0.6644,0.6644,5325.76,0.663975,3536.171496,5325.76,3536.171496,
2024-03-24 03:30:00+00:00,0.6612,0.6637,0.6637,0.6612,1833.45,0.66245,1214.5689525,1833.45,1214.5689525,
2024-03-24 03:35:00+00:00,0.6606,0.664,0.6612,0.6624,8636.65,0.66205,5717.8941325,8636.65,5717.8941325,
2024-03-24 03:40:00+00:00,0.6618,0.6624,0.6624,0.6623,110.44,0.662225,73.136129,110.44,73.136129,
2024-03-24 03:45:00+00:00,0.6617,0.6634,0.6618,0.6625,1009.33,0.66235,668.5297255,1009.33,668.5297255,
2024-03-24 03:50:00+00:00,0.6612,0.6624,0.6622,0.6615,6292.86,0.661825,4164.7720695,6292.86,4164.7720695,
2024-03-24 03:55:00+00:00,0.6606,0.6618,0.6618,0.6606,2136.54,0.6612,1412.680248,2136.54,1412.680248,
2024-03-24 04:00:00+00:00,0.6597,0.6619,0.6612,0.6615,25913.55,0.661075,17130.80006625,25913.55,17130.80006625,
2024-03-24 04:05:00+00:00,0.6618,0.664,0.6618,0.6638,27732.77,0.66285,18382.6665945,27732.77,18382.6665945,
2024-03-24 04:10:00+00:00,0.6613,0.6637,0.663,0.6637,2249.47,0.662925,1491.22989975,2249.47,1491.22989975,
2024-03-24 04:15:00+00:00,0.6624,0.6637,0.663,0.663,367.69,0.663025,243.78766225,367.69,243.78766225,
2024-03-24 04:20:00+00:00,0.6592,0.6624,0.6624,0.6592,10597.22,0.6608,7002.642976,10597.22,7002.642976,
2024-03-24 04:25:00+00:00,0.6586,0.66,0.6588,0.6594,2133.56,0.6592,1406.442752,2133.56,1406.442752,
2024-03-24 04:30:00+00:00,0.66,0.6617,0.66,0.6617,1825.76,0.66085,1206.553496,1825.76,1206.553496,
2024-03-24 04:35:00+00:00,0.66,0.6616,0.6616,0.66,175.6,0.6608,116.03648,175.6,116.03648,
2024-03-24 04:40:00+00:00,0.6606,0.663,0.6606,0.6629,3516.73,0.661775,2327.28399575,3516.73,2327.28399575,
2024-03-24 04:45:00+00:00,0.6606,0.663,0.6624,0.6612,772.77,0.6618,511.419186,772.77,511.419186,
2024-03-24 04:50:00+00:00,0.6606,0.6621,0.6606,0.6612,386.69,0.661125,255.65042625,386.69,255.65042625,
2024-03-24 04:55:00+00:00,0.6605,0.6618,0.6609,0.6618,9200.32,0.66125,6083.7116,9200.32,6083.7116,
2024-03-24 05:00:00+00:00,0.6612,0.6637,0.6613,0.662,3309.3,0.66205,2190.922065,3309.3,2190.922065,
2024-03-24 05:05:00+00:00,0.6612,0.6623,0.6623,0.6612,401.3,0.66175,265.560275,401.3,265.560275,
2024-03-24 05:10:00+00:00,0.6606,0.6611,0.6611,0.6606,46.99,0.66085,31.0533415,46.99,31.0533415,
2024-03-24 05:15:00+00:00,0.6608,0.6625,0.6612,0.6625,2250.38,0.66175,1489.188965,2250.38,1489.188965,
2024-03-24 05:20:00+00:00,0.663,0.6637,0.663,0.6635,2897.82,0.6633,1922.124006,2897.82,1922.124006,
2024-03-24 05:25:00+00:00,0.663,0.6644,0.663,0.6644,117.59,0.6637,78.044483,117.59,78.044483,
2024-03-24 05:30:00+00:00,0.663,0.6644,0.663,0.6644,117.59,0.6637,78.044483,117.59,78.044483,
2024-03-24 05:35:00+00:00,0.6637,0.6645,0.6639,0.6645,2332.17,0.66415,1548.9107055,2332.17,1548.9107055,
2024-03-24 05:40:00+00:00,0.665,0.6651,0.6651,0.665,187.3,0.66505,124.563865,187.3,124.563865,
2024-03-24 05:45:00+00:00,0.664,0.6651,0.6644,0.6644,1422.44,0.664475,945.175819,1422.44,945.175819,
2024-03-24 05:50:00+00:00,0.663,0.6637,0.6637,0.663,553.26,0.66335,367.005021,553.26,367.005021,
2024-03-24 05:55:00+00:00,0.6616,0.6624,0.6624,0.6616,283.47,0.662,187.65714,283.47,187.65714,
2024-03-24 06:00:00+00:00,0.6591,0.6615,0.6612,0.6591,4790.86,0.660225,3163.0455435,4790.86,3163.0455435,
2024-03-24 06:05:00+00:00,0.6583,0.6595,0.6588,0.6595,3695.01,0.659025,2435.10396525,3695.01,2435.10396525,
2024-03-24 06:10:00+00:00,0.6597,0.6612,0.6597,0.6612,161.14,0.66045,106.424913,161.14,106.424913,
2024-03-24 06:15:00+00:00,0.6612,0.6629,0.6618,0.6618,2730.63,0.661925,1807.47226275,2730.63,1807.47226275,
2024-03-24 06:20:00+00:00,0.6594,0.6614,0.6612,0.6594,5243.7,0.66035,3462.677295,5243.7,3462.677295,
2024-03-24 06:25:00+00:00,0.6588,0.6603,0.6595,0.6588,11949.9,0.65935,7879.166565,11949.9,7879.166565,
2024-03-24 06:30:00+00:00,0.6581,0.6589,0.6582,0.6581,6011.43,0.658325,3957.47465475,6011.43,3957.47465475,
2024-03-24 06:35:00+00:00,0.6574,0.6582,0.6576,0.658,3428.38,0.6578,2255.188364,3428.38,2255.188364,
2024-03-24 06:40:00+00:00,0.6555,0.6575,0.6575,0.6572,14639.56,0.656925,9617.092953,14639.56,9617.092953,
2024-03-24 06:45:00+00:00,0.6547,0.6569,0.6569,0.6556,10649.46,0.656025,6986.3119965,10649.46,6986.3119965,
2024-03-24 06:50:00+00:00,0.6549,0.6569,0.6551,0.6569,1503.74,0.65595,986.378253,1503.74,986.378253,
2024-03-24 06:55:00+00:00,0.6575,0.6588,0.6575,0.6587,7189.9,0.658125,4731.8529375,7189.9,4731.8529375,
2024-03-24 07:00:00+00:00,0.6575,0.6589,0.6584,0.6583,574.41,0.658275,378.11974275,574.41,378.11974275,
2024-03-24 07:05:00+00:00,0.6572,0.6588,0.6575,0.6588,23555.55,0.658075,15501.31856625,23555.55,15501.31856625,
2024-03-24 07:10:00+00:00,0.6584,0.6602,0.6584,0.6586,4070.61,0.6589,2682.124929,4070.61,2682.124929,
2024-03-24 07:15:00+00:00,0.6583,0.6597,0.6594,0.6583,838.56,0.658925,552.548148,838.56,552.548148,
2024-03-24 07:20:00+00:00,0.6585,0.66,0.6585,0.66,526.25,0.65925,346.9303125,526.25,346.9303125,
2024-03-24 07:25:00+00:00,0.6606,0.6619,0.6606,0.6618,2204.83,0.661225,1457.88871675,2204.83,1457.88871675,
2024-03-24 07:30:00+00:00,0.66,0.6624,0.662,0.66,10855.78,0.6611,7176.756158,10855.78,7176.756158,
2024-03-24 07:35:00+00:00,0.6593,0.6606,0.6606,0.6594,2666.36,0.659975,1759.730941,2666.36,1759.730941,
2024-03-24 07:40:00+00:00,0.6588,0.6644,0.6588,0.6644,2744.87,0.6616,1816.005992,2744.87,1816.005992,
2024-03-24 07:45:00+00:00,0.6621,0.6643,0.6643,0.6621,3599.96,0.6632,2387.493472,3599.96,2387.493472,
2024-03-24 07:50:00+00:00,0.6612,0.6624,0.6618,0.6612,1602.8,0.66165,1060.49262,1602.8,1060.49262,
2024-03-24 07:55:00+00:00,0.6616,0.6639,0.6616,0.6636,5016.19,0.662675,3324.10370825,5016.19,3324.10370825,
2024-03-24 08:00:00+00:00,0.6624,0.663,0.663,0.6624,1189.94,0.6627,788.573238,1189.94,788.573238,
2024-03-24 08:05:00+00:00,0.6624,0.6647,0.6624,0.6647,2567.52,0.66355,1703.677896,2567.52,1703.677896,
2024-03-24 08:10:00+00:00,0.6644,0.6665,0.6651,0.6659,9599.71,0.665475,6388.36701225,9599.71,6388.36701225,
2024-03-24 08:15:00+00:00,0.6637,0.6664,0.6657,0.6644,7497.14,0.66505,4985.972957,7497.14,4985.972957,
2024-03-24 08:20:00+00:00,0.663,0.665,0.665,0.663,144.6,0.664,96.0144,144.6,96.0144,
2024-03-24 08:25:00+00:00,0.6626,0.6633,0.6633,0.6626,22.49,0.66295,14.9097455,22.49,14.9097455,
2024-03-24 08:30:00+00:00,0.6628,0.6644,0.6628,0.6644,181.9,0.6636,120.70884,181.9,120.70884,
2024-03-24 08:35:00+00:00,0.6637,0.6658,0.6643,0.6657,625.42,0.664875,415.8261225,625.42,415.8261225,
2024-03-24 08:40:00+00:00,0.6651,0.6672,0.6652,0.6672,17343.53,0.666175,11553.82609775,17343.53,11553.82609775,
2024-03-24 08:45:00+00:00,0.6665,0.6682,0.6671,0.6682,14306.38,0.6675,9549.50865,14306.38,9549.50865,
2024-03-24 08:50:00+00:00,0.6679,0.6686,0.6686,0.6686,360.74,0.668425,241.1276345,360.74,241.1276345,
2024-03-24 08:55:00+00:00,0.6693,0.6718,0.6693,0.6718,1161.72,0.67055,778.991346,1161.72,778.991346,
2024-03-24 09:00:00+00:00,0.6706,0.6725,0.6715,0.6706,1099.3,0.6713,737.96009,1099.3,737.96009,
2024-03-24 09:05:00+00:00,0.6705,0.6724,0.6714,0.6724,3194.1,0.671675,2145.3971175,3194.1,2145.3971175,
2024-03-24 09:10:00+00:00,0.6709,0.6722,0.6722,0.6711,151.42,0.6716,101.693672,151.42,101.693672,
2024-03-24 09:15:00+00:00,0.6707,0.6726,0.6707,0.6707,4044.34,0.671175,2714.4598995,4044.34,2714.4598995,
2024-03-24 09:20:00+00:00,0.67,0.6722,0.6708,0.6722,4840.79,0.6713,3249.622327,4840.79,3249.622327,
2024-03-24 09:25:00+00:00,0.6707,0.6732,0.6726,0.6707,2218.57,0.6718,1490.435326,2218.57,1490.435326,
2024-03-24 09:30:00+00:00,0.6693,0.6707,0.6707,0.6704,4656.85,0.670275,3121.37013375,4656.85,3121.37013375,
2024-03-24 09:35:00+00:00,0.6703,0.6714,0.6708,0.6703,3676.87,0.6707,2466.076709,3676.87,2466.076709,
2024-03-24 09:40:00+00:00,0.6692,0.6714,0.6713,0.6696,11939.25,0.670375,8003.77471875,11939.25,8003.77471875,
2024-03-24 09:45:00+00:00,0.67,0.6707,0.6707,0.67,99.56,0.67035,66.740046,99.56,66.740046,
2024-03-24 09:50:00+00:00,0.6703,0.6714,0.6703,0.6709,2652.32,0.670725,1778.977332,2652.32,1778.977332,
2024-03-24 09:55:00+00:00,0.6698,0.6707,0.6707,0.6698,74.84,0.67025,50.16151,74.84,50.16151,
2024-03-24 10:00:00+00:00,0.6693,0.67,0.6695,0.6695,2665.85,0.669575,1784.98651375,2665.85,1784.98651375,
2024-03-24 10:05:00+00:00,0.67,0.6711,0.67,0.6711,1207.3,0.67055,809.555015,1207.3,809.555015,
2024-03-24 10:10:00+00:00,0.6693,0.671,0.671,0.6699,336.26,0.6703,225.395078,336.26,225.395078,
2024-03-24 10:15:00+00:00,0.6681,0.6707,0.6687,0.6707,5688.54,0.66955,3808.761957,5688.54,3808.761957,
2024-03-24 10:20:00+00:00,0.6709,0.6727,0.6709,0.6714,8940.75,0.671475,6003.49010625,8940.75,6003.49010625,
2024-03-24 10:25:00+00:00,0.6709,0.6726,0.6714,0.6709,6345.48,0.67145,4260.672546,6345.48,4260.672546,
2024-03-24 10:30:00+00:00,0.6691,0.6707,0.6707,0.6691,114.82,0.6699,76.917918,114.82,76.917918,
2024-03-24 10:35:00+00:00,0.6671,0.6695,0.6695,0.6671,5742.2,0.6683,3837.51226,5742.2,3837.51226,
2024-03-24 10:40:00+00:00,0.6675,0.6679,0.6676,0.6675,53.93,0.667625,36.00501625,53.93,36.00501625,
2024-03-24 10:45:00+00:00,0.6686,0.6714,0.6686,0.67,2955.89,0.66965,1979.4117385,2955.89,1979.4117385,
2024-03-24 10:50:00+00:00,0.6686,0.67,0.6693,0.6686,149.44,0.669125,99.99404,149.44,99.99404,
2024-03-24 10:55:00+00:00,0.6672,0.6684,0.6684,0.6672,2646.97,0.6678,1767.646566,2646.97,1767.646566,
2024-03-24 11:00:00+00:00,0.6665,0.6672,0.6672,0.667,118.32,0.666975,78.916482,118.32,78.916482,
2024-03-24 11:05:00+00:00,0.6651,0.6664,0.6661,0.6661,2828.03,0.665925,1883.25587775,2828.03,1883.25587775,
2024-03-24 11:10:00+00:00,0.6653,0.6672,0.6661,0.6672,2065.7,0.66645,1376.685765,2065.7,1376.685765,
2024-03-24 11:15:00+00:00,0.6665,0.6675,0.6673,0.6675,944.31,0.6672,630.043632,944.31,630.043632,
2024-03-24 11:20:00+00:00,0.6658,0.6665,0.6665,0.6665,112.57,0.666325,75.00820525,112.57,75.00820525,
2024-03-24 11:25:00+00:00,0.6655,0.6662,0.6658,0.6657,328.84,0.6658,218.941672,328.84,218.941672,
2024-03-24 11:30:00+00:00,0.6642,0.6661,0.6655,0.6643,1452.78,0.665025,966.1350195,1452.78,966.1350195,
2024-03-24 11:35:00+00:00,0.6648,0.667,0.6648,0.6666,620.49,0.6658,413.122242,620.49,413.122242,
2024-03-24 11:40:00+00:00,0.6668,0.6674,0.6674,0.6671,171.22,0.667175,114.2337035,171.22,114.2337035,
2024-03-24 11:45:00+00:00,0.6665,0.6673,0.6673,0.6672,2224.99,0.667075,1484.23520425,2224.99,1484.23520425,
2024-03-24 11:50:00+00:00,0.6669,0.6675,0.6671,0.6669,714.3,0.6671,476.50953,714.3,476.50953,
2024-03-24 11:55:00+00:00,0.6672,0.6681,0.6672,0.6672,2785.96,0.667425,1859.419353,2785.96,1859.419353,
2024-03-24 12:00:00+00:00,0.6665,0.6686,0.6672,0.6686,11881.98,0.667725,7933.8950955,11881.98,7933.8950955,
2024-03-24 12:05:00+00:00,0.6693,0.672,0.6693,0.6707,4413.82,0.670325,2958.6938915,4413.82,2958.6938915,
2024-03-24 12:10:00+00:00,0.665,0.6702,0.6702,0.6662,53216.68,0.6679,35543.420572,53216.68,35543.420572,
2024-03-24 12:15:00+00:00,0.6661,0.6673,0.6661,0.667,8995.2,0.666625,5996.4252,8995.2,5996.4252,
2024-03-24 12:20:00+00:00,0.6672,0.6693,0.6672,0.6693,14777.66,0.66825,9875.171295,14777.66,9875.171295,
2024-03-24 12:25:00+00:00,0.6686,0.6702,0.6686,0.6702,355.54,0.6694,237.998476,355.54,237.998476,
2024-03-24 12:30:00+00:00,0.6693,0.6711,0.6701,0.6709,9110.73,0.67035,6107.3778555,9110.73,6107.3778555,
2024-03-24 12:35:00+00:00,0.6703,0.6715,0.671,0.6703,5913.31,0.670775,3966.50051525,5913.31,3966.50051525,
2024-03-24 12:40:00+00:00,0.6697,0.6707,0.67,0.6707,145.87,0.670275,97.77301425,145.87,97.77301425,
2024-03-24 12:45:00+00:00,0.6701,0.6725,0.6708,0.672,10724.44,0.67135,7199.852794,10724.44,7199.852794,
2024-03-24 12:50:00+00:00,0.6714,0.6745,0.6723,0.6741,4552.72,0.673075,3064.322014,4552.72,3064.322014,
2024-03-24 12:55:00+00:00,0.6726,0.6745,0.6739,0.6726,240.2,0.6734,161.75068,240.2,161.75068,
2024-03-24 13:00:00+00:00,0.6691,0.6739,0.6729,0.6691,8053.06,0.67125,5405.616525,8053.06,5405.616525,
2024-03-24 13:05:00+00:00,0.6692,0.6695,0.6695,0.6693,1280.72,0.669375,857.28195,1280.72,857.28195,
2024-03-24 13:10:00+00:00,0.6686,0.6709,0.6686,0.6709,306.52,0.66975,205.29177,306.52,205.29177,
2024-03-24 13:15:00+00:00,0.6708,0.6734,0.6708,0.6734,873.98,0.6721,587.401958,873.98,587.401958,
2024-03-24 13:20:00+00:00,0.6684,0.6738,0.6738,0.67,108313.94,0.6715,72732.81071,108313.94,72732.81071,
2024-03-24 13:25:00+00:00,0.6676,0.6702,0.6702,0.6686,6010.54,0.66915,4021.952841,6010.54,4021.952841,
2024-03-24 13:30:00+00:00,0.6674,0.6693,0.6679,0.6679,16077.53,0.668125,10741.79973125,16077.53,10741.79973125,
2024-03-24 13:35:00+00:00,0.6672,0.6686,0.6679,0.6686,2436.24,0.668075,1627.591038,2436.24,1627.591038,
2024-03-24 13:40:00+00:00,0.6652,0.6679,0.6679,0.6665,19583.17,0.666875,13059.52649375,19583.17,13059.52649375,
2024-03-24 13:45:00+00:00,0.6651,0.667,0.6663,0.6665,7141.81,0.666225,4758.05236725,7141.81,4758.05236725,
2024-03-24 13:50:00+00:00,0.6633,0.6658,0.6658,0.6633,5407.78,0.66455,3593.740199,5407.78,3593.740199,
2024-03-24 13:55:00+00:00,0.6644,0.6672,0.6644,0.6665,1297.53,0.665625,863.66840625,1297.53,863.66840625,
2024-03-24 14:00:00+00:00,0.6672,0.6683,0.6672,0.6683,532.35,0.66775,355.4767125,532.35,355.4767125,
2024-03-24 14:05:00+00:00,0.6664,0.67,0.6686,0.6678,81963.43,0.6682,54767.963926,81963.43,54767.963926,
2024-03-24 14:10:00+00:00,0.6682,0.6709,0.6687,0.6703,15648.44,0.669525,10477.021791,15648.44,10477.021791,
2024-03-24 14:15:00+00:00,0.6711,0.6728,0.6714,0.6728,3187.93,0.672025,2142.36865825,3187.93,2142.36865825,
2024-03-24 14:20:00+00:00,0.6723,0.6744,0.6725,0.6734,7465.82,0.67315,5025.616733,7465.82,5025.616733,
2024-03-24 14:25:00+00:00,0.6718,0.674,0.6732,0.6724,1555.03,0.67285,1046.3019355,1555.03,1046.3019355,
2024-03-24 14:30:00+00:00,0.6707,0.6732,0.6726,0.6707,1049.39,0.6718,704.980202,1049.39,704.980202,
2024-03-24 14:35:00+00:00,0.6679,0.67,0.67,0.6686,1367.94,0.669125,915.3228525,1367.94,915.3228525,
2024-03-24 14:40:00+00:00,0.6675,0.67,0.6675,0.6697,137.31,0.668675,91.81576425,137.31,91.81576425,
2024-03-24 14:45:00+00:00,0.6693,0.6707,0.6698,0.6696,2736.69,0.66985,1833.1717965,2736.69,1833.1717965,
2024-03-24 14:50:00+00:00,0.6677,0.6692,0.6692,0.6681,141.39,0.66855,94.5262845,141.39,94.5262845,
2024-03-24 14:55:00+00:00,0.6679,0.6693,0.6682,0.6693,1142.29,0.668675,763.82076575,1142.29,763.82076575,
2024-03-24 15:00:00+00:00,0.6687,0.6707,0.6687,0.6707,1874.45,0.6697,1255.319165,1874.45,1255.319165,
2024-03-24 15:05:00+00:00,0.6685,0.6714,0.6706,0.6685,4270.52,0.66975,2860.18077,4270.52,2860.18077,
2024-03-24 15:10:00+00:00,0.6678,0.6686,0.6679,0.6679,215.6,0.66805,144.03158,215.6,144.03158,
2024-03-24 15:15:00+00:00,0.6672,0.668,0.668,0.668,855.91,0.6678,571.576698,855.91,571.576698,
2024-03-24 15:20:00+00:00,0.6681,0.6686,0.6686,0.6681,185.84,0.66835,124.206164,185.84,124.206164,
2024-03-24 15:25:00+00:00,0.6692,0.6707,0.6693,0.6707,3718.16,0.669975,2491.074246,3718.16,2491.074246,
2024-03-24 15:30:00+00:00,0.6684,0.6706,0.6706,0.6684,1552.81,0.6695,1039.606295,1552.81,1039.606295,
2024-03-24 15:35:00+00:00,0.6679,0.6697,0.6693,0.6682,234.31,0.668775,156.70067025,234.31,156.70067025,
2024-03-24 15:40:00+00:00,0.6679,0.668,0.6679,0.668,272.78,0.66795,182.203401,272.78,182.203401,
2024-03-24 15:45:00+00:00,0.668,0.6695,0.6686,0.6686,2390.83,0.668675,1598.68825025,2390.83,1598.68825025,
2024-03-24 15:50:00+00:00,0.6673,0.6693,0.6683,0.6693,1422.78,0.66855,951.199569,1422.78,951.199569,
2024-03-24 15:55:00+00:00,0.6686,0.6692,0.6686,0.6689,162.83,0.668825,108.90477475,162.83,108.90477475,
2024-03-24 16:00:00+00:00,0.668,0.6698,0.6681,0.6698,2261.07,0.668925,1512.48624975,2261.07,1512.48624975,
2024-03-24 16:05:00+00:00,0.6694,0.6704,0.6696,0.6698,1795.61,0.6698,1202.699578,1795.61,1202.699578,
2024-03-24 16:10:00+00:00,0.6673,0.6708,0.6701,0.6673,470.74,0.668875,314.8662175,470.74,314.8662175,
2024-03-24 16:15:00+00:00,0.6678,0.6699,0.6686,0.669,4964.57,0.668825,3320.42853025,4964.57,3320.42853025,
2024-03-24 16:20:00+00:00,0.6679,0.6686,0.6686,0.6686,1046.12,0.668425,699.252761,1046.12,699.252761,
2024-03-24 16:25:00+00:00,0.6686,0.6703,0.6686,0.6703,1961.27,0.66945,1312.9722015,1961.27,1312.9722015,
2024-03-24 16:30:00+00:00,0.6681,0.6699,0.6699,0.6695,4077.62,0.66935,2729.354947,4077.62,2729.354947,
2024-03-24 16:35:00+00:00,0.6685,0.67,0.6686,0.6685,1705.27,0.6689,1140.655103,1705.27,1140.655103,
2024-03-24 16:40:00+00:00,0.6684,0.6693,0.6687,0.6686,148.57,0.66875,99.3561875,148.57,99.3561875,
2024-03-24 16:45:00+00:00,0.6657,0.6684,0.6684,0.6672,7600.14,0.667425,5072.5234395,7600.14,5072.5234395,
2024-03-24 16:50:00+00:00,0.6656,0.6666,0.6665,0.6656,629.79,0.666075,419.48737425,629.79,419.48737425,
2024-03-24 16:55:00+00:00,0.6662,0.6681,0.6664,0.668,6511.25,0.667175,4344.14321875,6511.25,4344.14321875,
2024-03-24 17:00:00+00:00,0.6628,0.6682,0.6679,0.663,20019.27,0.665475,13322.32370325,20019.27,13322.32370325,
2024-03-24 17:05:00+00:00,0.66,0.6637,0.6637,0.6612,6095.2,0.66215,4035.93668,6095.2,4035.93668,
2024-03-24 17:10:00+00:00,0.6609,0.663,0.661,0.6629,4309.34,0.66195,2852.567613,4309.34,2852.567613,
2024-03-24 17:15:00+00:00,0.663,0.6662,0.6632,0.6658,9018.58,0.66455,5993.297339,9018.58,5993.297339,
2024-03-24 17:20:00+00:00,0.6618,0.6651,0.6651,0.662,806.0,0.6635,534.781,806.0,534.781,
2024-03-24 17:25:00+00:00,0.6589,0.6626,0.6626,0.6607,6178.6,0.6612,4085.29032,6178.6,4085.29032,
2024-03-24 17:30:00+00:00,0.6578,0.662,0.6612,0.6606,6263.9,0.6604,4136.67956,6263.9,4136.67956,
2024-03-24 17:35:00+00:00,0.6595,0.6636,0.66,0.6636,5711.77,0.661675,3779.33541475,5711.77,3779.33541475,
2024-03-24 17:40:00+00:00,0.6629,0.6658,0.6634,0.6658,642.39,0.664475,426.85209525,642.39,426.85209525,
2024-03-24 17:45:00+00:00,0.6661,0.6679,0.6665,0.6661,10457.73,0.66665,6971.6457045,10457.73,6971.6457045,
2024-03-24 17:50:00+00:00,0.6651,0.6675,0.6658,0.6675,3019.86,0.666475,2012.6611935,3019.86,2012.6611935,
2024-03-24 17:55:00+00:00,0.6679,0.6686,0.6679,0.6681,986.69,0.668125,659.23225625,986.69,659.23225625,
2024-03-24 18:00:00+00:00,0.6672,0.669,0.6683,0.6687,2864.87,0.6683,1914.592621,2864.87,1914.592621,
2024-03-24 18:05:00+00:00,0.6692,0.6714,0.6692,0.6714,1018.69,0.6703,682.827907,1018.69,682.827907,
2024-03-24 18:10:00+00:00,0.6709,0.6728,0.6709,0.6718,2004.7,0.6716,1346.35652,2004.7,1346.35652,
2024-03-24 18:15:00+00:00,0.6714,0.6726,0.6714,0.6725,229.78,0.671975,154.4064155,229.78,154.4064155,
2024-03-24 18:20:00+00:00,0.6707,0.6725,0.672,0.672,19878.8,0.6718,13354.57784,19878.8,13354.57784,
2024-03-24 18:25:00+00:00,0.6719,0.6732,0.6719,0.6732,843.7,0.67255,567.430435,843.7,567.430435,
2024-03-24 18:30:00+00:00,0.6731,0.6749,0.6731,0.6748,4778.42,0.673975,3220.5356195,4778.42,3220.5356195,
2024-03-24 18:35:00+00:00,0.67,0.6745,0.6745,0.67,11507.36,0.67225,7735.82276,11507.36,7735.82276,
2024-03-24 18:40:00+00:00,0.6701,0.6722,0.6701,0.672,2713.24,0.6711,1820.855364,2713.24,1820.855364,
2024-03-24 18:45:00+00:00,0.6707,0.6726,0.6726,0.6708,9131.41,0.671675,6133.33981175,9131.41,6133.33981175,
2024-03-24 18:50:00+00:00,0.6707,0.672,0.6707,0.6714,242.15,0.6712,162.53108,242.15,162.53108,
2024-03-24 18:55:00+00:00,0.6703,0.6714,0.6707,0.6714,1178.99,0.67095,791.0433405,1178.99,791.0433405,
2024-03-24 19:00:00+00:00,0.6714,0.6733,0.672,0.6726,388.98,0.672325,261.5209785,388.98,261.5209785,
2024-03-24 19:05:00+00:00,0.671,0.672,0.672,0.6712,144.31,0.67155,96.9113805,144.31,96.9113805,
2024-03-24 19:10:00+00:00,0.6707,0.6724,0.6711,0.6714,1236.43,0.6714,830.139102,1236.43,830.139102,
2024-03-24 19:15:00+00:00,0.6707,0.6732,0.671,0.6732,4596.69,0.672025,3089.09059725,4596.69,3089.09059725,
2024-03-24 19:20:00+00:00,0.6726,0.6741,0.6739,0.6738,1751.04,0.6736,1179.500544,1751.04,1179.500544,
2024-03-24 19:25:00+00:00,0.672,0.6738,0.6738,0.6732,3172.19,0.6732,2135.518308,3172.19,2135.518308,
2024-03-24 19:30:00+00:00,0.6718,0.6726,0.6726,0.6724,499.53,0.67235,335.8589955,499.53,335.8589955,
2024-03-24 19:35:00+00:00,0.6719,0.6735,0.6719,0.673,4831.11,0.672575,3249.28380825,4831.11,3249.28380825,
2024-03-24 19:40:00+00:00,0.6724,0.6727,0.6726,0.6726,219.36,0.672575,147.536052,219.36,147.536052,
2024-03-24 19:45:00+00:00,0.6721,0.6727,0.6727,0.6724,4973.91,0.672475,3344.83012725,4973.91,3344.83012725,
2024-03-24 19:50:00+00:00,0.6725,0.6732,0.6727,0.6732,7966.99,0.6729,5360.987571,7966.99,5360.987571,
2024-03-24 19:55:00+00:00,0.6726,0.6737,0.6729,0.6729,1223.96,0.673025,823.755679,1223.96,823.755679,
2024-03-24 20:00:00+00:00,0.6715,0.6734,0.6732,0.6716,5421.62,0.672425,3645.6328285,5421.62,3645.6328285,
2024-03-24 20:05:00+00:00,0.6709,0.6727,0.6714,0.6727,1248.22,0.671925,838.7102235,1248.22,838.7102235,
2024-03-24 20:10:00+00:00,0.6722,0.6756,0.6722,0.6754,9756.27,0.67385,6574.2625395,9756.27,6574.2625395,
2024-03-24 20:15:00+00:00,0.6747,0.6757,0.6752,0.6752,243.21,0.6752,164.215392,243.21,164.215392,
2024-03-24 20:20:00+00:00,0.6747,0.6777,0.6747,0.6774,8434.67,0.676125,5702.89125375,8434.67,5702.89125375,
2024-03-24 20:25:00+00:00,0.677,0.6783,0.6773,0.6781,1933.69,0.677675,1310.41337075,1933.69,1310.41337075,
2024-03-24 20:30:00+00:00,0.6772,0.6798,0.6782,0.6786,12844.6,0.67845,8714.41887,12844.6,8714.41887,
2024-03-24 20:35:00+00:00,0.678,0.679,0.6783,0.6783,4992.69,0.6784,3387.040896,4992.69,3387.040896,
2024-03-24 20:40:00+00:00,0.6786,0.6803,0.6786,0.6802,4610.41,0.679425,3132.42781425,4610.41,3132.42781425,
2024-03-24 20:45:00+00:00,0.6784,0.6804,0.6791,0.6804,14082.59,0.679575,9570.17609925,14082.59,9570.17609925,
2024-03-24 20:50:00+00:00,0.6786,0.681,0.6805,0.6805,9501.96,0.68015,6462.758094,9501.96,6462.758094,
2024-03-24 20:55:00+00:00,0.6787,0.6792,0.6791,0.6787,400.19,0.678925,271.69899575,400.19,271.69899575,
2024-03-24 21:00:00+00:00,0.6791,0.6805,0.6795,0.6791,1785.66,0.67955,1213.445253,1785.66,1213.445253,
2024-03-24 21:05:00+00:00,0.6798,0.6809,0.6798,0.6809,1745.51,0.68035,1187.5577285,1745.51,1187.5577285,
2024-03-24 21:10:00+00:00,0.6798,0.6817,0.6807,0.6813,2598.59,0.680875,1769.31496625,2598.59,1769.31496625,
2024-03-24 21:15:00+00:00,0.6817,0.6835,0.6817,0.6835,9657.97,0.6826,6592.530322,9657.97,6592.530322,
2024-03-24 21:20:00+00:00,0.6818,0.6847,0.684,0.6818,732.0,0.683075,500.0109,732.0,500.0109,
2024-03-24 21:25:00+00:00,0.6801,0.6819,0.6812,0.6819,3992.73,0.681275,2720.14713075,3992.73,2720.14713075,
2024-03-24 21:30:00+00:00,0.6824,0.684,0.6826,0.6828,3906.7,0.68295,2668.080765,3906.7,2668.080765,
2024-03-24 21:35:00+00:00,0.6822,0.6834,0.6827,0.6834,1169.62,0.682925,798.7627385,1169.62,798.7627385,
2024-03-24 21:40:00+00:00,0.6798,0.6834,0.6834,0.6798,5211.73,0.6816,3552.315168,5211.73,3552.315168,
2024-03-24 21:45:00+00:00,0.6787,0.6798,0.6792,0.6798,472.93,0.679375,321.29681875,472.93,321.29681875,
2024-03-24 21:50:00+00:00,0.6794,0.6818,0.6794,0.6812,5841.37,0.68045,3974.7602165,5841.37,3974.7602165,
2024-03-24 21:55:00+00:00,0.6801,0.6813,0.6805,0.6813,446.63,0.6808,304.065704,446.63,304.065704,
2024-03-24 22:00:00+00:00,0.68,0.6838,0.6809,0.6838,1391.41,0.682125,949.11554625,1391.41,949.11554625,
2024-03-24 22:05:00+00:00,0.6832,0.6846,0.6836,0.6841,3230.18,0.683875,2209.0393475,3230.18,2209.0393475,
2024-03-24 22:10:00+00:00,0.6837,0.6853,0.6847,0.684,5844.51,0.684425,4000.12875675,5844.51,4000.12875675,
2024-03-24 22:15:00+00:00,0.6812,0.6844,0.6844,0.6814,595.6,0.68285,406.70546,595.6,406.70546,
2024-03-24 22:20:00+00:00,0.6805,0.6819,0.6819,0.6805,353.07,0.6812,240.511284,353.07,240.511284,
2024-03-24 22:25:00+00:00,0.6799,0.6831,0.6801,0.6827,3960.33,0.68145,2698.7668785,3960.33,2698.7668785,
2024-03-24 22:30:00+00:00,0.6802,0.682,0.6819,0.6802,15241.55,0.681075,10380.63866625,15241.55,10380.63866625,
2024-03-24 22:35:00+00:00,0.6802,0.6814,0.6805,0.6805,634.15,0.68065,431.6341975,634.15,431.6341975,
2024-03-24 22:40:00+00:00,0.6803,0.6826,0.6809,0.6819,23292.04,0.681425,15871.778357,23292.04,15871.778357,
2024-03-24 22:45:00+00:00,0.6806,0.6819,0.6813,0.6819,9260.53,0.681425,6310.35665525,9260.53,6310.35665525,
2024-03-24 22:50:00+00:00,0.6812,0.6821,0.6818,0.6814,5316.07,0.681625,3623.56621375,5316.07,3623.56621375,
2024-03-24 22:55:00+00:00,0.6809,0.6821,0.6814,0.6821,2194.21,0.681625,1495.62839125,2194.21,1495.62839125,
2024-03-24 23:00:00+00:00,0.6812,0.6833,0.6819,0.6833,264.21,0.682425,180.30350925,264.21,180.30350925,
2024-03-24 23:05:00+00:00,0.6819,0.6841,0.6833,0.6839,3134.36,0.6833,2141.708188,3134.36,2141.708188,
2024-03-24 23:10:00+00:00,0.6837,0.685,0.6841,0.6849,41333.56,0.684425,28289.721803,41333.56,28289.721803,
2024-03-24 23:15:00+00:00,0.6826,0.685,0.6844,0.6839,32196.42,0.683975,22021.5463695,32196.42,22021.5463695,
2024-03-24 23:20:00+00:00,0.6822,0.6841,0.6836,0.6841,7824.49,0.6835,5348.038915,7824.49,5348.038915,
2024-03-24 23:25:00+00:00,0.6835,0.6841,0.6835,0.6839,2345.8,0.68375,1603.94075,2345.8,1603.94075,
2024-03-24 23:30:00+00:00,0.6821,0.6833,0.6833,0.6833,268.33,0.683,183.26939,268.33,183.26939,
2024-03-24 23:35:00+00:00,0.6811,0.6827,0.6824,0.6812,241.48,0.68185,164.653138,241.48,164.653138,
2024-03-24 23:40:00+00:00,0.6801,0.6819,0.681,0.6819,2948.61,0.681225,2008.66684725,2948.61,2008.66684725,
2024-03-24 23:45:00+00:00,0.6812,0.6819,0.6812,0.6819,149.99,0.68155,102.2256845,149.99,102.2256845,
2024-03-24 23:50:00+00:00,0.6825,0.6836,0.6826,0.6826,3192.92,0.682825,2180.205599,3192.92,2180.205599,
2024-03-24 23:55:00+00:00,0.6821,0.6833,0.6833,0.6822,479.78,0.682725,327.5578005,479.78,327.5578005,
2024-03-25 00:00:00+00:00,0.6795,0.6834,0.6831,0.6809,49816.3,0.681725,33961.0171175,49816.3,33961.0171175,
2024-03-25 00:05:00+00:00,0.6784,0.6805,0.6805,0.6784,3329.52,0.67945,2262.242364,3329.52,2262.242364,
2024-03-25 00:10:00+00:00,0.6777,0.68,0.6785,0.68,5005.1,0.67905,3398.713155,5005.1,3398.713155,
2024-03-25 00:15:00+00:00,0.6784,0.6813,0.6801,0.6784,6988.07,0.67955,4748.7429685,6988.07,4748.7429685,
2024-03-25 00:20:00+00:00,0.6781,0.6819,0.6788,0.6814,1882.71,0.68005,1280.3369355,1882.71,1280.3369355,
2024-03-25 00:25:00+00:00,0.6798,0.6814,0.6814,0.6811,2023.55,0.680925,1377.88578375,2023.55,1377.88578375,
2024-03-25 00:30:00+00:00,0.6797,0.6847,0.6818,0.6797,5999.27,0.681475,4088.35252325,5999.27,4088.35252325,
2024-03-25 00:35:00+00:00,0.6784,0.6811,0.6805,0.6786,1576.58,0.67965,1071.522597,1576.58,1071.522597,
2024-03-25 00:40:00+00:00,0.677,0.6828,0.6782,0.6821,4052.5,0.680025,2755.8013125,4052.5,2755.8013125,
2024-03-25 00:45:00+00:00,0.6819,0.6857,0.6819,0.6835,11685.74,0.68325,7984.281855,11685.74,7984.281855,
2024-03-25 00:50:00+00:00,0.684,0.6884,0.684,0.6871,11519.69,0.685875,7901.06737875,11519.69,7901.06737875,
2024-03-25 00:55:00+00:00,0.6854,0.6874,0.6873,0.6857,1683.14,0.68645,1155.391453,1683.14,1155.391453,
2024-03-25 01:00:00+00:00,0.685,0.6886,0.6858,0.6885,3152.25,0.686975,2165.51694375,3152.25,2165.51694375,
2024-03-25 01:05:00+00:00,0.6857,0.689,0.6882,0.6874,8923.54,0.687575,6135.6030155,8923.54,6135.6030155,
2024-03-25 01:10:00+00:00,0.6856,0.688,0.688,0.6869,7580.92,0.687125,5209.039655,7580.92,5209.039655,
2024-03-25 01:15:00+00:00,0.6854,0.6874,0.6871,0.6861,9423.77,0.6865,6469.418105,9423.77,6469.418105,
2024-03-25 01:20:00+00:00,0.684,0.6861,0.6857,0.6861,2135.36,0.685475,1463.735896,2135.36,1463.735896,
2024-03-25 01:25:00+00:00,0.6855,0.688,0.6867,0.688,3840.67,0.68705,2638.7323235,3840.67,2638.7323235,
2024-03-25 01:30:00+00:00,0.6869,0.6926,0.6874,0.6893,5603.84,0.68905,3861.325952,5603.84,3861.325952,
2024-03-25 01:35:00+00:00,0.6894,0.6941,0.6896,0.6934,11117.81,0.691625,7689.35534125,11117.81,7689.35534125,
2024-03-25 01:40:00+00:00,0.6886,0.6927,0.6927,0.6893,7753.57,0.690825,5356.35999525,7753.57,5356.35999525,
2024-03-25 01:45:00+00:00,0.6879,0.69,0.6899,0.6895,5855.08,0.689325,4036.053021,5855.08,4036.053021,
2024-03-25 01:50:00+00:00,0.6841,0.6894,0.6894,0.6841,13137.92,0.68675,9022.46656,13137.92,9022.46656,
2024-03-25 01:55:00+00:00,0.684,0.6854,0.684,0.6846,6711.88,0.6845,4594.28186,6711.88,4594.28186,
2024-03-25 02:00:00+00:00,0.6839,0.6857,0.6842,0.684,10093.17,0.68445,6908.2702065,10093.17,6908.2702065,
2024-03-25 02:05:00+00:00,0.6818,0.6849,0.684,0.6826,5389.18,0.683325,3682.5614235,5389.18,3682.5614235,
2024-03-25 02:10:00+00:00,0.6807,0.6826,0.6825,0.6807,16839.86,0.681625,11478.4695725,16839.86,11478.4695725,
2024-03-25 02:15:00+00:00,0.6777,0.6826,0.6819,0.6788,6982.07,0.68025,4749.5531175,6982.07,4749.5531175,
2024-03-25 02:20:00+00:00,0.6784,0.6798,0.6787,0.6798,431.78,0.679175,293.2541815,431.78,293.2541815,
2024-03-25 02:25:00+00:00,0.6792,0.6815,0.6792,0.6808,1313.5,0.680175,893.4098625,1313.5,893.4098625,
2024-03-25 02:30:00+00:00,0.6817,0.6847,0.6819,0.6824,28912.04,0.682675,19737.526907,28912.04,19737.526907,
2024-03-25 02:35:00+00:00,0.6819,0.6826,0.6826,0.682,96.13,0.682275,65.58709575,96.13,65.58709575,
2024-03-25 02:40:00+00:00,0.6809,0.6819,0.6813,0.6817,6056.52,0.68145,4127.215554,6056.52,4127.215554,
2024-03-25 02:45:00+00:00,0.6801,0.6819,0.6805,0.6801,16353.44,0.68065,11130.968936,16353.44,11130.968936,
2024-03-25 02:50:00+00:00,0.681,0.6819,0.6812,0.6819,2941.12,0.6815,2004.37328,2941.12,2004.37328,
2024-03-25 02:55:00+00:00,0.6819,0.6837,0.6819,0.6833,9200.0,0.6827,6280.84,9200.0,6280.84,
2024-03-25 03:00:00+00:00,0.6809,0.6826,0.6826,0.681,1588.26,0.681775,1082.8359615,1588.26,1082.8359615,
2024-03-25 03:05:00+00:00,0.6813,0.6829,0.6813,0.6824,4047.95,0.681975,2760.60070125,4047.95,2760.60070125,
2024-03-25 03:10:00+00:00,0.6823,0.6834,0.683,0.6823,1687.38,0.68275,1152.058695,1687.38,1152.058695,
2024-03-25 03:15:00+00:00,0.681,0.6819,0.6819,0.6819,30724.76,0.681675,20944.300773,30724.76,20944.300773,
2024-03-25 03:20:00+00:00,0.6793,0.6812,0.6812,0.6801,17156.46,0.68045,11674.113207,17156.46,11674.113207,
2024-03-25 03:25:00+00:00,0.6786,0.6798,0.6797,0.6794,8206.92,0.679375,5575.576275,8206.92,5575.576275,
2024-03-25 03:30:00+00:00,0.6791,0.6798,0.6797,0.6795,656.75,0.679525,446.27804375,656.75,446.27804375,
2024-03-25 03:35:00+00:00,0.6796,0.6812,0.6798,0.6805,447.82,0.680275,304.6407505,447.82,304.6407505,
2024-03-25 03:40:00+00:00,0.6809,0.6815,0.6812,0.6815,206.39,0.681275,140.60834725,206.39,140.60834725,
2024-03-25 03:45:00+00:00,0.68,0.6825,0.6819,0.68,6470.69,0.6811,4407.186959,6470.69,4407.186959,
2024-03-25 03:50:00+00:00,0.6791,0.6803,0.6798,0.6803,5947.22,0.679875,4043.3661975,5947.22,4043.3661975,
2024-03-25 03:55:00+00:00,0.6798,0.6819,0.6805,0.6805,8522.17,0.680675,5800.82806475,8522.17,5800.82806475,
2024-03-25 04:00:00+00:00,0.6791,0.6811,0.6811,0.6791,233.47,0.6801,158.782947,233.47,158.782947,
2024-03-25 04:05:00+00:00,0.6792,0.6812,0.6795,0.6807,6620.72,0.68015,4503.082708,6620.72,4503.082708,
2024-03-25 04:10:00+00:00,0.6791,0.681,0.681,0.6795,7954.17,0.68015,5410.0287255,7954.17,5410.0287255,
2024-03-25 04:15:00+00:00,0.6775,0.6798,0.6788,0.6781,6220.8,0.67855,4221.12384,6220.8,4221.12384,
2024-03-25 04:20:00+00:00,0.6776,0.6782,0.6777,0.6781,618.35,0.6779,419.179465,618.35,419.179465,
2024-03-25 04:25:00+00:00,0.6771,0.6778,0.6771,0.6778,120.84,0.67745,81.863058,120.84,81.863058,
2024-03-25 04:30:00+00:00,0.6784,0.6792,0.6784,0.6792,619.39,0.6788,420.441932,619.39,420.441932,
2024-03-25 04:35:00+00:00,0.6784,0.6798,0.6796,0.6784,640.34,0.67905,434.822877,640.34,434.822877,
2024-03-25 04:40:00+00:00,0.6782,0.6791,0.6791,0.6782,2185.22,0.67865,1482.999553,2185.22,1482.999553,
2024-03-25 04:45:00+00:00,0.6769,0.6791,0.6791,0.6778,45753.19,0.678225,31030.95728775,45753.19,31030.95728775,
2024-03-25 04:50:00+00:00,0.6771,0.6786,0.6777,0.6778,5282.42,0.6778,3580.424276,5282.42,3580.424276,
2024-03-25 04:55:00+00:00,0.6777,0.6788,0.6786,0.6784,4840.76,0.678375,3283.850565,4840.76,3283.850565,
2024-03-25 05:00:00+00:00,0.6777,0.6791,0.6784,0.6791,5560.09,0.678575,3772.93807175,5560.09,3772.93807175,
2024-03-25 05:05:00+00:00,0.6786,0.6812,0.6786,0.6812,352.22,0.6799,239.474378,352.22,239.474378,
2024-03-25 05:10:00+00:00,0.681,0.6816,0.6812,0.6814,971.0,0.6813,661.5423,971.0,661.5423,
2024-03-25 05:15:00+00:00,0.6798,0.6809,0.6805,0.6798,6648.5,0.68025,4522.642125,6648.5,4522.642125,
2024-03-25 05:20:00+00:00,0.6784,0.6794,0.6794,0.6786,701.7,0.67895,476.419215,701.7,476.419215,
2024-03-25 05:25:00+00:00,0.6782,0.6798,0.6788,0.6798,6792.9,0.67915,4613.398035,6792.9,4613.398035,
2024-03-25 05:30:00+00:00,0.6789,0.6805,0.6797,0.6801,22095.47,0.6798,15020.500506,22095.47,15020.500506,
2024-03-25 05:35:00+00:00,0.6784,0.6805,0.6798,0.6784,1414.92,0.679275,961.119783,1414.92,961.119783,
2024-03-25 05:40:00+00:00,0.678,0.679,0.6788,0.6786,2314.53,0.6786,1570.640058,2314.53,1570.640058,
2024-03-25 05:45:00+00:00,0.6772,0.6782,0.6782,0.6772,7421.34,0.6777,5029.442118,7421.34,5029.442118,
2024-03-25 05:50:00+00:00,0.6761,0.6777,0.6771,0.6761,22241.63,0.67675,15052.0231025,22241.63,15052.0231025,
2024-03-25 05:55:00+00:00,0.677,0.6775,0.677,0.6775,3413.76,0.67725,2311.96896,3413.76,2311.96896,
2024-03-25 06:00:00+00:00,0.677,0.6777,0.6774,0.677,2866.51,0.677275,1941.41556025,2866.51,1941.41556025,
2024-03-25 06:05:00+00:00,0.675,0.6767,0.6767,0.6757,3722.68,0.676025,2516.624747,3722.68,2516.624747,
2024-03-25 06:10:00+00:00,0.6756,0.6775,0.6763,0.6756,329.25,0.67625,222.6553125,329.25,222.6553125,
2024-03-25 06:15:00+00:00,0.6759,0.677,0.6759,0.6764,1256.85,0.6763,850.007655,1256.85,850.007655,
2024-03-25 06:20:00+00:00,0.6765,0.6772,0.677,0.6765,800.86,0.6768,542.022048,800.86,542.022048,
2024-03-25 06:25:00+00:00,0.6763,0.677,0.6763,0.6763,157.22,0.676475,106.3553995,157.22,106.3553995,
2024-03-25 06:30:00+00:00,0.6755,0.6765,0.6757,0.6758,282.61,0.675875,191.00903375,282.61,191.00903375,
2024-03-25 06:35:00+00:00,0.6746,0.6763,0.6763,0.6746,3644.18,0.67545,2461.461381,3644.18,2461.461381,
2024-03-25 06:40:00+00:00,0.6745,0.6751,0.6747,0.6748,3057.42,0.674775,2063.0705805,3057.42,2063.0705805,
2024-03-25 06:45:00+00:00,0.6741,0.6761,0.6745,0.6761,15107.5,0.6752,10200.584,15107.5,10200.584,
2024-03-25 06:50:00+00:00,0.6757,0.6766,0.6763,0.6757,408.77,0.676075,276.35917775,408.77,276.35917775,
2024-03-25 06:55:00+00:00,0.6755,0.6764,0.6763,0.6763,2680.65,0.676125,1812.45448125,2680.65,1812.45448125,
2024-03-25 07:00:00+00:00,0.6753,0.6768,0.6767,0.6759,2865.13,0.676175,1937.32927775,2865.13,1937.32927775,
2024-03-25 07:05:00+00:00,0.6763,0.6772,0.6763,0.6772,915.03,0.67675,619.2465525,915.03,619.2465525,
2024-03-25 07:10:00+00:00,0.6757,0.6766,0.6766,0.6757,93.58,0.67615,63.274117,93.58,63.274117,
2024-03-25 07:15:00+00:00,0.6751,0.6767,0.6763,0.6756,6758.31,0.675925,4568.11068675,6758.31,4568.11068675,
2024-03-25 07:20:00+00:00,0.6739,0.6751,0.675,0.6739,2258.93,0.674475,1523.59181175,2258.93,1523.59181175,
2024-03-25 07:25:00+00:00,0.6738,0.6755,0.6739,0.6755,584.3,0.674675,394.2126025,584.3,394.2126025,
2024-03-25 07:30:00+00:00,0.6733,0.6745,0.6745,0.6738,395.0,0.674025,266.239875,395.0,266.239875,
2024-03-25 07:35:00+00:00,0.6733,0.674,0.6737,0.6737,2250.43,0.673675,1516.05843025,2250.43,1516.05843025,
2024-03-25 07:40:00+00:00,0.6721,0.6736,0.6732,0.6731,12108.48,0.673,8149.00704,12108.48,8149.00704,
2024-03-25 07:45:00+00:00,0.6697,0.6726,0.6726,0.6697,9333.97,0.67115,6264.4939655,9333.97,6264.4939655,
2024-03-25 07:50:00+00:00,0.6682,0.6707,0.6697,0.6682,325.44,0.6692,217.784448,325.44,217.784448,
2024-03-25 07:55:00+00:00,0.6693,0.67,0.6693,0.67,1691.87,0.66965,1132.9607455,1691.87,1132.9607455,
2024-03-25 08:00:00+00:00,0.6693,0.6722,0.6693,0.6715,7131.41,0.670575,4782.14526075,7131.41,4782.14526075,
2024-03-25 08:05:00+00:00,0.672,0.6732,0.672,0.6732,301.27,0.6726,202.634202,301.27,202.634202,
2024-03-25 08:10:00+00:00,0.6731,0.6742,0.6733,0.6742,462.14,0.6737,311.343718,462.14,311.343718,
2024-03-25 08:15:00+00:00,0.6726,0.6743,0.6743,0.6726,81.37,0.67345,54.7986265,81.37,54.7986265,
2024-03-25 08:20:00+00:00,0.6713,0.6724,0.672,0.6713,1220.27,0.67175,819.7163725,1220.27,819.7163725,
2024-03-25 08:25:00+00:00,0.6718,0.6739,0.672,0.6739,2241.96,0.6729,1508.614884,2241.96,1508.614884,
2024-03-25 08:30:00+00:00,0.673,0.6745,0.6732,0.6745,339.05,0.6738,228.45189,339.05,228.45189,
2024-03-25 08:35:00+00:00,0.6751,0.6774,0.6751,0.6774,3356.39,0.67625,2269.7587375,3356.39,2269.7587375,
2024-03-25 08:40:00+00:00,0.6771,0.6785,0.6776,0.6785,305.82,0.677925,207.3230235,305.82,207.3230235,
2024-03-25 08:45:00+00:00,0.6777,0.6793,0.6791,0.6777,5014.73,0.67845,3402.2435685,5014.73,3402.2435685,
2024-03-25 08:50:00+00:00,0.6751,0.6778,0.6776,0.6751,7627.84,0.6764,5159.470976,7627.84,5159.470976,
2024-03-25 08:55:00+00:00,0.6749,0.6762,0.6756,0.6762,4181.54,0.675725,2825.5711165,4181.54,2825.5711165,
2024-03-25 09:00:00+00:00,0.6745,0.6777,0.6762,0.6751,1863.74,0.675875,1259.6552725,1863.74,1259.6552725,
2024-03-25 09:05:00+00:00,0.6725,0.6757,0.6757,0.6732,5891.15,0.674275,3972.25516625,5891.15,3972.25516625,
2024-03-25 09:10:00+00:00,0.6708,0.6737,0.6737,0.6711,2874.32,0.672325,1932.477194,2874.32,1932.477194,
2024-03-25 09:15:00+00:00,0.6711,0.6722,0.6718,0.6722,2591.95,0.671825,1741.33680875,2591.95,1741.33680875,
2024-03-25 09:20:00+00:00,0.6714,0.6722,0.672,0.6714,1784.93,0.67175,1199.0267275,1784.93,1199.0267275,
2024-03-25 09:25:00+00:00,0.6717,0.674,0.6717,0.674,5237.26,0.67285,3523.890391,5237.26,3523.890391,
2024-03-25 09:30:00+00:00,0.6708,0.6746,0.6742,0.672,5181.59,0.6729,3486.691911,5181.59,3486.691911,
2024-03-25 09:35:00+00:00,0.6714,0.6726,0.6716,0.6726,5559.64,0.67205,3736.356062,5559.64,3736.356062,
2024-03-25 09:40:00+00:00,0.6732,0.6757,0.6732,0.6754,7918.39,0.674375,5339.96425625,7918.39,5339.96425625,
2024-03-25 09:45:00+00:00,0.6749,0.6764,0.6751,0.6749,208.97,0.675325,141.12266525,208.97,141.12266525,
2024-03-25 09:50:00+00:00,0.6754,0.6763,0.6757,0.6763,111.54,0.675925,75.3926745,111.54,75.3926745,
2024-03-25 09:55:00+00:00,0.6757,0.677,0.6757,0.6769,5144.5,0.676325,3479.3539625,5144.5,3479.3539625,
2024-03-25 10:00:00+00:00,0.6763,0.6787,0.6768,0.6782,2259.69,0.6775,1530.939975,2259.69,1530.939975,
2024-03-25 10:05:00+00:00,0.6776,0.6791,0.6778,0.6791,6382.42,0.6784,4329.833728,6382.42,4329.833728,
2024-03-25 10:10:00+00:00,0.6784,0.6791,0.6787,0.6791,1026.45,0.678825,696.77992125,1026.45,696.77992125,
2024-03-25 10:15:00+00:00,0.6787,0.6796,0.6789,0.6789,2371.12,0.679025,1610.049758,2371.12,1610.049758,
2024-03-25 10:20:00+00:00,0.6784,0.6791,0.6787,0.6784,1312.51,0.67865,890.7349115,1312.51,890.7349115,
2024-03-25 10:25:00+00:00,0.6788,0.6789,0.6789,0.6788,2050.0,0.67885,1391.6425,2050.0,1391.6425,
2024-03-25 10:30:00+00:00,0.6788,0.6789,0.6789,0.6788,2050.0,0.67885,1391.6425,2050.0,1391.6425,
2024-03-25 10:35:00+00:00,0.6782,0.6794,0.6782,0.6784,4823.29,0.67855,3272.8434295,4823.29,3272.8434295,
2024-03-25 10:40:00+00:00,0.6754,0.6781,0.6777,0.6761,4676.92,0.676825,3165.456379,4676.92,3165.456379,
2024-03-25 10:45:00+00:00,0.6741,0.6757,0.6751,0.6744,3160.19,0.674825,2132.57521675,3160.19,2132.57521675,
2024-03-25 10:50:00+00:00,0.6742,0.6759,0.6743,0.6757,3175.82,0.675025,2143.7578955,3175.82,2143.7578955,
2024-03-25 10:55:00+00:00,0.676,0.6774,0.676,0.6769,102.86,0.676575,69.5925045,102.86,69.5925045,
2024-03-25 11:00:00+00:00,0.6752,0.6763,0.6763,0.6757,882.77,0.675875,596.64217375,882.77,596.64217375,
2024-03-25 11:05:00+00:00,0.6728,0.6763,0.6751,0.6728,698.39,0.67425,470.8894575,698.39,470.8894575,
2024-03-25 11:10:00+00:00,0.672,0.6733,0.6733,0.6726,1621.7,0.6728,1091.07976,1621.7,1091.07976,
2024-03-25 11:15:00+00:00,0.67,0.6732,0.6729,0.67,4003.38,0.671525,2688.3697545,4003.38,2688.3697545,
2024-03-25 11:20:00+00:00,0.669,0.6707,0.6697,0.6693,9057.19,0.669675,6065.37371325,9057.19,6065.37371325,
2024-03-25 11:25:00+00:00,0.6694,0.671,0.6696,0.6708,3641.34,0.6702,2440.426068,3641.34,2440.426068,
2024-03-25 11:30:00+00:00,0.6681,0.6721,0.6712,0.6681,8399.59,0.669875,5626.67535125,8399.59,5626.67535125,
2024-03-25 11:35:00+00:00,0.6672,0.6693,0.6681,0.6693,16181.48,0.668475,10816.914843,16181.48,10816.914843,
2024-03-25 11:40:00+00:00,0.6672,0.6693,0.6686,0.6678,6179.87,0.668225,4129.54363075,6179.87,4129.54363075,
2024-03-25 11:45:00+00:00,0.6682,0.6696,0.6682,0.6687,1511.61,0.668675,1010.77581675,1511.61,1010.77581675,
2024-03-25 11:50:00+00:00,0.6664,0.668,0.668,0.6672,6446.9,0.6674,4302.66106,6446.9,4302.66106,
2024-03-25 11:55:00+00:00,0.6672,0.6682,0.6679,0.668,2668.62,0.667825,1782.1711515,2668.62,1782.1711515,
2024-03-25 12:00:00+00:00,0.6672,0.6715,0.6672,0.6715,605.19,0.66935,405.0839265,605.19,405.0839265,
2024-03-25 12:05:00+00:00,0.6688,0.6729,0.6712,0.672,980.64,0.671225,658.230084,980.64,658.230084,
2024-03-25 12:10:00+00:00,0.6714,0.6732,0.6725,0.6714,5324.5,0.672125,3578.7295625,5324.5,3578.7295625,
2024-03-25 12:15:00+00:00,0.67,0.6722,0.672,0.67,6741.58,0.67105,4523.937259,6741.58,4523.937259,
2024-03-25 12:20:00+00:00,0.6686,0.6702,0.6693,0.6695,612.95,0.6694,410.30873,612.95,410.30873,
2024-03-25 12:25:00+00:00,0.669,0.67,0.6693,0.6695,1706.09,0.66945,1142.1419505,1706.09,1142.1419505,
2024-03-25 12:30:00+00:00,0.6705,0.672,0.6707,0.6714,1745.36,0.67115,1171.398364,1745.36,1171.398364,
2024-03-25 12:35:00+00:00,0.6714,0.6726,0.672,0.6726,3063.35,0.67215,2059.0307025,3063.35,2059.0307025,
2024-03-25 12:40:00+00:00,0.6707,0.6732,0.6732,0.6717,15989.1,0.6722,10747.87302,15989.1,10747.87302,
2024-03-25 12:45:00+00:00,0.6714,0.672,0.6718,0.6714,142.36,0.67165,95.616094,142.36,95.616094,
2024-03-25 12:50:00+00:00,0.6688,0.672,0.6715,0.6696,8449.67,0.670475,5665.29249325,8449.67,5665.29249325,
2024-03-25 12:55:00+00:00,0.6693,0.6707,0.67,0.6707,309.28,0.670175,207.271724,309.28,207.271724,
2024-03-25 13:00:00+00:00,0.67,0.6714,0.6701,0.6705,278.63,0.6705,186.821415,278.63,186.821415,
2024-03-25 13:05:00+00:00,0.6712,0.6716,0.6712,0.6715,2908.35,0.671375,1952.59348125,2908.35,1952.59348125,
2024-03-25 13:10:00+00:00,0.6686,0.6712,0.6707,0.6686,6215.89,0.669775,4163.24772475,6215.89,4163.24772475,
2024-03-25 13:15:00+00:00,0.6671,0.6687,0.6686,0.6679,13920.59,0.668075,9299.99816425,13920.59,9299.99816425,
2024-03-25 13:20:00+00:00,0.6657,0.6675,0.6675,0.6664,7693.64,0.666775,5129.926811,7693.64,5129.926811,
2024-03-25 13:25:00+00:00,0.6656,0.6677,0.6672,0.6667,2670.42,0.6668,1780.636056,2670.42,1780.636056,
2024-03-25 13:30:00+00:00,0.6672,0.67,0.6672,0.6677,3548.86,0.668025,2370.7272015,3548.86,2370.7272015,
2024-03-25 13:35:00+00:00,0.6686,0.6704,0.6686,0.6703,656.86,0.669475,439.7513485,656.86,439.7513485,
2024-03-25 13:40:00+00:00,0.6684,0.6707,0.6707,0.6695,6132.51,0.669825,4107.70851075,6132.51,4107.70851075,
2024-03-25 13:45:00+00:00,0.6681,0.6701,0.6701,0.6693,2910.83,0.6694,1948.509602,2910.83,1948.509602,
2024-03-25 13:50:00+00:00,0.6688,0.6732,0.6692,0.6726,2569.58,0.67095,1724.059701,2569.58,1724.059701,
2024-03-25 13:55:00+00:00,0.6727,0.6763,0.6727,0.6763,11111.76,0.6745,7494.88212,11111.76,7494.88212,
2024-03-25 14:00:00+00:00,0.6757,0.6778,0.6764,0.6763,4187.56,0.67655,2833.093718,4187.56,2833.093718,
2024-03-25 14:05:00+00:00,0.6729,0.68,0.6757,0.68,25101.78,0.67715,16997.670327,25101.78,16997.670327,
2024-03-25 14:10:00+00:00,0.6798,0.6817,0.6799,0.6805,5120.27,0.680475,3484.21572825,5120.27,3484.21572825,
2024-03-25 14:15:00+00:00,0.681,0.6838,0.681,0.6827,13527.33,0.682125,9227.32997625,13527.33,9227.32997625,
2024-03-25 14:20:00+00:00,0.6838,0.6869,0.6838,0.685,35145.35,0.684875,24070.17158125,35145.35,24070.17158125,
2024-03-25 14:25:00+00:00,0.6847,0.6867,0.6861,0.6855,7165.02,0.68575,4913.412465,7165.02,4913.412465,
2024-03-25 14:30:00+00:00,0.6816,0.6868,0.6853,0.6854,13249.2,0.684775,9072.72093,13249.2,9072.72093,
2024-03-25 14:35:00+00:00,0.684,0.6866,0.6861,0.6847,6511.09,0.68535,4462.3755315,6511.09,4462.3755315,
2024-03-25 14:40:00+00:00,0.6832,0.6856,0.6847,0.6856,5674.28,0.684775,3885.605087,5674.28,3885.605087,
2024-03-25 14:45:00+00:00,0.6849,0.6885,0.6849,0.6885,2502.39,0.6867,1718.391213,2502.39,1718.391213,
2024-03-25 14:50:00+00:00,0.6881,0.6899,0.6886,0.6887,4545.99,0.688825,3131.39156175,4545.99,3131.39156175,
2024-03-25 14:55:00+00:00,0.688,0.691,0.688,0.6908,4068.65,0.68945,2805.1307425,4068.65,2805.1307425,
2024-03-25 15:00:00+00:00,0.691,0.6945,0.691,0.6917,16603.92,0.69205,11490.742836,16603.92,11490.742836,
2024-03-25 15:05:00+00:00,0.6891,0.6944,0.692,0.6893,31954.02,0.6912,22086.618624,31954.02,22086.618624,
2024-03-25 15:10:00+00:00,0.6899,0.6923,0.6899,0.6899,6739.16,0.6905,4653.38998,6739.16,4653.38998,
2024-03-25 15:15:00+00:00,0.687,0.6918,0.6906,0.6918,7098.7,0.6903,4900.23261,7098.7,4900.23261,
2024-03-25 15:20:00+00:00,0.692,0.6948,0.692,0.6948,1991.52,0.6934,1380.919968,1991.52,1380.919968,
2024-03-25 15:25:00+00:00,0.6928,0.6945,0.6941,0.6928,26510.85,0.69355,18386.6000175,26510.85,18386.6000175,
2024-03-25 15:30:00+00:00,0.691,0.6935,0.6935,0.691,2530.71,0.69225,1751.8839975,2530.71,1751.8839975,
2024-03-25 15:35:00+00:00,0.6901,0.6941,0.6907,0.694,15119.99,0.692225,10466.43507775,15119.99,10466.43507775,
2024-03-25 15:40:00+00:00,0.693,0.6951,0.6937,0.694,5616.2,0.69395,3897.36199,5616.2,3897.36199,
2024-03-25 15:45:00+00:00,0.6937,0.6955,0.694,0.6955,2813.59,0.694675,1954.53063325,2813.59,1954.53063325,
2024-03-25 15:50:00+00:00,0.6927,0.6948,0.6948,0.6929,1557.23,0.6938,1080.406174,1557.23,1080.406174,
2024-03-25 15:55:00+00:00,0.691,0.6937,0.6929,0.6928,6635.51,0.6926,4595.754226,6635.51,4595.754226,
2024-03-25 16:00:00+00:00,0.6906,0.6934,0.6934,0.6919,3555.58,0.692325,2461.6169235,3555.58,2461.6169235,
2024-03-25 16:05:00+00:00,0.6907,0.6932,0.692,0.6915,10155.93,0.69185,7026.3801705,10155.93,7026.3801705,
2024-03-25 16:10:00+00:00,0.6901,0.6941,0.6913,0.6934,13940.95,0.692225,9650.27411375,13940.95,9650.27411375,
2024-03-25 16:15:00+00:00,0.6916,0.6934,0.6927,0.6928,2506.54,0.692625,1736.0922675,2506.54,1736.0922675,
2024-03-25 16:20:00+00:00,0.6917,0.6929,0.6929,0.6917,1120.91,0.6923,776.005993,1120.91,776.005993,
2024-03-25 16:25:00+00:00,0.6893,0.6913,0.6913,0.6893,2691.62,0.6903,1858.025286,2691.62,1858.025286,
2024-03-25 16:30:00+00:00,0.6893,0.6936,0.6899,0.6936,5684.06,0.6916,3931.095896,5684.06,3931.095896,
2024-03-25 16:35:00+00:00,0.6941,0.6988,0.6941,0.6974,11674.69,0.6961,8126.751709,11674.69,8126.751709,
2024-03-25 16:40:00+00:00,0.6968,0.6993,0.6979,0.6968,17895.2,0.6977,12485.48104,17895.2,12485.48104,
2024-03-25 16:45:00+00:00,0.6965,0.6984,0.6965,0.6977,381.03,0.697275,265.68269325,381.03,265.68269325,
2024-03-25 16:50:00+00:00,0.6973,0.6994,0.6973,0.6994,36005.51,0.69835,25144.4479085,36005.51,25144.4479085,
2024-03-25 16:55:00+00:00,0.699,0.7,0.6997,0.6997,39758.03,0.6996,27814.717788,39758.03,27814.717788,
2024-03-25 17:00:00+00:00,0.699,0.7004,0.6996,0.6996,12588.0,0.69965,8807.1942,12588.0,8807.1942,
2024-03-25 17:05:00+00:00,0.6996,0.7028,0.6996,0.7028,3788.66,0.7012,2656.608392,3788.66,2656.608392,
2024-03-25 17:10:00+00:00,0.6995,0.7018,0.7018,0.7003,35598.59,0.70085,24949.2718015,35598.59,24949.2718015,
2024-03-25 17:15:00+00:00,0.7001,0.7017,0.7004,0.7008,9377.42,0.70075,6571.227065,9377.42,6571.227065,
2024-03-25 17:20:00+00:00,0.6983,0.7012,0.701,0.7011,19994.89,0.7004,14004.420956,19994.89,14004.420956,
2024-03-25 17:25:00+00:00,0.7002,0.7011,0.7006,0.7003,3760.93,0.70055,2634.7195115,3760.93,2634.7195115,
2024-03-25 17:30:00+00:00,0.699,0.7016,0.6997,0.6994,21566.43,0.699925,15094.88351775,21566.43,15094.88351775,
2024-03-25 17:35:00+00:00,0.6948,0.6985,0.6984,0.6962,18473.89,0.696975,12875.83948275,18473.89,12875.83948275,
2024-03-25 17:40:00+00:00,0.6962,0.6976,0.6969,0.6974,272.18,0.697025,189.7162645,272.18,189.7162645,
2024-03-25 17:45:00+00:00,0.6955,0.6971,0.6962,0.6969,1463.53,0.696425,1019.23888025,1463.53,1019.23888025,
2024-03-25 17:50:00+00:00,0.6972,0.6991,0.6972,0.699,12188.21,0.698125,8508.89410625,12188.21,8508.89410625,
2024-03-25 17:55:00+00:00,0.6969,0.6997,0.6997,0.697,1453.33,0.698325,1014.89667225,1453.33,1014.89667225,
2024-03-25 18:00:00+00:00,0.6967,0.6981,0.6981,0.6967,2577.07,0.6974,1797.248618,2577.07,1797.248618,
2024-03-25 18:05:00+00:00,0.6971,0.6977,0.6976,0.6972,1021.98,0.6974,712.728852,1021.98,712.728852,
2024-03-25 18:10:00+00:00,0.6966,0.6974,0.6973,0.6966,328.18,0.696975,228.7332555,328.18,228.7332555,
2024-03-25 18:15:00+00:00,0.6948,0.6965,0.6965,0.6948,1682.56,0.69565,1170.472864,1682.56,1170.472864,
2024-03-25 18:20:00+00:00,0.6933,0.6955,0.6955,0.6946,6183.43,0.694725,4295.78340675,6183.43,4295.78340675,
2024-03-25 18:25:00+00:00,0.6941,0.6955,0.6948,0.6944,408.29,0.6947,283.639063,408.29,283.639063,
2024-03-25 18:30:00+00:00,0.692,0.6941,0.6941,0.6934,3229.24,0.6934,2239.155016,3229.24,2239.155016,
2024-03-25 18:35:00+00:00,0.6932,0.6943,0.6938,0.6943,3762.32,0.6939,2610.673848,3762.32,2610.673848,
2024-03-25 18:40:00+00:00,0.6942,0.6964,0.6942,0.6951,8409.81,0.694975,5844.60770475,8409.81,5844.60770475,
2024-03-25 18:45:00+00:00,0.6953,0.6962,0.6955,0.6962,42.39,0.6958,29.494962,42.39,29.494962,
2024-03-25 18:50:00+00:00,0.6962,0.6976,0.6968,0.6962,5248.41,0.6967,3656.567247,5248.41,3656.567247,
2024-03-25 18:55:00+00:00,0.6969,0.6995,0.6972,0.6995,5850.2,0.698275,4085.048405,5850.2,4085.048405,
2024-03-25 19:00:00+00:00,0.6972,0.6985,0.6983,0.6972,1281.15,0.6978,893.98647,1281.15,893.98647,
2024-03-25 19:05:00+00:00,0.6962,0.6983,0.6983,0.6962,404.41,0.69725,281.9748725,404.41,281.9748725,
2024-03-25 19:10:00+00:00,0.6947,0.6965,0.6962,0.6947,8451.98,0.695525,5878.5633895,8451.98,5878.5633895,
2024-03-25 19:15:00+00:00,0.6943,0.6968,0.6944,0.6964,25860.46,0.695475,17985.3034185,25860.46,17985.3034185,
2024-03-25 19:20:00+00:00,0.6952,0.6976,0.6962,0.6976,3131.89,0.69665,2181.8311685,3131.89,2181.8311685,
2024-03-25 19:25:00+00:00,0.6981,0.6994,0.6983,0.6985,3185.01,0.698575,2224.96836075,3185.01,2224.96836075,
2024-03-25 19:30:00+00:00,0.6986,0.7004,0.6989,0.7002,2526.08,0.699525,1767.056112,2526.08,1767.056112,
2024-03-25 19:35:00+00:00,0.6997,0.7029,0.7003,0.7025,2309.24,0.70135,1619.585474,2309.24,1619.585474,
2024-03-25 19:40:00+00:00,0.7025,0.7038,0.7026,0.7033,7781.81,0.70305,5471.0015205,7781.81,5471.0015205,
2024-03-25 19:45:00+00:00,0.7026,0.7037,0.7037,0.703,1777.05,0.70325,1249.7104125,1777.05,1249.7104125,
2024-03-25 19:50:00+00:00,0.7025,0.7033,0.7031,0.7031,6503.53,0.703,4571.98159,6503.53,4571.98159,
2024-03-25 19:55:00+00:00,0.7031,0.7039,0.7035,0.7033,7984.05,0.70345,5616.3799725,7984.05,5616.3799725,
2024-03-25 20:00:00+00:00,0.7017,0.7045,0.7041,0.7022,11298.3,0.703125,7944.1171875,11298.3,7944.1171875,
2024-03-25 20:05:00+00:00,0.7025,0.704,0.7025,0.7039,4717.24,0.703225,3317.281099,4717.24,3317.281099,
2024-03-25 20:10:00+00:00,0.703,0.7047,0.7037,0.704,32549.69,0.70385,22910.0993065,32549.69,22910.0993065,
2024-03-25 20:15:00+00:00,0.7027,0.7043,0.704,0.7027,1463.29,0.703425,1029.31476825,1463.29,1029.31476825,
2024-03-25 20:20:00+00:00,0.7011,0.7033,0.7026,0.7024,9661.6,0.70235,6785.82476,9661.6,6785.82476,
2024-03-25 20:25:00+00:00,0.7022,0.7029,0.7026,0.7026,10820.4,0.702575,7602.14253,10820.4,7602.14253,
2024-03-25 20:30:00+00:00,0.7,0.7021,0.7021,0.7,8886.36,0.70105,6229.782678,8886.36,6229.782678,
2024-03-25 20:35:00+00:00,0.6992,0.7003,0.6997,0.7001,5738.28,0.699825,4015.791801,5738.28,4015.791801,
2024-03-25 20:40:00+00:00,0.6997,0.7021,0.6997,0.7021,5640.79,0.7009,3953.629711,5640.79,3953.629711,
2024-03-25 20:45:00+00:00,0.7011,0.7027,0.7023,0.7016,6696.92,0.701925,4700.735571,6696.92,4700.735571,
2024-03-25 20:50:00+00:00,0.7016,0.7026,0.7019,0.7016,4476.67,0.701925,3142.28658975,4476.67,3142.28658975,
2024-03-25 20:55:00+00:00,0.7009,0.702,0.7011,0.7018,1296.47,0.70145,909.4088815,1296.47,909.4088815,
2024-03-25 21:00:00+00:00,0.6999,0.7017,0.7013,0.6999,5199.14,0.7007,3643.037398,5199.14,3643.037398,
2024-03-25 21:05:00+00:00,0.699,0.7003,0.7002,0.6994,1788.61,0.699725,1251.53513225,1788.61,1251.53513225,
2024-03-25 21:10:00+00:00,0.6983,0.7004,0.7001,0.6983,4302.66,0.699275,3008.7425715,4302.66,3008.7425715,
2024-03-25 21:15:00+00:00,0.6924,0.6981,0.6981,0.6947,13697.36,0.695825,9530.965522,13697.36,9530.965522,
2024-03-25 21:20:00+00:00,0.6941,0.6962,0.6941,0.6947,4460.98,0.694775,3099.3773795,4460.98,3099.3773795,
2024-03-25 21:25:00+00:00,0.6883,0.6941,0.6941,0.6913,8162.62,0.69195,5648.124909,8162.62,5648.124909,
2024-03-25 21:30:00+00:00,0.692,0.699,0.692,0.699,18366.44,0.6955,12773.85902,18366.44,12773.85902,
2024-03-25 21:35:00+00:00,0.6995,0.702,0.6995,0.7018,3221.88,0.7007,2257.571316,3221.88,2257.571316,
2024-03-25 21:40:00+00:00,0.6999,0.7022,0.7022,0.6999,9289.85,0.70105,6512.6493425,9289.85,6512.6493425,
2024-03-25 21:45:00+00:00,0.6958,0.6997,0.6997,0.6958,7249.77,0.69775,5058.5270175,7249.77,5058.5270175,
2024-03-25 21:50:00+00:00,0.6949,0.6965,0.6955,0.6965,12803.76,0.69585,8909.496396,12803.76,8909.496396,
2024-03-25 21:55:00+00:00,0.6951,0.6969,0.6969,0.6955,8216.8,0.6961,5719.71448,8216.8,5719.71448,
2024-03-25 22:00:00+00:00,0.6961,0.6976,0.6961,0.6976,5985.66,0.69685,4171.107171,5985.66,4171.107171,
2024-03-25 22:05:00+00:00,0.6965,0.698,0.6969,0.698,1861.1,0.69735,1297.838085,1861.1,1297.838085,
2024-03-25 22:10:00+00:00,0.6983,0.6995,0.6983,0.6995,1715.7,0.6989,1199.10273,1715.7,1199.10273,
2024-03-25 22:15:00+00:00,0.6967,0.7003,0.6997,0.6977,6280.24,0.6986,4387.375664,6280.24,4387.375664,
2024-03-25 22:20:00+00:00,0.6962,0.6977,0.6969,0.6973,381.19,0.697025,265.69895975,381.19,265.69895975,
2024-03-25 22:25:00+00:00,0.697,0.6981,0.697,0.6975,774.69,0.6974,540.268806,774.69,540.268806,
2024-03-25 22:30:00+00:00,0.6958,0.6987,0.6983,0.6958,12779.37,0.69715,8909.1377955,12779.37,8909.1377955,
2024-03-25 22:35:00+00:00,0.6968,0.6976,0.6969,0.6976,79.44,0.697225,55.387554,79.44,55.387554,
2024-03-25 22:40:00+00:00,0.697,0.6998,0.6972,0.6995,7064.95,0.698375,4933.98445625,7064.95,4933.98445625,
2024-03-25 22:45:00+00:00,0.6981,0.699,0.699,0.6986,881.97,0.698675,616.21038975,881.97,616.21038975,
2024-03-25 22:50:00+00:00,0.6971,0.6981,0.6976,0.6978,3037.32,0.69765,2118.986298,3037.32,2118.986298,
2024-03-25 22:55:00+00:00,0.6972,0.6984,0.6983,0.6972,908.23,0.697775,633.74018825,908.23,633.74018825,
2024-03-25 23:00:00+00:00,0.6969,0.6976,0.6976,0.6975,2735.28,0.6974,1907.584272,2735.28,1907.584272,
2024-03-25 23:05:00+00:00,0.6968,0.6984,0.6969,0.6978,15725.89,0.697475,10968.41512775,15725.89,10968.41512775,
2024-03-25 23:10:00+00:00,0.698,0.6993,0.6983,0.6982,5564.62,0.69845,3886.608839,5564.62,3886.608839,
2024-03-25 23:15:00+00:00,0.6977,0.6986,0.6986,0.698,1013.85,0.698225,707.89541625,1013.85,707.89541625,
2024-03-25 23:20:00+00:00,0.6969,0.6986,0.6986,0.6976,4668.6,0.697925,3258.332655,4668.6,3258.332655,
2024-03-25 23:25:00+00:00,0.6954,0.6975,0.697,0.6961,101393.92,0.6965,70620.86528,101393.92,70620.86528,
2024-03-25 23:30:00+00:00,0.6941,0.6964,0.696,0.6941,29282.89,0.69515,20356.0009835,29282.89,20356.0009835,
2024-03-25 23:35:00+00:00,0.692,0.6943,0.6939,0.6924,10967.43,0.69315,7602.0741045,10967.43,7602.0741045,
2024-03-25 23:40:00+00:00,0.6906,0.6918,0.6918,0.6908,1901.24,0.69125,1314.23215,1901.24,1314.23215,
2024-03-25 23:45:00+00:00,0.6899,0.6927,0.6913,0.6927,963.82,0.69165,666.626103,963.82,666.626103,
2024-03-25 23:50:00+00:00,0.6927,0.6941,0.6934,0.6937,814.23,0.693475,564.64814925,814.23,564.64814925,
2024-03-25 23:55:00+00:00,0.6939,0.6952,0.6939,0.6946,434.53,0.6944,301.737632,434.53,301.737632,
2024-03-26 00:00:00+00:00,0.6931,0.6947,0.6947,0.6941,7337.4,0.69415,5093.25621,7337.4,5093.25621,
2024-03-26 00:05:00+00:00,0.6941,0.6971,0.6941,0.6969,4239.32,0.69555,2948.659026,4239.32,2948.659026,
2024-03-26 00:10:00+00:00,0.6963,0.6983,0.6966,0.6971,4269.17,0.697075,2975.93167775,4269.17,2975.93167775,
2024-03-26 00:15:00+00:00,0.6955,0.6983,0.6969,0.6983,16532.42,0.69725,11527.229845,16532.42,11527.229845,
2024-03-26 00:20:00+00:00,0.6978,0.7,0.699,0.7,4953.18,0.6992,3463.263456,4953.18,3463.263456,
2024-03-26 00:25:00+00:00,0.7004,0.702,0.7004,0.7018,3166.29,0.70115,2220.0442335,3166.29,2220.0442335,
2024-03-26 00:30:00+00:00,0.7001,0.7025,0.7022,0.7018,720.68,0.70165,505.665122,720.68,505.665122,
2024-03-26 00:35:00+00:00,0.7018,0.7028,0.7025,0.7018,7145.57,0.702225,5017.79789325,7145.57,5017.79789325,
2024-03-26 00:40:00+00:00,0.7009,0.7011,0.7011,0.7011,588.62,0.70105,412.652051,588.62,412.652051,
2024-03-26 00:45:00+00:00,0.6995,0.7015,0.7012,0.7009,33745.58,0.700775,23648.0588245,33745.58,23648.0588245,
2024-03-26 00:50:00+00:00,0.6994,0.7011,0.7009,0.7011,4379.01,0.700625,3068.04388125,4379.01,3068.04388125,
2024-03-26 00:55:00+00:00,0.699,0.7014,0.7008,0.7014,528.4,0.70065,370.22346,528.4,370.22346,
2024-03-26 01:00:00+00:00,0.6997,0.702,0.7009,0.702,2495.6,0.70115,1749.78994,2495.6,1749.78994,
2024-03-26 01:05:00+00:00,0.7025,0.7049,0.7025,0.7045,4608.54,0.7036,3242.568744,4608.54,3242.568744,
2024-03-26 01:10:00+00:00,0.7051,0.7079,0.7051,0.7079,87767.98,0.7065,62008.07787,87767.98,62008.07787,
2024-03-26 01:15:00+00:00,0.7061,0.7091,0.7082,0.7066,10619.55,0.7075,7513.331625,10619.55,7513.331625,
2024-03-26 01:20:00+00:00,0.7056,0.7072,0.7064,0.7072,4080.87,0.7066,2883.542742,4080.87,2883.542742,
2024-03-26 01:25:00+00:00,0.7065,0.7082,0.7079,0.7079,12242.73,0.707625,8663.26181625,12242.73,8663.26181625,
2024-03-26 01:30:00+00:00,0.7076,0.7098,0.7085,0.7084,6966.04,0.708575,4935.961793,6966.04,4935.961793,
2024-03-26 01:35:00+00:00,0.7071,0.7092,0.7075,0.7092,6795.4,0.70825,4812.84205,6795.4,4812.84205,
2024-03-26 01:40:00+00:00,0.7088,0.7126,0.7088,0.7109,6802.18,0.710275,4831.4183995,6802.18,4831.4183995,
2024-03-26 01:45:00+00:00,0.7104,0.7124,0.7114,0.7113,7713.34,0.711375,5487.0772425,7713.34,5487.0772425,
2024-03-26 01:50:00+00:00,0.7095,0.7113,0.7113,0.7108,8832.7,0.710725,6277.6207075,8832.7,6277.6207075,
2024-03-26 01:55:00+00:00,0.7089,0.7109,0.7108,0.7089,6522.11,0.709875,4629.88283625,6522.11,4629.88283625,
2024-03-26 02:00:00+00:00,0.7055,0.7086,0.7086,0.7057,5318.07,0.7071,3760.407297,5318.07,3760.407297,
2024-03-26 02:05:00+00:00,0.7058,0.7082,0.7062,0.7082,9760.21,0.7071,6901.444491,9760.21,6901.444491,
2024-03-26 02:10:00+00:00,0.7073,0.7086,0.7086,0.7076,3475.95,0.708025,2461.05949875,3475.95,2461.05949875,
2024-03-26 02:15:00+00:00,0.7059,0.7083,0.7072,0.7083,2403.78,0.707425,1700.4940665,2403.78,1700.4940665,
2024-03-26 02:20:00+00:00,0.7072,0.7083,0.7072,0.7083,242.91,0.70775,171.9195525,242.91,171.9195525,
2024-03-26 02:25:00+00:00,0.7079,0.7091,0.7079,0.7091,12472.66,0.7085,8836.87961,12472.66,8836.87961,
2024-03-26 02:30:00+00:00,0.7079,0.7094,0.7084,0.7091,3486.89,0.7087,2471.158943,3486.89,2471.158943,
2024-03-26 02:35:00+00:00,0.7075,0.7094,0.7094,0.7075,1123.8,0.70845,796.15611,1123.8,796.15611,
2024-03-26 02:40:00+00:00,0.707,0.7091,0.7079,0.7091,16074.08,0.708275,11384.869012,16074.08,11384.869012,
2024-03-26 02:45:00+00:00,0.7091,0.7104,0.7091,0.7104,9870.52,0.70975,7005.60157,9870.52,7005.60157,
2024-03-26 02:50:00+00:00,0.7103,0.7129,0.7103,0.7126,9448.5,0.711525,6722.8439625,9448.5,6722.8439625,
2024-03-26 02:55:00+00:00,0.7119,0.7128,0.7126,0.7124,315.42,0.712425,224.7130935,315.42,224.7130935,
2024-03-26 03:00:00+00:00,0.7098,0.7132,0.7127,0.71,3529.16,0.711425,2510.732653,3529.16,2510.732653,
2024-03-26 03:05:00+00:00,0.7086,0.711,0.7097,0.7107,4799.51,0.71,3407.6521,4799.51,3407.6521,
2024-03-26 03:10:00+00:00,0.709,0.7102,0.7102,0.7096,5216.15,0.70975,3702.1624625,5216.15,3702.1624625,
2024-03-26 03:15:00+00:00,0.7086,0.7106,0.7094,0.7104,2859.0,0.70975,2029.17525,2859.0,2029.17525,
2024-03-26 03:20:00+00:00,0.7093,0.7109,0.7099,0.71,1913.76,0.710025,1358.817444,1913.76,1358.817444,
2024-03-26 03:25:00+00:00,0.7097,0.7106,0.7101,0.7099,833.85,0.710075,592.09603875,833.85,592.09603875,
2024-03-26 03:30:00+00:00,0.7086,0.71,0.7099,0.7086,856.22,0.709275,607.2954405,856.22,607.2954405,
2024-03-26 03:35:00+00:00,0.7079,0.7093,0.7083,0.7085,298.78,0.7085,211.68563,298.78,211.68563,
2024-03-26 03:40:00+00:00,0.7074,0.7132,0.7084,0.7114,6310.56,0.7101,4481.128656,6310.56,4481.128656,
2024-03-26 03:45:00+00:00,0.7092,0.7107,0.7107,0.71,2893.46,0.71015,2054.790619,2893.46,2054.790619,
2024-03-26 03:50:00+00:00,0.7098,0.7103,0.7098,0.7098,897.2,0.709925,636.94471,897.2,636.94471,
2024-03-26 03:55:00+00:00,0.7103,0.7119,0.7107,0.7119,360.6,0.7112,256.45872,360.6,256.45872,
2024-03-26 04:00:00+00:00,0.7107,0.7135,0.712,0.7116,4982.06,0.71195,3546.977617,4982.06,3546.977617,
2024-03-26 04:05:00+00:00,0.7106,0.7121,0.7114,0.7109,2741.43,0.71125,1949.8420875,2741.43,1949.8420875,
2024-03-26 04:10:00+00:00,0.7093,0.7107,0.7107,0.7098,8069.19,0.710125,5730.13354875,8069.19,5730.13354875,
2024-03-26 04:15:00+00:00,0.7084,0.709,0.709,0.7084,475.47,0.7087,336.965589,475.47,336.965589,
2024-03-26 04:20:00+00:00,0.708,0.7093,0.7091,0.7093,568.17,0.708925,402.78991725,568.17,402.78991725,
2024-03-26 04:25:00+00:00,0.7079,0.7091,0.7086,0.7083,2412.59,0.708475,1709.25970025,2412.59,1709.25970025,
2024-03-26 04:30:00+00:00,0.7076,0.7083,0.7083,0.7082,3300.7,0.7081,2337.22567,3300.7,2337.22567,
2024-03-26 04:35:00+00:00,0.7076,0.7084,0.7081,0.7084,2047.86,0.708125,1450.1408625,2047.86,1450.1408625,
2024-03-26 04:40:00+00:00,0.7083,0.7103,0.7084,0.7103,3953.56,0.709325,2804.358947,3953.56,2804.358947,
2024-03-26 04:45:00+00:00,0.7079,0.7093,0.7093,0.7079,3051.56,0.7086,2162.335416,3051.56,2162.335416,
2024-03-26 04:50:00+00:00,0.7084,0.7093,0.7086,0.7084,548.98,0.708675,389.0484015,548.98,389.0484015,
2024-03-26 04:55:00+00:00,0.7082,0.7091,0.7086,0.7091,233.29,0.70875,165.3442875,233.29,165.3442875,
2024-03-26 05:00:00+00:00,0.7072,0.7087,0.7087,0.7075,6928.94,0.708025,4905.8627435,6928.94,4905.8627435,
2024-03-26 05:05:00+00:00,0.7065,0.7079,0.7079,0.7065,1788.24,0.7072,1264.643328,1788.24,1264.643328,
2024-03-26 05:10:00+00:00,0.7069,0.708,0.7072,0.708,224.79,0.707525,159.04454475,224.79,159.04454475,
2024-03-26 05:15:00+00:00,0.7073,0.7082,0.7073,0.7082,100.02,0.70775,70.789155,100.02,70.789155,
2024-03-26 05:20:00+00:00,0.7079,0.7086,0.7086,0.7086,476.82,0.708425,337.7912085,476.82,337.7912085,
2024-03-26 05:25:00+00:00,0.7072,0.7079,0.7079,0.7076,1088.4,0.70765,770.20626,1088.4,770.20626,
2024-03-26 05:30:00+00:00,0.7068,0.7083,0.7072,0.7083,338.08,0.70765,239.242312,338.08,239.242312,
2024-03-26 05:35:00+00:00,0.7077,0.7086,0.7086,0.7086,1440.05,0.708375,1020.09541875,1440.05,1020.09541875,
2024-03-26 05:40:00+00:00,0.7079,0.7079,0.7079,0.7079,105.96,0.7079,75.009084,105.96,75.009084,
2024-03-26 05:45:00+00:00,0.7067,0.7088,0.7081,0.7077,5970.71,0.707825,4226.21780575,5970.71,4226.21780575,
2024-03-26 05:50:00+00:00,0.7068,0.7079,0.7074,0.7079,3323.37,0.7075,2351.284275,3323.37,2351.284275,
2024-03-26 05:55:00+00:00,0.7069,0.708,0.708,0.7075,516.87,0.7076,365.737212,516.87,365.737212,
2024-03-26 06:00:00+00:00,0.7058,0.7068,0.7068,0.7068,1031.48,0.70655,728.792194,1031.48,728.792194,
2024-03-26 06:05:00+00:00,0.706,0.7114,0.7067,0.7109,9550.7,0.70875,6769.058625,9550.7,6769.058625,
2024-03-26 06:10:00+00:00,0.7086,0.7111,0.7111,0.7091,1367.62,0.709975,970.9760095,1367.62,970.9760095,
2024-03-26 06:15:00+00:00,0.708,0.71,0.7093,0.7087,2710.71,0.709,1921.89339,2710.71,1921.89339,
2024-03-26 06:20:00+00:00,0.7076,0.709,0.7087,0.7076,507.82,0.708225,359.6508195,507.82,359.6508195,
2024-03-26 06:25:00+00:00,0.708,0.7085,0.7085,0.708,701.48,0.70825,496.82321,701.48,496.82321,
2024-03-26 06:30:00+00:00,0.7086,0.7108,0.7086,0.7108,241.1,0.7097,171.10867,241.1,171.10867,
2024-03-26 06:35:00+00:00,0.7107,0.7116,0.7114,0.7107,934.21,0.7111,664.316731,934.21,664.316731,
2024-03-26 06:40:00+00:00,0.71,0.7133,0.71,0.7124,8932.17,0.711425,6354.56904225,8932.17,6354.56904225,
2024-03-26 06:45:00+00:00,0.7101,0.7128,0.7128,0.7119,1116.43,0.7119,794.786517,1116.43,794.786517,
2024-03-26 06:50:00+00:00,0.7126,0.7136,0.7126,0.7136,1876.87,0.7131,1338.395997,1876.87,1338.395997,
2024-03-26 06:55:00+00:00,0.7137,0.7149,0.7137,0.7147,8043.98,0.71425,5745.412715,8043.98,5745.412715,
2024-03-26 07:00:00+00:00,0.7134,0.715,0.715,0.7134,156.02,0.7142,111.429484,156.02,111.429484,
2024-03-26 07:05:00+00:00,0.7126,0.7134,0.7129,0.7128,240.33,0.712925,171.33726525,240.33,171.33726525,
2024-03-26 07:10:00+00:00,0.7121,0.7129,0.7124,0.7126,6943.61,0.7125,4947.322125,6943.61,4947.322125,
2024-03-26 07:15:00+00:00,0.7133,0.7142,0.7135,0.714,3066.6,0.71375,2188.78575,3066.6,2188.78575,
2024-03-26 07:20:00+00:00,0.7135,0.7151,0.7135,0.715,3108.59,0.714275,2220.38812225,3108.59,2220.38812225,
2024-03-26 07:25:00+00:00,0.7138,0.7157,0.7153,0.7154,3457.77,0.71505,2472.4784385,3457.77,2472.4784385,
2024-03-26 07:30:00+00:00,0.7142,0.7154,0.7154,0.7149,148.17,0.714975,105.93784575,148.17,105.93784575,
2024-03-26 07:35:00+00:00,0.7135,0.715,0.7149,0.7136,5876.3,0.71425,4197.147275,5876.3,4197.147275,
2024-03-26 07:40:00+00:00,0.7126,0.7135,0.7135,0.7132,395.4,0.7132,281.99928,395.4,281.99928,
2024-03-26 07:45:00+00:00,0.7121,0.7134,0.7134,0.7121,6290.61,0.71275,4483.6322775,6290.61,4483.6322775,
2024-03-26 07:50:00+00:00,0.7072,0.712,0.7119,0.708,21481.31,0.709775,15246.89680525,21481.31,15246.89680525,
2024-03-26 07:55:00+00:00,0.7055,0.7086,0.7076,0.7079,7417.31,0.7074,5247.005094,7417.31,5247.005094,
2024-03-26 08:00:00+00:00,0.7044,0.71,0.7077,0.7095,57236.47,0.7079,40517.697113,57236.47,40517.697113,
2024-03-26 08:05:00+00:00,0.7072,0.7093,0.7093,0.7086,7295.64,0.7086,5169.690504,7295.64,5169.690504,
2024-03-26 08:10:00+00:00,0.7072,0.7093,0.7082,0.7074,2963.65,0.708025,2098.33829125,2963.65,2098.33829125,
2024-03-26 08:15:00+00:00,0.7063,0.709,0.7065,0.7079,3659.06,0.707425,2588.5105205,3659.06,2588.5105205,
2024-03-26 08:20:00+00:00,0.707,0.7088,0.7077,0.7078,6049.99,0.707825,4282.33417175,6049.99,4282.33417175,
2024-03-26 08:25:00+00:00,0.7072,0.708,0.708,0.7077,472.24,0.707725,334.216054,472.24,334.216054,
2024-03-26 08:30:00+00:00,0.7066,0.7086,0.707,0.7086,231.81,0.7077,164.051937,231.81,164.051937,
2024-03-26 08:35:00+00:00,0.7079,0.7088,0.7081,0.7088,151.18,0.7084,107.095912,151.18,107.095912,
2024-03-26 08:40:00+00:00,0.7093,0.7107,0.7093,0.7106,160.82,0.709975,114.1781795,160.82,114.1781795,
2024-03-26 08:45:00+00:00,0.71,0.7114,0.7107,0.7103,1023.34,0.7106,727.185404,1023.34,727.185404,
2024-03-26 08:50:00+00:00,0.7103,0.7117,0.7103,0.7114,1089.34,0.710925,774.4390395,1089.34,774.4390395,
2024-03-26 08:55:00+00:00,0.7119,0.7121,0.7119,0.7121,377.42,0.712,268.72304,377.42,268.72304,
2024-03-26 09:00:00+00:00,0.7111,0.7119,0.7119,0.7111,630.6,0.7115,448.6719,630.6,448.6719,
2024-03-26 09:05:00+00:00,0.7114,0.7123,0.7121,0.712,2731.42,0.71195,1944.634469,2731.42,1944.634469,
2024-03-26 09:10:00+00:00,0.7104,0.7121,0.7121,0.7111,210.16,0.711425,149.513078,210.16,149.513078,
2024-03-26 09:15:00+00:00,0.7112,0.7126,0.7114,0.7121,3164.5,0.711825,2252.5702125,3164.5,2252.5702125,
2024-03-26 09:20:00+00:00,0.7124,0.7135,0.7125,0.7134,2056.54,0.71295,1466.210193,2056.54,1466.210193,
2024-03-26 09:25:00+00:00,0.7131,0.7149,0.7131,0.7142,231.77,0.713825,165.44322025,231.77,165.44322025,
2024-03-26 09:30:00+00:00,0.7132,0.7156,0.7135,0.7156,312.36,0.714475,223.173411,312.36,223.173411,
2024-03-26 09:35:00+00:00,0.7142,0.7158,0.7155,0.7142,128.09,0.714925,91.57474325,128.09,91.57474325,
2024-03-26 09:40:00+00:00,0.7143,0.7149,0.7143,0.7149,186.97,0.7146,133.608762,186.97,133.608762,
2024-03-26 09:45:00+00:00,0.7145,0.7158,0.7145,0.7151,2636.55,0.714975,1885.06733625,2636.55,1885.06733625,
2024-03-26 09:50:00+00:00,0.7145,0.7152,0.7149,0.7151,220.15,0.714925,157.39073875,220.15,157.39073875,
2024-03-26 09:55:00+00:00,0.7147,0.7154,0.7149,0.7147,1201.67,0.714925,859.10392475,1201.67,859.10392475,
2024-03-26 10:00:00+00:00,0.7139,0.7149,0.7142,0.7149,219.98,0.714475,157.1702105,219.98,157.1702105,
2024-03-26 10:05:00+00:00,0.7142,0.7152,0.7142,0.7152,839.58,0.7147,600.047826,839.58,600.047826,
2024-03-26 10:10:00+00:00,0.7152,0.7169,0.7152,0.7156,15103.89,0.715725,10810.23167025,15103.89,10810.23167025,
2024-03-26 10:15:00+00:00,0.7149,0.7162,0.7149,0.716,2424.05,0.7155,1734.407775,2424.05,1734.407775,
2024-03-26 10:20:00+00:00,0.714,0.7158,0.7158,0.7144,3245.7,0.715,2320.6755,3245.7,2320.6755,
2024-03-26 10:25:00+00:00,0.7135,0.7142,0.7142,0.7135,2281.7,0.71385,1628.791545,2281.7,1628.791545,
2024-03-26 10:30:00+00:00,0.7129,0.7142,0.713,0.7134,14922.12,0.713375,10645.067355,14922.12,10645.067355,
2024-03-26 10:35:00+00:00,0.7132,0.7142,0.7132,0.7142,1879.55,0.7137,1341.434835,1879.55,1341.434835,
2024-03-26 10:40:00+00:00,0.7139,0.7152,0.7139,0.7147,232.49,0.714425,166.09666825,232.49,166.09666825,
2024-03-26 10:45:00+00:00,0.7151,0.7163,0.7156,0.7163,144.49,0.715825,103.42955425,144.49,103.42955425,
2024-03-26 10:50:00+00:00,0.7155,0.7165,0.7165,0.7158,57.57,0.716075,41.22443775,57.57,41.22443775,
2024-03-26 10:55:00+00:00,0.7151,0.7164,0.7158,0.7157,2879.15,0.71575,2060.7516125,2879.15,2060.7516125,
2024-03-26 11:00:00+00:00,0.7152,0.7177,0.7155,0.7172,5719.74,0.7164,4097.621736,5719.74,4097.621736,
2024-03-26 11:05:00+00:00,0.7156,0.7179,0.7173,0.7161,4140.14,0.716725,2967.3418415,4140.14,2967.3418415,
2024-03-26 11:10:00+00:00,0.7122,0.7149,0.7149,0.7131,8816.86,0.713775,6293.2542465,8816.86,6293.2542465,
2024-03-26 11:15:00+00:00,0.7134,0.7149,0.7142,0.7142,6078.54,0.714175,4341.1413045,6078.54,4341.1413045,
2024-03-26 11:20:00+00:00,0.7141,0.7152,0.7145,0.7151,5717.09,0.714725,4086.14715025,5717.09,4086.14715025,
2024-03-26 11:25:00+00:00,0.714,0.715,0.715,0.7147,2512.71,0.714675,1795.77101925,2512.71,1795.77101925,
2024-03-26 11:30:00+00:00,0.7126,0.7146,0.7146,0.7126,932.22,0.7136,665.232192,932.22,665.232192,
2024-03-26 11:35:00+00:00,0.7111,0.713,0.713,0.7121,4243.39,0.7123,3022.566697,4243.39,3022.566697,
2024-03-26 11:40:00+00:00,0.7128,0.7231,0.7128,0.7164,208095.56,0.716275,149053.647239,208095.56,149053.647239,
2024-03-26 11:45:00+00:00,0.7132,0.7156,0.7156,0.7132,10403.13,0.7144,7431.996072,10403.13,7431.996072,
2024-03-26 11:50:00+00:00,0.7129,0.7157,0.7135,0.7134,5849.87,0.713875,4176.07594625,5849.87,4176.07594625,
2024-03-26 11:55:00+00:00,0.7126,0.7135,0.7134,0.7134,6357.84,0.713225,4534.570434,6357.84,4534.570434,
2024-03-26 12:00:00+00:00,0.7089,0.7131,0.7131,0.7089,4451.89,0.711,3165.29379,4451.89,3165.29379,
2024-03-26 12:05:00+00:00,0.7086,0.7107,0.7088,0.7086,3916.04,0.709175,2777.157667,3916.04,2777.157667,
2024-03-26 12:10:00+00:00,0.7093,0.7114,0.7093,0.7107,582.68,0.710175,413.804769,582.68,413.804769,
2024-03-26 12:15:00+00:00,0.711,0.7134,0.7114,0.7121,4591.25,0.711975,3268.85521875,4591.25,3268.85521875,
2024-03-26 12:20:00+00:00,0.7117,0.7124,0.7119,0.7124,3299.95,0.7121,2349.894395,3299.95,2349.894395,
2024-03-26 12:25:00+00:00,0.7109,0.7121,0.7114,0.7109,207.05,0.711325,147.27984125,207.05,147.27984125,
2024-03-26 12:30:00+00:00,0.711,0.7123,0.7116,0.7115,3077.82,0.7116,2190.176712,3077.82,2190.176712,
2024-03-26 12:35:00+00:00,0.7105,0.7109,0.7107,0.7109,61862.65,0.71075,43968.8784875,61862.65,43968.8784875,
2024-03-26 12:40:00+00:00,0.7101,0.7113,0.7113,0.7102,5142.84,0.710725,3655.144959,5142.84,3655.144959,
2024-03-26 12:45:00+00:00,0.709,0.71,0.71,0.71,137.36,0.70975,97.49126,137.36,97.49126,
2024-03-26 12:50:00+00:00,0.7075,0.7097,0.7097,0.7077,17055.95,0.70865,12086.6989675,17055.95,12086.6989675,
2024-03-26 12:55:00+00:00,0.7073,0.71,0.7073,0.7098,3310.99,0.7086,2346.167514,3310.99,2346.167514,
2024-03-26 13:00:00+00:00,0.7079,0.7107,0.7107,0.7079,1705.91,0.7093,1210.001963,1705.91,1210.001963,
2024-03-26 13:05:00+00:00,0.7061,0.7072,0.7072,0.7068,6186.76,0.706825,4372.956637,6186.76,4372.956637,
2024-03-26 13:10:00+00:00,0.7065,0.7086,0.7079,0.708,3094.66,0.70775,2190.245615,3094.66,2190.245615,
2024-03-26 13:15:00+00:00,0.7064,0.7072,0.7072,0.7064,195.69,0.7068,138.313692,195.69,138.313692,
2024-03-26 13:20:00+00:00,0.7058,0.7083,0.7068,0.7065,4628.33,0.70685,3271.5350605,4628.33,3271.5350605,
2024-03-26 13:25:00+00:00,0.7059,0.7075,0.7066,0.7067,4450.72,0.706675,3145.212556,4450.72,3145.212556,
2024-03-26 13:30:00+00:00,0.7049,0.7066,0.7063,0.7066,17639.91,0.7061,12455.540451,17639.91,12455.540451,
2024-03-26 13:35:00+00:00,0.699,0.7063,0.7063,0.699,13861.24,0.70265,9739.600286,13861.24,9739.600286,
2024-03-26 13:40:00+00:00,0.6969,0.7031,0.6989,0.7025,14144.17,0.70035,9905.8694595,14144.17,9905.8694595,
2024-03-26 13:45:00+00:00,0.7023,0.7063,0.7031,0.706,3585.43,0.704425,2525.66652775,3585.43,2525.66652775,
2024-03-26 13:50:00+00:00,0.7025,0.7051,0.7051,0.7031,648.37,0.70395,456.4200615,648.37,456.4200615,
2024-03-26 13:55:00+00:00,0.7004,0.7033,0.7033,0.7018,8884.33,0.7022,6238.576526,8884.33,6238.576526,
2024-03-26 14:00:00+00:00,0.6974,0.7025,0.7011,0.6976,3981.68,0.69965,2785.782412,3981.68,2785.782412,
2024-03-26 14:05:00+00:00,0.6977,0.7044,0.6977,0.7037,3011.8,0.700875,2110.895325,3011.8,2110.895325,
2024-03-26 14:10:00+00:00,0.7018,0.7047,0.7037,0.7031,766.16,0.703325,538.859482,766.16,538.859482,
2024-03-26 14:15:00+00:00,0.7004,0.7037,0.7025,0.7004,9857.17,0.70175,6917.2690475,9857.17,6917.2690475,
2024-03-26 14:20:00+00:00,0.6941,0.7018,0.7011,0.6941,6535.34,0.697775,4560.1968685,6535.34,4560.1968685,
2024-03-26 14:25:00+00:00,0.6914,0.6969,0.6951,0.6917,13247.39,0.693775,9190.70799725,13247.39,9190.70799725,
2024-03-26 14:30:00+00:00,0.6851,0.6948,0.6913,0.6899,38280.96,0.690275,26424.389664,38280.96,26424.389664,
2024-03-26 14:35:00+00:00,0.6906,0.6966,0.6906,0.6941,11689.38,0.692975,8100.4481055,11689.38,8100.4481055,
2024-03-26 14:40:00+00:00,0.6927,0.6962,0.6948,0.696,3501.57,0.694925,2433.32853225,3501.57,2433.32853225,
2024-03-26 14:45:00+00:00,0.6955,0.699,0.6967,0.6984,1844.08,0.6974,1286.061392,1844.08,1286.061392,
2024-03-26 14:50:00+00:00,0.6989,0.7023,0.699,0.7014,8540.4,0.7004,5981.69616,8540.4,5981.69616,
2024-03-26 14:55:00+00:00,0.7004,0.7025,0.7016,0.7022,5015.57,0.701675,3519.30007975,5015.57,3519.30007975,
2024-03-26 15:00:00+00:00,0.6958,0.7029,0.7029,0.6958,34826.69,0.69935,24356.0456515,34826.69,24356.0456515,
2024-03-26 15:05:00+00:00,0.6941,0.6976,0.6969,0.6948,2739.68,0.69585,1906.406328,2739.68,1906.406328,
2024-03-26 15:10:00+00:00,0.6955,0.6976,0.6955,0.6976,1480.31,0.69655,1031.1099305,1480.31,1031.1099305,
2024-03-26 15:15:00+00:00,0.6912,0.6973,0.6973,0.6913,3864.82,0.694275,2683.2479055,3864.82,2683.2479055,
2024-03-26 15:20:00+00:00,0.6915,0.6948,0.6915,0.692,3709.66,0.69245,2568.754067,3709.66,2568.754067,
2024-03-26 15:25:00+00:00,0.6899,0.6976,0.6913,0.6976,1081.06,0.6941,750.363746,1081.06,750.363746,
2024-03-26 15:30:00+00:00,0.6913,0.6962,0.6962,0.6913,1881.84,0.69375,1305.5265,1881.84,1305.5265,
2024-03-26 15:35:00+00:00,0.692,0.6971,0.692,0.6971,6798.74,0.69455,4722.064867,6798.74,4722.064867,
2024-03-26 15:40:00+00:00,0.6962,0.6983,0.6975,0.6979,12556.47,0.697475,8757.82391325,12556.47,8757.82391325,
2024-03-26 15:45:00+00:00,0.6963,0.699,0.6979,0.6978,9944.02,0.69775,6938.439955,9944.02,6938.439955,
2024-03-26 15:50:00+00:00,0.6955,0.6976,0.6976,0.696,5841.73,0.696675,4069.78724775,5841.73,4069.78724775,
2024-03-26 15:55:00+00:00,0.6969,0.6997,0.6969,0.6997,2531.83,0.6983,1767.976889,2531.83,1767.976889,
2024-03-26 16:00:00+00:00,0.6998,0.7038,0.6998,0.7037,2500.02,0.701775,1754.4515355,2500.02,1754.4515355,
2024-03-26 16:05:00+00:00,0.7004,0.7044,0.7031,0.7042,10472.37,0.703025,7362.33791925,10472.37,7362.33791925,
2024-03-26 16:10:00+00:00,0.7031,0.707,0.7037,0.7031,12848.14,0.704225,9047.9813915,12848.14,9047.9813915,
2024-03-26 16:15:00+00:00,0.699,0.7042,0.7028,0.699,30847.77,0.70125,21631.9987125,30847.77,21631.9987125,
2024-03-26 16:20:00+00:00,0.6962,0.7011,0.6991,0.6984,29762.25,0.6987,20794.884075,29762.25,20794.884075,
2024-03-26 16:25:00+00:00,0.6943,0.6985,0.6976,0.6985,26658.33,0.697225,18586.85413425,26658.33,18586.85413425,
2024-03-26 16:30:00+00:00,0.699,0.7062,0.699,0.7004,4753.17,0.70115,3332.6851455,4753.17,3332.6851455,
2024-03-26 16:35:00+00:00,0.6975,0.7006,0.7006,0.6984,3416.79,0.699275,2389.27582725,3416.79,2389.27582725,
2024-03-26 16:40:00+00:00,0.6941,0.6991,0.6983,0.6959,14474.24,0.69685,10086.374144,14474.24,10086.374144,
2024-03-26 16:45:00+00:00,0.6941,0.7025,0.6945,0.6992,13055.5,0.697575,9107.1904125,13055.5,9107.1904125,
2024-03-26 16:50:00+00:00,0.6937,0.6999,0.699,0.6937,13231.25,0.696575,9216.55796875,13231.25,9216.55796875,
2024-03-26 16:55:00+00:00,0.694,0.699,0.6941,0.6969,9752.29,0.696,6787.59384,9752.29,6787.59384,
2024-03-26 17:00:00+00:00,0.6962,0.7,0.6962,0.6991,11243.55,0.697875,7846.59245625,11243.55,7846.59245625,
2024-03-26 17:05:00+00:00,0.6948,0.6997,0.699,0.6955,7850.66,0.69725,5473.872685,7850.66,5473.872685,
2024-03-26 17:10:00+00:00,0.6934,0.6969,0.6961,0.6955,4687.96,0.695475,3260.358981,4687.96,3260.358981,
2024-03-26 17:15:00+00:00,0.6955,0.7027,0.6962,0.7026,5518.99,0.69925,3859.1537575,5518.99,3859.1537575,
2024-03-26 17:20:00+00:00,0.7004,0.7031,0.7018,0.7031,2371.59,0.7021,1665.093339,2371.59,1665.093339,
2024-03-26 17:25:00+00:00,0.7037,0.7058,0.7037,0.7044,4003.83,0.7044,2820.297852,4003.83,2820.297852,
2024-03-26 17:30:00+00:00,0.7035,0.7065,0.7038,0.7055,2970.6,0.704825,2093.753145,2970.6,2093.753145,
2024-03-26 17:35:00+00:00,0.7051,0.7065,0.7051,0.7051,952.55,0.70545,671.9763975,952.55,671.9763975,
2024-03-26 17:40:00+00:00,0.7037,0.7051,0.705,0.7051,26112.14,0.704725,18401.8778615,26112.14,18401.8778615,
2024-03-26 17:45:00+00:00,0.7043,0.7065,0.7051,0.7052,5832.11,0.705275,4113.24138025,5832.11,4113.24138025,
2024-03-26 17:50:00+00:00,0.705,0.7071,0.7057,0.7066,10209.53,0.7061,7208.949133,10209.53,7208.949133,
2024-03-26 17:55:00+00:00,0.7061,0.7072,0.7069,0.7072,1800.4,0.70685,1272.61274,1800.4,1272.61274,
2024-03-26 18:00:00+00:00,0.7069,0.7084,0.7073,0.7084,2944.48,0.70775,2083.95572,2944.48,2083.95572,
2024-03-26 18:05:00+00:00,0.708,0.7124,0.7084,0.7124,27193.01,0.7103,19315.195003,27193.01,19315.195003,
2024-03-26 18:10:00+00:00,0.7114,0.7136,0.7126,0.7136,9135.03,0.7128,6511.449384,9135.03,6511.449384,
2024-03-26 18:15:00+00:00,0.7121,0.7143,0.7139,0.7135,8590.69,0.71345,6129.0277805,8590.69,6129.0277805,
2024-03-26 18:20:00+00:00,0.7124,0.7156,0.7133,0.7156,9070.94,0.714225,6478.6921215,9070.94,6478.6921215,
2024-03-26 18:25:00+00:00,0.7149,0.719,0.7153,0.7184,5916.94,0.7169,4241.854286,5916.94,4241.854286,
2024-03-26 18:30:00+00:00,0.7149,0.7188,0.7185,0.7177,7201.94,0.717475,5167.2119015,7201.94,5167.2119015,
2024-03-26 18:35:00+00:00,0.7171,0.7223,0.7171,0.721,25627.27,0.719375,18435.61735625,25627.27,18435.61735625,
2024-03-26 18:40:00+00:00,0.7201,0.723,0.7217,0.723,17203.56,0.72195,12420.110142,17203.56,12420.110142,
2024-03-26 18:45:00+00:00,0.723,0.7268,0.723,0.7258,68817.53,0.72465,49868.6231145,68817.53,49868.6231145,
2024-03-26 18:50:00+00:00,0.7198,0.7245,0.7244,0.7203,23252.2,0.72225,16793.90145,23252.2,16793.90145,
2024-03-26 18:55:00+00:00,0.7166,0.7207,0.7203,0.7166,12550.83,0.71855,9018.3988965,12550.83,9018.3988965,
2024-03-26 19:00:00+00:00,0.7135,0.7184,0.7169,0.7135,5589.84,0.715575,3999.949758,5589.84,3999.949758,
2024-03-26 19:05:00+00:00,0.709,0.7131,0.7131,0.7093,2433.73,0.711125,1730.68624625,2433.73,1730.68624625,
2024-03-26 19:10:00+00:00,0.7082,0.7148,0.7097,0.714,23916.0,0.711675,17020.4193,23916.0,17020.4193,
2024-03-26 19:15:00+00:00,0.7102,0.7142,0.7142,0.7112,5149.55,0.71245,3668.7968975,5149.55,3668.7968975,
2024-03-26 19:20:00+00:00,0.709,0.7114,0.7107,0.7103,2255.33,0.71035,1602.0736655,2255.33,1602.0736655,
2024-03-26 19:25:00+00:00,0.7097,0.7142,0.7106,0.7121,5042.72,0.71165,3588.651688,5042.72,3588.651688,
2024-03-26 19:30:00+00:00,0.7107,0.7142,0.7124,0.7107,955.57,0.712,680.36584,955.57,680.36584,
2024-03-26 19:35:00+00:00,0.7106,0.7146,0.7111,0.7146,6026.74,0.712725,4295.4082665,6026.74,4295.4082665,
2024-03-26 19:40:00+00:00,0.7142,0.7191,0.7149,0.7156,3846.04,0.71595,2753.572338,3846.04,2753.572338,
2024-03-26 19:45:00+00:00,0.7128,0.7177,0.7162,0.7161,1704.19,0.7157,1219.688783,1704.19,1219.688783,
2024-03-26 19:50:00+00:00,0.7114,0.7163,0.7163,0.7121,7419.87,0.714025,5297.97267675,7419.87,5297.97267675,
2024-03-26 19:55:00+00:00,0.7099,0.7135,0.712,0.7107,28933.67,0.711525,20587.02954675,28933.67,20587.02954675,
2024-03-26 20:00:00+00:00,0.711,0.7148,0.711,0.7134,16411.76,0.71255,11694.199588,16411.76,11694.199588,
2024-03-26 20:05:00+00:00,0.7114,0.7135,0.7128,0.7135,11229.39,0.7128,8004.309192,11229.39,8004.309192,
2024-03-26 20:10:00+00:00,0.7133,0.7149,0.7133,0.7145,346.49,0.714,247.39386,346.49,247.39386,
2024-03-26 20:15:00+00:00,0.7142,0.7191,0.7152,0.7191,3448.01,0.7169,2471.878369,3448.01,2471.878369,
2024-03-26 20:20:00+00:00,0.717,0.7218,0.7198,0.7218,6537.03,0.7201,4707.315303,6537.03,4707.315303,
2024-03-26 20:25:00+00:00,0.7195,0.7247,0.7207,0.7231,9139.34,0.722,6598.60348,9139.34,6598.60348,
2024-03-26 20:30:00+00:00,0.7212,0.7234,0.7228,0.7226,15320.57,0.7225,11069.111825,15320.57,11069.111825,
2024-03-26 20:35:00+00:00,0.7198,0.7225,0.7225,0.7198,1256.39,0.72115,906.0456485,1256.39,906.0456485,
2024-03-26 20:40:00+00:00,0.7147,0.7192,0.7192,0.7163,9176.79,0.71735,6582.9703065,9176.79,6582.9703065,
2024-03-26 20:45:00+00:00,0.7126,0.7156,0.7156,0.7126,4162.61,0.7141,2972.519801,4162.61,2972.519801,
2024-03-26 20:50:00+00:00,0.7112,0.7128,0.7121,0.7128,864.38,0.712225,615.6330455,864.38,615.6330455,
2024-03-26 20:55:00+00:00,0.7135,0.7166,0.7135,0.7155,1689.12,0.714775,1207.340748,1689.12,1207.340748,
2024-03-26 21:00:00+00:00,0.7128,0.7163,0.7163,0.7128,4801.38,0.71455,3430.826079,4801.38,3430.826079,
2024-03-26 21:05:00+00:00,0.7112,0.7142,0.7142,0.7137,9264.07,0.713325,6608.29273275,9264.07,6608.29273275,
2024-03-26 21:10:00+00:00,0.7128,0.7141,0.7131,0.7135,938.84,0.713375,669.744985,938.84,669.744985,
2024-03-26 21:15:00+00:00,0.7142,0.7184,0.7142,0.7157,31801.81,0.715625,22758.17028125,31801.81,22758.17028125,
2024-03-26 21:20:00+00:00,0.7153,0.7172,0.7153,0.7168,44750.25,0.71615,32047.8915375,44750.25,32047.8915375,
2024-03-26 21:25:00+00:00,0.7163,0.7177,0.7167,0.717,55112.0,0.716925,39511.1706,55112.0,39511.1706,
2024-03-26 21:30:00+00:00,0.7163,0.7202,0.7177,0.7176,3232.15,0.71795,2320.5220925,3232.15,2320.5220925,
2024-03-26 21:35:00+00:00,0.7152,0.7177,0.717,0.717,929.74,0.716725,666.3679015,929.74,666.3679015,
2024-03-26 21:40:00+00:00,0.7169,0.7184,0.7169,0.7183,2070.76,0.717625,1486.029145,2070.76,1486.029145,
2024-03-26 21:45:00+00:00,0.7175,0.7189,0.7182,0.7186,9092.8,0.7183,6531.35824,9092.8,6531.35824,
2024-03-26 21:50:00+00:00,0.7185,0.7205,0.7191,0.7205,4700.68,0.71965,3382.844362,4700.68,3382.844362,
2024-03-26 21:55:00+00:00,0.7187,0.7198,0.7198,0.7195,3045.21,0.71945,2190.8763345,3045.21,2190.8763345,
2024-03-26 22:00:00+00:00,0.7172,0.7189,0.7189,0.7186,4560.24,0.7184,3276.076416,4560.24,3276.076416,
2024-03-26 22:05:00+00:00,0.718,0.7205,0.718,0.7201,2247.66,0.71915,1616.404689,2247.66,1616.404689,
2024-03-26 22:10:00+00:00,0.7177,0.7208,0.7205,0.7184,941.38,0.71935,677.181703,941.38,677.181703,
2024-03-26 22:15:00+00:00,0.7151,0.7177,0.7177,0.7151,1940.84,0.7164,1390.417776,1940.84,1390.417776,
2024-03-26 22:20:00+00:00,0.7135,0.717,0.7149,0.717,756.85,0.7156,541.60186,756.85,541.60186,
2024-03-26 22:25:00+00:00,0.7177,0.7213,0.7177,0.7205,258.28,0.7193,185.780804,258.28,185.780804,
2024-03-26 22:30:00+00:00,0.7184,0.7212,0.7198,0.7212,8167.79,0.72015,5882.0339685,8167.79,5882.0339685,
2024-03-26 22:35:00+00:00,0.7203,0.7219,0.721,0.7206,4735.47,0.72095,3414.0370965,4735.47,3414.0370965,
2024-03-26 22:40:00+00:00,0.7192,0.7212,0.7198,0.7192,5802.23,0.71985,4176.7352655,5802.23,4176.7352655,
2024-03-26 22:45:00+00:00,0.7195,0.7219,0.7201,0.721,268.79,0.720625,193.69679375,268.79,193.69679375,
2024-03-26 22:50:00+00:00,0.7206,0.7233,0.7206,0.7233,8543.97,0.72195,6168.3191415,8543.97,6168.3191415,
2024-03-26 22:55:00+00:00,0.7222,0.7233,0.7226,0.7233,3343.83,0.72285,2417.0875155,3343.83,2417.0875155,
2024-03-26 23:00:00+00:00,0.7205,0.7242,0.7236,0.724,13047.09,0.723075,9434.02460175,13047.09,9434.02460175,
2024-03-26 23:05:00+00:00,0.7246,0.7283,0.7246,0.7277,31619.06,0.7263,22964.923278,31619.06,22964.923278,
2024-03-26 23:10:00+00:00,0.7257,0.7285,0.7281,0.7263,7607.79,0.72715,5532.0044985,7607.79,5532.0044985,
2024-03-26 23:15:00+00:00,0.7244,0.7265,0.7264,0.7247,5792.68,0.7255,4202.58934,5792.68,4202.58934,
2024-03-26 23:20:00+00:00,0.7236,0.7257,0.7254,0.724,12433.8,0.724675,9010.464015,12433.8,9010.464015,
2024-03-26 23:25:00+00:00,0.7219,0.7245,0.724,0.7219,850.77,0.723075,615.17051775,850.77,615.17051775,
2024-03-26 23:30:00+00:00,0.7188,0.7219,0.7219,0.7191,435.56,0.720425,313.788313,435.56,313.788313,
2024-03-26 23:35:00+00:00,0.7177,0.7188,0.7184,0.7188,816.46,0.718425,586.5652755,816.46,586.5652755,
2024-03-26 23:40:00+00:00,0.7174,0.7184,0.7177,0.7175,644.87,0.71775,462.8554425,644.87,462.8554425,
2024-03-26 23:45:00+00:00,0.7184,0.7203,0.7184,0.7185,17602.51,0.7189,12654.444439,17602.51,12654.444439,
2024-03-26 23:50:00+00:00,0.7181,0.7206,0.7184,0.7206,11230.53,0.719425,8079.52404525,11230.53,8079.52404525,
2024-03-26 23:55:00+00:00,0.7203,0.7227,0.721,0.721,46842.77,0.72125,33785.3478625,46842.77,33785.3478625,
2024-03-27 00:00:00+00:00,0.7201,0.724,0.7209,0.724,15496.67,0.72225,11192.4699075,15496.67,11192.4699075,
2024-03-27 00:05:00+00:00,0.7219,0.7279,0.7236,0.7226,14636.66,0.724,10596.94184,14636.66,10596.94184,
2024-03-27 00:10:00+00:00,0.7198,0.7254,0.7219,0.7254,15659.61,0.723125,11323.85548125,15659.61,11323.85548125,
2024-03-27 00:15:00+00:00,0.7233,0.7288,0.725,0.7247,9229.26,0.72545,6695.366667,9229.26,6695.366667,
2024-03-27 00:20:00+00:00,0.7205,0.7262,0.7254,0.7212,6872.62,0.723325,4971.1378615,6872.62,4971.1378615,
2024-03-27 00:25:00+00:00,0.7212,0.7235,0.7219,0.7235,446.5,0.722525,322.6074125,446.5,322.6074125,
2024-03-27 00:30:00+00:00,0.7219,0.7247,0.7226,0.7224,5587.49,0.7229,4039.196521,5587.49,4039.196521,
2024-03-27 00:35:00+00:00,0.7225,0.7275,0.7226,0.7265,14920.7,0.724775,10814.1503425,14920.7,10814.1503425,
2024-03-27 00:40:00+00:00,0.7262,0.7289,0.7269,0.7284,2392.33,0.7276,1740.659308,2392.33,1740.659308,
2024-03-27 00:45:00+00:00,0.7247,0.7277,0.7275,0.7265,5750.73,0.7266,4178.480418,5750.73,4178.480418,
2024-03-27 00:50:00+00:00,0.7265,0.7299,0.7265,0.7291,9488.76,0.728,6907.81728,9488.76,6907.81728,
2024-03-27 00:55:00+00:00,0.7279,0.73,0.7289,0.73,8091.86,0.7292,5900.584312,8091.86,5900.584312,
2024-03-27 01:00:00+00:00,0.7263,0.7305,0.73,0.7263,2871.84,0.728275,2091.489276,2871.84,2091.489276,
2024-03-27 01:05:00+00:00,0.7266,0.731,0.7266,0.731,6145.04,0.7288,4478.505152,6145.04,4478.505152,
2024-03-27 01:10:00+00:00,0.7311,0.734,0.7314,0.7338,4762.74,0.732575,3489.0642555,4762.74,3489.0642555,
2024-03-27 01:15:00+00:00,0.7304,0.7345,0.7339,0.7306,4828.42,0.73235,3536.093387,4828.42,3536.093387,
2024-03-27 01:20:00+00:00,0.729,0.731,0.7307,0.7294,4701.79,0.730025,3432.42424475,4701.79,3432.42424475,
2024-03-27 01:25:00+00:00,0.7275,0.7294,0.7294,0.7284,2575.14,0.728675,1876.4401395,2575.14,1876.4401395,
2024-03-27 01:30:00+00:00,0.7271,0.7302,0.7275,0.7302,23519.86,0.72875,17140.097975,23519.86,17140.097975,
2024-03-27 01:35:00+00:00,0.728,0.7307,0.7298,0.7289,18373.87,0.72935,13400.9820845,18373.87,13400.9820845,
2024-03-27 01:40:00+00:00,0.7284,0.7332,0.7284,0.7324,7511.49,0.7306,5487.894594,7511.49,5487.894594,
2024-03-27 01:45:00+00:00,0.7282,0.7338,0.7336,0.732,7451.41,0.7319,5453.686979,7451.41,5453.686979,
2024-03-27 01:50:00+00:00,0.7324,0.7374,0.7324,0.7347,26053.74,0.734225,19129.3072515,26053.74,19129.3072515,
2024-03-27 01:55:00+00:00,0.7282,0.7343,0.7343,0.7282,8126.43,0.73125,5942.4519375,8126.43,5942.4519375,
2024-03-27 02:00:00+00:00,0.7239,0.7283,0.7275,0.7243,705.3,0.726,512.0478,705.3,512.0478,
2024-03-27 02:05:00+00:00,0.7215,0.7252,0.724,0.7247,4823.63,0.72385,3491.5845755,4823.63,3491.5845755,
2024-03-27 02:10:00+00:00,0.723,0.7244,0.724,0.7244,4966.14,0.72395,3595.237053,4966.14,3595.237053,
2024-03-27 02:15:00+00:00,0.7215,0.724,0.7233,0.7219,1514.59,0.722675,1094.55632825,1514.59,1094.55632825,
2024-03-27 02:20:00+00:00,0.7205,0.7227,0.7213,0.7221,3299.27,0.72165,2380.9181955,3299.27,2380.9181955,
2024-03-27 02:25:00+00:00,0.7214,0.7233,0.7226,0.7227,2006.27,0.7225,1449.530075,2006.27,1449.530075,
2024-03-27 02:30:00+00:00,0.7215,0.7233,0.7219,0.7233,174.5,0.7225,126.07625,174.5,126.07625,
2024-03-27 02:35:00+00:00,0.7191,0.7229,0.7229,0.7191,1608.49,0.721,1159.72129,1608.49,1159.72129,
2024-03-27 02:40:00+00:00,0.7185,0.7205,0.7198,0.7194,1050.94,0.71955,756.203877,1050.94,756.203877,
2024-03-27 02:45:00+00:00,0.7197,0.722,0.7205,0.7205,12732.48,0.720675,9175.980024,12732.48,9175.980024,
2024-03-27 02:50:00+00:00,0.7177,0.7205,0.7205,0.7191,8233.59,0.71945,5923.6563255,8233.59,5923.6563255,
2024-03-27 02:55:00+00:00,0.7196,0.7232,0.7198,0.723,2077.4,0.7214,1498.63636,2077.4,1498.63636,
2024-03-27 03:00:00+00:00,0.7202,0.7223,0.7219,0.7212,15696.3,0.7214,11323.31082,15696.3,11323.31082,
2024-03-27 03:05:00+00:00,0.7201,0.7219,0.721,0.7201,1548.42,0.720775,1116.0624255,1548.42,1116.0624255,
2024-03-27 03:10:00+00:00,0.7176,0.7198,0.7198,0.718,1527.08,0.7188,1097.665104,1527.08,1097.665104,
2024-03-27 03:15:00+00:00,0.7175,0.7199,0.7178,0.7191,2554.94,0.718575,1835.9160105,2554.94,1835.9160105,
2024-03-27 03:20:00+00:00,0.7177,0.7191,0.7188,0.7191,2892.22,0.718675,2078.5662085,2892.22,2078.5662085,
2024-03-27 03:25:00+00:00,0.7181,0.7205,0.7184,0.7205,4269.75,0.719375,3071.55140625,4269.75,3071.55140625,
2024-03-27 03:30:00+00:00,0.7173,0.7199,0.7198,0.7181,1493.47,0.718775,1073.46889925,1493.47,1073.46889925,
2024-03-27 03:35:00+00:00,0.7159,0.717,0.717,0.7164,2037.18,0.716575,1459.7922585,2037.18,1459.7922585,
2024-03-27 03:40:00+00:00,0.7135,0.716,0.716,0.7152,10503.29,0.715175,7511.69042575,10503.29,7511.69042575,
2024-03-27 03:45:00+00:00,0.7153,0.7166,0.7153,0.7166,60352.74,0.71595,43209.544203,60352.74,43209.544203,
2024-03-27 03:50:00+00:00,0.7141,0.717,0.7168,0.7149,7383.66,0.7157,5284.485462,7383.66,5284.485462,
2024-03-27 03:55:00+00:00,0.7151,0.7163,0.7151,0.7157,6432.31,0.71555,4602.6394205,6432.31,4602.6394205,
2024-03-27 04:00:00+00:00,0.7155,0.7187,0.7155,0.7171,37188.49,0.7167,26652.990783,37188.49,26652.990783,
2024-03-27 04:05:00+00:00,0.7165,0.7199,0.717,0.7192,2831.51,0.71815,2033.4489065,2831.51,2033.4489065,
2024-03-27 04:10:00+00:00,0.7184,0.7198,0.7198,0.7187,4663.08,0.719175,3353.570559,4663.08,3353.570559,
2024-03-27 04:15:00+00:00,0.7177,0.7182,0.7181,0.7182,2985.65,0.71805,2143.8459825,2985.65,2143.8459825,
2024-03-27 04:20:00+00:00,0.717,0.7188,0.7177,0.7179,13479.9,0.71785,9676.546215,13479.9,9676.546215,
2024-03-27 04:25:00+00:00,0.7158,0.717,0.717,0.716,3399.77,0.71645,2435.7652165,3399.77,2435.7652165,
2024-03-27 04:30:00+00:00,0.7152,0.7165,0.7162,0.7157,310.43,0.7159,222.236837,310.43,222.236837,
2024-03-27 04:35:00+00:00,0.7149,0.7162,0.7162,0.7154,240.48,0.715675,172.105524,240.48,172.105524,
2024-03-27 04:40:00+00:00,0.7138,0.7152,0.7152,0.7144,2355.57,0.71465,1683.4081005,2355.57,1683.4081005,
2024-03-27 04:45:00+00:00,0.7128,0.7145,0.7145,0.7128,235.12,0.71365,167.793388,235.12,167.793388,
2024-03-27 04:50:00+00:00,0.7094,0.7121,0.7121,0.7107,13394.07,0.711075,9524.18832525,13394.07,9524.18832525,
2024-03-27 04:55:00+00:00,0.7112,0.7121,0.7113,0.7119,3005.77,0.711625,2138.98107625,3005.77,2138.98107625,
2024-03-27 05:00:00+00:00,0.711,0.7129,0.7121,0.7122,9220.22,0.71205,6565.257651,9220.22,6565.257651,
2024-03-27 05:05:00+00:00,0.7123,0.7134,0.7128,0.7128,2743.35,0.712825,1955.52846375,2743.35,1955.52846375,
2024-03-27 05:10:00+00:00,0.7135,0.7156,0.7135,0.7144,3728.96,0.71425,2663.40968,3728.96,2663.40968,
2024-03-27 05:15:00+00:00,0.7132,0.7149,0.7141,0.7145,11253.38,0.714175,8036.8826615,11253.38,8036.8826615,
2024-03-27 05:20:00+00:00,0.7121,0.7136,0.7136,0.7127,213.64,0.713,152.32532,213.64,152.32532,
2024-03-27 05:25:00+00:00,0.7094,0.7121,0.7121,0.7094,1613.27,0.71075,1146.6316525,1613.27,1146.6316525,
2024-03-27 05:30:00+00:00,0.7088,0.7102,0.7093,0.7088,818.63,0.709275,580.63379325,818.63,580.63379325,
2024-03-27 05:35:00+00:00,0.7089,0.7109,0.7091,0.7109,2666.33,0.70995,1892.9609835,2666.33,1892.9609835,
2024-03-27 05:40:00+00:00,0.7109,0.7121,0.7109,0.7119,412.92,0.71145,293.771934,412.92,293.771934,
2024-03-27 05:45:00+00:00,0.7099,0.7114,0.7114,0.7107,5380.05,0.71085,3824.4085425,5380.05,3824.4085425,
2024-03-27 05:50:00+00:00,0.7101,0.7114,0.7112,0.7107,182.23,0.71085,129.5381955,182.23,129.5381955,
2024-03-27 05:55:00+00:00,0.7102,0.7121,0.7102,0.7121,1874.58,0.71115,1333.107567,1874.58,1333.107567,
2024-03-27 06:00:00+00:00,0.7114,0.7131,0.7114,0.7131,412.49,0.71225,293.7960025,412.49,293.7960025,
2024-03-27 06:05:00+00:00,0.7121,0.7138,0.7133,0.7129,1696.85,0.713025,1209.89647125,1696.85,1209.89647125,
2024-03-27 06:10:00+00:00,0.7128,0.7137,0.7134,0.7128,109.23,0.713175,77.90010525,109.23,77.90010525,
2024-03-27 06:15:00+00:00,0.7114,0.7125,0.7121,0.7125,2034.13,0.712125,1448.55482625,2034.13,1448.55482625,
2024-03-27 06:20:00+00:00,0.7128,0.7135,0.7128,0.7135,1088.24,0.71315,776.078356,1088.24,776.078356,
2024-03-27 06:25:00+00:00,0.7121,0.7135,0.7128,0.7125,6920.48,0.712725,4932.399108,6920.48,4932.399108,
2024-03-27 06:30:00+00:00,0.71,0.7121,0.7121,0.71,3511.91,0.71105,2497.1436055,3511.91,2497.1436055,
2024-03-27 06:35:00+00:00,0.7095,0.71,0.71,0.7095,1789.95,0.70975,1270.4170125,1789.95,1270.4170125,
2024-03-27 06:40:00+00:00,0.7072,0.7093,0.7093,0.7079,9283.99,0.708425,6577.01061575,9283.99,6577.01061575,
2024-03-27 06:45:00+00:00,0.7067,0.7075,0.7075,0.707,5132.81,0.707175,3629.79491175,5132.81,3629.79491175,
2024-03-27 06:50:00+00:00,0.706,0.7073,0.7066,0.7066,4188.85,0.706625,2959.94613125,4188.85,2959.94613125,
2024-03-27 06:55:00+00:00,0.7072,0.7086,0.7072,0.7074,8363.86,0.7076,5918.267336,8363.86,5918.267336,
2024-03-27 07:00:00+00:00,0.7057,0.708,0.7075,0.7059,5997.67,0.706775,4239.00321425,5997.67,4239.00321425,
2024-03-27 07:05:00+00:00,0.7037,0.7056,0.7056,0.7037,1475.86,0.70465,1039.964749,1475.86,1039.964749,
2024-03-27 07:10:00+00:00,0.7006,0.7039,0.7039,0.7009,14777.45,0.702325,10378.57257125,14777.45,10378.57257125,
2024-03-27 07:15:00+00:00,0.6997,0.7018,0.7012,0.6997,22909.85,0.7006,16050.64091,22909.85,16050.64091,
2024-03-27 07:20:00+00:00,0.6979,0.7003,0.6994,0.6979,35195.79,0.698875,24597.45773625,35195.79,24597.45773625,
2024-03-27 07:25:00+00:00,0.6959,0.6986,0.6986,0.6973,14812.0,0.6976,10332.8512,14812.0,10332.8512,
2024-03-27 07:30:00+00:00,0.6965,0.7004,0.6965,0.6984,6363.68,0.69795,4441.530456,6363.68,4441.530456,
2024-03-27 07:35:00+00:00,0.695,0.6983,0.6983,0.6979,17097.43,0.697375,11923.32024625,17097.43,11923.32024625,
2024-03-27 07:40:00+00:00,0.6976,0.6991,0.698,0.6982,15026.03,0.698225,10491.54979675,15026.03,10491.54979675,
2024-03-27 07:45:00+00:00,0.6964,0.6983,0.6976,0.6978,6630.15,0.697525,4624.69537875,6630.15,4624.69537875,
2024-03-27 07:50:00+00:00,0.6934,0.6983,0.6976,0.6955,4228.79,0.6962,2944.083598,4228.79,2944.083598,
2024-03-27 07:55:00+00:00,0.6953,0.6983,0.6955,0.6983,3191.23,0.69685,2223.8086255,3191.23,2223.8086255,
2024-03-27 08:00:00+00:00,0.698,0.7018,0.698,0.7011,12158.03,0.699725,8507.27754175,12158.03,8507.27754175,
2024-03-27 08:05:00+00:00,0.7009,0.7025,0.7018,0.7018,980.24,0.70175,687.88342,980.24,687.88342,
2024-03-27 08:10:00+00:00,0.7008,0.7025,0.7018,0.7008,3762.35,0.701475,2639.19446625,3762.35,2639.19446625,
2024-03-27 08:15:00+00:00,0.6983,0.7004,0.7004,0.7004,217.63,0.699875,152.31379625,217.63,152.31379625,
2024-03-27 08:20:00+00:00,0.7,0.7011,0.7011,0.7009,504.12,0.700775,353.274693,504.12,353.274693,
2024-03-27 08:25:00+00:00,0.7005,0.7011,0.7011,0.7008,467.39,0.700875,327.58196625,467.39,327.58196625,
2024-03-27 08:30:00+00:00,0.6996,0.7007,0.7004,0.6996,632.49,0.700075,442.79043675,632.49,442.79043675,
2024-03-27 08:35:00+00:00,0.6968,0.6996,0.6994,0.6971,5290.37,0.698225,3693.86859325,5290.37,3693.86859325,
2024-03-27 08:40:00+00:00,0.6941,0.6962,0.6962,0.6941,3331.73,0.69515,2316.0521095,3331.73,2316.0521095,
2024-03-27 08:45:00+00:00,0.6937,0.6969,0.6948,0.6962,6266.77,0.6954,4357.911858,6266.77,4357.911858,
2024-03-27 08:50:00+00:00,0.6907,0.6967,0.6967,0.6907,6641.8,0.6937,4607.41666,6641.8,4607.41666,
2024-03-27 08:55:00+00:00,0.6893,0.692,0.6918,0.6913,20474.05,0.6911,14149.615955,20474.05,14149.615955,
2024-03-27 09:00:00+00:00,0.6867,0.6921,0.692,0.6867,6127.34,0.689375,4224.0350125,6127.34,4224.0350125,
2024-03-27 09:05:00+00:00,0.6846,0.6908,0.6865,0.69,14601.94,0.687975,10045.7696715,14601.94,10045.7696715,
2024-03-27 09:10:00+00:00,0.6899,0.6921,0.6899,0.6914,11506.78,0.690825,7949.1712935,11506.78,7949.1712935,
2024-03-27 09:15:00+00:00,0.688,0.6948,0.691,0.6934,18754.27,0.6918,12974.203986,18754.27,12974.203986,
2024-03-27 09:20:00+00:00,0.6939,0.6963,0.6941,0.6955,3904.5,0.69495,2713.432275,3904.5,2713.432275,
2024-03-27 09:25:00+00:00,0.6935,0.6969,0.6949,0.6957,5985.41,0.69525,4161.3563025,5985.41,4161.3563025,
2024-03-27 09:30:00+00:00,0.6941,0.6967,0.6962,0.6951,5369.21,0.695525,3734.41978525,5369.21,3734.41978525,
2024-03-27 09:35:00+00:00,0.6945,0.6972,0.6948,0.6969,2127.03,0.69585,1480.0938255,2127.03,1480.0938255,
2024-03-27 09:40:00+00:00,0.6962,0.6973,0.697,0.6967,5507.95,0.6968,3837.93956,5507.95,3837.93956,
2024-03-27 09:45:00+00:00,0.6934,0.6969,0.6955,0.6965,996.96,0.695575,693.460452,996.96,693.460452,
2024-03-27 09:50:00+00:00,0.6955,0.6973,0.6972,0.6962,9485.87,0.69655,6607.3827485,9485.87,6607.3827485,
2024-03-27 09:55:00+00:00,0.6962,0.6971,0.6969,0.6966,160.46,0.6967,111.792482,160.46,111.792482,
2024-03-27 10:00:00+00:00,0.6951,0.6976,0.6975,0.6969,372.28,0.696775,259.395397,372.28,259.395397,
2024-03-27 10:05:00+00:00,0.695,0.6976,0.6976,0.6969,3636.26,0.696775,2533.6550615,3636.26,2533.6550615,
2024-03-27 10:10:00+00:00,0.6962,0.6983,0.6964,0.6983,169.45,0.6973,118.157485,169.45,118.157485,
2024-03-27 10:15:00+00:00,0.6947,0.6978,0.6976,0.6948,28127.77,0.696225,19583.25666825,28127.77,19583.25666825,
2024-03-27 10:20:00+00:00,0.6955,0.6985,0.6955,0.6985,2772.17,0.697,1932.20249,2772.17,1932.20249,
2024-03-27 10:25:00+00:00,0.6973,0.6997,0.699,0.6975,7707.2,0.698375,5382.5158,7707.2,5382.5158,
2024-03-27 10:30:00+00:00,0.6978,0.6999,0.6978,0.6999,5738.23,0.69885,4010.1620355,5738.23,4010.1620355,
2024-03-27 10:35:00+00:00,0.6996,0.7025,0.7,0.7002,2446.45,0.700575,1713.92170875,2446.45,1713.92170875,
2024-03-27 10:40:00+00:00,0.699,0.7004,0.7004,0.699,178.7,0.6997,125.03639,178.7,125.03639,
2024-03-27 10:45:00+00:00,0.6961,0.6983,0.6983,0.6976,1729.92,0.697575,1206.748944,1729.92,1206.748944,
2024-03-27 10:50:00+00:00,0.6951,0.7004,0.6969,0.6997,18931.85,0.698025,13214.90459625,18931.85,13214.90459625,
2024-03-27 10:55:00+00:00,0.6993,0.7001,0.7001,0.7,8796.23,0.699875,6156.26147125,8796.23,6156.26147125,
2024-03-27 11:00:00+00:00,0.6966,0.7002,0.7002,0.6966,4299.09,0.6984,3002.484456,4299.09,3002.484456,
2024-03-27 11:05:00+00:00,0.6972,0.6983,0.6976,0.6976,250.42,0.697675,174.7117735,250.42,174.7117735,
2024-03-27 11:10:00+00:00,0.6977,0.7,0.6977,0.699,2923.19,0.6986,2042.140534,2923.19,2042.140534,
2024-03-27 11:15:00+00:00,0.6983,0.6997,0.6991,0.6985,369.67,0.6989,258.362363,369.67,258.362363,
2024-03-27 11:20:00+00:00,0.6969,0.6992,0.699,0.6992,3919.23,0.698575,2737.87609725,3919.23,2737.87609725,
2024-03-27 11:25:00+00:00,0.6987,0.7011,0.699,0.7011,3479.57,0.699975,2435.61201075,3479.57,2435.61201075,
2024-03-27 11:30:00+00:00,0.6997,0.7036,0.7004,0.7036,583.91,0.701825,409.80263575,583.91,409.80263575,
2024-03-27 11:35:00+00:00,0.7034,0.7061,0.7037,0.7058,3684.09,0.70475,2596.3624275,3684.09,2596.3624275,
2024-03-27 11:40:00+00:00,0.7043,0.7056,0.7045,0.7056,7905.62,0.705,5573.4621,7905.62,5573.4621,
2024-03-27 11:45:00+00:00,0.705,0.7065,0.7065,0.706,1969.46,0.706,1390.43876,1969.46,1390.43876,
2024-03-27 11:50:00+00:00,0.7024,0.7056,0.7056,0.7028,19523.31,0.7041,13746.362571,19523.31,13746.362571,
2024-03-27 11:55:00+00:00,0.7021,0.7044,0.7021,0.7042,2525.0,0.7032,1775.58,2525.0,1775.58,
2024-03-27 12:00:00+00:00,0.7049,0.7071,0.7052,0.7068,3474.41,0.706,2452.93346,3474.41,2452.93346,
2024-03-27 12:05:00+00:00,0.7068,0.7083,0.7072,0.7077,527.48,0.7075,373.1921,527.48,373.1921,
2024-03-27 12:10:00+00:00,0.7064,0.7079,0.7076,0.7065,1970.52,0.7071,1393.354692,1970.52,1393.354692,
2024-03-27 12:15:00+00:00,0.7028,0.7058,0.7058,0.7028,10984.75,0.7043,7736.559425,10984.75,7736.559425,
2024-03-27 12:20:00+00:00,0.7018,0.7038,0.7037,0.7023,7132.59,0.7029,5013.497511,7132.59,5013.497511,
2024-03-27 12:25:00+00:00,0.7024,0.7038,0.7029,0.7027,11295.47,0.70295,7940.1506365,11295.47,7940.1506365,
2024-03-27 12:30:00+00:00,0.7024,0.7044,0.7036,0.7034,5436.33,0.70345,3824.1863385,5436.33,3824.1863385,
2024-03-27 12:35:00+00:00,0.6992,0.7029,0.7025,0.6992,4088.5,0.70095,2865.834075,4088.5,2865.834075,
2024-03-27 12:40:00+00:00,0.6976,0.7,0.699,0.6988,7017.58,0.69885,4904.235783,7017.58,4904.235783,
2024-03-27 12:45:00+00:00,0.6971,0.6994,0.6989,0.699,7593.85,0.6986,5305.06361,7593.85,5305.06361,
2024-03-27 12:50:00+00:00,0.6976,0.7007,0.6997,0.7007,15577.55,0.699675,10899.22229625,15577.55,10899.22229625,
2024-03-27 12:55:00+00:00,0.7004,0.7024,0.7011,0.7004,1654.38,0.701075,1159.8444585,1654.38,1159.8444585,
2024-03-27 13:00:00+00:00,0.701,0.7072,0.7011,0.7072,34021.65,0.704125,23955.49430625,34021.65,23955.49430625,
2024-03-27 13:05:00+00:00,0.7072,0.7099,0.7079,0.709,1036.8,0.7085,734.5728,1036.8,734.5728,
2024-03-27 13:10:00+00:00,0.7099,0.7137,0.71,0.712,18613.75,0.7114,13241.82175,18613.75,13241.82175,
2024-03-27 13:15:00+00:00,0.7106,0.7147,0.7128,0.7121,2494.11,0.71255,1777.1780805,2494.11,1777.1780805,
2024-03-27 13:20:00+00:00,0.7098,0.7131,0.7128,0.7108,2157.89,0.711625,1535.60847125,2157.89,1535.60847125,
2024-03-27 13:25:00+00:00,0.7086,0.7115,0.7108,0.7115,7805.23,0.7106,5546.396438,7805.23,5546.396438,
2024-03-27 13:30:00+00:00,0.7079,0.7126,0.7113,0.7079,18806.78,0.709925,13351.4032915,18806.78,13351.4032915,
2024-03-27 13:35:00+00:00,0.6992,0.7078,0.7078,0.6992,22468.32,0.7035,15806.46312,22468.32,15806.46312,
2024-03-27 13:40:00+00:00,0.6955,0.6997,0.6996,0.6972,15074.46,0.698,10521.97308,15074.46,10521.97308,
2024-03-27 13:45:00+00:00,0.6887,0.6969,0.6969,0.6965,18581.35,0.69475,12909.3929125,18581.35,12909.3929125,
2024-03-27 13:50:00+00:00,0.6931,0.6996,0.6964,0.6931,11905.12,0.69555,8280.606216,11905.12,8280.606216,
2024-03-27 13:55:00+00:00,0.692,0.6955,0.6948,0.6926,11254.89,0.693725,7807.79856525,11254.89,7807.79856525,
2024-03-27 14:00:00+00:00,0.681,0.6949,0.6927,0.6853,18146.54,0.688475,12493.4391265,18146.54,12493.4391265,
2024-03-27 14:05:00+00:00,0.6799,0.6887,0.6859,0.6835,15929.65,0.6845,10903.845425,15929.65,10903.845425,
2024-03-27 14:10:00+00:00,0.6732,0.6847,0.684,0.6821,27030.13,0.681,18407.51853,27030.13,18407.51853,
2024-03-27 14:15:00+00:00,0.6798,0.688,0.6826,0.6874,6577.62,0.68445,4502.052009,6577.62,4502.052009,
2024-03-27 14:20:00+00:00,0.6873,0.6928,0.688,0.6894,5281.85,0.689375,3641.17534375,5281.85,3641.17534375,
2024-03-27 14:25:00+00:00,0.688,0.6906,0.6893,0.6893,7451.53,0.6893,5136.339629,7451.53,5136.339629,
2024-03-27 14:30:00+00:00,0.6885,0.6924,0.6891,0.6913,8596.2,0.690325,5934.171765,8596.2,5934.171765,
2024-03-27 14:35:00+00:00,0.692,0.6958,0.692,0.6949,11165.75,0.693675,7745.40163125,11165.75,7745.40163125,
2024-03-27 14:40:00+00:00,0.6944,0.6976,0.6948,0.6948,1330.37,0.6954,925.139298,1330.37,925.139298,
2024-03-27 14:45:00+00:00,0.6924,0.6956,0.6941,0.6929,35444.21,0.69375,24589.4206875,35444.21,24589.4206875,
2024-03-27 14:50:00+00:00,0.6916,0.6955,0.6929,0.6944,9820.27,0.6936,6811.339272,9820.27,6811.339272,
2024-03-27 14:55:00+00:00,0.6945,0.6962,0.6948,0.6955,1882.63,0.69525,1308.8985075,1882.63,1308.8985075,
2024-03-27 15:00:00+00:00,0.6925,0.6962,0.6961,0.6934,8893.2,0.69455,6176.77206,8893.2,6176.77206,
2024-03-27 15:05:00+00:00,0.691,0.6948,0.6941,0.6913,1994.36,0.6928,1381.692608,1994.36,1381.692608,
2024-03-27 15:10:00+00:00,0.6872,0.6912,0.6912,0.6893,6406.89,0.689725,4418.99220525,6406.89,4418.99220525,
2024-03-27 15:15:00+00:00,0.6851,0.6887,0.6887,0.6867,12960.14,0.6873,8907.504222,12960.14,8907.504222,
2024-03-27 15:20:00+00:00,0.6848,0.6869,0.6869,0.685,875.64,0.6859,600.601476,875.64,600.601476,
2024-03-27 15:25:00+00:00,0.684,0.6867,0.6847,0.6861,5506.51,0.685375,3774.02429125,5506.51,3774.02429125,
2024-03-27 15:30:00+00:00,0.6852,0.6887,0.6867,0.688,523.25,0.68715,359.5512375,523.25,359.5512375,
2024-03-27 15:35:00+00:00,0.6879,0.6906,0.688,0.6906,5289.5,0.689275,3645.9201125,5289.5,3645.9201125,
2024-03-27 15:40:00+00:00,0.6869,0.6899,0.6899,0.6869,6589.04,0.6884,4535.895136,6589.04,4535.895136,
2024-03-27 15:45:00+00:00,0.684,0.6867,0.6867,0.6845,5774.98,0.685475,3958.6044155,5774.98,3958.6044155,
2024-03-27 15:50:00+00:00,0.6818,0.6845,0.684,0.6826,28258.57,0.683225,19306.96148825,28258.57,19306.96148825,
2024-03-27 15:55:00+00:00,0.6815,0.6834,0.6834,0.6819,29861.3,0.68255,20381.830315,29861.3,20381.830315,
2024-03-27 16:00:00+00:00,0.681,0.6874,0.6812,0.6874,18385.02,0.68425,12579.949935,18385.02,12579.949935,
2024-03-27 16:05:00+00:00,0.6837,0.688,0.6867,0.6867,6674.0,0.686275,4580.19935,6674.0,4580.19935,
2024-03-27 16:10:00+00:00,0.678,0.6869,0.6867,0.6798,13139.78,0.68285,8972.498773,13139.78,8972.498773,
2024-03-27 16:15:00+00:00,0.6784,0.6854,0.6793,0.6847,12693.22,0.68195,8656.141379,12693.22,8656.141379,
2024-03-27 16:20:00+00:00,0.6856,0.6885,0.6856,0.6885,5651.42,0.68705,3882.808111,5651.42,3882.808111,
2024-03-27 16:25:00+00:00,0.6861,0.6893,0.6874,0.6882,2808.22,0.68775,1931.353305,2808.22,1931.353305,
2024-03-27 16:30:00+00:00,0.6866,0.69,0.6887,0.6874,1830.89,0.688175,1259.97272575,1830.89,1259.97272575,
2024-03-27 16:35:00+00:00,0.6875,0.6908,0.6879,0.6899,2691.17,0.689025,1854.28340925,2691.17,1854.28340925,
2024-03-27 16:40:00+00:00,0.688,0.6901,0.6897,0.6901,700.94,0.689475,483.2806065,700.94,483.2806065,
2024-03-27 16:45:00+00:00,0.688,0.6899,0.6897,0.6893,2341.44,0.689225,1613.778984,2341.44,1613.778984,
2024-03-27 16:50:00+00:00,0.6873,0.6899,0.6891,0.6873,6995.13,0.6884,4815.447492,6995.13,4815.447492,
2024-03-27 16:55:00+00:00,0.6874,0.6891,0.6879,0.6891,1887.1,0.688375,1299.0324625,1887.1,1299.0324625,
2024-03-27 17:00:00+00:00,0.6884,0.6907,0.6884,0.6893,2248.51,0.6892,1549.673092,2248.51,1549.673092,
2024-03-27 17:05:00+00:00,0.6879,0.6898,0.6887,0.6898,1189.73,0.68905,819.7834565,1189.73,819.7834565,
2024-03-27 17:10:00+00:00,0.689,0.6913,0.689,0.691,3061.99,0.690075,2113.00274925,3061.99,2113.00274925,
2024-03-27 17:15:00+00:00,0.6896,0.6906,0.6906,0.6906,2979.59,0.69035,2056.9599565,2979.59,2056.9599565,
2024-03-27 17:20:00+00:00,0.6905,0.6913,0.6906,0.6913,823.71,0.690925,569.12183175,823.71,569.12183175,
2024-03-27 17:25:00+00:00,0.6898,0.6912,0.6906,0.6912,440.05,0.6907,303.942535,440.05,303.942535,
2024-03-27 17:30:00+00:00,0.6904,0.6922,0.6913,0.6921,38512.23,0.6915,26631.207045,38512.23,26631.207045,
2024-03-27 17:35:00+00:00,0.6902,0.6922,0.6922,0.6904,3042.9,0.69125,2103.404625,3042.9,2103.404625,
2024-03-27 17:40:00+00:00,0.6903,0.6915,0.6903,0.6906,107.76,0.690675,74.427138,107.76,74.427138,
2024-03-27 17:45:00+00:00,0.6888,0.6899,0.6899,0.6899,129.28,0.689625,89.15472,129.28,89.15472,
2024-03-27 17:50:00+00:00,0.6874,0.6893,0.6893,0.6874,1772.0,0.68835,1219.7562,1772.0,1219.7562,
2024-03-27 17:55:00+00:00,0.6847,0.6874,0.6874,0.6862,16401.54,0.686425,11258.4270945,16401.54,11258.4270945,
2024-03-27 18:00:00+00:00,0.6859,0.688,0.6866,0.6861,3176.2,0.68665,2180.93773,3176.2,2180.93773,
2024-03-27 18:05:00+00:00,0.6837,0.6861,0.6861,0.684,5195.29,0.684975,3558.64376775,5195.29,3558.64376775,
2024-03-27 18:10:00+00:00,0.6812,0.6838,0.6833,0.6819,469.86,0.68255,320.702943,469.86,320.702943,
2024-03-27 18:15:00+00:00,0.6826,0.6847,0.6826,0.6826,867.97,0.683125,592.93200625,867.97,592.93200625,
2024-03-27 18:20:00+00:00,0.6805,0.6822,0.682,0.6812,2755.32,0.681475,1877.681697,2755.32,1877.681697,
2024-03-27 18:25:00+00:00,0.6805,0.6826,0.6819,0.6805,439.56,0.681375,299.505195,439.56,299.505195,
2024-03-27 18:30:00+00:00,0.6798,0.6829,0.6809,0.6826,2724.74,0.68155,1857.046547,2724.74,1857.046547,
2024-03-27 18:35:00+00:00,0.6826,0.6849,0.6832,0.6826,4115.61,0.683325,2812.29920325,4115.61,2812.29920325,
2024-03-27 18:40:00+00:00,0.6798,0.6819,0.6819,0.6819,801.34,0.681375,546.0130425,801.34,546.0130425,
2024-03-27 18:45:00+00:00,0.6788,0.6826,0.6816,0.6788,7609.41,0.68045,5177.8230345,7609.41,5177.8230345,
2024-03-27 18:50:00+00:00,0.6757,0.6793,0.6793,0.6757,15967.52,0.6775,10817.9948,15967.52,10817.9948,
2024-03-27 18:55:00+00:00,0.6739,0.6765,0.6765,0.6739,15685.47,0.6752,10590.829344,15685.47,10590.829344,
2024-03-27 19:00:00+00:00,0.6751,0.6798,0.6752,0.6791,3890.4,0.6773,2634.96792,3890.4,2634.96792,
2024-03-27 19:05:00+00:00,0.6789,0.6802,0.6789,0.6802,3614.93,0.67955,2456.5256815,3614.93,2456.5256815,
2024-03-27 19:10:00+00:00,0.6782,0.6826,0.6791,0.6825,9263.0,0.6806,6304.3978,9263.0,6304.3978,
2024-03-27 19:15:00+00:00,0.6798,0.6812,0.6812,0.6805,3564.1,0.680675,2425.9937675,3564.1,2425.9937675,
2024-03-27 19:20:00+00:00,0.6805,0.6822,0.6812,0.6812,4410.67,0.681275,3004.87920425,4410.67,3004.87920425,
2024-03-27 19:25:00+00:00,0.681,0.6817,0.681,0.6812,2021.53,0.681225,1377.11677425,2021.53,1377.11677425,
2024-03-27 19:30:00+00:00,0.6784,0.6805,0.6805,0.6788,4269.85,0.67955,2901.5765675,4269.85,2901.5765675,
2024-03-27 19:35:00+00:00,0.6782,0.6805,0.6798,0.6791,15236.13,0.6794,10351.426722,15236.13,10351.426722,
2024-03-27 19:40:00+00:00,0.6767,0.6785,0.6784,0.6772,1471.26,0.6777,997.072902,1471.26,997.072902,
2024-03-27 19:45:00+00:00,0.6772,0.6798,0.6772,0.6795,4301.97,0.678425,2918.56399725,4301.97,2918.56399725,
2024-03-27 19:50:00+00:00,0.6791,0.6813,0.6798,0.6805,1760.12,0.680175,1197.189621,1760.12,1197.189621,
2024-03-27 19:55:00+00:00,0.6796,0.6805,0.6799,0.6802,3694.41,0.68005,2512.3835205,3694.41,2512.3835205,
2024-03-27 20:00:00+00:00,0.6792,0.6811,0.6798,0.6805,4549.24,0.68015,3094.165586,4549.24,3094.165586,
2024-03-27 20:05:00+00:00,0.6804,0.6826,0.6804,0.6825,6840.45,0.681475,4661.59566375,6840.45,4661.59566375,
2024-03-27 20:10:00+00:00,0.6819,0.683,0.6824,0.6825,1816.78,0.68245,1239.861511,1816.78,1239.861511,
2024-03-27 20:15:00+00:00,0.6816,0.683,0.6819,0.683,1068.28,0.682375,728.967565,1068.28,728.967565,
2024-03-27 20:20:00+00:00,0.6825,0.684,0.6831,0.6839,3174.34,0.683375,2169.2645975,3174.34,2169.2645975,
2024-03-27 20:25:00+00:00,0.6816,0.6847,0.6847,0.683,11520.26,0.6835,7874.09771,11520.26,7874.09771,
2024-03-27 20:30:00+00:00,0.6811,0.6823,0.6823,0.6811,8767.24,0.6817,5976.627508,8767.24,5976.627508,
2024-03-27 20:35:00+00:00,0.6808,0.6834,0.6815,0.6827,886.93,0.6821,604.974953,886.93,604.974953,
2024-03-27 20:40:00+00:00,0.6819,0.6839,0.6836,0.6831,3858.73,0.683125,2635.99493125,3858.73,2635.99493125,
2024-03-27 20:45:00+00:00,0.6816,0.6825,0.6821,0.6816,5035.63,0.68195,3434.0478785,5035.63,3434.0478785,
2024-03-27 20:50:00+00:00,0.6815,0.6823,0.6822,0.6823,154.22,0.682075,105.1896065,154.22,105.1896065,
2024-03-27 20:55:00+00:00,0.6815,0.6826,0.6823,0.6826,692.25,0.68225,472.2875625,692.25,472.2875625,
2024-03-27 21:00:00+00:00,0.6822,0.6833,0.683,0.6833,1038.29,0.68295,709.1001555,1038.29,709.1001555,
2024-03-27 21:05:00+00:00,0.6836,0.6847,0.684,0.6836,849.62,0.683975,581.1188395,849.62,581.1188395,
2024-03-27 21:10:00+00:00,0.6842,0.6847,0.6843,0.6846,225.51,0.68445,154.3503195,225.51,154.3503195,
2024-03-27 21:15:00+00:00,0.6838,0.685,0.6844,0.6848,518.36,0.6845,354.81742,518.36,354.81742,
2024-03-27 21:20:00+00:00,0.6854,0.6861,0.6854,0.6859,2905.3,0.6857,1992.16421,2905.3,1992.16421,
2024-03-27 21:25:00+00:00,0.6857,0.6864,0.6862,0.6862,7200.36,0.686125,4940.347005,7200.36,4940.347005,
2024-03-27 21:30:00+00:00,0.6858,0.6876,0.686,0.6858,1257.28,0.6863,862.871264,1257.28,862.871264,
2024-03-27 21:35:00+00:00,0.6856,0.6871,0.6856,0.6871,294.54,0.68635,202.157529,294.54,202.157529,
2024-03-27 21:40:00+00:00,0.686,0.687,0.687,0.6861,14863.63,0.686525,10204.25358575,14863.63,10204.25358575,
2024-03-27 21:45:00+00:00,0.6844,0.6861,0.6861,0.6851,5356.72,0.685425,3671.629806,5356.72,3671.629806,
2024-03-27 21:50:00+00:00,0.6835,0.685,0.685,0.6835,638.07,0.68425,436.5993975,638.07,436.5993975,
2024-03-27 21:55:00+00:00,0.6826,0.6847,0.6841,0.6827,4359.97,0.683525,2980.14849425,4359.97,2980.14849425,
2024-03-27 22:00:00+00:00,0.6826,0.684,0.6826,0.6833,379.37,0.683125,259.15713125,379.37,259.15713125,
2024-03-27 22:05:00+00:00,0.6836,0.6854,0.684,0.6849,1279.46,0.684475,875.7583835,1279.46,875.7583835,
2024-03-27 22:10:00+00:00,0.6843,0.685,0.6844,0.6849,410.42,0.68465,280.994053,410.42,280.994053,
2024-03-27 22:15:00+00:00,0.6828,0.6851,0.6851,0.6847,3569.67,0.684425,2443.17138975,3569.67,2443.17138975,
2024-03-27 22:20:00+00:00,0.6844,0.6858,0.6849,0.6854,1810.47,0.685125,1240.39825875,1810.47,1240.39825875,
2024-03-27 22:25:00+00:00,0.6858,0.6868,0.6859,0.6868,5790.4,0.686325,3974.09628,5790.4,3974.09628,
2024-03-27 22:30:00+00:00,0.6861,0.687,0.687,0.687,4823.85,0.686775,3312.89958375,4823.85,3312.89958375,
2024-03-27 22:35:00+00:00,0.687,0.688,0.687,0.688,1082.95,0.6875,744.528125,1082.95,744.528125,
2024-03-27 22:40:00+00:00,0.687,0.688,0.6874,0.6877,6014.42,0.687525,4135.0641105,6014.42,4135.0641105,
2024-03-27 22:45:00+00:00,0.6869,0.6876,0.6876,0.6873,3151.8,0.68735,2166.38973,3151.8,2166.38973,
2024-03-27 22:50:00+00:00,0.6865,0.6874,0.6874,0.6865,1848.98,0.68695,1270.156811,1848.98,1270.156811,
2024-03-27 22:55:00+00:00,0.6869,0.688,0.6871,0.6874,2624.73,0.68735,1804.1081655,2624.73,1804.1081655,
2024-03-27 23:00:00+00:00,0.6853,0.6877,0.6877,0.6859,17752.83,0.68665,12189.9807195,17752.83,12189.9807195,
2024-03-27 23:05:00+00:00,0.6854,0.6864,0.6858,0.6858,4150.71,0.68585,2846.7644535,4150.71,2846.7644535,
2024-03-27 23:10:00+00:00,0.6848,0.6867,0.6863,0.6851,5027.22,0.685725,3447.2904345,5027.22,3447.2904345,
2024-03-27 23:15:00+00:00,0.6843,0.6857,0.6857,0.6849,6177.99,0.68515,4232.8498485,6177.99,4232.8498485,
2024-03-27 23:20:00+00:00,0.684,0.6851,0.6851,0.684,7598.78,0.68455,5201.744849,7598.78,5201.744849,
2024-03-27 23:25:00+00:00,0.6833,0.6846,0.6838,0.6836,5701.0,0.683825,3898.486325,5701.0,3898.486325,
2024-03-27 23:30:00+00:00,0.6814,0.6834,0.6834,0.6814,10973.97,0.6824,7488.637128,10973.97,7488.637128,
2024-03-27 23:35:00+00:00,0.6812,0.6824,0.6824,0.6812,2676.06,0.6818,1824.537708,2676.06,1824.537708,
2024-03-27 23:40:00+00:00,0.6808,0.6826,0.6813,0.6817,11313.68,0.6816,7711.404288,11313.68,7711.404288,
2024-03-27 23:45:00+00:00,0.6804,0.6818,0.6817,0.6818,5967.44,0.681425,4066.362802,5967.44,4066.362802,
2024-03-27 23:50:00+00:00,0.6813,0.6836,0.6817,0.683,8780.92,0.6824,5992.099808,8780.92,5992.099808,
2024-03-27 23:55:00+00:00,0.683,0.6839,0.6836,0.6835,8308.22,0.6835,5678.66837,8308.22,5678.66837,
2024-03-28 00:00:00+00:00,0.6828,0.6842,0.6834,0.684,37578.55,0.6836,25688.69678,37578.55,25688.69678,
2024-03-28 00:05:00+00:00,0.6839,0.6886,0.6841,0.6886,20428.19,0.6863,14019.866797,20428.19,14019.866797,
2024-03-28 00:10:00+00:00,0.6862,0.6892,0.6887,0.6863,5125.32,0.6876,3524.170032,5125.32,3524.170032,
2024-03-28 00:15:00+00:00,0.6842,0.6901,0.6861,0.6893,16543.05,0.687425,11372.10614625,16543.05,11372.10614625,
2024-03-28 00:20:00+00:00,0.6886,0.6909,0.6888,0.6899,24152.06,0.68955,16654.052973,24152.06,16654.052973,
2024-03-28 00:25:00+00:00,0.688,0.69,0.69,0.6885,13619.29,0.689125,9385.39322125,13619.29,9385.39322125,
2024-03-28 00:30:00+00:00,0.6859,0.6878,0.6874,0.6859,1273.1,0.68675,874.301425,1273.1,874.301425,
2024-03-28 00:35:00+00:00,0.6823,0.6856,0.6856,0.6827,6428.13,0.68405,4397.1623265,6428.13,4397.1623265,
2024-03-28 00:40:00+00:00,0.6818,0.6841,0.6827,0.683,20456.99,0.6829,13970.078471,20456.99,13970.078471,
2024-03-28 00:45:00+00:00,0.6819,0.6856,0.6831,0.6846,26976.78,0.6838,18446.722164,26976.78,18446.722164,
2024-03-28 00:50:00+00:00,0.6843,0.6868,0.6846,0.6861,20036.34,0.68545,13733.909253,20036.34,13733.909253,
2024-03-28 00:55:00+00:00,0.6837,0.6864,0.6862,0.6847,11369.99,0.68525,7791.2856475,11369.99,7791.2856475,
2024-03-28 01:00:00+00:00,0.6805,0.6853,0.6852,0.6805,7268.16,0.682875,4963.24476,7268.16,4963.24476,
2024-03-28 01:05:00+00:00,0.6802,0.6829,0.6809,0.6809,15592.43,0.681225,10621.95312675,15592.43,10621.95312675,
2024-03-28 01:10:00+00:00,0.6785,0.6816,0.681,0.6792,13021.25,0.680075,8855.42659375,13021.25,8855.42659375,
2024-03-28 01:15:00+00:00,0.676,0.6797,0.679,0.676,9181.68,0.677675,6222.194994,9181.68,6222.194994,
2024-03-28 01:20:00+00:00,0.6762,0.6775,0.6766,0.6772,11297.78,0.676875,7647.1848375,11297.78,7647.1848375,
2024-03-28 01:25:00+00:00,0.6758,0.6784,0.6777,0.6758,9906.04,0.676925,6705.646127,9906.04,6705.646127,
2024-03-28 01:30:00+00:00,0.6737,0.677,0.6757,0.6764,24060.77,0.6757,16257.862289,24060.77,16257.862289,
2024-03-28 01:35:00+00:00,0.677,0.6793,0.677,0.6783,14125.09,0.6779,9575.398511,14125.09,9575.398511,
2024-03-28 01:40:00+00:00,0.6788,0.6804,0.6789,0.6798,7547.11,0.679475,5128.07256725,7547.11,5128.07256725,
2024-03-28 01:45:00+00:00,0.6781,0.6806,0.6797,0.6789,34193.61,0.679325,23228.57411325,34193.61,23228.57411325,
2024-03-28 01:50:00+00:00,0.6777,0.6793,0.6777,0.6784,4544.09,0.678275,3082.14264475,4544.09,3082.14264475,
2024-03-28 01:55:00+00:00,0.6784,0.6804,0.6784,0.6786,3596.36,0.67895,2441.748622,3596.36,2441.748622,
2024-03-28 02:00:00+00:00,0.6775,0.6826,0.6778,0.682,5576.62,0.679975,3791.9621845,5576.62,3791.9621845,
2024-03-28 02:05:00+00:00,0.682,0.6845,0.6823,0.682,5438.62,0.6827,3712.945874,5438.62,3712.945874,
2024-03-28 02:10:00+00:00,0.6828,0.684,0.6828,0.6831,913.36,0.683175,623.984718,913.36,623.984718,
2024-03-28 02:15:00+00:00,0.6825,0.684,0.6838,0.684,194.54,0.683575,132.9826805,194.54,132.9826805,
2024-03-28 02:20:00+00:00,0.6823,0.684,0.6838,0.6825,4684.21,0.68315,3200.0180615,4684.21,3200.0180615,
2024-03-28 02:25:00+00:00,0.6817,0.6824,0.6824,0.6817,2231.42,0.68205,1521.940011,2231.42,1521.940011,
2024-03-28 02:30:00+00:00,0.6775,0.6819,0.6819,0.6775,7396.21,0.6797,5027.203937,7396.21,5027.203937,
2024-03-28 02:35:00+00:00,0.6765,0.6789,0.6784,0.6765,19022.84,0.677575,12889.400813,19022.84,12889.400813,
2024-03-28 02:40:00+00:00,0.6745,0.6763,0.6763,0.6745,2907.27,0.6754,1963.570158,2907.27,1963.570158,
2024-03-28 02:45:00+00:00,0.6737,0.6772,0.6745,0.6752,21629.84,0.67515,14603.386476,21629.84,14603.386476,
2024-03-28 02:50:00+00:00,0.673,0.6757,0.6751,0.6751,4537.52,0.674725,3061.578182,4537.52,3061.578182,
2024-03-28 02:55:00+00:00,0.6745,0.6762,0.675,0.6762,861.25,0.675475,581.75284375,861.25,581.75284375,
2024-03-28 03:00:00+00:00,0.6745,0.678,0.6763,0.6777,3715.0,0.676625,2513.661875,3715.0,2513.661875,
2024-03-28 03:05:00+00:00,0.6771,0.6791,0.6782,0.6784,9900.8,0.6782,6714.72256,9900.8,6714.72256,
2024-03-28 03:10:00+00:00,0.6769,0.6786,0.6786,0.678,13087.22,0.678025,8873.4623405,13087.22,8873.4623405,
2024-03-28 03:15:00+00:00,0.6763,0.6786,0.6784,0.6774,9732.61,0.677675,6595.54648175,9732.61,6595.54648175,
2024-03-28 03:20:00+00:00,0.675,0.6773,0.6773,0.675,10872.1,0.67615,7351.170415,10872.1,7351.170415,
2024-03-28 03:25:00+00:00,0.673,0.6757,0.6757,0.6739,3542.44,0.674575,2389.641463,3542.44,2389.641463,
2024-03-28 03:30:00+00:00,0.6738,0.6751,0.6742,0.6742,4736.03,0.674325,3193.62342975,4736.03,3193.62342975,
2024-03-28 03:35:00+00:00,0.6707,0.6747,0.6747,0.6714,3165.06,0.672875,2129.6897475,3165.06,2129.6897475,
2024-03-28 03:40:00+00:00,0.6692,0.6714,0.6707,0.6692,5098.16,0.670125,3416.40447,5098.16,3416.40447,
2024-03-28 03:45:00+00:00,0.67,0.6745,0.67,0.6739,1057.37,0.6721,710.658377,1057.37,710.658377,
2024-03-28 03:50:00+00:00,0.6736,0.677,0.674,0.6763,7805.18,0.675225,5270.2526655,7805.18,5270.2526655,
2024-03-28 03:55:00+00:00,0.6763,0.6775,0.6766,0.6764,18494.06,0.6767,12514.930402,18494.06,12514.930402,
2024-03-28 04:00:00+00:00,0.6762,0.6777,0.6768,0.677,10022.84,0.676925,6784.710967,10022.84,6784.710967,
2024-03-28 04:05:00+00:00,0.6776,0.6785,0.6778,0.6778,4780.45,0.677925,3240.78656625,4780.45,3240.78656625,
2024-03-28 04:10:00+00:00,0.6773,0.6791,0.6774,0.6791,9224.83,0.678225,6256.51032675,9224.83,6256.51032675,
2024-03-28 04:15:00+00:00,0.6784,0.6799,0.6792,0.6794,5766.26,0.679225,3916.5879485,5766.26,3916.5879485,
2024-03-28 04:20:00+00:00,0.6788,0.6814,0.6795,0.6809,9940.7,0.68015,6761.167105,9940.7,6761.167105,
2024-03-28 04:25:00+00:00,0.6801,0.6815,0.6805,0.6806,1562.53,0.680675,1063.57510775,1562.53,1063.57510775,
2024-03-28 04:30:00+00:00,0.6799,0.683,0.6812,0.6827,9471.56,0.6817,6456.762452,9471.56,6456.762452,
2024-03-28 04:35:00+00:00,0.6812,0.684,0.683,0.6835,9848.38,0.682925,6725.7049115,9848.38,6725.7049115,
2024-03-28 04:40:00+00:00,0.6831,0.6839,0.6836,0.6839,967.9,0.683625,661.6806375,967.9,661.6806375,
2024-03-28 04:45:00+00:00,0.6818,0.6832,0.6831,0.6832,461.08,0.682825,314.836951,461.08,314.836951,
2024-03-28 04:50:00+00:00,0.6821,0.6833,0.6833,0.6825,2090.73,0.6828,1427.550444,2090.73,1427.550444,
2024-03-28 04:55:00+00:00,0.6819,0.6833,0.6819,0.6833,2056.5,0.6826,1403.7669,2056.5,1403.7669,
2024-03-28 05:00:00+00:00,0.6826,0.6837,0.6833,0.6837,1848.07,0.683325,1262.83243275,1848.07,1262.83243275,
2024-03-28 05:05:00+00:00,0.6824,0.6826,0.6826,0.6825,109.84,0.682525,74.968546,109.84,74.968546,
2024-03-28 05:10:00+00:00,0.6803,0.6824,0.6822,0.6814,6212.79,0.681575,4234.48234425,6212.79,4234.48234425,
2024-03-28 05:15:00+00:00,0.6806,0.6815,0.6814,0.6807,1277.27,0.68105,869.8847335,1277.27,869.8847335,
2024-03-28 05:20:00+00:00,0.6807,0.684,0.6807,0.684,51474.84,0.68235,35123.857074,51474.84,35123.857074,
2024-03-28 05:25:00+00:00,0.6833,0.684,0.684,0.6835,46689.51,0.6837,31921.617987,46689.51,31921.617987,
2024-03-28 05:30:00+00:00,0.6812,0.6836,0.6835,0.6812,120586.79,0.682375,82285.41082625,120586.79,82285.41082625,
2024-03-28 05:35:00+00:00,0.6807,0.6818,0.6812,0.6817,29648.0,0.68135,20200.6648,29648.0,20200.6648,
2024-03-28 05:40:00+00:00,0.6819,0.6833,0.6819,0.6832,14786.97,0.682575,10093.21604775,14786.97,10093.21604775,
2024-03-28 05:45:00+00:00,0.6817,0.6832,0.6832,0.6823,146918.89,0.6826,100286.834314,146918.89,100286.834314,
2024-03-28 05:50:00+00:00,0.6822,0.6829,0.6822,0.6827,69264.51,0.6825,47273.028075,69264.51,47273.028075,
2024-03-28 05:55:00+00:00,0.6828,0.6833,0.6828,0.6829,13112.9,0.68295,8955.455055,13112.9,8955.455055,
2024-03-28 06:00:00+00:00,0.6812,0.6847,0.6833,0.6812,22521.98,0.6826,15373.503548,22521.98,15373.503548,
2024-03-28 06:05:00+00:00,0.6805,0.682,0.6811,0.682,4661.34,0.6814,3176.237076,4661.34,3176.237076,
2024-03-28 06:10:00+00:00,0.6826,0.6847,0.6826,0.6847,8688.61,0.68365,5939.9682265,8688.61,5939.9682265,
2024-03-28 06:15:00+00:00,0.6846,0.6859,0.6853,0.6849,8317.81,0.685175,5699.15546675,8317.81,5699.15546675,
2024-03-28 06:20:00+00:00,0.6846,0.686,0.6859,0.686,3223.17,0.685625,2209.88593125,3223.17,2209.88593125,
2024-03-28 06:25:00+00:00,0.6861,0.6874,0.6861,0.6874,191.45,0.68675,131.4782875,191.45,131.4782875,
2024-03-28 06:30:00+00:00,0.6867,0.688,0.6879,0.6874,281.09,0.6875,193.249375,281.09,193.249375,
2024-03-28 06:35:00+00:00,0.6875,0.6883,0.6883,0.6876,2041.05,0.687925,1404.08932125,2041.05,1404.08932125,
2024-03-28 06:40:00+00:00,0.6874,0.6893,0.6874,0.6882,7619.72,0.688075,5242.938839,7619.72,5242.938839,
2024-03-28 06:45:00+00:00,0.6881,0.6899,0.6895,0.6882,2096.18,0.688925,1444.1108065,2096.18,1444.1108065,
2024-03-28 06:50:00+00:00,0.688,0.6894,0.688,0.6894,426.77,0.6887,293.916499,426.77,293.916499,
2024-03-28 06:55:00+00:00,0.6897,0.6909,0.6899,0.6909,9475.49,0.69035,6541.4045215,9475.49,6541.4045215,
2024-03-28 07:00:00+00:00,0.6881,0.6907,0.6904,0.6881,249.48,0.689325,171.972801,249.48,171.972801,
2024-03-28 07:05:00+00:00,0.6873,0.6881,0.688,0.688,271.05,0.68785,186.4417425,271.05,186.4417425,
2024-03-28 07:10:00+00:00,0.6874,0.6894,0.6884,0.6894,25500.77,0.68865,17561.1052605,25500.77,17561.1052605,
2024-03-28 07:15:00+00:00,0.6887,0.6902,0.6893,0.6902,8683.12,0.6896,5987.879552,8683.12,5987.879552,
2024-03-28 07:20:00+00:00,0.6903,0.692,0.6903,0.692,168.42,0.69115,116.403483,168.42,116.403483,
2024-03-28 07:25:00+00:00,0.6926,0.6929,0.6926,0.6928,1023.5,0.692725,709.0040375,1023.5,709.0040375,
2024-03-28 07:30:00+00:00,0.6929,0.6962,0.6929,0.6961,2717.29,0.694525,1887.22583725,2717.29,1887.22583725,
2024-03-28 07:35:00+00:00,0.6955,0.6967,0.6955,0.6962,3839.64,0.695975,2672.293449,3839.64,2672.293449,
2024-03-28 07:40:00+00:00,0.6961,0.6984,0.6969,0.6969,589.27,0.697075,410.76538525,589.27,410.76538525,
2024-03-28 07:45:00+00:00,0.6955,0.699,0.6966,0.6987,1410.13,0.69745,983.4951685,1410.13,983.4951685,
2024-03-28 07:50:00+00:00,0.6962,0.6991,0.699,0.6962,1392.53,0.697625,971.46374125,1392.53,971.46374125,
2024-03-28 07:55:00+00:00,0.6966,0.6973,0.6969,0.6973,2966.96,0.697025,2068.045294,2966.96,2068.045294,
2024-03-28 08:00:00+00:00,0.6947,0.6971,0.6971,0.6947,5851.69,0.6959,4072.191071,5851.69,4072.191071,
2024-03-28 08:05:00+00:00,0.6955,0.6977,0.6955,0.6977,933.34,0.6966,650.164644,933.34,650.164644,
2024-03-28 08:10:00+00:00,0.6962,0.6986,0.6983,0.6962,6960.88,0.697325,4853.995646,6960.88,4853.995646,
2024-03-28 08:15:00+00:00,0.6941,0.6991,0.6956,0.6986,3425.59,0.69685,2387.1223915,3425.59,2387.1223915,
2024-03-28 08:20:00+00:00,0.6988,0.7004,0.6988,0.7003,1498.36,0.699575,1048.215197,1498.36,1048.215197,
2024-03-28 08:25:00+00:00,0.6983,0.7,0.6997,0.6983,705.69,0.699075,493.33023675,705.69,493.33023675,
2024-03-28 08:30:00+00:00,0.6976,0.699,0.6982,0.699,3612.83,0.69845,2523.3811135,3612.83,2523.3811135,
2024-03-28 08:35:00+00:00,0.6987,0.7018,0.6987,0.7016,510.88,0.7002,357.718176,510.88,357.718176,
2024-03-28 08:40:00+00:00,0.7011,0.7036,0.7011,0.7027,221.52,0.702125,155.53473,221.52,155.53473,
2024-03-28 08:45:00+00:00,0.7018,0.7044,0.7025,0.7037,571.62,0.7031,401.906022,571.62,401.906022,
2024-03-28 08:50:00+00:00,0.7011,0.7037,0.7032,0.7014,4055.77,0.70235,2848.5700595,4055.77,2848.5700595,
2024-03-28 08:55:00+00:00,0.6995,0.7012,0.7011,0.6995,2263.24,0.700325,1585.003553,2263.24,1585.003553,
2024-03-28 09:00:00+00:00,0.6985,0.6997,0.699,0.699,1102.56,0.69905,770.744568,1102.56,770.744568,
2024-03-28 09:05:00+00:00,0.6995,0.7018,0.6995,0.7004,3488.85,0.7003,2443.241655,3488.85,2443.241655,
2024-03-28 09:10:00+00:00,0.6994,0.7011,0.7004,0.6994,1236.13,0.700075,865.38370975,1236.13,865.38370975,
2024-03-28 09:15:00+00:00,0.6962,0.699,0.699,0.6968,4757.89,0.69775,3319.8177475,4757.89,3319.8177475,
2024-03-28 09:20:00+00:00,0.6952,0.6976,0.6969,0.6958,350.2,0.696375,243.870525,350.2,243.870525,
2024-03-28 09:25:00+00:00,0.6957,0.6969,0.6957,0.6961,334.31,0.6961,232.713191,334.31,232.713191,
2024-03-28 09:30:00+00:00,0.6942,0.6955,0.6955,0.6948,8659.85,0.695,6018.59575,8659.85,6018.59575,
2024-03-28 09:35:00+00:00,0.6946,0.6952,0.6951,0.6952,169.58,0.695025,117.8623395,169.58,117.8623395,
2024-03-28 09:40:00+00:00,0.6954,0.6977,0.6954,0.6977,372.28,0.69655,259.311634,372.28,259.311634,
2024-03-28 09:45:00+00:00,0.6967,0.6988,0.6978,0.6978,8803.49,0.697775,6142.85523475,8803.49,6142.85523475,
2024-03-28 09:50:00+00:00,0.6956,0.6973,0.6969,0.6956,7725.74,0.69635,5379.819049,7725.74,5379.819049,
2024-03-28 09:55:00+00:00,0.6957,0.6985,0.6957,0.6985,2813.8,0.6971,1961.49998,2813.8,1961.49998,
2024-03-28 10:00:00+00:00,0.6964,0.6976,0.6976,0.6965,3161.45,0.697025,2203.60968625,3161.45,2203.60968625,
2024-03-28 10:05:00+00:00,0.6955,0.6969,0.6962,0.6962,3114.15,0.6962,2168.07123,3114.15,2168.07123,
2024-03-28 10:10:00+00:00,0.6948,0.6961,0.6961,0.6948,309.87,0.69545,215.4990915,309.87,215.4990915,
2024-03-28 10:15:00+00:00,0.6932,0.695,0.6942,0.6933,1477.89,0.693925,1025.54481825,1477.89,1025.54481825,
2024-03-28 10:20:00+00:00,0.692,0.6931,0.6931,0.6923,3157.09,0.692625,2186.67946125,3157.09,2186.67946125,
2024-03-28 10:25:00+00:00,0.6923,0.6937,0.6927,0.6934,464.18,0.693025,321.6883445,464.18,321.6883445,
2024-03-28 10:30:00+00:00,0.6931,0.6946,0.6931,0.6943,3123.75,0.693775,2167.17965625,3123.75,2167.17965625,
2024-03-28 10:35:00+00:00,0.692,0.6934,0.6934,0.692,358.43,0.6927,248.284461,358.43,248.284461,
2024-03-28 10:40:00+00:00,0.692,0.6945,0.6929,0.6945,17066.06,0.693475,11834.8859585,17066.06,11834.8859585,
2024-03-28 10:45:00+00:00,0.6906,0.6952,0.6945,0.6915,12727.89,0.69295,8819.7913755,12727.89,8819.7913755,
2024-03-28 10:50:00+00:00,0.6917,0.6927,0.6927,0.6927,6431.41,0.69245,4453.4298545,6431.41,4453.4298545,
2024-03-28 10:55:00+00:00,0.6923,0.6939,0.6926,0.6935,35030.45,0.693075,24278.72913375,35030.45,24278.72913375,
2024-03-28 11:00:00+00:00,0.6913,0.6936,0.6932,0.6919,2428.48,0.6925,1681.7224,2428.48,1681.7224,
2024-03-28 11:05:00+00:00,0.6899,0.692,0.6913,0.6916,4988.55,0.6912,3448.08576,4988.55,3448.08576,
2024-03-28 11:10:00+00:00,0.6906,0.6934,0.6927,0.6906,2692.71,0.691825,1862.88409575,2692.71,1862.88409575,
2024-03-28 11:15:00+00:00,0.6899,0.6934,0.6899,0.693,656.69,0.69155,454.1339695,656.69,454.1339695,
2024-03-28 11:20:00+00:00,0.6941,0.6969,0.6941,0.6965,772.02,0.6954,536.862708,772.02,536.862708,
2024-03-28 11:25:00+00:00,0.6948,0.6962,0.6955,0.6951,401.49,0.6954,279.196146,401.49,279.196146,
2024-03-28 11:30:00+00:00,0.6936,0.6962,0.6952,0.694,279.62,0.69475,194.265995,279.62,194.265995,
2024-03-28 11:35:00+00:00,0.692,0.6944,0.6944,0.692,3368.89,0.6932,2335.314548,3368.89,2335.314548,
2024-03-28 11:40:00+00:00,0.6913,0.692,0.692,0.692,828.82,0.691825,573.3983965,828.82,573.3983965,
2024-03-28 11:45:00+00:00,0.6917,0.6941,0.6922,0.6925,9539.82,0.692625,6607.5178275,9539.82,6607.5178275,
2024-03-28 11:50:00+00:00,0.691,0.6934,0.692,0.6927,1038.66,0.692275,719.0383515,1038.66,719.0383515,
2024-03-28 11:55:00+00:00,0.6934,0.6941,0.6934,0.6941,1570.73,0.69375,1089.6939375,1570.73,1089.6939375,
2024-03-28 12:00:00+00:00,0.693,0.6955,0.6941,0.6954,801.6,0.6945,556.7112,801.6,556.7112,
2024-03-28 12:05:00+00:00,0.69,0.6948,0.6948,0.69,492.47,0.6924,340.986228,492.47,340.986228,
2024-03-28 12:10:00+00:00,0.6887,0.6906,0.6893,0.6897,4631.44,0.689575,3193.725238,4631.44,3193.725238,
2024-03-28 12:15:00+00:00,0.6869,0.6897,0.6897,0.688,2453.48,0.688575,1689.404991,2453.48,1689.404991,
2024-03-28 12:20:00+00:00,0.6867,0.6883,0.688,0.6872,5532.07,0.68755,3803.5747285,5532.07,3803.5747285,
2024-03-28 12:25:00+00:00,0.6872,0.6884,0.6875,0.6879,3069.54,0.68775,2111.076135,3069.54,2111.076135,
2024-03-28 12:30:00+00:00,0.6847,0.6893,0.6887,0.685,1522.35,0.686925,1045.74027375,1522.35,1045.74027375,
2024-03-28 12:35:00+00:00,0.684,0.6861,0.6848,0.6861,584.65,0.68525,400.6314125,584.65,400.6314125,
2024-03-28 12:40:00+00:00,0.6845,0.6861,0.6854,0.6854,2630.44,0.68535,1802.772054,2630.44,1802.772054,
2024-03-28 12:45:00+00:00,0.6826,0.6858,0.6858,0.6843,2222.91,0.684625,1521.85975875,2222.91,1521.85975875,
2024-03-28 12:50:00+00:00,0.6817,0.6847,0.6847,0.6833,765.84,0.6836,523.528224,765.84,523.528224,
2024-03-28 12:55:00+00:00,0.6835,0.688,0.684,0.688,1938.16,0.685875,1329.33549,1938.16,1329.33549,
2024-03-28 13:00:00+00:00,0.6867,0.6893,0.6887,0.6888,16603.21,0.688375,11429.23468375,16603.21,11429.23468375,
2024-03-28 13:05:00+00:00,0.6847,0.6887,0.688,0.6859,1248.47,0.686825,857.48040775,1248.47,857.48040775,
2024-03-28 13:10:00+00:00,0.684,0.6864,0.6862,0.6859,2842.13,0.685625,1948.63538125,2842.13,1948.63538125,
2024-03-28 13:15:00+00:00,0.681,0.6851,0.6847,0.6851,13958.25,0.683975,9547.09404375,13958.25,9547.09404375,
2024-03-28 13:20:00+00:00,0.6854,0.6884,0.6854,0.6884,777.86,0.6869,534.312034,777.86,534.312034,
2024-03-28 13:25:00+00:00,0.6871,0.6906,0.6874,0.6902,6520.66,0.688825,4491.5936245,6520.66,4491.5936245,
2024-03-28 13:30:00+00:00,0.6877,0.6927,0.6899,0.6925,14546.01,0.6907,10046.929107,14546.01,10046.929107,
2024-03-28 13:35:00+00:00,0.6892,0.6942,0.6925,0.6899,20278.84,0.69145,14021.803918,20278.84,14021.803918,
2024-03-28 13:40:00+00:00,0.6887,0.6915,0.69,0.691,4724.85,0.6903,3261.563955,4724.85,3261.563955,
2024-03-28 13:45:00+00:00,0.6906,0.6942,0.6906,0.6915,403.15,0.691725,278.86893375,403.15,278.86893375,
2024-03-28 13:50:00+00:00,0.6899,0.6927,0.692,0.6899,781.4,0.691125,540.045075,781.4,540.045075,
2024-03-28 13:55:00+00:00,0.6899,0.6906,0.6906,0.6906,365.71,0.690425,252.49532675,365.71,252.49532675,
2024-03-28 14:00:00+00:00,0.6883,0.6906,0.6901,0.6906,5670.75,0.6899,3912.250425,5670.75,3912.250425,
2024-03-28 14:05:00+00:00,0.6904,0.692,0.6904,0.6913,4784.31,0.691025,3306.07781775,4784.31,3306.07781775,
2024-03-28 14:10:00+00:00,0.6868,0.692,0.692,0.6874,29042.06,0.68955,20025.952473,29042.06,20025.952473,
2024-03-28 14:15:00+00:00,0.6854,0.6883,0.6874,0.6878,2216.59,0.687225,1523.29606275,2216.59,1523.29606275,
2024-03-28 14:20:00+00:00,0.6874,0.6891,0.6874,0.6877,3855.05,0.6879,2651.888895,3855.05,2651.888895,
2024-03-28 14:25:00+00:00,0.6867,0.6893,0.6874,0.6887,1366.08,0.688025,939.897192,1366.08,939.897192,
2024-03-28 14:30:00+00:00,0.6887,0.6929,0.6893,0.692,972.95,0.690725,672.04088875,972.95,672.04088875,
2024-03-28 14:35:00+00:00,0.6927,0.6955,0.6927,0.6946,4217.21,0.693875,2926.21658875,4217.21,2926.21658875,
2024-03-28 14:40:00+00:00,0.6925,0.6941,0.6941,0.6934,3557.86,0.693525,2467.4648565,3557.86,2467.4648565,
2024-03-28 14:45:00+00:00,0.6935,0.6955,0.694,0.6948,3510.64,0.69445,2437.963948,3510.64,2437.963948,
2024-03-28 14:50:00+00:00,0.6934,0.6958,0.6941,0.6934,1053.48,0.694175,731.299479,1053.48,731.299479,
2024-03-28 14:55:00+00:00,0.6933,0.6946,0.694,0.6942,29876.84,0.694025,20735.273881,29876.84,20735.273881,
2024-03-28 15:00:00+00:00,0.6927,0.6943,0.6941,0.6927,16603.1,0.69345,11513.419695,16603.1,11513.419695,
2024-03-28 15:05:00+00:00,0.6913,0.6928,0.692,0.6913,840.86,0.69185,581.748991,840.86,581.748991,
2024-03-28 15:10:00+00:00,0.6894,0.692,0.6906,0.6894,24265.53,0.69035,16751.7086355,24265.53,16751.7086355,
2024-03-28 15:15:00+00:00,0.6883,0.6895,0.6895,0.6895,987.61,0.6892,680.660812,987.61,680.660812,
2024-03-28 15:20:00+00:00,0.6898,0.6913,0.6899,0.691,7232.77,0.6905,4994.227685,7232.77,4994.227685,
2024-03-28 15:25:00+00:00,0.689,0.6913,0.6907,0.6896,5159.06,0.69015,3560.525259,5159.06,3560.525259,
2024-03-28 15:30:00+00:00,0.6895,0.6913,0.6897,0.6906,1233.83,0.690275,851.68200325,1233.83,851.68200325,
2024-03-28 15:35:00+00:00,0.6901,0.692,0.6902,0.6912,2755.44,0.690875,1903.66461,2755.44,1903.66461,
2024-03-28 15:40:00+00:00,0.6909,0.6932,0.6913,0.6929,8204.59,0.692075,5678.19162425,8204.59,5678.19162425,
2024-03-28 15:45:00+00:00,0.692,0.6942,0.6934,0.6937,950.37,0.693325,658.91528025,950.37,658.91528025,
2024-03-28 15:50:00+00:00,0.6934,0.6944,0.6939,0.6934,12014.78,0.693775,8335.5539945,12014.78,8335.5539945,
2024-03-28 15:55:00+00:00,0.6921,0.6935,0.6935,0.6927,412.89,0.69295,286.1121255,412.89,286.1121255,
2024-03-28 16:00:00+00:00,0.6913,0.6925,0.6925,0.692,925.79,0.692075,640.71611425,925.79,640.71611425,
2024-03-28 16:05:00+00:00,0.6888,0.6919,0.6913,0.6895,5849.13,0.690375,4038.09312375,5849.13,4038.09312375,
2024-03-28 16:10:00+00:00,0.6876,0.6896,0.6896,0.6876,4553.88,0.6886,3135.801768,4553.88,3135.801768,
2024-03-28 16:15:00+00:00,0.688,0.6896,0.6887,0.688,5739.92,0.688575,3952.365414,5739.92,3952.365414,
2024-03-28 16:20:00+00:00,0.689,0.692,0.689,0.6916,6507.06,0.6904,4492.474224,6507.06,4492.474224,
2024-03-28 16:25:00+00:00,0.6913,0.6931,0.6913,0.6926,277.0,0.692075,191.704775,277.0,191.704775,
2024-03-28 16:30:00+00:00,0.6924,0.6934,0.6924,0.6928,292.84,0.69275,202.86491,292.84,202.86491,
2024-03-28 16:35:00+00:00,0.6909,0.6921,0.692,0.6913,1687.82,0.691575,1167.2541165,1687.82,1167.2541165,
2024-03-28 16:40:00+00:00,0.6898,0.6911,0.69,0.6904,598.55,0.690325,413.19402875,598.55,413.19402875,
2024-03-28 16:45:00+00:00,0.6906,0.6913,0.6909,0.6906,2042.48,0.69085,1411.047308,2042.48,1411.047308,
2024-03-28 16:50:00+00:00,0.6908,0.6924,0.6908,0.6917,22637.49,0.691425,15652.12652325,22637.49,15652.12652325,
2024-03-28 16:55:00+00:00,0.6899,0.6934,0.692,0.6934,5467.96,0.692175,3784.785213,5467.96,3784.785213,
2024-03-28 17:00:00+00:00,0.6918,0.694,0.6939,0.6918,531.44,0.692875,368.22149,531.44,368.22149,
2024-03-28 17:05:00+00:00,0.6918,0.6942,0.692,0.692,12578.58,0.6925,8710.66665,12578.58,8710.66665,
2024-03-28 17:10:00+00:00,0.6908,0.6922,0.6918,0.6908,1140.26,0.6914,788.375764,1140.26,788.375764,
2024-03-28 17:15:00+00:00,0.6913,0.6925,0.692,0.6917,173.69,0.691875,120.17176875,173.69,120.17176875,
2024-03-28 17:20:00+00:00,0.6887,0.6915,0.6913,0.6912,2950.64,0.690675,2037.933282,2950.64,2037.933282,
2024-03-28 17:25:00+00:00,0.6913,0.694,0.6913,0.6928,1972.72,0.69235,1365.812692,1972.72,1365.812692,
2024-03-28 17:30:00+00:00,0.6906,0.6932,0.6932,0.6908,2304.77,0.69195,1594.7856015,2304.77,1594.7856015,
2024-03-28 17:35:00+00:00,0.6907,0.6927,0.6913,0.6921,1598.13,0.6917,1105.426521,1598.13,1105.426521,
2024-03-28 17:40:00+00:00,0.6903,0.692,0.692,0.6903,4503.11,0.69115,3112.3244765,4503.11,3112.3244765,
2024-03-28 17:45:00+00:00,0.6906,0.6918,0.6909,0.6906,299.73,0.690975,207.10593675,299.73,207.10593675,
2024-03-28 17:50:00+00:00,0.6899,0.6908,0.6906,0.6908,142.05,0.690525,98.08907625,142.05,98.08907625,
2024-03-28 17:55:00+00:00,0.6886,0.6913,0.6913,0.6893,11541.76,0.690125,7965.25712,11541.76,7965.25712,
2024-03-28 18:00:00+00:00,0.6877,0.6899,0.6899,0.6882,2342.3,0.688925,1613.6690275,2342.3,1613.6690275,
2024-03-28 18:05:00+00:00,0.6887,0.6906,0.6887,0.6899,1985.57,0.689475,1369.00087575,1985.57,1369.00087575,
2024-03-28 18:10:00+00:00,0.6899,0.6911,0.69,0.6903,12112.81,0.690325,8361.77556325,12112.81,8361.77556325,
2024-03-28 18:15:00+00:00,0.689,0.6905,0.6899,0.6893,4189.61,0.689675,2889.46927675,4189.61,2889.46927675,
2024-03-28 18:20:00+00:00,0.6887,0.6906,0.6887,0.6902,539.26,0.68955,371.846733,539.26,371.846733,
2024-03-28 18:25:00+00:00,0.6894,0.6906,0.6897,0.6906,496.88,0.690075,342.884466,496.88,342.884466,
2024-03-28 18:30:00+00:00,0.6887,0.6905,0.6899,0.6887,2308.78,0.68945,1591.788371,2308.78,1591.788371,
2024-03-28 18:35:00+00:00,0.688,0.689,0.6887,0.6886,253.96,0.688575,174.870507,253.96,174.870507,
2024-03-28 18:40:00+00:00,0.6886,0.6893,0.6893,0.6886,177.56,0.68895,122.329962,177.56,122.329962,
2024-03-28 18:45:00+00:00,0.6873,0.6888,0.6888,0.6876,303.45,0.688125,208.81153125,303.45,208.81153125,
2024-03-28 18:50:00+00:00,0.6863,0.6874,0.6874,0.6865,736.47,0.6869,505.881243,736.47,505.881243,
2024-03-28 18:55:00+00:00,0.6867,0.6885,0.6867,0.6879,947.99,0.68745,651.6957255,947.99,651.6957255,
2024-03-28 19:00:00+00:00,0.6873,0.6913,0.6875,0.6893,2908.82,0.68885,2003.740657,2908.82,2003.740657,
2024-03-28 19:05:00+00:00,0.6891,0.6902,0.6896,0.6899,1805.74,0.6897,1245.418878,1805.74,1245.418878,
2024-03-28 19:10:00+00:00,0.6887,0.6899,0.6893,0.6893,368.29,0.6893,253.862297,368.29,253.862297,
2024-03-28 19:15:00+00:00,0.6887,0.6899,0.6896,0.6887,431.87,0.689225,297.65560075,431.87,297.65560075,
2024-03-28 19:20:00+00:00,0.6863,0.6881,0.6881,0.6864,69959.4,0.687225,48077.848665,69959.4,48077.848665,
2024-03-28 19:25:00+00:00,0.6864,0.6873,0.6864,0.6872,1178.23,0.686825,809.23781975,1178.23,809.23781975,
2024-03-28 19:30:00+00:00,0.6865,0.6883,0.6865,0.6879,2312.76,0.6873,1589.559948,2312.76,1589.559948,
2024-03-28 19:35:00+00:00,0.6867,0.6878,0.6874,0.6876,903.0,0.687375,620.699625,903.0,620.699625,
2024-03-28 19:40:00+00:00,0.6876,0.6884,0.688,0.6881,811.85,0.688025,558.57309625,811.85,558.57309625,
2024-03-28 19:45:00+00:00,0.6875,0.6893,0.6879,0.6889,2110.25,0.6884,1452.6961,2110.25,1452.6961,
2024-03-28 19:50:00+00:00,0.6888,0.6899,0.6893,0.6893,383.76,0.689325,264.535362,383.76,264.535362,
2024-03-28 19:55:00+00:00,0.6874,0.6902,0.69,0.6881,159433.2,0.688925,109837.51731,159433.2,109837.51731,
2024-03-28 20:00:00+00:00,0.6878,0.6894,0.6884,0.6893,8018.94,0.688725,5522.8444515,8018.94,5522.8444515,
2024-03-28 20:05:00+00:00,0.6886,0.6899,0.6896,0.6889,1298.16,0.68925,894.75678,1298.16,894.75678,
2024-03-28 20:10:00+00:00,0.6874,0.6893,0.6881,0.6893,2266.29,0.688525,1560.39732225,2266.29,1560.39732225,
2024-03-28 20:15:00+00:00,0.6884,0.6904,0.6895,0.6904,6623.08,0.689675,4567.772699,6623.08,4567.772699,
2024-03-28 20:20:00+00:00,0.6898,0.691,0.6898,0.6906,1484.86,0.6903,1024.998858,1484.86,1024.998858,
2024-03-28 20:25:00+00:00,0.6903,0.6909,0.6904,0.6905,2690.21,0.690525,1857.65726025,2690.21,1857.65726025,
2024-03-28 20:30:00+00:00,0.6899,0.6924,0.6899,0.6924,1249.82,0.69115,863.813093,1249.82,863.813093,
2024-03-28 20:35:00+00:00,0.692,0.6935,0.6925,0.6931,1278.98,0.692775,886.0453695,1278.98,886.0453695,
2024-03-28 20:40:00+00:00,0.6922,0.6939,0.6922,0.6932,1324.48,0.692875,917.69908,1324.48,917.69908,
2024-03-28 20:45:00+00:00,0.6915,0.6927,0.6927,0.6927,1493.24,0.6924,1033.919376,1493.24,1033.919376,
2024-03-28 20:50:00+00:00,0.6925,0.6933,0.6926,0.693,2431.53,0.69285,1684.6855605,2431.53,1684.6855605,
2024-03-28 20:55:00+00:00,0.692,0.6931,0.6928,0.692,2259.58,0.692475,1564.7026605,2259.58,1564.7026605,
2024-03-28 21:00:00+00:00,0.6926,0.6948,0.6926,0.6948,26129.25,0.6937,18125.860725,26129.25,18125.860725,
2024-03-28 21:05:00+00:00,0.6946,0.6957,0.6949,0.6948,18841.53,0.695,13094.86335,18841.53,13094.86335,
2024-03-28 21:10:00+00:00,0.6947,0.6962,0.6949,0.6962,5669.45,0.6955,3943.102475,5669.45,3943.102475,
2024-03-28 21:15:00+00:00,0.6942,0.6966,0.6963,0.6958,4582.0,0.695725,3187.81195,4582.0,3187.81195,
2024-03-28 21:20:00+00:00,0.6958,0.6979,0.6958,0.6973,822.91,0.6967,573.321397,822.91,573.321397,
2024-03-28 21:25:00+00:00,0.6977,0.6993,0.6977,0.6985,4135.69,0.6983,2887.952327,4135.69,2887.952327,
2024-03-28 21:30:00+00:00,0.6976,0.6989,0.6983,0.6978,246.73,0.69815,172.2545495,246.73,172.2545495,
2024-03-28 21:35:00+00:00,0.6978,0.6985,0.6979,0.6983,1959.66,0.698125,1368.0876375,1959.66,1368.0876375,
2024-03-28 21:40:00+00:00,0.6986,0.6993,0.699,0.6993,318.29,0.69905,222.5006245,318.29,222.5006245,
2024-03-28 21:45:00+00:00,0.6978,0.6994,0.6994,0.6978,1205.37,0.6986,842.071482,1205.37,842.071482,
2024-03-28 21:50:00+00:00,0.6949,0.6979,0.6976,0.6949,1367.25,0.696325,952.05035625,1367.25,952.05035625,
2024-03-28 21:55:00+00:00,0.6962,0.6973,0.6962,0.697,2770.7,0.696675,1930.2774225,2770.7,1930.2774225,
2024-03-28 22:00:00+00:00,0.6945,0.6965,0.6962,0.6945,4946.84,0.695425,3440.156207,4946.84,3440.156207,
2024-03-28 22:05:00+00:00,0.6929,0.6948,0.6942,0.6929,4068.94,0.6937,2822.623678,4068.94,2822.623678,
2024-03-28 22:10:00+00:00,0.692,0.6937,0.6928,0.6937,456.44,0.69305,316.335742,456.44,316.335742,
2024-03-28 22:15:00+00:00,0.6926,0.6943,0.6941,0.6933,70152.38,0.693575,48655.9369585,70152.38,48655.9369585,
2024-03-28 22:20:00+00:00,0.6927,0.6954,0.693,0.6954,2438.28,0.694125,1692.471105,2438.28,1692.471105,
2024-03-28 22:25:00+00:00,0.6951,0.6965,0.6955,0.6965,170.35,0.6959,118.546565,170.35,118.546565,
2024-03-28 22:30:00+00:00,0.6951,0.6966,0.6957,0.6966,3196.19,0.696,2224.54824,3196.19,2224.54824,
2024-03-28 22:35:00+00:00,0.6957,0.6975,0.6965,0.6957,4031.54,0.69635,2807.362879,4031.54,2807.362879,
2024-03-28 22:40:00+00:00,0.6962,0.6983,0.6962,0.6979,2750.15,0.69715,1917.2670725,2750.15,1917.2670725,
2024-03-28 22:45:00+00:00,0.6964,0.6983,0.6976,0.6983,548.65,0.69765,382.7656725,548.65,382.7656725,
2024-03-28 22:50:00+00:00,0.6986,0.7002,0.6986,0.7002,4457.12,0.6994,3117.309728,4457.12,3117.309728,
2024-03-28 22:55:00+00:00,0.699,0.6999,0.6993,0.6995,3510.28,0.699425,2455.177589,3510.28,2455.177589,
2024-03-28 23:00:00+00:00,0.699,0.6999,0.6999,0.6996,1596.37,0.6996,1116.820452,1596.37,1116.820452,
2024-03-28 23:05:00+00:00,0.6983,0.7002,0.6991,0.6992,3767.74,0.6992,2634.403808,3767.74,2634.403808,
2024-03-28 23:10:00+00:00,0.6985,0.6997,0.6991,0.6997,4691.14,0.69925,3280.279645,4691.14,3280.279645,
2024-03-28 23:15:00+00:00,0.6977,0.699,0.699,0.699,129.03,0.698675,90.15003525,129.03,90.15003525,
2024-03-28 23:20:00+00:00,0.6994,0.7004,0.6994,0.6996,2140.59,0.6997,1497.770823,2140.59,1497.770823,
2024-03-28 23:25:00+00:00,0.6982,0.6997,0.6991,0.6992,9811.22,0.69905,6858.533341,9811.22,6858.533341,
2024-03-28 23:30:00+00:00,0.6983,0.6997,0.6991,0.699,8385.38,0.699025,5861.5902545,8385.38,5861.5902545,
2024-03-28 23:35:00+00:00,0.6978,0.6985,0.6983,0.6982,206.63,0.6982,144.269066,206.63,144.269066,
2024-03-28 23:40:00+00:00,0.6962,0.6981,0.6976,0.6966,3041.44,0.697125,2120.26386,3041.44,2120.26386,
2024-03-28 23:45:00+00:00,0.696,0.6976,0.6969,0.696,6873.38,0.696625,4788.1683425,6873.38,4788.1683425,
2024-03-28 23:50:00+00:00,0.6948,0.6959,0.6959,0.6954,5872.99,0.6955,4084.664545,5872.99,4084.664545,
2024-03-28 23:55:00+00:00,0.6953,0.6963,0.6954,0.6955,2329.15,0.695625,1620.21496875,2329.15,1620.21496875,
2024-03-29 00:00:00+00:00,0.6952,0.6963,0.6958,0.6955,3016.23,0.6957,2098.391211,3016.23,2098.391211,
2024-03-29 00:05:00+00:00,0.694,0.6956,0.6948,0.6944,3215.06,0.6947,2233.502182,3215.06,2233.502182,
2024-03-29 00:10:00+00:00,0.6922,0.6941,0.6941,0.6932,2224.94,0.6934,1542.773396,2224.94,1542.773396,
2024-03-29 00:15:00+00:00,0.6927,0.6943,0.6933,0.6929,3329.51,0.6933,2308.349283,3329.51,2308.349283,
2024-03-29 00:20:00+00:00,0.6918,0.6939,0.6921,0.6939,4711.31,0.692925,3264.58448175,4711.31,3264.58448175,
2024-03-29 00:25:00+00:00,0.692,0.6938,0.6934,0.6925,2997.6,0.692925,2077.11198,2997.6,2077.11198,
2024-03-29 00:30:00+00:00,0.6899,0.692,0.692,0.6899,454.94,0.69095,314.340793,454.94,314.340793,
2024-03-29 00:35:00+00:00,0.688,0.6893,0.6893,0.6893,1931.02,0.688975,1330.4245045,1931.02,1330.4245045,
2024-03-29 00:40:00+00:00,0.6885,0.6899,0.6891,0.6893,3361.26,0.6892,2316.580392,3361.26,2316.580392,
2024-03-29 00:45:00+00:00,0.6886,0.69,0.6887,0.69,758.73,0.689325,523.01155725,758.73,523.01155725,
2024-03-29 00:50:00+00:00,0.6882,0.6893,0.6889,0.6893,165.12,0.688925,113.755296,165.12,113.755296,
2024-03-29 00:55:00+00:00,0.6899,0.6921,0.6899,0.6913,2457.54,0.6908,1697.668632,2457.54,1697.668632,
2024-03-29 01:00:00+00:00,0.6906,0.692,0.6913,0.692,2282.7,0.691475,1578.4299825,2282.7,1578.4299825,
2024-03-29 01:05:00+00:00,0.692,0.6948,0.6927,0.6947,5231.38,0.69355,3628.223599,5231.38,3628.223599,
2024-03-29 01:10:00+00:00,0.6955,0.6977,0.6955,0.6976,11423.42,0.696575,7957.2687865,11423.42,7957.2687865,
2024-03-29 01:15:00+00:00,0.6948,0.6971,0.6971,0.6954,8018.55,0.6961,5581.712655,8018.55,5581.712655,
2024-03-29 01:20:00+00:00,0.6936,0.6962,0.6951,0.6962,3178.37,0.695275,2209.84120175,3178.37,2209.84120175,
2024-03-29 01:25:00+00:00,0.6948,0.6962,0.6958,0.6962,2731.19,0.69575,1900.2254425,2731.19,1900.2254425,
2024-03-29 01:30:00+00:00,0.6937,0.6959,0.6959,0.6944,3897.75,0.694975,2708.83880625,3897.75,2708.83880625,
2024-03-29 01:35:00+00:00,0.6941,0.699,0.6948,0.6976,4954.88,0.696375,3450.45456,4954.88,3450.45456,
2024-03-29 01:40:00+00:00,0.6963,0.6977,0.6977,0.6966,2828.05,0.697075,1971.36295375,2828.05,1971.36295375,
2024-03-29 01:45:00+00:00,0.694,0.6965,0.6962,0.694,4206.68,0.695175,2924.378769,4206.68,2924.378769,
2024-03-29 01:50:00+00:00,0.6932,0.6945,0.6934,0.6932,2565.79,0.693575,1779.56779925,2565.79,1779.56779925,
2024-03-29 01:55:00+00:00,0.692,0.6935,0.6927,0.692,5831.02,0.69255,4038.272901,5831.02,4038.272901,
2024-03-29 02:00:00+00:00,0.6899,0.6926,0.6918,0.6899,182.86,0.69105,126.365403,182.86,126.365403,
2024-03-29 02:05:00+00:00,0.687,0.6902,0.6893,0.6876,12003.91,0.688525,8264.99213275,12003.91,8264.99213275,
2024-03-29 02:10:00+00:00,0.6859,0.688,0.6874,0.6878,853.96,0.687275,586.905359,853.96,586.905359,
2024-03-29 02:15:00+00:00,0.6867,0.6887,0.688,0.6887,2818.53,0.688025,1939.21910325,2818.53,1939.21910325,
2024-03-29 02:20:00+00:00,0.688,0.6906,0.6893,0.688,296.55,0.688975,204.31553625,296.55,204.31553625,
2024-03-29 02:25:00+00:00,0.684,0.6874,0.6874,0.684,5322.75,0.6857,3649.809675,5322.75,3649.809675,
2024-03-29 02:30:00+00:00,0.6839,0.688,0.6841,0.6878,6727.57,0.68595,4614.7766415,6727.57,4614.7766415,
2024-03-29 02:35:00+00:00,0.6874,0.6904,0.6874,0.6893,3523.37,0.688625,2426.28066625,3523.37,2426.28066625,
2024-03-29 02:40:00+00:00,0.6887,0.6894,0.6893,0.6887,465.07,0.689025,320.44485675,465.07,320.44485675,
2024-03-29 02:45:00+00:00,0.6858,0.6886,0.6886,0.6874,3344.96,0.6876,2299.994496,3344.96,2299.994496,
2024-03-29 02:50:00+00:00,0.6873,0.6893,0.6873,0.6891,5139.29,0.68825,3537.1163425,5139.29,3537.1163425,
2024-03-29 02:55:00+00:00,0.6891,0.6911,0.6892,0.6899,485.53,0.689825,334.93073225,485.53,334.93073225,
2024-03-29 03:00:00+00:00,0.6887,0.6928,0.6893,0.6928,1229.04,0.6909,849.143736,1229.04,849.143736,
2024-03-29 03:05:00+00:00,0.6921,0.6942,0.6928,0.6934,5964.74,0.693125,4134.3104125,5964.74,4134.3104125,
2024-03-29 03:10:00+00:00,0.6932,0.6944,0.6932,0.6935,3263.26,0.693575,2263.3155545,3263.26,2263.3155545,
2024-03-29 03:15:00+00:00,0.6934,0.6948,0.6941,0.6938,4737.85,0.694025,3288.18634625,4737.85,3288.18634625,
2024-03-29 03:20:00+00:00,0.6899,0.6927,0.6927,0.6904,6600.72,0.691425,4563.902826,6600.72,4563.902826,
2024-03-29 03:25:00+00:00,0.6887,0.6906,0.6902,0.6896,971.51,0.689775,670.12331025,971.51,670.12331025,
2024-03-29 03:30:00+00:00,0.6906,0.694,0.6906,0.6933,361.24,0.692125,250.023235,361.24,250.023235,
2024-03-29 03:35:00+00:00,0.6894,0.6934,0.6927,0.6904,33708.46,0.691475,23308.5573785,33708.46,23308.5573785,
2024-03-29 03:40:00+00:00,0.6887,0.6906,0.6906,0.6899,1990.29,0.68995,1373.2005855,1990.29,1373.2005855,
2024-03-29 03:45:00+00:00,0.6902,0.692,0.6902,0.6912,1661.55,0.6909,1147.964895,1661.55,1147.964895,
2024-03-29 03:50:00+00:00,0.6899,0.6913,0.6906,0.6913,3633.71,0.690775,2510.07602525,3633.71,2510.07602525,
2024-03-29 03:55:00+00:00,0.6913,0.693,0.6913,0.693,930.49,0.69215,644.0386535,930.49,644.0386535,
2024-03-29 04:00:00+00:00,0.691,0.6929,0.6924,0.6926,981.37,0.692225,679.32884825,981.37,679.32884825,
2024-03-29 04:05:00+00:00,0.6906,0.6941,0.6928,0.6912,3346.27,0.692175,2316.20443725,3346.27,2316.20443725,
2024-03-29 04:10:00+00:00,0.6899,0.6914,0.691,0.6901,280.19,0.6906,193.499214,280.19,193.499214,
2024-03-29 04:15:00+00:00,0.6893,0.6913,0.6899,0.6913,2663.2,0.69045,1838.80644,2663.2,1838.80644,
2024-03-29 04:20:00+00:00,0.6903,0.6925,0.692,0.6907,2431.23,0.691375,1680.89164125,2431.23,1680.89164125,
2024-03-29 04:25:00+00:00,0.6906,0.6942,0.6915,0.6942,622.44,0.692625,431.117505,622.44,431.117505,
2024-03-29 04:30:00+00:00,0.694,0.6972,0.694,0.6958,4435.77,0.69525,3083.9690925,4435.77,3083.9690925,
2024-03-29 04:35:00+00:00,0.6962,0.6976,0.6964,0.6976,2427.81,0.69695,1692.0621795,2427.81,1692.0621795,
2024-03-29 04:40:00+00:00,0.6972,0.6987,0.6979,0.6987,1098.12,0.698125,766.625025,1098.12,766.625025,
2024-03-29 04:45:00+00:00,0.6962,0.6989,0.6989,0.6962,1541.71,0.69755,1075.4198105,1541.71,1075.4198105,
2024-03-29 04:50:00+00:00,0.6934,0.6969,0.6969,0.6935,920.16,0.695175,639.672228,920.16,639.672228,
2024-03-29 04:55:00+00:00,0.6927,0.6969,0.6934,0.6969,1121.81,0.694975,779.62990475,1121.81,779.62990475,
2024-03-29 05:00:00+00:00,0.6976,0.6992,0.6976,0.6982,5124.58,0.69815,3577.725527,5124.58,3577.725527,
2024-03-29 05:05:00+00:00,0.6983,0.7011,0.699,0.7011,607.22,0.699875,424.9780975,607.22,424.9780975,
2024-03-29 05:10:00+00:00,0.7011,0.7037,0.7016,0.7029,2328.43,0.702325,1635.31459975,2328.43,1635.31459975,
2024-03-29 05:15:00+00:00,0.7011,0.7032,0.7018,0.7019,2127.54,0.702,1493.53308,2127.54,1493.53308,
2024-03-29 05:20:00+00:00,0.6987,0.7018,0.7018,0.6987,786.58,0.70025,550.802645,786.58,550.802645,
2024-03-29 05:25:00+00:00,0.6976,0.7019,0.6983,0.7012,5009.94,0.69975,3505.705515,5009.94,3505.705515,
2024-03-29 05:30:00+00:00,0.6983,0.7019,0.7018,0.6983,4586.9,0.700075,3211.1740175,4586.9,3211.1740175,
2024-03-29 05:35:00+00:00,0.6962,0.698,0.698,0.6962,3401.45,0.6971,2371.150795,3401.45,2371.150795,
2024-03-29 05:40:00+00:00,0.6952,0.6964,0.6955,0.6964,325.27,0.695875,226.34726125,325.27,226.34726125,
2024-03-29 05:45:00+00:00,0.6969,0.7004,0.6969,0.6974,50574.92,0.6979,35296.236668,50574.92,35296.236668,
2024-03-29 05:50:00+00:00,0.6954,0.6983,0.6974,0.698,15474.35,0.697275,10789.87739625,15474.35,10789.87739625,
2024-03-29 05:55:00+00:00,0.6969,0.6983,0.6977,0.697,2501.28,0.697475,1744.580268,2501.28,1744.580268,
2024-03-29 06:00:00+00:00,0.697,0.699,0.6976,0.6983,6061.74,0.697975,4230.9429765,6061.74,4230.9429765,
2024-03-29 06:05:00+00:00,0.6929,0.6999,0.699,0.6948,3074.61,0.69665,2141.9270565,3074.61,2141.9270565,
2024-03-29 06:10:00+00:00,0.6955,0.6976,0.6955,0.6976,142.04,0.69655,98.937962,142.04,98.937962,
2024-03-29 06:15:00+00:00,0.6976,0.6994,0.6976,0.6994,973.17,0.6985,679.759245,973.17,679.759245,
2024-03-29 06:20:00+00:00,0.6976,0.6993,0.6983,0.6986,2094.57,0.69845,1462.9524165,2094.57,1462.9524165,
2024-03-29 06:25:00+00:00,0.6983,0.699,0.699,0.699,2048.72,0.698825,1431.696754,2048.72,1431.696754,
2024-03-29 06:30:00+00:00,0.6976,0.6997,0.6983,0.6997,475.15,0.698825,332.04669875,475.15,332.04669875,
2024-03-29 06:35:00+00:00,0.6996,0.7018,0.6996,0.7016,11030.38,0.70065,7728.435747,11030.38,7728.435747,
2024-03-29 06:40:00+00:00,0.7011,0.7041,0.7018,0.704,3511.21,0.70275,2467.5028275,3511.21,2467.5028275,
2024-03-29 06:45:00+00:00,0.7019,0.704,0.7039,0.7039,3016.12,0.703425,2121.614211,3016.12,2121.614211,
2024-03-29 06:50:00+00:00,0.7034,0.7048,0.7038,0.7037,11591.86,0.703925,8159.8000505,11591.86,8159.8000505,
2024-03-29 06:55:00+00:00,0.7036,0.7079,0.7036,0.7079,2463.06,0.70575,1738.304595,2463.06,1738.304595,
2024-03-29 07:00:00+00:00,0.7051,0.71,0.7085,0.7098,7037.84,0.70835,4985.253964,7037.84,4985.253964,
2024-03-29 07:05:00+00:00,0.7051,0.7093,0.709,0.7072,4827.25,0.70765,3416.0034625,4827.25,3416.0034625,
2024-03-29 07:10:00+00:00,0.7035,0.7065,0.7065,0.7044,14070.72,0.705225,9923.023512,14070.72,9923.023512,
2024-03-29 07:15:00+00:00,0.7018,0.7065,0.7051,0.7044,4805.26,0.70445,3385.065407,4805.26,3385.065407,
2024-03-29 07:20:00+00:00,0.7036,0.7044,0.7037,0.7041,2495.65,0.70395,1756.8128175,2495.65,1756.8128175,
2024-03-29 07:25:00+00:00,0.7024,0.7049,0.7049,0.7031,766.24,0.703825,539.298868,766.24,539.298868,
2024-03-29 07:30:00+00:00,0.699,0.7025,0.7025,0.699,2680.43,0.70075,1878.3113225,2680.43,1878.3113225,
2024-03-29 07:35:00+00:00,0.695,0.6983,0.6983,0.6958,5787.96,0.69685,4033.339926,5787.96,4033.339926,
2024-03-29 07:40:00+00:00,0.692,0.6948,0.6948,0.6935,9258.21,0.693775,6423.11464275,9258.21,6423.11464275,
2024-03-29 07:45:00+00:00,0.6887,0.6941,0.6941,0.6893,4069.85,0.69155,2814.5047675,4069.85,2814.5047675,
2024-03-29 07:50:00+00:00,0.6861,0.6896,0.6887,0.6879,8683.23,0.688075,5974.71348225,8683.23,5974.71348225,
2024-03-29 07:55:00+00:00,0.6874,0.6899,0.6874,0.6892,9424.73,0.688475,6488.69098675,9424.73,6488.69098675,
2024-03-29 08:00:00+00:00,0.6895,0.6937,0.6896,0.6937,9331.13,0.691625,6453.64278625,9331.13,6453.64278625,
2024-03-29 08:05:00+00:00,0.6937,0.6956,0.6937,0.695,3716.46,0.6945,2581.08147,3716.46,2581.08147,
2024-03-29 08:10:00+00:00,0.6894,0.695,0.695,0.6913,11061.47,0.692675,7662.00373225,11061.47,7662.00373225,
2024-03-29 08:15:00+00:00,0.692,0.6969,0.692,0.696,4288.52,0.694225,2977.197797,4288.52,2977.197797,
2024-03-29 08:20:00+00:00,0.6955,0.6979,0.6955,0.6979,12530.97,0.6967,8730.326799,12530.97,8730.326799,
2024-03-29 08:25:00+00:00,0.6969,0.6985,0.6983,0.6969,3325.35,0.69765,2319.9304275,3325.35,2319.9304275,
2024-03-29 08:30:00+00:00,0.6958,0.698,0.6976,0.6976,8329.7,0.69725,5807.883325,8329.7,5807.883325,
2024-03-29 08:35:00+00:00,0.6983,0.7031,0.6983,0.7018,4171.65,0.700375,2921.71936875,4171.65,2921.71936875,
2024-03-29 08:40:00+00:00,0.7004,0.7025,0.7025,0.7018,2299.55,0.7018,1613.82419,2299.55,1613.82419,
2024-03-29 08:45:00+00:00,0.7019,0.7045,0.702,0.7045,6993.4,0.703225,4917.933715,6993.4,4917.933715,
2024-03-29 08:50:00+00:00,0.7051,0.7065,0.7051,0.7065,2782.49,0.7058,1963.881442,2782.49,1963.881442,
2024-03-29 08:55:00+00:00,0.7025,0.7058,0.7058,0.704,5992.92,0.704525,4222.161963,5992.92,4222.161963,
2024-03-29 09:00:00+00:00,0.7031,0.7051,0.7038,0.7039,1488.67,0.703975,1047.98646325,1488.67,1047.98646325,
2024-03-29 09:05:00+00:00,0.7046,0.7072,0.7046,0.7065,523.6,0.705725,369.51761,523.6,369.51761,
2024-03-29 09:10:00+00:00,0.7044,0.7072,0.7072,0.7044,256.13,0.7058,180.776554,256.13,180.776554,
2024-03-29 09:15:00+00:00,0.7011,0.7037,0.7037,0.7011,450.09,0.7024,316.143216,450.09,316.143216,
2024-03-29 09:20:00+00:00,0.7004,0.7026,0.7018,0.7018,10252.27,0.70165,7193.5052455,10252.27,7193.5052455,
2024-03-29 09:25:00+00:00,0.7009,0.7025,0.7018,0.7009,1969.96,0.701525,1381.976189,1969.96,1381.976189,
2024-03-29 09:30:00+00:00,0.6997,0.7052,0.7008,0.7013,55696.16,0.70175,39084.78028,55696.16,39084.78028,
2024-03-29 09:35:00+00:00,0.6997,0.7025,0.7011,0.7001,20007.85,0.70085,14022.5016725,20007.85,14022.5016725,
2024-03-29 09:40:00+00:00,0.6974,0.7001,0.7001,0.6976,36450.92,0.6988,25471.902896,36450.92,25471.902896,
2024-03-29 09:45:00+00:00,0.6969,0.7004,0.6969,0.7001,2096.15,0.698575,1464.31798625,2096.15,1464.31798625,
2024-03-29 09:50:00+00:00,0.6976,0.6997,0.6997,0.6976,1433.05,0.69865,1001.2003825,1433.05,1001.2003825,
2024-03-29 09:55:00+00:00,0.6981,0.7003,0.6983,0.6986,1947.38,0.698825,1360.8778285,1947.38,1360.8778285,
2024-03-29 10:00:00+00:00,0.695,0.6989,0.6979,0.695,13927.18,0.6967,9703.066306,13927.18,9703.066306,
2024-03-29 10:05:00+00:00,0.6932,0.6962,0.6948,0.6955,5592.39,0.694925,3886.29162075,5592.39,3886.29162075,
2024-03-29 10:10:00+00:00,0.6962,0.6998,0.6962,0.6998,1937.93,0.698,1352.67514,1937.93,1352.67514,
2024-03-29 10:15:00+00:00,0.7004,0.7024,0.7004,0.7009,26251.39,0.701025,18402.88067475,26251.39,18402.88067475,
2024-03-29 10:20:00+00:00,0.7005,0.7025,0.7005,0.7025,9415.12,0.7015,6604.70668,9415.12,6604.70668,
2024-03-29 10:25:00+00:00,0.7025,0.7067,0.7025,0.7037,6323.54,0.70385,4450.823629,6323.54,4450.823629,
2024-03-29 10:30:00+00:00,0.7024,0.704,0.7034,0.7025,8329.62,0.703075,5856.3475815,8329.62,5856.3475815,
2024-03-29 10:35:00+00:00,0.7018,0.7037,0.7018,0.7037,2341.3,0.70275,1645.348575,2341.3,1645.348575,
2024-03-29 10:40:00+00:00,0.7017,0.7034,0.7031,0.7017,4786.72,0.702475,3362.551132,4786.72,3362.551132,
2024-03-29 10:45:00+00:00,0.7002,0.7022,0.7011,0.7014,3055.62,0.701225,2142.6771345,3055.62,2142.6771345,
2024-03-29 10:50:00+00:00,0.7011,0.7037,0.7018,0.7035,2399.58,0.702525,1685.7649395,2399.58,1685.7649395,
2024-03-29 10:55:00+00:00,0.7033,0.7044,0.7033,0.7044,1882.8,0.70385,1325.20878,1882.8,1325.20878,
2024-03-29 11:00:00+00:00,0.7044,0.7061,0.7051,0.7044,4790.51,0.705,3377.30955,4790.51,3377.30955,
2024-03-29 11:05:00+00:00,0.7044,0.7067,0.7046,0.7066,770.3,0.705575,543.5044225,770.3,543.5044225,
2024-03-29 11:10:00+00:00,0.7055,0.7074,0.7072,0.7055,19494.81,0.7064,13771.133784,19494.81,13771.133784,
2024-03-29 11:15:00+00:00,0.7051,0.7064,0.7055,0.706,1403.79,0.70575,990.7247925,1403.79,990.7247925,
2024-03-29 11:20:00+00:00,0.7063,0.7079,0.7063,0.7072,239.58,0.706925,169.3650915,239.58,169.3650915,
2024-03-29 11:25:00+00:00,0.7072,0.7086,0.7074,0.7074,4594.96,0.70765,3251.623444,4594.96,3251.623444,
2024-03-29 11:30:00+00:00,0.7058,0.7081,0.7072,0.7079,2596.18,0.70725,1836.148305,2596.18,1836.148305,
2024-03-29 11:35:00+00:00,0.7059,0.7081,0.7079,0.7072,579.29,0.707275,409.71733475,579.29,409.71733475,
2024-03-29 11:40:00+00:00,0.7065,0.7075,0.7072,0.7065,572.92,0.706925,405.011471,572.92,405.011471,
2024-03-29 11:45:00+00:00,0.7044,0.7065,0.7058,0.7064,369.57,0.705775,260.83326675,369.57,260.83326675,
2024-03-29 11:50:00+00:00,0.7069,0.7093,0.7072,0.7078,1480.99,0.7078,1048.244722,1480.99,1048.244722,
2024-03-29 11:55:00+00:00,0.708,0.7093,0.708,0.7086,139.77,0.708475,99.02355075,139.77,99.02355075,
2024-03-29 12:00:00+00:00,0.7093,0.7102,0.7093,0.71,1974.86,0.7097,1401.558142,1974.86,1401.558142,
2024-03-29 12:05:00+00:00,0.7065,0.711,0.7101,0.7072,12236.29,0.7087,8671.858723,12236.29,8671.858723,
2024-03-29 12:10:00+00:00,0.705,0.7065,0.7059,0.7059,6053.04,0.705825,4272.386958,6053.04,4272.386958,
2024-03-29 12:15:00+00:00,0.704,0.7093,0.7051,0.7086,3907.09,0.70675,2761.3358575,3907.09,2761.3358575,
2024-03-29 12:20:00+00:00,0.7086,0.7104,0.7093,0.7104,2910.7,0.709675,2065.6510225,2910.7,2065.6510225,
2024-03-29 12:25:00+00:00,0.7093,0.7114,0.7104,0.7109,2119.79,0.7105,1506.110795,2119.79,1506.110795,
2024-03-29 12:30:00+00:00,0.71,0.7149,0.7108,0.7141,23882.35,0.71245,17014.9802575,23882.35,17014.9802575,
2024-03-29 12:35:00+00:00,0.7125,0.7181,0.714,0.7162,32748.34,0.7152,23421.612768,32748.34,23421.612768,
2024-03-29 12:40:00+00:00,0.7118,0.7164,0.7164,0.7128,3174.57,0.71435,2267.7540795,3174.57,2267.7540795,
2024-03-29 12:45:00+00:00,0.7126,0.7149,0.713,0.7146,17809.45,0.713775,12711.94017375,17809.45,12711.94017375,
2024-03-29 12:50:00+00:00,0.7145,0.7163,0.7149,0.716,6760.61,0.715425,4836.70940925,6760.61,4836.70940925,
2024-03-29 12:55:00+00:00,0.7121,0.7149,0.7149,0.7121,13146.13,0.7135,9379.763755,13146.13,9379.763755,
2024-03-29 13:00:00+00:00,0.7114,0.7144,0.7132,0.7114,7912.73,0.7126,5638.611398,7912.73,5638.611398,
2024-03-29 13:05:00+00:00,0.7079,0.711,0.711,0.71,5738.89,0.709975,4074.46842775,5738.89,4074.46842775,
2024-03-29 13:10:00+00:00,0.7065,0.7086,0.7086,0.7065,1283.59,0.70755,908.2041045,1283.59,908.2041045,
2024-03-29 13:15:00+00:00,0.7071,0.7101,0.7072,0.7088,2604.1,0.7083,1844.48403,2604.1,1844.48403,
2024-03-29 13:20:00+00:00,0.7087,0.7121,0.7087,0.7112,2854.78,0.710175,2027.3933865,2854.78,2027.3933865,
2024-03-29 13:25:00+00:00,0.706,0.7108,0.7108,0.7074,40646.28,0.70875,28808.05095,40646.28,28808.05095,
2024-03-29 13:30:00+00:00,0.7061,0.7093,0.7069,0.7093,9787.87,0.7079,6928.833173,9787.87,6928.833173,
2024-03-29 13:35:00+00:00,0.7093,0.7121,0.71,0.7115,760.02,0.710725,540.1652145,760.02,540.1652145,
2024-03-29 13:40:00+00:00,0.7107,0.7129,0.7121,0.711,948.06,0.711675,674.7106005,948.06,674.7106005,
2024-03-29 13:45:00+00:00,0.7107,0.7126,0.7107,0.7114,1054.88,0.71135,750.388888,1054.88,750.388888,
2024-03-29 13:50:00+00:00,0.7087,0.7107,0.7107,0.7089,2913.69,0.70975,2067.9914775,2913.69,2067.9914775,
2024-03-29 13:55:00+00:00,0.71,0.7108,0.71,0.7107,477.53,0.710375,339.22537375,477.53,339.22537375,
2024-03-29 14:00:00+00:00,0.7102,0.7113,0.7113,0.7109,5590.15,0.710925,3974.17738875,5590.15,3974.17738875,
2024-03-29 14:05:00+00:00,0.7105,0.7122,0.7107,0.7111,4471.96,0.711125,3180.122555,4471.96,3180.122555,
2024-03-29 14:10:00+00:00,0.7101,0.7142,0.711,0.7142,2931.86,0.712375,2088.5837675,2931.86,2088.5837675,
2024-03-29 14:15:00+00:00,0.7149,0.7163,0.7149,0.7156,2752.8,0.715425,1969.42194,2752.8,1969.42194,
2024-03-29 14:20:00+00:00,0.7126,0.7151,0.7149,0.7126,4346.0,0.7138,3102.1748,4346.0,3102.1748,
2024-03-29 14:25:00+00:00,0.7104,0.7121,0.7121,0.7115,2108.27,0.711525,1500.08681175,2108.27,1500.08681175,
2024-03-29 14:30:00+00:00,0.7113,0.713,0.7118,0.7125,8656.99,0.71215,6165.0754285,8656.99,6165.0754285,
2024-03-29 14:35:00+00:00,0.7116,0.7135,0.7126,0.7135,2895.98,0.7128,2064.254544,2895.98,2064.254544,
2024-03-29 14:40:00+00:00,0.7129,0.7156,0.7138,0.7156,5726.25,0.714475,4091.26246875,5726.25,4091.26246875,
2024-03-29 14:45:00+00:00,0.7149,0.7171,0.7161,0.716,15886.08,0.716025,11374.830432,15886.08,11374.830432,
2024-03-29 14:50:00+00:00,0.7121,0.7162,0.7158,0.713,7655.06,0.714275,5467.8179815,7655.06,5467.8179815,
2024-03-29 14:55:00+00:00,0.71,0.7121,0.7121,0.71,2979.94,0.71105,2118.886337,2979.94,2118.886337,
2024-03-29 15:00:00+00:00,0.7074,0.7115,0.7099,0.71,5882.75,0.7097,4174.987675,5882.75,4174.987675,
2024-03-29 15:05:00+00:00,0.7107,0.7142,0.7121,0.711,5451.75,0.712,3881.646,5451.75,3881.646,
2024-03-29 15:10:00+00:00,0.7086,0.7125,0.7121,0.7086,3948.38,0.71045,2805.126571,3948.38,2805.126571,
2024-03-29 15:15:00+00:00,0.7055,0.7089,0.7089,0.7062,5570.39,0.707375,3940.35462625,5570.39,3940.35462625,
2024-03-29 15:20:00+00:00,0.705,0.7076,0.7063,0.705,2244.8,0.705975,1584.77268,2244.8,1584.77268,
2024-03-29 15:25:00+00:00,0.7004,0.7044,0.7044,0.7037,11873.57,0.703225,8349.79126325,11873.57,8349.79126325,
2024-03-29 15:30:00+00:00,0.6997,0.7044,0.7037,0.7014,8032.79,0.7023,5641.428417,8032.79,5641.428417,
2024-03-29 15:35:00+00:00,0.6939,0.7018,0.7018,0.6969,21873.26,0.6986,15280.659436,21873.26,15280.659436,
2024-03-29 15:40:00+00:00,0.6927,0.6994,0.6962,0.6994,5287.51,0.696925,3684.99790675,5287.51,3684.99790675,
2024-03-29 15:45:00+00:00,0.6976,0.7031,0.6992,0.7026,4938.92,0.700625,3460.330825,4938.92,3460.330825,
2024-03-29 15:50:00+00:00,0.7004,0.7036,0.7025,0.7015,5059.17,0.702,3551.53734,5059.17,3551.53734,
2024-03-29 15:55:00+00:00,0.6997,0.7034,0.7025,0.6997,7922.85,0.701325,5556.49277625,7922.85,5556.49277625,
2024-03-29 16:00:00+00:00,0.7002,0.704,0.7003,0.7025,5739.38,0.70175,4027.609915,5739.38,4027.609915,
2024-03-29 16:05:00+00:00,0.7026,0.7044,0.7031,0.7037,6951.62,0.70345,4890.117089,6951.62,4890.117089,
2024-03-29 16:10:00+00:00,0.7031,0.7058,0.7038,0.7058,5465.08,0.704625,3850.831995,5465.08,3850.831995,
2024-03-29 16:15:00+00:00,0.7061,0.7114,0.7061,0.7114,4906.71,0.70875,3477.6307125,4906.71,3477.6307125,
2024-03-29 16:20:00+00:00,0.7081,0.7128,0.7108,0.7099,11094.36,0.7104,7881.433344,11094.36,7881.433344,
2024-03-29 16:25:00+00:00,0.7058,0.7094,0.7094,0.7079,4810.69,0.708125,3406.56985625,4810.69,3406.56985625,
2024-03-29 16:30:00+00:00,0.7079,0.7117,0.7086,0.7079,4183.39,0.709025,2966.12809475,4183.39,2966.12809475,
2024-03-29 16:35:00+00:00,0.7072,0.7107,0.7082,0.7086,11362.27,0.708675,8052.15669225,11362.27,8052.15669225,
2024-03-29 16:40:00+00:00,0.7066,0.7096,0.709,0.7096,16660.39,0.7087,11807.218393,16660.39,11807.218393,
2024-03-29 16:45:00+00:00,0.7093,0.7119,0.71,0.7113,6052.92,0.710625,4301.356275,6052.92,4301.356275,
2024-03-29 16:50:00+00:00,0.7064,0.7111,0.7111,0.7072,7677.14,0.70895,5442.708403,7677.14,5442.708403,
2024-03-29 16:55:00+00:00,0.7037,0.7068,0.7068,0.7052,12231.77,0.705625,8631.04270625,12231.77,8631.04270625,
2024-03-29 17:00:00+00:00,0.7044,0.7072,0.7044,0.7068,4335.28,0.7057,3059.407096,4335.28,3059.407096,
2024-03-29 17:05:00+00:00,0.7079,0.7116,0.7079,0.7112,4013.15,0.70965,2847.9318975,4013.15,2847.9318975,
2024-03-29 17:10:00+00:00,0.71,0.7114,0.7113,0.7109,1872.98,0.7109,1331.501482,1872.98,1331.501482,
2024-03-29 17:15:00+00:00,0.7108,0.7121,0.7114,0.711,3913.9,0.711325,2784.0549175,3913.9,2784.0549175,
2024-03-29 17:20:00+00:00,0.7086,0.711,0.711,0.7086,3723.06,0.7098,2642.627988,3723.06,2642.627988,
2024-03-29 17:25:00+00:00,0.7058,0.7086,0.7086,0.7063,2479.57,0.707325,1753.86185025,2479.57,1753.86185025,
2024-03-29 17:30:00+00:00,0.7031,0.7059,0.7056,0.7036,6227.14,0.70455,4387.331487,6227.14,4387.331487,
2024-03-29 17:35:00+00:00,0.7021,0.7051,0.7029,0.7051,654.89,0.7038,460.911582,654.89,460.911582,
2024-03-29 17:40:00+00:00,0.7052,0.7088,0.7052,0.7065,17559.75,0.706425,12404.64639375,17559.75,12404.64639375,
2024-03-29 17:45:00+00:00,0.7051,0.7071,0.7058,0.7058,6441.09,0.70595,4547.0874855,6441.09,4547.0874855,
2024-03-29 17:50:00+00:00,0.7011,0.7058,0.7053,0.7034,33150.69,0.7039,23334.770691,33150.69,23334.770691,
2024-03-29 17:55:00+00:00,0.7025,0.706,0.7027,0.7053,6311.13,0.704125,4443.82441125,6311.13,4443.82441125,
2024-03-29 18:00:00+00:00,0.7049,0.7072,0.7058,0.7051,6824.42,0.70575,4816.334415,6824.42,4816.334415,
2024-03-29 18:05:00+00:00,0.7029,0.7062,0.7044,0.7054,1534.52,0.704725,1081.414607,1534.52,1081.414607,
2024-03-29 18:10:00+00:00,0.7051,0.7072,0.7052,0.707,19195.72,0.706125,13554.577785,19195.72,13554.577785,
2024-03-29 18:15:00+00:00,0.7062,0.7081,0.7079,0.7072,719.54,0.70735,508.966619,719.54,508.966619,
2024-03-29 18:20:00+00:00,0.7051,0.7077,0.7077,0.7058,3265.63,0.706575,2307.41251725,3265.63,2307.41251725,
2024-03-29 18:25:00+00:00,0.7048,0.7079,0.7051,0.7073,1374.68,0.706275,970.902117,1374.68,970.902117,
2024-03-29 18:30:00+00:00,0.7065,0.7079,0.7067,0.707,822.24,0.707025,581.344236,822.24,581.344236,
2024-03-29 18:35:00+00:00,0.7061,0.7071,0.7071,0.7063,503.55,0.70665,355.8336075,503.55,355.8336075,
2024-03-29 18:40:00+00:00,0.7065,0.7075,0.7072,0.7065,683.17,0.706925,482.94995225,683.17,482.94995225,
2024-03-29 18:45:00+00:00,0.7035,0.7064,0.7064,0.7038,3226.27,0.705025,2274.60100675,3226.27,2274.60100675,
2024-03-29 18:50:00+00:00,0.7036,0.7052,0.7036,0.7044,3348.85,0.7042,2358.26017,3348.85,2358.26017,
2024-03-29 18:55:00+00:00,0.7038,0.7059,0.7051,0.7059,2183.02,0.705175,1539.4111285,2183.02,1539.4111285,
2024-03-29 19:00:00+00:00,0.7046,0.7072,0.7062,0.7069,4952.75,0.706225,3497.75586875,4952.75,3497.75586875,
2024-03-29 19:05:00+00:00,0.7058,0.708,0.7079,0.7061,4525.68,0.70695,3199.429476,4525.68,3199.429476,
2024-03-29 19:10:00+00:00,0.7051,0.7072,0.7061,0.7051,1615.31,0.705875,1140.20694625,1615.31,1140.20694625,
2024-03-29 19:15:00+00:00,0.7039,0.7067,0.7058,0.7058,2439.59,0.70555,1721.2527245,2439.59,1721.2527245,
2024-03-29 19:20:00+00:00,0.7058,0.7072,0.7065,0.7068,678.2,0.706575,479.199165,678.2,479.199165,
2024-03-29 19:25:00+00:00,0.7058,0.7072,0.7066,0.7067,738.54,0.706575,521.8339005,738.54,521.8339005,
2024-03-29 19:30:00+00:00,0.7045,0.7059,0.7058,0.705,1393.79,0.7053,983.040087,1393.79,983.040087,
2024-03-29 19:35:00+00:00,0.7029,0.7044,0.7044,0.7044,1243.9,0.704025,875.7366975,1243.9,875.7366975,
2024-03-29 19:40:00+00:00,0.7031,0.7047,0.7047,0.7044,1329.55,0.704225,936.30234875,1329.55,936.30234875,
2024-03-29 19:45:00+00:00,0.7042,0.7055,0.7051,0.7042,3004.24,0.70475,2117.23814,3004.24,2117.23814,
2024-03-29 19:50:00+00:00,0.7037,0.706,0.7037,0.706,1429.9,0.70485,1007.865015,1429.9,1007.865015,
2024-03-29 19:55:00+00:00,0.7056,0.7065,0.7065,0.7065,2942.46,0.706275,2078.1859365,2942.46,2078.1859365,
2024-03-29 20:00:00+00:00,0.7048,0.7065,0.7063,0.7058,1239.17,0.70585,874.6681445,1239.17,874.6681445,
2024-03-29 20:05:00+00:00,0.7042,0.7052,0.7051,0.7051,4762.39,0.7049,3357.008711,4762.39,3357.008711,
2024-03-29 20:10:00+00:00,0.7047,0.7058,0.7047,0.7051,3971.22,0.705075,2800.0079415,3971.22,2800.0079415,
2024-03-29 20:15:00+00:00,0.7042,0.7058,0.705,0.7042,927.89,0.7048,653.976872,927.89,653.976872,
2024-03-29 20:20:00+00:00,0.7037,0.7045,0.7041,0.7044,76083.18,0.704175,53575.8732765,76083.18,53575.8732765,
2024-03-29 20:25:00+00:00,0.7031,0.7042,0.7037,0.7031,533.45,0.703525,375.29541125,533.45,375.29541125,
2024-03-29 20:30:00+00:00,0.7019,0.7042,0.7038,0.7025,2851.96,0.7031,2005.213076,2851.96,2005.213076,
2024-03-29 20:35:00+00:00,0.7009,0.7026,0.7026,0.7019,5212.25,0.702,3658.9995,5212.25,3658.9995,
2024-03-29 20:40:00+00:00,0.7011,0.7025,0.702,0.7016,103402.07,0.7018,72567.572726,103402.07,72567.572726,
2024-03-29 20:45:00+00:00,0.6998,0.7015,0.7015,0.7008,131080.07,0.7009,91874.021063,131080.07,91874.021063,
2024-03-29 20:50:00+00:00,0.7002,0.702,0.7004,0.702,7543.06,0.70115,5288.816519,7543.06,5288.816519,
2024-03-29 20:55:00+00:00,0.7018,0.7026,0.7025,0.7025,2131.32,0.70235,1496.932602,2131.32,1496.932602,
2024-03-29 21:00:00+00:00,0.7011,0.7037,0.7031,0.7016,3728.86,0.702375,2619.0580425,3728.86,2619.0580425,
2024-03-29 21:05:00+00:00,0.6997,0.7008,0.7008,0.6997,15747.19,0.70025,11026.9697975,15747.19,11026.9697975,
2024-03-29 21:10:00+00:00,0.6993,0.7005,0.7004,0.7001,393.77,0.700075,275.66853275,393.77,275.66853275,
2024-03-29 21:15:00+00:00,0.697,0.6997,0.6997,0.697,1680.54,0.69835,1173.605109,1680.54,1173.605109,
2024-03-29 21:20:00+00:00,0.696,0.6976,0.6969,0.6976,2214.61,0.697025,1543.63853525,2214.61,1543.63853525,
2024-03-29 21:25:00+00:00,0.6977,0.7,0.6983,0.7,28903.72,0.699,20203.70028,28903.72,20203.70028,
2024-03-29 21:30:00+00:00,0.6969,0.6995,0.6995,0.6976,7089.33,0.698375,4951.01083875,7089.33,4951.01083875,
2024-03-29 21:35:00+00:00,0.6976,0.6997,0.6983,0.6997,5963.41,0.698825,4167.37999325,5963.41,4167.37999325,
2024-03-29 21:40:00+00:00,0.7004,0.7023,0.7004,0.701,2003.07,0.701025,1404.20214675,2003.07,1404.20214675,
2024-03-29 21:45:00+00:00,0.7014,0.7027,0.7015,0.7027,2083.13,0.702075,1462.51349475,2083.13,1462.51349475,
2024-03-29 21:50:00+00:00,0.7011,0.7022,0.7022,0.7018,750.02,0.701825,526.3827865,750.02,526.3827865,
2024-03-29 21:55:00+00:00,0.7006,0.7026,0.7023,0.7006,1130.39,0.701525,792.99684475,1130.39,792.99684475,
2024-03-29 22:00:00+00:00,0.7007,0.703,0.7007,0.7027,4158.69,0.701775,2918.46467475,4158.69,2918.46467475,
2024-03-29 22:05:00+00:00,0.7029,0.7034,0.7029,0.7034,1132.88,0.70315,796.584572,1132.88,796.584572,
2024-03-29 22:10:00+00:00,0.7032,0.7036,0.7033,0.7035,3609.55,0.7034,2538.95747,3609.55,2538.95747,
2024-03-29 22:15:00+00:00,0.7037,0.7062,0.7037,0.7062,402.28,0.70495,283.587286,402.28,283.587286,
2024-03-29 22:20:00+00:00,0.7055,0.7095,0.7059,0.7093,6202.32,0.70755,4388.451516,6202.32,4388.451516,
2024-03-29 22:25:00+00:00,0.7095,0.7107,0.7099,0.7103,821.54,0.7101,583.375554,821.54,583.375554,
2024-03-29 22:30:00+00:00,0.71,0.7116,0.7104,0.7116,3322.88,0.7109,2362.235392,3322.88,2362.235392,
2024-03-29 22:35:00+00:00,0.7107,0.7135,0.711,0.7135,7743.39,0.712175,5514.64877325,7743.39,5514.64877325,
2024-03-29 22:40:00+00:00,0.7122,0.7144,0.7136,0.7135,1627.26,0.713425,1160.9279655,1627.26,1160.9279655,
2024-03-29 22:45:00+00:00,0.7121,0.7135,0.7131,0.7121,2958.5,0.7127,2108.52295,2958.5,2108.52295,
2024-03-29 22:50:00+00:00,0.7113,0.7135,0.7114,0.7133,1092.49,0.712375,778.26256375,1092.49,778.26256375,
2024-03-29 22:55:00+00:00,0.7114,0.7128,0.7128,0.7121,1247.35,0.712275,888.45622125,1247.35,888.45622125,
2024-03-29 23:00:00+00:00,0.7114,0.7135,0.7116,0.7135,48790.68,0.7125,34763.3595,48790.68,34763.3595,
2024-03-29 23:05:00+00:00,0.7129,0.7156,0.7129,0.7148,3872.6,0.71405,2765.23003,3872.6,2765.23003,
2024-03-29 23:10:00+00:00,0.7128,0.7149,0.7149,0.7137,3837.63,0.714075,2740.35564225,3837.63,2740.35564225,
2024-03-29 23:15:00+00:00,0.7129,0.7142,0.7142,0.7131,828.75,0.7136,591.396,828.75,591.396,
2024-03-29 23:20:00+00:00,0.7132,0.7158,0.7137,0.7158,10825.29,0.714625,7736.02286625,10825.29,7736.02286625,
2024-03-29 23:25:00+00:00,0.7142,0.7162,0.7149,0.7158,55384.0,0.715275,39614.7906,55384.0,39614.7906,
2024-03-29 23:30:00+00:00,0.7135,0.7157,0.7151,0.7146,3228.47,0.714725,2307.46822075,3228.47,2307.46822075,
2024-03-29 23:35:00+00:00,0.7133,0.7148,0.7146,0.714,674.67,0.714175,481.83244725,674.67,481.83244725,
2024-03-29 23:40:00+00:00,0.7114,0.7133,0.7133,0.7114,2182.79,0.71235,1554.9104565,2182.79,1554.9104565,
2024-03-29 23:45:00+00:00,0.7116,0.7133,0.7121,0.7133,19924.05,0.712575,14197.37992875,19924.05,14197.37992875,
2024-03-29 23:50:00+00:00,0.7133,0.7148,0.7135,0.7148,15933.99,0.7141,11378.462259,15933.99,11378.462259,
2024-03-29 23:55:00+00:00,0.7135,0.7156,0.7135,0.7152,7473.93,0.71445,5339.7492885,7473.93,5339.7492885,
2024-03-30 00:00:00+00:00,0.7107,0.7172,0.7145,0.7109,13507.52,0.713325,9635.251704,13507.52,9635.251704,
2024-03-30 00:05:00+00:00,0.71,0.7137,0.7103,0.712,7961.9,0.7115,5664.89185,7961.9,5664.89185,
2024-03-30 00:10:00+00:00,0.7109,0.7118,0.7113,0.7109,6736.44,0.711225,4791.124539,6736.44,4791.124539,
2024-03-30 00:15:00+00:00,0.708,0.7107,0.7107,0.7104,10792.75,0.70995,7662.3128625,10792.75,7662.3128625,
2024-03-30 00:20:00+00:00,0.7077,0.7105,0.7099,0.7077,526.89,0.70895,373.5386655,526.89,373.5386655,
2024-03-30 00:25:00+00:00,0.7064,0.7086,0.7067,0.7081,1842.6,0.70745,1303.54737,1842.6,1303.54737,
2024-03-30 00:30:00+00:00,0.7083,0.7112,0.7093,0.7099,11530.8,0.709675,8183.12049,11530.8,8183.12049,
2024-03-30 00:35:00+00:00,0.7097,0.7133,0.7097,0.7132,5645.58,0.711475,4016.6890305,5645.58,4016.6890305,
2024-03-30 00:40:00+00:00,0.7127,0.7138,0.7127,0.7132,4504.32,0.7131,3212.030592,4504.32,3212.030592,
2024-03-30 00:45:00+00:00,0.7123,0.7133,0.7129,0.7123,2564.15,0.7127,1827.469705,2564.15,1827.469705,
2024-03-30 00:50:00+00:00,0.7134,0.7146,0.7135,0.7146,1062.49,0.714025,758.64442225,1062.49,758.64442225,
2024-03-30 00:55:00+00:00,0.7152,0.7169,0.7152,0.716,3542.79,0.715825,2536.01765175,3542.79,2536.01765175,
2024-03-30 01:00:00+00:00,0.7144,0.7163,0.7158,0.7144,2555.93,0.715225,1828.06503425,2555.93,1828.06503425,
2024-03-30 01:05:00+00:00,0.7128,0.7142,0.7142,0.7142,3253.06,0.71385,2322.196881,3253.06,2322.196881,
2024-03-30 01:10:00+00:00,0.7133,0.7149,0.7133,0.7149,220.77,0.7141,157.651857,220.77,157.651857,
2024-03-30 01:15:00+00:00,0.7156,0.7172,0.7156,0.7169,6039.2,0.716325,4326.02994,6039.2,4326.02994,
2024-03-30 01:20:00+00:00,0.7172,0.7184,0.7177,0.718,11606.66,0.717825,8331.5507145,11606.66,8331.5507145,
2024-03-30 01:25:00+00:00,0.7179,0.7202,0.7179,0.7201,14655.65,0.719025,10537.77874125,14655.65,10537.77874125,
2024-03-30 01:30:00+00:00,0.7196,0.7226,0.7197,0.7222,8456.15,0.721025,6097.09555375,8456.15,6097.09555375,
2024-03-30 01:35:00+00:00,0.7203,0.7233,0.7228,0.7203,8724.73,0.721675,6296.41952275,8724.73,6296.41952275,
2024-03-30 01:40:00+00:00,0.717,0.7198,0.7198,0.7184,9616.31,0.71875,6911.7228125,9616.31,6911.7228125,
2024-03-30 01:45:00+00:00,0.717,0.7198,0.7183,0.7198,2632.56,0.718725,1892.086686,2632.56,1892.086686,
2024-03-30 01:50:00+00:00,0.7184,0.7205,0.7205,0.7198,3213.1,0.7198,2312.78938,3213.1,2312.78938,
2024-03-30 01:55:00+00:00,0.7176,0.7187,0.7187,0.7176,3022.9,0.71815,2170.895635,3022.9,2170.895635,
2024-03-30 02:00:00+00:00,0.716,0.717,0.717,0.716,594.4,0.7165,425.8876,594.4,425.8876,
2024-03-30 02:05:00+00:00,0.715,0.7163,0.7162,0.716,1583.95,0.715875,1133.91020625,1583.95,1133.91020625,
2024-03-30 02:10:00+00:00,0.7147,0.717,0.7164,0.7147,12676.08,0.7157,9072.270456,12676.08,9072.270456,
2024-03-30 02:15:00+00:00,0.7126,0.7157,0.7155,0.7132,50343.75,0.71425,35958.0234375,50343.75,35958.0234375,
2024-03-30 02:20:00+00:00,0.7128,0.7137,0.7135,0.7133,1363.3,0.713325,972.4759725,1363.3,972.4759725,
2024-03-30 02:25:00+00:00,0.7128,0.714,0.7135,0.7128,11263.02,0.713275,8033.6305905,11263.02,8033.6305905,
2024-03-30 02:30:00+00:00,0.7122,0.7145,0.7135,0.7135,216.44,0.713425,154.413707,216.44,154.413707,
2024-03-30 02:35:00+00:00,0.7133,0.7145,0.7133,0.7134,3886.07,0.713625,2773.19670375,3886.07,2773.19670375,
2024-03-30 02:40:00+00:00,0.7123,0.7135,0.713,0.7123,4815.02,0.712775,3432.0258805,4815.02,3432.0258805,
2024-03-30 02:45:00+00:00,0.7121,0.7135,0.7121,0.7128,3424.96,0.712625,2440.71212,3424.96,2440.71212,
2024-03-30 02:50:00+00:00,0.7118,0.7128,0.7125,0.7128,4508.2,0.712475,3211.979795,4508.2,3211.979795,
2024-03-30 02:55:00+00:00,0.7123,0.7135,0.7135,0.7123,3001.78,0.7129,2139.968962,3001.78,2139.968962,
2024-03-30 03:00:00+00:00,0.7101,0.7125,0.7125,0.7107,8616.99,0.71145,6130.5575355,8616.99,6130.5575355,
2024-03-30 03:05:00+00:00,0.711,0.7128,0.711,0.712,5911.39,0.7117,4207.136263,5911.39,4207.136263,
2024-03-30 03:10:00+00:00,0.7113,0.7121,0.7121,0.712,1001.37,0.711875,712.85026875,1001.37,712.85026875,
2024-03-30 03:15:00+00:00,0.7076,0.7113,0.7113,0.7076,1013.76,0.70945,719.212032,1013.76,719.212032,
2024-03-30 03:20:00+00:00,0.7064,0.7073,0.7072,0.7064,924.44,0.706825,653.417303,924.44,653.417303,
2024-03-30 03:25:00+00:00,0.706,0.7068,0.7067,0.7068,3879.69,0.706575,2741.29196175,3879.69,2741.29196175,
2024-03-30 03:30:00+00:00,0.7067,0.7085,0.7067,0.7085,3183.94,0.7076,2252.955944,3183.94,2252.955944,
2024-03-30 03:35:00+00:00,0.7065,0.7081,0.7078,0.7065,2349.89,0.707225,1661.90095525,2349.89,1661.90095525,
2024-03-30 03:40:00+00:00,0.7058,0.7065,0.7058,0.7065,5649.63,0.70615,3989.4862245,5649.63,3989.4862245,
2024-03-30 03:45:00+00:00,0.705,0.7067,0.7067,0.705,677.01,0.70585,477.8675085,677.01,477.8675085,
2024-03-30 03:50:00+00:00,0.7037,0.7058,0.7058,0.7037,2808.8,0.70475,1979.5018,2808.8,1979.5018,
2024-03-30 03:55:00+00:00,0.7044,0.7067,0.7044,0.7067,238.4,0.70555,168.20312,238.4,168.20312,
2024-03-30 04:00:00+00:00,0.7056,0.706,0.7058,0.706,63.16,0.70585,44.581486,63.16,44.581486,
2024-03-30 04:05:00+00:00,0.705,0.7065,0.7058,0.7061,343.87,0.70585,242.7206395,343.87,242.7206395,
2024-03-30 04:10:00+00:00,0.705,0.7065,0.7058,0.7061,343.87,0.70585,242.7206395,343.87,242.7206395,
2024-03-30 04:15:00+00:00,0.7052,0.7079,0.7052,0.7077,2197.18,0.7065,1552.30767,2197.18,1552.30767,
2024-03-30 04:20:00+00:00,0.7074,0.7085,0.7085,0.7075,235.09,0.707975,166.43784275,235.09,166.43784275,
2024-03-30 04:25:00+00:00,0.7065,0.7079,0.7072,0.7065,1024.68,0.707025,724.474377,1024.68,724.474377,
2024-03-30 04:30:00+00:00,0.7069,0.7088,0.7069,0.7087,4689.16,0.707825,3319.104677,4689.16,3319.104677,
2024-03-30 04:35:00+00:00,0.7072,0.7089,0.7082,0.7072,383.03,0.707875,271.13736125,383.03,271.13736125,
2024-03-30 04:40:00+00:00,0.7074,0.7086,0.7074,0.7086,2083.09,0.708,1474.82772,2083.09,1474.82772,
2024-03-30 04:45:00+00:00,0.7085,0.71,0.7086,0.71,1829.86,0.709275,1297.8739515,1829.86,1297.8739515,
2024-03-30 04:50:00+00:00,0.7094,0.7103,0.7094,0.7103,324.69,0.70985,230.4811965,324.69,230.4811965,
2024-03-30 04:55:00+00:00,0.7107,0.712,0.7107,0.7109,1859.91,0.711075,1322.53550325,1859.91,1322.53550325,
2024-03-30 05:00:00+00:00,0.7118,0.7128,0.7121,0.7121,3192.46,0.7122,2273.670012,3192.46,2273.670012,
2024-03-30 05:05:00+00:00,0.7116,0.7128,0.7128,0.7116,7938.65,0.7122,5653.90653,7938.65,5653.90653,
2024-03-30 05:10:00+00:00,0.7086,0.7114,0.7114,0.7089,5923.27,0.710075,4205.96594525,5923.27,4205.96594525,
2024-03-30 05:15:00+00:00,0.7089,0.7119,0.7089,0.7114,2211.49,0.710275,1570.76605975,2211.49,1570.76605975,
2024-03-30 05:20:00+00:00,0.7103,0.7112,0.7111,0.7106,1716.06,0.7108,1219.775448,1716.06,1219.775448,
2024-03-30 05:25:00+00:00,0.7082,0.7105,0.7105,0.7082,352.54,0.70935,250.074249,352.54,250.074249,
2024-03-30 05:30:00+00:00,0.7065,0.7079,0.7079,0.7072,725.04,0.707375,512.87517,725.04,512.87517,
2024-03-30 05:35:00+00:00,0.7079,0.7097,0.7079,0.7091,4044.36,0.70865,2866.035714,4044.36,2866.035714,
2024-03-30 05:40:00+00:00,0.7086,0.7097,0.7086,0.7097,74.49,0.70915,52.8245835,74.49,52.8245835,
2024-03-30 05:45:00+00:00,0.7086,0.7093,0.7093,0.7086,56.7,0.70895,40.197465,56.7,40.197465,
2024-03-30 05:50:00+00:00,0.7072,0.7089,0.7089,0.7072,72.08,0.70805,51.036244,72.08,51.036244,
2024-03-30 05:55:00+00:00,0.7079,0.7086,0.7079,0.708,75.22,0.7081,53.263282,75.22,53.263282,
2024-03-30 06:00:00+00:00,0.7064,0.7079,0.7079,0.7064,123.77,0.70715,87.5239555,123.77,87.5239555,
2024-03-30 06:05:00+00:00,0.7037,0.7058,0.7058,0.7037,314.12,0.70475,221.37607,314.12,221.37607,
2024-03-30 06:10:00+00:00,0.7037,0.7051,0.7044,0.7051,183.32,0.704575,129.162689,183.32,129.162689,
2024-03-30 06:15:00+00:00,0.7058,0.707,0.7058,0.707,105.01,0.7064,74.179064,105.01,74.179064,
2024-03-30 06:20:00+00:00,0.7043,0.7067,0.7062,0.7043,115.27,0.705375,81.30857625,115.27,81.30857625,
2024-03-30 06:25:00+00:00,0.7051,0.7051,0.7051,0.7051,35.46,0.7051,25.002846,35.46,25.002846,
2024-03-30 06:30:00+00:00,0.7004,0.7044,0.7044,0.7004,510.97,0.7024,358.905328,510.97,358.905328,
2024-03-30 06:35:00+00:00,0.6997,0.7,0.7,0.7,469.61,0.699925,328.69177925,469.61,328.69177925,
2024-03-30 06:40:00+00:00,0.6999,0.7004,0.6999,0.7004,38.84,0.70015,27.193826,38.84,27.193826,
2024-03-30 06:45:00+00:00,0.7011,0.7023,0.7011,0.7021,3937.33,0.70165,2762.6275945,3937.33,2762.6275945,
2024-03-30 06:50:00+00:00,0.7019,0.7026,0.7019,0.7026,1859.98,0.70225,1306.170955,1859.98,1306.170955,
2024-03-30 06:55:00+00:00,0.7021,0.703,0.7022,0.7021,86.82,0.70235,60.978027,86.82,60.978027,
2024-03-30 07:00:00+00:00,0.7018,0.7025,0.7018,0.7025,2850.55,0.70215,2001.5136825,2850.55,2001.5136825,
2024-03-30 07:05:00+00:00,0.6995,0.7018,0.7018,0.6995,3867.66,0.70065,2709.875979,3867.66,2709.875979,
2024-03-30 07:10:00+00:00,0.7004,0.7025,0.7004,0.7025,356.12,0.70145,249.800374,356.12,249.800374,
2024-03-30 07:15:00+00:00,0.7011,0.7035,0.7031,0.7011,998.12,0.7022,700.879864,998.12,700.879864,
2024-03-30 07:20:00+00:00,0.699,0.7004,0.7004,0.699,357.67,0.6997,250.261699,357.67,250.261699,
2024-03-30 07:25:00+00:00,0.6978,0.6984,0.6984,0.6978,6040.79,0.6981,4217.075499,6040.79,4217.075499,
2024-03-30 07:30:00+00:00,0.6983,0.6997,0.699,0.6995,383.31,0.699125,267.98160375,383.31,267.98160375,
2024-03-30 07:35:00+00:00,0.6989,0.7004,0.7004,0.6989,102.06,0.69965,71.406279,102.06,71.406279,
2024-03-30 07:40:00+00:00,0.6989,0.7004,0.7004,0.6989,102.06,0.69965,71.406279,102.06,71.406279,
2024-03-30 07:45:00+00:00,0.6995,0.6995,0.6995,0.6995,2.9,0.6995,2.02855,2.9,2.02855,
2024-03-30 07:50:00+00:00,0.6983,0.6996,0.6996,0.6985,6639.78,0.699,4641.20622,6639.78,4641.20622,
2024-03-30 07:55:00+00:00,0.6969,0.6976,0.6976,0.6969,436.4,0.69725,304.2799,436.4,304.2799,
2024-03-30 08:00:00+00:00,0.6955,0.6976,0.6966,0.6971,3990.17,0.6967,2779.951439,3990.17,2779.951439,
2024-03-30 08:05:00+00:00,0.6965,0.6972,0.6972,0.6965,2267.51,0.69685,1580.1143435,2267.51,1580.1143435,
2024-03-30 08:10:00+00:00,0.6976,0.6997,0.6976,0.6997,2899.65,0.69865,2025.8404725,2899.65,2025.8404725,
2024-03-30 08:15:00+00:00,0.6983,0.6998,0.6997,0.6998,3651.52,0.6994,2553.873088,3651.52,2553.873088,
2024-03-30 08:20:00+00:00,0.7004,0.7028,0.7004,0.7006,5651.6,0.70105,3962.05418,5651.6,3962.05418,
2024-03-30 08:25:00+00:00,0.6999,0.7017,0.7004,0.7017,3983.54,0.700925,2792.1627745,3983.54,2792.1627745,
2024-03-30 08:30:00+00:00,0.6985,0.7005,0.7005,0.6994,359.91,0.699725,251.83802475,359.91,251.83802475,
2024-03-30 08:35:00+00:00,0.6969,0.699,0.699,0.6969,1073.38,0.69795,749.165571,1073.38,749.165571,
2024-03-30 08:40:00+00:00,0.6943,0.6962,0.6962,0.6953,7389.64,0.6955,5139.49462,7389.64,5139.49462,
2024-03-30 08:45:00+00:00,0.6939,0.6959,0.6955,0.6955,4438.0,0.6952,3085.2976,4438.0,3085.2976,
2024-03-30 08:50:00+00:00,0.6962,0.6976,0.6962,0.6976,1257.18,0.6969,876.128742,1257.18,876.128742,
2024-03-30 08:55:00+00:00,0.6969,0.6978,0.6975,0.6978,298.48,0.6975,208.1898,298.48,208.1898,
2024-03-30 09:00:00+00:00,0.6962,0.6969,0.6969,0.6969,107.67,0.696725,75.01638075,107.67,75.01638075,
2024-03-30 09:05:00+00:00,0.6956,0.6969,0.6962,0.6965,5850.36,0.6963,4073.605668,5850.36,4073.605668,
2024-03-30 09:10:00+00:00,0.6969,0.6976,0.697,0.6969,2071.72,0.6971,1444.196012,2071.72,1444.196012,
2024-03-30 09:15:00+00:00,0.6975,0.6997,0.6975,0.6997,2158.56,0.6986,1507.970016,2158.56,1507.970016,
2024-03-30 09:20:00+00:00,0.6975,0.6997,0.6975,0.6997,2158.56,0.6986,1507.970016,2158.56,1507.970016,
2024-03-30 09:25:00+00:00,0.699,0.6997,0.6994,0.6996,5192.01,0.699425,3631.42159425,5192.01,3631.42159425,
2024-03-30 09:30:00+00:00,0.6993,0.7001,0.6995,0.6995,730.49,0.6996,511.050804,730.49,511.050804,
2024-03-30 09:35:00+00:00,0.698,0.699,0.699,0.698,985.37,0.6985,688.280945,985.37,688.280945,
2024-03-30 09:40:00+00:00,0.6988,0.6997,0.699,0.6997,357.65,0.6993,250.104645,357.65,250.104645,
2024-03-30 09:45:00+00:00,0.699,0.6998,0.699,0.6994,495.77,0.6993,346.691961,495.77,346.691961,
2024-03-30 09:50:00+00:00,0.6996,0.7002,0.7001,0.6996,216.91,0.699875,151.80988625,216.91,151.80988625,
2024-03-30 09:55:00+00:00,0.6994,0.701,0.7004,0.701,12517.5,0.70045,8767.882875,12517.5,8767.882875,
2024-03-30 10:00:00+00:00,0.6997,0.7005,0.7004,0.6997,1702.09,0.700075,1191.59065675,1702.09,1191.59065675,
2024-03-30 10:05:00+00:00,0.699,0.7007,0.7001,0.699,109.38,0.6997,76.533186,109.38,76.533186,
2024-03-30 10:10:00+00:00,0.6986,0.6993,0.699,0.6993,697.65,0.69905,487.6922325,697.65,487.6922325,
2024-03-30 10:15:00+00:00,0.6976,0.6983,0.6983,0.6983,110.36,0.698125,77.045075,110.36,77.045075,
2024-03-30 10:20:00+00:00,0.6984,0.6991,0.699,0.6986,2262.98,0.698775,1581.3138495,2262.98,1581.3138495,
2024-03-30 10:25:00+00:00,0.6983,0.6993,0.6992,0.6983,933.19,0.698775,652.08984225,933.19,652.08984225,
2024-03-30 10:30:00+00:00,0.699,0.699,0.699,0.699,35.77,0.699,25.00323,35.77,25.00323,
2024-03-30 10:35:00+00:00,0.6977,0.6999,0.6983,0.6999,1421.81,0.69895,993.7740995,1421.81,993.7740995,
2024-03-30 10:40:00+00:00,0.6998,0.7002,0.7002,0.6999,368.72,0.700025,258.113218,368.72,258.113218,
2024-03-30 10:45:00+00:00,0.6983,0.6995,0.6995,0.6985,13838.56,0.69895,9672.461512,13838.56,9672.461512,
2024-03-30 10:50:00+00:00,0.699,0.6997,0.699,0.699,174.2,0.699175,121.796285,174.2,121.796285,
2024-03-30 10:55:00+00:00,0.699,0.6997,0.699,0.699,174.2,0.699175,121.796285,174.2,121.796285,
2024-03-30 11:00:00+00:00,0.6991,0.6997,0.6991,0.6997,218.55,0.6994,152.85387,218.55,152.85387,
2024-03-30 11:05:00+00:00,0.7002,0.7013,0.7004,0.7006,1904.66,0.700625,1334.4524125,1904.66,1334.4524125,
2024-03-30 11:10:00+00:00,0.7003,0.7011,0.7004,0.7003,413.19,0.700525,289.44992475,413.19,289.44992475,
2024-03-30 11:15:00+00:00,0.7004,0.7018,0.7011,0.701,2311.95,0.701075,1620.85034625,2311.95,1620.85034625,
2024-03-30 11:20:00+00:00,0.6997,0.7004,0.7004,0.6997,71.43,0.70005,50.0045715,71.43,50.0045715,
2024-03-30 11:25:00+00:00,0.6998,0.7012,0.6999,0.7001,9756.53,0.70025,6832.0101325,9756.53,6832.0101325,
2024-03-30 11:30:00+00:00,0.7003,0.7016,0.7003,0.7016,93.28,0.70095,65.384616,93.28,65.384616,
2024-03-30 11:35:00+00:00,0.7013,0.7018,0.7013,0.7016,374.17,0.7015,262.480255,374.17,262.480255,
2024-03-30 11:40:00+00:00,0.7015,0.7019,0.7015,0.7018,1581.42,0.701675,1109.6428785,1581.42,1109.6428785,
2024-03-30 11:45:00+00:00,0.7018,0.7034,0.702,0.7025,909.11,0.702425,638.58159175,909.11,638.58159175,
2024-03-30 11:50:00+00:00,0.7023,0.7031,0.7031,0.7031,1026.56,0.7029,721.569024,1026.56,721.569024,
2024-03-30 11:55:00+00:00,0.7032,0.704,0.7032,0.7036,2206.64,0.7035,1552.37124,2206.64,1552.37124,
2024-03-30 12:00:00+00:00,0.7042,0.7058,0.7042,0.7051,5006.11,0.704825,3528.43148075,5006.11,3528.43148075,
2024-03-30 12:05:00+00:00,0.7018,0.7044,0.7044,0.7018,216.37,0.7031,152.129747,216.37,152.129747,
2024-03-30 12:10:00+00:00,0.7013,0.7044,0.7013,0.7044,469.9,0.70285,330.269215,469.9,330.269215,
2024-03-30 12:15:00+00:00,0.7043,0.7054,0.7043,0.7044,2205.22,0.7046,1553.798012,2205.22,1553.798012,
2024-03-30 12:20:00+00:00,0.7027,0.7044,0.7044,0.703,3717.66,0.703625,2615.8385175,3717.66,2615.8385175,
2024-03-30 12:25:00+00:00,0.7025,0.7037,0.7036,0.7037,794.11,0.703375,558.55712125,794.11,558.55712125,
2024-03-30 12:30:00+00:00,0.7018,0.7038,0.7031,0.7018,263.53,0.702625,185.16276625,263.53,185.16276625,
2024-03-30 12:35:00+00:00,0.7013,0.7025,0.7022,0.7025,44.86,0.702125,31.4973275,44.86,31.4973275,
2024-03-30 12:40:00+00:00,0.7031,0.7039,0.7031,0.7033,2084.44,0.70335,1466.090874,2084.44,1466.090874,
2024-03-30 12:45:00+00:00,0.7041,0.7058,0.7043,0.7053,7464.13,0.704875,5261.27863375,7464.13,5261.27863375,
2024-03-30 12:50:00+00:00,0.7037,0.7056,0.7053,0.7037,350.15,0.704575,246.70693625,350.15,246.70693625,
2024-03-30 12:55:00+00:00,0.7035,0.7044,0.7036,0.7037,538.4,0.7038,378.92592,538.4,378.92592,
2024-03-30 13:00:00+00:00,0.7024,0.7031,0.7031,0.7024,854.27,0.70275,600.3382425,854.27,600.3382425,
2024-03-30 13:05:00+00:00,0.7023,0.7028,0.7026,0.7027,19203.87,0.7026,13492.639062,19203.87,13492.639062,
2024-03-30 13:10:00+00:00,0.7008,0.7025,0.7025,0.7008,227.76,0.70165,159.807804,227.76,159.807804,
2024-03-30 13:15:00+00:00,0.7018,0.7031,0.7018,0.7031,680.28,0.70245,477.862686,680.28,477.862686,
2024-03-30 13:20:00+00:00,0.7016,0.7029,0.7029,0.7016,317.63,0.70225,223.0556675,317.63,223.0556675,
2024-03-30 13:25:00+00:00,0.7004,0.7011,0.7011,0.7004,819.47,0.70075,574.2436025,819.47,574.2436025,
2024-03-30 13:30:00+00:00,0.698,0.7007,0.7007,0.698,6210.31,0.69935,4343.1802985,6210.31,4343.1802985,
2024-03-30 13:35:00+00:00,0.6983,0.7005,0.6984,0.6997,8085.78,0.699225,5653.7795205,8085.78,5653.7795205,
2024-03-30 13:40:00+00:00,0.6997,0.7004,0.7004,0.6997,4224.87,0.70005,2957.6202435,4224.87,2957.6202435,
2024-03-30 13:45:00+00:00,0.6983,0.6995,0.6995,0.6983,1017.68,0.6989,711.256552,1017.68,711.256552,
2024-03-30 13:50:00+00:00,0.6979,0.6992,0.6979,0.6984,583.65,0.69835,407.5919775,583.65,407.5919775,
2024-03-30 13:55:00+00:00,0.6982,0.6992,0.699,0.699,5341.84,0.69885,3733.144884,5341.84,3733.144884,
2024-03-30 14:00:00+00:00,0.6989,0.6997,0.6989,0.6996,1041.34,0.699275,728.1830285,1041.34,728.1830285,
2024-03-30 14:05:00+00:00,0.6983,0.7002,0.7,0.6983,4411.76,0.6992,3084.702592,4411.76,3084.702592,
2024-03-30 14:10:00+00:00,0.6979,0.6991,0.699,0.6991,228.66,0.698775,159.7818915,228.66,159.7818915,
2024-03-30 14:15:00+00:00,0.6989,0.7007,0.6989,0.7004,2147.54,0.699725,1502.6874265,2147.54,1502.6874265,
2024-03-30 14:20:00+00:00,0.7004,0.7011,0.7011,0.7011,109.92,0.700925,77.045676,109.92,77.045676,
2024-03-30 14:25:00+00:00,0.7004,0.7013,0.7013,0.7011,2263.04,0.701025,1586.447616,2263.04,1586.447616,
2024-03-30 14:30:00+00:00,0.7,0.7016,0.7016,0.7,348.54,0.7008,244.256832,348.54,244.256832,
2024-03-30 14:35:00+00:00,0.699,0.7017,0.7007,0.699,11970.54,0.7001,8380.575054,11970.54,8380.575054,
2024-03-30 14:40:00+00:00,0.6969,0.6983,0.6983,0.6976,167.26,0.697775,116.7098465,167.26,116.7098465,
2024-03-30 14:45:00+00:00,0.6969,0.699,0.6983,0.6969,1064.71,0.697775,742.92802025,1064.71,742.92802025,
2024-03-30 14:50:00+00:00,0.6965,0.699,0.697,0.699,2742.34,0.697875,1913.8105275,2742.34,1913.8105275,
2024-03-30 14:55:00+00:00,0.699,0.6999,0.6992,0.6999,3852.44,0.6995,2694.78178,3852.44,2694.78178,
2024-03-30 15:00:00+00:00,0.6983,0.6997,0.699,0.699,3271.18,0.699,2286.55482,3271.18,2286.55482,
2024-03-30 15:05:00+00:00,0.6983,0.7015,0.6983,0.7014,965.01,0.699875,675.38637375,965.01,675.38637375,
2024-03-30 15:10:00+00:00,0.7011,0.702,0.7018,0.7011,29.86,0.7015,20.94679,29.86,20.94679,
2024-03-30 15:15:00+00:00,0.7011,0.7018,0.7011,0.7018,2097.79,0.70145,1471.4947955,2097.79,1471.4947955,
2024-03-30 15:20:00+00:00,0.7017,0.7025,0.7017,0.7025,2624.49,0.7021,1842.654429,2624.49,1842.654429,
2024-03-30 15:25:00+00:00,0.7013,0.7034,0.7031,0.7013,2648.94,0.702275,1860.2843385,2648.94,1860.2843385,
2024-03-30 15:30:00+00:00,0.7012,0.7031,0.7017,0.703,24138.75,0.70225,16951.4371875,24138.75,16951.4371875,
2024-03-30 15:35:00+00:00,0.7023,0.704,0.7037,0.7037,2214.88,0.703425,1558.001964,2214.88,1558.001964,
2024-03-30 15:40:00+00:00,0.7043,0.7096,0.7044,0.7095,6596.27,0.70695,4663.2330765,6596.27,4663.2330765,
2024-03-30 15:45:00+00:00,0.7068,0.71,0.7096,0.7076,989.79,0.7085,701.266215,989.79,701.266215,
2024-03-30 15:50:00+00:00,0.7067,0.7079,0.7073,0.7078,4212.36,0.707425,2979.928773,4212.36,2979.928773,
2024-03-30 15:55:00+00:00,0.7072,0.7093,0.7077,0.7086,4752.82,0.7082,3365.947124,4752.82,3365.947124,
2024-03-30 16:00:00+00:00,0.7072,0.7105,0.7081,0.7105,7039.29,0.709075,4991.38455675,7039.29,4991.38455675,
2024-03-30 16:05:00+00:00,0.7093,0.7112,0.7093,0.7112,2718.22,0.71025,1930.615755,2718.22,1930.615755,
2024-03-30 16:10:00+00:00,0.7093,0.7114,0.7113,0.7105,1314.4,0.710625,934.0455,1314.4,934.0455,
2024-03-30 16:15:00+00:00,0.7058,0.7107,0.7107,0.7072,2892.43,0.7086,2049.575898,2892.43,2049.575898,
2024-03-30 16:20:00+00:00,0.7065,0.7114,0.7072,0.71,1824.61,0.708775,1293.23795275,1824.61,1293.23795275,
2024-03-30 16:25:00+00:00,0.7079,0.7103,0.7103,0.708,3690.28,0.709125,2616.869805,3690.28,2616.869805,
2024-03-30 16:30:00+00:00,0.7058,0.7072,0.7072,0.7065,296.57,0.706675,209.57860475,296.57,209.57860475,
2024-03-30 16:35:00+00:00,0.7054,0.7072,0.7066,0.7058,21909.02,0.70625,15473.245375,21909.02,15473.245375,
2024-03-30 16:40:00+00:00,0.7018,0.7059,0.7059,0.702,4951.82,0.7039,3485.586098,4951.82,3485.586098,
2024-03-30 16:45:00+00:00,0.7017,0.7065,0.7018,0.7065,6746.63,0.704125,4750.47084875,6746.63,4750.47084875,
2024-03-30 16:50:00+00:00,0.7056,0.7076,0.7067,0.7068,2920.68,0.706675,2063.971539,2920.68,2063.971539,
2024-03-30 16:55:00+00:00,0.7056,0.7067,0.7067,0.7058,753.36,0.7062,532.022832,753.36,532.022832,
2024-03-30 17:00:00+00:00,0.7056,0.707,0.7058,0.7058,10663.38,0.70605,7528.879449,10663.38,7528.879449,
2024-03-30 17:05:00+00:00,0.7051,0.7069,0.7051,0.7051,2327.4,0.70555,1642.09707,2327.4,1642.09707,
2024-03-30 17:10:00+00:00,0.7037,0.7058,0.705,0.7037,8170.41,0.70455,5756.4623655,8170.41,5756.4623655,
2024-03-30 17:15:00+00:00,0.7025,0.7044,0.7036,0.7025,2508.2,0.70325,1763.89165,2508.2,1763.89165,
2024-03-30 17:20:00+00:00,0.7024,0.7041,0.7024,0.7026,340.11,0.702875,239.05481625,340.11,239.05481625,
2024-03-30 17:25:00+00:00,0.7031,0.7044,0.7032,0.7044,316.12,0.703775,222.477353,316.12,222.477353,
2024-03-30 17:30:00+00:00,0.7031,0.7058,0.7037,0.7058,2199.36,0.7046,1549.669056,2199.36,1549.669056,
2024-03-30 17:35:00+00:00,0.7056,0.7079,0.7056,0.7072,306.57,0.706575,216.61469775,306.57,216.61469775,
2024-03-30 17:40:00+00:00,0.7079,0.7086,0.7079,0.7083,411.5,0.708175,291.4140125,411.5,291.4140125,
2024-03-30 17:45:00+00:00,0.7065,0.7074,0.7072,0.7069,238.48,0.707,168.60536,238.48,168.60536,
2024-03-30 17:50:00+00:00,0.7072,0.7079,0.7079,0.7079,102.18,0.707725,72.3153405,102.18,72.3153405,
2024-03-30 17:55:00+00:00,0.7081,0.7091,0.7086,0.7087,91.13,0.708625,64.57699625,91.13,64.57699625,
2024-03-30 18:00:00+00:00,0.7072,0.7084,0.7079,0.7078,455.8,0.707825,322.626635,455.8,322.626635,
2024-03-30 18:05:00+00:00,0.7065,0.7086,0.708,0.7065,513.7,0.7074,363.39138,513.7,363.39138,
2024-03-30 18:10:00+00:00,0.7054,0.7072,0.7061,0.7066,309.07,0.706325,218.30386775,309.07,218.30386775,
2024-03-30 18:15:00+00:00,0.7075,0.7093,0.7075,0.7091,3759.05,0.70835,2662.7230675,3759.05,2662.7230675,
2024-03-30 18:20:00+00:00,0.7093,0.7114,0.7093,0.7113,9842.83,0.710325,6991.60821975,9842.83,6991.60821975,
2024-03-30 18:25:00+00:00,0.7106,0.7114,0.7107,0.7107,190.99,0.71085,135.7652415,190.99,135.7652415,
2024-03-30 18:30:00+00:00,0.7094,0.711,0.711,0.7107,1308.33,0.710525,929.60117325,1308.33,929.60117325,
2024-03-30 18:35:00+00:00,0.7093,0.7106,0.7093,0.7093,299.23,0.709625,212.34108875,299.23,212.34108875,
2024-03-30 18:40:00+00:00,0.7087,0.71,0.7098,0.7087,1244.45,0.7093,882.688385,1244.45,882.688385,
2024-03-30 18:45:00+00:00,0.7084,0.71,0.7086,0.7097,491.69,0.709175,348.69425575,491.69,348.69425575,
2024-03-30 18:50:00+00:00,0.7072,0.7093,0.7093,0.7072,176.13,0.70825,124.7440725,176.13,124.7440725,
2024-03-30 18:55:00+00:00,0.7077,0.7082,0.7079,0.7077,1020.5,0.707875,722.3864375,1020.5,722.3864375,
2024-03-30 19:00:00+00:00,0.7038,0.7072,0.7072,0.7039,4255.01,0.705525,3002.01593025,4255.01,3002.01593025,
2024-03-30 19:05:00+00:00,0.7025,0.7044,0.7037,0.7037,393.97,0.703575,277.18744275,393.97,277.18744275,
2024-03-30 19:10:00+00:00,0.6996,0.7031,0.7031,0.7009,3242.4,0.701675,2275.11102,3242.4,2275.11102,
2024-03-30 19:15:00+00:00,0.6997,0.7025,0.7011,0.7025,327.08,0.70145,229.430266,327.08,229.430266,
2024-03-30 19:20:00+00:00,0.7018,0.7037,0.7031,0.7037,2574.67,0.703075,1810.18611025,2574.67,1810.18611025,
2024-03-30 19:25:00+00:00,0.7026,0.7044,0.7031,0.7044,928.03,0.703625,652.98510875,928.03,652.98510875,
2024-03-30 19:30:00+00:00,0.7022,0.7061,0.7035,0.7061,2455.78,0.704475,1730.0356155,2455.78,1730.0356155,
2024-03-30 19:35:00+00:00,0.7058,0.7063,0.7063,0.7058,400.1,0.70605,282.490605,400.1,282.490605,
2024-03-30 19:40:00+00:00,0.7051,0.7065,0.7051,0.7065,3320.97,0.7058,2343.940626,3320.97,2343.940626,
2024-03-30 19:45:00+00:00,0.7056,0.7065,0.7058,0.7058,2339.19,0.705925,1651.29270075,2339.19,1651.29270075,
2024-03-30 19:50:00+00:00,0.7065,0.7086,0.7065,0.7084,7126.83,0.7075,5042.232225,7126.83,5042.232225,
2024-03-30 19:55:00+00:00,0.7086,0.7098,0.7093,0.7091,719.8,0.7092,510.48216,719.8,510.48216,
2024-03-30 20:00:00+00:00,0.7066,0.7086,0.7086,0.7074,407.89,0.7078,288.704542,407.89,288.704542,
2024-03-30 20:05:00+00:00,0.707,0.7079,0.7072,0.7075,1727.99,0.7074,1222.380126,1727.99,1222.380126,
2024-03-30 20:10:00+00:00,0.7058,0.7079,0.7065,0.7079,522.6,0.707025,369.491265,522.6,369.491265,
2024-03-30 20:15:00+00:00,0.7074,0.7096,0.7075,0.7096,1792.52,0.708525,1270.045233,1792.52,1270.045233,
2024-03-30 20:20:00+00:00,0.7083,0.7093,0.7086,0.7086,278.73,0.7087,197.535951,278.73,197.535951,
2024-03-30 20:25:00+00:00,0.7086,0.7096,0.7091,0.7086,2077.88,0.708975,1473.164973,2077.88,1473.164973,
2024-03-30 20:30:00+00:00,0.7066,0.7079,0.7079,0.7072,264.99,0.7074,187.453926,264.99,187.453926,
2024-03-30 20:35:00+00:00,0.7073,0.7086,0.7073,0.7074,5896.42,0.70765,4172.601613,5896.42,4172.601613,
2024-03-30 20:40:00+00:00,0.7063,0.7089,0.7072,0.7079,2146.55,0.707575,1518.84511625,2146.55,1518.84511625,
2024-03-30 20:45:00+00:00,0.7058,0.7079,0.7079,0.7064,320.98,0.707,226.93286,320.98,226.93286,
2024-03-30 20:50:00+00:00,0.7047,0.7055,0.7051,0.7052,193.27,0.705125,136.27950875,193.27,136.27950875,
2024-03-30 20:55:00+00:00,0.7049,0.7053,0.7049,0.7053,104.69,0.7051,73.816919,104.69,73.816919,
2024-03-30 21:00:00+00:00,0.7044,0.7046,0.7044,0.7046,322.25,0.7045,227.025125,322.25,227.025125,
2024-03-30 21:05:00+00:00,0.7016,0.7051,0.7051,0.7016,615.2,0.70335,432.70092,615.2,432.70092,
2024-03-30 21:10:00+00:00,0.6994,0.7011,0.7011,0.6994,281.28,0.70025,196.96632,281.28,196.96632,
2024-03-30 21:15:00+00:00,0.6997,0.7022,0.6997,0.7011,457.77,0.700675,320.74799475,457.77,320.74799475,
2024-03-30 21:20:00+00:00,0.7011,0.7026,0.7018,0.7014,1052.52,0.701725,738.579597,1052.52,738.579597,
2024-03-30 21:25:00+00:00,0.6997,0.7009,0.7005,0.6998,754.48,0.700225,528.305758,754.48,528.305758,
2024-03-30 21:30:00+00:00,0.699,0.7005,0.699,0.699,869.53,0.699375,608.12754375,869.53,608.12754375,
2024-03-30 21:35:00+00:00,0.6975,0.7,0.6989,0.7,10042.42,0.6991,7020.655822,10042.42,7020.655822,
2024-03-30 21:40:00+00:00,0.6975,0.6992,0.6992,0.6975,3286.46,0.69835,2295.099341,3286.46,2295.099341,
2024-03-30 21:45:00+00:00,0.6967,0.698,0.6974,0.697,7761.34,0.697275,5411.7883485,7761.34,5411.7883485,
2024-03-30 21:50:00+00:00,0.6934,0.6963,0.6963,0.6953,4099.72,0.695325,2850.637809,4099.72,2850.637809,
2024-03-30 21:55:00+00:00,0.6955,0.6981,0.6955,0.6969,4658.12,0.6965,3244.38058,4658.12,3244.38058,
2024-03-30 22:00:00+00:00,0.6948,0.6964,0.6962,0.6955,5981.93,0.695725,4161.77824925,5981.93,4161.77824925,
2024-03-30 22:05:00+00:00,0.6936,0.696,0.696,0.6936,395.53,0.6948,274.814244,395.53,274.814244,
2024-03-30 22:10:00+00:00,0.693,0.6942,0.6942,0.6939,3317.3,0.693825,2301.6256725,3317.3,2301.6256725,
2024-03-30 22:15:00+00:00,0.6926,0.6969,0.6934,0.6969,427.21,0.69495,296.8895895,427.21,296.8895895,
2024-03-30 22:20:00+00:00,0.6964,0.698,0.6964,0.6968,1032.91,0.6969,719.834979,1032.91,719.834979,
2024-03-30 22:25:00+00:00,0.6969,0.6976,0.6976,0.6971,2304.04,0.6973,1606.607092,2304.04,1606.607092,
2024-03-30 22:30:00+00:00,0.6955,0.6973,0.6973,0.6956,392.38,0.696425,273.2632415,392.38,273.2632415,
2024-03-30 22:35:00+00:00,0.6927,0.6948,0.6948,0.6927,630.84,0.69375,437.64525,630.84,437.64525,
2024-03-30 22:40:00+00:00,0.6908,0.6934,0.6932,0.6915,8078.61,0.692225,5592.21580725,8078.61,5592.21580725,
2024-03-30 22:45:00+00:00,0.6906,0.6934,0.6906,0.6934,1239.36,0.692,857.63712,1239.36,857.63712,
2024-03-30 22:50:00+00:00,0.692,0.6934,0.693,0.6927,2266.74,0.692775,1570.3408035,2266.74,1570.3408035,
2024-03-30 22:55:00+00:00,0.6922,0.6935,0.6934,0.6934,854.98,0.693125,592.6080125,854.98,592.6080125,
2024-03-30 23:00:00+00:00,0.692,0.6947,0.6939,0.6941,227.07,0.693675,157.51278225,227.07,157.51278225,
2024-03-30 23:05:00+00:00,0.6934,0.6959,0.694,0.6941,1920.7,0.69435,1333.638045,1920.7,1333.638045,
2024-03-30 23:10:00+00:00,0.6941,0.6955,0.6948,0.6941,3594.38,0.694625,2496.7462075,3594.38,2496.7462075,
2024-03-30 23:15:00+00:00,0.6924,0.694,0.6934,0.6931,2852.22,0.693225,1977.2302095,2852.22,1977.2302095,
2024-03-30 23:20:00+00:00,0.6906,0.6922,0.692,0.6915,8501.32,0.691575,5879.300379,8501.32,5879.300379,
2024-03-30 23:25:00+00:00,0.6883,0.6915,0.6915,0.6883,4413.86,0.6899,3045.122014,4413.86,3045.122014,
2024-03-30 23:30:00+00:00,0.6893,0.6913,0.6893,0.6908,3843.31,0.690175,2652.55647925,3843.31,2652.55647925,
2024-03-30 23:35:00+00:00,0.6913,0.693,0.6913,0.6923,279.03,0.691975,193.08178425,279.03,193.08178425,
2024-03-30 23:40:00+00:00,0.6927,0.6936,0.6927,0.6933,3060.01,0.693075,2120.81643075,3060.01,2120.81643075,
2024-03-30 23:45:00+00:00,0.6934,0.6952,0.6939,0.6939,4993.82,0.6941,3466.210462,4993.82,3466.210462,
2024-03-30 23:50:00+00:00,0.6937,0.6955,0.6938,0.6955,2917.36,0.694625,2026.47119,2917.36,2026.47119,
2024-03-30 23:55:00+00:00,0.6938,0.6952,0.6948,0.6938,7184.33,0.6944,4988.798752,7184.33,4988.798752,
2024-03-31 00:00:00+00:00,0.6898,0.6937,0.6937,0.6898,4858.24,0.69175,3360.68752,4858.24,3360.68752,
2024-03-31 00:05:00+00:00,0.6894,0.6925,0.6894,0.6918,7289.09,0.690775,5035.12114475,7289.09,5035.12114475,
2024-03-31 00:10:00+00:00,0.6906,0.6923,0.692,0.6906,194.17,0.691375,134.24428375,194.17,134.24428375,
2024-03-31 00:15:00+00:00,0.6911,0.6932,0.6911,0.6917,1189.08,0.691775,822.575817,1189.08,822.575817,
2024-03-31 00:20:00+00:00,0.6917,0.6938,0.6917,0.6935,2094.39,0.692675,1450.73159325,2094.39,1450.73159325,
2024-03-31 00:25:00+00:00,0.6925,0.6941,0.6928,0.6941,2606.93,0.693375,1807.58008875,2606.93,1807.58008875,
2024-03-31 00:30:00+00:00,0.6906,0.6927,0.6927,0.6906,547.55,0.69165,378.7129575,547.55,378.7129575,
2024-03-31 00:35:00+00:00,0.6913,0.6934,0.6913,0.6934,150.49,0.69235,104.1917515,150.49,104.1917515,
2024-03-31 00:40:00+00:00,0.6927,0.6945,0.6927,0.6945,431.68,0.6936,299.413248,431.68,299.413248,
2024-03-31 00:45:00+00:00,0.6934,0.6941,0.6939,0.6937,79.41,0.693775,55.09267275,79.41,55.09267275,
2024-03-31 00:50:00+00:00,0.6927,0.6934,0.6934,0.6932,2143.86,0.693175,1486.0701555,2143.86,1486.0701555,
2024-03-31 00:55:00+00:00,0.6926,0.6934,0.6934,0.6926,2463.69,0.693,1707.33717,2463.69,1707.33717,
2024-03-31 01:00:00+00:00,0.6918,0.6945,0.6934,0.6945,19932.34,0.69355,13824.074407,19932.34,13824.074407,
2024-03-31 01:05:00+00:00,0.6945,0.6958,0.6949,0.6958,152.24,0.69525,105.84486,152.24,105.84486,
2024-03-31 01:10:00+00:00,0.6957,0.6969,0.6962,0.6962,5248.96,0.69625,3654.5884,5248.96,3654.5884,
2024-03-31 01:15:00+00:00,0.6941,0.6955,0.6955,0.6954,2199.56,0.695125,1528.969145,2199.56,1528.969145,
2024-03-31 01:20:00+00:00,0.6942,0.6955,0.695,0.6942,24829.89,0.694725,17249.94533025,24829.89,17249.94533025,
2024-03-31 01:25:00+00:00,0.6937,0.6948,0.6941,0.6937,106.34,0.694075,73.8079355,106.34,73.8079355,
2024-03-31 01:30:00+00:00,0.6925,0.6941,0.694,0.6941,9391.59,0.693675,6514.71119325,9391.59,6514.71119325,
2024-03-31 01:35:00+00:00,0.6924,0.6934,0.6934,0.6934,1162.26,0.69315,805.620519,1162.26,805.620519,
2024-03-31 01:40:00+00:00,0.6934,0.6945,0.6936,0.6945,603.05,0.694,418.5167,603.05,418.5167,
2024-03-31 01:45:00+00:00,0.6931,0.6942,0.6942,0.6942,2488.59,0.693925,1726.89481575,2488.59,1726.89481575,
2024-03-31 01:50:00+00:00,0.6943,0.6969,0.6943,0.6969,120.93,0.6956,84.118908,120.93,84.118908,
2024-03-31 01:55:00+00:00,0.695,0.6962,0.6962,0.6955,2113.77,0.695725,1470.60263325,2113.77,1470.60263325,
2024-03-31 02:00:00+00:00,0.6943,0.6948,0.6948,0.6943,39.46,0.69455,27.406943,39.46,27.406943,
2024-03-31 02:05:00+00:00,0.6948,0.6969,0.6951,0.6968,6672.27,0.6959,4643.232693,6672.27,4643.232693,
2024-03-31 02:10:00+00:00,0.6969,0.6983,0.6969,0.6981,3515.38,0.69755,2452.153319,3515.38,2452.153319,
2024-03-31 02:15:00+00:00,0.6976,0.6997,0.6976,0.699,264.76,0.698475,184.928241,264.76,184.928241,
2024-03-31 02:20:00+00:00,0.6976,0.699,0.6987,0.699,4242.31,0.698575,2963.57170825,4242.31,2963.57170825,
2024-03-31 02:25:00+00:00,0.6986,0.6993,0.6987,0.6986,287.42,0.6988,200.849096,287.42,200.849096,
2024-03-31 02:30:00+00:00,0.6976,0.6988,0.6983,0.6976,105.99,0.698075,73.98896925,105.99,73.98896925,
2024-03-31 02:35:00+00:00,0.6978,0.6988,0.698,0.6985,162.8,0.698275,113.67917,162.8,113.67917,
2024-03-31 02:40:00+00:00,0.6968,0.6976,0.6976,0.6969,138.59,0.697225,96.62841275,138.59,96.62841275,
2024-03-31 02:45:00+00:00,0.6955,0.6962,0.6962,0.6955,71.86,0.69585,50.003781,71.86,50.003781,
2024-03-31 02:50:00+00:00,0.6945,0.6963,0.6953,0.6963,751.73,0.6956,522.903388,751.73,522.903388,
2024-03-31 02:55:00+00:00,0.6964,0.6974,0.6969,0.6973,2376.56,0.697,1656.46232,2376.56,1656.46232,
2024-03-31 03:00:00+00:00,0.6961,0.6964,0.6964,0.6963,57.21,0.6963,39.835323,57.21,39.835323,
2024-03-31 03:05:00+00:00,0.6952,0.6967,0.6967,0.6953,74.11,0.695975,51.57870725,74.11,51.57870725,
2024-03-31 03:10:00+00:00,0.6935,0.6948,0.6948,0.6935,189.44,0.69415,131.499776,189.44,131.499776,
2024-03-31 03:15:00+00:00,0.6907,0.6934,0.6934,0.6927,2325.68,0.69255,1610.649684,2325.68,1610.649684,
2024-03-31 03:20:00+00:00,0.6934,0.6948,0.6934,0.6941,144.09,0.693925,99.98765325,144.09,99.98765325,
2024-03-31 03:25:00+00:00,0.6948,0.695,0.6948,0.6948,988.97,0.69485,687.1858045,988.97,687.1858045,
2024-03-31 03:30:00+00:00,0.6939,0.6947,0.6947,0.6939,2121.73,0.6943,1473.117139,2121.73,1473.117139,
2024-03-31 03:35:00+00:00,0.6941,0.6948,0.6948,0.6948,75.28,0.694625,52.29137,75.28,52.29137,
2024-03-31 03:40:00+00:00,0.6938,0.6947,0.6947,0.6938,484.18,0.69425,336.141965,484.18,336.141965,
2024-03-31 03:45:00+00:00,0.692,0.6936,0.6934,0.6931,1006.7,0.693025,697.6682675,1006.7,697.6682675,
2024-03-31 03:50:00+00:00,0.692,0.6931,0.6928,0.6928,527.52,0.692675,365.399916,527.52,365.399916,
2024-03-31 03:55:00+00:00,0.6923,0.6934,0.693,0.6929,275.31,0.6929,190.762299,275.31,190.762299,
2024-03-31 04:00:00+00:00,0.692,0.693,0.6927,0.692,77.94,0.692425,53.9676045,77.94,53.9676045,
2024-03-31 04:05:00+00:00,0.6912,0.6923,0.6917,0.6923,684.21,0.691875,473.38779375,684.21,473.38779375,
2024-03-31 04:10:00+00:00,0.691,0.6922,0.6915,0.692,954.0,0.691675,659.85795,954.0,659.85795,
2024-03-31 04:15:00+00:00,0.6913,0.6927,0.6923,0.6913,2241.3,0.6919,1550.75547,2241.3,1550.75547,
2024-03-31 04:20:00+00:00,0.6902,0.691,0.6908,0.6902,2082.31,0.69055,1437.9391705,2082.31,1437.9391705,
2024-03-31 04:25:00+00:00,0.6913,0.6941,0.6913,0.6941,882.61,0.6927,611.383947,882.61,611.383947,
2024-03-31 04:30:00+00:00,0.6935,0.695,0.6935,0.695,192.35,0.69425,133.5389875,192.35,133.5389875,
2024-03-31 04:35:00+00:00,0.6952,0.6961,0.6955,0.6952,1460.32,0.6955,1015.65256,1460.32,1015.65256,
2024-03-31 04:40:00+00:00,0.6948,0.6955,0.6948,0.6951,74.96,0.69505,52.100948,74.96,52.100948,
2024-03-31 04:45:00+00:00,0.6941,0.6948,0.6948,0.6943,123.7,0.6945,85.90965,123.7,85.90965,
2024-03-31 04:50:00+00:00,0.6928,0.6942,0.6942,0.6941,7301.67,0.693825,5066.08118775,7301.67,5066.08118775,
2024-03-31 04:55:00+00:00,0.6934,0.6953,0.6942,0.6953,1868.33,0.69455,1297.6486015,1868.33,1297.6486015,
2024-03-31 05:00:00+00:00,0.6941,0.695,0.6941,0.695,591.88,0.69455,411.090254,591.88,411.090254,
2024-03-31 05:05:00+00:00,0.6943,0.6955,0.6948,0.695,274.11,0.6949,190.479039,274.11,190.479039,
2024-03-31 05:10:00+00:00,0.6948,0.6976,0.6954,0.6976,2391.9,0.69635,1665.599565,2391.9,1665.599565,
2024-03-31 05:15:00+00:00,0.6948,0.6976,0.6954,0.6976,2391.9,0.69635,1665.599565,2391.9,1665.599565,
2024-03-31 05:20:00+00:00,0.6981,0.7,0.6986,0.7,2896.24,0.699175,2024.978602,2896.24,2024.978602,
2024-03-31 05:25:00+00:00,0.699,0.6997,0.6997,0.699,42.86,0.69935,29.974141,42.86,29.974141,
2024-03-31 05:30:00+00:00,0.6988,0.7002,0.6997,0.7002,242.36,0.699725,169.585351,242.36,169.585351,
2024-03-31 05:35:00+00:00,0.7011,0.7031,0.7011,0.703,295.21,0.702075,207.25956075,295.21,207.25956075,
2024-03-31 05:40:00+00:00,0.7013,0.7025,0.7025,0.7022,1146.35,0.702125,804.88099375,1146.35,804.88099375,
2024-03-31 05:45:00+00:00,0.7019,0.7037,0.7021,0.7037,7645.29,0.70285,5373.4920765,7645.29,5373.4920765,
2024-03-31 05:50:00+00:00,0.7028,0.705,0.7039,0.7047,12464.46,0.7041,8776.226286,12464.46,8776.226286,
2024-03-31 05:55:00+00:00,0.7043,0.7052,0.7046,0.7047,3778.6,0.7047,2662.77942,3778.6,2662.77942,
2024-03-31 06:00:00+00:00,0.7037,0.7051,0.7045,0.7051,6888.25,0.7046,4853.46095,6888.25,4853.46095,
2024-03-31 06:05:00+00:00,0.7049,0.7058,0.7051,0.7052,320.38,0.70525,225.947995,320.38,225.947995,
2024-03-31 06:10:00+00:00,0.703,0.7045,0.7045,0.703,3328.98,0.70375,2342.769675,3328.98,2342.769675,
2024-03-31 06:15:00+00:00,0.703,0.7043,0.7037,0.7031,3080.36,0.703525,2167.110269,3080.36,2167.110269,
2024-03-31 06:20:00+00:00,0.7031,0.7043,0.7037,0.7031,98.49,0.70355,69.2926395,98.49,69.2926395,
2024-03-31 06:25:00+00:00,0.7025,0.7032,0.7032,0.7028,92.4,0.702925,64.95027,92.4,64.95027,
2024-03-31 06:30:00+00:00,0.7024,0.7031,0.7024,0.7028,351.22,0.702675,246.7935135,351.22,246.7935135,
2024-03-31 06:35:00+00:00,0.7021,0.7033,0.7031,0.7033,1380.73,0.70295,970.5841535,1380.73,970.5841535,
2024-03-31 06:40:00+00:00,0.7033,0.7037,0.7033,0.7037,17.17,0.7035,12.079095,17.17,12.079095,
2024-03-31 06:45:00+00:00,0.7017,0.7025,0.7025,0.7017,99.36,0.7021,69.760656,99.36,69.760656,
2024-03-31 06:50:00+00:00,0.7024,0.7037,0.7025,0.7037,4740.89,0.703075,3333.20123675,4740.89,3333.20123675,
2024-03-31 06:55:00+00:00,0.7031,0.7051,0.7044,0.7031,177.55,0.703925,124.98188375,177.55,124.98188375,
2024-03-31 07:00:00+00:00,0.7031,0.7041,0.7037,0.7038,2149.18,0.703675,1512.3242365,2149.18,1512.3242365,
2024-03-31 07:05:00+00:00,0.7029,0.7043,0.7038,0.704,35834.77,0.70375,25218.7193875,35834.77,25218.7193875,
2024-03-31 07:10:00+00:00,0.7031,0.7038,0.7037,0.7031,3614.85,0.703425,2542.77586125,3614.85,2542.77586125,
2024-03-31 07:15:00+00:00,0.7031,0.7043,0.7031,0.7038,2045.68,0.703575,1439.289306,2045.68,1439.289306,
2024-03-31 07:20:00+00:00,0.7031,0.7038,0.7037,0.7031,304.19,0.703425,213.97485075,304.19,213.97485075,
2024-03-31 07:25:00+00:00,0.7021,0.7026,0.7026,0.7021,122.52,0.70235,86.051922,122.52,86.051922,
2024-03-31 07:30:00+00:00,0.7011,0.7018,0.7018,0.7018,107.64,0.701625,75.522915,107.64,75.522915,
2024-03-31 07:35:00+00:00,0.7018,0.7023,0.7018,0.7018,76.91,0.701925,53.98505175,76.91,53.98505175,
2024-03-31 07:40:00+00:00,0.7011,0.7012,0.7012,0.7011,600.86,0.70115,421.292989,600.86,421.292989,
2024-03-31 07:45:00+00:00,0.7011,0.7021,0.7012,0.7017,441.53,0.701525,309.74433325,441.53,309.74433325,
2024-03-31 07:50:00+00:00,0.7018,0.7025,0.7018,0.7025,221.42,0.70215,155.470053,221.42,155.470053,
2024-03-31 07:55:00+00:00,0.7024,0.703,0.7025,0.7024,7169.17,0.702575,5036.87961275,7169.17,5036.87961275,
2024-03-31 08:00:00+00:00,0.7017,0.7023,0.7023,0.7017,608.54,0.702,427.19508,608.54,427.19508,
2024-03-31 08:05:00+00:00,0.7015,0.7022,0.7017,0.7015,48.49,0.701725,34.02664525,48.49,34.02664525,
2024-03-31 08:10:00+00:00,0.7015,0.702,0.702,0.7015,1.04,0.70175,0.72982,1.04,0.72982,
2024-03-31 08:15:00+00:00,0.7015,0.702,0.702,0.7015,1.04,0.70175,0.72982,1.04,0.72982,
2024-03-31 08:20:00+00:00,0.7019,0.7028,0.7025,0.7028,299.7,0.7025,210.53925,299.7,210.53925,
2024-03-31 08:25:00+00:00,0.7019,0.7024,0.7021,0.7019,26.9,0.702075,18.8858175,26.9,18.8858175,
2024-03-31 08:30:00+00:00,0.7027,0.7037,0.7027,0.7037,797.85,0.7032,561.04812,797.85,561.04812,
2024-03-31 08:35:00+00:00,0.7036,0.7042,0.704,0.7036,382.02,0.70385,268.884777,382.02,268.884777,
2024-03-31 08:40:00+00:00,0.7018,0.7031,0.7031,0.7019,1981.74,0.702475,1392.1228065,1981.74,1392.1228065,
2024-03-31 08:45:00+00:00,0.7011,0.7019,0.7011,0.7011,2916.07,0.7013,2045.039891,2916.07,2045.039891,
2024-03-31 08:50:00+00:00,0.7014,0.7017,0.7017,0.7014,355.22,0.70155,249.204591,355.22,249.204591,
2024-03-31 08:55:00+00:00,0.7008,0.7019,0.7011,0.7019,2623.63,0.701425,1840.27967275,2623.63,1840.27967275,
2024-03-31 09:00:00+00:00,0.7015,0.702,0.7017,0.7017,2821.68,0.701725,1980.043398,2821.68,1980.043398,
2024-03-31 09:05:00+00:00,0.7011,0.7016,0.7016,0.7011,2831.21,0.70135,1985.6691335,2831.21,1985.6691335,
2024-03-31 09:10:00+00:00,0.7011,0.7018,0.7011,0.7018,56.03,0.70145,39.3022435,56.03,39.3022435,
2024-03-31 09:15:00+00:00,0.7003,0.7025,0.7023,0.7013,9199.87,0.7016,6454.628792,9199.87,6454.628792,
2024-03-31 09:20:00+00:00,0.7018,0.7025,0.7018,0.7025,71.22,0.70215,50.007123,71.22,50.007123,
2024-03-31 09:25:00+00:00,0.7031,0.7034,0.7031,0.7034,481.71,0.70325,338.7625575,481.71,338.7625575,
2024-03-31 09:30:00+00:00,0.7017,0.7027,0.7027,0.7017,110.25,0.7022,77.41755,110.25,77.41755,
2024-03-31 09:35:00+00:00,0.7014,0.7018,0.7018,0.7014,77.07,0.7016,54.072312,77.07,54.072312,
2024-03-31 09:40:00+00:00,0.7018,0.702,0.7018,0.702,426.02,0.7019,299.023438,426.02,299.023438,
2024-03-31 09:45:00+00:00,0.7018,0.702,0.7018,0.702,426.02,0.7019,299.023438,426.02,299.023438,
2024-03-31 09:50:00+00:00,0.7006,0.7011,0.7011,0.7006,78.3,0.70085,54.876555,78.3,54.876555,
2024-03-31 09:55:00+00:00,0.7004,0.7009,0.7009,0.7004,5929.21,0.70065,4154.3009865,5929.21,4154.3009865,
2024-03-31 10:00:00+00:00,0.7002,0.7011,0.7011,0.7002,16.57,0.70065,11.6097705,16.57,11.6097705,
2024-03-31 10:05:00+00:00,0.6996,0.7005,0.7005,0.7,875.72,0.70015,613.135358,875.72,613.135358,
2024-03-31 10:10:00+00:00,0.7003,0.7013,0.7005,0.7008,379.62,0.700725,266.0092245,379.62,266.0092245,
2024-03-31 10:15:00+00:00,0.7004,0.7013,0.7011,0.7004,293.44,0.7008,205.642752,293.44,205.642752,
2024-03-31 10:20:00+00:00,0.7006,0.7008,0.7007,0.7006,18.33,0.700675,12.84337275,18.33,12.84337275,
2024-03-31 10:25:00+00:00,0.7003,0.7005,0.7003,0.7005,8.97,0.7004,6.282588,8.97,6.282588,
2024-03-31 10:30:00+00:00,0.6997,0.7002,0.7,0.6997,3326.02,0.6999,2327.881398,3326.02,2327.881398,
2024-03-31 10:35:00+00:00,0.6994,0.7003,0.6994,0.7001,2159.43,0.6998,1511.169114,2159.43,1511.169114,
2024-03-31 10:40:00+00:00,0.7004,0.7011,0.7004,0.7004,121.4,0.700575,85.049805,121.4,85.049805,
2024-03-31 10:45:00+00:00,0.7003,0.7013,0.7003,0.701,998.08,0.700725,699.379608,998.08,699.379608,
2024-03-31 10:50:00+00:00,0.7003,0.7013,0.7003,0.701,998.08,0.700725,699.379608,998.08,699.379608,
2024-03-31 10:55:00+00:00,0.7003,0.701,0.701,0.7003,142.33,0.70065,99.7235145,142.33,99.7235145,
2024-03-31 11:00:00+00:00,0.7003,0.7005,0.7003,0.7005,34.87,0.7004,24.422948,34.87,24.422948,
2024-03-31 11:05:00+00:00,0.7002,0.7008,0.7008,0.7008,482.13,0.70065,337.8043845,482.13,337.8043845,
2024-03-31 11:10:00+00:00,0.7011,0.7013,0.7011,0.7013,38.77,0.7012,27.185524,38.77,27.185524,
2024-03-31 11:15:00+00:00,0.7016,0.7018,0.7016,0.7017,202.09,0.701675,141.80150075,202.09,141.80150075,
2024-03-31 11:20:00+00:00,0.7004,0.7025,0.7024,0.7004,227.21,0.701425,159.37077425,227.21,159.37077425,
2024-03-31 11:25:00+00:00,0.7007,0.7008,0.7007,0.7008,9.92,0.70075,6.95144,9.92,6.95144,
2024-03-31 11:30:00+00:00,0.7007,0.7008,0.7007,0.7008,9.92,0.70075,6.95144,9.92,6.95144,
2024-03-31 11:35:00+00:00,0.7005,0.7011,0.7005,0.7011,52.83,0.7008,37.023264,52.83,37.023264,
2024-03-31 11:40:00+00:00,0.7005,0.7011,0.7005,0.7011,52.83,0.7008,37.023264,52.83,37.023264,
2024-03-31 11:45:00+00:00,0.7004,0.7011,0.7011,0.7008,43.29,0.70085,30.3397965,43.29,30.3397965,
2024-03-31 11:50:00+00:00,0.7005,0.7015,0.7005,0.7008,63.91,0.700825,44.78972575,63.91,44.78972575,
2024-03-31 11:55:00+00:00,0.7012,0.7018,0.7018,0.7014,39.62,0.70155,27.795411,39.62,27.795411,
2024-03-31 12:00:00+00:00,0.7012,0.7018,0.7018,0.7014,39.62,0.70155,27.795411,39.62,27.795411,
2024-03-31 12:05:00+00:00,0.7012,0.7018,0.7018,0.7014,39.62,0.70155,27.795411,39.62,27.795411,
2024-03-31 12:10:00+00:00,0.7024,0.7037,0.7025,0.7037,3727.22,0.703075,2620.5152015,3727.22,2620.5152015,
2024-03-31 12:15:00+00:00,0.7028,0.7044,0.7039,0.7028,1037.94,0.703475,730.1648415,1037.94,730.1648415,
2024-03-31 12:20:00+00:00,0.7017,0.7029,0.7027,0.7024,2672.93,0.702425,1877.53285525,2672.93,1877.53285525,
2024-03-31 12:25:00+00:00,0.7025,0.7037,0.7025,0.7031,2151.57,0.70295,1512.4461315,2151.57,1512.4461315,
2024-03-31 12:30:00+00:00,0.703,0.7037,0.7031,0.703,12994.37,0.7032,9137.640984,12994.37,9137.640984,
2024-03-31 12:35:00+00:00,0.7031,0.704,0.7037,0.7031,609.07,0.703475,428.46551825,609.07,428.46551825,
2024-03-31 12:40:00+00:00,0.7011,0.7029,0.7029,0.7012,312.22,0.702025,219.1862455,312.22,219.1862455,
2024-03-31 12:45:00+00:00,0.7013,0.7023,0.7013,0.7018,5827.13,0.701675,4088.75144275,5827.13,4088.75144275,
2024-03-31 12:50:00+00:00,0.7018,0.7025,0.7024,0.7018,39.32,0.702125,27.607555,39.32,27.607555,
2024-03-31 12:55:00+00:00,0.7011,0.7014,0.7011,0.7014,785.24,0.70125,550.64955,785.24,550.64955,
2024-03-31 13:00:00+00:00,0.7012,0.7018,0.7015,0.7012,136.21,0.701425,95.54109925,136.21,95.54109925,
2024-03-31 13:05:00+00:00,0.7011,0.7015,0.7012,0.7011,24965.92,0.701225,17506.727252,24965.92,17506.727252,
2024-03-31 13:10:00+00:00,0.7011,0.7025,0.7016,0.7011,3644.62,0.701575,2556.9742765,3644.62,2556.9742765,
2024-03-31 13:15:00+00:00,0.7011,0.7025,0.7016,0.7011,3644.62,0.701575,2556.9742765,3644.62,2556.9742765,
2024-03-31 13:20:00+00:00,0.7012,0.7017,0.7014,0.7012,322.1,0.701375,225.9128875,322.1,225.9128875,
2024-03-31 13:25:00+00:00,0.7017,0.7018,0.7018,0.7017,8.23,0.70175,5.7754025,8.23,5.7754025,
2024-03-31 13:30:00+00:00,0.7004,0.7012,0.7007,0.7011,96.94,0.70085,67.940399,96.94,67.940399,
2024-03-31 13:35:00+00:00,0.7007,0.7015,0.7011,0.7015,853.35,0.7012,598.36902,853.35,598.36902,
2024-03-31 13:40:00+00:00,0.7006,0.7014,0.7013,0.7011,2444.06,0.7011,1713.530466,2444.06,1713.530466,
2024-03-31 13:45:00+00:00,0.7006,0.7006,0.7006,0.7006,125.12,0.7006,87.659072,125.12,87.659072,
2024-03-31 13:50:00+00:00,0.7003,0.7015,0.7015,0.7003,272.38,0.7009,190.911142,272.38,190.911142,
2024-03-31 13:55:00+00:00,0.6998,0.7009,0.7009,0.7008,161.44,0.7006,113.104864,161.44,113.104864,
2024-03-31 14:00:00+00:00,0.6985,0.7002,0.7002,0.6985,5234.11,0.69935,3660.4748285,5234.11,3660.4748285,
2024-03-31 14:05:00+00:00,0.6994,0.7004,0.6995,0.7001,2499.51,0.69985,1749.2820735,2499.51,1749.2820735,
2024-03-31 14:10:00+00:00,0.7002,0.7012,0.7002,0.7012,291.62,0.7007,204.338134,291.62,204.338134,
2024-03-31 14:15:00+00:00,0.6997,0.7006,0.7006,0.6999,2138.29,0.7002,1497.230658,2138.29,1497.230658,
2024-03-31 14:20:00+00:00,0.7001,0.7013,0.7001,0.7013,105.81,0.7007,74.141067,105.81,74.141067,
2024-03-31 14:25:00+00:00,0.701,0.7019,0.701,0.7016,2126.42,0.701375,1491.4178275,2126.42,1491.4178275,
2024-03-31 14:30:00+00:00,0.7004,0.7012,0.7012,0.7004,1306.89,0.7008,915.868512,1306.89,915.868512,
2024-03-31 14:35:00+00:00,0.6997,0.7006,0.7,0.7006,2420.23,0.700225,1694.70555175,2420.23,1694.70555175,
2024-03-31 14:40:00+00:00,0.699,0.7001,0.7001,0.699,979.86,0.69955,685.461063,979.86,685.461063,
2024-03-31 14:45:00+00:00,0.6985,0.6993,0.699,0.6986,101.55,0.69885,70.9682175,101.55,70.9682175,
2024-03-31 14:50:00+00:00,0.6981,0.6994,0.6983,0.6989,926.96,0.698675,647.643778,926.96,647.643778,
2024-03-31 14:55:00+00:00,0.6993,0.6997,0.6996,0.6997,1425.56,0.699575,997.286137,1425.56,997.286137,
2024-03-31 15:00:00+00:00,0.6982,0.7,0.6996,0.6983,3982.67,0.699025,2783.98589675,3982.67,2783.98589675,
2024-03-31 15:05:00+00:00,0.6977,0.6994,0.6984,0.6981,6218.49,0.6984,4342.993416,6218.49,4342.993416,
2024-03-31 15:10:00+00:00,0.6983,0.6994,0.6983,0.6993,428.01,0.698825,299.10408825,428.01,299.10408825,
2024-03-31 15:15:00+00:00,0.6982,0.6992,0.6987,0.6992,724.99,0.698825,506.64113675,724.99,506.64113675,
2024-03-31 15:20:00+00:00,0.6976,0.699,0.6986,0.6988,2552.78,0.6985,1783.11683,2552.78,1783.11683,
2024-03-31 15:25:00+00:00,0.6988,0.6997,0.6994,0.6989,1199.92,0.6992,838.984064,1199.92,838.984064,
2024-03-31 15:30:00+00:00,0.699,0.6997,0.6997,0.6993,150.06,0.699425,104.9557155,150.06,104.9557155,
2024-03-31 15:35:00+00:00,0.6994,0.7002,0.6997,0.7002,456.65,0.699875,319.59791875,456.65,319.59791875,
2024-03-31 15:40:00+00:00,0.6998,0.7001,0.7001,0.6998,327.59,0.69995,229.2966205,327.59,229.2966205,
2024-03-31 15:45:00+00:00,0.699,0.6998,0.6997,0.6996,2232.99,0.699525,1562.03232975,2232.99,1562.03232975,
2024-03-31 15:50:00+00:00,0.6989,0.7001,0.6989,0.6992,347.27,0.699275,242.83722925,347.27,242.83722925,
2024-03-31 15:55:00+00:00,0.699,0.7004,0.699,0.7004,6855.63,0.6997,4796.884311,6855.63,4796.884311,
2024-03-31 16:00:00+00:00,0.6999,0.7012,0.7,0.7012,2048.94,0.700575,1435.4361405,2048.94,1435.4361405,
2024-03-31 16:05:00+00:00,0.7003,0.7016,0.7004,0.7016,2072.77,0.700975,1452.95995075,2072.77,1452.95995075,
2024-03-31 16:10:00+00:00,0.7004,0.7004,0.7004,0.7004,94.4,0.7004,66.11776,94.4,66.11776,
2024-03-31 16:15:00+00:00,0.7002,0.7022,0.7011,0.7022,403.81,0.701425,283.24242925,403.81,283.24242925,
2024-03-31 16:20:00+00:00,0.7004,0.7011,0.7011,0.7004,135.78,0.70075,95.147835,135.78,95.147835,
2024-03-31 16:25:00+00:00,0.6997,0.6999,0.6997,0.6999,110.32,0.6998,77.201936,110.32,77.201936,
2024-03-31 16:30:00+00:00,0.6997,0.6999,0.6997,0.6999,110.32,0.6998,77.201936,110.32,77.201936,
2024-03-31 16:35:00+00:00,0.6993,0.6998,0.6997,0.6993,137.71,0.699525,96.33158775,137.71,96.33158775,
2024-03-31 16:40:00+00:00,0.6996,0.7001,0.7001,0.6996,17.41,0.69985,12.1843885,17.41,12.1843885,
2024-03-31 16:45:00+00:00,0.6993,0.7,0.6993,0.6995,11.18,0.699525,7.8206895,11.18,7.8206895,
2024-03-31 16:50:00+00:00,0.699,0.6998,0.6992,0.6993,12877.02,0.699325,9005.2220115,12877.02,9005.2220115,
2024-03-31 16:55:00+00:00,0.6995,0.7004,0.6995,0.7003,6237.07,0.699925,4365.48121975,6237.07,4365.48121975,
2024-03-31 17:00:00+00:00,0.7001,0.7004,0.7001,0.7002,373.14,0.7002,261.272628,373.14,261.272628,
2024-03-31 17:05:00+00:00,0.7004,0.7011,0.7006,0.7011,322.93,0.7008,226.309344,322.93,226.309344,
2024-03-31 17:10:00+00:00,0.701,0.701,0.701,0.701,80.02,0.701,56.09402,80.02,56.09402,
2024-03-31 17:15:00+00:00,0.7004,0.7011,0.7011,0.7004,2052.35,0.70075,1438.1842625,2052.35,1438.1842625,
2024-03-31 17:20:00+00:00,0.699,0.7001,0.7001,0.699,48.18,0.69955,33.704319,48.18,33.704319,
2024-03-31 17:25:00+00:00,0.6989,0.699,0.699,0.6989,33.87,0.69895,23.6734365,33.87,23.6734365,
2024-03-31 17:30:00+00:00,0.6984,0.6995,0.6995,0.6987,167.07,0.699025,116.78610675,167.07,116.78610675,
2024-03-31 17:35:00+00:00,0.6979,0.6985,0.6983,0.6981,3273.02,0.6982,2285.222564,3273.02,2285.222564,
2024-03-31 17:40:00+00:00,0.699,0.6993,0.699,0.6993,2083.88,0.69915,1456.944702,2083.88,1456.944702,
2024-03-31 17:45:00+00:00,0.699,0.6993,0.699,0.6993,2083.88,0.69915,1456.944702,2083.88,1456.944702,
2024-03-31 17:50:00+00:00,0.6984,0.6994,0.6984,0.6994,243.32,0.6989,170.056348,243.32,170.056348,
2024-03-31 17:55:00+00:00,0.6976,0.6985,0.6985,0.6983,866.07,0.698225,604.71172575,866.07,604.71172575,
2024-03-31 18:00:00+00:00,0.6973,0.698,0.6974,0.6973,347.75,0.6975,242.555625,347.75,242.555625,
2024-03-31 18:05:00+00:00,0.6966,0.698,0.697,0.6975,3055.77,0.697275,2130.71202675,3055.77,2130.71202675,
2024-03-31 18:10:00+00:00,0.6974,0.6984,0.6974,0.6984,1517.71,0.6979,1059.209809,1517.71,1059.209809,
2024-03-31 18:15:00+00:00,0.6983,0.699,0.6985,0.6983,2050.76,0.698525,1432.507129,2050.76,1432.507129,
2024-03-31 18:20:00+00:00,0.6969,0.6976,0.6976,0.6969,153.39,0.69725,106.9511775,153.39,106.9511775,
2024-03-31 18:25:00+00:00,0.6969,0.6976,0.6969,0.6976,2415.3,0.69725,1684.067925,2415.3,1684.067925,
2024-03-31 18:30:00+00:00,0.6969,0.6972,0.6972,0.6969,195.88,0.69705,136.538154,195.88,136.538154,
2024-03-31 18:35:00+00:00,0.697,0.699,0.697,0.699,329.5,0.698,229.991,329.5,229.991,
2024-03-31 18:40:00+00:00,0.699,0.6997,0.6991,0.6997,417.69,0.699375,292.12194375,417.69,292.12194375,
2024-03-31 18:45:00+00:00,0.699,0.7018,0.699,0.7012,2860.75,0.70025,2003.2401875,2860.75,2003.2401875,
2024-03-31 18:50:00+00:00,0.7,0.7016,0.7011,0.7,118.24,0.700675,82.847812,118.24,82.847812,
2024-03-31 18:55:00+00:00,0.6972,0.7,0.6997,0.6972,1513.08,0.698525,1056.924207,1513.08,1056.924207,
2024-03-31 19:00:00+00:00,0.694,0.697,0.697,0.694,4567.01,0.6955,3176.355455,4567.01,3176.355455,
2024-03-31 19:05:00+00:00,0.6939,0.6976,0.6939,0.6976,9890.09,0.69575,6881.0301175,9890.09,6881.0301175,
2024-03-31 19:10:00+00:00,0.6969,0.6983,0.6976,0.6983,7389.63,0.697775,5156.29907325,7389.63,5156.29907325,
2024-03-31 19:15:00+00:00,0.6969,0.6983,0.6976,0.6983,7389.63,0.697775,5156.29907325,7389.63,5156.29907325,
2024-03-31 19:20:00+00:00,0.6983,0.699,0.6983,0.699,85.15,0.69865,59.4900475,85.15,59.4900475,
2024-03-31 19:25:00+00:00,0.6972,0.6983,0.6983,0.6976,194.5,0.69785,135.731825,194.5,135.731825,
2024-03-31 19:30:00+00:00,0.6973,0.6982,0.6976,0.6982,497.07,0.697825,346.86787275,497.07,346.86787275,
2024-03-31 19:35:00+00:00,0.6975,0.6986,0.6983,0.6975,949.91,0.697975,663.01343225,949.91,663.01343225,
2024-03-31 19:40:00+00:00,0.6979,0.6997,0.6984,0.6997,60044.54,0.698925,41966.6301195,60044.54,41966.6301195,
2024-03-31 19:45:00+00:00,0.6983,0.699,0.699,0.6987,6792.29,0.69875,4746.1126375,6792.29,4746.1126375,
2024-03-31 19:50:00+00:00,0.6987,0.7,0.6995,0.7,641.38,0.69955,448.677379,641.38,448.677379,
2024-03-31 19:55:00+00:00,0.6991,0.6996,0.6992,0.6996,90.85,0.699375,63.53821875,90.85,63.53821875,
2024-03-31 20:00:00+00:00,0.699,0.6998,0.6998,0.6993,104.72,0.699475,73.249022,104.72,73.249022,
2024-03-31 20:05:00+00:00,0.6978,0.6991,0.6991,0.6984,5532.13,0.6986,3864.746018,5532.13,3864.746018,
2024-03-31 20:10:00+00:00,0.6976,0.6994,0.6976,0.6994,2311.5,0.6985,1614.58275,2311.5,1614.58275,
2024-03-31 20:15:00+00:00,0.6988,0.6997,0.6988,0.6996,42.23,0.699225,29.52827175,42.23,29.52827175,
2024-03-31 20:20:00+00:00,0.6974,0.6989,0.6983,0.6989,552.03,0.698375,385.52395125,552.03,385.52395125,
2024-03-31 20:25:00+00:00,0.6972,0.6979,0.6976,0.6979,97.15,0.69765,67.7766975,97.15,67.7766975,
2024-03-31 20:30:00+00:00,0.6965,0.6973,0.6973,0.6971,3792.52,0.69705,2643.576066,3792.52,2643.576066,
2024-03-31 20:35:00+00:00,0.696,0.6974,0.6969,0.696,5893.41,0.696575,4105.20207075,5893.41,4105.20207075,
2024-03-31 20:40:00+00:00,0.6935,0.6957,0.6957,0.694,2701.87,0.694725,1877.05663575,2701.87,1877.05663575,
2024-03-31 20:45:00+00:00,0.6944,0.6963,0.6948,0.6955,2025.56,0.69525,1408.27059,2025.56,1408.27059,
2024-03-31 20:50:00+00:00,0.6961,0.6969,0.6962,0.6963,1783.27,0.696375,1241.82464625,1783.27,1241.82464625,
2024-03-31 20:55:00+00:00,0.6961,0.6969,0.6962,0.6963,1783.27,0.696375,1241.82464625,1783.27,1241.82464625,
2024-03-31 21:00:00+00:00,0.6935,0.6948,0.6948,0.6947,826.36,0.69445,573.865702,826.36,573.865702,
2024-03-31 21:05:00+00:00,0.6946,0.6961,0.6946,0.6956,1908.71,0.695225,1326.98290975,1908.71,1326.98290975,
2024-03-31 21:10:00+00:00,0.6948,0.6949,0.6948,0.6949,111.21,0.69485,77.2742685,111.21,77.2742685,
2024-03-31 21:15:00+00:00,0.6933,0.6943,0.6943,0.6933,1714.71,0.6938,1189.665798,1714.71,1189.665798,
2024-03-31 21:20:00+00:00,0.6932,0.6941,0.6941,0.6935,3963.02,0.693725,2749.2460495,3963.02,2749.2460495,
2024-03-31 21:25:00+00:00,0.6913,0.6942,0.6938,0.6913,1560.98,0.69265,1081.212797,1560.98,1081.212797,
2024-03-31 21:30:00+00:00,0.6914,0.6933,0.6914,0.6933,2098.57,0.69235,1452.9449395,2098.57,1452.9449395,
2024-03-31 21:35:00+00:00,0.6908,0.692,0.692,0.6913,1621.77,0.691525,1121.49449925,1621.77,1121.49449925,
2024-03-31 21:40:00+00:00,0.6901,0.6922,0.6912,0.6918,4255.2,0.691325,2941.72614,4255.2,2941.72614,
2024-03-31 21:45:00+00:00,0.6913,0.6927,0.6927,0.6913,317.21,0.692,219.50932,317.21,219.50932,
2024-03-31 21:50:00+00:00,0.6913,0.6934,0.6916,0.6934,11783.54,0.692425,8159.2176845,11783.54,8159.2176845,
2024-03-31 21:55:00+00:00,0.6927,0.6945,0.6941,0.6937,8101.73,0.69375,5620.5751875,8101.73,5620.5751875,
2024-03-31 22:00:00+00:00,0.6931,0.6954,0.6941,0.6953,2267.75,0.694475,1574.89568125,2267.75,1574.89568125,
2024-03-31 22:05:00+00:00,0.6955,0.6976,0.6955,0.6976,17455.34,0.69655,12158.517077,17455.34,12158.517077,
2024-03-31 22:10:00+00:00,0.6962,0.6974,0.6974,0.6964,2114.39,0.69685,1473.4126715,2114.39,1473.4126715,
2024-03-31 22:15:00+00:00,0.6955,0.6969,0.6969,0.6962,18976.54,0.696375,13214.7880425,18976.54,13214.7880425,
2024-03-31 22:20:00+00:00,0.6951,0.6982,0.6957,0.6982,3148.69,0.6968,2194.007192,3148.69,2194.007192,
2024-03-31 22:25:00+00:00,0.6973,0.6983,0.6983,0.6975,49.57,0.69785,34.5924245,49.57,34.5924245,
2024-03-31 22:30:00+00:00,0.6962,0.6977,0.6969,0.6969,2206.99,0.696925,1538.10650575,2206.99,1538.10650575,
2024-03-31 22:35:00+00:00,0.6955,0.6974,0.6974,0.6955,2088.02,0.69645,1454.201529,2088.02,1454.201529,
2024-03-31 22:40:00+00:00,0.6952,0.6968,0.6953,0.6959,230.02,0.6958,160.047916,230.02,160.047916,
2024-03-31 22:45:00+00:00,0.6959,0.6976,0.6961,0.6976,1891.19,0.6968,1317.781192,1891.19,1317.781192,
2024-03-31 22:50:00+00:00,0.6976,0.6976,0.6976,0.6976,13.16,0.6976,9.180416,13.16,9.180416,
2024-03-31 22:55:00+00:00,0.6983,0.699,0.6983,0.699,2597.09,0.69865,1814.4569285,2597.09,1814.4569285,
2024-03-31 23:00:00+00:00,0.698,0.6988,0.6983,0.6988,2881.07,0.698475,2012.35536825,2881.07,2012.35536825,
2024-03-31 23:05:00+00:00,0.6983,0.6997,0.6983,0.6988,2097.21,0.698775,1465.47791775,2097.21,1465.47791775,
2024-03-31 23:10:00+00:00,0.6982,0.6996,0.6992,0.6989,2649.42,0.698975,1851.8783445,2649.42,1851.8783445,
2024-03-31 23:15:00+00:00,0.6985,0.6992,0.699,0.6985,2453.46,0.6988,1714.477848,2453.46,1714.477848,
2024-03-31 23:20:00+00:00,0.6986,0.6997,0.6986,0.6997,55.43,0.69915,38.7538845,55.43,38.7538845,
2024-03-31 23:25:00+00:00,0.6994,0.7003,0.7,0.6995,2292.54,0.6998,1604.319492,2292.54,1604.319492,
2024-03-31 23:30:00+00:00,0.6995,0.6999,0.6995,0.6995,1447.39,0.6996,1012.594044,1447.39,1012.594044,
2024-03-31 23:35:00+00:00,0.7,0.7013,0.7,0.7013,1316.5,0.70065,922.405725,1316.5,922.405725,
2024-03-31 23:40:00+00:00,0.701,0.7016,0.7016,0.7013,2110.49,0.701375,1480.24492375,2110.49,1480.24492375,
2024-03-31 23:45:00+00:00,0.7004,0.7017,0.7017,0.7007,4400.01,0.701125,3084.95701125,4400.01,3084.95701125,
2024-03-31 23:50:00+00:00,0.7004,0.7018,0.7004,0.7017,194.64,0.701075,136.457238,194.64,136.457238,
2024-03-31 23:55:00+00:00,0.7015,0.7027,0.7015,0.7021,4391.54,0.70195,3082.641503,4391.54,3082.641503,
