timestamp,low,high,open,close,volume,vwap,turnover,homeNotional,foreignNotional,trades
2022-11-01 00:00:00+00:00,0.872,0.883,0.8723,0.8813,2935.35,0.87715,2574.7422525,2935.35,2574.7422525,
2022-11-01 00:05:00+00:00,0.8789,0.8849,0.8789,0.8827,2159.01,0.88135,1902.8434635,2159.01,1902.8434635,
2022-11-01 00:10:00+00:00,0.8828,0.888,0.8828,0.887,1339.94,0.88515,1186.047891,1339.94,1186.047891,
2022-11-01 00:15:00+00:00,0.8837,0.8916,0.8878,0.8847,1560.9,0.88695,1384.440255,1560.9,1384.440255,
2022-11-01 00:20:00+00:00,0.8788,0.8863,0.8845,0.8788,93.99,0.8821,82.908579,93.99,82.908579,
2022-11-01 00:25:00+00:00,0.8779,0.8813,0.878,0.8809,1068.2,0.879525,939.508605,1068.2,939.508605,
2022-11-01 00:30:00+00:00,0.8785,0.8827,0.8824,0.8795,2733.08,0.880775,2407.228537,2733.08,2407.228537,
2022-11-01 00:35:00+00:00,0.8786,0.8856,0.8788,0.8846,2807.37,0.8819,2475.819603,2807.37,2475.819603,
2022-11-01 00:40:00+00:00,0.886,0.895,0.886,0.8933,837.44,0.890075,745.384408,837.44,745.384408,
2022-11-01 00:45:00+00:00,0.8938,0.9043,0.8945,0.9028,8984.87,0.89885,8076.0503995,8984.87,8076.0503995,
2022-11-01 00:50:00+00:00,0.9016,0.9137,0.9028,0.9097,19200.51,0.90695,17413.9025445,19200.51,17413.9025445,
2022-11-01 00:55:00+00:00,0.905,0.9102,0.9099,0.9058,4155.94,0.907725,3772.4506365,4155.94,3772.4506365,
2022-11-01 01:00:00+00:00,0.8987,0.9062,0.9055,0.9045,8435.02,0.903725,7622.9384495,8435.02,7622.9384495,
2022-11-01 01:05:00+00:00,0.9008,0.9063,0.9041,0.9048,2688.47,0.904,2430.37688,2688.47,2430.37688,
2022-11-01 01:10:00+00:00,0.9012,0.904,0.9037,0.9015,9662.07,0.9026,8720.984382,9662.07,8720.984382,
2022-11-01 01:15:00+00:00,0.8976,0.9019,0.9019,0.8983,2212.06,0.899925,1990.6880955,2212.06,1990.6880955,
2022-11-01 01:20:00+00:00,0.8944,0.8986,0.8972,0.8961,6844.48,0.896575,6136.589656,6844.48,6136.589656,
2022-11-01 01:25:00+00:00,0.8951,0.8995,0.897,0.8963,2457.93,0.896975,2204.70176175,2457.93,2204.70176175,
2022-11-01 01:30:00+00:00,0.8953,0.9018,0.8969,0.9018,2615.67,0.89895,2351.3565465,2615.67,2351.3565465,
2022-11-01 01:35:00+00:00,0.8982,0.9049,0.9015,0.8988,3059.02,0.90085,2755.718167,3059.02,2755.718167,
2022-11-01 01:40:00+00:00,0.8966,0.8993,0.8977,0.8969,4259.8,0.897625,3823.702975,4259.8,3823.702975,
2022-11-01 01:45:00+00:00,0.8969,0.9031,0.8969,0.9031,2673.96,0.9,2406.564,2673.96,2406.564,
2022-11-01 01:50:00+00:00,0.8991,0.9026,0.9026,0.9,1470.31,0.901075,1324.85958325,1470.31,1324.85958325,
2022-11-01 01:55:00+00:00,0.8994,0.9063,0.8999,0.9063,25293.04,0.902975,22838.982794,25293.04,22838.982794,
2022-11-01 02:00:00+00:00,0.8979,0.9034,0.9033,0.8989,13071.33,0.900875,11775.63441375,13071.33,11775.63441375,
2022-11-01 02:05:00+00:00,0.8999,0.9027,0.8999,0.9011,2458.21,0.9009,2214.601389,2458.21,2214.601389,
2022-11-01 02:10:00+00:00,0.898,0.9001,0.9001,0.899,6842.48,0.8993,6153.442264,6842.48,6153.442264,
2022-11-01 02:15:00+00:00,0.895,0.8992,0.8992,0.895,6458.76,0.8971,5794.153596,6458.76,5794.153596,
2022-11-01 02:20:00+00:00,0.8928,0.8948,0.8945,0.8942,3549.28,0.894075,3173.322516,3549.28,3173.322516,
2022-11-01 02:25:00+00:00,0.8935,0.8954,0.895,0.8946,2527.92,0.894625,2261.54043,2527.92,2261.54043,
2022-11-01 02:30:00+00:00,0.8942,0.8974,0.8944,0.897,24062.86,0.89575,21554.306845,24062.86,21554.306845,
2022-11-01 02:35:00+00:00,0.8957,0.8979,0.8962,0.8957,15475.05,0.896375,13871.44794375,15475.05,13871.44794375,
2022-11-01 02:40:00+00:00,0.8945,0.8964,0.8959,0.8964,876.6,0.8958,785.25828,876.6,785.25828,
2022-11-01 02:45:00+00:00,0.8949,0.8971,0.8961,0.8971,359.26,0.8963,322.004738,359.26,322.004738,
2022-11-01 02:50:00+00:00,0.8951,0.8975,0.8969,0.8954,3200.11,0.896225,2868.01858475,3200.11,2868.01858475,
2022-11-01 02:55:00+00:00,0.8932,0.8955,0.8952,0.8955,6379.71,0.89485,5708.8834935,6379.71,5708.8834935,
2022-11-01 03:00:00+00:00,0.8947,0.8997,0.895,0.8985,975.6,0.896975,875.08881,975.6,875.08881,
2022-11-01 03:05:00+00:00,0.8974,0.8985,0.8978,0.8979,54.72,0.8979,49.133088,54.72,49.133088,
2022-11-01 03:10:00+00:00,0.8976,0.9028,0.8978,0.9028,2921.89,0.90025,2630.4314725,2921.89,2630.4314725,
2022-11-01 03:15:00+00:00,0.8984,0.9046,0.9044,0.8999,2246.5,0.901825,2025.9498625,2246.5,2025.9498625,
2022-11-01 03:20:00+00:00,0.898,0.9018,0.9,0.8984,905.44,0.89955,814.488552,905.44,814.488552,
2022-11-01 03:25:00+00:00,0.8966,0.899,0.8989,0.8974,1402.24,0.897975,1259.176464,1402.24,1259.176464,
2022-11-01 03:30:00+00:00,0.8961,0.8981,0.8973,0.898,2736.11,0.897375,2455.31671125,2736.11,2455.31671125,
2022-11-01 03:35:00+00:00,0.8957,0.899,0.8981,0.8959,826.35,0.897175,741.38056125,826.35,741.38056125,
2022-11-01 03:40:00+00:00,0.8949,0.897,0.8969,0.8949,621.71,0.895925,557.00553175,621.71,557.00553175,
2022-11-01 03:45:00+00:00,0.894,0.8954,0.8944,0.895,715.17,0.8947,639.862599,715.17,639.862599,
2022-11-01 03:50:00+00:00,0.8925,0.8953,0.8953,0.8942,217.7,0.894325,194.6945525,217.7,194.6945525,
2022-11-01 03:55:00+00:00,0.8929,0.8979,0.8934,0.8973,1742.76,0.895375,1560.423735,1742.76,1560.423735,
2022-11-01 04:00:00+00:00,0.895,0.8979,0.897,0.8979,592.17,0.89695,531.1468815,592.17,531.1468815,
2022-11-01 04:05:00+00:00,0.8953,0.8985,0.8985,0.8961,1466.46,0.8971,1315.561266,1466.46,1315.561266,
2022-11-01 04:10:00+00:00,0.8933,0.8963,0.896,0.8945,603.83,0.895025,540.44294575,603.83,540.44294575,
2022-11-01 04:15:00+00:00,0.8918,0.8951,0.8939,0.8918,1088.52,0.89315,972.211638,1088.52,972.211638,
2022-11-01 04:20:00+00:00,0.886,0.892,0.892,0.8862,8395.03,0.88905,7463.6014215,8395.03,7463.6014215,
2022-11-01 04:25:00+00:00,0.885,0.8872,0.8862,0.886,2162.44,0.8861,1916.138084,2162.44,1916.138084,
2022-11-01 04:30:00+00:00,0.8804,0.8859,0.8859,0.8813,5877.28,0.883375,5191.84222,5877.28,5191.84222,
2022-11-01 04:35:00+00:00,0.8816,0.8844,0.882,0.8836,973.19,0.8829,859.229451,973.19,859.229451,
2022-11-01 04:40:00+00:00,0.8836,0.8864,0.8836,0.8862,1651.74,0.88495,1461.707313,1651.74,1461.707313,
2022-11-01 04:45:00+00:00,0.8827,0.8872,0.8865,0.8827,535.4,0.884775,473.708535,535.4,473.708535,
2022-11-01 04:50:00+00:00,0.8809,0.8838,0.8825,0.8816,1134.33,0.8822,1000.705926,1134.33,1000.705926,
2022-11-01 04:55:00+00:00,0.8816,0.884,0.8816,0.8833,2341.46,0.882625,2066.6311325,2341.46,2066.6311325,
2022-11-01 05:00:00+00:00,0.8823,0.8859,0.8837,0.8859,7244.94,0.88445,6407.787183,7244.94,6407.787183,
2022-11-01 05:05:00+00:00,0.8847,0.8859,0.8851,0.8856,614.67,0.885325,544.18271775,614.67,544.18271775,
2022-11-01 05:10:00+00:00,0.8844,0.8866,0.8845,0.886,1605.5,0.885375,1421.4695625,1605.5,1421.4695625,
2022-11-01 05:15:00+00:00,0.8849,0.8872,0.8865,0.8859,12172.1,0.886125,10786.0021125,12172.1,10786.0021125,
2022-11-01 05:20:00+00:00,0.8842,0.8851,0.885,0.885,5001.51,0.884825,4425.46108575,5001.51,4425.46108575,
2022-11-01 05:25:00+00:00,0.883,0.8848,0.8845,0.8846,2128.33,0.884225,1881.92259425,2128.33,1881.92259425,
2022-11-01 05:30:00+00:00,0.8848,0.8863,0.8852,0.8858,2398.67,0.885525,2124.08225175,2398.67,2124.08225175,
2022-11-01 05:35:00+00:00,0.8854,0.8866,0.8861,0.8864,664.73,0.886125,589.03387125,664.73,589.03387125,
2022-11-01 05:40:00+00:00,0.8832,0.8863,0.8863,0.8832,413.99,0.88475,366.2776525,413.99,366.2776525,
2022-11-01 05:45:00+00:00,0.8837,0.8876,0.8837,0.8876,1981.21,0.88565,1754.6586365,1981.21,1754.6586365,
2022-11-01 05:50:00+00:00,0.8874,0.8894,0.8874,0.8892,672.39,0.88835,597.3176565,672.39,597.3176565,
2022-11-01 05:55:00+00:00,0.8876,0.8897,0.8897,0.8876,317.77,0.88865,282.3863105,317.77,282.3863105,
2022-11-01 06:00:00+00:00,0.8861,0.8894,0.8872,0.8881,838.2,0.8877,744.07014,838.2,744.07014,
2022-11-01 06:05:00+00:00,0.8892,0.8922,0.8892,0.8922,511.95,0.8907,455.993865,511.95,455.993865,
2022-11-01 06:10:00+00:00,0.8922,0.894,0.8925,0.8933,589.03,0.893,526.00379,589.03,526.00379,
2022-11-01 06:15:00+00:00,0.8928,0.8976,0.8933,0.8943,24677.18,0.8945,22073.73751,24677.18,22073.73751,
2022-11-01 06:20:00+00:00,0.891,0.8958,0.895,0.891,1898.31,0.8932,1695.570492,1898.31,1695.570492,
2022-11-01 06:25:00+00:00,0.889,0.891,0.891,0.8906,10491.16,0.8904,9341.328864,10491.16,9341.328864,
2022-11-01 06:30:00+00:00,0.8896,0.8913,0.8913,0.8896,1997.2,0.89045,1778.40674,1997.2,1778.40674,
2022-11-01 06:35:00+00:00,0.8881,0.891,0.8899,0.889,4361.5,0.8895,3879.55425,4361.5,3879.55425,
2022-11-01 06:40:00+00:00,0.8889,0.8907,0.8891,0.8905,1614.63,0.8898,1436.697774,1614.63,1436.697774,
2022-11-01 06:45:00+00:00,0.8901,0.8922,0.8907,0.8908,499.29,0.89095,444.8424255,499.29,444.8424255,
2022-11-01 06:50:00+00:00,0.891,0.8934,0.892,0.8928,672.85,0.8923,600.384055,672.85,600.384055,
2022-11-01 06:55:00+00:00,0.8916,0.893,0.8928,0.8919,956.14,0.892325,853.1876255,956.14,853.1876255,
2022-11-01 07:00:00+00:00,0.8891,0.8936,0.8922,0.8895,1390.63,0.8911,1239.190393,1390.63,1239.190393,
2022-11-01 07:05:00+00:00,0.8895,0.8931,0.8895,0.8924,1069.33,0.891125,952.90669625,1069.33,952.90669625,
2022-11-01 07:10:00+00:00,0.8927,0.8955,0.8932,0.895,398.85,0.8941,356.611785,398.85,356.611785,
2022-11-01 07:15:00+00:00,0.8911,0.8943,0.8943,0.8918,409.14,0.892875,365.3108775,409.14,365.3108775,
2022-11-01 07:20:00+00:00,0.888,0.8923,0.8917,0.888,8757.5,0.89,7794.175,8757.5,7794.175,
2022-11-01 07:25:00+00:00,0.8863,0.8889,0.8879,0.8863,1321.54,0.88735,1172.668519,1321.54,1172.668519,
2022-11-01 07:30:00+00:00,0.8857,0.8871,0.8863,0.8862,148.84,0.886325,131.920613,148.84,131.920613,
2022-11-01 07:35:00+00:00,0.8865,0.8878,0.8865,0.8865,1190.33,0.886825,1055.61440225,1190.33,1055.61440225,
2022-11-01 07:40:00+00:00,0.8862,0.8881,0.8863,0.8881,270.52,0.887175,239.998581,270.52,239.998581,
2022-11-01 07:45:00+00:00,0.8835,0.8881,0.8881,0.885,1081.96,0.886175,958.805903,1081.96,958.805903,
2022-11-01 07:50:00+00:00,0.8834,0.8855,0.8846,0.8838,793.35,0.884325,701.57923875,793.35,701.57923875,
2022-11-01 07:55:00+00:00,0.8819,0.8832,0.8819,0.883,639.11,0.8825,564.014575,639.11,564.014575,
2022-11-01 08:00:00+00:00,0.8834,0.8866,0.8834,0.8866,3794.38,0.885,3358.0263,3794.38,3358.0263,
2022-11-01 08:05:00+00:00,0.8854,0.888,0.8871,0.8854,3640.3,0.886475,3227.0349425,3640.3,3227.0349425,
2022-11-01 08:10:00+00:00,0.8841,0.886,0.8851,0.8846,1124.29,0.88495,994.9404355,1124.29,994.9404355,
2022-11-01 08:15:00+00:00,0.8814,0.8847,0.8847,0.882,4691.33,0.8832,4143.382656,4691.33,4143.382656,
2022-11-01 08:20:00+00:00,0.8818,0.8832,0.8822,0.8822,1945.69,0.88235,1716.7795715,1945.69,1716.7795715,
2022-11-01 08:25:00+00:00,0.8801,0.883,0.8821,0.8811,1199.93,0.881575,1057.82828975,1199.93,1057.82828975,
2022-11-01 08:30:00+00:00,0.8809,0.8818,0.8814,0.8815,103.46,0.8814,91.189644,103.46,91.189644,
2022-11-01 08:35:00+00:00,0.8809,0.883,0.8811,0.8829,808.65,0.881975,713.20908375,808.65,713.20908375,
2022-11-01 08:40:00+00:00,0.8812,0.8842,0.8829,0.8817,1382.19,0.8825,1219.782675,1382.19,1219.782675,
2022-11-01 08:45:00+00:00,0.8812,0.8847,0.8819,0.8817,692.33,0.882375,610.89468375,692.33,610.89468375,
2022-11-01 08:50:00+00:00,0.8807,0.883,0.8807,0.8818,622.81,0.88155,549.0381555,622.81,549.0381555,
2022-11-01 08:55:00+00:00,0.8811,0.883,0.8822,0.8811,1366.5,0.88185,1205.048025,1366.5,1205.048025,
2022-11-01 09:00:00+00:00,0.8806,0.883,0.8813,0.883,810.25,0.881975,714.62024375,810.25,714.62024375,
2022-11-01 09:05:00+00:00,0.8825,0.8841,0.8834,0.8832,2015.66,0.8833,1780.432478,2015.66,1780.432478,
2022-11-01 09:10:00+00:00,0.8832,0.8867,0.8835,0.8844,1278.22,0.88445,1130.521679,1278.22,1130.521679,
2022-11-01 09:15:00+00:00,0.8845,0.8898,0.8848,0.8876,4701.7,0.886675,4168.8798475,4701.7,4168.8798475,
2022-11-01 09:20:00+00:00,0.8865,0.8899,0.8888,0.8897,2201.49,0.888725,1956.51920025,2201.49,1956.51920025,
2022-11-01 09:25:00+00:00,0.8889,0.8911,0.8896,0.8894,1761.72,0.88975,1567.49037,1761.72,1567.49037,
2022-11-01 09:30:00+00:00,0.8888,0.8945,0.889,0.8937,1802.97,0.8915,1607.347755,1802.97,1607.347755,
2022-11-01 09:35:00+00:00,0.8925,0.8949,0.8939,0.8931,806.68,0.8936,720.849248,806.68,720.849248,
2022-11-01 09:40:00+00:00,0.8932,0.899,0.8932,0.8977,777.77,0.895775,696.70692175,777.77,696.70692175,
2022-11-01 09:45:00+00:00,0.8976,0.9047,0.899,0.8976,2470.85,0.899725,2223.08551625,2470.85,2223.08551625,
2022-11-01 09:50:00+00:00,0.8941,0.899,0.899,0.896,594.7,0.897025,533.4607675,594.7,533.4607675,
2022-11-01 09:55:00+00:00,0.8947,0.8973,0.8958,0.8973,476.41,0.896275,426.99437275,476.41,426.99437275,
2022-11-01 10:00:00+00:00,0.8927,0.9005,0.8973,0.8928,4575.03,0.895825,4098.42624975,4575.03,4098.42624975,
2022-11-01 10:05:00+00:00,0.8923,0.8975,0.8923,0.8975,5967.24,0.8949,5340.083076,5967.24,5340.083076,
2022-11-01 10:10:00+00:00,0.8972,0.9015,0.8974,0.9013,1585.05,0.89935,1425.5147175,1585.05,1425.5147175,
2022-11-01 10:15:00+00:00,0.901,0.9064,0.901,0.9063,3137.44,0.903675,2835.226092,3137.44,2835.226092,
2022-11-01 10:20:00+00:00,0.9071,0.9189,0.9071,0.9096,24096.73,0.910675,21944.28959275,24096.73,21944.28959275,
2022-11-01 10:25:00+00:00,0.9004,0.9078,0.9078,0.9066,8209.32,0.90565,7434.770658,8209.32,7434.770658,
2022-11-01 10:30:00+00:00,0.8986,0.9054,0.9054,0.8998,5581.45,0.9023,5036.142335,5581.45,5036.142335,
2022-11-01 10:35:00+00:00,0.8965,0.9002,0.8997,0.8975,2476.2,0.898475,2224.803795,2476.2,2224.803795,
2022-11-01 10:40:00+00:00,0.8974,0.8995,0.8976,0.8982,1423.78,0.898175,1278.8036015,1423.78,1278.8036015,
2022-11-01 10:45:00+00:00,0.8975,0.9018,0.8975,0.9018,1952.38,0.89965,1756.458667,1952.38,1756.458667,
2022-11-01 10:50:00+00:00,0.8972,0.9006,0.9006,0.8977,7649.01,0.899025,6876.65121525,7649.01,6876.65121525,
2022-11-01 10:55:00+00:00,0.898,0.9029,0.898,0.9027,12298.57,0.9004,11073.632428,12298.57,11073.632428,
2022-11-01 11:00:00+00:00,0.8933,0.9021,0.9021,0.8956,8811.74,0.898275,7915.3657485,8811.74,7915.3657485,
2022-11-01 11:05:00+00:00,0.8927,0.8971,0.8935,0.8952,1096.21,0.894625,980.69687125,1096.21,980.69687125,
2022-11-01 11:10:00+00:00,0.8873,0.896,0.896,0.8901,2368.14,0.89235,2113.209729,2368.14,2113.209729,
2022-11-01 11:15:00+00:00,0.884,0.8896,0.8896,0.8867,12058.75,0.887475,10701.83915625,12058.75,10701.83915625,
2022-11-01 11:20:00+00:00,0.8849,0.8892,0.8877,0.8854,3990.62,0.8868,3538.881816,3990.62,3538.881816,
2022-11-01 11:25:00+00:00,0.8849,0.8884,0.8861,0.8874,3282.14,0.8867,2910.273538,3282.14,2910.273538,
2022-11-01 11:30:00+00:00,0.8862,0.89,0.8884,0.8878,2276.92,0.8881,2022.132652,2276.92,2022.132652,
2022-11-01 11:35:00+00:00,0.8867,0.8896,0.8881,0.8876,1674.93,0.888,1487.33784,1674.93,1487.33784,
2022-11-01 11:40:00+00:00,0.8861,0.8877,0.8863,0.8867,216.37,0.8867,191.855279,216.37,191.855279,
2022-11-01 11:45:00+00:00,0.8854,0.8882,0.8854,0.8871,735.87,0.886525,652.36715175,735.87,652.36715175,
2022-11-01 11:50:00+00:00,0.8877,0.8889,0.888,0.8887,715.88,0.888325,635.934101,715.88,635.934101,
2022-11-01 11:55:00+00:00,0.8869,0.8885,0.8885,0.8882,232.18,0.888025,206.1816445,232.18,206.1816445,
2022-11-01 12:00:00+00:00,0.887,0.8892,0.8877,0.8871,1065.05,0.88775,945.4981375,1065.05,945.4981375,
2022-11-01 12:05:00+00:00,0.8761,0.8877,0.8876,0.8792,1341.86,0.88265,1184.392729,1341.86,1184.392729,
2022-11-01 12:10:00+00:00,0.8796,0.8834,0.8798,0.8825,260.34,0.881325,229.4441505,260.34,229.4441505,
2022-11-01 12:15:00+00:00,0.8815,0.8844,0.8825,0.8815,3468.61,0.882475,3060.96160975,3468.61,3060.96160975,
2022-11-01 12:20:00+00:00,0.881,0.8848,0.8815,0.8848,2588.53,0.883025,2285.73670325,2588.53,2285.73670325,
2022-11-01 12:25:00+00:00,0.8843,0.8855,0.8849,0.8845,297.64,0.8848,263.351872,297.64,263.351872,
2022-11-01 12:30:00+00:00,0.8833,0.8869,0.8849,0.8869,698.03,0.8855,618.105565,698.03,618.105565,
2022-11-01 12:35:00+00:00,0.8867,0.889,0.887,0.8875,309.29,0.88755,274.5103395,309.29,274.5103395,
2022-11-01 12:40:00+00:00,0.8876,0.8893,0.8882,0.8889,692.69,0.8885,615.455065,692.69,615.455065,
2022-11-01 12:45:00+00:00,0.8882,0.8927,0.8882,0.8912,1102.05,0.890075,980.90715375,1102.05,980.90715375,
2022-11-01 12:50:00+00:00,0.8901,0.8919,0.8916,0.8912,1445.0,0.8912,1287.784,1445.0,1287.784,
2022-11-01 12:55:00+00:00,0.8903,0.8931,0.8917,0.8931,483.65,0.89205,431.4399825,483.65,431.4399825,
2022-11-01 13:00:00+00:00,0.8891,0.894,0.8929,0.8898,1597.44,0.89145,1424.037888,1597.44,1424.037888,
2022-11-01 13:05:00+00:00,0.8876,0.8896,0.8891,0.8876,38.19,0.888475,33.93086025,38.19,33.93086025,
2022-11-01 13:10:00+00:00,0.8854,0.8885,0.8874,0.8859,808.87,0.8868,717.305916,808.87,717.305916,
2022-11-01 13:15:00+00:00,0.8867,0.8896,0.8867,0.889,1305.62,0.888,1159.39056,1305.62,1159.39056,
2022-11-01 13:20:00+00:00,0.8897,0.892,0.8904,0.8903,1733.65,0.8906,1543.98869,1733.65,1543.98869,
2022-11-01 13:25:00+00:00,0.8885,0.8919,0.8899,0.89,504.37,0.890075,448.92712775,504.37,448.92712775,
2022-11-01 13:30:00+00:00,0.8909,0.8934,0.8918,0.893,340.14,0.892275,303.4984185,340.14,303.4984185,
2022-11-01 13:35:00+00:00,0.8875,0.8933,0.8927,0.8884,2307.21,0.890475,2054.51282475,2307.21,2054.51282475,
2022-11-01 13:40:00+00:00,0.8798,0.8883,0.8883,0.8807,7579.76,0.884275,6702.592274,7579.76,6702.592274,
2022-11-01 13:45:00+00:00,0.8673,0.8806,0.8798,0.8732,11497.94,0.875225,10063.2845365,11497.94,10063.2845365,
2022-11-01 13:50:00+00:00,0.8687,0.8737,0.8737,0.8726,1209.5,0.872175,1054.8956625,1209.5,1054.8956625,
2022-11-01 13:55:00+00:00,0.8725,0.875,0.8726,0.8747,527.96,0.8737,461.278652,527.96,461.278652,
2022-11-01 14:00:00+00:00,0.869,0.8751,0.8751,0.8703,3140.47,0.872375,2739.66751625,3140.47,2739.66751625,
2022-11-01 14:05:00+00:00,0.8681,0.871,0.8698,0.8686,1500.76,0.869375,1304.723225,1500.76,1304.723225,
2022-11-01 14:10:00+00:00,0.8682,0.8724,0.8684,0.8721,1574.92,0.870275,1370.613503,1574.92,1370.613503,
2022-11-01 14:15:00+00:00,0.8717,0.8753,0.8717,0.8725,932.96,0.8728,814.287488,932.96,814.287488,
2022-11-01 14:20:00+00:00,0.8711,0.8752,0.8711,0.8733,11596.49,0.872675,10119.96691075,11596.49,10119.96691075,
2022-11-01 14:25:00+00:00,0.8699,0.8738,0.8733,0.8723,4502.9,0.872325,3927.9922425,4502.9,3927.9922425,
2022-11-01 14:30:00+00:00,0.8709,0.8744,0.8711,0.8744,2546.49,0.8727,2222.321823,2546.49,2222.321823,
2022-11-01 14:35:00+00:00,0.8691,0.8754,0.874,0.8691,1575.49,0.8719,1373.669731,1575.49,1373.669731,
2022-11-01 14:40:00+00:00,0.8677,0.8699,0.8695,0.8683,560.83,0.86885,487.2771455,560.83,487.2771455,
2022-11-01 14:45:00+00:00,0.8674,0.871,0.8674,0.8702,1166.64,0.869,1013.81016,1166.64,1013.81016,
2022-11-01 14:50:00+00:00,0.8695,0.8707,0.8707,0.8701,1848.9,0.87025,1609.005225,1848.9,1609.005225,
2022-11-01 14:55:00+00:00,0.8641,0.8706,0.8703,0.8651,4343.84,0.867525,3768.389796,4343.84,3768.389796,
2022-11-01 15:00:00+00:00,0.8645,0.8706,0.8645,0.8706,3550.86,0.86755,3080.548593,3550.86,3080.548593,
2022-11-01 15:05:00+00:00,0.8682,0.8705,0.8702,0.8701,1351.33,0.86975,1175.3192675,1351.33,1175.3192675,
2022-11-01 15:10:00+00:00,0.8697,0.8728,0.8697,0.872,993.27,0.87105,865.1878335,993.27,865.1878335,
2022-11-01 15:15:00+00:00,0.8719,0.8732,0.8721,0.872,1668.96,0.8723,1455.833808,1668.96,1455.833808,
2022-11-01 15:20:00+00:00,0.8717,0.874,0.8717,0.8735,1330.97,0.872725,1161.57079325,1330.97,1161.57079325,
2022-11-01 15:25:00+00:00,0.8729,0.8751,0.8732,0.8751,809.23,0.874075,707.32771225,809.23,707.32771225,
2022-11-01 15:30:00+00:00,0.8741,0.8763,0.8753,0.8758,1365.16,0.875375,1195.026935,1365.16,1195.026935,
2022-11-01 15:35:00+00:00,0.8704,0.8767,0.8755,0.8719,1369.02,0.873625,1196.0100975,1369.02,1196.0100975,
2022-11-01 15:40:00+00:00,0.8706,0.873,0.8719,0.8715,13129.56,0.87175,11445.69393,13129.56,11445.69393,
2022-11-01 15:45:00+00:00,0.8708,0.8719,0.8717,0.8709,946.53,0.871325,824.73525225,946.53,824.73525225,
2022-11-01 15:50:00+00:00,0.8698,0.8713,0.871,0.8698,745.56,0.870475,648.991341,745.56,648.991341,
2022-11-01 15:55:00+00:00,0.8695,0.8728,0.8698,0.8722,529.51,0.871075,461.24292325,529.51,461.24292325,
2022-11-01 16:00:00+00:00,0.8677,0.8718,0.8716,0.8687,852.74,0.86995,741.841163,852.74,741.841163,
2022-11-01 16:05:00+00:00,0.8696,0.8739,0.8696,0.8734,744.01,0.871625,648.49771625,744.01,648.49771625,
2022-11-01 16:10:00+00:00,0.8724,0.874,0.874,0.8732,2167.62,0.8734,1893.199308,2167.62,1893.199308,
2022-11-01 16:15:00+00:00,0.8721,0.8737,0.8725,0.8729,1322.16,0.8728,1153.981248,1322.16,1153.981248,
2022-11-01 16:20:00+00:00,0.871,0.8733,0.8733,0.871,39.82,0.87215,34.729013,39.82,34.729013,
2022-11-01 16:25:00+00:00,0.8664,0.872,0.872,0.867,293.59,0.86935,255.2324665,293.59,255.2324665,
2022-11-01 16:30:00+00:00,0.861,0.8671,0.8671,0.8626,3343.72,0.86445,2890.478754,3343.72,2890.478754,
2022-11-01 16:35:00+00:00,0.8611,0.866,0.8627,0.8656,1778.3,0.86385,1536.184455,1778.3,1536.184455,
2022-11-01 16:40:00+00:00,0.8661,0.8697,0.8661,0.8689,3080.41,0.8677,2672.871757,3080.41,2672.871757,
2022-11-01 16:45:00+00:00,0.8682,0.8698,0.8689,0.869,764.18,0.868975,664.0533155,764.18,664.0533155,
2022-11-01 16:50:00+00:00,0.865,0.8685,0.8685,0.8677,3586.72,0.867425,3111.210596,3586.72,3111.210596,
2022-11-01 16:55:00+00:00,0.8658,0.87,0.8669,0.8695,2442.63,0.86805,2120.3249715,2442.63,2120.3249715,
2022-11-01 17:00:00+00:00,0.8669,0.8691,0.8691,0.8683,1132.24,0.86835,983.180604,1132.24,983.180604,
2022-11-01 17:05:00+00:00,0.8683,0.8702,0.8683,0.8701,455.62,0.869225,396.0362945,455.62,396.0362945,
2022-11-01 17:10:00+00:00,0.8699,0.872,0.8699,0.8712,640.02,0.87075,557.297415,640.02,557.297415,
2022-11-01 17:15:00+00:00,0.8702,0.8726,0.8714,0.8724,540.02,0.87165,470.708433,540.02,470.708433,
2022-11-01 17:20:00+00:00,0.8698,0.8734,0.8721,0.8716,653.26,0.871725,569.4630735,653.26,569.4630735,
2022-11-01 17:25:00+00:00,0.8711,0.8726,0.8716,0.8716,1298.4,0.871725,1131.84774,1298.4,1131.84774,
2022-11-01 17:30:00+00:00,0.8715,0.8733,0.8715,0.8721,1774.28,0.8721,1547.349588,1774.28,1547.349588,
2022-11-01 17:35:00+00:00,0.8709,0.8736,0.871,0.8728,6655.34,0.872075,5803.9556305,6655.34,5803.9556305,
2022-11-01 17:40:00+00:00,0.8714,0.873,0.8723,0.8725,6556.21,0.8723,5718.981983,6556.21,5718.981983,
2022-11-01 17:45:00+00:00,0.8719,0.8737,0.8729,0.8722,1186.7,0.872675,1035.6034225,1186.7,1035.6034225,
2022-11-01 17:50:00+00:00,0.8722,0.8739,0.8724,0.8732,1059.7,0.872925,925.0386225,1059.7,925.0386225,
2022-11-01 17:55:00+00:00,0.8719,0.874,0.8733,0.8737,1205.32,0.873225,1052.515557,1205.32,1052.515557,
2022-11-01 18:00:00+00:00,0.8724,0.8739,0.8738,0.873,167.8,0.873275,146.535545,167.8,146.535545,
2022-11-01 18:05:00+00:00,0.8724,0.8741,0.8728,0.8736,596.5,0.873225,520.8787125,596.5,520.8787125,
2022-11-01 18:10:00+00:00,0.8713,0.8729,0.8724,0.8713,242.29,0.871975,211.27082275,242.29,211.27082275,
2022-11-01 18:15:00+00:00,0.8709,0.8727,0.8717,0.8727,1523.22,0.872,1328.24784,1523.22,1328.24784,
2022-11-01 18:20:00+00:00,0.8717,0.8729,0.8727,0.8726,993.34,0.872475,866.6643165,993.34,866.6643165,
2022-11-01 18:25:00+00:00,0.8713,0.8725,0.8721,0.8723,236.99,0.87205,206.6671295,236.99,206.6671295,
2022-11-01 18:30:00+00:00,0.8717,0.8733,0.8723,0.8718,137.46,0.872275,119.9029215,137.46,119.9029215,
2022-11-01 18:35:00+00:00,0.8717,0.8729,0.8726,0.8723,601.18,0.872375,524.4544025,601.18,524.4544025,
2022-11-01 18:40:00+00:00,0.8724,0.8737,0.8729,0.8733,567.77,0.873075,495.70579275,567.77,495.70579275,
2022-11-01 18:45:00+00:00,0.8715,0.8731,0.8731,0.8721,401.23,0.87245,350.0531135,401.23,350.0531135,
2022-11-01 18:50:00+00:00,0.8721,0.8743,0.8721,0.8735,193.0,0.873,168.489,193.0,168.489,
2022-11-01 18:55:00+00:00,0.8741,0.8747,0.8742,0.8742,533.31,0.8743,466.272933,533.31,466.272933,
2022-11-01 19:00:00+00:00,0.8733,0.8742,0.8742,0.8739,294.76,0.8739,257.590764,294.76,257.590764,
2022-11-01 19:05:00+00:00,0.874,0.8753,0.874,0.8753,116.69,0.87465,102.0629085,116.69,102.0629085,
2022-11-01 19:10:00+00:00,0.8743,0.8754,0.8749,0.8744,3611.57,0.87475,3159.2208575,3611.57,3159.2208575,
2022-11-01 19:15:00+00:00,0.8745,0.8758,0.875,0.8752,301.84,0.875125,264.14773,301.84,264.14773,
2022-11-01 19:20:00+00:00,0.8735,0.8755,0.8755,0.8737,965.6,0.87455,844.46548,965.6,844.46548,
2022-11-01 19:25:00+00:00,0.8719,0.8737,0.8732,0.8731,10223.23,0.872975,8924.62420925,10223.23,8924.62420925,
2022-11-01 19:30:00+00:00,0.8713,0.8727,0.8713,0.8726,559.36,0.871975,487.747936,559.36,487.747936,
2022-11-01 19:35:00+00:00,0.8711,0.8728,0.8728,0.8713,728.29,0.872,635.06888,728.29,635.06888,
2022-11-01 19:40:00+00:00,0.871,0.8727,0.871,0.8726,792.08,0.871825,690.555146,792.08,690.555146,
2022-11-01 19:45:00+00:00,0.8682,0.8729,0.8729,0.87,3865.48,0.871,3366.83308,3865.48,3366.83308,
2022-11-01 19:50:00+00:00,0.8684,0.8698,0.869,0.8698,348.27,0.86925,302.7336975,348.27,302.7336975,
2022-11-01 19:55:00+00:00,0.8692,0.8713,0.8695,0.8707,47411.96,0.870175,41256.702293,47411.96,41256.702293,
2022-11-01 20:00:00+00:00,0.8675,0.8702,0.8702,0.8688,6810.19,0.869175,5919.24689325,6810.19,5919.24689325,
2022-11-01 20:05:00+00:00,0.8675,0.8689,0.8683,0.8678,1694.83,0.868125,1471.32429375,1694.83,1471.32429375,
2022-11-01 20:10:00+00:00,0.8672,0.8699,0.8676,0.8699,4122.8,0.86865,3581.27022,4122.8,3581.27022,
2022-11-01 20:15:00+00:00,0.8679,0.8698,0.8684,0.8698,578.35,0.868975,502.57169125,578.35,502.57169125,
2022-11-01 20:20:00+00:00,0.869,0.8704,0.8696,0.8695,5944.89,0.869625,5169.82496625,5944.89,5169.82496625,
2022-11-01 20:25:00+00:00,0.8685,0.87,0.8695,0.8696,1436.27,0.8694,1248.693138,1436.27,1248.693138,
2022-11-01 20:30:00+00:00,0.8696,0.8706,0.8696,0.87,2271.17,0.86995,1975.8043415,2271.17,1975.8043415,
2022-11-01 20:35:00+00:00,0.8696,0.8714,0.8705,0.8698,718.08,0.870325,624.962976,718.08,624.962976,
2022-11-01 20:40:00+00:00,0.8697,0.8723,0.8697,0.8721,3092.85,0.87095,2693.7177075,3092.85,2693.7177075,
2022-11-01 20:45:00+00:00,0.8707,0.8722,0.8721,0.8707,804.87,0.871425,701.38383975,804.87,701.38383975,
2022-11-01 20:50:00+00:00,0.8701,0.8712,0.8704,0.8708,4632.31,0.870625,4033.00489375,4632.31,4033.00489375,
2022-11-01 20:55:00+00:00,0.8708,0.8732,0.8711,0.8727,470.64,0.87195,410.374548,470.64,410.374548,
2022-11-01 21:00:00+00:00,0.8703,0.8729,0.8722,0.8703,2216.41,0.871425,1931.43508425,2216.41,1931.43508425,
2022-11-01 21:05:00+00:00,0.8694,0.8708,0.8701,0.8698,1904.01,0.870025,1656.53630025,1904.01,1656.53630025,
2022-11-01 21:10:00+00:00,0.8682,0.8698,0.8698,0.8692,8325.25,0.86925,7236.7235625,8325.25,7236.7235625,
2022-11-01 21:15:00+00:00,0.869,0.8713,0.8693,0.8703,1942.67,0.869975,1690.07433325,1942.67,1690.07433325,
2022-11-01 21:20:00+00:00,0.8701,0.8714,0.8707,0.8701,573.61,0.870575,499.37052575,573.61,499.37052575,
2022-11-01 21:25:00+00:00,0.8691,0.8699,0.8697,0.8694,912.43,0.869525,793.38069575,912.43,793.38069575,
2022-11-01 21:30:00+00:00,0.8684,0.8693,0.8693,0.8685,79.34,0.868875,68.9365425,79.34,68.9365425,
2022-11-01 21:35:00+00:00,0.8685,0.8707,0.8685,0.8695,213.95,0.8693,185.986735,213.95,185.986735,
2022-11-01 21:40:00+00:00,0.8688,0.8703,0.8693,0.8696,401.19,0.8695,348.834705,401.19,348.834705,
2022-11-01 21:45:00+00:00,0.8686,0.8697,0.8697,0.8688,72.69,0.8692,63.182148,72.69,63.182148,
2022-11-01 21:50:00+00:00,0.8688,0.8696,0.8688,0.8692,152.53,0.8691,132.563823,152.53,132.563823,
2022-11-01 21:55:00+00:00,0.8657,0.8696,0.8693,0.8668,1114.84,0.86785,967.513894,1114.84,967.513894,
2022-11-01 22:00:00+00:00,0.8672,0.8699,0.8672,0.8679,451.24,0.86805,391.698882,451.24,391.698882,
2022-11-01 22:05:00+00:00,0.865,0.8672,0.8672,0.8658,1365.66,0.8663,1183.071258,1365.66,1183.071258,
2022-11-01 22:10:00+00:00,0.864,0.8657,0.8657,0.8651,41.21,0.865125,35.65180125,41.21,35.65180125,
2022-11-01 22:15:00+00:00,0.8642,0.866,0.8653,0.8643,689.11,0.86495,596.0456945,689.11,596.0456945,
2022-11-01 22:20:00+00:00,0.864,0.8664,0.8646,0.8643,3081.82,0.864825,2665.2349815,3081.82,2665.2349815,
2022-11-01 22:25:00+00:00,0.8646,0.8667,0.8648,0.8663,261.62,0.8656,226.458272,261.62,226.458272,
2022-11-01 22:30:00+00:00,0.864,0.8663,0.8655,0.8658,573.16,0.8654,496.012664,573.16,496.012664,
2022-11-01 22:35:00+00:00,0.865,0.867,0.8656,0.867,312.14,0.86615,270.360061,312.14,270.360061,
2022-11-01 22:40:00+00:00,0.8645,0.8666,0.8665,0.8645,259.24,0.865525,224.378701,259.24,224.378701,
2022-11-01 22:45:00+00:00,0.8607,0.8654,0.8653,0.8628,1007.37,0.86355,869.9143635,1007.37,869.9143635,
2022-11-01 22:50:00+00:00,0.862,0.864,0.862,0.864,1111.86,0.863,959.53518,1111.86,959.53518,
2022-11-01 22:55:00+00:00,0.8634,0.866,0.8641,0.8651,1315.44,0.86465,1137.395196,1315.44,1137.395196,
2022-11-01 23:00:00+00:00,0.8639,0.8673,0.8653,0.8665,1033.94,0.86575,895.133555,1033.94,895.133555,
2022-11-01 23:05:00+00:00,0.8661,0.8676,0.8662,0.8665,1061.46,0.8666,919.861236,1061.46,919.861236,
2022-11-01 23:10:00+00:00,0.8659,0.8672,0.8665,0.8665,2531.73,0.866525,2193.80733825,2531.73,2193.80733825,
2022-11-01 23:15:00+00:00,0.8662,0.8674,0.8667,0.8674,327.67,0.866925,284.06531475,327.67,284.06531475,
2022-11-01 23:20:00+00:00,0.8667,0.8685,0.8672,0.8667,737.98,0.867275,640.0316045,737.98,640.0316045,
2022-11-01 23:25:00+00:00,0.8646,0.8673,0.867,0.8652,484.37,0.866025,419.47652925,484.37,419.47652925,
2022-11-01 23:30:00+00:00,0.8646,0.8658,0.8655,0.8651,103.72,0.86525,89.74373,103.72,89.74373,
2022-11-01 23:35:00+00:00,0.8646,0.8665,0.8649,0.8648,814.89,0.8652,705.042828,814.89,705.042828,
2022-11-01 23:40:00+00:00,0.8646,0.8661,0.8646,0.8647,2002.96,0.865,1732.5604,2002.96,1732.5604,
2022-11-01 23:45:00+00:00,0.8619,0.8651,0.8645,0.8623,8431.37,0.86345,7280.0664265,8431.37,7280.0664265,
2022-11-01 23:50:00+00:00,0.8617,0.8628,0.862,0.8618,726.21,0.862075,626.04748575,726.21,626.04748575,
2022-11-01 23:55:00+00:00,0.8593,0.8618,0.8617,0.8593,4592.77,0.860525,3952.19340425,4592.77,3952.19340425,
2022-11-02 00:00:00+00:00,0.8599,0.8626,0.86,0.861,1024.3,0.860875,881.7942625,1024.3,881.7942625,
2022-11-02 00:05:00+00:00,0.846,0.8592,0.8592,0.8492,14367.66,0.8534,12261.361044,14367.66,12261.361044,
2022-11-02 00:10:00+00:00,0.8461,0.8547,0.8478,0.8522,5320.87,0.8502,4523.803674,5320.87,4523.803674,
2022-11-02 00:15:00+00:00,0.8509,0.8532,0.8522,0.8525,1289.05,0.8522,1098.52841,1289.05,1098.52841,
2022-11-02 00:20:00+00:00,0.8511,0.8534,0.8527,0.8516,1469.81,0.8522,1252.572082,1469.81,1252.572082,
2022-11-02 00:25:00+00:00,0.8514,0.8546,0.8514,0.8525,673.46,0.852475,574.1078135,673.46,574.1078135,
2022-11-02 00:30:00+00:00,0.8528,0.8542,0.8537,0.8528,403.41,0.853375,344.26000875,403.41,344.26000875,
2022-11-02 00:35:00+00:00,0.8518,0.8543,0.8525,0.8533,364.17,0.852975,310.62790575,364.17,310.62790575,
2022-11-02 00:40:00+00:00,0.8531,0.8547,0.8532,0.8547,496.86,0.853925,424.2811755,496.86,424.2811755,
2022-11-02 00:45:00+00:00,0.854,0.8571,0.8542,0.8564,239.37,0.855425,204.76308225,239.37,204.76308225,
2022-11-02 00:50:00+00:00,0.8563,0.8573,0.8564,0.8573,488.73,0.856825,418.75608225,488.73,418.75608225,
2022-11-02 00:55:00+00:00,0.8571,0.8582,0.8574,0.8578,1747.57,0.857625,1498.75972125,1747.57,1498.75972125,
2022-11-02 01:00:00+00:00,0.8575,0.8594,0.8578,0.859,1074.51,0.858425,922.38624675,1074.51,922.38624675,
2022-11-02 01:05:00+00:00,0.8586,0.8598,0.8591,0.8591,622.3,0.85915,534.649045,622.3,534.649045,
2022-11-02 01:10:00+00:00,0.8593,0.8606,0.8595,0.8605,603.93,0.859975,519.36470175,603.93,519.36470175,
2022-11-02 01:15:00+00:00,0.8593,0.8618,0.86,0.8596,594.66,0.860175,511.5116655,594.66,511.5116655,
2022-11-02 01:20:00+00:00,0.8596,0.8606,0.8601,0.8599,279.64,0.86005,240.504382,279.64,240.504382,
2022-11-02 01:25:00+00:00,0.8601,0.8614,0.8601,0.8614,632.03,0.86075,544.0198225,632.03,544.0198225,
2022-11-02 01:30:00+00:00,0.8607,0.8622,0.862,0.8617,302.4,0.86165,260.56296,302.4,260.56296,
2022-11-02 01:35:00+00:00,0.8604,0.8619,0.8619,0.8611,454.45,0.861325,391.42914625,454.45,391.42914625,
2022-11-02 01:40:00+00:00,0.8596,0.8626,0.8609,0.8614,645.39,0.861125,555.76146375,645.39,555.76146375,
2022-11-02 01:45:00+00:00,0.858,0.8606,0.8606,0.8588,2457.15,0.8595,2111.920425,2457.15,2111.920425,
2022-11-02 01:50:00+00:00,0.8583,0.8594,0.8594,0.8584,1066.31,0.858875,915.82700125,1066.31,915.82700125,
2022-11-02 01:55:00+00:00,0.857,0.858,0.858,0.8575,840.43,0.857625,720.77377875,840.43,720.77377875,
2022-11-02 02:00:00+00:00,0.8531,0.8576,0.8576,0.8531,978.59,0.85535,837.0369565,978.59,837.0369565,
2022-11-02 02:05:00+00:00,0.8504,0.8531,0.8531,0.8512,1764.72,0.85195,1503.453204,1764.72,1503.453204,
2022-11-02 02:10:00+00:00,0.8516,0.854,0.8516,0.8531,5640.28,0.852575,4808.761721,5640.28,4808.761721,
2022-11-02 02:15:00+00:00,0.8472,0.8536,0.853,0.8492,5619.73,0.85075,4780.9852975,5619.73,4780.9852975,
2022-11-02 02:20:00+00:00,0.849,0.851,0.8499,0.85,983.12,0.849975,835.627422,983.12,835.627422,
2022-11-02 02:25:00+00:00,0.8492,0.8503,0.8499,0.85,1691.43,0.84985,1437.4617855,1691.43,1437.4617855,
2022-11-02 02:30:00+00:00,0.8499,0.8523,0.8499,0.8508,4242.0,0.850725,3608.77545,4242.0,3608.77545,
2022-11-02 02:35:00+00:00,0.8517,0.8525,0.8521,0.8522,2521.02,0.852125,2148.2241675,2521.02,2148.2241675,
2022-11-02 02:40:00+00:00,0.8514,0.853,0.8525,0.853,871.2,0.852475,742.67622,871.2,742.67622,
2022-11-02 02:45:00+00:00,0.8521,0.8533,0.8523,0.8524,409.8,0.852525,349.364745,409.8,349.364745,
2022-11-02 02:50:00+00:00,0.8522,0.854,0.8522,0.854,395.98,0.8531,337.810538,395.98,337.810538,
2022-11-02 02:55:00+00:00,0.8529,0.8545,0.8541,0.8541,4260.07,0.8539,3637.673773,4260.07,3637.673773,
2022-11-02 03:00:00+00:00,0.8518,0.8541,0.8536,0.8538,5389.05,0.853325,4598.61109125,5389.05,4598.61109125,
2022-11-02 03:05:00+00:00,0.8531,0.8543,0.8543,0.8536,1397.66,0.853825,1193.3570495,1397.66,1193.3570495,
2022-11-02 03:10:00+00:00,0.852,0.854,0.8535,0.854,1132.71,0.853375,966.62639625,1132.71,966.62639625,
2022-11-02 03:15:00+00:00,0.8529,0.8543,0.8537,0.853,5079.32,0.853475,4335.072637,5079.32,4335.072637,
2022-11-02 03:20:00+00:00,0.8542,0.8557,0.8544,0.8555,572.63,0.85495,489.5700185,572.63,489.5700185,
2022-11-02 03:25:00+00:00,0.855,0.8568,0.8558,0.8561,3945.1,0.855925,3376.7097175,3945.1,3376.7097175,
2022-11-02 03:30:00+00:00,0.855,0.857,0.8565,0.8568,621.71,0.856325,532.38581575,621.71,532.38581575,
2022-11-02 03:35:00+00:00,0.8553,0.8582,0.8566,0.8582,4349.1,0.857075,3727.5048825,4349.1,3727.5048825,
2022-11-02 03:40:00+00:00,0.8564,0.8592,0.858,0.8564,1690.62,0.8575,1449.70665,1690.62,1449.70665,
2022-11-02 03:45:00+00:00,0.8566,0.8573,0.857,0.8573,842.2,0.85705,721.80751,842.2,721.80751,
2022-11-02 03:50:00+00:00,0.855,0.8575,0.8571,0.8552,3254.02,0.8562,2786.091924,3254.02,2786.091924,
2022-11-02 03:55:00+00:00,0.854,0.8559,0.8553,0.854,1997.37,0.8548,1707.351876,1997.37,1707.351876,
2022-11-02 04:00:00+00:00,0.8519,0.8538,0.8535,0.8532,1526.71,0.8531,1302.436301,1526.71,1302.436301,
2022-11-02 04:05:00+00:00,0.8508,0.8552,0.8541,0.8522,1388.16,0.853075,1184.204592,1388.16,1184.204592,
2022-11-02 04:10:00+00:00,0.8514,0.853,0.8522,0.853,2327.83,0.8524,1984.242292,2327.83,1984.242292,
2022-11-02 04:15:00+00:00,0.8522,0.8536,0.853,0.8522,1280.15,0.85275,1091.6479125,1280.15,1091.6479125,
2022-11-02 04:20:00+00:00,0.852,0.8527,0.8522,0.8527,1783.23,0.8524,1520.025252,1783.23,1520.025252,
2022-11-02 04:25:00+00:00,0.8513,0.8534,0.8524,0.8528,2152.01,0.852475,1834.53472475,2152.01,1834.53472475,
2022-11-02 04:30:00+00:00,0.8516,0.8543,0.8533,0.8516,3691.53,0.8527,3147.767631,3691.53,3147.767631,
2022-11-02 04:35:00+00:00,0.8466,0.8512,0.8512,0.8466,4447.23,0.8489,3775.253547,4447.23,3775.253547,
2022-11-02 04:40:00+00:00,0.8473,0.8487,0.8474,0.848,846.84,0.84785,717.993294,846.84,717.993294,
2022-11-02 04:45:00+00:00,0.8463,0.849,0.848,0.849,2758.9,0.848075,2339.7541175,2758.9,2339.7541175,
2022-11-02 04:50:00+00:00,0.8488,0.8506,0.8494,0.8488,922.35,0.8494,783.44409,922.35,783.44409,
2022-11-02 04:55:00+00:00,0.8487,0.8503,0.8494,0.8501,1249.67,0.849625,1061.75087375,1249.67,1061.75087375,
2022-11-02 05:00:00+00:00,0.8503,0.851,0.8503,0.8506,624.75,0.85055,531.3811125,624.75,531.3811125,
2022-11-02 05:05:00+00:00,0.8492,0.8516,0.8502,0.8494,13674.52,0.8501,11624.709452,13674.52,11624.709452,
2022-11-02 05:10:00+00:00,0.8483,0.8498,0.849,0.8496,1229.93,0.849175,1044.42580775,1229.93,1044.42580775,
2022-11-02 05:15:00+00:00,0.8464,0.8499,0.849,0.8476,13275.16,0.848225,11260.322591,13275.16,11260.322591,
2022-11-02 05:20:00+00:00,0.8431,0.8499,0.848,0.849,7492.11,0.8475,6349.563225,7492.11,6349.563225,
2022-11-02 05:25:00+00:00,0.8466,0.8483,0.8475,0.8475,370.8,0.847475,314.24373,370.8,314.24373,
2022-11-02 05:30:00+00:00,0.8449,0.8488,0.8475,0.8462,296.14,0.84685,250.786159,296.14,250.786159,
2022-11-02 05:35:00+00:00,0.8417,0.8467,0.8461,0.846,6860.03,0.845125,5797.58285375,6860.03,5797.58285375,
2022-11-02 05:40:00+00:00,0.8439,0.8463,0.8463,0.8463,1611.74,0.8457,1363.048518,1611.74,1363.048518,
2022-11-02 05:45:00+00:00,0.8416,0.8476,0.8466,0.8429,2843.43,0.844675,2401.77423525,2843.43,2401.77423525,
2022-11-02 05:50:00+00:00,0.8388,0.8443,0.8431,0.8397,7140.09,0.841475,6008.20723275,7140.09,6008.20723275,
2022-11-02 05:55:00+00:00,0.8397,0.8421,0.8413,0.8411,2868.64,0.84105,2412.669672,2868.64,2412.669672,
2022-11-02 06:00:00+00:00,0.841,0.8429,0.8421,0.841,2982.95,0.84175,2510.8981625,2982.95,2510.8981625,
2022-11-02 06:05:00+00:00,0.8388,0.8416,0.8412,0.8396,1503.46,0.8403,1263.357438,1503.46,1263.357438,
2022-11-02 06:10:00+00:00,0.8383,0.8394,0.8394,0.8386,3571.64,0.838925,2996.338087,3571.64,2996.338087,
2022-11-02 06:15:00+00:00,0.836,0.839,0.8382,0.8386,1122.17,0.83795,940.3223515,1122.17,940.3223515,
2022-11-02 06:20:00+00:00,0.8348,0.8384,0.8384,0.8365,1776.51,0.837025,1486.98328275,1776.51,1486.98328275,
2022-11-02 06:25:00+00:00,0.8356,0.8371,0.8365,0.836,1983.4,0.8363,1658.71742,1983.4,1658.71742,
2022-11-02 06:30:00+00:00,0.8333,0.838,0.836,0.8362,1745.11,0.835875,1458.69382125,1745.11,1458.69382125,
2022-11-02 06:35:00+00:00,0.8353,0.8368,0.8356,0.836,325.91,0.835925,272.43631675,325.91,272.43631675,
2022-11-02 06:40:00+00:00,0.8351,0.8368,0.836,0.8368,358.84,0.836175,300.053037,358.84,300.053037,
2022-11-02 06:45:00+00:00,0.8342,0.838,0.838,0.8351,1246.13,0.836325,1042.16967225,1246.13,1042.16967225,
2022-11-02 06:50:00+00:00,0.8337,0.8365,0.8365,0.834,184.37,0.835175,153.98121475,184.37,153.98121475,
2022-11-02 06:55:00+00:00,0.8284,0.8338,0.8326,0.8338,6845.92,0.83215,5696.832328,6845.92,5696.832328,
2022-11-02 07:00:00+00:00,0.833,0.835,0.8336,0.8348,716.97,0.8341,598.024677,716.97,598.024677,
2022-11-02 07:05:00+00:00,0.8344,0.8356,0.8356,0.8344,318.37,0.835,265.83895,318.37,265.83895,
2022-11-02 07:10:00+00:00,0.8314,0.835,0.835,0.8314,820.29,0.8332,683.465628,820.29,683.465628,
2022-11-02 07:15:00+00:00,0.8214,0.8297,0.8297,0.8223,6422.51,0.825775,5303.54819525,6422.51,5303.54819525,
2022-11-02 07:20:00+00:00,0.8219,0.8257,0.8228,0.8248,7243.02,0.8238,5966.799876,7243.02,5966.799876,
2022-11-02 07:25:00+00:00,0.8243,0.8272,0.825,0.8261,2546.69,0.82565,2102.6745985,2546.69,2102.6745985,
2022-11-02 07:30:00+00:00,0.8241,0.8272,0.8241,0.8272,1787.53,0.82565,1475.8741445,1787.53,1475.8741445,
2022-11-02 07:35:00+00:00,0.8275,0.829,0.828,0.8281,165.86,0.82815,137.356959,165.86,137.356959,
2022-11-02 07:40:00+00:00,0.8266,0.8297,0.8281,0.8297,183.12,0.828525,151.719498,183.12,151.719498,
2022-11-02 07:45:00+00:00,0.8259,0.8291,0.8291,0.8271,4060.19,0.8278,3361.025282,4060.19,3361.025282,
2022-11-02 07:50:00+00:00,0.8267,0.8285,0.8272,0.8279,1132.49,0.827575,937.22041175,1132.49,937.22041175,
2022-11-02 07:55:00+00:00,0.8272,0.8281,0.8275,0.8273,3238.09,0.827525,2679.60042725,3238.09,2679.60042725,
2022-11-02 08:00:00+00:00,0.8258,0.827,0.8259,0.8259,176.69,0.82615,145.9724435,176.69,145.9724435,
2022-11-02 08:05:00+00:00,0.8234,0.8253,0.8251,0.8253,1139.6,0.824775,939.91359,1139.6,939.91359,
2022-11-02 08:10:00+00:00,0.8233,0.8255,0.8255,0.8235,1125.03,0.82445,927.5309835,1125.03,927.5309835,
2022-11-02 08:15:00+00:00,0.8239,0.8265,0.8239,0.826,2120.97,0.825075,1749.95932275,2120.97,1749.95932275,
2022-11-02 08:20:00+00:00,0.8255,0.8272,0.826,0.827,602.93,0.826425,498.27642525,602.93,498.27642525,
2022-11-02 08:25:00+00:00,0.8271,0.8284,0.8271,0.8279,493.01,0.827625,408.02740125,493.01,408.02740125,
2022-11-02 08:30:00+00:00,0.8262,0.8284,0.8264,0.8284,884.92,0.82735,732.138562,884.92,732.138562,
2022-11-02 08:35:00+00:00,0.827,0.8287,0.8282,0.828,783.98,0.827975,649.1158405,783.98,649.1158405,
2022-11-02 08:40:00+00:00,0.8274,0.8288,0.8281,0.8285,628.94,0.8282,520.888108,628.94,520.888108,
2022-11-02 08:45:00+00:00,0.8275,0.8292,0.8285,0.8292,1250.75,0.8286,1036.37145,1250.75,1036.37145,
2022-11-02 08:50:00+00:00,0.8285,0.8308,0.829,0.8308,905.06,0.829775,750.9961615,905.06,750.9961615,
2022-11-02 08:55:00+00:00,0.8305,0.8343,0.8307,0.834,1454.28,0.832375,1210.506315,1454.28,1210.506315,
2022-11-02 09:00:00+00:00,0.8325,0.835,0.8339,0.8328,5051.26,0.83355,4210.477773,5051.26,4210.477773,
2022-11-02 09:05:00+00:00,0.8294,0.8331,0.8331,0.8297,1813.1,0.831325,1507.2753575,1813.1,1507.2753575,
2022-11-02 09:10:00+00:00,0.8286,0.8305,0.8296,0.8292,1840.83,0.829475,1526.92246425,1840.83,1526.92246425,
2022-11-02 09:15:00+00:00,0.8275,0.8292,0.8291,0.8275,739.26,0.828325,612.3475395,739.26,612.3475395,
2022-11-02 09:20:00+00:00,0.8256,0.8281,0.8281,0.8268,1307.27,0.82715,1081.3083805,1307.27,1081.3083805,
2022-11-02 09:25:00+00:00,0.8237,0.8272,0.8269,0.8238,2487.97,0.8254,2053.570438,2487.97,2053.570438,
2022-11-02 09:30:00+00:00,0.8163,0.8252,0.823,0.8185,9243.48,0.82075,7586.58621,9243.48,7586.58621,
2022-11-02 09:35:00+00:00,0.8174,0.8201,0.8192,0.8174,561.45,0.818525,459.56086125,561.45,459.56086125,
2022-11-02 09:40:00+00:00,0.8164,0.8195,0.8169,0.8195,815.51,0.818075,667.14834325,815.51,667.14834325,
2022-11-02 09:45:00+00:00,0.8185,0.8216,0.8197,0.8191,6087.52,0.819725,4990.092332,6087.52,4990.092332,
2022-11-02 09:50:00+00:00,0.8151,0.8195,0.8188,0.8151,730.75,0.817125,597.11409375,730.75,597.11409375,
2022-11-02 09:55:00+00:00,0.8122,0.8155,0.8155,0.8127,3457.64,0.813975,2814.432519,3457.64,2814.432519,
2022-11-02 10:00:00+00:00,0.805,0.8125,0.8125,0.81,15128.88,0.81,12254.3928,15128.88,12254.3928,
2022-11-02 10:05:00+00:00,0.8066,0.813,0.8101,0.813,10259.14,0.810675,8316.8283195,10259.14,8316.8283195,
2022-11-02 10:10:00+00:00,0.8129,0.8146,0.814,0.8137,1501.15,0.8138,1221.63587,1501.15,1221.63587,
2022-11-02 10:15:00+00:00,0.811,0.8144,0.8131,0.8144,2039.4,0.813225,1658.491065,2039.4,1658.491065,
2022-11-02 10:20:00+00:00,0.811,0.8148,0.8142,0.8142,2809.28,0.81355,2285.489744,2809.28,2285.489744,
2022-11-02 10:25:00+00:00,0.8114,0.815,0.8139,0.8114,4062.98,0.812925,3302.8980165,4062.98,3302.8980165,
2022-11-02 10:30:00+00:00,0.8115,0.816,0.8115,0.8155,1154.19,0.813625,939.07783875,1154.19,939.07783875,
2022-11-02 10:35:00+00:00,0.8145,0.8166,0.8155,0.8166,4913.98,0.8158,4008.824884,4913.98,4008.824884,
2022-11-02 10:40:00+00:00,0.8148,0.8164,0.816,0.8156,688.96,0.8157,561.984672,688.96,561.984672,
2022-11-02 10:45:00+00:00,0.814,0.8156,0.8156,0.8147,1820.52,0.814975,1483.678287,1820.52,1483.678287,
2022-11-02 10:50:00+00:00,0.8145,0.8153,0.8152,0.8153,719.1,0.815075,586.1204325,719.1,586.1204325,
2022-11-02 10:55:00+00:00,0.8153,0.8171,0.816,0.8166,5024.36,0.81625,4101.13385,5024.36,4101.13385,
2022-11-02 11:00:00+00:00,0.8164,0.8174,0.8164,0.8171,3308.67,0.816825,2702.60437275,3308.67,2702.60437275,
2022-11-02 11:05:00+00:00,0.8157,0.8171,0.8171,0.8163,564.91,0.81655,461.2772605,564.91,461.2772605,
2022-11-02 11:10:00+00:00,0.8162,0.8182,0.8162,0.8182,728.75,0.8172,595.5345,728.75,595.5345,
2022-11-02 11:15:00+00:00,0.8159,0.8184,0.8178,0.8163,882.86,0.8171,721.384906,882.86,721.384906,
2022-11-02 11:20:00+00:00,0.8167,0.8176,0.8167,0.8167,4126.26,0.816925,3370.8449505,4126.26,3370.8449505,
2022-11-02 11:25:00+00:00,0.8162,0.8178,0.8163,0.8171,748.6,0.81685,611.49391,748.6,611.49391,
2022-11-02 11:30:00+00:00,0.817,0.82,0.817,0.8195,1426.56,0.818375,1167.46104,1426.56,1167.46104,
2022-11-02 11:35:00+00:00,0.8165,0.8195,0.8195,0.8184,4768.51,0.818475,3902.90622225,4768.51,3902.90622225,
2022-11-02 11:40:00+00:00,0.8171,0.8184,0.8179,0.8176,431.18,0.81775,352.597445,431.18,352.597445,
2022-11-02 11:45:00+00:00,0.8146,0.8173,0.8172,0.8152,1439.92,0.816075,1175.082714,1439.92,1175.082714,
2022-11-02 11:50:00+00:00,0.8152,0.8164,0.8154,0.8164,3959.89,0.81585,3230.6762565,3959.89,3230.6762565,
2022-11-02 11:55:00+00:00,0.8154,0.817,0.8164,0.8159,1745.41,0.816175,1424.56000675,1745.41,1424.56000675,
2022-11-02 12:00:00+00:00,0.8143,0.8158,0.8154,0.8143,253.97,0.81495,206.9728515,253.97,206.9728515,
2022-11-02 12:05:00+00:00,0.8137,0.815,0.8147,0.8137,1939.49,0.814275,1579.27821975,1939.49,1579.27821975,
2022-11-02 12:10:00+00:00,0.8127,0.8139,0.8138,0.8132,2057.55,0.8134,1673.61117,2057.55,1673.61117,
2022-11-02 12:15:00+00:00,0.809,0.8153,0.8111,0.8146,4811.71,0.8125,3909.514375,4811.71,3909.514375,
2022-11-02 12:20:00+00:00,0.8136,0.816,0.8146,0.8152,1822.69,0.81485,1485.2189465,1822.69,1485.2189465,
2022-11-02 12:25:00+00:00,0.8127,0.815,0.815,0.8143,2172.95,0.81425,1769.3245375,2172.95,1769.3245375,
2022-11-02 12:30:00+00:00,0.813,0.8151,0.8133,0.8147,1565.35,0.814025,1274.23403375,1565.35,1274.23403375,
2022-11-02 12:35:00+00:00,0.8142,0.8174,0.815,0.8174,1802.62,0.816,1470.93792,1802.62,1470.93792,
2022-11-02 12:40:00+00:00,0.8156,0.8174,0.8172,0.8164,1667.69,0.81665,1361.9190385,1667.69,1361.9190385,
2022-11-02 12:45:00+00:00,0.8159,0.8167,0.8163,0.8161,352.78,0.81625,287.956675,352.78,287.956675,
2022-11-02 12:50:00+00:00,0.8142,0.8165,0.8165,0.815,2445.2,0.81555,1994.18286,2445.2,1994.18286,
2022-11-02 12:55:00+00:00,0.8139,0.8151,0.8142,0.8151,6902.11,0.814575,5622.28625325,6902.11,5622.28625325,
2022-11-02 13:00:00+00:00,0.8139,0.8163,0.814,0.8159,7106.43,0.815025,5791.91811075,7106.43,5791.91811075,
2022-11-02 13:05:00+00:00,0.8152,0.818,0.8162,0.8176,4769.39,0.81675,3895.3992825,4769.39,3895.3992825,
2022-11-02 13:10:00+00:00,0.8164,0.8177,0.8174,0.8172,2178.48,0.817175,1780.199394,2178.48,1780.199394,
2022-11-02 13:15:00+00:00,0.8166,0.8183,0.8176,0.818,2775.24,0.817625,2269.105605,2775.24,2269.105605,
2022-11-02 13:20:00+00:00,0.8172,0.8196,0.818,0.8196,3006.96,0.8186,2461.497456,3006.96,2461.497456,
2022-11-02 13:25:00+00:00,0.8188,0.8203,0.8199,0.8192,9265.5,0.81955,7593.540525,9265.5,7593.540525,
2022-11-02 13:30:00+00:00,0.814,0.8192,0.819,0.8148,9428.45,0.81675,7700.6865375,9428.45,7700.6865375,
2022-11-02 13:35:00+00:00,0.8143,0.8169,0.8143,0.8167,3592.43,0.81555,2929.8062865,3592.43,2929.8062865,
2022-11-02 13:40:00+00:00,0.8165,0.8184,0.8169,0.8167,6992.45,0.817125,5713.70570625,6992.45,5713.70570625,
2022-11-02 13:45:00+00:00,0.8165,0.8193,0.8166,0.8183,2335.7,0.817675,1909.8434975,2335.7,1909.8434975,
2022-11-02 13:50:00+00:00,0.8178,0.8205,0.8186,0.8205,4592.82,0.81935,3763.127067,4592.82,3763.127067,
2022-11-02 13:55:00+00:00,0.8186,0.8211,0.82,0.8196,2762.97,0.819825,2265.15188025,2762.97,2265.15188025,
2022-11-02 14:00:00+00:00,0.8163,0.8207,0.8196,0.8175,10729.75,0.818525,8782.56861875,10729.75,8782.56861875,
2022-11-02 14:05:00+00:00,0.8167,0.8189,0.8176,0.8189,183.72,0.818025,150.287553,183.72,150.287553,
2022-11-02 14:10:00+00:00,0.8186,0.8223,0.8188,0.8208,1082.43,0.820125,887.72790375,1082.43,887.72790375,
2022-11-02 14:15:00+00:00,0.8208,0.823,0.8217,0.823,2211.44,0.822125,1818.08011,2211.44,1818.08011,
2022-11-02 14:20:00+00:00,0.8219,0.8234,0.8225,0.8224,1391.22,0.82255,1144.348011,1391.22,1144.348011,
2022-11-02 14:25:00+00:00,0.8201,0.8223,0.8221,0.8211,3246.94,0.8214,2667.036516,3246.94,2667.036516,
2022-11-02 14:30:00+00:00,0.8188,0.8208,0.8208,0.8188,1639.87,0.8198,1344.365426,1639.87,1344.365426,
2022-11-02 14:35:00+00:00,0.8187,0.8211,0.8187,0.8211,1160.69,0.8199,951.649731,1160.69,951.649731,
2022-11-02 14:40:00+00:00,0.8201,0.8221,0.8215,0.8219,1269.57,0.8214,1042.824798,1269.57,1042.824798,
2022-11-02 14:45:00+00:00,0.8217,0.824,0.8217,0.8221,1837.46,0.822375,1511.0811675,1837.46,1511.0811675,
2022-11-02 14:50:00+00:00,0.8211,0.8227,0.8224,0.8217,1681.5,0.821975,1382.1509625,1681.5,1382.1509625,
2022-11-02 14:55:00+00:00,0.8208,0.8218,0.8211,0.8208,806.57,0.821125,662.29479125,806.57,662.29479125,
2022-11-02 15:00:00+00:00,0.8196,0.8205,0.8205,0.8202,259.52,0.8202,212.858304,259.52,212.858304,
2022-11-02 15:05:00+00:00,0.8193,0.8207,0.8202,0.8199,9447.4,0.820025,7747.104185,9447.4,7747.104185,
2022-11-02 15:10:00+00:00,0.8189,0.8201,0.8197,0.8193,645.76,0.8195,529.20032,645.76,529.20032,
2022-11-02 15:15:00+00:00,0.8179,0.8194,0.8191,0.8194,898.72,0.81895,736.006744,898.72,736.006744,
2022-11-02 15:20:00+00:00,0.8179,0.8194,0.8194,0.819,866.78,0.818925,709.8278115,866.78,709.8278115,
2022-11-02 15:25:00+00:00,0.818,0.8201,0.8191,0.8191,13613.68,0.819075,11150.624946,13613.68,11150.624946,
2022-11-02 15:30:00+00:00,0.8173,0.8193,0.8192,0.8173,1231.69,0.818275,1007.86113475,1231.69,1007.86113475,
2022-11-02 15:35:00+00:00,0.8172,0.8191,0.8173,0.818,2963.08,0.8179,2423.503132,2963.08,2423.503132,
2022-11-02 15:40:00+00:00,0.8178,0.8216,0.8178,0.8216,6172.7,0.8197,5059.76219,6172.7,5059.76219,
2022-11-02 15:45:00+00:00,0.8204,0.8217,0.8211,0.8212,6196.11,0.8211,5087.625921,6196.11,5087.625921,
2022-11-02 15:50:00+00:00,0.8203,0.8212,0.821,0.8205,665.95,0.82075,546.5784625,665.95,546.5784625,
2022-11-02 15:55:00+00:00,0.8199,0.821,0.821,0.82,498.93,0.820475,409.35959175,498.93,409.35959175,
2022-11-02 16:00:00+00:00,0.8193,0.8206,0.8201,0.8206,984.98,0.82015,807.831347,984.98,807.831347,
2022-11-02 16:05:00+00:00,0.82,0.8213,0.8201,0.821,1361.88,0.8206,1117.558728,1361.88,1117.558728,
2022-11-02 16:10:00+00:00,0.8198,0.821,0.8207,0.8201,1093.46,0.8204,897.074584,1093.46,897.074584,
2022-11-02 16:15:00+00:00,0.8174,0.8206,0.8201,0.8178,2196.08,0.818975,1798.534618,2196.08,1798.534618,
2022-11-02 16:20:00+00:00,0.815,0.8183,0.818,0.815,616.07,0.816575,503.06736025,616.07,503.06736025,
2022-11-02 16:25:00+00:00,0.8117,0.8158,0.8154,0.8123,1197.73,0.8138,974.712674,1197.73,974.712674,
2022-11-02 16:30:00+00:00,0.8123,0.814,0.8137,0.8123,2203.75,0.813075,1791.81403125,2203.75,1791.81403125,
2022-11-02 16:35:00+00:00,0.8118,0.8153,0.813,0.8153,1203.62,0.81385,979.566137,1203.62,979.566137,
2022-11-02 16:40:00+00:00,0.8147,0.82,0.8147,0.819,771.83,0.8171,630.662293,771.83,630.662293,
2022-11-02 16:45:00+00:00,0.8181,0.8224,0.8196,0.8224,1437.39,0.820625,1179.55816875,1437.39,1179.55816875,
2022-11-02 16:50:00+00:00,0.8223,0.8257,0.8223,0.8237,1431.8,0.8235,1179.0873,1431.8,1179.0873,
2022-11-02 16:55:00+00:00,0.8228,0.8251,0.8238,0.8245,465.41,0.82405,383.5211105,465.41,383.5211105,
2022-11-02 17:00:00+00:00,0.82,0.8244,0.824,0.82,989.88,0.8221,813.780348,989.88,813.780348,
2022-11-02 17:05:00+00:00,0.819,0.8213,0.8203,0.8205,773.96,0.820275,634.860039,773.96,634.860039,
2022-11-02 17:10:00+00:00,0.8175,0.82,0.82,0.8179,403.59,0.81885,330.4796715,403.59,330.4796715,
2022-11-02 17:15:00+00:00,0.8151,0.8182,0.8182,0.8165,713.41,0.817,582.85597,713.41,582.85597,
2022-11-02 17:20:00+00:00,0.8161,0.818,0.8166,0.8165,285.88,0.8168,233.506784,285.88,233.506784,
2022-11-02 17:25:00+00:00,0.8164,0.819,0.8166,0.8186,867.33,0.81765,709.1723745,867.33,709.1723745,
2022-11-02 17:30:00+00:00,0.8171,0.819,0.8181,0.8184,2003.17,0.81815,1638.8935355,2003.17,1638.8935355,
2022-11-02 17:35:00+00:00,0.8177,0.8193,0.819,0.8182,230.98,0.81855,189.068679,230.98,189.068679,
2022-11-02 17:40:00+00:00,0.8167,0.818,0.818,0.8175,97.69,0.81755,79.8664595,97.69,79.8664595,
2022-11-02 17:45:00+00:00,0.8158,0.8176,0.8173,0.816,1320.0,0.816675,1078.011,1320.0,1078.011,
2022-11-02 17:50:00+00:00,0.813,0.8173,0.816,0.8133,263.89,0.8149,215.043961,263.89,215.043961,
2022-11-02 17:55:00+00:00,0.8086,0.8161,0.8127,0.8099,8661.95,0.811825,7031.98755875,8661.95,7031.98755875,
2022-11-02 18:00:00+00:00,0.8097,0.836,0.81,0.834,35173.13,0.822425,28927.26144025,35173.13,28927.26144025,
2022-11-02 18:05:00+00:00,0.8332,0.8423,0.8337,0.837,10885.83,0.83655,9106.5410865,10885.83,9106.5410865,
2022-11-02 18:10:00+00:00,0.8336,0.8415,0.836,0.8404,37438.68,0.837875,31368.934005,37438.68,31368.934005,
2022-11-02 18:15:00+00:00,0.8393,0.8458,0.8394,0.8426,2856.89,0.841775,2404.85857975,2856.89,2404.85857975,
2022-11-02 18:20:00+00:00,0.841,0.845,0.8433,0.8413,9626.08,0.84265,8111.416312,9626.08,8111.416312,
2022-11-02 18:25:00+00:00,0.8413,0.8463,0.8413,0.8462,3015.85,0.843775,2544.69883375,3015.85,2544.69883375,
2022-11-02 18:30:00+00:00,0.8374,0.8473,0.8453,0.8414,6291.82,0.84285,5303.060487,6291.82,5303.060487,
2022-11-02 18:35:00+00:00,0.8113,0.8445,0.8412,0.8273,35358.56,0.831075,29385.615252,35358.56,29385.615252,
2022-11-02 18:40:00+00:00,0.8248,0.8366,0.826,0.8297,20421.41,0.829275,16934.96477775,20421.41,16934.96477775,
2022-11-02 18:45:00+00:00,0.8281,0.8332,0.831,0.8306,5785.39,0.830725,4806.06810775,5785.39,4806.06810775,
2022-11-02 18:50:00+00:00,0.8144,0.8291,0.8291,0.8186,5436.05,0.8228,4472.78194,5436.05,4472.78194,
2022-11-02 18:55:00+00:00,0.8163,0.8239,0.819,0.8221,30923.98,0.820325,25367.7138935,30923.98,25367.7138935,
2022-11-02 19:00:00+00:00,0.8209,0.8268,0.8209,0.8265,5059.93,0.823775,4168.24383575,5059.93,4168.24383575,
2022-11-02 19:05:00+00:00,0.8286,0.8349,0.8293,0.8345,2029.63,0.831825,1688.29697475,2029.63,1688.29697475,
2022-11-02 19:10:00+00:00,0.828,0.833,0.833,0.8284,752.99,0.8306,625.433494,752.99,625.433494,
2022-11-02 19:15:00+00:00,0.8221,0.8282,0.8282,0.8226,7076.7,0.825275,5840.2235925,7076.7,5840.2235925,
2022-11-02 19:20:00+00:00,0.8133,0.8226,0.8223,0.814,12235.35,0.81805,10009.1280675,12235.35,10009.1280675,
2022-11-02 19:25:00+00:00,0.8035,0.8139,0.8139,0.8113,6942.34,0.81065,5627.807921,6942.34,5627.807921,
2022-11-02 19:30:00+00:00,0.8039,0.8141,0.8108,0.8083,28280.99,0.809275,22887.09818225,28280.99,22887.09818225,
2022-11-02 19:35:00+00:00,0.8077,0.8152,0.8085,0.8145,4511.32,0.811475,3660.823397,4511.32,3660.823397,
2022-11-02 19:40:00+00:00,0.8115,0.8144,0.8142,0.8142,9772.52,0.813575,7950.677959,9772.52,7950.677959,
2022-11-02 19:45:00+00:00,0.8121,0.8148,0.8142,0.8124,3844.22,0.813375,3126.7924425,3844.22,3126.7924425,
2022-11-02 19:50:00+00:00,0.8082,0.8145,0.8139,0.8092,4589.68,0.81145,3724.295836,4589.68,3724.295836,
2022-11-02 19:55:00+00:00,0.8078,0.8096,0.8093,0.8079,2214.49,0.80865,1790.7473385,2214.49,1790.7473385,
2022-11-02 20:00:00+00:00,0.8068,0.812,0.8068,0.8115,5476.99,0.809275,4432.39108225,5476.99,4432.39108225,
2022-11-02 20:05:00+00:00,0.8099,0.8136,0.8125,0.8099,2828.22,0.811475,2295.0298245,2828.22,2295.0298245,
2022-11-02 20:10:00+00:00,0.8048,0.8112,0.8099,0.8048,7879.07,0.807675,6363.72786225,7879.07,6363.72786225,
2022-11-02 20:15:00+00:00,0.7943,0.804,0.8031,0.8004,19835.69,0.80045,15877.4780605,19835.69,15877.4780605,
2022-11-02 20:20:00+00:00,0.7914,0.8007,0.7998,0.7919,34972.81,0.79595,27836.6081195,34972.81,27836.6081195,
2022-11-02 20:25:00+00:00,0.7945,0.7988,0.7945,0.7978,1540.78,0.7964,1227.077192,1540.78,1227.077192,
2022-11-02 20:30:00+00:00,0.7931,0.8029,0.7976,0.8008,10188.33,0.7986,8136.400338,10188.33,8136.400338,
2022-11-02 20:35:00+00:00,0.7986,0.8009,0.7998,0.7998,2588.25,0.799775,2070.01764375,2588.25,2070.01764375,
2022-11-02 20:40:00+00:00,0.7983,0.8008,0.7994,0.8003,1446.39,0.7997,1156.678083,1446.39,1156.678083,
2022-11-02 20:45:00+00:00,0.7981,0.8033,0.7997,0.8019,1284.45,0.80075,1028.5233375,1284.45,1028.5233375,
2022-11-02 20:50:00+00:00,0.7998,0.8043,0.8019,0.8043,7701.76,0.802575,6181.240032,7701.76,6181.240032,
2022-11-02 20:55:00+00:00,0.8015,0.8036,0.8034,0.8024,2396.05,0.802725,1923.36923625,2396.05,1923.36923625,
2022-11-02 21:00:00+00:00,0.8015,0.8052,0.8015,0.8036,191.38,0.80295,153.668571,191.38,153.668571,
2022-11-02 21:05:00+00:00,0.8016,0.8055,0.8038,0.8037,18331.6,0.80365,14732.19034,18331.6,14732.19034,
2022-11-02 21:10:00+00:00,0.8038,0.8055,0.8041,0.805,1370.9,0.8046,1103.02614,1370.9,1103.02614,
2022-11-02 21:15:00+00:00,0.805,0.807,0.8054,0.8059,2871.88,0.805825,2314.232701,2871.88,2314.232701,
2022-11-02 21:20:00+00:00,0.8026,0.8058,0.8037,0.8058,829.81,0.804475,667.56139975,829.81,667.56139975,
2022-11-02 21:25:00+00:00,0.803,0.8067,0.8062,0.8067,3529.73,0.80565,2843.7269745,3529.73,2843.7269745,
2022-11-02 21:30:00+00:00,0.8069,0.8089,0.8069,0.8084,1267.92,0.807775,1024.194078,1267.92,1024.194078,
2022-11-02 21:35:00+00:00,0.806,0.8078,0.8065,0.8076,1810.36,0.806975,1460.915261,1810.36,1460.915261,
2022-11-02 21:40:00+00:00,0.8065,0.8076,0.8076,0.807,1430.91,0.807175,1154.99477925,1430.91,1154.99477925,
2022-11-02 21:45:00+00:00,0.8071,0.809,0.8071,0.809,2301.74,0.80805,1859.921007,2301.74,1859.921007,
2022-11-02 21:50:00+00:00,0.8075,0.8094,0.809,0.8094,8098.89,0.808825,6550.58470425,8098.89,6550.58470425,
2022-11-02 21:55:00+00:00,0.8093,0.8109,0.8094,0.8109,11921.42,0.810125,9657.8403775,11921.42,9657.8403775,
2022-11-02 22:00:00+00:00,0.8064,0.8108,0.8108,0.8064,1926.49,0.8086,1557.759814,1926.49,1557.759814,
2022-11-02 22:05:00+00:00,0.8053,0.807,0.807,0.8059,14167.28,0.8063,11423.077864,14167.28,11423.077864,
2022-11-02 22:10:00+00:00,0.8038,0.806,0.8047,0.8058,4482.59,0.805075,3608.82114425,4482.59,3608.82114425,
2022-11-02 22:15:00+00:00,0.8036,0.8067,0.8058,0.8067,12405.56,0.8057,9995.159692,12405.56,9995.159692,
2022-11-02 22:20:00+00:00,0.807,0.81,0.8077,0.8081,4681.66,0.8082,3783.717612,4681.66,3783.717612,
2022-11-02 22:25:00+00:00,0.8076,0.8106,0.808,0.8105,14066.01,0.809175,11381.86364175,14066.01,11381.86364175,
2022-11-02 22:30:00+00:00,0.8095,0.8101,0.8101,0.81,2363.17,0.809925,1913.99046225,2363.17,1913.99046225,
2022-11-02 22:35:00+00:00,0.8065,0.8109,0.8107,0.8087,7926.77,0.8092,6414.342284,7926.77,6414.342284,
2022-11-02 22:40:00+00:00,0.8056,0.8093,0.8081,0.806,1737.47,0.80725,1402.5726575,1737.47,1402.5726575,
2022-11-02 22:45:00+00:00,0.8038,0.8077,0.8055,0.8051,2239.19,0.805525,1803.72352475,2239.19,1803.72352475,
2022-11-02 22:50:00+00:00,0.8021,0.8051,0.8051,0.8037,3029.81,0.804,2435.96724,3029.81,2435.96724,
2022-11-02 22:55:00+00:00,0.8041,0.8064,0.8041,0.8055,878.62,0.805025,707.3110655,878.62,707.3110655,
2022-11-02 23:00:00+00:00,0.8044,0.8063,0.8055,0.8044,1413.13,0.80515,1137.7816195,1413.13,1137.7816195,
2022-11-02 23:05:00+00:00,0.8053,0.8083,0.8056,0.808,12282.38,0.8068,9909.424184,12282.38,9909.424184,
2022-11-02 23:10:00+00:00,0.8078,0.8105,0.8078,0.8103,1262.36,0.8091,1021.375476,1262.36,1021.375476,
2022-11-02 23:15:00+00:00,0.8074,0.8103,0.8096,0.8094,12646.98,0.809175,10233.6200415,12646.98,10233.6200415,
2022-11-02 23:20:00+00:00,0.8091,0.811,0.8097,0.8091,1387.81,0.809725,1123.74445225,1387.81,1123.74445225,
2022-11-02 23:25:00+00:00,0.809,0.8111,0.809,0.8102,843.69,0.809825,683.24125425,843.69,683.24125425,
2022-11-02 23:30:00+00:00,0.8099,0.812,0.81,0.8099,819.14,0.81045,663.872013,819.14,663.872013,
2022-11-02 23:35:00+00:00,0.8094,0.811,0.8105,0.8105,1264.23,0.81035,1024.4687805,1264.23,1024.4687805,
2022-11-02 23:40:00+00:00,0.8095,0.8129,0.8095,0.8108,4525.37,0.810675,3668.60432475,4525.37,3668.60432475,
2022-11-02 23:45:00+00:00,0.8099,0.8113,0.8102,0.8109,14939.51,0.810575,12109.59331825,14939.51,12109.59331825,
2022-11-02 23:50:00+00:00,0.8101,0.812,0.811,0.8114,5092.82,0.811125,4130.9136225,5092.82,4130.9136225,
2022-11-02 23:55:00+00:00,0.8098,0.8121,0.8121,0.8112,2151.21,0.8113,1745.276673,2151.21,1745.276673,
2022-11-03 00:00:00+00:00,0.808,0.8111,0.8107,0.8087,9303.86,0.809625,7532.6376525,9303.86,7532.6376525,
2022-11-03 00:05:00+00:00,0.8084,0.8104,0.8085,0.8104,8378.45,0.809425,6781.72689125,8378.45,6781.72689125,
2022-11-03 00:10:00+00:00,0.8076,0.8107,0.8102,0.8093,5560.92,0.80945,4501.286694,5560.92,4501.286694,
2022-11-03 00:15:00+00:00,0.809,0.812,0.8093,0.812,14461.37,0.810575,11722.02498775,14461.37,11722.02498775,
2022-11-03 00:20:00+00:00,0.8125,0.8168,0.8126,0.8168,4196.17,0.814675,3418.51479475,4196.17,3418.51479475,
2022-11-03 00:25:00+00:00,0.8159,0.8181,0.8168,0.8179,3989.16,0.817175,3259.841823,3989.16,3259.841823,
2022-11-03 00:30:00+00:00,0.8185,0.8216,0.8185,0.8213,5721.38,0.819975,4691.3885655,5721.38,4691.3885655,
2022-11-03 00:35:00+00:00,0.8188,0.8222,0.8214,0.8208,13208.09,0.8208,10841.200272,13208.09,10841.200272,
2022-11-03 00:40:00+00:00,0.8207,0.8227,0.8209,0.821,8135.95,0.821325,6682.25913375,8135.95,6682.25913375,
2022-11-03 00:45:00+00:00,0.8209,0.8236,0.8209,0.8225,3713.52,0.821975,3052.420602,3713.52,3052.420602,
2022-11-03 00:50:00+00:00,0.8228,0.8248,0.8228,0.8244,4868.96,0.8237,4010.562352,4868.96,4010.562352,
2022-11-03 00:55:00+00:00,0.8221,0.8255,0.8248,0.8231,2888.7,0.823875,2379.9277125,2888.7,2379.9277125,
2022-11-03 01:00:00+00:00,0.8227,0.825,0.8227,0.825,140.31,0.82385,115.5943935,140.31,115.5943935,
2022-11-03 01:05:00+00:00,0.8224,0.8259,0.8256,0.8226,3462.26,0.824125,2853.3350225,3462.26,2853.3350225,
2022-11-03 01:10:00+00:00,0.8209,0.8233,0.822,0.8233,4416.65,0.822375,3632.14254375,4416.65,3632.14254375,
2022-11-03 01:15:00+00:00,0.8222,0.8247,0.8233,0.8237,2586.93,0.823475,2130.27218175,2586.93,2130.27218175,
2022-11-03 01:20:00+00:00,0.8225,0.8247,0.8236,0.8247,4266.38,0.823875,3514.9638225,4266.38,3514.9638225,
2022-11-03 01:25:00+00:00,0.8237,0.8254,0.825,0.8244,3355.01,0.824625,2766.62512125,3355.01,2766.62512125,
2022-11-03 01:30:00+00:00,0.8219,0.825,0.8248,0.8225,3105.3,0.82355,2557.369815,3105.3,2557.369815,
2022-11-03 01:35:00+00:00,0.8229,0.825,0.8229,0.825,2008.86,0.82395,1655.200197,2008.86,1655.200197,
2022-11-03 01:40:00+00:00,0.8245,0.826,0.8251,0.8245,543.69,0.825025,448.55784225,543.69,448.55784225,
2022-11-03 01:45:00+00:00,0.8245,0.827,0.8252,0.8264,487.87,0.825775,402.87084925,487.87,402.87084925,
2022-11-03 01:50:00+00:00,0.8265,0.8285,0.8272,0.8275,1054.29,0.827425,872.34590325,1054.29,872.34590325,
2022-11-03 01:55:00+00:00,0.8271,0.8303,0.8271,0.8278,1220.63,0.828075,1010.77318725,1220.63,1010.77318725,
2022-11-03 02:00:00+00:00,0.8283,0.8302,0.8284,0.8295,1279.97,0.8291,1061.223127,1279.97,1061.223127,
2022-11-03 02:05:00+00:00,0.8292,0.8304,0.8295,0.8302,233.71,0.829825,193.93840075,233.71,193.93840075,
2022-11-03 02:10:00+00:00,0.8264,0.8294,0.8294,0.8268,2636.7,0.828,2183.1876,2636.7,2183.1876,
2022-11-03 02:15:00+00:00,0.8251,0.8272,0.8265,0.8265,251.24,0.826325,207.605893,251.24,207.605893,
2022-11-03 02:20:00+00:00,0.8265,0.8307,0.8267,0.8307,7329.95,0.82865,6073.9630675,7329.95,6073.9630675,
2022-11-03 02:25:00+00:00,0.8307,0.832,0.831,0.8319,322.17,0.8314,267.852138,322.17,267.852138,
2022-11-03 02:30:00+00:00,0.8311,0.8344,0.8321,0.8319,1151.09,0.832375,958.13853875,1151.09,958.13853875,
2022-11-03 02:35:00+00:00,0.8317,0.8358,0.8318,0.8341,12901.72,0.83335,10751.648362,12901.72,10751.648362,
2022-11-03 02:40:00+00:00,0.832,0.834,0.834,0.8337,2996.21,0.833425,2497.11631925,2996.21,2497.11631925,
2022-11-03 02:45:00+00:00,0.833,0.8373,0.8336,0.837,4926.65,0.835225,4114.86124625,4926.65,4114.86124625,
2022-11-03 02:50:00+00:00,0.8339,0.8365,0.8365,0.8339,2230.79,0.8352,1863.155808,2230.79,1863.155808,
2022-11-03 02:55:00+00:00,0.8321,0.8345,0.8341,0.8329,4745.45,0.8334,3954.85803,4745.45,3954.85803,
2022-11-03 03:00:00+00:00,0.8339,0.8369,0.8339,0.8366,1188.15,0.835325,992.49139875,1188.15,992.49139875,
2022-11-03 03:05:00+00:00,0.8348,0.8368,0.836,0.8348,227.92,0.8356,190.449952,227.92,190.449952,
2022-11-03 03:10:00+00:00,0.8349,0.8369,0.8349,0.8355,560.0,0.83555,467.908,560.0,467.908,
2022-11-03 03:15:00+00:00,0.8327,0.8359,0.8355,0.8337,279.92,0.83445,233.579244,279.92,233.579244,
2022-11-03 03:20:00+00:00,0.8342,0.8396,0.8347,0.8388,873.07,0.836825,730.60680275,873.07,730.60680275,
2022-11-03 03:25:00+00:00,0.8364,0.8399,0.838,0.8373,8632.0,0.8379,7232.7528,8632.0,7232.7528,
2022-11-03 03:30:00+00:00,0.837,0.8412,0.8377,0.8412,2899.72,0.839275,2433.662503,2899.72,2433.662503,
2022-11-03 03:35:00+00:00,0.8391,0.8411,0.84,0.8395,1527.54,0.839925,1283.0190345,1527.54,1283.0190345,
2022-11-03 03:40:00+00:00,0.8396,0.8413,0.8396,0.8406,6629.52,0.840275,5570.619918,6629.52,5570.619918,
2022-11-03 03:45:00+00:00,0.8376,0.842,0.8419,0.8378,4964.25,0.839825,4169.10125625,4964.25,4169.10125625,
2022-11-03 03:50:00+00:00,0.8368,0.8397,0.8378,0.8372,4876.14,0.837875,4085.5958025,4876.14,4085.5958025,
2022-11-03 03:55:00+00:00,0.8346,0.839,0.8368,0.8356,3024.16,0.8365,2529.70984,3024.16,2529.70984,
2022-11-03 04:00:00+00:00,0.836,0.8384,0.8364,0.8373,1705.43,0.837025,1427.48754575,1705.43,1427.48754575,
2022-11-03 04:05:00+00:00,0.8364,0.8411,0.8375,0.8404,2833.37,0.83885,2376.7724245,2833.37,2376.7724245,
2022-11-03 04:10:00+00:00,0.8389,0.8407,0.8396,0.8405,2113.69,0.839925,1775.34107325,2113.69,1775.34107325,
2022-11-03 04:15:00+00:00,0.8408,0.8426,0.8412,0.8423,1010.29,0.841725,850.38635025,1010.29,850.38635025,
2022-11-03 04:20:00+00:00,0.8381,0.841,0.8409,0.8381,48.38,0.839525,40.6162195,48.38,40.6162195,
2022-11-03 04:25:00+00:00,0.837,0.8393,0.839,0.8381,4974.71,0.83835,4170.5481285,4974.71,4170.5481285,
2022-11-03 04:30:00+00:00,0.8325,0.8381,0.8381,0.8332,12435.75,0.835475,10389.75823125,12435.75,10389.75823125,
2022-11-03 04:35:00+00:00,0.8325,0.8356,0.8332,0.8331,36361.58,0.8336,30311.013088,36361.58,30311.013088,
2022-11-03 04:40:00+00:00,0.8323,0.8339,0.8327,0.8334,7763.71,0.833075,6467.75270825,7763.71,6467.75270825,
2022-11-03 04:45:00+00:00,0.8311,0.8338,0.8334,0.8331,5822.34,0.83285,4849.135869,5822.34,4849.135869,
2022-11-03 04:50:00+00:00,0.8306,0.8332,0.8329,0.8306,10680.88,0.831825,8884.623006,10680.88,8884.623006,
2022-11-03 04:55:00+00:00,0.8294,0.831,0.8306,0.8303,2286.73,0.830325,1898.72908725,2286.73,1898.72908725,
2022-11-03 05:00:00+00:00,0.8291,0.8321,0.8299,0.8307,2746.82,0.83045,2281.096669,2746.82,2281.096669,
2022-11-03 05:05:00+00:00,0.8314,0.8336,0.8319,0.8325,1100.65,0.83235,916.1260275,1100.65,916.1260275,
2022-11-03 05:10:00+00:00,0.8321,0.8348,0.8326,0.8328,3028.05,0.833075,2522.59275375,3028.05,2522.59275375,
2022-11-03 05:15:00+00:00,0.8327,0.8346,0.8336,0.8335,3464.18,0.8336,2887.740448,3464.18,2887.740448,
2022-11-03 05:20:00+00:00,0.83,0.8342,0.8336,0.8301,4930.29,0.831975,4101.87802275,4930.29,4101.87802275,
2022-11-03 05:25:00+00:00,0.8306,0.8322,0.8306,0.8307,4120.21,0.831025,3423.99751525,4120.21,3423.99751525,
2022-11-03 05:30:00+00:00,0.8309,0.8321,0.831,0.8318,6842.76,0.83145,5689.412802,6842.76,5689.412802,
2022-11-03 05:35:00+00:00,0.832,0.8349,0.8334,0.8349,9375.94,0.8338,7817.658772,9375.94,7817.658772,
2022-11-03 05:40:00+00:00,0.8342,0.8364,0.835,0.8363,2370.83,0.835475,1980.76919425,2370.83,1980.76919425,
2022-11-03 05:45:00+00:00,0.8364,0.8394,0.8364,0.8394,344.95,0.8379,289.033605,344.95,289.033605,
2022-11-03 05:50:00+00:00,0.8385,0.8406,0.8396,0.8393,1929.16,0.8395,1619.52982,1929.16,1619.52982,
2022-11-03 05:55:00+00:00,0.839,0.8464,0.839,0.8457,15191.18,0.842525,12798.9489295,15191.18,12798.9489295,
2022-11-03 06:00:00+00:00,0.845,0.8495,0.8457,0.845,4390.94,0.8463,3716.052522,4390.94,3716.052522,
2022-11-03 06:05:00+00:00,0.8396,0.8446,0.8444,0.8409,4366.01,0.842375,3677.81767375,4366.01,3677.81767375,
2022-11-03 06:10:00+00:00,0.8377,0.8408,0.8405,0.8388,5037.89,0.83945,4229.0567605,5037.89,4229.0567605,
2022-11-03 06:15:00+00:00,0.8367,0.841,0.8377,0.8395,1201.83,0.838725,1008.00486675,1201.83,1008.00486675,
2022-11-03 06:20:00+00:00,0.8388,0.8412,0.8388,0.8404,1222.37,0.8398,1026.546326,1222.37,1026.546326,
2022-11-03 06:25:00+00:00,0.8376,0.8401,0.84,0.8384,361.38,0.839025,303.2068545,361.38,303.2068545,
2022-11-03 06:30:00+00:00,0.8381,0.8402,0.8389,0.8381,228.91,0.838825,192.01543075,228.91,192.01543075,
2022-11-03 06:35:00+00:00,0.8364,0.839,0.8388,0.838,279.94,0.83805,234.603717,279.94,234.603717,
2022-11-03 06:40:00+00:00,0.8372,0.8389,0.8385,0.8389,823.29,0.838375,690.22575375,823.29,690.22575375,
2022-11-03 06:45:00+00:00,0.8383,0.8396,0.8389,0.8396,1508.38,0.8391,1265.681658,1508.38,1265.681658,
2022-11-03 06:50:00+00:00,0.839,0.8424,0.8396,0.8424,154.21,0.84085,129.6674785,154.21,129.6674785,
2022-11-03 06:55:00+00:00,0.8399,0.8423,0.842,0.8423,322.38,0.841625,271.3230675,322.38,271.3230675,
2022-11-03 07:00:00+00:00,0.8419,0.8435,0.8425,0.8419,1143.25,0.84245,963.1309625,1143.25,963.1309625,
2022-11-03 07:05:00+00:00,0.8427,0.845,0.8427,0.8443,1257.3,0.843675,1060.7525775,1257.3,1060.7525775,
2022-11-03 07:10:00+00:00,0.8444,0.8465,0.8447,0.8461,211.05,0.845425,178.42694625,211.05,178.42694625,
2022-11-03 07:15:00+00:00,0.8457,0.8485,0.847,0.8457,1102.59,0.846725,933.59051775,1102.59,933.59051775,
2022-11-03 07:20:00+00:00,0.8419,0.847,0.8459,0.8422,4786.88,0.84425,4041.32344,4786.88,4041.32344,
2022-11-03 07:25:00+00:00,0.839,0.8422,0.8422,0.8391,1001.64,0.840625,842.003625,1001.64,842.003625,
2022-11-03 07:30:00+00:00,0.8372,0.8406,0.8392,0.8372,544.67,0.83855,456.7330285,544.67,456.7330285,
2022-11-03 07:35:00+00:00,0.8366,0.8385,0.8372,0.8374,884.79,0.837425,740.94526575,884.79,740.94526575,
2022-11-03 07:40:00+00:00,0.8353,0.8378,0.8378,0.8355,12768.9,0.8366,10682.46174,12768.9,10682.46174,
2022-11-03 07:45:00+00:00,0.8347,0.8366,0.8366,0.8347,5523.61,0.83565,4615.8046965,5523.61,4615.8046965,
2022-11-03 07:50:00+00:00,0.8334,0.8359,0.835,0.8334,2978.07,0.834425,2484.97605975,2978.07,2484.97605975,
2022-11-03 07:55:00+00:00,0.834,0.8355,0.835,0.834,2749.32,0.834625,2294.651205,2749.32,2294.651205,
2022-11-03 08:00:00+00:00,0.8323,0.8354,0.8348,0.833,1480.19,0.833875,1234.29343625,1480.19,1234.29343625,
2022-11-03 08:05:00+00:00,0.8324,0.8379,0.8324,0.8379,2847.33,0.83515,2377.9476495,2847.33,2377.9476495,
2022-11-03 08:10:00+00:00,0.8375,0.8397,0.8379,0.8397,714.17,0.8387,598.974379,714.17,598.974379,
2022-11-03 08:15:00+00:00,0.8373,0.8403,0.8395,0.8383,703.16,0.83885,589.845766,703.16,589.845766,
2022-11-03 08:20:00+00:00,0.8359,0.8385,0.8385,0.8359,1347.28,0.8372,1127.942816,1347.28,1127.942816,
2022-11-03 08:25:00+00:00,0.8331,0.8351,0.8351,0.8334,417.74,0.834175,348.4682645,417.74,348.4682645,
2022-11-03 08:30:00+00:00,0.8337,0.8379,0.8341,0.8355,29620.66,0.8353,24742.137298,29620.66,24742.137298,
2022-11-03 08:35:00+00:00,0.8362,0.8386,0.8362,0.8364,7073.12,0.83685,5919.140472,7073.12,5919.140472,
2022-11-03 08:40:00+00:00,0.8364,0.837,0.8368,0.8364,441.3,0.83665,369.213645,441.3,369.213645,
2022-11-03 08:45:00+00:00,0.8363,0.8379,0.8369,0.8369,849.02,0.837,710.62974,849.02,710.62974,
2022-11-03 08:50:00+00:00,0.8347,0.8372,0.8367,0.8349,1773.89,0.835875,1482.75030375,1773.89,1482.75030375,
2022-11-03 08:55:00+00:00,0.8343,0.8371,0.8347,0.8371,1092.69,0.8358,913.270302,1092.69,913.270302,
2022-11-03 09:00:00+00:00,0.8377,0.8401,0.8377,0.8387,230.03,0.83855,192.8916565,230.03,192.8916565,
2022-11-03 09:05:00+00:00,0.837,0.8386,0.8386,0.837,161.42,0.8378,135.237676,161.42,135.237676,
2022-11-03 09:10:00+00:00,0.837,0.8376,0.837,0.8372,701.42,0.8372,587.228824,701.42,587.228824,
2022-11-03 09:15:00+00:00,0.8358,0.8372,0.837,0.8361,681.59,0.836525,570.16707475,681.59,570.16707475,
2022-11-03 09:20:00+00:00,0.8355,0.8362,0.8359,0.8355,605.93,0.835775,506.42114575,605.93,506.42114575,
2022-11-03 09:25:00+00:00,0.8358,0.8371,0.8358,0.8369,486.54,0.8364,406.942056,486.54,406.942056,
2022-11-03 09:30:00+00:00,0.8368,0.8382,0.838,0.8382,644.75,0.8378,540.17155,644.75,540.17155,
2022-11-03 09:35:00+00:00,0.8381,0.8438,0.8381,0.842,10472.43,0.8405,8802.077415,10472.43,8802.077415,
2022-11-03 09:40:00+00:00,0.8383,0.8421,0.8421,0.8384,6233.76,0.840225,5237.760996,6233.76,5237.760996,
2022-11-03 09:45:00+00:00,0.836,0.8418,0.8378,0.8363,32374.51,0.837975,27129.03001725,32374.51,27129.03001725,
2022-11-03 09:50:00+00:00,0.8353,0.8369,0.8362,0.8359,2987.92,0.836075,2498.125214,2987.92,2498.125214,
2022-11-03 09:55:00+00:00,0.8359,0.8378,0.836,0.8378,5793.56,0.836875,4848.485525,5793.56,4848.485525,
2022-11-03 10:00:00+00:00,0.8374,0.8418,0.8387,0.8409,4687.76,0.8397,3936.312072,4687.76,3936.312072,
2022-11-03 10:05:00+00:00,0.8389,0.842,0.8408,0.842,1165.63,0.840925,980.20740775,1165.63,980.20740775,
2022-11-03 10:10:00+00:00,0.839,0.8411,0.8411,0.8397,85.65,0.840225,71.96527125,85.65,71.96527125,
2022-11-03 10:15:00+00:00,0.8381,0.841,0.8392,0.8385,700.32,0.8392,587.708544,700.32,587.708544,
2022-11-03 10:20:00+00:00,0.8373,0.839,0.8382,0.8377,503.38,0.83805,421.857609,503.38,421.857609,
2022-11-03 10:25:00+00:00,0.8359,0.8373,0.8364,0.836,1138.22,0.8364,952.007208,1138.22,952.007208,
2022-11-03 10:30:00+00:00,0.8366,0.8384,0.8366,0.8384,494.2,0.8375,413.8925,494.2,413.8925,
2022-11-03 10:35:00+00:00,0.8373,0.8383,0.8382,0.8373,388.29,0.837775,325.29965475,388.29,325.29965475,
2022-11-03 10:40:00+00:00,0.834,0.8386,0.8375,0.8344,4839.21,0.836125,4046.18446125,4839.21,4046.18446125,
2022-11-03 10:45:00+00:00,0.832,0.8359,0.8343,0.8326,5757.12,0.8337,4799.710944,5757.12,4799.710944,
2022-11-03 10:50:00+00:00,0.8309,0.8344,0.8332,0.8311,4188.58,0.8324,3486.573992,4188.58,3486.573992,
2022-11-03 10:55:00+00:00,0.8296,0.8324,0.8321,0.8296,1551.13,0.830925,1288.87269525,1551.13,1288.87269525,
2022-11-03 11:00:00+00:00,0.829,0.8316,0.8299,0.8311,5069.28,0.8304,4209.530112,5069.28,4209.530112,
2022-11-03 11:05:00+00:00,0.8287,0.8324,0.8324,0.8287,1647.77,0.83055,1368.5553735,1647.77,1368.5553735,
2022-11-03 11:10:00+00:00,0.826,0.8289,0.8275,0.8262,2286.58,0.82715,1891.344647,2286.58,1891.344647,
2022-11-03 11:15:00+00:00,0.8217,0.826,0.826,0.8217,919.22,0.82385,757.299397,919.22,757.299397,
2022-11-03 11:20:00+00:00,0.8204,0.8238,0.8215,0.8214,1566.56,0.821775,1287.359844,1566.56,1287.359844,
2022-11-03 11:25:00+00:00,0.8191,0.8233,0.8191,0.8233,47.72,0.8212,39.187664,47.72,39.187664,
2022-11-03 11:30:00+00:00,0.8208,0.8248,0.8235,0.8208,2303.82,0.822475,1894.8343545,2303.82,1894.8343545,
2022-11-03 11:35:00+00:00,0.815,0.8221,0.822,0.8168,6317.26,0.818975,5173.6780085,6317.26,5173.6780085,
2022-11-03 11:40:00+00:00,0.8147,0.8178,0.8174,0.8147,3115.95,0.81615,2543.0825925,3115.95,2543.0825925,
2022-11-03 11:45:00+00:00,0.8121,0.815,0.8149,0.8147,2514.53,0.814175,2047.26746275,2514.53,2047.26746275,
2022-11-03 11:50:00+00:00,0.8146,0.8202,0.8146,0.8187,3511.08,0.817025,2868.640137,3511.08,2868.640137,
2022-11-03 11:55:00+00:00,0.8169,0.8189,0.8176,0.8186,2004.55,0.818,1639.7219,2004.55,1639.7219,
2022-11-03 12:00:00+00:00,0.8181,0.8212,0.819,0.8212,381.08,0.819875,312.437965,381.08,312.437965,
2022-11-03 12:05:00+00:00,0.8212,0.8242,0.8212,0.823,989.22,0.8224,813.534528,989.22,813.534528,
2022-11-03 12:10:00+00:00,0.821,0.823,0.8215,0.822,1921.16,0.821875,1578.953375,1921.16,1578.953375,
2022-11-03 12:15:00+00:00,0.8184,0.823,0.823,0.8184,7523.41,0.8207,6174.462587,7523.41,6174.462587,
2022-11-03 12:20:00+00:00,0.8157,0.8187,0.8181,0.8187,1477.35,0.8178,1208.17683,1477.35,1208.17683,
2022-11-03 12:25:00+00:00,0.817,0.8188,0.8184,0.8186,846.77,0.8182,692.827214,846.77,692.827214,
2022-11-03 12:30:00+00:00,0.8183,0.8213,0.8183,0.8207,4213.35,0.81965,3453.4723275,4213.35,3453.4723275,
2022-11-03 12:35:00+00:00,0.8167,0.8213,0.8213,0.8175,3056.74,0.8192,2504.081408,3056.74,2504.081408,
2022-11-03 12:40:00+00:00,0.8159,0.8188,0.8166,0.8182,521.81,0.817375,426.51444875,521.81,426.51444875,
2022-11-03 12:45:00+00:00,0.8132,0.8175,0.8175,0.8132,3744.32,0.81535,3052.931312,3744.32,3052.931312,
2022-11-03 12:50:00+00:00,0.8125,0.8181,0.8127,0.8168,3977.21,0.815025,3241.52558025,3977.21,3241.52558025,
2022-11-03 12:55:00+00:00,0.8173,0.819,0.8174,0.8176,859.18,0.817825,702.6588835,859.18,702.6588835,
2022-11-03 13:00:00+00:00,0.8173,0.8192,0.8175,0.8192,864.14,0.8183,707.125762,864.14,707.125762,
2022-11-03 13:05:00+00:00,0.8187,0.8212,0.8188,0.821,3098.65,0.819925,2540.66060125,3098.65,2540.66060125,
2022-11-03 13:10:00+00:00,0.8199,0.821,0.8207,0.8202,871.46,0.82045,714.989357,871.46,714.989357,
2022-11-03 13:15:00+00:00,0.818,0.8211,0.821,0.8183,386.77,0.8196,316.996692,386.77,316.996692,
2022-11-03 13:20:00+00:00,0.8178,0.8212,0.818,0.8212,164.22,0.81955,134.586501,164.22,134.586501,
2022-11-03 13:25:00+00:00,0.8195,0.822,0.822,0.8203,174.02,0.82095,142.861719,174.02,142.861719,
2022-11-03 13:30:00+00:00,0.8162,0.8218,0.821,0.8218,3058.16,0.8202,2508.302832,3058.16,2508.302832,
2022-11-03 13:35:00+00:00,0.819,0.8224,0.8211,0.8221,6904.18,0.82115,5669.367407,6904.18,5669.367407,
2022-11-03 13:40:00+00:00,0.8208,0.8251,0.8224,0.8208,11394.61,0.822275,9369.50293775,11394.61,9369.50293775,
2022-11-03 13:45:00+00:00,0.8173,0.8212,0.8195,0.818,2964.81,0.819,2428.17939,2964.81,2428.17939,
2022-11-03 13:50:00+00:00,0.8136,0.8174,0.8169,0.8142,1732.99,0.815525,1413.29666975,1732.99,1413.29666975,
2022-11-03 13:55:00+00:00,0.8117,0.814,0.8125,0.814,423.62,0.81305,344.424241,423.62,344.424241,
2022-11-03 14:00:00+00:00,0.8108,0.818,0.8114,0.818,1473.39,0.81455,1200.1498245,1473.39,1200.1498245,
2022-11-03 14:05:00+00:00,0.818,0.8205,0.8181,0.8183,6554.64,0.818725,5366.447634,6554.64,5366.447634,
2022-11-03 14:10:00+00:00,0.8172,0.8235,0.8172,0.8235,328.32,0.82035,269.337312,328.32,269.337312,
2022-11-03 14:15:00+00:00,0.8232,0.826,0.8246,0.826,2976.75,0.82495,2455.6699125,2976.75,2455.6699125,
2022-11-03 14:20:00+00:00,0.8236,0.8275,0.8258,0.8275,9301.0,0.8261,7683.5561,9301.0,7683.5561,
2022-11-03 14:25:00+00:00,0.8261,0.829,0.8272,0.8284,807.45,0.827675,668.30617875,807.45,668.30617875,
2022-11-03 14:30:00+00:00,0.8258,0.8288,0.8284,0.8282,4854.48,0.8278,4018.538544,4854.48,4018.538544,
2022-11-03 14:35:00+00:00,0.8282,0.8302,0.8286,0.83,1332.81,0.82925,1105.2326925,1332.81,1105.2326925,
2022-11-03 14:40:00+00:00,0.8295,0.8343,0.831,0.8337,1805.8,0.832125,1502.651325,1805.8,1502.651325,
2022-11-03 14:45:00+00:00,0.8321,0.8377,0.834,0.8357,2898.73,0.834875,2420.07720875,2898.73,2420.07720875,
2022-11-03 14:50:00+00:00,0.8321,0.8371,0.8354,0.8323,1637.28,0.834225,1365.859908,1637.28,1365.859908,
2022-11-03 14:55:00+00:00,0.8319,0.8346,0.8326,0.8319,479.09,0.83275,398.9621975,479.09,398.9621975,
2022-11-03 15:00:00+00:00,0.8306,0.8335,0.833,0.8306,591.26,0.831925,491.8839755,591.26,491.8839755,
2022-11-03 15:05:00+00:00,0.8287,0.8318,0.8312,0.8315,1450.23,0.8308,1204.851084,1450.23,1204.851084,
2022-11-03 15:10:00+00:00,0.8286,0.831,0.8305,0.8296,308.13,0.829925,255.72479025,308.13,255.72479025,
2022-11-03 15:15:00+00:00,0.8283,0.8307,0.8301,0.8283,3889.8,0.82935,3226.00563,3889.8,3226.00563,
2022-11-03 15:20:00+00:00,0.828,0.8288,0.8284,0.828,496.21,0.8283,411.010743,496.21,411.010743,
2022-11-03 15:25:00+00:00,0.8268,0.8291,0.8285,0.8268,1575.4,0.8278,1304.11612,1575.4,1304.11612,
2022-11-03 15:30:00+00:00,0.8237,0.8271,0.8271,0.8249,3087.01,0.8257,2548.944157,3087.01,2548.944157,
2022-11-03 15:35:00+00:00,0.8252,0.8283,0.8252,0.8282,3441.32,0.826725,2845.025277,3441.32,2845.025277,
2022-11-03 15:40:00+00:00,0.8262,0.828,0.8271,0.8262,551.7,0.826875,456.1869375,551.7,456.1869375,
2022-11-03 15:45:00+00:00,0.8255,0.8283,0.827,0.8255,909.63,0.826575,751.87741725,909.63,751.87741725,
2022-11-03 15:50:00+00:00,0.8244,0.826,0.826,0.8248,486.06,0.8253,401.145318,486.06,401.145318,
2022-11-03 15:55:00+00:00,0.824,0.8253,0.8247,0.8253,763.97,0.824825,630.14155525,763.97,630.14155525,
2022-11-03 16:00:00+00:00,0.8235,0.8267,0.8252,0.8263,3451.27,0.825425,2848.76453975,3451.27,2848.76453975,
2022-11-03 16:05:00+00:00,0.8252,0.8273,0.827,0.8263,809.23,0.82645,668.7881335,809.23,668.7881335,
2022-11-03 16:10:00+00:00,0.8263,0.8285,0.8263,0.8285,461.6,0.8274,381.92784,461.6,381.92784,
2022-11-03 16:15:00+00:00,0.8279,0.8304,0.8283,0.8279,343.25,0.828625,284.42553125,343.25,284.42553125,
2022-11-03 16:20:00+00:00,0.8254,0.8274,0.8274,0.8258,1444.43,0.8265,1193.821395,1444.43,1193.821395,
2022-11-03 16:25:00+00:00,0.8249,0.827,0.8263,0.8249,422.95,0.825775,349.26153625,422.95,349.26153625,
2022-11-03 16:30:00+00:00,0.8249,0.8265,0.8249,0.8259,1990.16,0.82555,1642.976588,1990.16,1642.976588,
2022-11-03 16:35:00+00:00,0.8252,0.8261,0.8258,0.8258,407.9,0.825725,336.8132275,407.9,336.8132275,
2022-11-03 16:40:00+00:00,0.8257,0.8293,0.8258,0.8286,1392.19,0.82735,1151.8283965,1392.19,1151.8283965,
2022-11-03 16:45:00+00:00,0.8281,0.8303,0.8291,0.829,670.14,0.829125,555.6298275,670.14,555.6298275,
2022-11-03 16:50:00+00:00,0.8294,0.8308,0.8294,0.8299,625.85,0.829875,519.37726875,625.85,519.37726875,
2022-11-03 16:55:00+00:00,0.8295,0.8318,0.8298,0.8296,5661.82,0.830175,4700.3014185,5661.82,4700.3014185,
2022-11-03 17:00:00+00:00,0.8255,0.8295,0.8295,0.8255,1433.08,0.8275,1185.8737,1433.08,1185.8737,
2022-11-03 17:05:00+00:00,0.8249,0.8267,0.8256,0.8258,2041.2,0.82575,1685.5209,2041.2,1685.5209,
2022-11-03 17:10:00+00:00,0.8254,0.8268,0.8268,0.826,858.04,0.82625,708.95555,858.04,708.95555,
2022-11-03 17:15:00+00:00,0.8248,0.8275,0.8268,0.8248,2031.77,0.825975,1678.19122575,2031.77,1678.19122575,
2022-11-03 17:20:00+00:00,0.8243,0.825,0.8247,0.8243,714.41,0.824575,589.08462575,714.41,589.08462575,
2022-11-03 17:25:00+00:00,0.823,0.8253,0.8241,0.8253,1286.47,0.824425,1060.59802975,1286.47,1060.59802975,
2022-11-03 17:30:00+00:00,0.8235,0.825,0.8249,0.8249,259.91,0.824575,214.31528825,259.91,214.31528825,
2022-11-03 17:35:00+00:00,0.8234,0.8246,0.8245,0.8238,1052.11,0.824075,867.01754825,1052.11,867.01754825,
2022-11-03 17:40:00+00:00,0.8231,0.8258,0.8251,0.8232,469.74,0.8243,387.206682,469.74,387.206682,
2022-11-03 17:45:00+00:00,0.8239,0.8275,0.8239,0.8245,2243.08,0.82495,1850.428846,2243.08,1850.428846,
2022-11-03 17:50:00+00:00,0.8235,0.8254,0.8243,0.8247,1156.83,0.824475,953.77741425,1156.83,953.77741425,
2022-11-03 17:55:00+00:00,0.8227,0.8247,0.8247,0.8237,1351.79,0.82395,1113.8073705,1351.79,1113.8073705,
2022-11-03 18:00:00+00:00,0.8221,0.8244,0.8243,0.8223,3058.26,0.823275,2517.7890015,3058.26,2517.7890015,
2022-11-03 18:05:00+00:00,0.822,0.8233,0.822,0.8224,611.92,0.822425,503.258306,611.92,503.258306,
2022-11-03 18:10:00+00:00,0.8204,0.822,0.822,0.8215,943.7,0.821475,775.2259575,943.7,775.2259575,
2022-11-03 18:15:00+00:00,0.8216,0.8231,0.8216,0.8228,1110.83,0.822275,913.40773825,1110.83,913.40773825,
2022-11-03 18:20:00+00:00,0.823,0.8244,0.823,0.8237,1097.64,0.823525,903.933981,1097.64,903.933981,
2022-11-03 18:25:00+00:00,0.8224,0.8242,0.8238,0.8236,1150.29,0.8235,947.263815,1150.29,947.263815,
2022-11-03 18:30:00+00:00,0.8234,0.8252,0.824,0.8234,1300.65,0.824,1071.7356,1300.65,1071.7356,
2022-11-03 18:35:00+00:00,0.8219,0.8233,0.8233,0.8228,1081.9,0.822825,890.2143675,1081.9,890.2143675,
2022-11-03 18:40:00+00:00,0.8211,0.8225,0.8225,0.8223,3822.03,0.8221,3142.090863,3822.03,3142.090863,
2022-11-03 18:45:00+00:00,0.8221,0.825,0.8224,0.8248,11428.34,0.823575,9412.0951155,11428.34,9412.0951155,
2022-11-03 18:50:00+00:00,0.8223,0.8239,0.8231,0.8239,578.14,0.8233,475.982662,578.14,475.982662,
2022-11-03 18:55:00+00:00,0.8241,0.8255,0.8244,0.8248,3597.78,0.8247,2967.089166,3597.78,2967.089166,
2022-11-03 19:00:00+00:00,0.8236,0.8252,0.825,0.8252,1177.12,0.82475,970.82972,1177.12,970.82972,
2022-11-03 19:05:00+00:00,0.8235,0.8254,0.8241,0.8248,2063.34,0.82445,1701.120663,2063.34,1701.120663,
2022-11-03 19:10:00+00:00,0.8233,0.8252,0.8239,0.8251,69.31,0.824375,57.13743125,69.31,57.13743125,
2022-11-03 19:15:00+00:00,0.824,0.8249,0.8243,0.824,462.16,0.8243,380.958488,462.16,380.958488,
2022-11-03 19:20:00+00:00,0.8242,0.827,0.8242,0.8262,963.69,0.8254,795.429726,963.69,795.429726,
2022-11-03 19:25:00+00:00,0.8263,0.8289,0.8266,0.8286,1217.98,0.8276,1008.000248,1217.98,1008.000248,
2022-11-03 19:30:00+00:00,0.8273,0.8302,0.8288,0.8296,1173.52,0.828975,972.818742,1173.52,972.818742,
2022-11-03 19:35:00+00:00,0.8271,0.8295,0.8295,0.8275,612.21,0.8284,507.154764,612.21,507.154764,
2022-11-03 19:40:00+00:00,0.8251,0.8271,0.8271,0.8251,744.09,0.8261,614.692749,744.09,614.692749,
2022-11-03 19:45:00+00:00,0.8238,0.825,0.825,0.8239,1179.51,0.824425,972.41753175,1179.51,972.41753175,
2022-11-03 19:50:00+00:00,0.8229,0.824,0.824,0.8232,488.06,0.823525,401.9296115,488.06,401.9296115,
2022-11-03 19:55:00+00:00,0.8226,0.8252,0.8231,0.8249,1150.71,0.82395,948.1275045,1150.71,948.1275045,
2022-11-03 20:00:00+00:00,0.8223,0.8254,0.8249,0.8241,514.38,0.824175,423.9391365,514.38,423.9391365,
2022-11-03 20:05:00+00:00,0.8234,0.8243,0.824,0.8236,1377.73,0.823825,1135.00841725,1377.73,1135.00841725,
2022-11-03 20:10:00+00:00,0.8231,0.8262,0.8231,0.8261,383.87,0.824625,316.54879875,383.87,316.54879875,
2022-11-03 20:15:00+00:00,0.8243,0.8268,0.8268,0.8259,785.94,0.82595,649.147143,785.94,649.147143,
2022-11-03 20:20:00+00:00,0.825,0.826,0.8255,0.8259,744.88,0.8256,614.972928,744.88,614.972928,
2022-11-03 20:25:00+00:00,0.824,0.8263,0.8259,0.8242,525.91,0.8251,433.928341,525.91,433.928341,
2022-11-03 20:30:00+00:00,0.8241,0.8265,0.8241,0.826,317.45,0.825175,261.95180375,317.45,261.95180375,
2022-11-03 20:35:00+00:00,0.8256,0.8271,0.8258,0.8261,1747.55,0.82615,1443.7384325,1747.55,1443.7384325,
2022-11-03 20:40:00+00:00,0.8218,0.8255,0.8254,0.8223,584.96,0.82375,481.8608,584.96,481.8608,
2022-11-03 20:45:00+00:00,0.8229,0.8252,0.8229,0.8237,1577.62,0.823675,1299.4461535,1577.62,1299.4461535,
2022-11-03 20:50:00+00:00,0.8224,0.8239,0.8239,0.8224,367.45,0.82315,302.4664675,367.45,302.4664675,
2022-11-03 20:55:00+00:00,0.8209,0.8237,0.8217,0.8212,2804.17,0.821875,2304.67721875,2804.17,2304.67721875,
2022-11-03 21:00:00+00:00,0.8214,0.8236,0.8214,0.8236,794.93,0.8225,653.829925,794.93,653.829925,
2022-11-03 21:05:00+00:00,0.8228,0.8257,0.8228,0.8257,3433.62,0.82425,2830.161285,3433.62,2830.161285,
2022-11-03 21:10:00+00:00,0.8237,0.8259,0.8249,0.8253,654.18,0.82495,539.665791,654.18,539.665791,
2022-11-03 21:15:00+00:00,0.8245,0.8259,0.8257,0.8245,688.3,0.82515,567.950745,688.3,567.950745,
2022-11-03 21:20:00+00:00,0.8246,0.8255,0.8247,0.825,2718.54,0.82495,2242.659573,2718.54,2242.659573,
2022-11-03 21:25:00+00:00,0.8237,0.8254,0.8254,0.8237,505.35,0.82455,416.6863425,505.35,416.6863425,
2022-11-03 21:30:00+00:00,0.8227,0.8238,0.8238,0.8235,161.14,0.82345,132.690733,161.14,132.690733,
2022-11-03 21:35:00+00:00,0.8208,0.8246,0.8233,0.8246,12577.34,0.823325,10355.2384555,12577.34,10355.2384555,
2022-11-03 21:40:00+00:00,0.8235,0.8247,0.824,0.8247,160.37,0.824225,132.18096325,160.37,132.18096325,
2022-11-03 21:45:00+00:00,0.824,0.825,0.8242,0.8241,3557.39,0.824325,2932.44551175,3557.39,2932.44551175,
2022-11-03 21:50:00+00:00,0.8233,0.8248,0.8247,0.8236,252.71,0.8241,208.258311,252.71,208.258311,
2022-11-03 21:55:00+00:00,0.8235,0.8253,0.8235,0.8248,280.11,0.824275,230.88767025,280.11,230.88767025,
2022-11-03 22:00:00+00:00,0.8214,0.8253,0.8247,0.8221,2476.82,0.823375,2039.3516675,2476.82,2039.3516675,
2022-11-03 22:05:00+00:00,0.8201,0.822,0.822,0.8208,3837.04,0.821225,3151.073174,3837.04,3151.073174,
2022-11-03 22:10:00+00:00,0.8186,0.8205,0.8205,0.8195,1966.07,0.819775,1611.73503425,1966.07,1611.73503425,
2022-11-03 22:15:00+00:00,0.8075,0.8188,0.8188,0.8124,47585.05,0.814375,38752.07509375,47585.05,38752.07509375,
2022-11-03 22:20:00+00:00,0.8055,0.8132,0.8132,0.8103,10580.02,0.81055,8575.635211,10580.02,8575.635211,
2022-11-03 22:25:00+00:00,0.8103,0.8169,0.8116,0.8141,5480.78,0.813225,4457.1073155,5480.78,4457.1073155,
2022-11-03 22:30:00+00:00,0.8138,0.8161,0.8141,0.8153,2457.98,0.814825,2002.8235535,2457.98,2002.8235535,
2022-11-03 22:35:00+00:00,0.8092,0.8153,0.8153,0.8117,10855.99,0.812875,8824.56287125,10855.99,8824.56287125,
2022-11-03 22:40:00+00:00,0.8115,0.8146,0.8128,0.8125,4848.48,0.81285,3941.086968,4848.48,3941.086968,
2022-11-03 22:45:00+00:00,0.8121,0.8169,0.8138,0.8133,13634.48,0.814025,11098.807582,13634.48,11098.807582,
2022-11-03 22:50:00+00:00,0.8108,0.8142,0.8138,0.8108,1020.64,0.8124,829.167936,1020.64,829.167936,
2022-11-03 22:55:00+00:00,0.8068,0.811,0.8109,0.809,3381.48,0.809425,2737.054449,3381.48,2737.054449,
2022-11-03 23:00:00+00:00,0.8082,0.8143,0.8082,0.81,7194.91,0.810175,5829.13620925,7194.91,5829.13620925,
2022-11-03 23:05:00+00:00,0.8057,0.8082,0.8082,0.8078,2930.34,0.807475,2366.1762915,2930.34,2366.1762915,
2022-11-03 23:10:00+00:00,0.8043,0.8066,0.8066,0.8043,1666.9,0.80545,1342.604605,1666.9,1342.604605,
2022-11-03 23:15:00+00:00,0.8025,0.8044,0.8042,0.8044,3846.11,0.803875,3091.79167625,3846.11,3091.79167625,
2022-11-03 23:20:00+00:00,0.804,0.8088,0.804,0.8088,1123.62,0.8064,906.087168,1123.62,906.087168,
2022-11-03 23:25:00+00:00,0.8054,0.8087,0.8083,0.8072,1526.84,0.8074,1232.770616,1526.84,1232.770616,
2022-11-03 23:30:00+00:00,0.8068,0.809,0.8074,0.8068,721.0,0.8075,582.2075,721.0,582.2075,
2022-11-03 23:35:00+00:00,0.8074,0.8094,0.8075,0.8087,866.45,0.80825,700.3082125,866.45,700.3082125,
2022-11-03 23:40:00+00:00,0.8075,0.8087,0.808,0.808,583.27,0.80805,471.3113235,583.27,471.3113235,
2022-11-03 23:45:00+00:00,0.8065,0.8083,0.8082,0.8073,8815.8,0.807575,7119.419685,8815.8,7119.419685,
2022-11-03 23:50:00+00:00,0.8068,0.8115,0.8078,0.8113,4429.35,0.80935,3584.8944225,4429.35,3584.8944225,
2022-11-03 23:55:00+00:00,0.81,0.8119,0.8113,0.8103,705.97,0.810875,572.45342375,705.97,572.45342375,
2022-11-04 00:00:00+00:00,0.808,0.8109,0.8105,0.809,2699.92,0.8096,2185.855232,2699.92,2185.855232,
2022-11-04 00:05:00+00:00,0.8077,0.8105,0.8087,0.808,1049.39,0.808725,848.66792775,1049.39,848.66792775,
2022-11-04 00:10:00+00:00,0.8061,0.8096,0.808,0.809,1823.33,0.808175,1473.56972275,1823.33,1473.56972275,
2022-11-04 00:15:00+00:00,0.8083,0.8127,0.8094,0.8124,1138.31,0.8107,922.827917,1138.31,922.827917,
2022-11-04 00:20:00+00:00,0.8131,0.8169,0.8131,0.8164,2722.84,0.814875,2218.774245,2722.84,2218.774245,
2022-11-04 00:25:00+00:00,0.8164,0.8178,0.8165,0.8164,1623.02,0.816775,1325.6421605,1623.02,1325.6421605,
2022-11-04 00:30:00+00:00,0.8162,0.8184,0.8167,0.8183,1804.66,0.8174,1475.129084,1804.66,1475.129084,
2022-11-04 00:35:00+00:00,0.8158,0.8193,0.8186,0.8158,1407.95,0.817375,1150.82313125,1407.95,1150.82313125,
2022-11-04 00:40:00+00:00,0.8136,0.8167,0.8157,0.8142,842.59,0.81505,686.7529795,842.59,686.7529795,
2022-11-04 00:45:00+00:00,0.8148,0.8172,0.8152,0.8155,2999.95,0.815675,2446.98421625,2999.95,2446.98421625,
2022-11-04 00:50:00+00:00,0.8151,0.819,0.8152,0.819,1232.53,0.817075,1007.06944975,1232.53,1007.06944975,
2022-11-04 00:55:00+00:00,0.8163,0.8193,0.8186,0.8167,1223.59,0.817725,1000.56013275,1223.59,1000.56013275,
2022-11-04 01:00:00+00:00,0.8171,0.8206,0.8171,0.8206,1800.38,0.81885,1474.241163,1800.38,1474.241163,
2022-11-04 01:05:00+00:00,0.8206,0.8234,0.8206,0.823,656.5,0.8219,539.57735,656.5,539.57735,
2022-11-04 01:10:00+00:00,0.8205,0.823,0.8229,0.8218,1741.23,0.82205,1431.3781215,1741.23,1431.3781215,
2022-11-04 01:15:00+00:00,0.8169,0.821,0.821,0.8169,1007.13,0.81895,824.7891135,1007.13,824.7891135,
2022-11-04 01:20:00+00:00,0.8162,0.8186,0.8173,0.8169,10712.43,0.81725,8754.7334175,10712.43,8754.7334175,
2022-11-04 01:25:00+00:00,0.8142,0.8166,0.816,0.8157,1888.13,0.815625,1540.00603125,1888.13,1540.00603125,
2022-11-04 01:30:00+00:00,0.8141,0.817,0.8153,0.817,617.25,0.81585,503.5834125,617.25,503.5834125,
2022-11-04 01:35:00+00:00,0.8165,0.8193,0.8171,0.8173,6588.0,0.81755,5386.0194,6588.0,5386.0194,
2022-11-04 01:40:00+00:00,0.8157,0.819,0.8168,0.819,2559.89,0.817625,2093.03006125,2559.89,2093.03006125,
2022-11-04 01:45:00+00:00,0.8189,0.8204,0.8189,0.8203,553.09,0.819625,453.32639125,553.09,453.32639125,
2022-11-04 01:50:00+00:00,0.8197,0.8234,0.8206,0.8214,2087.33,0.821275,1714.27194575,2087.33,1714.27194575,
2022-11-04 01:55:00+00:00,0.8191,0.8216,0.8216,0.8204,1314.84,0.820675,1079.056317,1314.84,1079.056317,
2022-11-04 02:00:00+00:00,0.8209,0.8236,0.8216,0.8228,1540.35,0.822225,1266.51427875,1540.35,1266.51427875,
2022-11-04 02:05:00+00:00,0.822,0.8266,0.8227,0.8247,7349.02,0.824,6055.59248,7349.02,6055.59248,
2022-11-04 02:10:00+00:00,0.8244,0.8296,0.8244,0.8295,5870.0,0.826975,4854.34325,5870.0,4854.34325,
2022-11-04 02:15:00+00:00,0.8267,0.8297,0.8293,0.8283,1615.91,0.8285,1338.781435,1615.91,1338.781435,
2022-11-04 02:20:00+00:00,0.8254,0.829,0.8265,0.8278,2379.07,0.827175,1967.90722725,2379.07,1967.90722725,
2022-11-04 02:25:00+00:00,0.8266,0.8275,0.8272,0.8268,2041.63,0.827025,1688.47905075,2041.63,1688.47905075,
2022-11-04 02:30:00+00:00,0.8249,0.8279,0.8268,0.8254,6936.44,0.82625,5731.23355,6936.44,5731.23355,
2022-11-04 02:35:00+00:00,0.8255,0.8264,0.8255,0.826,1292.26,0.82585,1067.212921,1292.26,1067.212921,
2022-11-04 02:40:00+00:00,0.8257,0.827,0.826,0.8268,464.22,0.826375,383.6198025,464.22,383.6198025,
2022-11-04 02:45:00+00:00,0.8247,0.8269,0.8269,0.825,366.88,0.825875,302.99702,366.88,302.99702,
2022-11-04 02:50:00+00:00,0.8235,0.8252,0.8247,0.825,1141.3,0.8246,941.11598,1141.3,941.11598,
2022-11-04 02:55:00+00:00,0.8254,0.827,0.8254,0.8259,904.63,0.825925,747.15653275,904.63,747.15653275,
2022-11-04 03:00:00+00:00,0.8266,0.8294,0.8272,0.8294,1085.69,0.82815,899.1141735,1085.69,899.1141735,
2022-11-04 03:05:00+00:00,0.8287,0.8308,0.83,0.8292,1768.34,0.829675,1467.1474895,1768.34,1467.1474895,
2022-11-04 03:10:00+00:00,0.8284,0.8299,0.8284,0.8293,1419.2,0.829,1176.5168,1419.2,1176.5168,
2022-11-04 03:15:00+00:00,0.8289,0.833,0.8289,0.8321,1834.84,0.830725,1524.247459,1834.84,1524.247459,
2022-11-04 03:20:00+00:00,0.8313,0.8388,0.8316,0.8381,8085.12,0.83495,6750.670944,8085.12,6750.670944,
2022-11-04 03:25:00+00:00,0.8383,0.8421,0.8383,0.8421,2447.38,0.8402,2056.288676,2447.38,2056.288676,
2022-11-04 03:30:00+00:00,0.8423,0.8481,0.8423,0.8478,1938.15,0.845125,1637.97901875,1938.15,1637.97901875,
2022-11-04 03:35:00+00:00,0.8478,0.8565,0.8478,0.8549,10250.59,0.85175,8730.9400325,10250.59,8730.9400325,
2022-11-04 03:40:00+00:00,0.8502,0.8558,0.8544,0.8522,8331.26,0.85315,7107.814469,8331.26,7107.814469,
2022-11-04 03:45:00+00:00,0.8498,0.8539,0.853,0.8512,11381.55,0.851975,9696.79606125,11381.55,9696.79606125,
2022-11-04 03:50:00+00:00,0.8476,0.8515,0.8515,0.8488,3448.33,0.84985,2930.5632505,3448.33,2930.5632505,
2022-11-04 03:55:00+00:00,0.8471,0.8497,0.8486,0.8487,8334.18,0.848525,7071.7600845,8334.18,7071.7600845,
2022-11-04 04:00:00+00:00,0.8442,0.8488,0.8479,0.8447,3646.36,0.8464,3086.279104,3646.36,3086.279104,
2022-11-04 04:05:00+00:00,0.8421,0.8453,0.8448,0.8429,2695.74,0.843775,2274.5980185,2695.74,2274.5980185,
2022-11-04 04:10:00+00:00,0.8412,0.8424,0.8424,0.8415,213.22,0.841875,179.5045875,213.22,179.5045875,
2022-11-04 04:15:00+00:00,0.8416,0.8499,0.8416,0.8483,6482.31,0.84535,5479.8207585,6482.31,5479.8207585,
2022-11-04 04:20:00+00:00,0.847,0.8497,0.8478,0.8475,12989.22,0.848,11014.85856,12989.22,11014.85856,
2022-11-04 04:25:00+00:00,0.847,0.8535,0.8472,0.8528,2191.55,0.850125,1863.09144375,2191.55,1863.09144375,
2022-11-04 04:30:00+00:00,0.848,0.8524,0.8516,0.8502,2819.76,0.85055,2398.346868,2819.76,2398.346868,
2022-11-04 04:35:00+00:00,0.8505,0.8533,0.8505,0.8526,5202.25,0.851725,4430.88638125,5202.25,4430.88638125,
2022-11-04 04:40:00+00:00,0.8499,0.8535,0.8527,0.8516,23862.04,0.851925,20328.668427,23862.04,20328.668427,
2022-11-04 04:45:00+00:00,0.849,0.852,0.8516,0.8497,2735.13,0.850575,2326.43319975,2735.13,2326.43319975,
2022-11-04 04:50:00+00:00,0.8476,0.8509,0.8503,0.8489,16288.54,0.849425,13835.8930895,16288.54,13835.8930895,
2022-11-04 04:55:00+00:00,0.8484,0.8503,0.8489,0.8503,2144.53,0.849475,1821.72462175,2144.53,1821.72462175,
2022-11-04 05:00:00+00:00,0.8443,0.8517,0.8504,0.8445,4242.25,0.847725,3596.26138125,4242.25,3596.26138125,
2022-11-04 05:05:00+00:00,0.8452,0.847,0.8457,0.8452,2208.28,0.845775,1867.708017,2208.28,1867.708017,
2022-11-04 05:10:00+00:00,0.8453,0.8501,0.8453,0.8484,35475.11,0.847275,30057.17382525,35475.11,30057.17382525,
2022-11-04 05:15:00+00:00,0.8472,0.8522,0.8479,0.8517,939.21,0.84975,798.0936975,939.21,798.0936975,
2022-11-04 05:20:00+00:00,0.851,0.8533,0.8524,0.8514,6403.68,0.852025,5456.095452,6403.68,5456.095452,
2022-11-04 05:25:00+00:00,0.85,0.8521,0.8515,0.8508,3298.12,0.8511,2807.029932,3298.12,2807.029932,
2022-11-04 05:30:00+00:00,0.8481,0.8514,0.8512,0.8491,1789.81,0.84995,1521.2490095,1789.81,1521.2490095,
2022-11-04 05:35:00+00:00,0.8475,0.851,0.8491,0.8475,31865.97,0.848775,27047.03868675,31865.97,27047.03868675,
2022-11-04 05:40:00+00:00,0.8453,0.8497,0.8472,0.8459,11046.11,0.847025,9356.33132275,11046.11,9356.33132275,
2022-11-04 05:45:00+00:00,0.8436,0.8472,0.8472,0.8471,1909.74,0.846275,1616.1652185,1909.74,1616.1652185,
2022-11-04 05:50:00+00:00,0.846,0.8503,0.846,0.8499,8727.13,0.84805,7401.0425965,8727.13,7401.0425965,
2022-11-04 05:55:00+00:00,0.8494,0.8512,0.8504,0.8508,21423.77,0.85045,18219.8451965,21423.77,18219.8451965,
2022-11-04 06:00:00+00:00,0.8512,0.854,0.8512,0.853,6454.83,0.85235,5501.7743505,6454.83,5501.7743505,
2022-11-04 06:05:00+00:00,0.8526,0.8593,0.8526,0.8585,2350.62,0.85575,2011.543065,2350.62,2011.543065,
2022-11-04 06:10:00+00:00,0.8556,0.8598,0.8585,0.8574,3462.53,0.857825,2970.24479725,3462.53,2970.24479725,
2022-11-04 06:15:00+00:00,0.8566,0.8592,0.858,0.8588,554.61,0.85815,475.9385715,554.61,475.9385715,
2022-11-04 06:20:00+00:00,0.8588,0.8674,0.8588,0.8618,20179.3,0.8617,17388.50281,20179.3,17388.50281,
2022-11-04 06:25:00+00:00,0.8586,0.8633,0.8629,0.859,9992.14,0.86095,8602.732933,9992.14,8602.732933,
2022-11-04 06:30:00+00:00,0.8559,0.863,0.8599,0.8563,7759.56,0.858775,6663.716139,7759.56,6663.716139,
2022-11-04 06:35:00+00:00,0.855,0.8588,0.8566,0.8552,1403.96,0.8564,1202.351344,1403.96,1202.351344,
2022-11-04 06:40:00+00:00,0.8537,0.8555,0.8552,0.8546,1794.25,0.85475,1533.6351875,1794.25,1533.6351875,
2022-11-04 06:45:00+00:00,0.8527,0.8558,0.8547,0.8558,2170.68,0.85475,1855.38873,2170.68,1855.38873,
2022-11-04 06:50:00+00:00,0.8548,0.8563,0.8562,0.8554,1333.65,0.855675,1141.17096375,1333.65,1141.17096375,
2022-11-04 06:55:00+00:00,0.8537,0.8556,0.8552,0.8543,7698.55,0.8547,6579.950685,7698.55,6579.950685,
2022-11-04 07:00:00+00:00,0.8535,0.8553,0.854,0.8543,509.15,0.854275,434.95411625,509.15,434.95411625,
2022-11-04 07:05:00+00:00,0.8516,0.854,0.854,0.8518,1387.89,0.85285,1183.6619865,1387.89,1183.6619865,
2022-11-04 07:10:00+00:00,0.8507,0.852,0.852,0.8507,2083.82,0.85135,1774.060157,2083.82,1774.060157,
2022-11-04 07:15:00+00:00,0.8498,0.8526,0.851,0.8526,347.27,0.8515,295.700405,347.27,295.700405,
2022-11-04 07:20:00+00:00,0.8508,0.8521,0.8521,0.8512,148.01,0.85155,126.0379155,148.01,126.0379155,
2022-11-04 07:25:00+00:00,0.8504,0.8514,0.8509,0.8508,793.55,0.850875,675.21185625,793.55,675.21185625,
2022-11-04 07:30:00+00:00,0.8495,0.8537,0.8501,0.8536,285.45,0.851725,243.12490125,285.45,243.12490125,
2022-11-04 07:35:00+00:00,0.8536,0.8544,0.8538,0.8542,1462.3,0.854,1248.8042,1462.3,1248.8042,
2022-11-04 07:40:00+00:00,0.8527,0.8542,0.8541,0.8542,552.58,0.8538,471.792804,552.58,471.792804,
2022-11-04 07:45:00+00:00,0.8543,0.8552,0.8543,0.8544,199.3,0.85455,170.311815,199.3,170.311815,
2022-11-04 07:50:00+00:00,0.854,0.8551,0.8547,0.8545,9383.63,0.854575,8019.01560725,9383.63,8019.01560725,
2022-11-04 07:55:00+00:00,0.8542,0.8554,0.8547,0.8554,2300.23,0.854925,1966.52413275,2300.23,1966.52413275,
2022-11-04 08:00:00+00:00,0.8549,0.8583,0.8549,0.8569,3568.28,0.85625,3055.33975,3568.28,3055.33975,
2022-11-04 08:05:00+00:00,0.8571,0.8588,0.8571,0.8588,41.3,0.85795,35.433335,41.3,35.433335,
2022-11-04 08:10:00+00:00,0.8566,0.8588,0.8588,0.8576,2354.71,0.85795,2020.2234445,2354.71,2020.2234445,
2022-11-04 08:15:00+00:00,0.8547,0.8584,0.8579,0.8547,1009.03,0.856425,864.15851775,1009.03,864.15851775,
2022-11-04 08:20:00+00:00,0.8529,0.8561,0.8543,0.8545,4345.36,0.85445,3712.892852,4345.36,3712.892852,
2022-11-04 08:25:00+00:00,0.8533,0.8554,0.8541,0.8536,688.78,0.8541,588.286998,688.78,588.286998,
2022-11-04 08:30:00+00:00,0.8535,0.8585,0.8535,0.8566,1453.78,0.855525,1243.7451345,1453.78,1243.7451345,
2022-11-04 08:35:00+00:00,0.8567,0.8598,0.8574,0.859,1436.09,0.858225,1232.48834025,1436.09,1232.48834025,
2022-11-04 08:40:00+00:00,0.8591,0.861,0.8591,0.8606,1359.5,0.85995,1169.102025,1359.5,1169.102025,
2022-11-04 08:45:00+00:00,0.857,0.8618,0.8607,0.857,1501.13,0.859125,1289.65831125,1501.13,1289.65831125,
2022-11-04 08:50:00+00:00,0.8545,0.8578,0.857,0.8545,968.31,0.85595,828.8249445,968.31,828.8249445,
2022-11-04 08:55:00+00:00,0.8515,0.856,0.8552,0.8515,1700.26,0.85355,1451.256923,1700.26,1451.256923,
2022-11-04 09:00:00+00:00,0.8516,0.8551,0.8516,0.8549,896.71,0.8533,765.162643,896.71,765.162643,
2022-11-04 09:05:00+00:00,0.8484,0.8551,0.8551,0.8495,5519.12,0.852025,4702.428218,5519.12,4702.428218,
2022-11-04 09:10:00+00:00,0.8441,0.8494,0.8493,0.8458,2941.84,0.84715,2492.179756,2941.84,2492.179756,
2022-11-04 09:15:00+00:00,0.8454,0.8489,0.846,0.8487,1494.27,0.84725,1266.0202575,1494.27,1266.0202575,
2022-11-04 09:20:00+00:00,0.8444,0.8493,0.8493,0.8444,1967.13,0.84685,1665.8640405,1967.13,1665.8640405,
2022-11-04 09:25:00+00:00,0.8458,0.8471,0.8467,0.8471,449.91,0.846675,380.92754925,449.91,380.92754925,
2022-11-04 09:30:00+00:00,0.8487,0.8509,0.8487,0.8503,265.8,0.84965,225.83697,265.8,225.83697,
2022-11-04 09:35:00+00:00,0.8496,0.8509,0.8497,0.8498,589.84,0.85,501.364,589.84,501.364,
2022-11-04 09:40:00+00:00,0.8488,0.8509,0.85,0.8492,578.7,0.849725,491.7358575,578.7,491.7358575,
2022-11-04 09:45:00+00:00,0.8496,0.8514,0.8496,0.8509,3898.76,0.850375,3315.408035,3898.76,3315.408035,
2022-11-04 09:50:00+00:00,0.8495,0.8518,0.8513,0.8496,563.07,0.85055,478.9191885,563.07,478.9191885,
2022-11-04 09:55:00+00:00,0.8497,0.8509,0.8509,0.85,415.16,0.850375,353.041685,415.16,353.041685,
2022-11-04 10:00:00+00:00,0.8506,0.8534,0.8506,0.8534,533.04,0.852,454.15008,533.04,454.15008,
2022-11-04 10:05:00+00:00,0.8531,0.8569,0.8534,0.8531,1377.44,0.854125,1176.50594,1377.44,1176.50594,
2022-11-04 10:10:00+00:00,0.8498,0.8537,0.8535,0.85,2374.01,0.85175,2022.0630175,2374.01,2022.0630175,
2022-11-04 10:15:00+00:00,0.8474,0.8521,0.8521,0.849,1534.4,0.85015,1304.47016,1534.4,1304.47016,
2022-11-04 10:20:00+00:00,0.8482,0.8492,0.8492,0.8486,1423.74,0.8488,1208.470512,1423.74,1208.470512,
2022-11-04 10:25:00+00:00,0.8473,0.8495,0.8489,0.8492,500.44,0.848725,424.735939,500.44,424.735939,
2022-11-04 10:30:00+00:00,0.8459,0.8487,0.8487,0.847,6181.85,0.847575,5239.58151375,6181.85,5239.58151375,
2022-11-04 10:35:00+00:00,0.8476,0.851,0.8476,0.8501,3239.37,0.849075,2750.46808275,3239.37,2750.46808275,
2022-11-04 10:40:00+00:00,0.8496,0.8511,0.8498,0.8503,1342.73,0.8502,1141.589046,1342.73,1141.589046,
2022-11-04 10:45:00+00:00,0.8498,0.8536,0.85,0.8536,3272.33,0.85175,2787.2070775,3272.33,2787.2070775,
2022-11-04 10:50:00+00:00,0.8537,0.8556,0.8537,0.8555,7468.36,0.854625,6382.647165,7468.36,6382.647165,
2022-11-04 10:55:00+00:00,0.8542,0.8592,0.8555,0.8542,7155.01,0.855775,6123.07868275,7155.01,6123.07868275,
2022-11-04 11:00:00+00:00,0.852,0.8548,0.8537,0.854,3715.06,0.853625,3171.2680925,3715.06,3171.2680925,
2022-11-04 11:05:00+00:00,0.8523,0.8559,0.8544,0.8559,1961.36,0.854625,1676.22729,1961.36,1676.22729,
2022-11-04 11:10:00+00:00,0.8535,0.8563,0.8561,0.8543,1971.21,0.85505,1685.4831105,1971.21,1685.4831105,
2022-11-04 11:15:00+00:00,0.8545,0.8613,0.8545,0.8584,2672.57,0.857175,2290.86018975,2672.57,2290.86018975,
2022-11-04 11:20:00+00:00,0.8566,0.86,0.8571,0.8584,2491.25,0.858025,2137.55478125,2491.25,2137.55478125,
2022-11-04 11:25:00+00:00,0.8563,0.8589,0.8589,0.8567,912.58,0.8577,782.719866,912.58,782.719866,
2022-11-04 11:30:00+00:00,0.8557,0.857,0.8564,0.8557,201.4,0.8562,172.43868,201.4,172.43868,
2022-11-04 11:35:00+00:00,0.8524,0.8553,0.8553,0.8524,167.16,0.85385,142.729566,167.16,142.729566,
2022-11-04 11:40:00+00:00,0.8478,0.8527,0.8525,0.8495,4984.37,0.850625,4239.82973125,4984.37,4239.82973125,
2022-11-04 11:45:00+00:00,0.8472,0.8503,0.8503,0.8476,4560.44,0.84885,3871.129494,4560.44,3871.129494,
2022-11-04 11:50:00+00:00,0.8468,0.8521,0.8478,0.8498,1662.04,0.849125,1411.279715,1662.04,1411.279715,
2022-11-04 11:55:00+00:00,0.848,0.851,0.8507,0.848,1937.33,0.849425,1645.61653525,1937.33,1645.61653525,
2022-11-04 12:00:00+00:00,0.8474,0.8503,0.8485,0.8483,1682.99,0.848625,1428.22738875,1682.99,1428.22738875,
2022-11-04 12:05:00+00:00,0.8424,0.8485,0.8485,0.8437,5723.61,0.845775,4840.88624775,5723.61,4840.88624775,
2022-11-04 12:10:00+00:00,0.8437,0.8474,0.8437,0.8473,270.26,0.845525,228.5115865,270.26,228.5115865,
2022-11-04 12:15:00+00:00,0.8471,0.851,0.8475,0.851,1509.05,0.84915,1281.4098075,1509.05,1281.4098075,
2022-11-04 12:20:00+00:00,0.8506,0.8566,0.851,0.852,3997.11,0.85255,3407.7361305,3997.11,3407.7361305,
2022-11-04 12:25:00+00:00,0.8482,0.854,0.852,0.8533,3453.62,0.851875,2942.0525375,3453.62,2942.0525375,
2022-11-04 12:30:00+00:00,0.8409,0.8579,0.854,0.8579,43889.3,0.852675,37423.3088775,43889.3,37423.3088775,
2022-11-04 12:35:00+00:00,0.8597,0.8663,0.86,0.8647,12191.83,0.862675,10517.58694525,12191.83,10517.58694525,
2022-11-04 12:40:00+00:00,0.857,0.8664,0.865,0.8584,19909.24,0.8617,17155.792108,19909.24,17155.792108,
2022-11-04 12:45:00+00:00,0.8583,0.8629,0.8594,0.8616,4382.12,0.86055,3771.033366,4382.12,3771.033366,
2022-11-04 12:50:00+00:00,0.859,0.8634,0.8619,0.8598,3708.46,0.861025,3193.0767715,3708.46,3193.0767715,
2022-11-04 12:55:00+00:00,0.8594,0.866,0.8608,0.866,5078.57,0.86305,4383.0598385,5078.57,4383.0598385,
2022-11-04 13:00:00+00:00,0.8632,0.8679,0.864,0.8642,6874.33,0.864825,5945.09244225,6874.33,5945.09244225,
2022-11-04 13:05:00+00:00,0.8593,0.865,0.865,0.8619,1658.62,0.8628,1431.057336,1658.62,1431.057336,
2022-11-04 13:10:00+00:00,0.8616,0.8632,0.8628,0.8627,1437.67,0.862575,1240.09820025,1437.67,1240.09820025,
2022-11-04 13:15:00+00:00,0.862,0.8664,0.8623,0.862,4104.31,0.863175,3542.73778425,4104.31,3542.73778425,
2022-11-04 13:20:00+00:00,0.8603,0.8644,0.8626,0.863,17440.38,0.862575,15043.6357785,17440.38,15043.6357785,
2022-11-04 13:25:00+00:00,0.8628,0.866,0.8629,0.863,7634.19,0.863675,6593.45904825,7634.19,6593.45904825,
2022-11-04 13:30:00+00:00,0.8608,0.8639,0.8625,0.8616,8837.71,0.8622,7619.873562,8837.71,7619.873562,
2022-11-04 13:35:00+00:00,0.8587,0.8633,0.8619,0.8601,5481.78,0.861,4719.81258,5481.78,4719.81258,
2022-11-04 13:40:00+00:00,0.8545,0.8601,0.859,0.8545,5700.09,0.857025,4885.11963225,5700.09,4885.11963225,
2022-11-04 13:45:00+00:00,0.8549,0.8585,0.8549,0.8557,2383.44,0.856,2040.22464,2383.44,2040.22464,
2022-11-04 13:50:00+00:00,0.8552,0.8576,0.8563,0.8575,10147.85,0.85665,8693.1557025,10147.85,8693.1557025,
2022-11-04 13:55:00+00:00,0.8581,0.861,0.8584,0.861,5613.16,0.859625,4825.212665,5613.16,4825.212665,
2022-11-04 14:00:00+00:00,0.8591,0.8629,0.86,0.8602,3206.86,0.86055,2759.663373,3206.86,2759.663373,
2022-11-04 14:05:00+00:00,0.8616,0.868,0.8617,0.8674,2214.3,0.864675,1914.6498525,2214.3,1914.6498525,
2022-11-04 14:10:00+00:00,0.867,0.8749,0.8675,0.8742,8547.83,0.8709,7444.305147,8547.83,7444.305147,
2022-11-04 14:15:00+00:00,0.8701,0.8753,0.8733,0.8708,13589.68,0.872375,11855.29709,13589.68,11855.29709,
2022-11-04 14:20:00+00:00,0.8707,0.88,0.8717,0.8752,11468.99,0.8744,10028.484856,11468.99,10028.484856,
2022-11-04 14:25:00+00:00,0.8743,0.88,0.8763,0.88,3676.89,0.87765,3227.0225085,3676.89,3227.0225085,
2022-11-04 14:30:00+00:00,0.8766,0.8826,0.8801,0.8788,5264.33,0.879525,4630.10984325,5264.33,4630.10984325,
2022-11-04 14:35:00+00:00,0.8774,0.8811,0.879,0.8807,3637.77,0.87955,3199.6006035,3637.77,3199.6006035,
2022-11-04 14:40:00+00:00,0.8797,0.884,0.882,0.8834,4889.6,0.882275,4313.97184,4889.6,4313.97184,
2022-11-04 14:45:00+00:00,0.879,0.883,0.883,0.8809,14509.24,0.881475,12789.532329,14509.24,12789.532329,
2022-11-04 14:50:00+00:00,0.8778,0.882,0.881,0.8787,7081.6,0.879875,6230.9228,7081.6,6230.9228,
2022-11-04 14:55:00+00:00,0.8789,0.881,0.8791,0.8808,3126.75,0.87995,2751.3836625,3126.75,2751.3836625,
2022-11-04 15:00:00+00:00,0.8768,0.8812,0.8804,0.8768,4142.49,0.8788,3640.420212,4142.49,3640.420212,
2022-11-04 15:05:00+00:00,0.8745,0.878,0.8769,0.8774,2230.62,0.8767,1955.584554,2230.62,1955.584554,
2022-11-04 15:10:00+00:00,0.8725,0.8777,0.8777,0.8734,2119.69,0.875325,1855.41764925,2119.69,1855.41764925,
2022-11-04 15:15:00+00:00,0.8738,0.8781,0.8738,0.876,4732.62,0.875425,4143.0538635,4732.62,4143.0538635,
2022-11-04 15:20:00+00:00,0.8737,0.8777,0.8767,0.8737,9936.8,0.87545,8699.17156,9936.8,8699.17156,
2022-11-04 15:25:00+00:00,0.873,0.8763,0.8743,0.874,6480.27,0.8744,5666.348088,6480.27,5666.348088,
2022-11-04 15:30:00+00:00,0.8731,0.8767,0.8759,0.8745,9293.26,0.87505,8132.067163,9293.26,8132.067163,
2022-11-04 15:35:00+00:00,0.8707,0.8754,0.874,0.8715,3978.23,0.8729,3472.596967,3978.23,3472.596967,
2022-11-04 15:40:00+00:00,0.8657,0.8727,0.8712,0.8661,4875.24,0.868925,4236.217917,4875.24,4236.217917,
2022-11-04 15:45:00+00:00,0.8683,0.8707,0.8683,0.8703,2860.72,0.8694,2487.109968,2860.72,2487.109968,
2022-11-04 15:50:00+00:00,0.8633,0.8703,0.8703,0.864,8816.05,0.866975,7643.29494875,8816.05,7643.29494875,
2022-11-04 15:55:00+00:00,0.8633,0.8656,0.8653,0.8633,2963.41,0.864375,2561.49751875,2963.41,2561.49751875,
2022-11-04 16:00:00+00:00,0.8581,0.8672,0.8638,0.8581,14355.91,0.8618,12371.923238,14355.91,12371.923238,
2022-11-04 16:05:00+00:00,0.858,0.8681,0.8605,0.8681,1557.75,0.863675,1345.38973125,1557.75,1345.38973125,
2022-11-04 16:10:00+00:00,0.8623,0.8689,0.8675,0.8649,5899.44,0.8659,5108.325096,5899.44,5108.325096,
2022-11-04 16:15:00+00:00,0.8619,0.8673,0.866,0.8673,2681.41,0.865625,2321.09553125,2681.41,2321.09553125,
2022-11-04 16:20:00+00:00,0.8621,0.867,0.8669,0.8621,1215.71,0.864525,1051.01168775,1215.71,1051.01168775,
2022-11-04 16:25:00+00:00,0.8625,0.865,0.8632,0.8648,104.76,0.863875,90.499545,104.76,90.499545,
2022-11-04 16:30:00+00:00,0.8634,0.8659,0.8644,0.8651,2557.92,0.8647,2211.833424,2557.92,2211.833424,
2022-11-04 16:35:00+00:00,0.86,0.8649,0.8649,0.86,1143.29,0.86245,986.0304605,1143.29,986.0304605,
2022-11-04 16:40:00+00:00,0.8584,0.8621,0.8596,0.8609,2815.27,0.86025,2421.8360175,2815.27,2421.8360175,
2022-11-04 16:45:00+00:00,0.8567,0.8614,0.8609,0.8567,2448.46,0.858925,2103.0435055,2448.46,2103.0435055,
2022-11-04 16:50:00+00:00,0.8565,0.8597,0.8568,0.8597,4632.96,0.858175,3975.890448,4632.96,3975.890448,
2022-11-04 16:55:00+00:00,0.858,0.8612,0.8592,0.8606,10982.35,0.85975,9442.0754125,10982.35,9442.0754125,
2022-11-04 17:00:00+00:00,0.8582,0.8612,0.8594,0.8612,2723.58,0.86,2342.2788,2723.58,2342.2788,
2022-11-04 17:05:00+00:00,0.8572,0.8613,0.861,0.8573,3741.84,0.8592,3214.988928,3741.84,3214.988928,
2022-11-04 17:10:00+00:00,0.8573,0.8604,0.8573,0.8598,1702.99,0.8587,1462.357513,1702.99,1462.357513,
2022-11-04 17:15:00+00:00,0.8591,0.8607,0.8601,0.8607,284.49,0.86015,244.7040735,284.49,244.7040735,
2022-11-04 17:20:00+00:00,0.8598,0.8605,0.86,0.8605,363.05,0.8602,312.29561,363.05,312.29561,
2022-11-04 17:25:00+00:00,0.8561,0.8596,0.8596,0.8565,443.78,0.85795,380.741051,443.78,380.741051,
2022-11-04 17:30:00+00:00,0.8558,0.8592,0.8567,0.8559,736.42,0.8569,631.038298,736.42,631.038298,
2022-11-04 17:35:00+00:00,0.8556,0.8599,0.856,0.8598,655.47,0.857825,562.27855275,655.47,562.27855275,
2022-11-04 17:40:00+00:00,0.8599,0.8632,0.8603,0.8616,5030.62,0.86125,4332.621475,5030.62,4332.621475,
2022-11-04 17:45:00+00:00,0.8601,0.8637,0.8612,0.8614,3419.11,0.8616,2945.905176,3419.11,2945.905176,
2022-11-04 17:50:00+00:00,0.8611,0.8624,0.8611,0.8618,3220.6,0.8616,2774.86896,3220.6,2774.86896,
2022-11-04 17:55:00+00:00,0.8613,0.8628,0.8621,0.8616,1573.66,0.86195,1356.416237,1573.66,1356.416237,
2022-11-04 18:00:00+00:00,0.8605,0.8619,0.8618,0.861,1266.15,0.8613,1090.534995,1266.15,1090.534995,
2022-11-04 18:05:00+00:00,0.8571,0.8595,0.8595,0.8574,457.95,0.858375,393.09283125,457.95,393.09283125,
2022-11-04 18:10:00+00:00,0.8572,0.8593,0.8572,0.8578,1541.98,0.857875,1322.8260925,1541.98,1322.8260925,
2022-11-04 18:15:00+00:00,0.8584,0.862,0.8584,0.86,998.33,0.8597,858.264301,998.33,858.264301,
2022-11-04 18:20:00+00:00,0.8593,0.8628,0.8603,0.8625,603.82,0.861225,520.0248795,603.82,520.0248795,
2022-11-04 18:25:00+00:00,0.8619,0.8643,0.8621,0.8635,9272.79,0.86295,8001.9541305,9272.79,8001.9541305,
2022-11-04 18:30:00+00:00,0.863,0.8653,0.8637,0.8651,529.39,0.864275,457.53854225,529.39,457.53854225,
2022-11-04 18:35:00+00:00,0.8651,0.8672,0.8657,0.8654,887.86,0.86585,768.753581,887.86,768.753581,
2022-11-04 18:40:00+00:00,0.8644,0.8679,0.8647,0.8671,1228.09,0.866025,1063.55664225,1228.09,1063.55664225,
2022-11-04 18:45:00+00:00,0.8658,0.8689,0.8673,0.8658,5657.5,0.86695,4904.769625,5657.5,4904.769625,
2022-11-04 18:50:00+00:00,0.8658,0.8691,0.8659,0.8672,2509.47,0.867,2175.71049,2509.47,2175.71049,
2022-11-04 18:55:00+00:00,0.8658,0.8689,0.8689,0.866,264.85,0.8674,229.73089,264.85,229.73089,
2022-11-04 19:00:00+00:00,0.8661,0.8687,0.8661,0.8687,1021.51,0.8674,886.057774,1021.51,886.057774,
2022-11-04 19:05:00+00:00,0.8675,0.8698,0.869,0.8694,1394.85,0.868925,1212.02003625,1394.85,1212.02003625,
2022-11-04 19:10:00+00:00,0.8695,0.8713,0.8699,0.8705,162.95,0.8703,141.815385,162.95,141.815385,
2022-11-04 19:15:00+00:00,0.8683,0.8712,0.871,0.869,2698.3,0.869875,2347.1837125,2698.3,2347.1837125,
2022-11-04 19:20:00+00:00,0.8672,0.8687,0.8687,0.8674,953.15,0.868,827.3342,953.15,827.3342,
2022-11-04 19:25:00+00:00,0.8662,0.8693,0.8663,0.8679,1069.88,0.867425,928.040659,1069.88,928.040659,
2022-11-04 19:30:00+00:00,0.8669,0.869,0.8669,0.8687,2788.62,0.867875,2420.1735825,2788.62,2420.1735825,
2022-11-04 19:35:00+00:00,0.8669,0.8696,0.8683,0.8696,2834.97,0.8686,2462.454942,2834.97,2462.454942,
2022-11-04 19:40:00+00:00,0.87,0.8722,0.8701,0.872,821.4,0.871075,715.501005,821.4,715.501005,
2022-11-04 19:45:00+00:00,0.871,0.8729,0.8714,0.8711,1820.63,0.8716,1586.861108,1820.63,1586.861108,
2022-11-04 19:50:00+00:00,0.8704,0.8727,0.8713,0.8727,2891.01,0.871775,2520.31024275,2891.01,2520.31024275,
2022-11-04 19:55:00+00:00,0.8716,0.8749,0.8728,0.8741,4282.54,0.87335,3740.156309,4282.54,3740.156309,
2022-11-04 20:00:00+00:00,0.8741,0.876,0.8747,0.8744,1648.55,0.8748,1442.15154,1648.55,1442.15154,
2022-11-04 20:05:00+00:00,0.8723,0.8766,0.8745,0.8728,7248.52,0.87405,6335.568906,7248.52,6335.568906,
2022-11-04 20:10:00+00:00,0.8728,0.8768,0.8728,0.8741,15446.89,0.874125,13502.51272125,15446.89,13502.51272125,
2022-11-04 20:15:00+00:00,0.873,0.8741,0.8736,0.8738,17648.34,0.873625,15418.0310325,17648.34,15418.0310325,
2022-11-04 20:20:00+00:00,0.8722,0.8755,0.8738,0.8722,12437.73,0.873425,10863.42432525,12437.73,10863.42432525,
2022-11-04 20:25:00+00:00,0.8715,0.8732,0.8719,0.8726,2504.91,0.8723,2185.032993,2504.91,2185.032993,
2022-11-04 20:30:00+00:00,0.8719,0.8736,0.8724,0.8736,875.52,0.872875,764.21952,875.52,764.21952,
2022-11-04 20:35:00+00:00,0.8725,0.8739,0.8734,0.8726,991.81,0.8731,865.949311,991.81,865.949311,
2022-11-04 20:40:00+00:00,0.8709,0.8727,0.8727,0.8725,1517.43,0.8722,1323.502446,1517.43,1323.502446,
2022-11-04 20:45:00+00:00,0.8718,0.9,0.8729,0.8757,82623.15,0.8801,72716.634315,82623.15,72716.634315,
2022-11-04 20:50:00+00:00,0.8752,0.8806,0.8753,0.8777,43580.83,0.8772,38229.104076,43580.83,38229.104076,
2022-11-04 20:55:00+00:00,0.8769,0.8793,0.8774,0.8793,1646.53,0.878225,1446.02380925,1646.53,1446.02380925,
2022-11-04 21:00:00+00:00,0.8748,0.88,0.8795,0.8748,3894.49,0.877275,3416.53871475,3894.49,3416.53871475,
2022-11-04 21:05:00+00:00,0.8738,0.8767,0.8746,0.8767,975.28,0.87545,853.808876,975.28,853.808876,
2022-11-04 21:10:00+00:00,0.877,0.8791,0.8781,0.877,7050.92,0.8778,6189.297576,7050.92,6189.297576,
2022-11-04 21:15:00+00:00,0.8774,0.8803,0.8775,0.8789,6622.59,0.878525,5818.11087975,6622.59,5818.11087975,
2022-11-04 21:20:00+00:00,0.8797,0.8804,0.88,0.8798,280.65,0.879975,246.96498375,280.65,246.96498375,
2022-11-04 21:25:00+00:00,0.877,0.8796,0.8796,0.877,1515.42,0.8783,1330.993386,1515.42,1330.993386,
2022-11-04 21:30:00+00:00,0.8754,0.8772,0.877,0.8764,434.69,0.8765,381.005785,434.69,381.005785,
2022-11-04 21:35:00+00:00,0.8761,0.877,0.8761,0.877,1093.11,0.87655,958.1655705,1093.11,958.1655705,
2022-11-04 21:40:00+00:00,0.8763,0.8772,0.8771,0.8767,1408.42,0.876825,1234.9378665,1408.42,1234.9378665,
2022-11-04 21:45:00+00:00,0.8747,0.8778,0.8766,0.8778,1391.15,0.876725,1219.65598375,1391.15,1219.65598375,
2022-11-04 21:50:00+00:00,0.8788,0.882,0.8788,0.8817,2629.97,0.880325,2315.22834025,2629.97,2315.22834025,
2022-11-04 21:55:00+00:00,0.8817,0.8825,0.8817,0.8825,527.97,0.8821,465.722337,527.97,465.722337,
2022-11-04 22:00:00+00:00,0.8775,0.8824,0.8821,0.8775,2635.42,0.879875,2318.8401725,2635.42,2318.8401725,
2022-11-04 22:05:00+00:00,0.8756,0.8795,0.8781,0.8766,5004.89,0.87745,4391.5407305,5004.89,4391.5407305,
2022-11-04 22:10:00+00:00,0.8776,0.8795,0.8777,0.8782,599.26,0.87825,526.300095,599.26,526.300095,
2022-11-04 22:15:00+00:00,0.8765,0.8793,0.8779,0.8771,4977.87,0.8777,4369.076499,4977.87,4369.076499,
2022-11-04 22:20:00+00:00,0.8765,0.8783,0.8773,0.8782,2224.21,0.877575,1951.91109075,2224.21,1951.91109075,
2022-11-04 22:25:00+00:00,0.8781,0.8814,0.8792,0.8813,3200.47,0.88,2816.4136,3200.47,2816.4136,
2022-11-04 22:30:00+00:00,0.8813,0.8845,0.8824,0.8815,680.3,0.882425,600.3137275,680.3,600.3137275,
2022-11-04 22:35:00+00:00,0.8808,0.8824,0.8811,0.8812,2295.63,0.881375,2023.31089125,2295.63,2023.31089125,
2022-11-04 22:40:00+00:00,0.8808,0.8866,0.8818,0.8854,5246.01,0.88365,4635.6367365,5246.01,4635.6367365,
2022-11-04 22:45:00+00:00,0.882,0.8872,0.8853,0.882,14615.98,0.884125,12922.3533175,14615.98,12922.3533175,
2022-11-04 22:50:00+00:00,0.8816,0.8837,0.883,0.8816,194.05,0.882475,171.24427375,194.05,171.24427375,
2022-11-04 22:55:00+00:00,0.881,0.8826,0.8826,0.882,497.94,0.88205,439.207977,497.94,439.207977,
2022-11-04 23:00:00+00:00,0.8814,0.8827,0.8823,0.8817,744.82,0.882025,656.9498605,744.82,656.9498605,
2022-11-04 23:05:00+00:00,0.8821,0.8868,0.8821,0.8826,13865.68,0.8834,12248.941712,13865.68,12248.941712,
2022-11-04 23:10:00+00:00,0.8782,0.8825,0.8825,0.8782,992.03,0.88035,873.3336105,992.03,873.3336105,
2022-11-04 23:15:00+00:00,0.8779,0.88,0.88,0.8787,533.23,0.87915,468.7891545,533.23,468.7891545,
2022-11-04 23:20:00+00:00,0.8792,0.8812,0.8792,0.8806,740.15,0.88005,651.3690075,740.15,651.3690075,
2022-11-04 23:25:00+00:00,0.8815,0.8834,0.8819,0.8829,493.84,0.882425,435.776762,493.84,435.776762,
2022-11-04 23:30:00+00:00,0.8815,0.8848,0.8828,0.8848,1709.51,0.883475,1510.30934725,1709.51,1510.30934725,
2022-11-04 23:35:00+00:00,0.8837,0.8858,0.8848,0.8856,776.37,0.884975,687.06804075,776.37,687.06804075,
2022-11-04 23:40:00+00:00,0.8859,0.8911,0.8859,0.8909,3628.15,0.88845,3223.4298675,3628.15,3223.4298675,
2022-11-04 23:45:00+00:00,0.8903,0.8946,0.8903,0.8914,28262.2,0.89165,25199.99063,28262.2,25199.99063,
2022-11-04 23:50:00+00:00,0.889,0.8922,0.8914,0.8896,276.67,0.89055,246.3884685,276.67,246.3884685,
2022-11-04 23:55:00+00:00,0.8866,0.8889,0.8888,0.888,1434.37,0.888075,1273.82813775,1434.37,1273.82813775,
2022-11-05 00:00:00+00:00,0.8881,0.9059,0.8881,0.9013,30443.01,0.89585,27272.3705085,30443.01,27272.3705085,
2022-11-05 00:05:00+00:00,0.9012,0.925,0.9012,0.916,26892.66,0.91085,24495.179361,26892.66,24495.179361,
2022-11-05 00:10:00+00:00,0.9185,0.9321,0.9185,0.9211,70901.94,0.92255,65410.584747,70901.94,65410.584747,
2022-11-05 00:15:00+00:00,0.9206,0.94,0.9217,0.9276,48773.76,0.927475,45236.443056,48773.76,45236.443056,
2022-11-05 00:20:00+00:00,0.9234,0.939,0.9288,0.939,37809.61,0.93255,35259.3518055,37809.61,35259.3518055,
2022-11-05 00:25:00+00:00,0.9358,0.9485,0.9396,0.9436,73848.93,0.941875,69556.46094375,73848.93,69556.46094375,
2022-11-05 00:30:00+00:00,0.9382,0.9583,0.943,0.9583,74783.89,0.94945,71003.5643605,74783.89,71003.5643605,
2022-11-05 00:35:00+00:00,0.9219,0.965,0.9574,0.9476,167025.65,0.947975,158336.14055875,167025.65,158336.14055875,
2022-11-05 00:40:00+00:00,0.9337,0.951,0.9475,0.9447,110938.34,0.944225,104750.7540865,110938.34,104750.7540865,
2022-11-05 00:45:00+00:00,0.9412,0.9536,0.9454,0.9521,36785.09,0.948075,34875.02420175,36785.09,34875.02420175,
2022-11-05 00:50:00+00:00,0.9507,0.9711,0.9521,0.9696,155570.6,0.960875,149483.900275,155570.6,149483.900275,
2022-11-05 00:55:00+00:00,0.9586,0.9705,0.97,0.9593,42470.11,0.9646,40966.668106,42470.11,40966.668106,
2022-11-05 01:00:00+00:00,0.9552,0.9776,0.9592,0.9713,89857.17,0.965825,86786.30121525,89857.17,86786.30121525,
2022-11-05 01:05:00+00:00,0.9645,0.9848,0.968,0.9834,49547.88,0.975175,48317.853879,49547.88,48317.853879,
2022-11-05 01:10:00+00:00,0.9647,0.986,0.9849,0.9684,31497.42,0.976,30741.48192,31497.42,30741.48192,
2022-11-05 01:15:00+00:00,0.9573,0.9692,0.9665,0.9591,76975.94,0.963025,74129.7546185,76975.94,74129.7546185,
2022-11-05 01:20:00+00:00,0.9543,0.9624,0.9585,0.9563,22616.7,0.957875,21663.9715125,22616.7,21663.9715125,
2022-11-05 01:25:00+00:00,0.955,0.9604,0.956,0.9565,12550.43,0.956975,12010.44774925,12550.43,12010.44774925,
2022-11-05 01:30:00+00:00,0.9454,0.96,0.957,0.9498,22130.4,0.95305,21091.37772,22130.4,21091.37772,
2022-11-05 01:35:00+00:00,0.9412,0.9511,0.951,0.9438,13190.16,0.946775,12488.113734,13190.16,12488.113734,
2022-11-05 01:40:00+00:00,0.9382,0.9443,0.9433,0.939,32423.89,0.9412,30517.365268,32423.89,30517.365268,
2022-11-05 01:45:00+00:00,0.9377,0.9499,0.9393,0.9471,17073.12,0.9435,16108.48872,17073.12,16108.48872,
2022-11-05 01:50:00+00:00,0.943,0.95,0.9443,0.9445,9284.27,0.94545,8777.8130715,9284.27,8777.8130715,
2022-11-05 01:55:00+00:00,0.9397,0.95,0.945,0.9494,33559.17,0.946025,31747.81379925,33559.17,31747.81379925,
2022-11-05 02:00:00+00:00,0.9474,0.958,0.9492,0.9498,10754.78,0.9511,10228.871258,10754.78,10228.871258,
2022-11-05 02:05:00+00:00,0.949,0.955,0.9494,0.9538,3573.71,0.9518,3401.457178,3573.71,3401.457178,
2022-11-05 02:10:00+00:00,0.9507,0.9538,0.9536,0.9514,8135.94,0.952375,7748.4658575,8135.94,7748.4658575,
2022-11-05 02:15:00+00:00,0.9472,0.9559,0.952,0.9504,11232.2,0.951375,10686.034275,11232.2,10686.034275,
2022-11-05 02:20:00+00:00,0.9492,0.9527,0.9509,0.9514,2257.7,0.95105,2147.185585,2257.7,2147.185585,
2022-11-05 02:25:00+00:00,0.953,0.9582,0.953,0.9575,10275.01,0.955425,9817.00142925,10275.01,9817.00142925,
2022-11-05 02:30:00+00:00,0.9507,0.96,0.9586,0.9507,3699.72,0.955,3533.2326,3699.72,3533.2326,
2022-11-05 02:35:00+00:00,0.9323,0.9529,0.9511,0.9473,51787.98,0.9459,48986.250282,51787.98,48986.250282,
2022-11-05 02:40:00+00:00,0.9451,0.9516,0.9473,0.9499,44028.2,0.948475,41759.646995,44028.2,41759.646995,
2022-11-05 02:45:00+00:00,0.9496,0.9565,0.9496,0.9559,10824.52,0.9529,10314.685108,10824.52,10314.685108,
2022-11-05 02:50:00+00:00,0.9537,0.9566,0.9552,0.9562,1591.51,0.955425,1520.56844175,1591.51,1520.56844175,
2022-11-05 02:55:00+00:00,0.9548,0.9625,0.9568,0.9614,9545.56,0.958875,9152.998845,9545.56,9152.998845,
2022-11-05 03:00:00+00:00,0.956,0.9612,0.9612,0.956,3198.52,0.9586,3066.101272,3198.52,3066.101272,
2022-11-05 03:05:00+00:00,0.9521,0.9578,0.9553,0.9578,10581.6,0.95575,10113.3642,10581.6,10113.3642,
2022-11-05 03:10:00+00:00,0.953,0.9583,0.956,0.9559,5154.57,0.9558,4926.738006,5154.57,4926.738006,
2022-11-05 03:15:00+00:00,0.9535,0.957,0.957,0.9537,2268.86,0.9553,2167.441958,2268.86,2167.441958,
2022-11-05 03:20:00+00:00,0.9446,0.9542,0.9542,0.9457,8501.09,0.949675,8073.27264575,8501.09,8073.27264575,
2022-11-05 03:25:00+00:00,0.9381,0.9463,0.9463,0.9412,4187.75,0.942975,3948.94355625,4187.75,3948.94355625,
2022-11-05 03:30:00+00:00,0.9392,0.9449,0.943,0.9427,7310.14,0.94245,6889.441443,7310.14,6889.441443,
2022-11-05 03:35:00+00:00,0.9431,0.9456,0.9433,0.9445,2876.28,0.944125,2715.567855,2876.28,2715.567855,
2022-11-05 03:40:00+00:00,0.9428,0.9452,0.9443,0.9432,2521.51,0.943875,2379.99025125,2521.51,2379.99025125,
2022-11-05 03:45:00+00:00,0.9389,0.9468,0.9432,0.9389,5176.93,0.94195,4876.4092135,5176.93,4876.4092135,
2022-11-05 03:50:00+00:00,0.9388,0.9437,0.9389,0.9437,865.3,0.941275,814.4852575,865.3,814.4852575,
2022-11-05 03:55:00+00:00,0.9383,0.9428,0.941,0.9383,2867.87,0.9401,2696.084587,2867.87,2696.084587,
2022-11-05 04:00:00+00:00,0.9379,0.941,0.9399,0.9408,1809.54,0.9399,1700.786646,1809.54,1700.786646,
2022-11-05 04:05:00+00:00,0.941,0.944,0.941,0.944,9586.07,0.9425,9034.870975,9586.07,9034.870975,
2022-11-05 04:10:00+00:00,0.941,0.9447,0.9447,0.941,1476.97,0.94285,1392.5611645,1476.97,1392.5611645,
2022-11-05 04:15:00+00:00,0.9402,0.945,0.9411,0.9426,915.32,0.942225,862.437387,915.32,862.437387,
2022-11-05 04:20:00+00:00,0.9409,0.9433,0.9419,0.9433,971.16,0.94235,915.172626,971.16,915.172626,
2022-11-05 04:25:00+00:00,0.9421,0.9485,0.9444,0.943,15197.77,0.9445,14354.293765,15197.77,14354.293765,
2022-11-05 04:30:00+00:00,0.9404,0.9441,0.943,0.9404,8364.06,0.941975,7878.7354185,8364.06,7878.7354185,
2022-11-05 04:35:00+00:00,0.9374,0.9441,0.9402,0.9441,9696.59,0.94145,9128.8546555,9696.59,9128.8546555,
2022-11-05 04:40:00+00:00,0.9433,0.948,0.945,0.947,15406.29,0.945825,14571.65423925,15406.29,14571.65423925,
2022-11-05 04:45:00+00:00,0.9455,0.948,0.9479,0.9461,700.21,0.946875,663.01134375,700.21,663.01134375,
2022-11-05 04:50:00+00:00,0.9349,0.9451,0.9451,0.9349,7219.97,0.94,6786.7718,7219.97,6786.7718,
2022-11-05 04:55:00+00:00,0.927,0.9357,0.9352,0.9284,38027.39,0.931575,35425.36583925,38027.39,35425.36583925,
2022-11-05 05:00:00+00:00,0.9258,0.9307,0.928,0.9306,5498.97,0.928775,5107.30586175,5498.97,5107.30586175,
2022-11-05 05:05:00+00:00,0.9253,0.9301,0.9301,0.93,6650.61,0.928875,6177.58536375,6650.61,6177.58536375,
2022-11-05 05:10:00+00:00,0.9284,0.9311,0.9297,0.9301,6357.13,0.929825,5911.01840225,6357.13,5911.01840225,
2022-11-05 05:15:00+00:00,0.929,0.9332,0.9308,0.9309,2883.55,0.930975,2684.51296125,2883.55,2684.51296125,
2022-11-05 05:20:00+00:00,0.9304,0.9337,0.9304,0.9317,1750.3,0.93155,1630.491965,1750.3,1630.491965,
2022-11-05 05:25:00+00:00,0.93,0.9329,0.9313,0.9325,2796.83,0.931675,2605.73659025,2796.83,2605.73659025,
2022-11-05 05:30:00+00:00,0.932,0.9347,0.9335,0.932,167.01,0.93305,155.8286805,167.01,155.8286805,
2022-11-05 05:35:00+00:00,0.9324,0.9344,0.9329,0.933,765.77,0.933175,714.59741975,765.77,714.59741975,
2022-11-05 05:40:00+00:00,0.9311,0.9334,0.9328,0.9328,1625.55,0.932525,1515.86601375,1625.55,1515.86601375,
2022-11-05 05:45:00+00:00,0.9321,0.9344,0.933,0.9326,2817.46,0.933025,2628.7606165,2817.46,2628.7606165,
2022-11-05 05:50:00+00:00,0.9283,0.932,0.9319,0.9283,7086.4,0.930125,6591.2378,7086.4,6591.2378,
2022-11-05 05:55:00+00:00,0.9285,0.932,0.9285,0.932,1494.47,0.93025,1390.2307175,1494.47,1390.2307175,
2022-11-05 06:00:00+00:00,0.93,0.9337,0.933,0.9337,927.68,0.9326,865.154368,927.68,865.154368,
2022-11-05 06:05:00+00:00,0.9323,0.9339,0.9327,0.9336,1850.96,0.933125,1727.17705,1850.96,1727.17705,
2022-11-05 06:10:00+00:00,0.9339,0.9356,0.934,0.9352,500.54,0.934675,467.8422245,500.54,467.8422245,
2022-11-05 06:15:00+00:00,0.9339,0.9359,0.9351,0.9346,2391.44,0.934875,2235.69747,2391.44,2235.69747,
2022-11-05 06:20:00+00:00,0.9324,0.9354,0.9354,0.9335,2576.18,0.934175,2406.6029515,2576.18,2406.6029515,
2022-11-05 06:25:00+00:00,0.9323,0.9332,0.9332,0.9332,103.89,0.932975,96.92677275,103.89,96.92677275,
2022-11-05 06:30:00+00:00,0.933,0.9344,0.9335,0.9336,442.75,0.933625,413.36246875,442.75,413.36246875,
2022-11-05 06:35:00+00:00,0.9283,0.9323,0.9319,0.9292,678.45,0.930425,631.24684125,678.45,631.24684125,
2022-11-05 06:40:00+00:00,0.9304,0.933,0.9304,0.933,662.59,0.9317,617.335103,662.59,617.335103,
2022-11-05 06:45:00+00:00,0.9322,0.9356,0.9335,0.935,1919.07,0.934075,1792.55531025,1919.07,1792.55531025,
2022-11-05 06:50:00+00:00,0.935,0.9393,0.9352,0.9384,1660.18,0.936975,1555.5471555,1660.18,1555.5471555,
2022-11-05 06:55:00+00:00,0.9357,0.94,0.9395,0.9373,1770.79,0.938125,1661.22236875,1770.79,1661.22236875,
2022-11-05 07:00:00+00:00,0.9356,0.9374,0.9364,0.9356,1313.88,0.93625,1230.12015,1313.88,1230.12015,
2022-11-05 07:05:00+00:00,0.934,0.9372,0.936,0.9343,5714.14,0.935375,5344.8637025,5714.14,5344.8637025,
2022-11-05 07:10:00+00:00,0.9326,0.9345,0.934,0.9344,2703.22,0.933875,2524.4695775,2703.22,2524.4695775,
2022-11-05 07:15:00+00:00,0.9351,0.9372,0.9368,0.936,1153.13,0.936275,1079.64679075,1153.13,1079.64679075,
2022-11-05 07:20:00+00:00,0.9357,0.9398,0.936,0.938,601.59,0.937375,563.91542625,601.59,563.91542625,
2022-11-05 07:25:00+00:00,0.9336,0.9382,0.9382,0.9336,727.34,0.9359,680.717506,727.34,680.717506,
2022-11-05 07:30:00+00:00,0.931,0.935,0.9333,0.9315,9038.95,0.9327,8430.628665,9038.95,8430.628665,
2022-11-05 07:35:00+00:00,0.9292,0.9321,0.932,0.931,4852.86,0.931075,4518.3766245,4852.86,4518.3766245,
2022-11-05 07:40:00+00:00,0.931,0.934,0.931,0.9335,13078.53,0.932375,12194.09440875,13078.53,12194.09440875,
2022-11-05 07:45:00+00:00,0.9323,0.9341,0.9336,0.9323,2032.51,0.933075,1896.48426825,2032.51,1896.48426825,
2022-11-05 07:50:00+00:00,0.9297,0.933,0.933,0.931,2345.02,0.931675,2184.7965085,2345.02,2184.7965085,
2022-11-05 07:55:00+00:00,0.9306,0.9315,0.9308,0.9314,445.42,0.931075,414.7194265,445.42,414.7194265,
2022-11-05 08:00:00+00:00,0.9284,0.9312,0.9308,0.9285,81.02,0.929725,75.3263195,81.02,75.3263195,
2022-11-05 08:05:00+00:00,0.9169,0.9282,0.9281,0.9175,34974.7,0.922675,32270.2813225,34974.7,32270.2813225,
2022-11-05 08:10:00+00:00,0.9179,0.9217,0.918,0.9191,1397.87,0.919175,1284.88715725,1397.87,1284.88715725,
2022-11-05 08:15:00+00:00,0.9137,0.921,0.918,0.921,4663.85,0.918425,4283.39643625,4663.85,4283.39643625,
2022-11-05 08:20:00+00:00,0.919,0.9226,0.9226,0.9193,1742.03,0.920875,1604.19187625,1742.03,1604.19187625,
2022-11-05 08:25:00+00:00,0.915,0.9193,0.9192,0.9177,279.74,0.9178,256.745372,279.74,256.745372,
2022-11-05 08:30:00+00:00,0.9179,0.9204,0.9183,0.9182,2383.62,0.9187,2189.831694,2383.62,2189.831694,
2022-11-05 08:35:00+00:00,0.914,0.9187,0.9187,0.914,550.38,0.91635,504.340713,550.38,504.340713,
2022-11-05 08:40:00+00:00,0.9098,0.9161,0.9149,0.9129,14683.99,0.913425,13412.72356575,14683.99,13412.72356575,
2022-11-05 08:45:00+00:00,0.9111,0.9155,0.9139,0.9155,8727.68,0.914,7977.09952,8727.68,7977.09952,
2022-11-05 08:50:00+00:00,0.9152,0.916,0.916,0.9159,15666.14,0.915775,14346.6593585,15666.14,14346.6593585,
2022-11-05 08:55:00+00:00,0.9153,0.9164,0.9156,0.9164,451.41,0.915925,413.45770425,451.41,413.45770425,
2022-11-05 09:00:00+00:00,0.9138,0.917,0.9168,0.9145,4874.96,0.915525,4463.147754,4874.96,4463.147754,
2022-11-05 09:05:00+00:00,0.9136,0.916,0.9144,0.9151,2478.76,0.914775,2267.507679,2478.76,2267.507679,
2022-11-05 09:10:00+00:00,0.9148,0.9169,0.9153,0.9163,1797.84,0.915825,1646.506818,1797.84,1646.506818,
2022-11-05 09:15:00+00:00,0.9119,0.9163,0.9163,0.9143,5874.87,0.9147,5373.743589,5874.87,5373.743589,
2022-11-05 09:20:00+00:00,0.9097,0.9145,0.9145,0.912,2552.64,0.912675,2329.730712,2552.64,2329.730712,
2022-11-05 09:25:00+00:00,0.9086,0.9121,0.9107,0.9109,1463.43,0.910575,1332.56277225,1463.43,1332.56277225,
2022-11-05 09:30:00+00:00,0.9083,0.9101,0.9099,0.9096,1196.02,0.909475,1087.7502895,1196.02,1087.7502895,
2022-11-05 09:35:00+00:00,0.9057,0.91,0.91,0.9057,2155.41,0.90785,1956.7889685,2155.41,1956.7889685,
2022-11-05 09:40:00+00:00,0.9047,0.9076,0.9055,0.9076,2492.17,0.90635,2258.7782795,2492.17,2258.7782795,
2022-11-05 09:45:00+00:00,0.906,0.9095,0.9095,0.9089,549.33,0.908475,499.05257175,549.33,499.05257175,
2022-11-05 09:50:00+00:00,0.9088,0.9116,0.9097,0.9116,854.92,0.910425,778.340541,854.92,778.340541,
2022-11-05 09:55:00+00:00,0.9093,0.912,0.9097,0.912,30.65,0.91075,27.9144875,30.65,27.9144875,
2022-11-05 10:00:00+00:00,0.9116,0.9136,0.912,0.9135,3060.77,0.912675,2793.48825975,3060.77,2793.48825975,
2022-11-05 10:05:00+00:00,0.9116,0.915,0.9129,0.9146,1314.71,0.913525,1201.02045275,1314.71,1201.02045275,
2022-11-05 10:10:00+00:00,0.914,0.9192,0.914,0.918,1029.21,0.9163,943.065123,1029.21,943.065123,
2022-11-05 10:15:00+00:00,0.9191,0.9211,0.9191,0.9209,1027.13,0.92005,945.0109565,1027.13,945.0109565,
2022-11-05 10:20:00+00:00,0.919,0.9257,0.9205,0.9208,3065.15,0.9215,2824.535725,3065.15,2824.535725,
2022-11-05 10:25:00+00:00,0.92,0.9249,0.9217,0.9215,3271.08,0.922025,3016.017537,3271.08,3016.017537,
2022-11-05 10:30:00+00:00,0.92,0.925,0.92,0.925,1483.73,0.9225,1368.740925,1483.73,1368.740925,
2022-11-05 10:35:00+00:00,0.924,0.9254,0.925,0.9251,201.89,0.924875,186.72301375,201.89,186.72301375,
2022-11-05 10:40:00+00:00,0.9224,0.9251,0.9241,0.924,138.5,0.9239,127.96015,138.5,127.96015,
2022-11-05 10:45:00+00:00,0.924,0.9257,0.924,0.9251,1013.06,0.9247,936.776582,1013.06,936.776582,
2022-11-05 10:50:00+00:00,0.9256,0.927,0.9259,0.9269,3306.71,0.92635,3063.1708085,3306.71,3063.1708085,
2022-11-05 10:55:00+00:00,0.926,0.9305,0.926,0.9305,2237.93,0.92825,2077.3585225,2237.93,2077.3585225,
2022-11-05 11:00:00+00:00,0.9247,0.9298,0.9298,0.9266,6776.34,0.927725,6286.5800265,6776.34,6286.5800265,
2022-11-05 11:05:00+00:00,0.9247,0.9278,0.9247,0.9276,2566.54,0.9262,2377.129348,2566.54,2377.129348,
2022-11-05 11:10:00+00:00,0.9275,0.9329,0.9276,0.9305,14401.16,0.929625,13387.678365,14401.16,13387.678365,
2022-11-05 11:15:00+00:00,0.9269,0.933,0.931,0.9289,4409.07,0.92995,4100.2146465,4409.07,4100.2146465,
2022-11-05 11:20:00+00:00,0.9278,0.9304,0.9293,0.9278,1508.84,0.928825,1401.448313,1508.84,1401.448313,
2022-11-05 11:25:00+00:00,0.9261,0.9305,0.928,0.9265,5542.01,0.927775,5141.73832775,5542.01,5141.73832775,
2022-11-05 11:30:00+00:00,0.9263,0.9286,0.9269,0.9272,2641.02,0.92725,2448.885795,2641.02,2448.885795,
2022-11-05 11:35:00+00:00,0.9269,0.9363,0.9269,0.9306,46509.96,0.930175,43262.402043,46509.96,43262.402043,
2022-11-05 11:40:00+00:00,0.9303,0.936,0.9304,0.9357,23926.33,0.9331,22325.658523,23926.33,22325.658523,
2022-11-05 11:45:00+00:00,0.9306,0.937,0.9359,0.9311,5399.49,0.93365,5041.2338385,5399.49,5041.2338385,
2022-11-05 11:50:00+00:00,0.9279,0.9316,0.9311,0.9285,7882.9,0.929775,7329.3233475,7882.9,7329.3233475,
2022-11-05 11:55:00+00:00,0.9268,0.9289,0.9279,0.9276,646.66,0.9278,599.971148,646.66,599.971148,
2022-11-05 12:00:00+00:00,0.9245,0.9303,0.9292,0.9245,2847.67,0.927125,2640.14604875,2847.67,2640.14604875,
2022-11-05 12:05:00+00:00,0.923,0.9254,0.9246,0.9231,2991.31,0.924025,2764.04522275,2991.31,2764.04522275,
2022-11-05 12:10:00+00:00,0.9207,0.924,0.9227,0.9232,11781.81,0.92265,10870.4869965,11781.81,10870.4869965,
2022-11-05 12:15:00+00:00,0.9181,0.9241,0.924,0.9183,2417.73,0.921125,2227.03154625,2417.73,2227.03154625,
2022-11-05 12:20:00+00:00,0.918,0.9235,0.919,0.9235,941.63,0.921,867.24123,941.63,867.24123,
2022-11-05 12:25:00+00:00,0.9231,0.925,0.9231,0.924,57.79,0.9238,53.386402,57.79,53.386402,
2022-11-05 12:30:00+00:00,0.9234,0.9252,0.9248,0.9237,887.0,0.924275,819.831925,887.0,819.831925,
2022-11-05 12:35:00+00:00,0.9225,0.9252,0.9239,0.9227,770.54,0.923575,711.6514805,770.54,711.6514805,
2022-11-05 12:40:00+00:00,0.9214,0.923,0.923,0.9222,1447.61,0.9224,1335.275464,1447.61,1335.275464,
2022-11-05 12:45:00+00:00,0.9212,0.9254,0.9217,0.9252,418.4,0.923375,386.3401,418.4,386.3401,
2022-11-05 12:50:00+00:00,0.9228,0.9256,0.925,0.923,188.97,0.9241,174.627177,188.97,174.627177,
2022-11-05 12:55:00+00:00,0.92,0.9223,0.9223,0.9215,67.81,0.921525,62.48861025,67.81,62.48861025,
2022-11-05 13:00:00+00:00,0.9214,0.9235,0.9219,0.9235,952.77,0.922575,879.00178275,952.77,879.00178275,
2022-11-05 13:05:00+00:00,0.9228,0.925,0.9228,0.9243,1828.86,0.923725,1689.3637035,1828.86,1689.3637035,
2022-11-05 13:10:00+00:00,0.9242,0.9267,0.9242,0.9256,1040.33,0.925175,962.48730775,1040.33,962.48730775,
2022-11-05 13:15:00+00:00,0.9222,0.9263,0.926,0.923,6665.34,0.924375,6161.2736625,6665.34,6161.2736625,
2022-11-05 13:20:00+00:00,0.9198,0.9239,0.9236,0.9203,990.31,0.9219,912.966789,990.31,912.966789,
2022-11-05 13:25:00+00:00,0.9178,0.9196,0.9183,0.9192,934.72,0.918725,858.750632,934.72,858.750632,
2022-11-05 13:30:00+00:00,0.9195,0.9229,0.9196,0.9229,757.81,0.921225,698.11351725,757.81,698.11351725,
2022-11-05 13:35:00+00:00,0.9226,0.9263,0.9242,0.9258,5637.59,0.924725,5213.22041275,5637.59,5213.22041275,
2022-11-05 13:40:00+00:00,0.9244,0.9267,0.9254,0.9252,26763.37,0.925425,24767.49168225,26763.37,24767.49168225,
2022-11-05 13:45:00+00:00,0.9241,0.929,0.9252,0.9274,2665.25,0.926425,2469.15423125,2665.25,2469.15423125,
2022-11-05 13:50:00+00:00,0.9265,0.9297,0.9276,0.9278,1115.6,0.9279,1035.16524,1115.6,1035.16524,
2022-11-05 13:55:00+00:00,0.9254,0.9296,0.9293,0.9254,2277.13,0.927425,2111.86729025,2277.13,2111.86729025,
2022-11-05 14:00:00+00:00,0.925,0.9289,0.925,0.9285,1148.78,0.92685,1064.746743,1148.78,1064.746743,
2022-11-05 14:05:00+00:00,0.9266,0.93,0.928,0.93,807.56,0.92865,749.940594,807.56,749.940594,
2022-11-05 14:10:00+00:00,0.9284,0.932,0.9294,0.9309,1695.4,0.930175,1577.018695,1695.4,1577.018695,
2022-11-05 14:15:00+00:00,0.9298,0.9324,0.9312,0.9305,14774.66,0.930975,13754.8390935,14774.66,13754.8390935,
2022-11-05 14:20:00+00:00,0.9214,0.9304,0.9304,0.9215,4574.06,0.925925,4235.2365055,4574.06,4235.2365055,
2022-11-05 14:25:00+00:00,0.9216,0.925,0.9216,0.9247,5337.12,0.923225,4927.362612,5337.12,4927.362612,
2022-11-05 14:30:00+00:00,0.922,0.9257,0.9244,0.924,480.19,0.924025,443.70756475,480.19,443.70756475,
2022-11-05 14:35:00+00:00,0.9196,0.9243,0.924,0.9196,1552.52,0.921875,1431.229375,1552.52,1431.229375,
2022-11-05 14:40:00+00:00,0.9163,0.9215,0.9191,0.9171,9275.23,0.9185,8519.298755,9275.23,8519.298755,
2022-11-05 14:45:00+00:00,0.9147,0.9189,0.9164,0.9185,789.95,0.917125,724.48289375,789.95,724.48289375,
2022-11-05 14:50:00+00:00,0.9164,0.9194,0.919,0.9194,2191.12,0.91855,2012.653276,2191.12,2012.653276,
2022-11-05 14:55:00+00:00,0.9185,0.9213,0.9185,0.921,3779.6,0.919825,3476.57057,3779.6,3476.57057,
2022-11-05 15:00:00+00:00,0.9187,0.9227,0.9202,0.9227,657.19,0.921075,605.32127925,657.19,605.32127925,
2022-11-05 15:05:00+00:00,0.9224,0.925,0.9239,0.924,1295.99,0.923825,1197.26796175,1295.99,1197.26796175,
2022-11-05 15:10:00+00:00,0.924,0.9253,0.9241,0.9249,440.01,0.924575,406.82224575,440.01,406.82224575,
2022-11-05 15:15:00+00:00,0.9242,0.9289,0.9246,0.9289,85.49,0.92665,79.2193085,85.49,79.2193085,
2022-11-05 15:20:00+00:00,0.9275,0.935,0.9297,0.9294,5598.79,0.9304,5209.114216,5598.79,5209.114216,
2022-11-05 15:25:00+00:00,0.932,0.938,0.932,0.9374,14377.23,0.93485,13440.5534655,14377.23,13440.5534655,
2022-11-05 15:30:00+00:00,0.9338,0.9381,0.9373,0.9345,13046.13,0.935925,12210.19922025,13046.13,12210.19922025,
2022-11-05 15:35:00+00:00,0.9323,0.9352,0.9345,0.9323,22320.52,0.933575,20837.879459,22320.52,20837.879459,
2022-11-05 15:40:00+00:00,0.9296,0.9331,0.933,0.9312,18174.22,0.931725,16933.3751295,18174.22,16933.3751295,
2022-11-05 15:45:00+00:00,0.9258,0.932,0.932,0.9295,6071.74,0.929825,5645.6556455,6071.74,5645.6556455,
2022-11-05 15:50:00+00:00,0.9283,0.9317,0.9298,0.9316,4620.39,0.93035,4298.5798365,4620.39,4298.5798365,
2022-11-05 15:55:00+00:00,0.931,0.9334,0.9321,0.9323,5121.83,0.9322,4774.569926,5121.83,4774.569926,
2022-11-05 16:00:00+00:00,0.9325,0.9386,0.9327,0.9386,2132.41,0.9356,1995.082796,2132.41,1995.082796,
2022-11-05 16:05:00+00:00,0.933,0.9448,0.9391,0.933,4309.15,0.937475,4039.72039625,4309.15,4039.72039625,
2022-11-05 16:10:00+00:00,0.9326,0.938,0.9339,0.9357,2140.83,0.93505,2001.7830915,2140.83,2001.7830915,
2022-11-05 16:15:00+00:00,0.9284,0.9386,0.9349,0.9322,3889.68,0.933525,3631.113522,3889.68,3631.113522,
2022-11-05 16:20:00+00:00,0.9296,0.9342,0.9321,0.9334,3566.43,0.932325,3325.07184975,3566.43,3325.07184975,
2022-11-05 16:25:00+00:00,0.9317,0.9341,0.9333,0.9323,253.81,0.93285,236.7666585,253.81,236.7666585,
2022-11-05 16:30:00+00:00,0.9278,0.9318,0.9318,0.9279,4117.22,0.929825,3828.2940865,4117.22,3828.2940865,
2022-11-05 16:35:00+00:00,0.922,0.928,0.9276,0.924,2434.41,0.9254,2252.803014,2434.41,2252.803014,
2022-11-05 16:40:00+00:00,0.9235,0.9265,0.9241,0.9245,1144.25,0.92465,1058.0307625,1144.25,1058.0307625,
2022-11-05 16:45:00+00:00,0.9231,0.9271,0.9254,0.9249,1144.89,0.925125,1059.16636125,1144.89,1059.16636125,
2022-11-05 16:50:00+00:00,0.9251,0.9273,0.9251,0.9272,898.44,0.926175,832.112667,898.44,832.112667,
2022-11-05 16:55:00+00:00,0.9261,0.9285,0.927,0.9271,5403.24,0.927175,5009.749047,5403.24,5009.749047,
2022-11-05 17:00:00+00:00,0.9221,0.9275,0.9268,0.9223,6851.09,0.924675,6335.03164575,6851.09,6335.03164575,
2022-11-05 17:05:00+00:00,0.9194,0.9237,0.9218,0.9194,1184.54,0.921075,1091.0501805,1184.54,1091.0501805,
2022-11-05 17:10:00+00:00,0.9193,0.9226,0.9193,0.9226,2624.12,0.92095,2416.683314,2624.12,2416.683314,
2022-11-05 17:15:00+00:00,0.9219,0.9246,0.9226,0.9246,263.1,0.923425,242.9531175,263.1,242.9531175,
2022-11-05 17:20:00+00:00,0.9241,0.9255,0.9246,0.9241,695.47,0.924575,643.01417525,695.47,643.01417525,
2022-11-05 17:25:00+00:00,0.9217,0.9236,0.9228,0.9226,564.83,0.922675,521.15452025,564.83,521.15452025,
2022-11-05 17:30:00+00:00,0.9222,0.9254,0.9222,0.9254,904.63,0.9238,835.697194,904.63,835.697194,
2022-11-05 17:35:00+00:00,0.9226,0.9276,0.9261,0.9253,9095.4,0.9254,8416.88316,9095.4,8416.88316,
2022-11-05 17:40:00+00:00,0.9232,0.9256,0.9248,0.9252,2518.78,0.9247,2329.115866,2518.78,2329.115866,
2022-11-05 17:45:00+00:00,0.9242,0.926,0.9253,0.9244,2095.51,0.924975,1938.29436225,2095.51,1938.29436225,
2022-11-05 17:50:00+00:00,0.9236,0.9262,0.924,0.9258,269.61,0.9249,249.362289,269.61,249.362289,
2022-11-05 17:55:00+00:00,0.926,0.928,0.926,0.9268,918.35,0.9267,851.034945,918.35,851.034945,
2022-11-05 18:00:00+00:00,0.927,0.9282,0.9276,0.9271,692.19,0.927475,641.98892025,692.19,641.98892025,
2022-11-05 18:05:00+00:00,0.9238,0.9281,0.9276,0.9238,2315.24,0.925825,2143.507073,2315.24,2143.507073,
2022-11-05 18:10:00+00:00,0.9181,0.9216,0.9216,0.9191,2756.86,0.9201,2536.586886,2756.86,2536.586886,
2022-11-05 18:15:00+00:00,0.9184,0.9215,0.9184,0.921,1846.05,0.919825,1698.04294125,1846.05,1698.04294125,
2022-11-05 18:20:00+00:00,0.9119,0.9195,0.9195,0.9138,7419.18,0.916175,6797.2672365,7419.18,6797.2672365,
2022-11-05 18:25:00+00:00,0.9118,0.914,0.913,0.9125,7192.66,0.912825,6565.6398645,7192.66,6565.6398645,
2022-11-05 18:30:00+00:00,0.9139,0.9179,0.9139,0.9173,3246.82,0.91575,2973.275415,3246.82,2973.275415,
2022-11-05 18:35:00+00:00,0.9157,0.918,0.9174,0.9173,1702.24,0.9171,1561.124304,1702.24,1561.124304,
2022-11-05 18:40:00+00:00,0.9146,0.9161,0.9157,0.9146,678.64,0.91525,621.12526,678.64,621.12526,
2022-11-05 18:45:00+00:00,0.9099,0.9131,0.9126,0.9099,710.79,0.911375,647.79623625,710.79,647.79623625,
2022-11-05 18:50:00+00:00,0.9084,0.9117,0.9099,0.9113,1617.71,0.910325,1472.64185575,1617.71,1472.64185575,
2022-11-05 18:55:00+00:00,0.9098,0.9124,0.9113,0.9124,11420.42,0.911475,10409.4273195,11420.42,10409.4273195,
2022-11-05 19:00:00+00:00,0.9066,0.9186,0.9114,0.9129,64987.53,0.912375,59292.99768375,64987.53,59292.99768375,
2022-11-05 19:05:00+00:00,0.9066,0.9138,0.9133,0.9126,49335.48,0.911575,44972.990181,49335.48,44972.990181,
2022-11-05 19:10:00+00:00,0.9095,0.9123,0.9123,0.9113,2285.18,0.91135,2082.598793,2285.18,2082.598793,
2022-11-05 19:15:00+00:00,0.9101,0.913,0.9119,0.913,5672.13,0.912,5172.98256,5672.13,5172.98256,
2022-11-05 19:20:00+00:00,0.9121,0.9141,0.9132,0.9123,437.07,0.912925,399.01212975,437.07,399.01212975,
2022-11-05 19:25:00+00:00,0.9121,0.9132,0.9121,0.9131,5548.59,0.912625,5063.78194875,5548.59,5063.78194875,
2022-11-05 19:30:00+00:00,0.9123,0.9158,0.9127,0.9147,1675.33,0.913875,1531.04220375,1675.33,1531.04220375,
2022-11-05 19:35:00+00:00,0.9141,0.9159,0.9159,0.9142,1259.35,0.915025,1152.33673375,1259.35,1152.33673375,
2022-11-05 19:40:00+00:00,0.9096,0.9141,0.9141,0.913,5905.39,0.9127,5389.849453,5905.39,5389.849453,
2022-11-05 19:45:00+00:00,0.9097,0.9117,0.9117,0.9113,1054.61,0.9111,960.855171,1054.61,960.855171,
2022-11-05 19:50:00+00:00,0.9108,0.9132,0.911,0.9132,1010.64,0.91205,921.754212,1010.64,921.754212,
2022-11-05 19:55:00+00:00,0.9127,0.9148,0.9128,0.9145,3722.69,0.9137,3401.421853,3722.69,3401.421853,
2022-11-05 20:00:00+00:00,0.9122,0.9149,0.914,0.9142,3370.69,0.913825,3080.22078925,3370.69,3080.22078925,
2022-11-05 20:05:00+00:00,0.9138,0.9152,0.9152,0.9141,159.79,0.914575,146.13993925,159.79,146.13993925,
2022-11-05 20:10:00+00:00,0.9143,0.9162,0.9145,0.9156,2806.07,0.91515,2567.9749605,2806.07,2567.9749605,
2022-11-05 20:15:00+00:00,0.9159,0.9184,0.9162,0.9167,2252.59,0.9168,2065.174512,2252.59,2065.174512,
2022-11-05 20:20:00+00:00,0.9152,0.9171,0.9159,0.9152,5842.45,0.91585,5350.8078325,5842.45,5350.8078325,
2022-11-05 20:25:00+00:00,0.915,0.9165,0.9163,0.9154,615.93,0.9158,564.068694,615.93,564.068694,
2022-11-05 20:30:00+00:00,0.9148,0.9171,0.915,0.9169,976.73,0.91595,894.6358435,976.73,894.6358435,
2022-11-05 20:35:00+00:00,0.9156,0.9177,0.9169,0.916,471.65,0.91655,432.2908075,471.65,432.2908075,
2022-11-05 20:40:00+00:00,0.9146,0.9185,0.9175,0.9147,22395.58,0.916325,20521.6298435,22395.58,20521.6298435,
2022-11-05 20:45:00+00:00,0.915,0.9172,0.9156,0.917,559.43,0.9162,512.549766,559.43,512.549766,
2022-11-05 20:50:00+00:00,0.9169,0.9189,0.9169,0.9181,657.02,0.9177,602.947254,657.02,602.947254,
2022-11-05 20:55:00+00:00,0.9177,0.9193,0.9183,0.9178,1048.09,0.918275,962.43484475,1048.09,962.43484475,
2022-11-05 21:00:00+00:00,0.9161,0.918,0.918,0.9163,558.89,0.9171,512.558019,558.89,512.558019,
2022-11-05 21:05:00+00:00,0.9139,0.9163,0.9159,0.9139,436.05,0.915,398.98575,436.05,398.98575,
2022-11-05 21:10:00+00:00,0.913,0.9145,0.9137,0.9144,169.5,0.9139,154.90605,169.5,154.90605,
2022-11-05 21:15:00+00:00,0.9143,0.9151,0.9146,0.9144,341.9,0.9146,312.70174,341.9,312.70174,
2022-11-05 21:20:00+00:00,0.9128,0.9149,0.9149,0.9134,483.17,0.914,441.61738,483.17,441.61738,
2022-11-05 21:25:00+00:00,0.9108,0.9141,0.9141,0.9108,45.83,0.91245,41.8175835,45.83,41.8175835,
2022-11-05 21:30:00+00:00,0.9108,0.9145,0.9108,0.9139,460.17,0.9125,419.905125,460.17,419.905125,
2022-11-05 21:35:00+00:00,0.9133,0.915,0.9133,0.9145,173.15,0.914025,158.26342875,173.15,158.26342875,
2022-11-05 21:40:00+00:00,0.9145,0.9166,0.9153,0.9166,2196.34,0.91575,2011.298355,2196.34,2011.298355,
2022-11-05 21:45:00+00:00,0.9159,0.9175,0.9168,0.9175,350.05,0.916925,320.96959625,350.05,320.96959625,
2022-11-05 21:50:00+00:00,0.9171,0.9184,0.9177,0.9184,196.23,0.9179,180.119517,196.23,180.119517,
2022-11-05 21:55:00+00:00,0.9167,0.9186,0.9186,0.917,456.23,0.917725,418.69367675,456.23,418.69367675,
2022-11-05 22:00:00+00:00,0.9166,0.9173,0.9166,0.9167,138.16,0.9168,126.665088,138.16,126.665088,
2022-11-05 22:05:00+00:00,0.9148,0.9179,0.917,0.9148,608.32,0.916125,557.29716,608.32,557.29716,
2022-11-05 22:10:00+00:00,0.9144,0.9172,0.9145,0.9163,1407.12,0.9156,1288.359072,1407.12,1288.359072,
2022-11-05 22:15:00+00:00,0.9163,0.9182,0.9163,0.918,1238.09,0.9172,1135.576148,1238.09,1135.576148,
2022-11-05 22:20:00+00:00,0.917,0.9194,0.918,0.9192,3276.74,0.9184,3009.358016,3276.74,3009.358016,
2022-11-05 22:25:00+00:00,0.9188,0.9199,0.9188,0.9197,788.83,0.9193,725.171419,788.83,725.171419,
2022-11-05 22:30:00+00:00,0.917,0.9235,0.917,0.9215,1976.81,0.91975,1818.1709975,1976.81,1818.1709975,
2022-11-05 22:35:00+00:00,0.9192,0.923,0.922,0.9193,4325.38,0.920875,3983.1343075,4325.38,3983.1343075,
2022-11-05 22:40:00+00:00,0.9183,0.9198,0.9198,0.9185,282.86,0.9191,259.976626,282.86,259.976626,
2022-11-05 22:45:00+00:00,0.9199,0.9233,0.92,0.9233,2672.61,0.921625,2463.14419125,2672.61,2463.14419125,
2022-11-05 22:50:00+00:00,0.9215,0.9239,0.9227,0.9229,1777.12,0.92275,1639.83748,1777.12,1639.83748,
2022-11-05 22:55:00+00:00,0.9215,0.9244,0.9234,0.9215,2549.56,0.9227,2352.479012,2549.56,2352.479012,
2022-11-05 23:00:00+00:00,0.9184,0.9212,0.9207,0.9184,5800.67,0.919675,5334.73118225,5800.67,5334.73118225,
2022-11-05 23:05:00+00:00,0.892,0.9182,0.9182,0.8993,13308.91,0.906925,12070.18320175,13308.91,12070.18320175,
2022-11-05 23:10:00+00:00,0.8921,0.9062,0.898,0.9026,75866.44,0.899725,68258.932729,75866.44,68258.932729,
2022-11-05 23:15:00+00:00,0.9028,0.9122,0.9028,0.9118,6828.59,0.9074,6196.262566,6828.59,6196.262566,
2022-11-05 23:20:00+00:00,0.9093,0.9137,0.9121,0.9124,2796.22,0.911875,2549.8031125,2796.22,2549.8031125,
2022-11-05 23:25:00+00:00,0.9053,0.9125,0.9125,0.9089,7552.24,0.9098,6871.027952,7552.24,6871.027952,
2022-11-05 23:30:00+00:00,0.9067,0.9106,0.91,0.9081,3481.96,0.90885,3164.579346,3481.96,3164.579346,
2022-11-05 23:35:00+00:00,0.9072,0.9127,0.9082,0.9127,2208.5,0.9102,2010.1767,2208.5,2010.1767,
2022-11-05 23:40:00+00:00,0.9115,0.9153,0.9127,0.9143,567.93,0.91345,518.7756585,567.93,518.7756585,
2022-11-05 23:45:00+00:00,0.9128,0.9158,0.9141,0.9128,613.41,0.913875,560.58006375,613.41,560.58006375,
2022-11-05 23:50:00+00:00,0.9111,0.9126,0.9125,0.9119,5501.68,0.912025,5017.669702,5501.68,5017.669702,
2022-11-05 23:55:00+00:00,0.9107,0.9139,0.9121,0.9133,1749.64,0.9125,1596.5465,1749.64,1596.5465,
2022-11-06 00:00:00+00:00,0.9099,0.9135,0.9135,0.9122,2926.77,0.912275,2670.01910175,2926.77,2670.01910175,
2022-11-06 00:05:00+00:00,0.9148,0.9192,0.915,0.9148,3519.36,0.91595,3223.557792,3519.36,3223.557792,
2022-11-06 00:10:00+00:00,0.9068,0.9175,0.9148,0.9071,1895.56,0.91155,1727.897718,1895.56,1727.897718,
2022-11-06 00:15:00+00:00,0.8983,0.9076,0.9059,0.899,6386.38,0.9027,5764.985226,6386.38,5764.985226,
2022-11-06 00:20:00+00:00,0.901,0.911,0.901,0.909,8421.4,0.9055,7625.5777,8421.4,7625.5777,
2022-11-06 00:25:00+00:00,0.9072,0.9116,0.9082,0.9116,3034.89,0.90965,2760.6876885,3034.89,2760.6876885,
2022-11-06 00:30:00+00:00,0.9102,0.9175,0.9116,0.9175,345.23,0.9142,315.609266,345.23,315.609266,
2022-11-06 00:35:00+00:00,0.9158,0.9181,0.9179,0.918,1243.51,0.91745,1140.8582495,1243.51,1140.8582495,
2022-11-06 00:40:00+00:00,0.9134,0.9198,0.9184,0.9151,2138.01,0.916675,1959.86031675,2138.01,1959.86031675,
2022-11-06 00:45:00+00:00,0.909,0.9155,0.9154,0.9093,868.21,0.9123,792.067983,868.21,792.067983,
2022-11-06 00:50:00+00:00,0.908,0.911,0.9095,0.9104,5484.13,0.909725,4989.05016425,5484.13,4989.05016425,
2022-11-06 00:55:00+00:00,0.9083,0.9109,0.9104,0.9089,1048.69,0.909625,953.91464125,1048.69,953.91464125,
2022-11-06 01:00:00+00:00,0.9068,0.9101,0.9082,0.9099,2175.34,0.90875,1976.840225,2175.34,1976.840225,
2022-11-06 01:05:00+00:00,0.9104,0.9144,0.9104,0.9137,3209.14,0.912225,2927.4577365,3209.14,2927.4577365,
2022-11-06 01:10:00+00:00,0.9099,0.913,0.913,0.9123,2334.5,0.91205,2129.180725,2334.5,2129.180725,
2022-11-06 01:15:00+00:00,0.9078,0.9112,0.9111,0.908,1535.12,0.909525,1396.230018,1535.12,1396.230018,
2022-11-06 01:20:00+00:00,0.9001,0.9049,0.9033,0.9007,2188.74,0.90225,1974.790665,2188.74,1974.790665,
2022-11-06 01:25:00+00:00,0.8977,0.9033,0.8996,0.9032,1080.94,0.90095,973.872893,1080.94,973.872893,
2022-11-06 01:30:00+00:00,0.9028,0.905,0.9031,0.9039,23.91,0.9037,21.607467,23.91,21.607467,
2022-11-06 01:35:00+00:00,0.9027,0.9056,0.9039,0.9034,5620.03,0.9039,5079.945117,5620.03,5079.945117,
2022-11-06 01:40:00+00:00,0.9019,0.9047,0.9045,0.903,1536.14,0.903525,1387.9408935,1536.14,1387.9408935,
2022-11-06 01:45:00+00:00,0.8972,0.9032,0.9032,0.8972,1795.8,0.9002,1616.57916,1795.8,1616.57916,
2022-11-06 01:50:00+00:00,0.8934,0.8988,0.8988,0.8939,123.43,0.896225,110.62105175,123.43,110.62105175,
2022-11-06 01:55:00+00:00,0.8923,0.8967,0.8935,0.8967,17112.8,0.8948,15312.53344,17112.8,15312.53344,
2022-11-06 02:00:00+00:00,0.8942,0.9055,0.8953,0.9055,1388.15,0.900125,1249.50851875,1388.15,1249.50851875,
2022-11-06 02:05:00+00:00,0.8992,0.906,0.906,0.8996,2866.1,0.9027,2587.22847,2866.1,2587.22847,
2022-11-06 02:10:00+00:00,0.899,0.901,0.899,0.9001,1298.05,0.899775,1167.95293875,1298.05,1167.95293875,
2022-11-06 02:15:00+00:00,0.9007,0.9035,0.9007,0.9014,4889.86,0.901575,4408.5755295,4889.86,4408.5755295,
2022-11-06 02:20:00+00:00,0.9,0.9021,0.9019,0.9,604.92,0.901,545.03292,604.92,545.03292,
2022-11-06 02:25:00+00:00,0.8971,0.9008,0.8994,0.9004,3456.81,0.899425,3109.14133425,3456.81,3109.14133425,
2022-11-06 02:30:00+00:00,0.8902,0.9004,0.9004,0.896,6970.74,0.89675,6251.011095,6970.74,6251.011095,
2022-11-06 02:35:00+00:00,0.8967,0.8993,0.8967,0.8981,4531.72,0.8977,4068.125044,4531.72,4068.125044,
2022-11-06 02:40:00+00:00,0.898,0.899,0.898,0.899,818.02,0.8985,734.99097,818.02,734.99097,
2022-11-06 02:45:00+00:00,0.897,0.9001,0.8996,0.897,775.96,0.898425,697.141863,775.96,697.141863,
2022-11-06 02:50:00+00:00,0.892,0.8969,0.8969,0.8969,4207.09,0.895675,3768.18533575,4207.09,3768.18533575,
2022-11-06 02:55:00+00:00,0.8959,0.8983,0.8974,0.8983,861.0,0.897475,772.725975,861.0,772.725975,
2022-11-06 03:00:00+00:00,0.8982,0.9012,0.8982,0.9011,4230.36,0.899675,3805.949133,4230.36,3805.949133,
2022-11-06 03:05:00+00:00,0.8999,0.903,0.9004,0.9013,2928.69,0.90115,2639.1889935,2928.69,2639.1889935,
2022-11-06 03:10:00+00:00,0.9,0.9014,0.9009,0.9013,2876.89,0.9009,2591.790201,2876.89,2591.790201,
2022-11-06 03:15:00+00:00,0.9016,0.9046,0.9016,0.903,283.01,0.9027,255.473127,283.01,255.473127,
2022-11-06 03:20:00+00:00,0.9011,0.9049,0.9031,0.9035,19480.57,0.90315,17593.8767955,19480.57,17593.8767955,
2022-11-06 03:25:00+00:00,0.9017,0.904,0.904,0.9017,1696.71,0.90285,1531.8746235,1696.71,1531.8746235,
2022-11-06 03:30:00+00:00,0.9,0.9026,0.9014,0.9024,4216.91,0.9016,3801.966056,4216.91,3801.966056,
2022-11-06 03:35:00+00:00,0.9013,0.9037,0.9013,0.9032,651.65,0.902375,588.03266875,651.65,588.03266875,
2022-11-06 03:40:00+00:00,0.901,0.9037,0.9022,0.9025,581.12,0.90235,524.373632,581.12,524.373632,
2022-11-06 03:45:00+00:00,0.903,0.905,0.9032,0.905,801.81,0.90405,724.8763305,801.81,724.8763305,
2022-11-06 03:50:00+00:00,0.9034,0.9063,0.9055,0.9047,1440.48,0.904975,1303.598388,1440.48,1303.598388,
2022-11-06 03:55:00+00:00,0.9046,0.9064,0.9046,0.905,751.43,0.90515,680.1568645,751.43,680.1568645,
2022-11-06 04:00:00+00:00,0.9043,0.9075,0.9043,0.9075,772.41,0.9059,699.726219,772.41,699.726219,
2022-11-06 04:05:00+00:00,0.908,0.9082,0.9082,0.9082,59.16,0.90815,53.726154,59.16,53.726154,
2022-11-06 04:10:00+00:00,0.9072,0.9092,0.908,0.9086,818.82,0.90825,743.693265,818.82,743.693265,
2022-11-06 04:15:00+00:00,0.9049,0.9085,0.9085,0.9058,1208.39,0.906925,1095.91910075,1208.39,1095.91910075,
2022-11-06 04:20:00+00:00,0.9043,0.906,0.906,0.905,311.65,0.905325,282.14453625,311.65,282.14453625,
2022-11-06 04:25:00+00:00,0.9035,0.905,0.9048,0.905,1112.39,0.904575,1006.24018425,1112.39,1006.24018425,
2022-11-06 04:30:00+00:00,0.9027,0.9048,0.9048,0.9039,1494.41,0.90405,1351.0213605,1494.41,1351.0213605,
2022-11-06 04:35:00+00:00,0.9036,0.9056,0.9049,0.9041,12746.73,0.90455,11530.0546215,12746.73,11530.0546215,
2022-11-06 04:40:00+00:00,0.9035,0.906,0.9042,0.9056,1252.46,0.904825,1133.2571195,1252.46,1133.2571195,
2022-11-06 04:45:00+00:00,0.9039,0.9054,0.9054,0.9044,425.08,0.904775,384.601757,425.08,384.601757,
2022-11-06 04:50:00+00:00,0.9031,0.905,0.9044,0.9031,350.24,0.9039,316.581936,350.24,316.581936,
2022-11-06 04:55:00+00:00,0.9025,0.904,0.904,0.9039,827.36,0.9036,747.602496,827.36,747.602496,
2022-11-06 05:00:00+00:00,0.9031,0.9043,0.9043,0.9042,174.67,0.903975,157.89731325,174.67,157.89731325,
2022-11-06 05:05:00+00:00,0.9042,0.9061,0.9042,0.9061,142.01,0.90515,128.5403515,142.01,128.5403515,
2022-11-06 05:10:00+00:00,0.903,0.906,0.906,0.9038,329.28,0.9047,297.899616,329.28,297.899616,
2022-11-06 05:15:00+00:00,0.9012,0.903,0.903,0.9018,1053.09,0.90225,950.1504525,1053.09,950.1504525,
2022-11-06 05:20:00+00:00,0.899,0.9014,0.9014,0.9,432.29,0.90045,389.2555305,432.29,389.2555305,
2022-11-06 05:25:00+00:00,0.8955,0.9,0.8997,0.8987,21848.62,0.898475,19630.4388545,21848.62,19630.4388545,
2022-11-06 05:30:00+00:00,0.8964,0.898,0.898,0.8964,487.82,0.8972,437.672104,487.82,437.672104,
2022-11-06 05:35:00+00:00,0.8963,0.898,0.8963,0.897,3363.15,0.8969,3016.409235,3363.15,3016.409235,
2022-11-06 05:40:00+00:00,0.8929,0.8974,0.8974,0.8929,6536.0,0.89515,5850.7004,6536.0,5850.7004,
2022-11-06 05:45:00+00:00,0.893,0.8967,0.894,0.8967,2443.9,0.8951,2187.53489,2443.9,2187.53489,
2022-11-06 05:50:00+00:00,0.8955,0.8972,0.8966,0.8972,93.36,0.896625,83.70891,93.36,83.70891,
2022-11-06 05:55:00+00:00,0.8957,0.8979,0.8979,0.8962,529.93,0.896925,475.30746525,529.93,475.30746525,
2022-11-06 06:00:00+00:00,0.8977,0.8988,0.8979,0.898,23.85,0.8981,21.419685,23.85,21.419685,
2022-11-06 06:05:00+00:00,0.8966,0.8981,0.8974,0.8981,1558.51,0.89755,1398.8406505,1558.51,1398.8406505,
2022-11-06 06:10:00+00:00,0.8975,0.8989,0.8981,0.8983,521.37,0.8982,468.294534,521.37,468.294534,
2022-11-06 06:15:00+00:00,0.8973,0.8985,0.8978,0.8978,639.58,0.89785,574.246903,639.58,574.246903,
2022-11-06 06:20:00+00:00,0.8961,0.8972,0.8972,0.897,572.44,0.896875,513.407125,572.44,513.407125,
2022-11-06 06:25:00+00:00,0.897,0.8997,0.897,0.8997,322.2,0.89835,289.44837,322.2,289.44837,
2022-11-06 06:30:00+00:00,0.8982,0.9002,0.899,0.8995,1586.97,0.899225,1427.04309825,1586.97,1427.04309825,
2022-11-06 06:35:00+00:00,0.8993,0.8999,0.8999,0.8993,455.65,0.8996,409.90274,455.65,409.90274,
2022-11-06 06:40:00+00:00,0.8971,0.8994,0.8993,0.8986,933.66,0.8986,838.986876,933.66,838.986876,
2022-11-06 06:45:00+00:00,0.8968,0.898,0.898,0.898,599.64,0.8977,538.296828,599.64,538.296828,
2022-11-06 06:50:00+00:00,0.897,0.899,0.8988,0.8982,22112.22,0.89825,19862.301615,22112.22,19862.301615,
2022-11-06 06:55:00+00:00,0.8977,0.8988,0.8977,0.8984,991.23,0.89815,890.2732245,991.23,890.2732245,
2022-11-06 07:00:00+00:00,0.898,0.901,0.898,0.9009,1960.4,0.899475,1763.33079,1960.4,1763.33079,
2022-11-06 07:05:00+00:00,0.8995,0.9012,0.9,0.8995,992.51,0.90005,893.3086255,992.51,893.3086255,
2022-11-06 07:10:00+00:00,0.899,0.9001,0.9001,0.899,154.01,0.89955,138.5396955,154.01,138.5396955,
2022-11-06 07:15:00+00:00,0.8979,0.9,0.9,0.8979,706.16,0.89895,634.802532,706.16,634.802532,
2022-11-06 07:20:00+00:00,0.896,0.8977,0.8976,0.897,235.25,0.897075,211.03689375,235.25,211.03689375,
2022-11-06 07:25:00+00:00,0.8984,0.8998,0.899,0.8998,198.64,0.89925,178.62702,198.64,178.62702,
2022-11-06 07:30:00+00:00,0.899,0.8999,0.8992,0.8999,162.35,0.8995,146.033825,162.35,146.033825,
2022-11-06 07:35:00+00:00,0.8999,0.9009,0.8999,0.9,63.79,0.900175,57.42216325,63.79,57.42216325,
2022-11-06 07:40:00+00:00,0.899,0.9,0.8996,0.8997,1561.9,0.899575,1405.0461925,1561.9,1405.0461925,
2022-11-06 07:45:00+00:00,0.8992,0.9002,0.8992,0.9002,644.88,0.8997,580.198536,644.88,580.198536,
2022-11-06 07:50:00+00:00,0.8993,0.902,0.8993,0.902,1156.73,0.90065,1041.8088745,1156.73,1041.8088745,
2022-11-06 07:55:00+00:00,0.901,0.9019,0.9013,0.9019,313.88,0.901525,282.970667,313.88,282.970667,
2022-11-06 08:00:00+00:00,0.8993,0.9019,0.9019,0.9011,970.35,0.90105,874.3338675,970.35,874.3338675,
2022-11-06 08:05:00+00:00,0.9,0.9013,0.9013,0.9013,265.7,0.900975,239.3890575,265.7,239.3890575,
2022-11-06 08:10:00+00:00,0.8989,0.9,0.8997,0.8998,294.33,0.8996,264.779268,294.33,264.779268,
2022-11-06 08:15:00+00:00,0.897,0.8995,0.8995,0.8977,596.89,0.898425,536.26089825,596.89,536.26089825,
2022-11-06 08:20:00+00:00,0.8969,0.8985,0.8974,0.8985,651.16,0.897825,584.627727,651.16,584.627727,
2022-11-06 08:25:00+00:00,0.8971,0.899,0.899,0.8971,906.36,0.89805,813.956598,906.36,813.956598,
2022-11-06 08:30:00+00:00,0.8969,0.8978,0.8969,0.8972,214.16,0.8972,192.144352,214.16,192.144352,
2022-11-06 08:35:00+00:00,0.897,0.9026,0.897,0.9026,280.81,0.8998,252.672838,280.81,252.672838,
2022-11-06 08:40:00+00:00,0.9022,0.9049,0.9025,0.9049,717.71,0.903625,648.54069875,717.71,648.54069875,
2022-11-06 08:45:00+00:00,0.9045,0.9075,0.9045,0.9049,1010.17,0.90535,914.5574095,1010.17,914.5574095,
2022-11-06 08:50:00+00:00,0.9048,0.9099,0.9048,0.9073,2779.91,0.9067,2520.544397,2779.91,2520.544397,
2022-11-06 08:55:00+00:00,0.903,0.9065,0.9065,0.903,6922.4,0.90475,6263.0414,6922.4,6263.0414,
2022-11-06 09:00:00+00:00,0.9023,0.9035,0.9033,0.9023,626.37,0.90285,565.5181545,626.37,565.5181545,
2022-11-06 09:05:00+00:00,0.9015,0.9031,0.9026,0.9018,416.56,0.90225,375.84126,416.56,375.84126,
2022-11-06 09:10:00+00:00,0.9006,0.9023,0.902,0.9014,232.59,0.901575,209.69732925,232.59,209.69732925,
2022-11-06 09:15:00+00:00,0.9027,0.905,0.9029,0.905,1236.98,0.9039,1118.106222,1236.98,1118.106222,
2022-11-06 09:20:00+00:00,0.9043,0.9055,0.9055,0.9043,10.08,0.9049,9.121392,10.08,9.121392,
2022-11-06 09:25:00+00:00,0.902,0.9043,0.9043,0.902,2226.41,0.90315,2010.7821915,2226.41,2010.7821915,
2022-11-06 09:30:00+00:00,0.902,0.9043,0.9043,0.902,2226.41,0.90315,2010.7821915,2226.41,2010.7821915,
2022-11-06 09:35:00+00:00,0.9033,0.9056,0.9033,0.9056,78.54,0.90445,71.035503,78.54,71.035503,
2022-11-06 09:40:00+00:00,0.9032,0.9056,0.9053,0.9056,771.04,0.904925,697.733372,771.04,697.733372,
2022-11-06 09:45:00+00:00,0.9032,0.9063,0.9056,0.9032,75.69,0.904575,68.46728175,75.69,68.46728175,
2022-11-06 09:50:00+00:00,0.9022,0.9034,0.9034,0.9022,179.65,0.9028,162.18802,179.65,162.18802,
2022-11-06 09:55:00+00:00,0.9009,0.9021,0.9016,0.9021,388.56,0.901675,350.354838,388.56,350.354838,
2022-11-06 10:00:00+00:00,0.9023,0.903,0.9026,0.9024,310.72,0.902575,280.448104,310.72,280.448104,
2022-11-06 10:05:00+00:00,0.9017,0.904,0.902,0.904,387.19,0.902925,349.60353075,387.19,349.60353075,
2022-11-06 10:10:00+00:00,0.9026,0.9039,0.9032,0.903,239.29,0.903175,216.12074575,239.29,216.12074575,
2022-11-06 10:15:00+00:00,0.9016,0.9023,0.9023,0.902,399.09,0.90205,359.9991345,399.09,359.9991345,
2022-11-06 10:20:00+00:00,0.8995,0.9014,0.9011,0.8995,3330.14,0.900375,2998.3748025,3330.14,2998.3748025,
2022-11-06 10:25:00+00:00,0.9001,0.9015,0.9001,0.9004,465.66,0.900525,419.3384715,465.66,419.3384715,
2022-11-06 10:30:00+00:00,0.9002,0.9012,0.9004,0.9004,355.18,0.90055,319.857349,355.18,319.857349,
2022-11-06 10:35:00+00:00,0.9008,0.9037,0.9008,0.9037,78.97,0.90225,71.2506825,78.97,71.2506825,
2022-11-06 10:40:00+00:00,0.9027,0.9037,0.9037,0.9027,148.17,0.9032,133.827144,148.17,133.827144,
2022-11-06 10:45:00+00:00,0.9029,0.9044,0.9029,0.904,418.4,0.90355,378.04532,418.4,378.04532,
2022-11-06 10:50:00+00:00,0.9036,0.9048,0.9042,0.9036,124.69,0.90405,112.7259945,124.69,112.7259945,
2022-11-06 10:55:00+00:00,0.9035,0.9076,0.9036,0.906,11572.0,0.905175,10474.6851,11572.0,10474.6851,
2022-11-06 11:00:00+00:00,0.9031,0.9054,0.9054,0.9031,2199.08,0.90425,1988.51809,2199.08,1988.51809,
2022-11-06 11:05:00+00:00,0.9029,0.9036,0.9032,0.9032,186.2,0.903225,168.180495,186.2,168.180495,
2022-11-06 11:10:00+00:00,0.9022,0.9032,0.9025,0.9029,26.15,0.9027,23.605605,26.15,23.605605,
2022-11-06 11:15:00+00:00,0.8973,0.9027,0.9027,0.8984,4771.1,0.900275,4295.3020525,4771.1,4295.3020525,
2022-11-06 11:20:00+00:00,0.896,0.899,0.8982,0.8973,824.54,0.897625,740.1277175,824.54,740.1277175,
2022-11-06 11:25:00+00:00,0.8941,0.8968,0.8959,0.896,564.03,0.8957,505.201671,564.03,505.201671,
2022-11-06 11:30:00+00:00,0.894,0.8963,0.895,0.8963,750.08,0.8954,671.621632,750.08,671.621632,
2022-11-06 11:35:00+00:00,0.8963,0.899,0.8966,0.8989,4443.51,0.8977,3988.938927,4443.51,3988.938927,
2022-11-06 11:40:00+00:00,0.8989,0.8997,0.8989,0.8994,8738.68,0.899225,7858.039523,8738.68,7858.039523,
2022-11-06 11:45:00+00:00,0.8968,0.8995,0.8995,0.8975,35003.43,0.898325,31444.45625475,35003.43,31444.45625475,
2022-11-06 11:50:00+00:00,0.8975,0.8987,0.8975,0.898,795.48,0.897925,714.281379,795.48,714.281379,
2022-11-06 11:55:00+00:00,0.8982,0.899,0.8984,0.8983,2013.25,0.898475,1808.85479375,2013.25,1808.85479375,
2022-11-06 12:00:00+00:00,0.8962,0.8986,0.8983,0.8966,676.09,0.897425,606.74006825,676.09,606.74006825,
2022-11-06 12:05:00+00:00,0.8956,0.898,0.896,0.8973,595.8,0.896725,534.268755,595.8,534.268755,
2022-11-06 12:10:00+00:00,0.8975,0.9011,0.8975,0.9008,611.72,0.899225,550.073917,611.72,550.073917,
2022-11-06 12:15:00+00:00,0.8993,0.9021,0.901,0.9017,10887.3,0.901025,9809.7294825,10887.3,9809.7294825,
2022-11-06 12:20:00+00:00,0.9,0.902,0.902,0.901,1190.4,0.90125,1072.848,1190.4,1072.848,
2022-11-06 12:25:00+00:00,0.8996,0.901,0.901,0.9,1657.95,0.9004,1492.81818,1657.95,1492.81818,
2022-11-06 12:30:00+00:00,0.8977,0.9005,0.9005,0.8982,1884.24,0.899225,1694.355714,1884.24,1694.355714,
2022-11-06 12:35:00+00:00,0.8961,0.898,0.8977,0.8961,2376.65,0.896975,2131.79563375,2376.65,2131.79563375,
2022-11-06 12:40:00+00:00,0.8957,0.8976,0.8957,0.8973,1571.23,0.896575,1408.72553725,1571.23,1408.72553725,
2022-11-06 12:45:00+00:00,0.8937,0.8974,0.8973,0.8949,6910.16,0.895825,6190.294082,6910.16,6190.294082,
2022-11-06 12:50:00+00:00,0.893,0.8952,0.8952,0.8944,750.72,0.89445,671.481504,750.72,671.481504,
2022-11-06 12:55:00+00:00,0.8861,0.8959,0.8944,0.8945,92802.08,0.892725,82846.736868,92802.08,82846.736868,
2022-11-06 13:00:00+00:00,0.8942,0.898,0.8942,0.898,18649.55,0.8961,16711.861755,18649.55,16711.861755,
2022-11-06 13:05:00+00:00,0.8954,0.8986,0.8977,0.8954,1574.24,0.896775,1411.739076,1574.24,1411.739076,
2022-11-06 13:10:00+00:00,0.8935,0.896,0.8953,0.895,2421.49,0.89495,2167.1124755,2421.49,2167.1124755,
2022-11-06 13:15:00+00:00,0.8944,0.8972,0.8949,0.8971,848.06,0.8959,759.776954,848.06,759.776954,
2022-11-06 13:20:00+00:00,0.8973,0.8994,0.8973,0.8994,803.86,0.89835,722.147631,803.86,722.147631,
2022-11-06 13:25:00+00:00,0.8989,0.9009,0.8996,0.8989,2167.25,0.899575,1949.60391875,2167.25,1949.60391875,
2022-11-06 13:30:00+00:00,0.8984,0.9,0.899,0.8996,88.85,0.89925,79.8983625,88.85,79.8983625,
2022-11-06 13:35:00+00:00,0.8985,0.9012,0.8996,0.9012,608.37,0.900125,547.60904625,608.37,547.60904625,
2022-11-06 13:40:00+00:00,0.9012,0.902,0.9012,0.902,381.14,0.9016,343.635824,381.14,343.635824,
2022-11-06 13:45:00+00:00,0.8996,0.9024,0.9017,0.9008,6515.32,0.901125,5871.117735,6515.32,5871.117735,
2022-11-06 13:50:00+00:00,0.8983,0.9012,0.9012,0.899,36.77,0.899925,33.09024225,36.77,33.09024225,
2022-11-06 13:55:00+00:00,0.898,0.8993,0.8992,0.8986,43.18,0.898775,38.8091045,43.18,38.8091045,
2022-11-06 14:00:00+00:00,0.8965,0.8983,0.8983,0.8968,964.76,0.897475,865.847981,964.76,865.847981,
2022-11-06 14:05:00+00:00,0.895,0.8974,0.8968,0.895,2665.33,0.89605,2388.2689465,2665.33,2388.2689465,
2022-11-06 14:10:00+00:00,0.8951,0.8962,0.8951,0.8961,372.33,0.895625,333.46805625,372.33,333.46805625,
2022-11-06 14:15:00+00:00,0.895,0.8994,0.8954,0.8992,2841.77,0.89725,2549.7781325,2841.77,2549.7781325,
2022-11-06 14:20:00+00:00,0.8982,0.9024,0.899,0.8982,40259.5,0.89945,36211.407275,40259.5,36211.407275,
2022-11-06 14:25:00+00:00,0.8966,0.8986,0.8983,0.8966,5151.08,0.897525,4623.223077,5151.08,4623.223077,
2022-11-06 14:30:00+00:00,0.8959,0.9011,0.8968,0.9011,2794.97,0.898725,2511.90941325,2794.97,2511.90941325,
2022-11-06 14:35:00+00:00,0.902,0.9033,0.9022,0.902,825.63,0.902375,745.02787125,825.63,745.02787125,
2022-11-06 14:40:00+00:00,0.901,0.9048,0.9017,0.9048,1870.98,0.903075,1689.6352635,1870.98,1689.6352635,
2022-11-06 14:45:00+00:00,0.9035,0.906,0.9048,0.9052,1309.46,0.904875,1184.8976175,1309.46,1184.8976175,
2022-11-06 14:50:00+00:00,0.9038,0.906,0.906,0.9047,394.87,0.905125,357.40670875,394.87,357.40670875,
2022-11-06 14:55:00+00:00,0.9034,0.905,0.905,0.9041,495.29,0.904375,447.92789375,495.29,447.92789375,
2022-11-06 15:00:00+00:00,0.903,0.9066,0.9038,0.9066,451.46,0.905,408.5713,451.46,408.5713,
2022-11-06 15:05:00+00:00,0.905,0.9066,0.906,0.9055,3359.24,0.905775,3042.715611,3359.24,3042.715611,
2022-11-06 15:10:00+00:00,0.9055,0.9074,0.9055,0.9062,1003.12,0.90615,908.977188,1003.12,908.977188,
2022-11-06 15:15:00+00:00,0.9057,0.908,0.9057,0.9077,298.28,0.906775,270.472847,298.28,270.472847,
2022-11-06 15:20:00+00:00,0.9059,0.9079,0.9079,0.9061,525.71,0.90695,476.7926845,525.71,476.7926845,
2022-11-06 15:25:00+00:00,0.9059,0.9072,0.9059,0.9066,125.86,0.9064,114.079504,125.86,114.079504,
2022-11-06 15:30:00+00:00,0.9052,0.9068,0.9067,0.906,7035.52,0.906175,6375.412336,7035.52,6375.412336,
2022-11-06 15:35:00+00:00,0.9059,0.9074,0.9062,0.9074,2708.39,0.906725,2455.76492275,2708.39,2455.76492275,
2022-11-06 15:40:00+00:00,0.9056,0.9082,0.9068,0.907,2255.44,0.9069,2045.458536,2255.44,2045.458536,
2022-11-06 15:45:00+00:00,0.906,0.908,0.906,0.9071,67.11,0.906775,60.85367025,67.11,60.85367025,
2022-11-06 15:50:00+00:00,0.9057,0.907,0.907,0.9065,780.63,0.90655,707.6801265,780.63,707.6801265,
2022-11-06 15:55:00+00:00,0.9004,0.9066,0.9066,0.9004,9167.37,0.9035,8282.718795,9167.37,8282.718795,
2022-11-06 16:00:00+00:00,0.8799,0.8986,0.8986,0.8868,41426.02,0.890975,36909.5481695,41426.02,36909.5481695,
2022-11-06 16:05:00+00:00,0.8819,0.8957,0.8863,0.8951,4190.71,0.88975,3728.6842225,4190.71,3728.6842225,
2022-11-06 16:10:00+00:00,0.8914,0.8962,0.8962,0.8917,2834.55,0.893875,2533.73338125,2834.55,2533.73338125,
2022-11-06 16:15:00+00:00,0.8918,0.896,0.8928,0.8924,1910.13,0.89325,1706.2236225,1910.13,1706.2236225,
2022-11-06 16:20:00+00:00,0.889,0.893,0.8918,0.8912,1834.85,0.89125,1635.3100625,1834.85,1635.3100625,
2022-11-06 16:25:00+00:00,0.8905,0.8938,0.8915,0.8936,792.52,0.89235,707.205222,792.52,707.205222,
2022-11-06 16:30:00+00:00,0.8933,0.8968,0.8934,0.8968,673.51,0.895075,602.84196325,673.51,602.84196325,
2022-11-06 16:35:00+00:00,0.8938,0.897,0.8964,0.897,6227.24,0.89605,5579.918402,6227.24,5579.918402,
2022-11-06 16:40:00+00:00,0.8914,0.897,0.8966,0.8914,4629.36,0.8941,4139.110776,4629.36,4139.110776,
2022-11-06 16:45:00+00:00,0.8874,0.8954,0.8923,0.8949,2940.52,0.8925,2624.4141,2940.52,2624.4141,
2022-11-06 16:50:00+00:00,0.8924,0.8945,0.8945,0.8925,1031.61,0.893475,921.71774475,1031.61,921.71774475,
2022-11-06 16:55:00+00:00,0.8908,0.8933,0.8933,0.8908,176.65,0.89205,157.5806325,176.65,157.5806325,
2022-11-06 17:00:00+00:00,0.8856,0.8917,0.8904,0.8861,3431.38,0.88845,3048.609561,3431.38,3048.609561,
2022-11-06 17:05:00+00:00,0.8859,0.8887,0.8879,0.8867,2929.69,0.8873,2599.513937,2929.69,2599.513937,
2022-11-06 17:10:00+00:00,0.8876,0.8904,0.8881,0.8895,1195.38,0.8889,1062.573282,1195.38,1062.573282,
2022-11-06 17:15:00+00:00,0.8855,0.8896,0.8896,0.8867,1685.34,0.88785,1496.329119,1685.34,1496.329119,
2022-11-06 17:20:00+00:00,0.8845,0.8857,0.8857,0.8849,20.1,0.8852,17.79252,20.1,17.79252,
2022-11-06 17:25:00+00:00,0.8831,0.886,0.8859,0.8838,490.04,0.8847,433.538388,490.04,433.538388,
2022-11-06 17:30:00+00:00,0.8834,0.8853,0.8841,0.8841,570.39,0.884225,504.35309775,570.39,504.35309775,
2022-11-06 17:35:00+00:00,0.8837,0.8859,0.8837,0.8849,221.0,0.88455,195.48555,221.0,195.48555,
2022-11-06 17:40:00+00:00,0.8829,0.8861,0.8852,0.8829,407.63,0.884275,360.45701825,407.63,360.45701825,
2022-11-06 17:45:00+00:00,0.8818,0.8842,0.8828,0.8841,162.91,0.883225,143.88618475,162.91,143.88618475,
2022-11-06 17:50:00+00:00,0.8841,0.8862,0.8841,0.8855,42.01,0.884975,37.17779975,42.01,37.17779975,
2022-11-06 17:55:00+00:00,0.8848,0.8864,0.8848,0.8863,264.94,0.885575,234.6242405,264.94,234.6242405,
2022-11-06 18:00:00+00:00,0.885,0.8865,0.8865,0.8856,360.24,0.8859,319.136616,360.24,319.136616,
2022-11-06 18:05:00+00:00,0.886,0.8881,0.8864,0.8868,676.17,0.886825,599.64446025,676.17,599.64446025,
2022-11-06 18:10:00+00:00,0.8847,0.8859,0.8859,0.8851,42.67,0.8854,37.780018,42.67,37.780018,
2022-11-06 18:15:00+00:00,0.881,0.8849,0.8849,0.8831,201.98,0.883475,178.4442805,201.98,178.4442805,
2022-11-06 18:20:00+00:00,0.8811,0.884,0.8835,0.8825,42.98,0.882775,37.9416695,42.98,37.9416695,
2022-11-06 18:25:00+00:00,0.8804,0.8824,0.8822,0.8815,577.5,0.881625,509.1384375,577.5,509.1384375,
2022-11-06 18:30:00+00:00,0.8768,0.8837,0.8815,0.8837,2974.83,0.881425,2622.08953275,2974.83,2622.08953275,
2022-11-06 18:35:00+00:00,0.8825,0.8838,0.8836,0.8825,1013.24,0.8831,894.792244,1013.24,894.792244,
2022-11-06 18:40:00+00:00,0.8803,0.8829,0.8819,0.8823,315.25,0.88185,278.0032125,315.25,278.0032125,
2022-11-06 18:45:00+00:00,0.8822,0.8835,0.8826,0.883,1478.49,0.882825,1305.24793425,1478.49,1305.24793425,
2022-11-06 18:50:00+00:00,0.8826,0.884,0.8827,0.884,121.69,0.883325,107.49181925,121.69,107.49181925,
2022-11-06 18:55:00+00:00,0.8835,0.8855,0.8841,0.8846,1716.34,0.884425,1517.9740045,1716.34,1517.9740045,
2022-11-06 19:00:00+00:00,0.8813,0.8841,0.8841,0.883,997.7,0.883125,881.0938125,997.7,881.0938125,
2022-11-06 19:05:00+00:00,0.8817,0.8842,0.8831,0.8836,2290.67,0.88315,2023.0052105,2290.67,2023.0052105,
2022-11-06 19:10:00+00:00,0.8821,0.8837,0.8834,0.8822,1240.34,0.88285,1095.034169,1240.34,1095.034169,
2022-11-06 19:15:00+00:00,0.8795,0.8823,0.8823,0.8795,447.13,0.8809,393.876817,447.13,393.876817,
2022-11-06 19:20:00+00:00,0.88,0.884,0.8801,0.8821,734.02,0.88155,647.075331,734.02,647.075331,
2022-11-06 19:25:00+00:00,0.8806,0.8838,0.8821,0.8811,1565.91,0.8819,1380.976029,1565.91,1380.976029,
2022-11-06 19:30:00+00:00,0.8796,0.8809,0.8806,0.8797,67.81,0.8802,59.686362,67.81,59.686362,
2022-11-06 19:35:00+00:00,0.8758,0.8806,0.8806,0.8761,5116.17,0.878275,4493.40420675,5116.17,4493.40420675,
2022-11-06 19:40:00+00:00,0.8731,0.878,0.8753,0.8751,2260.7,0.875375,1978.9602625,2260.7,1978.9602625,
2022-11-06 19:45:00+00:00,0.875,0.8782,0.8757,0.875,1195.21,0.875975,1046.97407975,1195.21,1046.97407975,
2022-11-06 19:50:00+00:00,0.8753,0.879,0.8753,0.8784,389.39,0.877,341.49503,389.39,341.49503,
2022-11-06 19:55:00+00:00,0.8773,0.8787,0.878,0.8785,769.35,0.878125,675.58546875,769.35,675.58546875,
2022-11-06 20:00:00+00:00,0.8763,0.8784,0.8783,0.8784,805.46,0.87785,707.073061,805.46,707.073061,
2022-11-06 20:05:00+00:00,0.8756,0.8789,0.8788,0.8772,1681.34,0.877625,1475.5860175,1681.34,1475.5860175,
2022-11-06 20:10:00+00:00,0.8747,0.8769,0.8768,0.8768,2599.23,0.8763,2277.705249,2599.23,2277.705249,
2022-11-06 20:15:00+00:00,0.8744,0.8771,0.8767,0.8768,823.03,0.87625,721.1800375,823.03,721.1800375,
2022-11-06 20:20:00+00:00,0.8743,0.8761,0.8757,0.8755,1086.96,0.8754,951.524784,1086.96,951.524784,
2022-11-06 20:25:00+00:00,0.8746,0.8766,0.8747,0.8761,1528.81,0.8755,1338.473155,1528.81,1338.473155,
2022-11-06 20:30:00+00:00,0.875,0.877,0.8757,0.877,225.95,0.876175,197.97174125,225.95,197.97174125,
2022-11-06 20:35:00+00:00,0.8744,0.8771,0.877,0.8755,410.76,0.876,359.82576,410.76,359.82576,
2022-11-06 20:40:00+00:00,0.8743,0.8773,0.8747,0.8743,511.82,0.87515,447.919273,511.82,447.919273,
2022-11-06 20:45:00+00:00,0.8717,0.8746,0.874,0.873,2566.12,0.873325,2241.056749,2566.12,2241.056749,
2022-11-06 20:50:00+00:00,0.8735,0.877,0.8735,0.8766,1386.0,0.87515,1212.9579,1386.0,1212.9579,
2022-11-06 20:55:00+00:00,0.8752,0.8771,0.8766,0.877,973.79,0.876475,853.50259025,973.79,853.50259025,
2022-11-06 21:00:00+00:00,0.8732,0.8777,0.8776,0.8752,34375.72,0.875925,30110.552541,34375.72,30110.552541,
2022-11-06 21:05:00+00:00,0.8743,0.8772,0.8752,0.877,4478.98,0.875925,3923.2505565,4478.98,3923.2505565,
2022-11-06 21:10:00+00:00,0.8751,0.8772,0.877,0.8754,1276.03,0.876175,1118.02558525,1276.03,1118.02558525,
2022-11-06 21:15:00+00:00,0.8751,0.876,0.8752,0.8754,546.23,0.875425,478.18339775,546.23,478.18339775,
2022-11-06 21:20:00+00:00,0.8744,0.876,0.875,0.876,950.7,0.87535,832.195245,950.7,832.195245,
2022-11-06 21:25:00+00:00,0.8741,0.8763,0.8761,0.8757,8138.28,0.87555,7125.471054,8138.28,7125.471054,
2022-11-06 21:30:00+00:00,0.8749,0.8769,0.876,0.8769,636.39,0.876175,557.58900825,636.39,557.58900825,
2022-11-06 21:35:00+00:00,0.8761,0.8778,0.8773,0.8764,1802.45,0.8769,1580.568405,1802.45,1580.568405,
2022-11-06 21:40:00+00:00,0.8745,0.88,0.8766,0.8773,11763.85,0.8771,10318.072835,11763.85,10318.072835,
2022-11-06 21:45:00+00:00,0.875,0.8765,0.8756,0.8757,257.37,0.8757,225.378909,257.37,225.378909,
2022-11-06 21:50:00+00:00,0.8706,0.8767,0.8757,0.8706,1220.68,0.8734,1066.141912,1220.68,1066.141912,
2022-11-06 21:55:00+00:00,0.8704,0.8727,0.8708,0.8706,2630.66,0.871125,2291.6336925,2630.66,2291.6336925,
2022-11-06 22:00:00+00:00,0.8708,0.8739,0.8708,0.8708,345.3,0.871575,300.9548475,345.3,300.9548475,
2022-11-06 22:05:00+00:00,0.8707,0.8749,0.8707,0.8727,192.25,0.87225,167.6900625,192.25,167.6900625,
2022-11-06 22:10:00+00:00,0.8654,0.8731,0.8728,0.8654,3054.98,0.869175,2655.3122415,3054.98,2655.3122415,
2022-11-06 22:15:00+00:00,0.86,0.867,0.8655,0.8616,7733.24,0.863525,6677.846071,7733.24,6677.846071,
2022-11-06 22:20:00+00:00,0.8609,0.8622,0.8612,0.8622,419.6,0.861625,361.53785,419.6,361.53785,
2022-11-06 22:25:00+00:00,0.8637,0.8672,0.864,0.8672,270.95,0.865525,234.51399875,270.95,234.51399875,
2022-11-06 22:30:00+00:00,0.8633,0.8665,0.8665,0.8634,328.03,0.864925,283.72134775,328.03,283.72134775,
2022-11-06 22:35:00+00:00,0.8621,0.864,0.8638,0.8621,2601.96,0.863,2245.49148,2601.96,2245.49148,
2022-11-06 22:40:00+00:00,0.8615,0.8658,0.8621,0.8641,5166.98,0.863375,4461.0413575,5166.98,4461.0413575,
2022-11-06 22:45:00+00:00,0.8625,0.8668,0.8641,0.8668,991.61,0.86505,857.7922305,991.61,857.7922305,
2022-11-06 22:50:00+00:00,0.8646,0.8677,0.8677,0.8673,83.31,0.866825,72.21519075,83.31,72.21519075,
2022-11-06 22:55:00+00:00,0.8645,0.8669,0.8669,0.865,258.23,0.865825,223.58198975,258.23,223.58198975,
2022-11-06 23:00:00+00:00,0.8605,0.8663,0.8663,0.862,6763.44,0.863775,5842.090386,6763.44,5842.090386,
2022-11-06 23:05:00+00:00,0.8485,0.8601,0.8601,0.8487,13496.48,0.85435,11530.717688,13496.48,11530.717688,
2022-11-06 23:10:00+00:00,0.8381,0.8505,0.85,0.842,26289.03,0.84515,22218.1737045,26289.03,22218.1737045,
2022-11-06 23:15:00+00:00,0.8412,0.8495,0.8427,0.8484,10621.72,0.84545,8980.133174,10621.72,8980.133174,
2022-11-06 23:20:00+00:00,0.8461,0.8482,0.8477,0.8477,4169.2,0.847425,3533.08431,4169.2,3533.08431,
2022-11-06 23:25:00+00:00,0.8484,0.8531,0.8486,0.8503,10488.91,0.8501,8916.622391,10488.91,8916.622391,
2022-11-06 23:30:00+00:00,0.8463,0.8523,0.8509,0.8475,2227.69,0.84925,1891.8657325,2227.69,1891.8657325,
2022-11-06 23:35:00+00:00,0.8441,0.8499,0.8471,0.8444,8905.78,0.846375,7537.6295475,8905.78,7537.6295475,
2022-11-06 23:40:00+00:00,0.8446,0.8492,0.8452,0.8464,6272.32,0.84635,5308.578032,6272.32,5308.578032,
2022-11-06 23:45:00+00:00,0.8456,0.8507,0.8456,0.85,2180.77,0.847975,1849.23844075,2180.77,1849.23844075,
2022-11-06 23:50:00+00:00,0.8461,0.8491,0.8491,0.8463,581.9,0.84765,493.247535,581.9,493.247535,
2022-11-06 23:55:00+00:00,0.8437,0.8477,0.8469,0.846,2156.76,0.846075,1824.780717,2156.76,1824.780717,
2022-11-07 00:00:00+00:00,0.8449,0.851,0.8458,0.8506,15026.65,0.848075,12743.72619875,15026.65,12743.72619875,
2022-11-07 00:05:00+00:00,0.8507,0.8564,0.8507,0.8562,2580.54,0.8535,2202.49089,2580.54,2202.49089,
2022-11-07 00:10:00+00:00,0.8516,0.8565,0.8559,0.8554,6290.79,0.85485,5377.6818315,6290.79,5377.6818315,
2022-11-07 00:15:00+00:00,0.8522,0.8553,0.8545,0.8522,648.62,0.85355,553.629601,648.62,553.629601,
2022-11-07 00:20:00+00:00,0.852,0.8531,0.8522,0.852,1407.48,0.852325,1199.630391,1407.48,1199.630391,
2022-11-07 00:25:00+00:00,0.8501,0.8525,0.8518,0.8519,3146.53,0.851575,2679.50628475,3146.53,2679.50628475,
2022-11-07 00:30:00+00:00,0.8496,0.852,0.852,0.8497,4035.99,0.850825,3433.92119175,4035.99,3433.92119175,
2022-11-07 00:35:00+00:00,0.8485,0.851,0.8497,0.8492,606.93,0.8496,515.647728,606.93,515.647728,
2022-11-07 00:40:00+00:00,0.8472,0.851,0.8491,0.848,1314.16,0.848825,1115.491862,1314.16,1115.491862,
2022-11-07 00:45:00+00:00,0.8464,0.85,0.8479,0.8466,777.53,0.847725,659.13161925,777.53,659.13161925,
2022-11-07 00:50:00+00:00,0.8407,0.846,0.846,0.8439,4103.71,0.84415,3464.1467965,4103.71,3464.1467965,
2022-11-07 00:55:00+00:00,0.8423,0.8468,0.8444,0.8423,2943.84,0.84395,2484.453768,2943.84,2484.453768,
2022-11-07 01:00:00+00:00,0.8413,0.8466,0.8424,0.8431,8184.35,0.84335,6902.2715725,8184.35,6902.2715725,
2022-11-07 01:05:00+00:00,0.8422,0.8444,0.843,0.8425,3215.75,0.843025,2710.95764375,3215.75,2710.95764375,
2022-11-07 01:10:00+00:00,0.8384,0.8418,0.8418,0.8393,2541.66,0.840325,2135.8204395,2541.66,2135.8204395,
2022-11-07 01:15:00+00:00,0.8392,0.8433,0.8392,0.8416,10852.0,0.840825,9124.6329,10852.0,9124.6329,
2022-11-07 01:20:00+00:00,0.8411,0.8435,0.8418,0.8434,4381.89,0.84245,3691.5232305,4381.89,3691.5232305,
2022-11-07 01:25:00+00:00,0.8447,0.846,0.8447,0.8458,1015.24,0.8453,858.182372,1015.24,858.182372,
2022-11-07 01:30:00+00:00,0.8441,0.8486,0.8446,0.8473,1225.34,0.84615,1036.821441,1225.34,1036.821441,
2022-11-07 01:35:00+00:00,0.8467,0.8517,0.8467,0.8517,5164.26,0.8492,4385.489592,5164.26,4385.489592,
2022-11-07 01:40:00+00:00,0.849,0.8547,0.8505,0.8523,4882.11,0.851625,4157.72692875,4882.11,4157.72692875,
2022-11-07 01:45:00+00:00,0.8505,0.8548,0.8522,0.8548,2242.53,0.853075,1913.04627975,2242.53,1913.04627975,
2022-11-07 01:50:00+00:00,0.8532,0.8572,0.8547,0.856,5289.4,0.855275,4523.891585,5289.4,4523.891585,
2022-11-07 01:55:00+00:00,0.855,0.8572,0.856,0.8557,1396.11,0.855975,1195.03525725,1396.11,1195.03525725,
2022-11-07 02:00:00+00:00,0.8546,0.857,0.8547,0.8568,3581.37,0.855775,3064.84691175,3581.37,3064.84691175,
2022-11-07 02:05:00+00:00,0.8548,0.8578,0.8567,0.8578,7243.07,0.856775,6205.68129925,7243.07,6205.68129925,
2022-11-07 02:10:00+00:00,0.8572,0.8603,0.859,0.8589,6268.06,0.85885,5383.323331,6268.06,5383.323331,
2022-11-07 02:15:00+00:00,0.856,0.8595,0.8593,0.8568,2030.91,0.8579,1742.317689,2030.91,1742.317689,
2022-11-07 02:20:00+00:00,0.856,0.8586,0.8564,0.8561,2447.67,0.856775,2097.10246425,2447.67,2097.10246425,
2022-11-07 02:25:00+00:00,0.8548,0.8576,0.8561,0.8548,1551.64,0.855825,1327.932303,1551.64,1327.932303,
2022-11-07 02:30:00+00:00,0.8551,0.8577,0.8551,0.8564,535.74,0.856075,458.6336205,535.74,458.6336205,
2022-11-07 02:35:00+00:00,0.8569,0.8585,0.8569,0.8577,1708.25,0.8575,1464.824375,1708.25,1464.824375,
2022-11-07 02:40:00+00:00,0.8578,0.8596,0.8578,0.8586,2034.28,0.85845,1746.327666,2034.28,1746.327666,
2022-11-07 02:45:00+00:00,0.8578,0.8596,0.8579,0.8581,483.87,0.85835,415.3298145,483.87,415.3298145,
2022-11-07 02:50:00+00:00,0.8581,0.8596,0.8581,0.8586,1094.54,0.8586,939.772044,1094.54,939.772044,
2022-11-07 02:55:00+00:00,0.8576,0.8593,0.8578,0.8582,733.46,0.858225,629.4737085,733.46,629.4737085,
2022-11-07 03:00:00+00:00,0.8556,0.8593,0.8578,0.8558,610.94,0.857125,523.6519475,610.94,523.6519475,
2022-11-07 03:05:00+00:00,0.8551,0.8577,0.8558,0.8551,1544.09,0.855925,1321.62523325,1544.09,1321.62523325,
2022-11-07 03:10:00+00:00,0.8553,0.8573,0.8554,0.8555,2044.88,0.855875,1750.16167,2044.88,1750.16167,
2022-11-07 03:15:00+00:00,0.8546,0.8575,0.8553,0.8546,1300.33,0.8555,1112.432315,1300.33,1112.432315,
2022-11-07 03:20:00+00:00,0.854,0.8553,0.8546,0.854,1768.6,0.854475,1511.224485,1768.6,1511.224485,
2022-11-07 03:25:00+00:00,0.8541,0.856,0.8543,0.8546,366.02,0.85475,312.855595,366.02,312.855595,
2022-11-07 03:30:00+00:00,0.8541,0.856,0.8547,0.8556,2376.55,0.8551,2032.187905,2376.55,2032.187905,
2022-11-07 03:35:00+00:00,0.8547,0.856,0.855,0.8559,387.82,0.8554,331.741228,387.82,331.741228,
2022-11-07 03:40:00+00:00,0.8543,0.856,0.8553,0.8552,1816.34,0.8552,1553.333968,1816.34,1553.333968,
2022-11-07 03:45:00+00:00,0.8529,0.8548,0.8548,0.8529,218.91,0.85385,186.9163035,218.91,186.9163035,
2022-11-07 03:50:00+00:00,0.8529,0.8545,0.853,0.8541,598.19,0.853625,510.62993875,598.19,510.62993875,
2022-11-07 03:55:00+00:00,0.8537,0.8551,0.854,0.855,215.3,0.85445,183.963085,215.3,183.963085,
2022-11-07 04:00:00+00:00,0.8532,0.8546,0.8537,0.8534,1180.12,0.853725,1007.497947,1180.12,1007.497947,
2022-11-07 04:05:00+00:00,0.8516,0.8529,0.8524,0.8522,480.05,0.852275,409.13461375,480.05,409.13461375,
2022-11-07 04:10:00+00:00,0.85,0.8519,0.8519,0.8501,1208.8,0.850975,1028.65858,1208.8,1028.65858,
2022-11-07 04:15:00+00:00,0.8487,0.8518,0.8502,0.85,468.55,0.850175,398.34949625,468.55,398.34949625,
2022-11-07 04:20:00+00:00,0.8476,0.8511,0.849,0.8511,399.12,0.8497,339.132264,399.12,339.132264,
2022-11-07 04:25:00+00:00,0.8494,0.851,0.8498,0.8494,576.15,0.8499,489.669885,576.15,489.669885,
2022-11-07 04:30:00+00:00,0.8485,0.8507,0.8507,0.8493,175.38,0.8498,149.037924,175.38,149.037924,
2022-11-07 04:35:00+00:00,0.8499,0.8509,0.8499,0.8499,1201.05,0.85015,1021.0726575,1201.05,1021.0726575,
2022-11-07 04:40:00+00:00,0.8499,0.8512,0.8499,0.8512,1040.82,0.85055,885.269451,1040.82,885.269451,
2022-11-07 04:45:00+00:00,0.8503,0.8512,0.8509,0.8505,258.38,0.850725,219.8103255,258.38,219.8103255,
2022-11-07 04:50:00+00:00,0.8511,0.8517,0.8511,0.8517,39.72,0.8514,33.817608,39.72,33.817608,
2022-11-07 04:55:00+00:00,0.852,0.8539,0.852,0.8536,1003.0,0.852875,855.433625,1003.0,855.433625,
2022-11-07 05:00:00+00:00,0.8531,0.8551,0.8532,0.855,675.24,0.8541,576.722484,675.24,576.722484,
2022-11-07 05:05:00+00:00,0.8534,0.8551,0.8551,0.8539,461.13,0.854375,393.97794375,461.13,393.97794375,
2022-11-07 05:10:00+00:00,0.8518,0.8541,0.8541,0.8518,480.55,0.85295,409.8851225,480.55,409.8851225,
2022-11-07 05:15:00+00:00,0.8515,0.8528,0.8515,0.8517,159.79,0.851875,136.12110625,159.79,136.12110625,
2022-11-07 05:20:00+00:00,0.8518,0.8543,0.8518,0.8535,822.48,0.85285,701.452068,822.48,701.452068,
2022-11-07 05:25:00+00:00,0.8535,0.8552,0.8539,0.8552,387.05,0.85445,330.7148725,387.05,330.7148725,
2022-11-07 05:30:00+00:00,0.8567,0.8585,0.8567,0.858,467.13,0.857475,400.55229675,467.13,400.55229675,
2022-11-07 05:35:00+00:00,0.857,0.8618,0.8578,0.86,20299.24,0.85915,17440.092046,20299.24,17440.092046,
2022-11-07 05:40:00+00:00,0.8572,0.8598,0.8598,0.8572,134.2,0.8585,115.2107,134.2,115.2107,
2022-11-07 05:45:00+00:00,0.8566,0.8591,0.857,0.8566,235.31,0.857325,201.73714575,235.31,201.73714575,
2022-11-07 05:50:00+00:00,0.855,0.8581,0.8569,0.855,1450.89,0.85625,1242.3245625,1450.89,1242.3245625,
2022-11-07 05:55:00+00:00,0.854,0.855,0.8548,0.8547,822.07,0.854625,702.56157375,822.07,702.56157375,
2022-11-07 06:00:00+00:00,0.8534,0.8557,0.8546,0.854,601.92,0.854425,514.295496,601.92,514.295496,
2022-11-07 06:05:00+00:00,0.8532,0.8546,0.8532,0.8544,27.57,0.85385,23.5406445,27.57,23.5406445,
2022-11-07 06:10:00+00:00,0.85,0.853,0.853,0.8504,9846.98,0.8516,8385.688168,9846.98,8385.688168,
2022-11-07 06:15:00+00:00,0.8472,0.8534,0.8503,0.853,4370.31,0.850975,3719.02455225,4370.31,3719.02455225,
2022-11-07 06:20:00+00:00,0.8508,0.8544,0.8523,0.8522,2183.36,0.852425,1861.150648,2183.36,1861.150648,
2022-11-07 06:25:00+00:00,0.849,0.8524,0.8523,0.849,2685.93,0.850675,2284.85350275,2685.93,2284.85350275,
2022-11-07 06:30:00+00:00,0.8493,0.8505,0.8493,0.8504,1424.75,0.849875,1210.85940625,1424.75,1210.85940625,
2022-11-07 06:35:00+00:00,0.85,0.8509,0.8509,0.85,387.64,0.85045,329.668438,387.64,329.668438,
2022-11-07 06:40:00+00:00,0.8489,0.8505,0.8497,0.8497,753.63,0.8497,640.359411,753.63,640.359411,
2022-11-07 06:45:00+00:00,0.8486,0.8496,0.8496,0.8493,374.82,0.849275,318.3252555,374.82,318.3252555,
2022-11-07 06:50:00+00:00,0.8487,0.8493,0.849,0.8489,640.78,0.848975,544.0062005,640.78,544.0062005,
2022-11-07 06:55:00+00:00,0.848,0.8494,0.8489,0.8481,2301.16,0.8486,1952.764376,2301.16,1952.764376,
2022-11-07 07:00:00+00:00,0.84,0.8475,0.8475,0.8414,2327.07,0.8441,1964.279787,2327.07,1964.279787,
2022-11-07 07:05:00+00:00,0.8334,0.8403,0.8403,0.8374,8999.44,0.83785,7540.180804,8999.44,7540.180804,
2022-11-07 07:10:00+00:00,0.8376,0.8397,0.8379,0.8383,1686.32,0.838375,1413.76853,1686.32,1413.76853,
2022-11-07 07:15:00+00:00,0.8377,0.84,0.8377,0.8392,1000.15,0.83865,838.7757975,1000.15,838.7757975,
2022-11-07 07:20:00+00:00,0.8386,0.8407,0.8395,0.8386,341.73,0.83935,286.8310755,341.73,286.8310755,
2022-11-07 07:25:00+00:00,0.8386,0.8414,0.84,0.8386,382.03,0.83965,320.7714895,382.03,320.7714895,
2022-11-07 07:30:00+00:00,0.8388,0.8391,0.8388,0.8391,99.6,0.83895,83.55942,99.6,83.55942,
2022-11-07 07:35:00+00:00,0.8369,0.8391,0.839,0.8369,707.29,0.837975,592.69133775,707.29,592.69133775,
2022-11-07 07:40:00+00:00,0.8247,0.8371,0.8355,0.8248,2898.52,0.830525,2407.293323,2898.52,2407.293323,
2022-11-07 07:45:00+00:00,0.8272,0.831,0.8272,0.8274,4592.36,0.8282,3803.392552,4592.36,3803.392552,
2022-11-07 07:50:00+00:00,0.8183,0.8273,0.8273,0.8226,9593.25,0.823875,7903.63884375,9593.25,7903.63884375,
2022-11-07 07:55:00+00:00,0.819,0.8221,0.8219,0.8204,1607.12,0.82085,1319.204452,1607.12,1319.204452,
2022-11-07 08:00:00+00:00,0.8182,0.8257,0.8194,0.8255,2825.47,0.8222,2323.101434,2825.47,2323.101434,
2022-11-07 08:05:00+00:00,0.8257,0.8272,0.8257,0.8271,518.15,0.826425,428.21211375,518.15,428.21211375,
2022-11-07 08:10:00+00:00,0.8267,0.828,0.8267,0.828,286.98,0.82735,237.432903,286.98,237.432903,
2022-11-07 08:15:00+00:00,0.8284,0.8299,0.8285,0.8289,12443.17,0.828925,10314.45469225,12443.17,10314.45469225,
2022-11-07 08:20:00+00:00,0.8238,0.8284,0.8283,0.8238,16098.81,0.826075,13298.82447075,16098.81,13298.82447075,
2022-11-07 08:25:00+00:00,0.8235,0.8255,0.8241,0.8254,27911.97,0.824625,23016.90826125,27911.97,23016.90826125,
2022-11-07 08:30:00+00:00,0.8259,0.8313,0.8259,0.8313,3043.12,0.8286,2521.529232,3043.12,2521.529232,
2022-11-07 08:35:00+00:00,0.83,0.8317,0.8308,0.8309,1145.83,0.83085,952.0128555,1145.83,952.0128555,
2022-11-07 08:40:00+00:00,0.8299,0.832,0.831,0.8314,3125.61,0.831075,2597.61633075,3125.61,2597.61633075,
2022-11-07 08:45:00+00:00,0.8305,0.8317,0.8311,0.8314,2923.82,0.831175,2430.2060885,2923.82,2430.2060885,
2022-11-07 08:50:00+00:00,0.8308,0.832,0.8316,0.832,2745.41,0.8316,2283.082956,2745.41,2283.082956,
2022-11-07 08:55:00+00:00,0.8315,0.8329,0.8315,0.8326,2225.71,0.832125,1852.06893375,2225.71,1852.06893375,
2022-11-07 09:00:00+00:00,0.8332,0.8356,0.8332,0.8352,729.27,0.8343,608.429961,729.27,608.429961,
2022-11-07 09:05:00+00:00,0.8355,0.8366,0.8355,0.8364,2116.92,0.836,1769.74512,2116.92,1769.74512,
2022-11-07 09:10:00+00:00,0.8347,0.8371,0.8363,0.8355,4519.31,0.8359,3777.691229,4519.31,3777.691229,
2022-11-07 09:15:00+00:00,0.8335,0.8358,0.8357,0.835,569.84,0.835,475.8164,569.84,475.8164,
2022-11-07 09:20:00+00:00,0.8346,0.8357,0.8352,0.835,590.19,0.835125,492.88242375,590.19,492.88242375,
2022-11-07 09:25:00+00:00,0.8338,0.8357,0.8351,0.835,443.76,0.8349,370.495224,443.76,370.495224,
2022-11-07 09:30:00+00:00,0.8358,0.8365,0.8363,0.8359,372.28,0.836125,311.272615,372.28,311.272615,
2022-11-07 09:35:00+00:00,0.8344,0.8362,0.8362,0.835,1756.03,0.83545,1467.0752635,1756.03,1467.0752635,
2022-11-07 09:40:00+00:00,0.8333,0.835,0.8347,0.8346,488.88,0.8344,407.921472,488.88,407.921472,
2022-11-07 09:45:00+00:00,0.832,0.8341,0.8341,0.8332,624.65,0.83335,520.5520775,624.65,520.5520775,
2022-11-07 09:50:00+00:00,0.8316,0.8341,0.8329,0.8316,696.28,0.83255,579.687914,696.28,579.687914,
2022-11-07 09:55:00+00:00,0.8318,0.8329,0.8326,0.8321,241.53,0.83235,201.0374955,241.53,201.0374955,
2022-11-07 10:00:00+00:00,0.833,0.8351,0.833,0.8351,190.12,0.83405,158.569586,190.12,158.569586,
2022-11-07 10:05:00+00:00,0.8351,0.8389,0.8355,0.8383,673.11,0.83695,563.3594145,673.11,563.3594145,
2022-11-07 10:10:00+00:00,0.84,0.8409,0.84,0.8405,185.77,0.84035,156.1118195,185.77,156.1118195,
2022-11-07 10:15:00+00:00,0.8406,0.8423,0.8406,0.842,71.9,0.841375,60.4948625,71.9,60.4948625,
2022-11-07 10:20:00+00:00,0.8398,0.8422,0.842,0.8398,611.99,0.84095,514.6529905,611.99,514.6529905,
2022-11-07 10:25:00+00:00,0.8381,0.8395,0.8391,0.8382,433.36,0.838725,363.469866,433.36,363.469866,
2022-11-07 10:30:00+00:00,0.839,0.8411,0.839,0.8411,1805.57,0.84005,1516.7690785,1805.57,1516.7690785,
2022-11-07 10:35:00+00:00,0.8391,0.8407,0.84,0.8391,273.3,0.839725,229.4968425,273.3,229.4968425,
2022-11-07 10:40:00+00:00,0.8384,0.84,0.84,0.8384,39.28,0.8392,32.963776,39.28,32.963776,
2022-11-07 10:45:00+00:00,0.8379,0.8386,0.8386,0.838,4291.31,0.838275,3597.29789025,4291.31,3597.29789025,
2022-11-07 10:50:00+00:00,0.8382,0.8387,0.8382,0.8387,4.97,0.83845,4.1670965,4.97,4.1670965,
2022-11-07 10:55:00+00:00,0.8387,0.8394,0.8387,0.8394,303.17,0.83905,254.3747885,303.17,254.3747885,
2022-11-07 11:00:00+00:00,0.8386,0.8401,0.8394,0.8394,1340.72,0.839375,1125.36685,1340.72,1125.36685,
2022-11-07 11:05:00+00:00,0.839,0.8399,0.8399,0.8392,246.76,0.8395,207.15502,246.76,207.15502,
2022-11-07 11:10:00+00:00,0.8387,0.8392,0.8392,0.8391,16.16,0.83905,13.559048,16.16,13.559048,
2022-11-07 11:15:00+00:00,0.8392,0.8398,0.8393,0.8392,114.28,0.839375,95.923775,114.28,95.923775,
2022-11-07 11:20:00+00:00,0.8388,0.8402,0.839,0.8395,91.49,0.839375,76.79441875,91.49,76.79441875,
2022-11-07 11:25:00+00:00,0.8409,0.842,0.8409,0.8419,14457.57,0.841425,12164.96083725,14457.57,12164.96083725,
2022-11-07 11:30:00+00:00,0.8407,0.8418,0.8416,0.8418,656.9,0.841475,552.7649275,656.9,552.7649275,
2022-11-07 11:35:00+00:00,0.8388,0.842,0.8413,0.8389,1399.72,0.84025,1176.11473,1399.72,1176.11473,
2022-11-07 11:40:00+00:00,0.8379,0.8392,0.8387,0.8389,803.34,0.838675,673.7411745,803.34,673.7411745,
2022-11-07 11:45:00+00:00,0.8375,0.8386,0.8386,0.8383,1625.84,0.83825,1362.86038,1625.84,1362.86038,
2022-11-07 11:50:00+00:00,0.8368,0.8384,0.8384,0.837,839.31,0.83765,703.0480215,839.31,703.0480215,
2022-11-07 11:55:00+00:00,0.837,0.8377,0.8372,0.8375,814.66,0.83735,682.155551,814.66,682.155551,
2022-11-07 12:00:00+00:00,0.8367,0.8388,0.8379,0.8388,436.84,0.83805,366.093762,436.84,366.093762,
2022-11-07 12:05:00+00:00,0.8388,0.8421,0.8394,0.8421,2099.4,0.8406,1764.75564,2099.4,1764.75564,
2022-11-07 12:10:00+00:00,0.8402,0.8408,0.8403,0.8405,302.58,0.84045,254.303361,302.58,254.303361,
2022-11-07 12:15:00+00:00,0.8381,0.8415,0.841,0.8381,751.71,0.839675,631.19209425,751.71,631.19209425,
2022-11-07 12:20:00+00:00,0.8374,0.8393,0.8381,0.8374,421.69,0.83805,353.3973045,421.69,353.3973045,
2022-11-07 12:25:00+00:00,0.8356,0.8386,0.838,0.8361,1824.89,0.837075,1527.56979675,1824.89,1527.56979675,
2022-11-07 12:30:00+00:00,0.8346,0.8367,0.8365,0.8358,743.35,0.8359,621.366265,743.35,621.366265,
2022-11-07 12:35:00+00:00,0.8347,0.8364,0.8357,0.8356,1023.05,0.8356,854.86058,1023.05,854.86058,
2022-11-07 12:40:00+00:00,0.8347,0.8373,0.8367,0.8373,1996.1,0.8365,1669.73765,1996.1,1669.73765,
2022-11-07 12:45:00+00:00,0.8356,0.8385,0.8365,0.8363,575.98,0.836725,481.9368655,575.98,481.9368655,
2022-11-07 12:50:00+00:00,0.8357,0.837,0.8363,0.8363,4334.0,0.836325,3624.63255,4334.0,3624.63255,
2022-11-07 12:55:00+00:00,0.8359,0.8418,0.8359,0.8411,2003.12,0.838675,1679.966666,2003.12,1679.966666,
2022-11-07 13:00:00+00:00,0.8392,0.8419,0.8419,0.8419,10262.65,0.841225,8633.19774625,10262.65,8633.19774625,
2022-11-07 13:05:00+00:00,0.8401,0.8429,0.842,0.8401,3011.51,0.841275,2533.50807525,3011.51,2533.50807525,
2022-11-07 13:10:00+00:00,0.8384,0.8404,0.84,0.84,1570.44,0.8397,1318.698468,1570.44,1318.698468,
2022-11-07 13:15:00+00:00,0.8385,0.8409,0.8397,0.8385,1179.79,0.8394,990.315726,1179.79,990.315726,
2022-11-07 13:20:00+00:00,0.8355,0.8384,0.8378,0.837,941.71,0.837175,788.37606925,941.71,788.37606925,
2022-11-07 13:25:00+00:00,0.8366,0.8376,0.8372,0.837,1508.86,0.8371,1263.066706,1508.86,1263.066706,
2022-11-07 13:30:00+00:00,0.8372,0.8381,0.8373,0.8378,163.99,0.8376,137.358024,163.99,137.358024,
2022-11-07 13:35:00+00:00,0.8376,0.8395,0.8378,0.8383,74.84,0.8383,62.738372,74.84,62.738372,
2022-11-07 13:40:00+00:00,0.837,0.839,0.8388,0.837,1595.38,0.83795,1336.848671,1595.38,1336.848671,
2022-11-07 13:45:00+00:00,0.836,0.8382,0.8376,0.836,1304.23,0.83695,1091.5752985,1304.23,1091.5752985,
2022-11-07 13:50:00+00:00,0.8353,0.8374,0.8356,0.8353,438.81,0.8359,366.801279,438.81,366.801279,
2022-11-07 13:55:00+00:00,0.8349,0.8376,0.8349,0.8364,6454.67,0.83595,5395.7813865,6454.67,5395.7813865,
2022-11-07 14:00:00+00:00,0.8358,0.8375,0.8367,0.836,1730.09,0.8365,1447.220285,1730.09,1447.220285,
2022-11-07 14:05:00+00:00,0.8342,0.8366,0.8363,0.8342,1635.12,0.835325,1365.856614,1635.12,1365.856614,
2022-11-07 14:10:00+00:00,0.8335,0.8351,0.835,0.834,1403.0,0.8344,1170.6632,1403.0,1170.6632,
2022-11-07 14:15:00+00:00,0.8337,0.8372,0.8337,0.8372,960.33,0.83545,802.3076985,960.33,802.3076985,
2022-11-07 14:20:00+00:00,0.8356,0.8371,0.8371,0.836,632.66,0.83645,529.188457,632.66,529.188457,
2022-11-07 14:25:00+00:00,0.8356,0.8372,0.8357,0.8372,1203.42,0.836425,1006.5705735,1203.42,1006.5705735,
2022-11-07 14:30:00+00:00,0.8316,0.841,0.8379,0.8347,4796.37,0.8363,4011.204231,4796.37,4011.204231,
2022-11-07 14:35:00+00:00,0.8284,0.8349,0.8349,0.8299,2214.12,0.832025,1842.203193,2214.12,1842.203193,
2022-11-07 14:40:00+00:00,0.8304,0.835,0.8304,0.8323,2079.88,0.832025,1730.512157,2079.88,1730.512157,
2022-11-07 14:45:00+00:00,0.8291,0.834,0.8322,0.8301,7946.32,0.83135,6606.173132,7946.32,6606.173132,
2022-11-07 14:50:00+00:00,0.8266,0.8289,0.8285,0.8287,586.52,0.828175,485.741201,586.52,485.741201,
2022-11-07 14:55:00+00:00,0.8292,0.8318,0.8297,0.8306,3060.22,0.830325,2540.9771715,3060.22,2540.9771715,
2022-11-07 15:00:00+00:00,0.8303,0.8354,0.8307,0.835,3598.92,0.83285,2997.360522,3598.92,2997.360522,
2022-11-07 15:05:00+00:00,0.8346,0.8382,0.836,0.8369,3568.97,0.836425,2985.17573225,3568.97,2985.17573225,
2022-11-07 15:10:00+00:00,0.8354,0.8381,0.8368,0.837,4559.73,0.836825,3815.69605725,4559.73,3815.69605725,
2022-11-07 15:15:00+00:00,0.836,0.8419,0.836,0.8415,3264.51,0.83885,2738.4342135,3264.51,2738.4342135,
2022-11-07 15:20:00+00:00,0.8381,0.8419,0.8413,0.8396,14732.55,0.840225,12378.65682375,14732.55,12378.65682375,
2022-11-07 15:25:00+00:00,0.8379,0.8399,0.8397,0.8387,5110.79,0.83905,4288.2083495,5110.79,4288.2083495,
2022-11-07 15:30:00+00:00,0.8362,0.8386,0.8375,0.8375,410.42,0.83745,343.706229,410.42,343.706229,
2022-11-07 15:35:00+00:00,0.8352,0.838,0.838,0.8354,696.32,0.83665,582.576128,696.32,582.576128,
2022-11-07 15:40:00+00:00,0.8359,0.8382,0.8359,0.8375,2276.21,0.836875,1904.90324375,2276.21,1904.90324375,
2022-11-07 15:45:00+00:00,0.837,0.8405,0.837,0.8405,1749.24,0.83875,1467.17505,1749.24,1467.17505,
2022-11-07 15:50:00+00:00,0.8421,0.8454,0.8427,0.8437,5703.61,0.843475,4810.85244475,5703.61,4810.85244475,
2022-11-07 15:55:00+00:00,0.844,0.8465,0.845,0.8463,1015.88,0.84545,858.875746,1015.88,858.875746,
2022-11-07 16:00:00+00:00,0.8441,0.846,0.845,0.846,697.09,0.845275,589.23274975,697.09,589.23274975,
2022-11-07 16:05:00+00:00,0.8416,0.845,0.845,0.8434,7234.1,0.84375,6103.771875,7234.1,6103.771875,
2022-11-07 16:10:00+00:00,0.8404,0.8427,0.8426,0.8419,5712.62,0.8419,4809.454778,5712.62,4809.454778,
2022-11-07 16:15:00+00:00,0.8411,0.8441,0.843,0.8414,2188.19,0.8424,1843.331256,2188.19,1843.331256,
2022-11-07 16:20:00+00:00,0.8405,0.8427,0.841,0.8409,6278.6,0.841275,5282.029215,6278.6,5282.029215,
2022-11-07 16:25:00+00:00,0.8411,0.8446,0.8411,0.8418,11665.5,0.84215,9824.100825,11665.5,9824.100825,
2022-11-07 16:30:00+00:00,0.8416,0.8458,0.8416,0.8444,2623.56,0.84335,2212.579326,2623.56,2212.579326,
2022-11-07 16:35:00+00:00,0.8418,0.8447,0.8447,0.8418,2333.47,0.84325,1967.6985775,2333.47,1967.6985775,
2022-11-07 16:40:00+00:00,0.8389,0.8415,0.8412,0.8389,1528.58,0.840125,1284.1982725,1528.58,1284.1982725,
2022-11-07 16:45:00+00:00,0.8384,0.8405,0.8391,0.8405,3965.96,0.839625,3329.919165,3965.96,3329.919165,
2022-11-07 16:50:00+00:00,0.8379,0.8403,0.8403,0.839,782.33,0.839375,656.66824375,782.33,656.66824375,
2022-11-07 16:55:00+00:00,0.8354,0.8386,0.8386,0.8359,1599.89,0.837125,1339.30791625,1599.89,1339.30791625,
2022-11-07 17:00:00+00:00,0.8355,0.8388,0.8355,0.8379,2455.84,0.836925,2055.353892,2455.84,2055.353892,
2022-11-07 17:05:00+00:00,0.8358,0.8392,0.8379,0.8392,2720.73,0.838025,2280.03975825,2720.73,2280.03975825,
2022-11-07 17:10:00+00:00,0.8384,0.8396,0.839,0.8384,1559.57,0.83885,1308.2452945,1559.57,1308.2452945,
2022-11-07 17:15:00+00:00,0.837,0.8401,0.8383,0.8394,1952.22,0.8387,1637.326914,1952.22,1637.326914,
2022-11-07 17:20:00+00:00,0.8389,0.84,0.839,0.84,777.78,0.839475,652.9268655,777.78,652.9268655,
2022-11-07 17:25:00+00:00,0.8387,0.8398,0.8398,0.8394,2917.7,0.839425,2449.1903225,2917.7,2449.1903225,
2022-11-07 17:30:00+00:00,0.8391,0.8404,0.8394,0.8392,477.41,0.839525,400.79763025,477.41,400.79763025,
2022-11-07 17:35:00+00:00,0.8379,0.8402,0.8388,0.8395,1478.58,0.8391,1240.676478,1478.58,1240.676478,
2022-11-07 17:40:00+00:00,0.8381,0.8403,0.8396,0.84,2019.68,0.8395,1695.52136,2019.68,1695.52136,
2022-11-07 17:45:00+00:00,0.8378,0.8407,0.8403,0.8399,2577.59,0.839675,2164.33788325,2577.59,2164.33788325,
2022-11-07 17:50:00+00:00,0.8383,0.8401,0.8397,0.8398,1075.84,0.839475,903.140784,1075.84,903.140784,
2022-11-07 17:55:00+00:00,0.8395,0.8413,0.8395,0.8413,1209.33,0.8404,1016.320932,1209.33,1016.320932,
2022-11-07 18:00:00+00:00,0.8398,0.8417,0.8416,0.8401,724.71,0.8408,609.336168,724.71,609.336168,
2022-11-07 18:05:00+00:00,0.84,0.8426,0.8401,0.8424,720.45,0.841275,606.09657375,720.45,606.09657375,
2022-11-07 18:10:00+00:00,0.8416,0.8432,0.8424,0.8417,1098.33,0.842225,925.04098425,1098.33,925.04098425,
2022-11-07 18:15:00+00:00,0.8411,0.8434,0.8418,0.8434,29.76,0.842425,25.070568,29.76,25.070568,
2022-11-07 18:20:00+00:00,0.8423,0.8435,0.8429,0.843,1324.19,0.842925,1116.19285575,1324.19,1116.19285575,
2022-11-07 18:25:00+00:00,0.8431,0.8443,0.8431,0.8443,767.25,0.8437,647.328825,767.25,647.328825,
2022-11-07 18:30:00+00:00,0.8428,0.845,0.8431,0.8444,1742.76,0.843825,1470.584457,1742.76,1470.584457,
2022-11-07 18:35:00+00:00,0.8426,0.844,0.844,0.8431,1296.87,0.843425,1093.81257975,1296.87,1093.81257975,
2022-11-07 18:40:00+00:00,0.8421,0.8432,0.8426,0.8432,244.39,0.842775,205.96578225,244.39,205.96578225,
2022-11-07 18:45:00+00:00,0.8408,0.8433,0.8428,0.8423,583.07,0.8423,491.119861,583.07,491.119861,
2022-11-07 18:50:00+00:00,0.8413,0.8431,0.8431,0.8429,969.54,0.8426,816.934404,969.54,816.934404,
2022-11-07 18:55:00+00:00,0.8409,0.8431,0.8431,0.8424,85.85,0.842375,72.31789375,85.85,72.31789375,
2022-11-07 19:00:00+00:00,0.8407,0.8425,0.8415,0.8425,829.98,0.8418,698.677164,829.98,698.677164,
2022-11-07 19:05:00+00:00,0.8407,0.8426,0.8426,0.8422,2256.67,0.842025,1900.17255675,2256.67,1900.17255675,
2022-11-07 19:10:00+00:00,0.8425,0.8438,0.8425,0.8433,424.96,0.843025,358.251904,424.96,358.251904,
2022-11-07 19:15:00+00:00,0.8433,0.8468,0.8433,0.8458,12568.27,0.8448,10617.674496,12568.27,10617.674496,
2022-11-07 19:20:00+00:00,0.8449,0.8467,0.8463,0.8464,540.34,0.846075,457.1681655,540.34,457.1681655,
2022-11-07 19:25:00+00:00,0.8453,0.8466,0.846,0.8456,373.89,0.845875,316.26420375,373.89,316.26420375,
2022-11-07 19:30:00+00:00,0.8454,0.8481,0.8459,0.8476,25808.89,0.84675,21853.6776075,25808.89,21853.6776075,
2022-11-07 19:35:00+00:00,0.8473,0.8517,0.8475,0.8514,7809.38,0.849475,6633.8730755,7809.38,6633.8730755,
2022-11-07 19:40:00+00:00,0.8495,0.8514,0.8512,0.8505,3876.88,0.85065,3297.867972,3876.88,3297.867972,
2022-11-07 19:45:00+00:00,0.8508,0.8523,0.8513,0.8512,1741.73,0.8514,1482.908922,1741.73,1482.908922,
2022-11-07 19:50:00+00:00,0.851,0.8527,0.8518,0.8514,2873.24,0.851725,2447.210339,2873.24,2447.210339,
2022-11-07 19:55:00+00:00,0.8502,0.852,0.8515,0.852,6769.69,0.851425,5763.88330825,6769.69,5763.88330825,
2022-11-07 20:00:00+00:00,0.8489,0.8526,0.8519,0.8496,2205.66,0.85075,1876.465245,2205.66,1876.465245,
2022-11-07 20:05:00+00:00,0.8489,0.8513,0.8503,0.8513,702.17,0.85045,597.1604765,702.17,597.1604765,
2022-11-07 20:10:00+00:00,0.8504,0.8523,0.8514,0.8514,1105.75,0.851375,941.40790625,1105.75,941.40790625,
2022-11-07 20:15:00+00:00,0.851,0.8525,0.852,0.8525,1294.35,0.852,1102.7862,1294.35,1102.7862,
2022-11-07 20:20:00+00:00,0.8521,0.8531,0.8524,0.8529,4363.15,0.852625,3720.13076875,4363.15,3720.13076875,
2022-11-07 20:25:00+00:00,0.8513,0.8533,0.8527,0.8513,5010.33,0.85215,4269.5527095,5010.33,4269.5527095,
2022-11-07 20:30:00+00:00,0.852,0.8544,0.852,0.8529,5918.22,0.852825,5047.2059715,5918.22,5047.2059715,
2022-11-07 20:35:00+00:00,0.8511,0.8552,0.8539,0.8522,15573.73,0.8531,13285.949063,15573.73,13285.949063,
2022-11-07 20:40:00+00:00,0.852,0.8542,0.852,0.8535,3945.93,0.852925,3365.58234525,3945.93,3365.58234525,
2022-11-07 20:45:00+00:00,0.8518,0.8538,0.8535,0.852,1673.89,0.852775,1427.45154475,1673.89,1427.45154475,
2022-11-07 20:50:00+00:00,0.8495,0.852,0.852,0.8495,1169.19,0.85075,994.6883925,1169.19,994.6883925,
2022-11-07 20:55:00+00:00,0.8489,0.8515,0.8497,0.8498,2610.55,0.849975,2218.90223625,2610.55,2218.90223625,
2022-11-07 21:00:00+00:00,0.8477,0.851,0.8506,0.8481,4182.72,0.84935,3552.593232,4182.72,3552.593232,
2022-11-07 21:05:00+00:00,0.8474,0.8505,0.849,0.8483,497.91,0.8488,422.626008,497.91,422.626008,
2022-11-07 21:10:00+00:00,0.8472,0.8493,0.8485,0.8476,3032.27,0.84815,2571.8198005,3032.27,2571.8198005,
2022-11-07 21:15:00+00:00,0.8475,0.8482,0.8482,0.8481,668.55,0.848,566.9304,668.55,566.9304,
2022-11-07 21:20:00+00:00,0.8477,0.8487,0.8484,0.8477,589.77,0.848125,500.19868125,589.77,500.19868125,
2022-11-07 21:25:00+00:00,0.847,0.8495,0.8482,0.8474,2818.96,0.848025,2390.548554,2818.96,2390.548554,
2022-11-07 21:30:00+00:00,0.8441,0.848,0.848,0.8446,564.41,0.846175,477.58963175,564.41,477.58963175,
2022-11-07 21:35:00+00:00,0.8377,0.8431,0.843,0.8377,41834.92,0.840375,35157.020895,41834.92,35157.020895,
2022-11-07 21:40:00+00:00,0.8358,0.8386,0.8386,0.8382,10972.45,0.8378,9192.71861,10972.45,9192.71861,
2022-11-07 21:45:00+00:00,0.8383,0.843,0.8383,0.8409,16069.23,0.840125,13500.16185375,16069.23,13500.16185375,
2022-11-07 21:50:00+00:00,0.8402,0.8434,0.8408,0.8423,1976.78,0.841675,1663.8063065,1976.78,1663.8063065,
2022-11-07 21:55:00+00:00,0.8412,0.8426,0.8422,0.8415,574.35,0.841875,483.53090625,574.35,483.53090625,
2022-11-07 22:00:00+00:00,0.838,0.8409,0.8409,0.838,103.01,0.83945,86.4717445,103.01,86.4717445,
2022-11-07 22:05:00+00:00,0.8365,0.8385,0.8375,0.8369,4263.8,0.83735,3570.29293,4263.8,3570.29293,
2022-11-07 22:10:00+00:00,0.8349,0.8382,0.8375,0.836,4996.09,0.83665,4179.9786985,4996.09,4179.9786985,
2022-11-07 22:15:00+00:00,0.8269,0.838,0.8361,0.8274,6300.46,0.8321,5242.612766,6300.46,5242.612766,
2022-11-07 22:20:00+00:00,0.8241,0.8273,0.8264,0.8241,2845.09,0.825475,2348.55066775,2845.09,2348.55066775,
2022-11-07 22:25:00+00:00,0.82,0.8246,0.8245,0.8222,4501.74,0.822825,3704.1442155,4501.74,3704.1442155,
2022-11-07 22:30:00+00:00,0.8224,0.828,0.8224,0.828,1409.8,0.8252,1163.36696,1409.8,1163.36696,
2022-11-07 22:35:00+00:00,0.8257,0.8289,0.8276,0.8289,1385.27,0.827775,1146.69187425,1385.27,1146.69187425,
2022-11-07 22:40:00+00:00,0.8273,0.8299,0.8276,0.8296,171.9,0.8286,142.43634,171.9,142.43634,
2022-11-07 22:45:00+00:00,0.8282,0.8307,0.829,0.8307,848.71,0.82965,704.1322515,848.71,704.1322515,
2022-11-07 22:50:00+00:00,0.8301,0.8331,0.8301,0.8331,1564.67,0.8316,1301.179572,1564.67,1301.179572,
2022-11-07 22:55:00+00:00,0.8303,0.834,0.8336,0.8326,5458.62,0.832625,4544.9834775,5458.62,4544.9834775,
2022-11-07 23:00:00+00:00,0.8326,0.8347,0.833,0.8345,2098.52,0.8337,1749.536124,2098.52,1749.536124,
2022-11-07 23:05:00+00:00,0.8344,0.8364,0.8344,0.8364,1613.55,0.8354,1347.95967,1613.55,1347.95967,
2022-11-07 23:10:00+00:00,0.8325,0.8366,0.8355,0.8365,1276.5,0.835275,1066.2285375,1276.5,1066.2285375,
2022-11-07 23:15:00+00:00,0.8369,0.84,0.8369,0.84,3794.97,0.83845,3181.8925965,3794.97,3181.8925965,
2022-11-07 23:20:00+00:00,0.8399,0.843,0.8406,0.8399,1928.4,0.84085,1621.49514,1928.4,1621.49514,
2022-11-07 23:25:00+00:00,0.8382,0.8414,0.8398,0.8391,2960.28,0.839625,2485.525095,2960.28,2485.525095,
2022-11-07 23:30:00+00:00,0.8362,0.8398,0.8378,0.8386,1153.17,0.8381,966.471777,1153.17,966.471777,
2022-11-07 23:35:00+00:00,0.837,0.8409,0.8375,0.8409,1882.28,0.839075,1579.374091,1882.28,1579.374091,
2022-11-07 23:40:00+00:00,0.8377,0.8408,0.8384,0.8408,1301.64,0.839425,1092.629157,1301.64,1092.629157,
2022-11-07 23:45:00+00:00,0.8381,0.8408,0.8389,0.8408,652.66,0.83965,548.005969,652.66,548.005969,
2022-11-07 23:50:00+00:00,0.8384,0.8413,0.8397,0.8413,627.67,0.840175,527.35264225,627.67,527.35264225,
2022-11-07 23:55:00+00:00,0.8394,0.8417,0.8409,0.8401,1599.52,0.840525,1344.436548,1599.52,1344.436548,
2022-11-08 00:00:00+00:00,0.8386,0.8454,0.8386,0.8439,1097.86,0.841625,923.9864225,1097.86,923.9864225,
2022-11-08 00:05:00+00:00,0.8437,0.8456,0.8447,0.8438,2369.03,0.84445,2000.5273835,2369.03,2000.5273835,
2022-11-08 00:10:00+00:00,0.8406,0.8449,0.8439,0.8445,2987.48,0.843475,2519.864693,2987.48,2519.864693,
2022-11-08 00:15:00+00:00,0.8395,0.8457,0.8452,0.8411,1889.03,0.842875,1592.21616125,1889.03,1592.21616125,
2022-11-08 00:20:00+00:00,0.8384,0.8406,0.84,0.8384,888.83,0.83935,746.0394605,888.83,746.0394605,
2022-11-08 00:25:00+00:00,0.8385,0.8415,0.8386,0.8389,1119.73,0.839375,939.87336875,1119.73,939.87336875,
2022-11-08 00:30:00+00:00,0.839,0.8418,0.839,0.8414,519.92,0.8403,436.888776,519.92,436.888776,
2022-11-08 00:35:00+00:00,0.8405,0.844,0.8405,0.8416,707.84,0.84165,595.753536,707.84,595.753536,
2022-11-08 00:40:00+00:00,0.8402,0.843,0.8404,0.8428,782.43,0.8416,658.493088,782.43,658.493088,
2022-11-08 00:45:00+00:00,0.8391,0.8438,0.8403,0.8438,1207.62,0.84175,1016.514135,1207.62,1016.514135,
2022-11-08 00:50:00+00:00,0.838,0.8438,0.8438,0.8407,1873.69,0.841575,1576.85066175,1873.69,1576.85066175,
2022-11-08 00:55:00+00:00,0.8364,0.8417,0.8411,0.8379,3385.63,0.839275,2841.47461825,3385.63,2841.47461825,
2022-11-08 01:00:00+00:00,0.8351,0.8401,0.8384,0.8401,1129.96,0.838425,947.386713,1129.96,947.386713,
2022-11-08 01:05:00+00:00,0.838,0.8412,0.8405,0.8401,1962.48,0.83995,1648.385076,1962.48,1648.385076,
2022-11-08 01:10:00+00:00,0.8374,0.842,0.8395,0.8417,2100.61,0.84015,1764.8274915,2100.61,1764.8274915,
2022-11-08 01:15:00+00:00,0.84,0.8483,0.8414,0.8483,1251.39,0.8445,1056.798855,1251.39,1056.798855,
2022-11-08 01:20:00+00:00,0.8464,0.8515,0.847,0.8495,1176.92,0.8486,998.734312,1176.92,998.734312,
2022-11-08 01:25:00+00:00,0.8482,0.8507,0.8495,0.8502,734.05,0.84965,623.6855825,734.05,623.6855825,
2022-11-08 01:30:00+00:00,0.8433,0.8492,0.8492,0.8458,2037.31,0.846875,1725.34690625,2037.31,1725.34690625,
2022-11-08 01:35:00+00:00,0.843,0.8457,0.8457,0.843,1411.25,0.84435,1191.5889375,1411.25,1191.5889375,
2022-11-08 01:40:00+00:00,0.8432,0.8498,0.8445,0.8498,1130.49,0.846825,957.32719425,1130.49,957.32719425,
2022-11-08 01:45:00+00:00,0.8474,0.851,0.8494,0.8508,660.62,0.84965,561.295783,660.62,561.295783,
2022-11-08 01:50:00+00:00,0.8505,0.856,0.8505,0.8553,20165.01,0.853075,17202.26590575,20165.01,17202.26590575,
2022-11-08 01:55:00+00:00,0.8554,0.863,0.8554,0.8573,2059.62,0.857775,1766.6905455,2059.62,1766.6905455,
2022-11-08 02:00:00+00:00,0.8562,0.862,0.8577,0.8586,14865.15,0.858625,12763.58941875,14865.15,12763.58941875,
2022-11-08 02:05:00+00:00,0.8571,0.8607,0.8602,0.8571,288.02,0.858775,247.3443755,288.02,247.3443755,
2022-11-08 02:10:00+00:00,0.8555,0.859,0.8564,0.8579,1720.37,0.8572,1474.701164,1720.37,1474.701164,
2022-11-08 02:15:00+00:00,0.8579,0.8616,0.8579,0.8597,999.86,0.859275,859.1547015,999.86,859.1547015,
2022-11-08 02:20:00+00:00,0.8594,0.8615,0.8605,0.8594,373.7,0.8602,321.45674,373.7,321.45674,
2022-11-08 02:25:00+00:00,0.8594,0.863,0.86,0.863,199.54,0.86135,171.873779,199.54,171.873779,
2022-11-08 02:30:00+00:00,0.8592,0.8622,0.8605,0.8602,3392.22,0.860525,2919.0901155,3392.22,2919.0901155,
2022-11-08 02:35:00+00:00,0.8584,0.861,0.8601,0.859,1498.81,0.859625,1288.41454625,1498.81,1288.41454625,
2022-11-08 02:40:00+00:00,0.8579,0.8596,0.8585,0.8589,1583.79,0.858725,1360.04006775,1583.79,1360.04006775,
2022-11-08 02:45:00+00:00,0.8495,0.8595,0.8578,0.8495,1958.7,0.854075,1672.8767025,1958.7,1672.8767025,
2022-11-08 02:50:00+00:00,0.84,0.8508,0.8497,0.8406,4810.87,0.845275,4066.50813925,4810.87,4066.50813925,
2022-11-08 02:55:00+00:00,0.8327,0.8419,0.8393,0.8345,6952.04,0.8371,5819.552684,6952.04,5819.552684,
2022-11-08 03:00:00+00:00,0.8249,0.8343,0.8341,0.8319,33694.34,0.8313,28010.104842,33694.34,28010.104842,
2022-11-08 03:05:00+00:00,0.8257,0.8329,0.8318,0.829,11491.91,0.82985,9536.5615135,11491.91,9536.5615135,
2022-11-08 03:10:00+00:00,0.8284,0.8385,0.8292,0.8333,6471.45,0.83235,5386.5114075,6471.45,5386.5114075,
2022-11-08 03:15:00+00:00,0.8135,0.835,0.8341,0.8151,20819.47,0.824425,17164.09155475,20819.47,17164.09155475,
2022-11-08 03:20:00+00:00,0.81,0.8249,0.8125,0.8218,14769.45,0.8173,12071.071485,14769.45,12071.071485,
2022-11-08 03:25:00+00:00,0.8193,0.8217,0.8209,0.8202,3145.21,0.820525,2580.72343525,3145.21,2580.72343525,
2022-11-08 03:30:00+00:00,0.8197,0.828,0.8197,0.828,2304.61,0.82385,1898.6529485,2304.61,1898.6529485,
2022-11-08 03:35:00+00:00,0.8227,0.8285,0.827,0.8227,1915.03,0.825225,1580.33063175,1915.03,1580.33063175,
2022-11-08 03:40:00+00:00,0.8169,0.8248,0.824,0.8182,15561.21,0.820975,12775.36437975,15561.21,12775.36437975,
2022-11-08 03:45:00+00:00,0.8154,0.8216,0.8177,0.8175,4480.73,0.81805,3665.4611765,4480.73,3665.4611765,
2022-11-08 03:50:00+00:00,0.8131,0.8185,0.8185,0.8133,3751.04,0.81585,3060.285984,3751.04,3060.285984,
2022-11-08 03:55:00+00:00,0.8009,0.8135,0.8135,0.805,9027.53,0.808225,7296.27543425,9027.53,7296.27543425,
2022-11-08 04:00:00+00:00,0.7981,0.8101,0.8043,0.8079,16246.48,0.8051,13080.041048,16246.48,13080.041048,
2022-11-08 04:05:00+00:00,0.7938,0.808,0.8078,0.7938,16405.49,0.80085,13138.3366665,16405.49,13138.3366665,
2022-11-08 04:10:00+00:00,0.765,0.798,0.7949,0.77,100467.94,0.781975,78563.4173815,100467.94,78563.4173815,
2022-11-08 04:15:00+00:00,0.77,0.7792,0.77,0.7735,42144.31,0.773175,32584.92688425,42144.31,32584.92688425,
2022-11-08 04:20:00+00:00,0.7748,0.7863,0.7748,0.7832,11646.67,0.779775,9081.78209925,11646.67,9081.78209925,
2022-11-08 04:25:00+00:00,0.7802,0.7906,0.783,0.7883,41892.49,0.785525,32907.59820725,41892.49,32907.59820725,
2022-11-08 04:30:00+00:00,0.7842,0.7885,0.7885,0.7863,5068.32,0.786875,3988.1343,5068.32,3988.1343,
2022-11-08 04:35:00+00:00,0.7825,0.7876,0.7876,0.7865,2867.82,0.78605,2254.249911,2867.82,2254.249911,
2022-11-08 04:40:00+00:00,0.785,0.7873,0.7856,0.7853,2003.25,0.7858,1574.15385,2003.25,1574.15385,
2022-11-08 04:45:00+00:00,0.781,0.792,0.7844,0.7907,11948.14,0.787025,9403.4848835,11948.14,9403.4848835,
2022-11-08 04:50:00+00:00,0.7824,0.7895,0.7895,0.7824,4049.08,0.78595,3182.374426,4049.08,3182.374426,
2022-11-08 04:55:00+00:00,0.7785,0.7824,0.7824,0.7794,3035.17,0.780675,2369.48133975,3035.17,2369.48133975,
2022-11-08 05:00:00+00:00,0.7776,0.7849,0.7792,0.7824,5643.49,0.781025,4407.70677725,5643.49,4407.70677725,
2022-11-08 05:05:00+00:00,0.778,0.7821,0.7815,0.778,7674.18,0.7799,5985.092982,7674.18,5985.092982,
2022-11-08 05:10:00+00:00,0.7678,0.778,0.778,0.7719,18044.42,0.773925,13965.0277485,18044.42,13965.0277485,
2022-11-08 05:15:00+00:00,0.7731,0.7781,0.7731,0.7735,5458.65,0.77445,4227.4514925,5458.65,4227.4514925,
2022-11-08 05:20:00+00:00,0.755,0.7741,0.7735,0.7604,19984.59,0.76575,15303.1997925,19984.59,15303.1997925,
2022-11-08 05:25:00+00:00,0.7526,0.7669,0.7597,0.7669,14633.53,0.761525,11143.79893325,14633.53,11143.79893325,
2022-11-08 05:30:00+00:00,0.7658,0.77,0.7669,0.7678,11998.18,0.767625,9210.1029225,11998.18,9210.1029225,
2022-11-08 05:35:00+00:00,0.7676,0.7751,0.7676,0.7737,7243.92,0.771,5585.06232,7243.92,5585.06232,
2022-11-08 05:40:00+00:00,0.7702,0.7764,0.7746,0.7764,6907.2,0.7744,5348.93568,6907.2,5348.93568,
2022-11-08 05:45:00+00:00,0.7692,0.7753,0.7753,0.7705,4061.81,0.772575,3138.05286075,4061.81,3138.05286075,
2022-11-08 05:50:00+00:00,0.7656,0.7706,0.7706,0.767,34603.21,0.76845,26590.8367245,34603.21,26590.8367245,
2022-11-08 05:55:00+00:00,0.7663,0.7721,0.7689,0.7677,68423.77,0.76875,52600.7731875,68423.77,52600.7731875,
2022-11-08 06:00:00+00:00,0.7649,0.7678,0.7669,0.7669,7553.54,0.766625,5790.7326025,7553.54,5790.7326025,
2022-11-08 06:05:00+00:00,0.7653,0.7691,0.7669,0.7671,5576.81,0.7671,4277.970951,5576.81,4277.970951,
2022-11-08 06:10:00+00:00,0.7644,0.769,0.7686,0.767,1738.35,0.76725,1333.7490375,1738.35,1333.7490375,
2022-11-08 06:15:00+00:00,0.7642,0.7728,0.7656,0.7717,7389.41,0.768575,5679.31579075,7389.41,5679.31579075,
2022-11-08 06:20:00+00:00,0.7689,0.7746,0.7715,0.7745,567.87,0.772375,438.60859125,567.87,438.60859125,
2022-11-08 06:25:00+00:00,0.7719,0.7755,0.7738,0.7736,6924.37,0.7737,5357.385069,6924.37,5357.385069,
2022-11-08 06:30:00+00:00,0.7727,0.7844,0.7731,0.7817,14858.57,0.777975,11559.59599575,14858.57,11559.59599575,
2022-11-08 06:35:00+00:00,0.7764,0.781,0.7808,0.7806,6346.93,0.7797,4948.701321,6346.93,4948.701321,
2022-11-08 06:40:00+00:00,0.7796,0.7861,0.7803,0.7856,6238.63,0.7829,4884.223427,6238.63,4884.223427,
2022-11-08 06:45:00+00:00,0.7835,0.7865,0.7862,0.7864,5949.34,0.78565,4674.098971,5949.34,4674.098971,
2022-11-08 06:50:00+00:00,0.7811,0.786,0.7846,0.786,2599.87,0.784425,2039.40302475,2599.87,2039.40302475,
2022-11-08 06:55:00+00:00,0.7833,0.7871,0.7858,0.7834,7456.48,0.7849,5852.591152,7456.48,5852.591152,
2022-11-08 07:00:00+00:00,0.7812,0.7848,0.784,0.7848,13989.03,0.7837,10963.202811,13989.03,10963.202811,
2022-11-08 07:05:00+00:00,0.7799,0.7862,0.7851,0.7816,7158.33,0.7832,5606.404056,7158.33,5606.404056,
2022-11-08 07:10:00+00:00,0.7819,0.7855,0.7819,0.7822,4643.86,0.782875,3635.5618975,4643.86,3635.5618975,
2022-11-08 07:15:00+00:00,0.7795,0.7826,0.7813,0.7809,5252.28,0.781075,4102.424601,5252.28,4102.424601,
2022-11-08 07:20:00+00:00,0.7788,0.7818,0.7811,0.7795,3825.92,0.7803,2985.365376,3825.92,2985.365376,
2022-11-08 07:25:00+00:00,0.7802,0.7825,0.7807,0.7808,928.15,0.78105,724.9315575,928.15,724.9315575,
2022-11-08 07:30:00+00:00,0.7803,0.7816,0.7809,0.7813,1866.35,0.781025,1457.66600875,1866.35,1457.66600875,
2022-11-08 07:35:00+00:00,0.7817,0.7876,0.7817,0.7876,13804.82,0.78465,10831.952013,13804.82,10831.952013,
2022-11-08 07:40:00+00:00,0.7827,0.7892,0.7851,0.7892,6698.13,0.78655,5268.4141515,6698.13,5268.4141515,
2022-11-08 07:45:00+00:00,0.7852,0.79,0.7892,0.7895,22138.73,0.788475,17455.83513675,22138.73,17455.83513675,
2022-11-08 07:50:00+00:00,0.7859,0.79,0.7894,0.7884,3773.66,0.788425,2975.2478855,3773.66,2975.2478855,
2022-11-08 07:55:00+00:00,0.7864,0.7902,0.7867,0.7876,2514.12,0.787725,1980.435177,2514.12,1980.435177,
2022-11-08 08:00:00+00:00,0.7831,0.7881,0.7865,0.7848,1371.91,0.785625,1077.80679375,1371.91,1077.80679375,
2022-11-08 08:05:00+00:00,0.7832,0.786,0.7852,0.7842,2758.55,0.78465,2164.4962575,2758.55,2164.4962575,
2022-11-08 08:10:00+00:00,0.7821,0.7849,0.7832,0.783,2965.51,0.7833,2322.883983,2965.51,2322.883983,
2022-11-08 08:15:00+00:00,0.7807,0.7833,0.783,0.781,4099.49,0.782,3205.80118,4099.49,3205.80118,
2022-11-08 08:20:00+00:00,0.78,0.783,0.781,0.7801,11987.71,0.781025,9362.70120275,11987.71,9362.70120275,
2022-11-08 08:25:00+00:00,0.7805,0.7821,0.7805,0.7816,1649.52,0.781175,1288.563786,1649.52,1288.563786,
2022-11-08 08:30:00+00:00,0.7833,0.7859,0.7833,0.7859,1327.8,0.7846,1041.79188,1327.8,1041.79188,
2022-11-08 08:35:00+00:00,0.7843,0.7871,0.7859,0.7866,1966.8,0.785975,1545.85563,1966.8,1545.85563,
2022-11-08 08:40:00+00:00,0.7857,0.7876,0.7871,0.7861,1554.05,0.786625,1222.45458125,1554.05,1222.45458125,
2022-11-08 08:45:00+00:00,0.7842,0.7865,0.7855,0.7858,816.23,0.7855,641.148665,816.23,641.148665,
2022-11-08 08:50:00+00:00,0.7832,0.7856,0.7856,0.7839,3021.36,0.784575,2370.483522,3021.36,2370.483522,
2022-11-08 08:55:00+00:00,0.7828,0.785,0.7844,0.7828,438.12,0.78375,343.37655,438.12,343.37655,
2022-11-08 09:00:00+00:00,0.7828,0.7854,0.7836,0.7828,1459.61,0.78365,1143.8233765,1459.61,1143.8233765,
2022-11-08 09:05:00+00:00,0.7836,0.7863,0.7836,0.7846,935.88,0.784525,734.221257,935.88,734.221257,
2022-11-08 09:10:00+00:00,0.7841,0.7863,0.7862,0.7857,1647.35,0.785575,1294.11697625,1647.35,1294.11697625,
2022-11-08 09:15:00+00:00,0.7839,0.7877,0.7872,0.7864,707.38,0.7863,556.212894,707.38,556.212894,
2022-11-08 09:20:00+00:00,0.7843,0.7879,0.7861,0.785,1644.75,0.785825,1292.48566875,1644.75,1292.48566875,
2022-11-08 09:25:00+00:00,0.7853,0.7891,0.7853,0.7867,879.95,0.7866,692.16867,879.95,692.16867,
2022-11-08 09:30:00+00:00,0.7881,0.7902,0.7884,0.7902,77.62,0.789225,61.2596445,77.62,61.2596445,
2022-11-08 09:35:00+00:00,0.7872,0.791,0.7895,0.7892,3406.79,0.789225,2688.72383775,3406.79,2688.72383775,
2022-11-08 09:40:00+00:00,0.7898,0.7927,0.79,0.7922,3029.11,0.791175,2396.55610425,3029.11,2396.55610425,
2022-11-08 09:45:00+00:00,0.7889,0.793,0.791,0.7908,5246.85,0.790925,4149.86483625,5246.85,4149.86483625,
2022-11-08 09:50:00+00:00,0.788,0.7909,0.7897,0.789,3145.96,0.7894,2483.420824,3145.96,2483.420824,
2022-11-08 09:55:00+00:00,0.7873,0.791,0.7882,0.7893,2024.5,0.78895,1597.229275,2024.5,1597.229275,
2022-11-08 10:00:00+00:00,0.7869,0.7896,0.7892,0.7874,1257.78,0.788275,991.4765295,1257.78,991.4765295,
2022-11-08 10:05:00+00:00,0.7861,0.79,0.79,0.7883,67.44,0.7886,53.183184,67.44,53.183184,
2022-11-08 10:10:00+00:00,0.787,0.7918,0.7892,0.7916,7550.03,0.7899,5963.768697,7550.03,5963.768697,
2022-11-08 10:15:00+00:00,0.7897,0.7921,0.7913,0.7897,1654.52,0.7907,1308.228964,1654.52,1308.228964,
2022-11-08 10:20:00+00:00,0.7859,0.79,0.7893,0.7859,3789.47,0.787775,2985.24972925,3789.47,2985.24972925,
2022-11-08 10:25:00+00:00,0.7837,0.7877,0.7867,0.7837,2004.86,0.78545,1574.717287,2004.86,1574.717287,
2022-11-08 10:30:00+00:00,0.7846,0.7867,0.7853,0.785,1855.3,0.7854,1457.15262,1855.3,1457.15262,
2022-11-08 10:35:00+00:00,0.7849,0.7865,0.7858,0.7852,546.24,0.7856,429.126144,546.24,429.126144,
2022-11-08 10:40:00+00:00,0.7853,0.7873,0.7853,0.7855,8307.78,0.78585,6528.668913,8307.78,6528.668913,
2022-11-08 10:45:00+00:00,0.7856,0.7892,0.7859,0.789,4170.33,0.787425,3283.82210025,4170.33,3283.82210025,
2022-11-08 10:50:00+00:00,0.7871,0.7893,0.7878,0.7877,9804.05,0.787975,7725.34629875,9804.05,7725.34629875,
2022-11-08 10:55:00+00:00,0.7841,0.787,0.7861,0.7855,7062.57,0.785675,5548.88468475,7062.57,5548.88468475,
2022-11-08 11:00:00+00:00,0.7788,0.7858,0.7848,0.7843,5089.31,0.783425,3987.09268675,5089.31,3987.09268675,
2022-11-08 11:05:00+00:00,0.7848,0.7882,0.7858,0.7876,899.35,0.7866,707.42871,899.35,707.42871,
2022-11-08 11:10:00+00:00,0.785,0.7887,0.7885,0.7887,1891.79,0.787725,1490.21027775,1891.79,1490.21027775,
2022-11-08 11:15:00+00:00,0.7872,0.7898,0.7887,0.7889,2145.05,0.78865,1691.6936825,2145.05,1691.6936825,
2022-11-08 11:20:00+00:00,0.7868,0.7886,0.7886,0.7879,2431.28,0.787975,1915.787858,2431.28,1915.787858,
2022-11-08 11:25:00+00:00,0.7857,0.7886,0.7873,0.7857,1993.06,0.786825,1568.1894345,1993.06,1568.1894345,
2022-11-08 11:30:00+00:00,0.783,0.787,0.7855,0.783,1723.74,0.784625,1352.4894975,1723.74,1352.4894975,
2022-11-08 11:35:00+00:00,0.7829,0.786,0.7829,0.784,3812.59,0.78395,2988.8799305,3812.59,2988.8799305,
2022-11-08 11:40:00+00:00,0.7835,0.7855,0.784,0.7843,2598.53,0.784325,2038.09204225,2598.53,2038.09204225,
2022-11-08 11:45:00+00:00,0.7828,0.7855,0.784,0.7834,3390.14,0.783925,2657.6154995,3390.14,2657.6154995,
2022-11-08 11:50:00+00:00,0.7815,0.784,0.784,0.7815,431.28,0.78275,337.58442,431.28,337.58442,
2022-11-08 11:55:00+00:00,0.7818,0.7834,0.7822,0.7824,4649.91,0.78245,3638.3220795,4649.91,3638.3220795,
2022-11-08 12:00:00+00:00,0.7809,0.7835,0.7822,0.7821,1105.6,0.782175,864.77268,1105.6,864.77268,
2022-11-08 12:05:00+00:00,0.7834,0.7856,0.7835,0.7845,816.03,0.78425,639.9715275,816.03,639.9715275,
2022-11-08 12:10:00+00:00,0.7837,0.7865,0.7856,0.7865,2130.04,0.785575,1673.306173,2130.04,1673.306173,
2022-11-08 12:15:00+00:00,0.783,0.7861,0.7861,0.7845,1822.13,0.784925,1430.23539025,1822.13,1430.23539025,
2022-11-08 12:20:00+00:00,0.7828,0.7849,0.7828,0.7836,2348.07,0.783525,1839.77154675,2348.07,1839.77154675,
2022-11-08 12:25:00+00:00,0.7823,0.7838,0.7838,0.7828,2875.94,0.783175,2252.3643095,2875.94,2252.3643095,
2022-11-08 12:30:00+00:00,0.7813,0.7838,0.7821,0.7818,2747.44,0.78225,2149.18494,2747.44,2149.18494,
2022-11-08 12:35:00+00:00,0.7782,0.7821,0.7821,0.7782,16505.53,0.78015,12876.7892295,16505.53,12876.7892295,
2022-11-08 12:40:00+00:00,0.777,0.7798,0.7781,0.7781,4037.02,0.77825,3141.810815,4037.02,3141.810815,
2022-11-08 12:45:00+00:00,0.7778,0.7806,0.7778,0.7806,4584.8,0.7792,3572.47616,4584.8,3572.47616,
2022-11-08 12:50:00+00:00,0.7807,0.7825,0.7807,0.7814,14552.34,0.781325,11370.1070505,14552.34,11370.1070505,
2022-11-08 12:55:00+00:00,0.7813,0.7851,0.7826,0.7851,5113.63,0.783525,4006.65694575,5113.63,4006.65694575,
2022-11-08 13:00:00+00:00,0.7829,0.7854,0.7838,0.7836,788.31,0.783925,617.97591675,788.31,617.97591675,
2022-11-08 13:05:00+00:00,0.7828,0.7842,0.7835,0.784,3371.67,0.783625,2642.12490375,3371.67,2642.12490375,
2022-11-08 13:10:00+00:00,0.7819,0.7845,0.7845,0.7824,2769.74,0.783325,2169.6065855,2769.74,2169.6065855,
2022-11-08 13:15:00+00:00,0.7798,0.7839,0.7831,0.7799,6913.76,0.781675,5404.313348,6913.76,5404.313348,
2022-11-08 13:20:00+00:00,0.7789,0.7813,0.7801,0.7792,5117.83,0.779875,3991.26767125,5117.83,3991.26767125,
2022-11-08 13:25:00+00:00,0.7789,0.7819,0.7789,0.7801,4313.16,0.77995,3364.049142,4313.16,3364.049142,
2022-11-08 13:30:00+00:00,0.7779,0.7808,0.7801,0.78,825.21,0.7797,643.416237,825.21,643.416237,
2022-11-08 13:35:00+00:00,0.7802,0.781,0.7802,0.7807,94.65,0.780525,73.87669125,94.65,73.87669125,
2022-11-08 13:40:00+00:00,0.7797,0.7824,0.7802,0.78,740.82,0.780575,578.2655715,740.82,578.2655715,
2022-11-08 13:45:00+00:00,0.7799,0.782,0.7804,0.7809,886.54,0.7808,692.210432,886.54,692.210432,
2022-11-08 13:50:00+00:00,0.7752,0.7816,0.781,0.778,3240.51,0.77895,2524.1952645,3240.51,2524.1952645,
2022-11-08 13:55:00+00:00,0.7744,0.7779,0.7779,0.775,6772.95,0.7763,5257.841085,6772.95,5257.841085,
2022-11-08 14:00:00+00:00,0.775,0.7802,0.777,0.78,3046.51,0.77805,2370.3371055,3046.51,2370.3371055,
2022-11-08 14:05:00+00:00,0.777,0.7831,0.7825,0.777,1766.15,0.7799,1377.420385,1766.15,1377.420385,
2022-11-08 14:10:00+00:00,0.7772,0.7801,0.7772,0.7795,2873.99,0.7785,2237.401215,2873.99,2237.401215,
2022-11-08 14:15:00+00:00,0.772,0.7792,0.7782,0.7725,3809.8,0.775475,2954.404655,3809.8,2954.404655,
2022-11-08 14:20:00+00:00,0.7713,0.7743,0.7723,0.7719,18139.66,0.77245,14011.980367,18139.66,14011.980367,
2022-11-08 14:25:00+00:00,0.772,0.7771,0.772,0.7737,20130.0,0.7737,15574.581,20130.0,15574.581,
2022-11-08 14:30:00+00:00,0.7689,0.7721,0.7716,0.7698,4346.15,0.7706,3349.14319,4346.15,3349.14319,
2022-11-08 14:35:00+00:00,0.764,0.7702,0.7702,0.7647,10733.64,0.767275,8235.653631,10733.64,8235.653631,
2022-11-08 14:40:00+00:00,0.7612,0.769,0.7651,0.769,5477.82,0.766075,4196.4209565,5477.82,4196.4209565,
2022-11-08 14:45:00+00:00,0.7661,0.771,0.7696,0.7688,7451.9,0.768875,5729.5796125,7451.9,5729.5796125,
2022-11-08 14:50:00+00:00,0.7681,0.7785,0.769,0.7777,13492.2,0.773325,10433.855565,13492.2,10433.855565,
2022-11-08 14:55:00+00:00,0.7729,0.7783,0.7783,0.7729,2165.01,0.7756,1679.181756,2165.01,1679.181756,
2022-11-08 15:00:00+00:00,0.772,0.777,0.7733,0.773,4538.49,0.773825,3511.99702425,4538.49,3511.99702425,
2022-11-08 15:05:00+00:00,0.7732,0.777,0.7732,0.776,2689.23,0.77485,2083.7498655,2689.23,2083.7498655,
2022-11-08 15:10:00+00:00,0.7763,0.7776,0.7776,0.7766,2029.18,0.777025,1576.7235895,2029.18,1576.7235895,
2022-11-08 15:15:00+00:00,0.7724,0.778,0.7765,0.7724,2344.74,0.774825,1816.7631705,2344.74,1816.7631705,
2022-11-08 15:20:00+00:00,0.7673,0.774,0.7732,0.7673,6087.24,0.77045,4689.914058,6087.24,4689.914058,
2022-11-08 15:25:00+00:00,0.7633,0.7688,0.7675,0.7636,4782.28,0.7658,3662.270024,4782.28,3662.270024,
2022-11-08 15:30:00+00:00,0.7638,0.7717,0.7638,0.7717,2916.67,0.76775,2239.2733925,2916.67,2239.2733925,
2022-11-08 15:35:00+00:00,0.7698,0.7766,0.7714,0.7745,3231.48,0.773075,2498.176401,3231.48,2498.176401,
2022-11-08 15:40:00+00:00,0.7722,0.7766,0.7747,0.7752,4716.44,0.774675,3653.708157,4716.44,3653.708157,
2022-11-08 15:45:00+00:00,0.7738,0.78,0.7745,0.78,5654.82,0.777075,4394.2192515,5654.82,4394.2192515,
2022-11-08 15:50:00+00:00,0.7802,0.7836,0.7806,0.7831,12892.94,0.781875,10080.6674625,12892.94,10080.6674625,
2022-11-08 15:55:00+00:00,0.7827,0.7865,0.7832,0.7865,1855.91,0.784725,1456.37897475,1855.91,1456.37897475,
2022-11-08 16:00:00+00:00,0.7811,0.7931,0.7863,0.793,8226.73,0.788375,6485.74826375,8226.73,6485.74826375,
2022-11-08 16:05:00+00:00,0.79,0.8124,0.7931,0.8124,22394.14,0.801975,17959.5404265,22394.14,17959.5404265,
2022-11-08 16:10:00+00:00,0.803,0.8219,0.8123,0.8114,40903.52,0.81215,33219.793768,40903.52,33219.793768,
2022-11-08 16:15:00+00:00,0.8034,0.8143,0.8133,0.8034,12672.8,0.8086,10247.22608,12672.8,10247.22608,
2022-11-08 16:20:00+00:00,0.8042,0.8141,0.8043,0.8136,20653.76,0.80905,16709.924528,20653.76,16709.924528,
2022-11-08 16:25:00+00:00,0.8113,0.8155,0.8138,0.8116,5080.75,0.81305,4130.9037875,5080.75,4130.9037875,
2022-11-08 16:30:00+00:00,0.8109,0.8249,0.8119,0.8203,20169.35,0.817,16478.35895,20169.35,16478.35895,
2022-11-08 16:35:00+00:00,0.8174,0.8217,0.819,0.8194,19795.69,0.819375,16220.09349375,19795.69,16220.09349375,
2022-11-08 16:40:00+00:00,0.8196,0.8262,0.8198,0.8232,13773.11,0.8222,11324.251042,13773.11,11324.251042,
2022-11-08 16:45:00+00:00,0.815,0.8257,0.8236,0.8161,9065.69,0.8201,7434.772369,9065.69,7434.772369,
2022-11-08 16:50:00+00:00,0.8119,0.8171,0.817,0.812,5113.77,0.8145,4165.165665,5113.77,4165.165665,
2022-11-08 16:55:00+00:00,0.806,0.8131,0.8117,0.8096,4133.95,0.8101,3348.912895,4133.95,3348.912895,
2022-11-08 17:00:00+00:00,0.8038,0.8131,0.8096,0.8044,16233.01,0.807725,13111.80800225,16233.01,13111.80800225,
2022-11-08 17:05:00+00:00,0.8019,0.8089,0.805,0.8063,4563.05,0.805525,3675.65085125,4563.05,3675.65085125,
2022-11-08 17:10:00+00:00,0.8012,0.8079,0.807,0.8012,1494.8,0.804325,1202.30501,1494.8,1202.30501,
2022-11-08 17:15:00+00:00,0.7954,0.8019,0.8019,0.7954,3474.1,0.79865,2774.589965,3474.1,2774.589965,
2022-11-08 17:20:00+00:00,0.7854,0.7936,0.7934,0.788,12466.44,0.7901,9849.734244,12466.44,9849.734244,
2022-11-08 17:25:00+00:00,0.7812,0.7902,0.7885,0.7889,4567.47,0.7872,3595.512384,4567.47,3595.512384,
2022-11-08 17:30:00+00:00,0.7865,0.7977,0.7882,0.7967,4088.86,0.792275,3239.5015565,4088.86,3239.5015565,
2022-11-08 17:35:00+00:00,0.7887,0.7957,0.794,0.793,7386.76,0.79285,5856.592666,7386.76,5856.592666,
2022-11-08 17:40:00+00:00,0.7846,0.7936,0.7934,0.7855,5813.21,0.789275,4588.22132275,5813.21,4588.22132275,
2022-11-08 17:45:00+00:00,0.7781,0.7849,0.7849,0.7833,5152.19,0.7828,4033.134332,5152.19,4033.134332,
2022-11-08 17:50:00+00:00,0.7635,0.7827,0.7827,0.7687,14964.51,0.7744,11588.516544,14964.51,11588.516544,
2022-11-08 17:55:00+00:00,0.7601,0.7705,0.7691,0.7601,11070.44,0.76495,8468.333078,11070.44,8468.333078,
2022-11-08 18:00:00+00:00,0.761,0.771,0.7613,0.761,3250.75,0.763575,2482.19143125,3250.75,2482.19143125,
2022-11-08 18:05:00+00:00,0.7339,0.7626,0.7605,0.7369,122579.6,0.748475,91747.76611,122579.6,91747.76611,
2022-11-08 18:10:00+00:00,0.7341,0.7469,0.7361,0.7437,32122.36,0.7402,23776.970872,32122.36,23776.970872,
2022-11-08 18:15:00+00:00,0.7252,0.7444,0.7434,0.7269,32410.3,0.734975,23820.7602425,32410.3,23820.7602425,
2022-11-08 18:20:00+00:00,0.706,0.7305,0.727,0.727,109238.06,0.722625,78938.1531075,109238.06,78938.1531075,
2022-11-08 18:25:00+00:00,0.722,0.7306,0.7256,0.7306,13444.31,0.7272,9776.702232,13444.31,9776.702232,
2022-11-08 18:30:00+00:00,0.7248,0.7394,0.7285,0.7389,18827.1,0.7329,13798.38159,18827.1,13798.38159,
2022-11-08 18:35:00+00:00,0.7281,0.7401,0.7401,0.7286,29042.18,0.734225,21323.4946105,29042.18,21323.4946105,
2022-11-08 18:40:00+00:00,0.716,0.7304,0.7291,0.7244,57146.23,0.724975,41429.58809425,57146.23,41429.58809425,
2022-11-08 18:45:00+00:00,0.7235,0.7307,0.7241,0.7304,18089.02,0.727175,13153.8831185,18089.02,13153.8831185,
2022-11-08 18:50:00+00:00,0.7187,0.7363,0.728,0.7262,92770.16,0.7273,67471.737368,92770.16,67471.737368,
2022-11-08 18:55:00+00:00,0.7161,0.727,0.7268,0.7162,42223.78,0.721525,30465.5128645,42223.78,30465.5128645,
2022-11-08 19:00:00+00:00,0.7117,0.7329,0.7152,0.7182,155226.92,0.7195,111685.76894,155226.92,111685.76894,
2022-11-08 19:05:00+00:00,0.7154,0.7249,0.7181,0.7154,98922.06,0.71845,71070.554007,98922.06,71070.554007,
2022-11-08 19:10:00+00:00,0.7081,0.7187,0.7154,0.7094,17631.48,0.7129,12569.482092,17631.48,12569.482092,
2022-11-08 19:15:00+00:00,0.709,0.7159,0.7099,0.713,25105.54,0.71195,17873.889203,25105.54,17873.889203,
2022-11-08 19:20:00+00:00,0.6856,0.7112,0.7112,0.6884,91833.64,0.6991,64200.897724,91833.64,64200.897724,
2022-11-08 19:25:00+00:00,0.6502,0.6959,0.6884,0.652,82973.63,0.671625,55727.16424875,82973.63,55727.16424875,
2022-11-08 19:30:00+00:00,0.6,0.6545,0.6526,0.6523,179110.15,0.63985,114603.6294775,179110.15,114603.6294775,
2022-11-08 19:35:00+00:00,0.6381,0.6848,0.6455,0.6807,69515.19,0.662275,46038.17245725,69515.19,46038.17245725,
2022-11-08 19:40:00+00:00,0.6698,0.6839,0.6798,0.681,77986.92,0.678625,52923.873585,77986.92,52923.873585,
2022-11-08 19:45:00+00:00,0.677,0.6979,0.681,0.6896,96151.64,0.686375,65996.081905,96151.64,65996.081905,
2022-11-08 19:50:00+00:00,0.678,0.6995,0.6899,0.6853,97542.51,0.688175,67126.31681925,97542.51,67126.31681925,
2022-11-08 19:55:00+00:00,0.6793,0.6898,0.6855,0.686,35689.8,0.68515,24452.86647,35689.8,24452.86647,
2022-11-08 20:00:00+00:00,0.6843,0.7003,0.6858,0.6959,33540.57,0.691575,23195.81969775,33540.57,23195.81969775,
2022-11-08 20:05:00+00:00,0.6697,0.6956,0.6956,0.6801,47350.33,0.68525,32446.8136325,47350.33,32446.8136325,
2022-11-08 20:10:00+00:00,0.6712,0.6916,0.6802,0.6872,23154.29,0.68255,15803.9606395,23154.29,15803.9606395,
2022-11-08 20:15:00+00:00,0.6824,0.6927,0.6864,0.6905,37906.54,0.688,26079.69952,37906.54,26079.69952,
2022-11-08 20:20:00+00:00,0.6797,0.6903,0.6898,0.6797,24049.4,0.684875,16470.832825,24049.4,16470.832825,
2022-11-08 20:25:00+00:00,0.6751,0.6836,0.6793,0.6817,31212.63,0.679925,21222.24745275,31212.63,21222.24745275,
2022-11-08 20:30:00+00:00,0.6822,0.6948,0.6828,0.687,37909.56,0.6867,26032.494852,37909.56,26032.494852,
2022-11-08 20:35:00+00:00,0.6851,0.6974,0.6861,0.6931,44270.94,0.690425,30565.7637495,44270.94,30565.7637495,
2022-11-08 20:40:00+00:00,0.6897,0.6971,0.6932,0.6944,30327.69,0.6936,21035.285784,30327.69,21035.285784,
2022-11-08 20:45:00+00:00,0.6916,0.699,0.6935,0.6935,13869.82,0.6944,9631.203008,13869.82,9631.203008,
2022-11-08 20:50:00+00:00,0.6867,0.6929,0.692,0.6909,12612.56,0.690625,8710.54925,12612.56,8710.54925,
2022-11-08 20:55:00+00:00,0.6857,0.691,0.6882,0.6872,14268.56,0.688025,9817.125994,14268.56,9817.125994,
2022-11-08 21:00:00+00:00,0.683,0.6878,0.6862,0.6851,20460.6,0.685525,14026.252815,20460.6,14026.252815,
2022-11-08 21:05:00+00:00,0.6853,0.6906,0.6855,0.6896,13285.65,0.68775,9137.2057875,13285.65,9137.2057875,
2022-11-08 21:10:00+00:00,0.6873,0.6954,0.6886,0.6912,13832.54,0.690625,9553.0979375,13832.54,9553.0979375,
2022-11-08 21:15:00+00:00,0.6815,0.6918,0.6909,0.6815,20942.97,0.686425,14375.77818225,20942.97,14375.77818225,
2022-11-08 21:20:00+00:00,0.6819,0.6857,0.6819,0.685,15798.0,0.683625,10799.90775,15798.0,10799.90775,
2022-11-08 21:25:00+00:00,0.6833,0.6879,0.6844,0.6855,10413.97,0.685275,7136.43329175,10413.97,7136.43329175,
2022-11-08 21:30:00+00:00,0.6833,0.6876,0.6866,0.6871,12804.86,0.68615,8786.054689,12804.86,8786.054689,
2022-11-08 21:35:00+00:00,0.6867,0.6923,0.6871,0.6923,8543.84,0.6896,5891.832064,8543.84,5891.832064,
2022-11-08 21:40:00+00:00,0.6909,0.6972,0.6915,0.6954,14559.24,0.69375,10100.47275,14559.24,10100.47275,
2022-11-08 21:45:00+00:00,0.689,0.6976,0.6955,0.693,14546.41,0.693775,10091.93559775,14546.41,10091.93559775,
2022-11-08 21:50:00+00:00,0.6918,0.6986,0.6924,0.6947,23674.13,0.694375,16438.72401875,23674.13,16438.72401875,
2022-11-08 21:55:00+00:00,0.6901,0.7011,0.6948,0.6956,63511.68,0.6954,44166.022272,63511.68,44166.022272,
2022-11-08 22:00:00+00:00,0.6907,0.6968,0.695,0.6907,17154.22,0.6933,11893.020726,17154.22,11893.020726,
2022-11-08 22:05:00+00:00,0.6894,0.694,0.6903,0.6902,30605.87,0.690975,21147.89102325,30605.87,21147.89102325,
2022-11-08 22:10:00+00:00,0.6891,0.6929,0.6902,0.6929,9878.38,0.691275,6828.6771345,9878.38,6828.6771345,
2022-11-08 22:15:00+00:00,0.6899,0.6972,0.6921,0.6972,14997.76,0.6941,10409.945216,14997.76,10409.945216,
2022-11-08 22:20:00+00:00,0.6962,0.6998,0.6972,0.6987,6047.11,0.697975,4220.73160225,6047.11,4220.73160225,
2022-11-08 22:25:00+00:00,0.6963,0.7049,0.6984,0.6992,47793.15,0.6997,33440.867055,47793.15,33440.867055,
2022-11-08 22:30:00+00:00,0.694,0.7018,0.7009,0.694,23381.98,0.697675,16313.0228965,23381.98,16313.0228965,
2022-11-08 22:35:00+00:00,0.6915,0.698,0.6941,0.6915,3256.16,0.693775,2259.042404,3256.16,2259.042404,
2022-11-08 22:40:00+00:00,0.6916,0.695,0.6916,0.6937,1922.92,0.692975,1332.535487,1922.92,1332.535487,
2022-11-08 22:45:00+00:00,0.6904,0.6975,0.6921,0.6904,4507.8,0.6926,3122.10228,4507.8,3122.10228,
2022-11-08 22:50:00+00:00,0.69,0.6997,0.6904,0.6972,8317.47,0.694325,5775.02735775,8317.47,5775.02735775,
2022-11-08 22:55:00+00:00,0.6951,0.7006,0.6985,0.6965,11452.14,0.697675,7989.8717745,11452.14,7989.8717745,
2022-11-08 23:00:00+00:00,0.693,0.7011,0.695,0.7011,5205.68,0.69755,3631.222084,5205.68,3631.222084,
2022-11-08 23:05:00+00:00,0.696,0.7013,0.7005,0.6988,1895.11,0.69915,1324.9661565,1895.11,1324.9661565,
2022-11-08 23:10:00+00:00,0.6984,0.7145,0.6984,0.7015,64482.57,0.7032,45344.143224,64482.57,45344.143224,
2022-11-08 23:15:00+00:00,0.6959,0.7025,0.7012,0.6985,12852.97,0.699525,8990.97383925,12852.97,8990.97383925,
2022-11-08 23:20:00+00:00,0.6942,0.7008,0.6985,0.7007,13868.27,0.69855,9687.6800085,13868.27,9687.6800085,
2022-11-08 23:25:00+00:00,0.6973,0.7034,0.6996,0.7034,6819.17,0.700925,4779.72673225,6819.17,4779.72673225,
2022-11-08 23:30:00+00:00,0.699,0.7066,0.7034,0.7066,7533.85,0.7039,5303.077015,7533.85,5303.077015,
2022-11-08 23:35:00+00:00,0.7043,0.7153,0.7068,0.7151,38846.22,0.710375,27595.3835325,38846.22,27595.3835325,
2022-11-08 23:40:00+00:00,0.7132,0.717,0.7157,0.717,17753.3,0.715725,12706.4806425,17753.3,12706.4806425,
2022-11-08 23:45:00+00:00,0.711,0.7178,0.7172,0.7125,11148.66,0.714625,7967.1111525,11148.66,7967.1111525,
2022-11-08 23:50:00+00:00,0.7104,0.7177,0.7122,0.7112,47273.0,0.712875,33699.739875,47273.0,33699.739875,
2022-11-08 23:55:00+00:00,0.7099,0.7144,0.7104,0.7128,11122.71,0.711875,7917.97918125,11122.71,7917.97918125,
2022-11-09 00:00:00+00:00,0.7019,0.7146,0.7124,0.7021,12153.79,0.70775,8601.8448725,12153.79,8601.8448725,
2022-11-09 00:05:00+00:00,0.6975,0.7091,0.7015,0.6983,24202.26,0.7016,16980.305616,24202.26,16980.305616,
2022-11-09 00:10:00+00:00,0.6971,0.7033,0.6985,0.7011,12338.26,0.7,8636.782,12338.26,8636.782,
2022-11-09 00:15:00+00:00,0.702,0.7128,0.702,0.7122,11390.84,0.70725,8056.17159,11390.84,8056.17159,
2022-11-09 00:20:00+00:00,0.7109,0.717,0.712,0.7137,7549.24,0.7134,5385.627816,7549.24,5385.627816,
2022-11-09 00:25:00+00:00,0.7107,0.7142,0.7138,0.7128,11541.81,0.712875,8227.86780375,11541.81,8227.86780375,
2022-11-09 00:30:00+00:00,0.7131,0.7196,0.7135,0.7152,11069.24,0.71535,7918.380834,11069.24,7918.380834,
2022-11-09 00:35:00+00:00,0.712,0.7157,0.7157,0.713,3321.63,0.7141,2371.975983,3321.63,2371.975983,
2022-11-09 00:40:00+00:00,0.711,0.7152,0.7142,0.7134,3253.77,0.71345,2321.4022065,3253.77,2321.4022065,
2022-11-09 00:45:00+00:00,0.7039,0.714,0.7133,0.7073,2454.33,0.709625,1741.65392625,2454.33,1741.65392625,
2022-11-09 00:50:00+00:00,0.7023,0.708,0.7069,0.705,11954.14,0.70555,8434.243477,11954.14,8434.243477,
2022-11-09 00:55:00+00:00,0.7027,0.7067,0.704,0.7031,2804.36,0.704125,1974.619985,2804.36,1974.619985,
2022-11-09 01:00:00+00:00,0.6996,0.705,0.7017,0.703,5819.43,0.702325,4087.13117475,5819.43,4087.13117475,
2022-11-09 01:05:00+00:00,0.7045,0.712,0.7046,0.711,1553.02,0.708025,1099.5769855,1553.02,1099.5769855,
2022-11-09 01:10:00+00:00,0.7019,0.7116,0.711,0.7037,15046.04,0.70705,10638.302582,15046.04,10638.302582,
2022-11-09 01:15:00+00:00,0.7028,0.7075,0.7044,0.7075,3278.04,0.70555,2312.821122,3278.04,2312.821122,
2022-11-09 01:20:00+00:00,0.7026,0.7097,0.7094,0.7052,2842.53,0.706725,2008.88701425,2842.53,2008.88701425,
2022-11-09 01:25:00+00:00,0.6999,0.7065,0.706,0.6999,4025.24,0.703075,2830.045613,4025.24,2830.045613,
2022-11-09 01:30:00+00:00,0.6999,0.7101,0.6999,0.706,3557.05,0.703975,2504.07427375,3557.05,2504.07427375,
2022-11-09 01:35:00+00:00,0.7024,0.7091,0.7061,0.7024,3093.47,0.705,2180.89635,3093.47,2180.89635,
2022-11-09 01:40:00+00:00,0.7007,0.705,0.7019,0.7015,6914.49,0.702275,4855.87346475,6914.49,4855.87346475,
2022-11-09 01:45:00+00:00,0.7005,0.7043,0.7022,0.7022,3062.55,0.7023,2150.828865,3062.55,2150.828865,
2022-11-09 01:50:00+00:00,0.6982,0.7054,0.702,0.6982,21973.64,0.70095,15402.422958,21973.64,15402.422958,
2022-11-09 01:55:00+00:00,0.6972,0.6996,0.6996,0.6979,9918.87,0.698575,6929.07461025,9918.87,6929.07461025,
2022-11-09 02:00:00+00:00,0.6944,0.6996,0.6973,0.6954,10177.46,0.696675,7090.3819455,10177.46,7090.3819455,
2022-11-09 02:05:00+00:00,0.6931,0.7007,0.6965,0.6931,16197.34,0.69585,11270.919039,16197.34,11270.919039,
2022-11-09 02:10:00+00:00,0.6911,0.7006,0.6919,0.6972,10506.45,0.6952,7304.08404,10506.45,7304.08404,
2022-11-09 02:15:00+00:00,0.6956,0.706,0.6971,0.706,9063.86,0.701175,6355.3520355,9063.86,6355.3520355,
2022-11-09 02:20:00+00:00,0.7031,0.7071,0.7036,0.7052,9082.31,0.70475,6400.7579725,9082.31,6400.7579725,
2022-11-09 02:25:00+00:00,0.6998,0.706,0.7057,0.7014,6739.04,0.703225,4739.061404,6739.04,4739.061404,
2022-11-09 02:30:00+00:00,0.6939,0.7001,0.7001,0.6943,3495.64,0.6971,2436.810644,3495.64,2436.810644,
2022-11-09 02:35:00+00:00,0.6919,0.696,0.6959,0.692,30749.83,0.69395,21338.8445285,30749.83,21338.8445285,
2022-11-09 02:40:00+00:00,0.6849,0.6921,0.6921,0.6856,6892.76,0.688675,4746.871493,6892.76,4746.871493,
2022-11-09 02:45:00+00:00,0.686,0.6885,0.6878,0.6881,1704.14,0.6876,1171.766664,1704.14,1171.766664,
2022-11-09 02:50:00+00:00,0.682,0.6911,0.6886,0.6823,6063.98,0.686,4159.89028,6063.98,4159.89028,
2022-11-09 02:55:00+00:00,0.6749,0.6829,0.6819,0.6753,73409.49,0.67875,49826.6913375,73409.49,49826.6913375,
2022-11-09 03:00:00+00:00,0.6737,0.6784,0.6763,0.6771,14611.79,0.676375,9883.04946125,14611.79,9883.04946125,
2022-11-09 03:05:00+00:00,0.678,0.6853,0.6787,0.6795,8780.07,0.680375,5973.74012625,8780.07,5973.74012625,
2022-11-09 03:10:00+00:00,0.6688,0.6814,0.6795,0.6702,14810.64,0.674975,9996.811734,14810.64,9996.811734,
2022-11-09 03:15:00+00:00,0.67,0.6838,0.6717,0.6833,11677.24,0.6772,7907.826928,11677.24,7907.826928,
2022-11-09 03:20:00+00:00,0.678,0.6867,0.6832,0.6783,8985.73,0.68155,6124.2242815,8985.73,6124.2242815,
2022-11-09 03:25:00+00:00,0.6804,0.6848,0.681,0.6804,8664.32,0.68165,5906.033728,8664.32,5906.033728,
2022-11-09 03:30:00+00:00,0.6742,0.6816,0.6807,0.6758,9466.01,0.678075,6418.66473075,9466.01,6418.66473075,
2022-11-09 03:35:00+00:00,0.6732,0.678,0.6757,0.6732,12245.58,0.675025,8266.0726395,12245.58,8266.0726395,
2022-11-09 03:40:00+00:00,0.6709,0.679,0.6731,0.6789,8011.03,0.675475,5411.25048925,8011.03,5411.25048925,
2022-11-09 03:45:00+00:00,0.6782,0.6851,0.6804,0.6846,7003.32,0.682075,4776.789489,7003.32,4776.789489,
2022-11-09 03:50:00+00:00,0.6833,0.6897,0.6833,0.6891,5541.82,0.68635,3803.628157,5541.82,3803.628157,
2022-11-09 03:55:00+00:00,0.6841,0.6896,0.6896,0.6863,2381.16,0.6874,1636.809384,2381.16,1636.809384,
2022-11-09 04:00:00+00:00,0.682,0.6858,0.6858,0.6825,3702.85,0.684025,2532.84197125,3702.85,2532.84197125,
2022-11-09 04:05:00+00:00,0.6775,0.6826,0.6826,0.6806,14431.37,0.680825,9825.23748025,14431.37,9825.23748025,
2022-11-09 04:10:00+00:00,0.6796,0.6872,0.6804,0.6872,10968.67,0.6836,7498.182812,10968.67,7498.182812,
2022-11-09 04:15:00+00:00,0.6813,0.6884,0.6884,0.6865,8275.38,0.68615,5678.151987,8275.38,5678.151987,
2022-11-09 04:20:00+00:00,0.6848,0.6908,0.6848,0.6866,17228.64,0.68675,11831.76852,17228.64,11831.76852,
2022-11-09 04:25:00+00:00,0.6849,0.6916,0.6862,0.6879,6881.59,0.68765,4732.1253635,6881.59,4732.1253635,
2022-11-09 04:30:00+00:00,0.6882,0.6915,0.6888,0.689,2809.34,0.689375,1936.6887625,2809.34,1936.6887625,
2022-11-09 04:35:00+00:00,0.6841,0.6909,0.6875,0.6841,6658.26,0.68665,4571.894229,6658.26,4571.894229,
2022-11-09 04:40:00+00:00,0.682,0.6857,0.6842,0.682,5535.74,0.683475,3783.5398965,5535.74,3783.5398965,
2022-11-09 04:45:00+00:00,0.6806,0.6892,0.6824,0.6817,10494.35,0.683475,7172.62586625,10494.35,7172.62586625,
2022-11-09 04:50:00+00:00,0.6791,0.6834,0.6811,0.6808,3426.98,0.6811,2334.116078,3426.98,2334.116078,
2022-11-09 04:55:00+00:00,0.6785,0.6834,0.6819,0.6834,8961.24,0.6818,6109.773432,8961.24,6109.773432,
2022-11-09 05:00:00+00:00,0.679,0.684,0.6836,0.6815,6884.95,0.682025,4695.70802375,6884.95,4695.70802375,
2022-11-09 05:05:00+00:00,0.6759,0.6807,0.6801,0.6762,2108.88,0.678225,1430.295138,2108.88,1430.295138,
2022-11-09 05:10:00+00:00,0.6747,0.6784,0.6766,0.6775,3061.4,0.6768,2071.95552,3061.4,2071.95552,
2022-11-09 05:15:00+00:00,0.678,0.6822,0.6781,0.678,3326.8,0.679075,2259.14671,3326.8,2259.14671,
2022-11-09 05:20:00+00:00,0.676,0.6821,0.6785,0.677,4294.12,0.6784,2913.131008,4294.12,2913.131008,
2022-11-09 05:25:00+00:00,0.6765,0.6916,0.6765,0.6912,7486.27,0.68395,5120.2343665,7486.27,5120.2343665,
2022-11-09 05:30:00+00:00,0.6845,0.6936,0.6912,0.6898,3130.53,0.689775,2159.36133075,3130.53,2159.36133075,
2022-11-09 05:35:00+00:00,0.6869,0.6908,0.6894,0.6869,2041.6,0.6885,1405.6416,2041.6,1405.6416,
2022-11-09 05:40:00+00:00,0.6874,0.6942,0.6874,0.6937,3815.22,0.690675,2635.0770735,3815.22,2635.0770735,
2022-11-09 05:45:00+00:00,0.694,0.6986,0.6951,0.6951,12213.16,0.6957,8496.695412,12213.16,8496.695412,
2022-11-09 05:50:00+00:00,0.6859,0.6963,0.6949,0.6859,3845.17,0.69075,2656.0511775,3845.17,2656.0511775,
2022-11-09 05:55:00+00:00,0.6846,0.6895,0.6868,0.6856,2044.86,0.686625,1404.0519975,2044.86,1404.0519975,
2022-11-09 06:00:00+00:00,0.6836,0.6888,0.6862,0.6876,13958.79,0.68655,9583.4072745,13958.79,9583.4072745,
2022-11-09 06:05:00+00:00,0.6876,0.6941,0.6876,0.691,1833.32,0.690075,1265.128299,1833.32,1265.128299,
2022-11-09 06:10:00+00:00,0.6889,0.6946,0.691,0.6917,8368.61,0.69155,5787.3122455,8368.61,5787.3122455,
2022-11-09 06:15:00+00:00,0.6895,0.6958,0.6916,0.692,8216.93,0.692225,5687.96436925,8216.93,5687.96436925,
2022-11-09 06:20:00+00:00,0.6876,0.6927,0.6924,0.6913,13722.47,0.691,9482.22677,13722.47,9482.22677,
2022-11-09 06:25:00+00:00,0.6908,0.6958,0.6908,0.6943,41353.37,0.692925,28654.78390725,41353.37,28654.78390725,
2022-11-09 06:30:00+00:00,0.6923,0.6968,0.6947,0.6939,9689.55,0.694425,6728.66575875,9689.55,6728.66575875,
2022-11-09 06:35:00+00:00,0.6898,0.6943,0.6943,0.6919,2636.26,0.692575,1825.8077695,2636.26,1825.8077695,
2022-11-09 06:40:00+00:00,0.6899,0.6953,0.6926,0.6941,6125.51,0.692975,4244.82529225,6125.51,4244.82529225,
2022-11-09 06:45:00+00:00,0.6924,0.6993,0.6946,0.6992,2740.53,0.696375,1908.43657875,2740.53,1908.43657875,
2022-11-09 06:50:00+00:00,0.6916,0.7016,0.6987,0.6922,6333.02,0.696025,4407.9402455,6333.02,4407.9402455,
2022-11-09 06:55:00+00:00,0.6873,0.6925,0.6925,0.6876,1250.28,0.689975,862.661943,1250.28,862.661943,
2022-11-09 07:00:00+00:00,0.6879,0.6931,0.688,0.6931,3585.1,0.690525,2475.6011775,3585.1,2475.6011775,
2022-11-09 07:05:00+00:00,0.6921,0.6965,0.693,0.6956,2035.22,0.6943,1413.053246,2035.22,1413.053246,
2022-11-09 07:10:00+00:00,0.6941,0.6983,0.6962,0.6941,2525.65,0.695675,1757.03156375,2525.65,1757.03156375,
2022-11-09 07:15:00+00:00,0.6908,0.6982,0.6942,0.6972,8030.75,0.6951,5582.174325,8030.75,5582.174325,
2022-11-09 07:20:00+00:00,0.6942,0.6977,0.6959,0.695,7246.77,0.6957,5041.577889,7246.77,5041.577889,
2022-11-09 07:25:00+00:00,0.6937,0.6985,0.695,0.6977,4306.86,0.696225,2998.5436035,4306.86,2998.5436035,
2022-11-09 07:30:00+00:00,0.6931,0.6991,0.6972,0.6954,2626.76,0.6962,1828.750312,2626.76,1828.750312,
2022-11-09 07:35:00+00:00,0.6888,0.6937,0.6937,0.6937,12266.09,0.692475,8493.96067275,12266.09,8493.96067275,
2022-11-09 07:40:00+00:00,0.6873,0.6934,0.6934,0.6873,7529.55,0.69035,5198.0248425,7529.55,5198.0248425,
2022-11-09 07:45:00+00:00,0.6825,0.6904,0.6872,0.6835,7827.01,0.6859,5368.546159,7827.01,5368.546159,
2022-11-09 07:50:00+00:00,0.6832,0.6895,0.6832,0.6842,3689.03,0.685025,2527.07777575,3689.03,2527.07777575,
2022-11-09 07:55:00+00:00,0.682,0.6853,0.6846,0.683,2745.03,0.683725,1876.84563675,2745.03,1876.84563675,
2022-11-09 08:00:00+00:00,0.6762,0.6837,0.6823,0.677,2259.89,0.6798,1536.273222,2259.89,1536.273222,
2022-11-09 08:05:00+00:00,0.6739,0.6821,0.6753,0.6764,7908.06,0.676925,5353.1635155,7908.06,5353.1635155,
2022-11-09 08:10:00+00:00,0.6709,0.6769,0.6745,0.671,4883.35,0.673325,3288.08163875,4883.35,3288.08163875,
2022-11-09 08:15:00+00:00,0.6718,0.6784,0.6719,0.6729,2282.07,0.67375,1537.5446625,2282.07,1537.5446625,
2022-11-09 08:20:00+00:00,0.6694,0.6772,0.673,0.6718,6917.12,0.67285,4654.184192,6917.12,4654.184192,
2022-11-09 08:25:00+00:00,0.6677,0.676,0.6711,0.6724,6474.1,0.6718,4349.30038,6474.1,4349.30038,
2022-11-09 08:30:00+00:00,0.6645,0.6742,0.6715,0.666,21777.38,0.66905,14570.156089,21777.38,14570.156089,
2022-11-09 08:35:00+00:00,0.6582,0.6675,0.6646,0.6595,8953.94,0.66245,5931.537553,8953.94,5931.537553,
2022-11-09 08:40:00+00:00,0.6605,0.6729,0.6605,0.6728,3783.99,0.666675,2522.69153325,3783.99,2522.69153325,
2022-11-09 08:45:00+00:00,0.6644,0.6731,0.6728,0.6687,7384.2,0.66975,4945.56795,7384.2,4945.56795,
2022-11-09 08:50:00+00:00,0.6637,0.6695,0.6695,0.6637,5497.56,0.6666,3664.673496,5497.56,3664.673496,
2022-11-09 08:55:00+00:00,0.6613,0.6683,0.664,0.6669,2210.59,0.665125,1470.31867375,2210.59,1470.31867375,
2022-11-09 09:00:00+00:00,0.6593,0.6674,0.6674,0.6615,12137.99,0.6639,8058.411561,12137.99,8058.411561,
2022-11-09 09:05:00+00:00,0.6518,0.6622,0.6614,0.6536,14110.54,0.65725,9274.152415,14110.54,9274.152415,
2022-11-09 09:10:00+00:00,0.6466,0.6537,0.6528,0.6472,17463.54,0.650075,11352.6107655,17463.54,11352.6107655,
2022-11-09 09:15:00+00:00,0.6385,0.6484,0.6467,0.6385,32889.38,0.643025,21148.6935745,32889.38,21148.6935745,
2022-11-09 09:20:00+00:00,0.6381,0.6622,0.6381,0.6559,69864.94,0.648575,45312.6534605,69864.94,45312.6534605,
2022-11-09 09:25:00+00:00,0.6466,0.6562,0.656,0.6472,63661.21,0.6515,41475.278315,63661.21,41475.278315,
2022-11-09 09:30:00+00:00,0.6368,0.6488,0.6472,0.638,32581.24,0.6427,20939.962948,32581.24,20939.962948,
2022-11-09 09:35:00+00:00,0.6362,0.6448,0.6383,0.6362,14794.04,0.638875,9451.542305,14794.04,9451.542305,
2022-11-09 09:40:00+00:00,0.6313,0.6392,0.6359,0.635,23514.21,0.63535,14939.7533235,23514.21,14939.7533235,
2022-11-09 09:45:00+00:00,0.628,0.638,0.6347,0.6319,28163.07,0.63315,17831.4477705,28163.07,17831.4477705,
2022-11-09 09:50:00+00:00,0.6259,0.6353,0.6312,0.6278,29835.99,0.63005,18798.1654995,29835.99,18798.1654995,
2022-11-09 09:55:00+00:00,0.6268,0.6367,0.6287,0.6367,26319.62,0.632225,16639.9217545,26319.62,16639.9217545,
2022-11-09 10:00:00+00:00,0.6367,0.6417,0.6377,0.637,7625.46,0.638275,4867.1404815,7625.46,4867.1404815,
2022-11-09 10:05:00+00:00,0.6287,0.638,0.638,0.6304,33091.15,0.633775,20972.34359125,33091.15,20972.34359125,
2022-11-09 10:10:00+00:00,0.6215,0.6353,0.6306,0.6245,40277.05,0.627975,25292.98047375,40277.05,25292.98047375,
2022-11-09 10:15:00+00:00,0.6185,0.6338,0.6243,0.6198,108319.43,0.6241,67602.156263,108319.43,67602.156263,
2022-11-09 10:20:00+00:00,0.6181,0.6332,0.6185,0.6297,17047.38,0.624875,10652.4815775,17047.38,10652.4815775,
2022-11-09 10:25:00+00:00,0.6216,0.6422,0.6295,0.6357,120654.42,0.63225,76283.757045,120654.42,76283.757045,
2022-11-09 10:30:00+00:00,0.6242,0.6356,0.6356,0.626,130025.64,0.63035,81961.662174,130025.64,81961.662174,
2022-11-09 10:35:00+00:00,0.6248,0.6385,0.6284,0.6364,34432.47,0.632025,21762.18185175,34432.47,21762.18185175,
2022-11-09 10:40:00+00:00,0.6314,0.6368,0.6364,0.6359,11874.0,0.635125,7541.47425,11874.0,7541.47425,
2022-11-09 10:45:00+00:00,0.6348,0.6392,0.6353,0.6385,8345.08,0.63695,5315.398706,8345.08,5315.398706,
2022-11-09 10:50:00+00:00,0.6319,0.6407,0.638,0.6377,34807.33,0.637075,22174.87975975,34807.33,22174.87975975,
2022-11-09 10:55:00+00:00,0.6311,0.6408,0.6379,0.6328,8864.46,0.63565,5634.693999,8864.46,5634.693999,
2022-11-09 11:00:00+00:00,0.6297,0.6358,0.6328,0.6304,17070.57,0.632175,10791.58758975,17070.57,10791.58758975,
2022-11-09 11:05:00+00:00,0.6297,0.6338,0.6309,0.6328,10536.96,0.6318,6657.251328,10536.96,6657.251328,
2022-11-09 11:10:00+00:00,0.6334,0.6419,0.6334,0.641,9934.82,0.637425,6332.7026385,9934.82,6332.7026385,
2022-11-09 11:15:00+00:00,0.6389,0.6448,0.6407,0.6429,31425.3,0.641825,20169.5431725,31425.3,20169.5431725,
2022-11-09 11:20:00+00:00,0.6423,0.6506,0.6428,0.6426,22194.12,0.644575,14305.774899,22194.12,14305.774899,
2022-11-09 11:25:00+00:00,0.6389,0.6441,0.6426,0.6415,8241.2,0.641775,5288.99613,8241.2,5288.99613,
2022-11-09 11:30:00+00:00,0.6396,0.6454,0.641,0.6445,12040.62,0.642625,7737.6034275,12040.62,7737.6034275,
2022-11-09 11:35:00+00:00,0.6404,0.6469,0.6452,0.642,19561.57,0.643625,12590.31549125,19561.57,12590.31549125,
2022-11-09 11:40:00+00:00,0.639,0.643,0.6424,0.6422,4610.66,0.64165,2958.429989,4610.66,2958.429989,
2022-11-09 11:45:00+00:00,0.6407,0.646,0.6421,0.6439,25302.78,0.643175,16274.1155265,25302.78,16274.1155265,
2022-11-09 11:50:00+00:00,0.6424,0.653,0.6436,0.6517,20669.52,0.647675,13387.131366,20669.52,13387.131366,
2022-11-09 11:55:00+00:00,0.648,0.6537,0.6513,0.6528,8681.76,0.65145,5655.732552,8681.76,5655.732552,
2022-11-09 12:00:00+00:00,0.6507,0.6607,0.6525,0.6607,24240.47,0.65615,15905.3843905,24240.47,15905.3843905,
2022-11-09 12:05:00+00:00,0.6522,0.6607,0.6601,0.6574,20913.32,0.6576,13752.599232,20913.32,13752.599232,
2022-11-09 12:10:00+00:00,0.6571,0.6617,0.6575,0.6601,11007.45,0.6591,7255.010295,11007.45,7255.010295,
2022-11-09 12:15:00+00:00,0.6525,0.6609,0.6609,0.6552,12868.1,0.657375,8459.1672375,12868.1,8459.1672375,
2022-11-09 12:20:00+00:00,0.6475,0.6545,0.6545,0.6486,9121.1,0.651275,5940.3444025,9121.1,5940.3444025,
2022-11-09 12:25:00+00:00,0.647,0.6535,0.6502,0.6499,17351.14,0.65015,11280.843671,17351.14,11280.843671,
2022-11-09 12:30:00+00:00,0.6497,0.6538,0.6497,0.6506,15470.53,0.65095,10070.5415035,15470.53,10070.5415035,
2022-11-09 12:35:00+00:00,0.6512,0.6598,0.6517,0.6561,23254.52,0.6547,15224.734244,23254.52,15224.734244,
2022-11-09 12:40:00+00:00,0.6553,0.6621,0.6565,0.66,16804.25,0.658475,11065.17851875,16804.25,11065.17851875,
2022-11-09 12:45:00+00:00,0.6569,0.6653,0.6594,0.6576,16239.19,0.6598,10714.617562,16239.19,10714.617562,
2022-11-09 12:50:00+00:00,0.6545,0.66,0.6573,0.655,13707.82,0.6567,9001.925394,13707.82,9001.925394,
2022-11-09 12:55:00+00:00,0.6499,0.6583,0.6542,0.6583,15313.29,0.655175,10032.88477575,15313.29,10032.88477575,
2022-11-09 13:00:00+00:00,0.6588,0.6622,0.6588,0.6589,15649.2,0.659675,10323.38601,15649.2,10323.38601,
2022-11-09 13:05:00+00:00,0.6492,0.658,0.658,0.6492,18278.39,0.6536,11946.755704,18278.39,11946.755704,
2022-11-09 13:10:00+00:00,0.6489,0.6589,0.6489,0.6554,16406.92,0.653025,10714.128933,16406.92,10714.128933,
2022-11-09 13:15:00+00:00,0.6495,0.6576,0.6564,0.6525,14822.79,0.654,9694.10466,14822.79,9694.10466,
2022-11-09 13:20:00+00:00,0.6513,0.6596,0.6525,0.6551,47723.97,0.654625,31241.30386125,47723.97,31241.30386125,
2022-11-09 13:25:00+00:00,0.6505,0.6574,0.6539,0.6507,3630.06,0.653125,2370.8829375,3630.06,2370.8829375,
2022-11-09 13:30:00+00:00,0.6506,0.6567,0.6511,0.6506,12521.63,0.65225,8167.2331675,12521.63,8167.2331675,
2022-11-09 13:35:00+00:00,0.6485,0.6519,0.6519,0.6516,4827.84,0.650975,3142.803144,4827.84,3142.803144,
2022-11-09 13:40:00+00:00,0.6506,0.66,0.6519,0.659,12454.05,0.655375,8162.07301875,12454.05,8162.07301875,
2022-11-09 13:45:00+00:00,0.6569,0.6606,0.6593,0.6578,14161.47,0.65865,9327.4522155,14161.47,9327.4522155,
2022-11-09 13:50:00+00:00,0.6518,0.6588,0.658,0.6564,11014.79,0.65625,7228.4559375,11014.79,7228.4559375,
2022-11-09 13:55:00+00:00,0.6515,0.6559,0.6552,0.6524,5854.32,0.65375,3827.2617,5854.32,3827.2617,
2022-11-09 14:00:00+00:00,0.6506,0.6565,0.6534,0.6507,8576.41,0.6528,5598.680448,8576.41,5598.680448,
2022-11-09 14:05:00+00:00,0.649,0.6554,0.6497,0.6554,10858.21,0.652375,7083.62474875,10858.21,7083.62474875,
2022-11-09 14:10:00+00:00,0.6555,0.6601,0.6555,0.6566,11503.57,0.656925,7556.98272225,11503.57,7556.98272225,
2022-11-09 14:15:00+00:00,0.6509,0.6584,0.6568,0.6533,10922.97,0.65485,7152.9069045,10922.97,7152.9069045,
2022-11-09 14:20:00+00:00,0.6511,0.657,0.6532,0.657,31629.88,0.654575,20704.128701,31629.88,20704.128701,
2022-11-09 14:25:00+00:00,0.648,0.6572,0.6568,0.65,9089.27,0.653,5935.29331,9089.27,5935.29331,
2022-11-09 14:30:00+00:00,0.6429,0.6507,0.6494,0.6459,37855.31,0.647225,24500.90301475,37855.31,24500.90301475,
2022-11-09 14:35:00+00:00,0.6459,0.6538,0.6459,0.6491,20374.88,0.648675,13216.675284,20374.88,13216.675284,
2022-11-09 14:40:00+00:00,0.6488,0.662,0.6488,0.662,6636.23,0.6554,4349.385142,6636.23,4349.385142,
2022-11-09 14:45:00+00:00,0.6594,0.6705,0.6618,0.6641,19378.61,0.66395,12866.4281095,19378.61,12866.4281095,
2022-11-09 14:50:00+00:00,0.6585,0.6652,0.6648,0.6641,11354.31,0.66315,7529.6106765,11354.31,7529.6106765,
2022-11-09 14:55:00+00:00,0.6581,0.668,0.6649,0.6669,9542.09,0.664475,6340.48025275,9542.09,6340.48025275,
2022-11-09 15:00:00+00:00,0.664,0.6706,0.6656,0.6697,15371.12,0.667475,10259.838322,15371.12,10259.838322,
2022-11-09 15:05:00+00:00,0.666,0.6731,0.6693,0.6699,17626.46,0.669575,11802.2369545,17626.46,11802.2369545,
2022-11-09 15:10:00+00:00,0.6643,0.671,0.6692,0.6652,19896.59,0.667425,13279.48158075,19896.59,13279.48158075,
2022-11-09 15:15:00+00:00,0.6628,0.6704,0.6654,0.6659,7928.74,0.666125,5281.5319325,7928.74,5281.5319325,
2022-11-09 15:20:00+00:00,0.6629,0.6684,0.666,0.6678,22783.82,0.666275,15180.2896705,22783.82,15180.2896705,
2022-11-09 15:25:00+00:00,0.6615,0.6682,0.6677,0.6623,13697.23,0.664925,9107.63065775,13697.23,9107.63065775,
2022-11-09 15:30:00+00:00,0.6519,0.6639,0.662,0.6571,20880.55,0.658725,13754.54029875,20880.55,13754.54029875,
2022-11-09 15:35:00+00:00,0.6447,0.6601,0.6553,0.6516,15978.82,0.652925,10432.9710485,15978.82,10432.9710485,
2022-11-09 15:40:00+00:00,0.6363,0.6537,0.6537,0.6449,74493.19,0.64715,48208.2679085,74493.19,48208.2679085,
2022-11-09 15:45:00+00:00,0.6409,0.6467,0.6454,0.6447,60242.05,0.644425,38821.48307125,60242.05,38821.48307125,
2022-11-09 15:50:00+00:00,0.6402,0.6474,0.6449,0.6407,7047.53,0.6433,4533.676049,7047.53,4533.676049,
2022-11-09 15:55:00+00:00,0.6295,0.6403,0.6403,0.6333,29828.26,0.63585,18966.299121,29828.26,18966.299121,
2022-11-09 16:00:00+00:00,0.6312,0.6448,0.6332,0.6413,24211.55,0.637625,15437.88956875,24211.55,15437.88956875,
2022-11-09 16:05:00+00:00,0.6352,0.6414,0.6414,0.6404,32066.28,0.6396,20509.592688,32066.28,20509.592688,
2022-11-09 16:10:00+00:00,0.6324,0.644,0.6405,0.6331,11429.6,0.6375,7286.37,11429.6,7286.37,
2022-11-09 16:15:00+00:00,0.6301,0.6373,0.6334,0.6302,7406.09,0.63275,4686.2034475,7406.09,4686.2034475,
2022-11-09 16:20:00+00:00,0.6254,0.6317,0.6301,0.6254,16340.69,0.62815,10264.4044235,16340.69,10264.4044235,
2022-11-09 16:25:00+00:00,0.6213,0.6309,0.626,0.6276,24189.87,0.62645,15153.7440615,24189.87,15153.7440615,
2022-11-09 16:30:00+00:00,0.6252,0.6368,0.6267,0.633,10211.25,0.630425,6437.42728125,10211.25,6437.42728125,
2022-11-09 16:35:00+00:00,0.6304,0.6363,0.6338,0.6351,9153.38,0.6339,5802.327582,9153.38,5802.327582,
2022-11-09 16:40:00+00:00,0.6349,0.6478,0.6349,0.6478,14849.15,0.64135,9523.5023525,14849.15,9523.5023525,
2022-11-09 16:45:00+00:00,0.6436,0.6484,0.6467,0.6436,22642.77,0.645575,14617.60624275,22642.77,14617.60624275,
2022-11-09 16:50:00+00:00,0.6416,0.6468,0.6432,0.6431,9590.15,0.643675,6172.93980125,9590.15,6172.93980125,
2022-11-09 16:55:00+00:00,0.6361,0.6444,0.6434,0.6363,7864.07,0.64005,5033.3980035,7864.07,5033.3980035,
2022-11-09 17:00:00+00:00,0.6332,0.6377,0.6371,0.6366,5902.12,0.63615,3754.633638,5902.12,3754.633638,
2022-11-09 17:05:00+00:00,0.6363,0.6425,0.6367,0.6375,10255.36,0.63825,6545.48352,10255.36,6545.48352,
2022-11-09 17:10:00+00:00,0.635,0.6421,0.6378,0.6421,5334.44,0.63925,3410.04077,5334.44,3410.04077,
2022-11-09 17:15:00+00:00,0.6415,0.6461,0.6423,0.6415,6544.23,0.64285,4206.9582555,6544.23,4206.9582555,
2022-11-09 17:20:00+00:00,0.6309,0.641,0.641,0.6311,5388.18,0.636,3426.88248,5388.18,3426.88248,
2022-11-09 17:25:00+00:00,0.6244,0.6329,0.6307,0.6249,8800.16,0.628225,5528.480516,8800.16,5528.480516,
2022-11-09 17:30:00+00:00,0.6252,0.6305,0.6254,0.6304,9946.44,0.627875,6245.121015,9946.44,6245.121015,
2022-11-09 17:35:00+00:00,0.6235,0.6324,0.63,0.6294,18440.76,0.628825,11596.010907,18440.76,11596.010907,
2022-11-09 17:40:00+00:00,0.6281,0.6332,0.6288,0.6281,15087.98,0.62955,9498.637809,15087.98,9498.637809,
2022-11-09 17:45:00+00:00,0.6207,0.6277,0.6275,0.621,17850.24,0.624225,11142.566064,17850.24,11142.566064,
2022-11-09 17:50:00+00:00,0.62,0.629,0.6207,0.6283,3827.47,0.6245,2390.255015,3827.47,2390.255015,
2022-11-09 17:55:00+00:00,0.622,0.629,0.6287,0.622,5377.53,0.625425,3363.24170025,5377.53,3363.24170025,
2022-11-09 18:00:00+00:00,0.6168,0.6226,0.622,0.6168,4385.68,0.61955,2717.148044,4385.68,2717.148044,
2022-11-09 18:05:00+00:00,0.6107,0.6184,0.6181,0.6107,12601.29,0.614475,7743.17767275,12601.29,7743.17767275,
2022-11-09 18:10:00+00:00,0.6104,0.6141,0.613,0.6124,4894.32,0.612475,2997.648642,4894.32,2997.648642,
2022-11-09 18:15:00+00:00,0.6089,0.6129,0.6119,0.609,12644.15,0.610675,7721.46630125,12644.15,7721.46630125,
2022-11-09 18:20:00+00:00,0.6072,0.6122,0.6113,0.6072,16326.52,0.609475,9950.605777,16326.52,9950.605777,
2022-11-09 18:25:00+00:00,0.6021,0.6102,0.607,0.6021,10085.72,0.60535,6105.390602,10085.72,6105.390602,
2022-11-09 18:30:00+00:00,0.601,0.6083,0.602,0.6037,23752.56,0.60375,14340.6081,23752.56,14340.6081,
2022-11-09 18:35:00+00:00,0.6,0.6048,0.6024,0.6003,20133.5,0.601875,12117.8503125,20133.5,12117.8503125,
2022-11-09 18:40:00+00:00,0.5963,0.6011,0.6001,0.5993,26423.65,0.5992,15833.05108,26423.65,15833.05108,
2022-11-09 18:45:00+00:00,0.5959,0.617,0.5993,0.6154,30371.65,0.6069,18432.554385,30371.65,18432.554385,
2022-11-09 18:50:00+00:00,0.6091,0.6166,0.6158,0.6091,12965.7,0.61265,7943.436105,12965.7,7943.436105,
2022-11-09 18:55:00+00:00,0.6052,0.6101,0.6093,0.6069,8338.44,0.607875,5068.729215,8338.44,5068.729215,
2022-11-09 19:00:00+00:00,0.6061,0.6167,0.6066,0.6167,4297.32,0.611525,2627.918613,4297.32,2627.918613,
2022-11-09 19:05:00+00:00,0.614,0.6186,0.6154,0.614,14416.5,0.6155,8873.35575,14416.5,8873.35575,
2022-11-09 19:10:00+00:00,0.6134,0.6191,0.6137,0.6186,6576.48,0.6162,4052.426976,6576.48,4052.426976,
2022-11-09 19:15:00+00:00,0.6143,0.6267,0.618,0.6263,36548.3,0.621325,22708.3724975,36548.3,22708.3724975,
2022-11-09 19:20:00+00:00,0.6233,0.6337,0.6262,0.6328,23368.86,0.629,14699.01294,23368.86,14699.01294,
2022-11-09 19:25:00+00:00,0.6281,0.6315,0.631,0.6315,6073.99,0.630525,3829.80254475,6073.99,3829.80254475,
2022-11-09 19:30:00+00:00,0.6256,0.6323,0.6309,0.6299,12216.34,0.629675,7692.3238895,12216.34,7692.3238895,
2022-11-09 19:35:00+00:00,0.6253,0.636,0.6283,0.6358,7737.4,0.63135,4885.00749,7737.4,4885.00749,
2022-11-09 19:40:00+00:00,0.631,0.6381,0.6352,0.6371,6453.67,0.63535,4100.3392345,6453.67,4100.3392345,
2022-11-09 19:45:00+00:00,0.6303,0.6369,0.6369,0.6304,7269.06,0.633625,4605.8581425,7269.06,4605.8581425,
2022-11-09 19:50:00+00:00,0.6251,0.6304,0.6304,0.6264,8348.01,0.628075,5243.17638075,8348.01,5243.17638075,
2022-11-09 19:55:00+00:00,0.6243,0.6287,0.6262,0.6269,16519.52,0.626525,10349.892268,16519.52,10349.892268,
2022-11-09 20:00:00+00:00,0.6216,0.627,0.626,0.6248,3183.71,0.62485,1989.3411935,3183.71,1989.3411935,
2022-11-09 20:05:00+00:00,0.6217,0.6257,0.6244,0.6223,2386.79,0.623525,1488.22323475,2386.79,1488.22323475,
2022-11-09 20:10:00+00:00,0.6214,0.6258,0.6238,0.6214,4244.01,0.6231,2644.442631,4244.01,2644.442631,
2022-11-09 20:15:00+00:00,0.6231,0.6287,0.6231,0.6283,9979.44,0.6258,6245.133552,9979.44,6245.133552,
2022-11-09 20:20:00+00:00,0.6231,0.632,0.63,0.6232,1711.98,0.627075,1073.5398585,1711.98,1073.5398585,
2022-11-09 20:25:00+00:00,0.622,0.6284,0.6227,0.6264,4103.4,0.624875,2564.112075,4103.4,2564.112075,
2022-11-09 20:30:00+00:00,0.6253,0.6339,0.6268,0.6329,2945.24,0.629725,1854.691259,2945.24,1854.691259,
2022-11-09 20:35:00+00:00,0.6311,0.6381,0.6343,0.6311,13247.84,0.63365,8394.493816,13247.84,8394.493816,
2022-11-09 20:40:00+00:00,0.6105,0.6271,0.6271,0.6166,7168.39,0.620325,4446.73152675,7168.39,4446.73152675,
2022-11-09 20:45:00+00:00,0.615,0.6276,0.616,0.6179,9193.23,0.619125,5691.75852375,9193.23,5691.75852375,
2022-11-09 20:50:00+00:00,0.6135,0.6203,0.62,0.6179,8319.43,0.617925,5140.78378275,8319.43,5140.78378275,
2022-11-09 20:55:00+00:00,0.6139,0.621,0.6179,0.6188,73252.26,0.6179,45262.571454,73252.26,45262.571454,
2022-11-09 21:00:00+00:00,0.6062,0.6191,0.6179,0.6065,22282.74,0.612425,13646.5070445,22282.74,13646.5070445,
2022-11-09 21:05:00+00:00,0.6011,0.6075,0.6065,0.6032,6550.0,0.604575,3959.96625,6550.0,3959.96625,
2022-11-09 21:10:00+00:00,0.5988,0.606,0.6027,0.6036,5429.2,0.602775,3272.58603,5429.2,3272.58603,
2022-11-09 21:15:00+00:00,0.59,0.6035,0.6035,0.5907,20241.4,0.596925,12082.597695,20241.4,12082.597695,
2022-11-09 21:20:00+00:00,0.577,0.59,0.5899,0.5839,32847.71,0.5852,19222.479892,32847.71,19222.479892,
2022-11-09 21:25:00+00:00,0.5577,0.585,0.5837,0.5761,145679.27,0.575625,83856.62979375,145679.27,83856.62979375,
2022-11-09 21:30:00+00:00,0.5694,0.5875,0.5707,0.5875,51538.75,0.578775,29829.34003125,51538.75,29829.34003125,
2022-11-09 21:35:00+00:00,0.5721,0.5878,0.5864,0.5721,14865.63,0.5796,8616.119148,14865.63,8616.119148,
2022-11-09 21:40:00+00:00,0.5572,0.5741,0.5722,0.5609,30179.96,0.5661,17084.875356,30179.96,17084.875356,
2022-11-09 21:45:00+00:00,0.559,0.5679,0.5619,0.5634,14571.07,0.56305,8204.2409635,14571.07,8204.2409635,
2022-11-09 21:50:00+00:00,0.5505,0.5671,0.5642,0.5572,22223.68,0.55975,12439.70488,22223.68,12439.70488,
2022-11-09 21:55:00+00:00,0.5592,0.5668,0.5616,0.561,11711.82,0.56215,6583.799613,11711.82,6583.799613,
2022-11-09 22:00:00+00:00,0.5563,0.5682,0.561,0.5682,11701.79,0.563425,6593.08103075,11701.79,6593.08103075,
2022-11-09 22:05:00+00:00,0.5551,0.5696,0.5682,0.5561,10053.67,0.56225,5652.6759575,10053.67,5652.6759575,
2022-11-09 22:10:00+00:00,0.5535,0.564,0.5561,0.5638,22860.83,0.55935,12787.2052605,22860.83,12787.2052605,
2022-11-09 22:15:00+00:00,0.5613,0.5677,0.5638,0.5634,14155.38,0.56405,7984.342089,14155.38,7984.342089,
2022-11-09 22:20:00+00:00,0.5622,0.5744,0.5627,0.5716,12160.64,0.567725,6903.899344,12160.64,6903.899344,
2022-11-09 22:25:00+00:00,0.5705,0.5742,0.5705,0.5705,4743.28,0.571425,2710.428774,4743.28,2710.428774,
2022-11-09 22:30:00+00:00,0.5632,0.573,0.57,0.5641,9995.95,0.567575,5673.45132125,9995.95,5673.45132125,
2022-11-09 22:35:00+00:00,0.5622,0.566,0.5632,0.5627,10241.19,0.563525,5771.16659475,10241.19,5771.16659475,
2022-11-09 22:40:00+00:00,0.5623,0.5683,0.5635,0.5676,9640.66,0.565425,5451.0701805,9640.66,5451.0701805,
2022-11-09 22:45:00+00:00,0.5661,0.5699,0.5676,0.5666,7434.04,0.56755,4219.189402,7434.04,4219.189402,
2022-11-09 22:50:00+00:00,0.5633,0.5671,0.5655,0.5656,10816.93,0.565375,6115.62179875,10816.93,6115.62179875,
2022-11-09 22:55:00+00:00,0.564,0.5706,0.5661,0.564,6975.51,0.566175,3949.35937425,6975.51,3949.35937425,
2022-11-09 23:00:00+00:00,0.5581,0.5652,0.5634,0.5585,74738.07,0.5613,41950.478691,74738.07,41950.478691,
2022-11-09 23:05:00+00:00,0.5554,0.5706,0.5592,0.5697,10111.38,0.563725,5700.0376905,10111.38,5700.0376905,
2022-11-09 23:10:00+00:00,0.565,0.5749,0.568,0.5688,8753.11,0.569175,4982.05138425,8753.11,4982.05138425,
2022-11-09 23:15:00+00:00,0.5587,0.5699,0.5695,0.5595,8722.28,0.5644,4922.854832,8722.28,4922.854832,
2022-11-09 23:20:00+00:00,0.5558,0.5626,0.5601,0.5566,5585.2,0.558775,3120.87013,5585.2,3120.87013,
2022-11-09 23:25:00+00:00,0.555,0.5599,0.5571,0.5599,10015.21,0.557975,5588.23679975,10015.21,5588.23679975,
2022-11-09 23:30:00+00:00,0.5572,0.5643,0.558,0.5577,14121.45,0.5593,7898.126985,14121.45,7898.126985,
2022-11-09 23:35:00+00:00,0.5537,0.5664,0.5574,0.564,11704.25,0.560375,6558.76909375,11704.25,6558.76909375,
2022-11-09 23:40:00+00:00,0.5643,0.5711,0.565,0.5687,6858.77,0.567275,3890.80875175,6858.77,3890.80875175,
2022-11-09 23:45:00+00:00,0.5629,0.5703,0.5671,0.5655,12693.72,0.56645,7190.357694,12693.72,7190.357694,
2022-11-09 23:50:00+00:00,0.5608,0.5717,0.5652,0.5608,9121.22,0.564625,5150.0688425,9121.22,5150.0688425,
2022-11-09 23:55:00+00:00,0.5606,0.569,0.5606,0.5649,7321.32,0.563775,4127.577183,7321.32,4127.577183,
2022-11-10 00:00:00+00:00,0.5576,0.5655,0.5655,0.5607,19360.52,0.562325,10886.904409,19360.52,10886.904409,
2022-11-10 00:05:00+00:00,0.5598,0.5681,0.5615,0.5639,6392.45,0.563325,3601.02689625,6392.45,3601.02689625,
2022-11-10 00:10:00+00:00,0.5636,0.5835,0.5641,0.5767,31140.34,0.571975,17811.4959715,31140.34,17811.4959715,
2022-11-10 00:15:00+00:00,0.5683,0.5778,0.5773,0.5704,11915.37,0.57345,6832.8689265,11915.37,6832.8689265,
2022-11-10 00:20:00+00:00,0.5698,0.5818,0.5707,0.5807,13962.57,0.57575,8038.9496775,13962.57,8038.9496775,
2022-11-10 00:25:00+00:00,0.5789,0.5842,0.5805,0.5842,12275.81,0.58195,7143.9076295,12275.81,7143.9076295,
2022-11-10 00:30:00+00:00,0.5789,0.5854,0.5846,0.5837,20227.65,0.58315,11795.7540975,20227.65,11795.7540975,
2022-11-10 00:35:00+00:00,0.5831,0.5873,0.584,0.5835,13245.68,0.584475,7741.768818,13245.68,7741.768818,
2022-11-10 00:40:00+00:00,0.5771,0.5852,0.5842,0.58,12611.51,0.581625,7335.16950375,12611.51,7335.16950375,
2022-11-10 00:45:00+00:00,0.5783,0.5906,0.5803,0.5863,28933.16,0.583875,16893.348795,28933.16,16893.348795,
2022-11-10 00:50:00+00:00,0.582,0.5912,0.5876,0.5912,13668.49,0.588,8037.07212,13668.49,8037.07212,
2022-11-10 00:55:00+00:00,0.5883,0.5981,0.5896,0.5931,23306.01,0.592275,13803.56707275,23306.01,13803.56707275,
2022-11-10 01:00:00+00:00,0.591,0.6058,0.5928,0.6028,13935.17,0.5981,8334.625177,13935.17,8334.625177,
2022-11-10 01:05:00+00:00,0.5966,0.6017,0.6017,0.5978,9169.05,0.59945,5496.3870225,9169.05,5496.3870225,
2022-11-10 01:10:00+00:00,0.5911,0.5977,0.5968,0.5959,11738.12,0.595375,6988.583195,11738.12,6988.583195,
2022-11-10 01:15:00+00:00,0.5877,0.5983,0.5964,0.5898,21901.44,0.59305,12988.648992,21901.44,12988.648992,
2022-11-10 01:20:00+00:00,0.5832,0.5906,0.5894,0.5851,10913.31,0.587075,6406.93146825,10913.31,6406.93146825,
2022-11-10 01:25:00+00:00,0.5833,0.5877,0.5845,0.5854,6296.25,0.585225,3684.72290625,6296.25,3684.72290625,
2022-11-10 01:30:00+00:00,0.582,0.5881,0.5854,0.5855,15053.39,0.58525,8809.9964975,15053.39,8809.9964975,
2022-11-10 01:35:00+00:00,0.5842,0.5887,0.5863,0.5842,4594.09,0.58585,2691.4476265,4594.09,2691.4476265,
2022-11-10 01:40:00+00:00,0.579,0.583,0.582,0.583,5086.81,0.58175,2959.2517175,5086.81,2959.2517175,
2022-11-10 01:45:00+00:00,0.5775,0.5825,0.5825,0.5781,8007.31,0.58015,4645.4408965,8007.31,4645.4408965,
2022-11-10 01:50:00+00:00,0.575,0.5791,0.5775,0.5788,5778.43,0.5776,3337.621168,5778.43,3337.621168,
2022-11-10 01:55:00+00:00,0.576,0.5795,0.5788,0.5766,5934.02,0.577725,3428.2317045,5934.02,3428.2317045,
2022-11-10 02:00:00+00:00,0.5729,0.5791,0.5774,0.5733,16955.28,0.575675,9760.730814,16955.28,9760.730814,
2022-11-10 02:05:00+00:00,0.5718,0.575,0.573,0.5739,31828.75,0.573425,18251.40096875,31828.75,18251.40096875,
2022-11-10 02:10:00+00:00,0.5738,0.5765,0.5738,0.5752,4715.4,0.574825,2710.529805,4715.4,2710.529805,
2022-11-10 02:15:00+00:00,0.5747,0.5781,0.5753,0.577,22797.69,0.576275,13137.73880475,22797.69,13137.73880475,
2022-11-10 02:20:00+00:00,0.5778,0.5817,0.578,0.5799,4259.72,0.57935,2467.868782,4259.72,2467.868782,
2022-11-10 02:25:00+00:00,0.5785,0.5826,0.5797,0.5785,7397.09,0.579825,4289.01770925,7397.09,4289.01770925,
2022-11-10 02:30:00+00:00,0.5758,0.585,0.5788,0.582,7772.23,0.5804,4511.002292,7772.23,4511.002292,
2022-11-10 02:35:00+00:00,0.5795,0.5841,0.5824,0.582,2783.44,0.582,1619.96208,2783.44,1619.96208,
2022-11-10 02:40:00+00:00,0.5813,0.5857,0.5819,0.5841,4058.66,0.58325,2367.213445,4058.66,2367.213445,
2022-11-10 02:45:00+00:00,0.5766,0.5838,0.5837,0.5775,25712.33,0.5804,14923.436332,25712.33,14923.436332,
2022-11-10 02:50:00+00:00,0.5765,0.5811,0.5771,0.5781,5340.84,0.5782,3088.073688,5340.84,3088.073688,
2022-11-10 02:55:00+00:00,0.5789,0.5847,0.5789,0.5841,5976.46,0.58165,3476.207959,5976.46,3476.207959,
2022-11-10 03:00:00+00:00,0.5834,0.591,0.5835,0.591,4767.77,0.587225,2799.75373825,4767.77,2799.75373825,
2022-11-10 03:05:00+00:00,0.5888,0.6101,0.5901,0.598,71927.95,0.59675,42923.0041625,71927.95,42923.0041625,
2022-11-10 03:10:00+00:00,0.5903,0.5977,0.5972,0.5922,15041.14,0.59435,8939.701559,15041.14,8939.701559,
2022-11-10 03:15:00+00:00,0.5912,0.5989,0.5913,0.598,3704.3,0.59485,2203.502855,3704.3,2203.502855,
2022-11-10 03:20:00+00:00,0.5968,0.601,0.5984,0.599,21044.18,0.5988,12601.254984,21044.18,12601.254984,
2022-11-10 03:25:00+00:00,0.5957,0.5994,0.5988,0.5957,4560.17,0.5974,2724.245558,4560.17,2724.245558,
2022-11-10 03:30:00+00:00,0.5926,0.5976,0.5962,0.5976,2500.91,0.596,1490.54236,2500.91,1490.54236,
2022-11-10 03:35:00+00:00,0.5954,0.6005,0.597,0.6,5472.98,0.598225,3274.0734605,5472.98,3274.0734605,
2022-11-10 03:40:00+00:00,0.6003,0.6073,0.6008,0.6071,9364.32,0.603875,5654.87874,9364.32,5654.87874,
2022-11-10 03:45:00+00:00,0.601,0.6083,0.6083,0.601,14052.39,0.60465,8496.7776135,14052.39,8496.7776135,
2022-11-10 03:50:00+00:00,0.5968,0.6022,0.6009,0.5968,11623.29,0.599175,6964.38478575,11623.29,6964.38478575,
2022-11-10 03:55:00+00:00,0.5954,0.5981,0.5969,0.5969,3064.7,0.596825,1829.0895775,3064.7,1829.0895775,
2022-11-10 04:00:00+00:00,0.5947,0.598,0.5963,0.5957,4062.49,0.596175,2421.95497575,4062.49,2421.95497575,
2022-11-10 04:05:00+00:00,0.5946,0.5979,0.5965,0.5974,3473.18,0.5966,2072.099188,3473.18,2072.099188,
2022-11-10 04:10:00+00:00,0.5971,0.6021,0.5974,0.6008,1523.47,0.59935,913.0917445,1523.47,913.0917445,
2022-11-10 04:15:00+00:00,0.5995,0.6074,0.6004,0.606,4868.11,0.603325,2937.05246575,4868.11,2937.05246575,
2022-11-10 04:20:00+00:00,0.6061,0.6106,0.607,0.607,7243.04,0.607675,4401.414332,7243.04,4401.414332,
2022-11-10 04:25:00+00:00,0.5975,0.6071,0.6071,0.5975,5790.44,0.6023,3487.582012,5790.44,3487.582012,
2022-11-10 04:30:00+00:00,0.596,0.6003,0.5985,0.5961,6557.28,0.597725,3919.450188,6557.28,3919.450188,
2022-11-10 04:35:00+00:00,0.5955,0.599,0.5966,0.5955,2036.45,0.59665,1215.0478925,2036.45,1215.0478925,
2022-11-10 04:40:00+00:00,0.5953,0.5975,0.5955,0.5973,2340.11,0.5964,1395.641604,2340.11,1395.641604,
2022-11-10 04:45:00+00:00,0.5973,0.6042,0.5973,0.6042,9954.13,0.60075,5979.9435975,9954.13,5979.9435975,
2022-11-10 04:50:00+00:00,0.6014,0.6084,0.603,0.6059,9843.53,0.604675,5952.13650275,9843.53,5952.13650275,
2022-11-10 04:55:00+00:00,0.6045,0.6092,0.6063,0.6091,4574.86,0.607275,2778.1981065,4574.86,2778.1981065,
2022-11-10 05:00:00+00:00,0.6081,0.6179,0.6082,0.6161,4324.17,0.612575,2648.87843775,4324.17,2648.87843775,
2022-11-10 05:05:00+00:00,0.6118,0.6156,0.6135,0.6133,2743.96,0.61355,1683.556658,2743.96,1683.556658,
2022-11-10 05:10:00+00:00,0.6128,0.6179,0.613,0.6149,3049.81,0.61465,1874.5657165,3049.81,1874.5657165,
2022-11-10 05:15:00+00:00,0.6081,0.6157,0.6151,0.6083,4490.07,0.6118,2747.024826,4490.07,2747.024826,
2022-11-10 05:20:00+00:00,0.6082,0.6197,0.6083,0.6193,4271.64,0.613875,2622.253005,4271.64,2622.253005,
2022-11-10 05:25:00+00:00,0.6142,0.6201,0.6187,0.618,3236.43,0.61775,1999.3046325,3236.43,1999.3046325,
2022-11-10 05:30:00+00:00,0.6149,0.6206,0.6187,0.6206,6446.33,0.6187,3988.344371,6446.33,3988.344371,
2022-11-10 05:35:00+00:00,0.6181,0.6228,0.6219,0.6181,20734.63,0.620225,12860.13589175,20734.63,12860.13589175,
2022-11-10 05:40:00+00:00,0.616,0.621,0.6199,0.6182,5076.5,0.618775,3141.2112875,5076.5,3141.2112875,
2022-11-10 05:45:00+00:00,0.6153,0.619,0.616,0.619,2114.56,0.617325,1305.370752,2114.56,1305.370752,
2022-11-10 05:50:00+00:00,0.6205,0.6247,0.6205,0.6213,2998.6,0.62175,1864.37955,2998.6,1864.37955,
2022-11-10 05:55:00+00:00,0.6224,0.6273,0.6224,0.6245,6366.89,0.62415,3973.8943935,6366.89,3973.8943935,
2022-11-10 06:00:00+00:00,0.6201,0.6298,0.6247,0.6298,7545.71,0.6261,4724.369031,7545.71,4724.369031,
2022-11-10 06:05:00+00:00,0.6213,0.628,0.628,0.6226,8776.46,0.624975,5485.0680885,8776.46,5485.0680885,
2022-11-10 06:10:00+00:00,0.6202,0.6257,0.6223,0.6206,6381.31,0.6222,3970.451082,6381.31,3970.451082,
2022-11-10 06:15:00+00:00,0.6179,0.6216,0.6194,0.6179,1562.38,0.6192,967.425696,1562.38,967.425696,
2022-11-10 06:20:00+00:00,0.618,0.6215,0.6185,0.6202,1849.67,0.61955,1145.9630485,1849.67,1145.9630485,
2022-11-10 06:25:00+00:00,0.621,0.6315,0.621,0.6285,9898.81,0.6255,6191.705655,9898.81,6191.705655,
2022-11-10 06:30:00+00:00,0.6252,0.6275,0.627,0.6254,5559.35,0.626275,3481.68192125,5559.35,3481.68192125,
2022-11-10 06:35:00+00:00,0.6242,0.6348,0.6254,0.6348,18242.87,0.6298,11489.359526,18242.87,11489.359526,
2022-11-10 06:40:00+00:00,0.6258,0.636,0.6344,0.6258,3715.06,0.6305,2342.34533,3715.06,2342.34533,
2022-11-10 06:45:00+00:00,0.6241,0.6262,0.6259,0.6241,1283.79,0.625075,802.46503425,1283.79,802.46503425,
2022-11-10 06:50:00+00:00,0.6243,0.6286,0.6245,0.6273,3741.3,0.626175,2342.7085275,3741.3,2342.7085275,
2022-11-10 06:55:00+00:00,0.624,0.6283,0.6271,0.6264,3571.12,0.62645,2237.128124,3571.12,2237.128124,
2022-11-10 07:00:00+00:00,0.6246,0.6315,0.6251,0.6304,3062.04,0.6279,1922.654916,3062.04,1922.654916,
2022-11-10 07:05:00+00:00,0.6235,0.6329,0.6304,0.6238,7716.18,0.62765,4843.060377,7716.18,4843.060377,
2022-11-10 07:10:00+00:00,0.6209,0.626,0.6235,0.626,4915.05,0.6241,3067.482705,4915.05,3067.482705,
2022-11-10 07:15:00+00:00,0.625,0.6287,0.626,0.6264,2408.8,0.626525,1509.17342,2408.8,1509.17342,
2022-11-10 07:20:00+00:00,0.6228,0.6257,0.6257,0.6234,1543.6,0.6244,963.82384,1543.6,963.82384,
2022-11-10 07:25:00+00:00,0.625,0.63,0.6254,0.6292,4685.69,0.6274,2939.801906,4685.69,2939.801906,
2022-11-10 07:30:00+00:00,0.628,0.6324,0.628,0.632,2257.67,0.6301,1422.557867,2257.67,1422.557867,
2022-11-10 07:35:00+00:00,0.629,0.633,0.6318,0.6317,16113.32,0.631375,10173.547415,16113.32,10173.547415,
2022-11-10 07:40:00+00:00,0.6238,0.6317,0.6311,0.627,15652.71,0.6284,9836.162964,15652.71,9836.162964,
2022-11-10 07:45:00+00:00,0.6245,0.6287,0.6275,0.6274,4103.97,0.627025,2573.29178925,4103.97,2573.29178925,
2022-11-10 07:50:00+00:00,0.6238,0.6278,0.6266,0.6264,2394.48,0.62615,1499.303652,2394.48,1499.303652,
2022-11-10 07:55:00+00:00,0.6227,0.626,0.625,0.6233,9118.6,0.62425,5692.28605,9118.6,5692.28605,
2022-11-10 08:00:00+00:00,0.6174,0.6241,0.6235,0.6174,8394.47,0.6206,5209.608082,8394.47,5209.608082,
2022-11-10 08:05:00+00:00,0.6114,0.619,0.6174,0.6114,2084.66,0.6148,1281.648968,2084.66,1281.648968,
2022-11-10 08:10:00+00:00,0.6093,0.6118,0.6118,0.61,1609.08,0.610725,982.705383,1609.08,982.705383,
2022-11-10 08:15:00+00:00,0.6062,0.6114,0.61,0.6062,9160.59,0.60845,5573.7609855,9160.59,5573.7609855,
2022-11-10 08:20:00+00:00,0.603,0.6081,0.605,0.603,3819.1,0.604775,2309.6962025,3819.1,2309.6962025,
2022-11-10 08:25:00+00:00,0.603,0.608,0.603,0.6075,2156.3,0.605375,1305.3701125,2156.3,1305.3701125,
2022-11-10 08:30:00+00:00,0.6065,0.6094,0.6094,0.609,2835.71,0.608575,1725.74221325,2835.71,1725.74221325,
2022-11-10 08:35:00+00:00,0.6079,0.6191,0.6086,0.6182,4024.1,0.61345,2468.584145,4024.1,2468.584145,
2022-11-10 08:40:00+00:00,0.6168,0.622,0.6195,0.617,2337.89,0.618825,1446.74477925,2337.89,1446.74477925,
2022-11-10 08:45:00+00:00,0.6139,0.6205,0.6181,0.6192,1942.45,0.617925,1200.28841625,1942.45,1200.28841625,
2022-11-10 08:50:00+00:00,0.6201,0.6289,0.6201,0.6286,1598.76,0.624425,998.305713,1598.76,998.305713,
2022-11-10 08:55:00+00:00,0.6224,0.6324,0.6282,0.6224,18345.92,0.62635,11490.966992,18345.92,11490.966992,
2022-11-10 09:00:00+00:00,0.621,0.6239,0.6229,0.6239,252.51,0.622925,157.29479175,252.51,157.29479175,
2022-11-10 09:05:00+00:00,0.6221,0.625,0.6237,0.6224,1623.17,0.6233,1011.721861,1623.17,1011.721861,
2022-11-10 09:10:00+00:00,0.6213,0.6232,0.6225,0.6222,1610.83,0.6223,1002.419509,1610.83,1002.419509,
2022-11-10 09:15:00+00:00,0.6227,0.6248,0.6243,0.6234,3060.77,0.6238,1909.308326,3060.77,1909.308326,
2022-11-10 09:20:00+00:00,0.6204,0.6229,0.6229,0.6204,1509.35,0.62165,938.2874275,1509.35,938.2874275,
2022-11-10 09:25:00+00:00,0.6203,0.6233,0.6207,0.6203,773.34,0.62115,480.360141,773.34,480.360141,
2022-11-10 09:30:00+00:00,0.6138,0.6207,0.6207,0.6151,3457.16,0.617575,2135.055587,3457.16,2135.055587,
2022-11-10 09:35:00+00:00,0.6156,0.618,0.6156,0.6174,503.2,0.61665,310.29828,503.2,310.29828,
2022-11-10 09:40:00+00:00,0.6168,0.62,0.6168,0.6194,1141.3,0.61825,705.608725,1141.3,705.608725,
2022-11-10 09:45:00+00:00,0.619,0.6215,0.6202,0.619,936.14,0.619925,580.3365895,936.14,580.3365895,
2022-11-10 09:50:00+00:00,0.6172,0.6203,0.619,0.6193,7293.32,0.61895,4514.200414,7293.32,4514.200414,
2022-11-10 09:55:00+00:00,0.6165,0.62,0.62,0.6165,994.4,0.61825,614.7878,994.4,614.7878,
2022-11-10 10:00:00+00:00,0.6162,0.6192,0.6162,0.6179,2766.84,0.617375,1708.177845,2766.84,1708.177845,
2022-11-10 10:05:00+00:00,0.6172,0.62,0.6172,0.6196,1823.1,0.6185,1127.58735,1823.1,1127.58735,
2022-11-10 10:10:00+00:00,0.6068,0.6188,0.6188,0.607,3579.75,0.61285,2193.8497875,3579.75,2193.8497875,
2022-11-10 10:15:00+00:00,0.6062,0.611,0.6091,0.611,5456.38,0.609325,3324.7087435,5456.38,3324.7087435,
2022-11-10 10:20:00+00:00,0.6089,0.6103,0.6102,0.6089,202.5,0.609575,123.4389375,202.5,123.4389375,
2022-11-10 10:25:00+00:00,0.6081,0.6104,0.6089,0.6094,590.11,0.6092,359.495012,590.11,359.495012,
2022-11-10 10:30:00+00:00,0.6031,0.6094,0.6085,0.6047,3619.36,0.606425,2194.870388,3619.36,2194.870388,
2022-11-10 10:35:00+00:00,0.6008,0.6083,0.6043,0.6083,2265.42,0.605425,1371.5419035,2265.42,1371.5419035,
2022-11-10 10:40:00+00:00,0.6059,0.6098,0.6095,0.6064,463.47,0.6079,281.743413,463.47,281.743413,
2022-11-10 10:45:00+00:00,0.6045,0.6064,0.6064,0.6045,4095.76,0.60545,2479.777892,4095.76,2479.777892,
2022-11-10 10:50:00+00:00,0.5984,0.6045,0.6045,0.5984,6622.32,0.60145,3982.994364,6622.32,3982.994364,
2022-11-10 10:55:00+00:00,0.598,0.6001,0.598,0.5983,66.26,0.5986,39.663236,66.26,39.663236,
2022-11-10 11:00:00+00:00,0.6,0.6058,0.6011,0.6058,1539.19,0.603175,928.40092825,1539.19,928.40092825,
2022-11-10 11:05:00+00:00,0.6035,0.6076,0.6069,0.6037,3762.81,0.605425,2278.09924425,3762.81,2278.09924425,
2022-11-10 11:10:00+00:00,0.6027,0.6059,0.6058,0.603,2013.06,0.60435,1216.592811,2013.06,1216.592811,
2022-11-10 11:15:00+00:00,0.598,0.604,0.6031,0.5989,3180.16,0.601,1911.27616,3180.16,1911.27616,
2022-11-10 11:20:00+00:00,0.5987,0.602,0.5997,0.602,307.87,0.6006,184.906722,307.87,184.906722,
2022-11-10 11:25:00+00:00,0.5997,0.6067,0.602,0.6067,12707.71,0.603775,7672.59760525,12707.71,7672.59760525,
2022-11-10 11:30:00+00:00,0.6043,0.6082,0.6069,0.6078,3264.34,0.6068,1980.801512,3264.34,1980.801512,
2022-11-10 11:35:00+00:00,0.6064,0.6123,0.608,0.6118,1186.78,0.609625,723.4907575,1186.78,723.4907575,
2022-11-10 11:40:00+00:00,0.6072,0.6118,0.6118,0.6088,2952.72,0.6099,1800.863928,2952.72,1800.863928,
2022-11-10 11:45:00+00:00,0.6072,0.6106,0.6097,0.6087,5744.55,0.60905,3498.7181775,5744.55,3498.7181775,
2022-11-10 11:50:00+00:00,0.6073,0.6113,0.6085,0.6098,2707.43,0.609225,1649.43404175,2707.43,1649.43404175,
2022-11-10 11:55:00+00:00,0.603,0.6096,0.6096,0.603,9111.78,0.6063,5524.472214,9111.78,5524.472214,
2022-11-10 12:00:00+00:00,0.6027,0.615,0.6027,0.6139,519.46,0.608575,316.1303695,519.46,316.1303695,
2022-11-10 12:05:00+00:00,0.6048,0.6137,0.6137,0.6084,7131.55,0.61015,4351.3152325,7131.55,4351.3152325,
2022-11-10 12:10:00+00:00,0.6085,0.617,0.6085,0.617,1933.86,0.61275,1184.972715,1933.86,1184.972715,
2022-11-10 12:15:00+00:00,0.6095,0.6219,0.617,0.6095,2013.09,0.614475,1236.99347775,2013.09,1236.99347775,
2022-11-10 12:20:00+00:00,0.6023,0.6126,0.6101,0.6025,7277.52,0.606875,4416.54495,7277.52,4416.54495,
2022-11-10 12:25:00+00:00,0.6021,0.6127,0.6045,0.6086,3291.44,0.606975,1997.821794,3291.44,1997.821794,
2022-11-10 12:30:00+00:00,0.6077,0.619,0.608,0.6151,3855.24,0.61245,2361.141738,3855.24,2361.141738,
2022-11-10 12:35:00+00:00,0.6102,0.6155,0.6153,0.6119,3270.44,0.613225,2005.515569,3270.44,2005.515569,
2022-11-10 12:40:00+00:00,0.6076,0.6158,0.6129,0.6082,6824.75,0.611125,4170.77534375,6824.75,4170.77534375,
2022-11-10 12:45:00+00:00,0.6084,0.614,0.6087,0.6099,5777.65,0.61025,3525.8109125,5777.65,3525.8109125,
2022-11-10 12:50:00+00:00,0.6091,0.6127,0.6099,0.6101,2148.65,0.61045,1311.6433925,2148.65,1311.6433925,
2022-11-10 12:55:00+00:00,0.6095,0.6127,0.61,0.6118,6875.69,0.611,4201.04659,6875.69,4201.04659,
2022-11-10 13:00:00+00:00,0.61,0.6184,0.6113,0.6184,4427.78,0.614525,2720.9815045,4427.78,2720.9815045,
2022-11-10 13:05:00+00:00,0.6117,0.6178,0.6178,0.6161,9470.36,0.61585,5832.321206,9470.36,5832.321206,
2022-11-10 13:10:00+00:00,0.6152,0.6177,0.6154,0.6162,2169.13,0.616125,1336.45522125,2169.13,1336.45522125,
2022-11-10 13:15:00+00:00,0.6139,0.6175,0.6163,0.6139,12197.0,0.6154,7506.0338,12197.0,7506.0338,
2022-11-10 13:20:00+00:00,0.6114,0.6151,0.613,0.6114,2577.79,0.612725,1579.47637775,2577.79,1579.47637775,
2022-11-10 13:25:00+00:00,0.6097,0.6119,0.6114,0.6102,1962.82,0.6108,1198.890456,1962.82,1198.890456,
2022-11-10 13:30:00+00:00,0.6102,0.6578,0.6103,0.648,64003.3,0.631575,40422.8841975,64003.3,40422.8841975,
2022-11-10 13:35:00+00:00,0.6374,0.6495,0.6473,0.6394,24798.3,0.6434,15955.22622,24798.3,15955.22622,
2022-11-10 13:40:00+00:00,0.6414,0.6495,0.6414,0.647,3887.76,0.644825,2506.924842,3887.76,2506.924842,
2022-11-10 13:45:00+00:00,0.6452,0.6507,0.6475,0.6492,13132.14,0.64815,8511.596541,13132.14,8511.596541,
2022-11-10 13:50:00+00:00,0.6473,0.662,0.6473,0.6596,11610.26,0.65405,7593.690553,11610.26,7593.690553,
2022-11-10 13:55:00+00:00,0.6551,0.666,0.6597,0.6596,7794.76,0.6601,5145.321076,7794.76,5145.321076,
2022-11-10 14:00:00+00:00,0.648,0.658,0.6563,0.648,12690.02,0.652575,8281.1898015,12690.02,8281.1898015,
2022-11-10 14:05:00+00:00,0.6479,0.659,0.648,0.6541,13206.5,0.65225,8613.939625,13206.5,8613.939625,
2022-11-10 14:10:00+00:00,0.6533,0.658,0.6554,0.6577,6477.26,0.6561,4249.730286,6477.26,4249.730286,
2022-11-10 14:15:00+00:00,0.6521,0.6587,0.6581,0.653,8070.96,0.655475,5290.312506,8070.96,5290.312506,
2022-11-10 14:20:00+00:00,0.6525,0.6599,0.654,0.6599,2974.7,0.656575,1953.1136525,2974.7,1953.1136525,
2022-11-10 14:25:00+00:00,0.6572,0.6635,0.6581,0.6609,4655.13,0.659925,3072.03666525,4655.13,3072.03666525,
2022-11-10 14:30:00+00:00,0.6551,0.6661,0.6583,0.6551,14215.77,0.65865,9363.2169105,14215.77,9363.2169105,
2022-11-10 14:35:00+00:00,0.6528,0.6596,0.6555,0.6547,5977.14,0.65565,3918.911841,5977.14,3918.911841,
2022-11-10 14:40:00+00:00,0.6535,0.6578,0.655,0.6561,12004.59,0.6556,7870.209204,12004.59,7870.209204,
2022-11-10 14:45:00+00:00,0.6561,0.66,0.6567,0.66,8745.84,0.6582,5756.511888,8745.84,5756.511888,
2022-11-10 14:50:00+00:00,0.658,0.663,0.6606,0.6628,1147.43,0.6611,758.565973,1147.43,758.565973,
2022-11-10 14:55:00+00:00,0.6625,0.6682,0.6625,0.6672,6298.24,0.6651,4188.959424,6298.24,4188.959424,
2022-11-10 15:00:00+00:00,0.666,0.6774,0.668,0.67,17973.55,0.67035,12048.5692425,17973.55,12048.5692425,
2022-11-10 15:05:00+00:00,0.6687,0.6791,0.6709,0.6791,6461.38,0.67445,4357.877741,6461.38,4357.877741,
2022-11-10 15:10:00+00:00,0.6732,0.6804,0.6774,0.6732,6508.65,0.67605,4400.1728325,6508.65,4400.1728325,
2022-11-10 15:15:00+00:00,0.6748,0.6778,0.6748,0.6757,10337.26,0.675775,6985.6618765,10337.26,6985.6618765,
2022-11-10 15:20:00+00:00,0.6733,0.6822,0.6757,0.6818,16947.68,0.67825,11494.76396,16947.68,11494.76396,
2022-11-10 15:25:00+00:00,0.6744,0.6816,0.6815,0.6744,3500.52,0.677975,2373.265047,3500.52,2373.265047,
2022-11-10 15:30:00+00:00,0.6626,0.6746,0.6746,0.6647,5682.19,0.669125,3802.09538375,5682.19,3802.09538375,
2022-11-10 15:35:00+00:00,0.6621,0.6669,0.6646,0.6628,14433.69,0.6641,9585.413529,14433.69,9585.413529,
2022-11-10 15:40:00+00:00,0.6615,0.6664,0.6628,0.6645,6466.58,0.6638,4292.515804,6466.58,4292.515804,
2022-11-10 15:45:00+00:00,0.6621,0.6675,0.6651,0.6624,2526.89,0.664275,1678.54985475,2526.89,1678.54985475,
2022-11-10 15:50:00+00:00,0.6646,0.6681,0.6646,0.6654,3130.58,0.665675,2083.9488415,3130.58,2083.9488415,
2022-11-10 15:55:00+00:00,0.6651,0.6715,0.6651,0.6709,9271.22,0.66815,6194.565643,9271.22,6194.565643,
2022-11-10 16:00:00+00:00,0.6662,0.6709,0.6691,0.6703,6797.65,0.669125,4548.47755625,6797.65,4548.47755625,
2022-11-10 16:05:00+00:00,0.6701,0.6754,0.6703,0.6754,7127.98,0.6728,4795.704944,7127.98,4795.704944,
2022-11-10 16:10:00+00:00,0.6721,0.6756,0.6741,0.6741,1160.77,0.673975,782.32996075,1160.77,782.32996075,
2022-11-10 16:15:00+00:00,0.6743,0.6836,0.6743,0.6776,15944.91,0.67745,10801.8792795,15944.91,10801.8792795,
2022-11-10 16:20:00+00:00,0.6764,0.6817,0.6785,0.6804,6432.86,0.67925,4369.520155,6432.86,4369.520155,
2022-11-10 16:25:00+00:00,0.6775,0.6836,0.6781,0.6816,3523.47,0.6802,2396.664294,3523.47,2396.664294,
2022-11-10 16:30:00+00:00,0.6746,0.683,0.6823,0.6756,3655.0,0.678875,2481.288125,3655.0,2481.288125,
2022-11-10 16:35:00+00:00,0.6748,0.6777,0.6751,0.6777,852.14,0.676325,576.3235855,852.14,576.3235855,
2022-11-10 16:40:00+00:00,0.6762,0.6816,0.6762,0.68,18191.45,0.6785,12342.898825,18191.45,12342.898825,
2022-11-10 16:45:00+00:00,0.6754,0.6819,0.6801,0.6754,112390.13,0.6782,76222.986166,112390.13,76222.986166,
2022-11-10 16:50:00+00:00,0.6738,0.68,0.6752,0.674,26615.95,0.67575,17985.7282125,26615.95,17985.7282125,
2022-11-10 16:55:00+00:00,0.671,0.6754,0.6743,0.6711,3747.8,0.67295,2522.08201,3747.8,2522.08201,
2022-11-10 17:00:00+00:00,0.6686,0.6729,0.6714,0.6705,7796.39,0.67085,5230.2082315,7796.39,5230.2082315,
2022-11-10 17:05:00+00:00,0.666,0.6711,0.669,0.667,10201.51,0.668275,6817.41409525,10201.51,6817.41409525,
2022-11-10 17:10:00+00:00,0.6671,0.6697,0.6676,0.6688,4718.37,0.6683,3153.286671,4718.37,3153.286671,
2022-11-10 17:15:00+00:00,0.6671,0.6717,0.6689,0.6696,6168.97,0.669325,4129.04584525,6168.97,4129.04584525,
2022-11-10 17:20:00+00:00,0.6699,0.6714,0.6701,0.6701,2333.63,0.670375,1564.40721125,2333.63,1564.40721125,
2022-11-10 17:25:00+00:00,0.666,0.6705,0.6705,0.6682,7772.12,0.6688,5197.993856,7772.12,5197.993856,
2022-11-10 17:30:00+00:00,0.6607,0.6688,0.6688,0.6616,3673.22,0.664975,2442.5994695,3673.22,2442.5994695,
2022-11-10 17:35:00+00:00,0.6479,0.6616,0.6604,0.6511,24650.97,0.65525,16152.5480925,24650.97,16152.5480925,
2022-11-10 17:40:00+00:00,0.648,0.6533,0.6509,0.6494,5394.26,0.6504,3508.426704,5394.26,3508.426704,
2022-11-10 17:45:00+00:00,0.6457,0.6526,0.6492,0.6523,3716.65,0.64995,2415.6366675,3716.65,2415.6366675,
2022-11-10 17:50:00+00:00,0.6525,0.6566,0.654,0.6536,2652.3,0.654175,1735.0683525,2652.3,1735.0683525,
2022-11-10 17:55:00+00:00,0.6494,0.6554,0.655,0.6537,8422.49,0.653375,5503.04440375,8422.49,5503.04440375,
2022-11-10 18:00:00+00:00,0.653,0.6585,0.654,0.6573,3242.19,0.6557,2125.903983,3242.19,2125.903983,
2022-11-10 18:05:00+00:00,0.6569,0.6593,0.6579,0.6593,1473.15,0.65835,969.8483025,1473.15,969.8483025,
2022-11-10 18:10:00+00:00,0.6581,0.662,0.6581,0.659,1039.9,0.6593,685.60607,1039.9,685.60607,
2022-11-10 18:15:00+00:00,0.659,0.6602,0.659,0.6601,2235.05,0.659575,1474.18310375,2235.05,1474.18310375,
2022-11-10 18:20:00+00:00,0.6533,0.6603,0.6603,0.6551,7595.87,0.65725,4992.3855575,7595.87,4992.3855575,
2022-11-10 18:25:00+00:00,0.6515,0.6578,0.6561,0.6519,4238.93,0.654325,2773.63787225,4238.93,2773.63787225,
2022-11-10 18:30:00+00:00,0.6524,0.655,0.654,0.6536,7180.65,0.65375,4694.3499375,7180.65,4694.3499375,
2022-11-10 18:35:00+00:00,0.6527,0.6557,0.6527,0.6546,4951.42,0.653925,3237.8573235,4951.42,3237.8573235,
2022-11-10 18:40:00+00:00,0.6551,0.6595,0.6556,0.6586,1287.76,0.6572,846.315872,1287.76,846.315872,
2022-11-10 18:45:00+00:00,0.6579,0.6604,0.6584,0.658,850.74,0.658675,560.3611695,850.74,560.3611695,
2022-11-10 18:50:00+00:00,0.6559,0.658,0.6577,0.6565,798.56,0.657025,524.673884,798.56,524.673884,
2022-11-10 18:55:00+00:00,0.6563,0.6599,0.6563,0.6588,1497.71,0.657825,985.23108075,1497.71,985.23108075,
2022-11-10 19:00:00+00:00,0.6584,0.6638,0.6604,0.6598,3363.66,0.6606,2222.033796,3363.66,2222.033796,
2022-11-10 19:05:00+00:00,0.6584,0.6609,0.6604,0.6601,1309.88,0.65995,864.455306,1309.88,864.455306,
2022-11-10 19:10:00+00:00,0.6549,0.6604,0.6596,0.6572,11675.54,0.658025,7682.7972085,11675.54,7682.7972085,
2022-11-10 19:15:00+00:00,0.6523,0.6586,0.6577,0.6528,2972.39,0.65535,1947.9557865,2972.39,1947.9557865,
2022-11-10 19:20:00+00:00,0.654,0.6582,0.6543,0.6571,2931.53,0.6559,1922.790527,2931.53,1922.790527,
2022-11-10 19:25:00+00:00,0.6571,0.6607,0.6584,0.6594,1418.29,0.6589,934.511281,1418.29,934.511281,
2022-11-10 19:30:00+00:00,0.6587,0.6602,0.6595,0.6596,2242.62,0.6595,1479.00789,2242.62,1479.00789,
2022-11-10 19:35:00+00:00,0.6562,0.6603,0.6603,0.6562,820.76,0.65825,540.26527,820.76,540.26527,
2022-11-10 19:40:00+00:00,0.6555,0.6584,0.6573,0.6563,1203.3,0.656875,790.4176875,1203.3,790.4176875,
2022-11-10 19:45:00+00:00,0.655,0.6648,0.6556,0.6627,1362.25,0.659525,898.43793125,1362.25,898.43793125,
2022-11-10 19:50:00+00:00,0.6603,0.6646,0.6604,0.6646,1337.11,0.662475,885.80194725,1337.11,885.80194725,
2022-11-10 19:55:00+00:00,0.6626,0.6654,0.6635,0.6637,8194.76,0.6638,5439.681688,8194.76,5439.681688,
2022-11-10 20:00:00+00:00,0.6581,0.6642,0.6636,0.6585,5150.13,0.6611,3404.750943,5150.13,3404.750943,
2022-11-10 20:05:00+00:00,0.6572,0.6615,0.6578,0.6584,4370.65,0.658725,2879.05642125,4370.65,2879.05642125,
2022-11-10 20:10:00+00:00,0.6561,0.6587,0.6563,0.6584,1615.34,0.657375,1061.8841325,1615.34,1061.8841325,
2022-11-10 20:15:00+00:00,0.6557,0.6583,0.6581,0.6571,2313.85,0.6573,1520.893605,2313.85,1520.893605,
2022-11-10 20:20:00+00:00,0.6576,0.662,0.6576,0.6616,13945.15,0.6597,9199.615455,13945.15,9199.615455,
2022-11-10 20:25:00+00:00,0.6604,0.6636,0.6614,0.6636,2464.94,0.66225,1632.406515,2464.94,1632.406515,
2022-11-10 20:30:00+00:00,0.6607,0.6647,0.664,0.661,1526.41,0.6626,1011.399266,1526.41,1011.399266,
2022-11-10 20:35:00+00:00,0.659,0.6621,0.6604,0.662,3371.13,0.660875,2227.89553875,3371.13,2227.89553875,
2022-11-10 20:40:00+00:00,0.6595,0.6657,0.6617,0.6625,2459.46,0.66235,1629.023331,2459.46,1629.023331,
2022-11-10 20:45:00+00:00,0.6608,0.6652,0.6623,0.6652,5639.78,0.663375,3741.2890575,5639.78,3741.2890575,
2022-11-10 20:50:00+00:00,0.6629,0.675,0.6656,0.675,15707.2,0.669625,10517.9338,15707.2,10517.9338,
2022-11-10 20:55:00+00:00,0.6699,0.676,0.6731,0.6734,3636.42,0.6731,2447.674302,3636.42,2447.674302,
2022-11-10 21:00:00+00:00,0.6684,0.6747,0.6735,0.6712,7047.71,0.67195,4735.7087345,7047.71,4735.7087345,
2022-11-10 21:05:00+00:00,0.6696,0.6719,0.6704,0.6702,36678.76,0.670525,24594.025549,36678.76,24594.025549,
2022-11-10 21:10:00+00:00,0.6698,0.6736,0.6701,0.6699,5327.48,0.67085,3573.939958,5327.48,3573.939958,
2022-11-10 21:15:00+00:00,0.6677,0.6728,0.6702,0.6677,17516.63,0.6696,11729.135448,17516.63,11729.135448,
2022-11-10 21:20:00+00:00,0.67,0.6775,0.67,0.6775,2052.33,0.67375,1382.7573375,2052.33,1382.7573375,
2022-11-10 21:25:00+00:00,0.6735,0.6776,0.6776,0.6747,4619.68,0.67585,3122.210728,4619.68,3122.210728,
2022-11-10 21:30:00+00:00,0.6708,0.6738,0.6722,0.6724,3587.3,0.6723,2411.74179,3587.3,2411.74179,
2022-11-10 21:35:00+00:00,0.6712,0.6758,0.6719,0.6719,4451.24,0.6727,2994.349148,4451.24,2994.349148,
2022-11-10 21:40:00+00:00,0.6704,0.673,0.6714,0.6718,5431.64,0.67165,3648.161006,5431.64,3648.161006,
2022-11-10 21:45:00+00:00,0.6701,0.6721,0.672,0.6701,4492.15,0.671075,3014.56956125,4492.15,3014.56956125,
2022-11-10 21:50:00+00:00,0.6679,0.6725,0.6685,0.6692,3980.32,0.669525,2664.923748,3980.32,2664.923748,
2022-11-10 21:55:00+00:00,0.668,0.672,0.6682,0.6718,2718.25,0.67,1821.2275,2718.25,1821.2275,
2022-11-10 22:00:00+00:00,0.6701,0.6738,0.6715,0.6711,21128.98,0.671625,14190.7511925,21128.98,14190.7511925,
2022-11-10 22:05:00+00:00,0.6658,0.6709,0.6709,0.6672,3390.84,0.6687,2267.454708,3390.84,2267.454708,
2022-11-10 22:10:00+00:00,0.6659,0.6682,0.6678,0.6679,1061.61,0.66745,708.5715945,1061.61,708.5715945,
2022-11-10 22:15:00+00:00,0.6676,0.6697,0.6684,0.6693,959.23,0.66875,641.4850625,959.23,641.4850625,
2022-11-10 22:20:00+00:00,0.6691,0.6706,0.6691,0.6703,1407.26,0.669775,942.5475665,1407.26,942.5475665,
2022-11-10 22:25:00+00:00,0.6693,0.6712,0.6698,0.6699,888.96,0.67005,595.647648,888.96,595.647648,
2022-11-10 22:30:00+00:00,0.6688,0.6701,0.6693,0.6699,724.09,0.669525,484.79635725,724.09,484.79635725,
2022-11-10 22:35:00+00:00,0.6691,0.6739,0.67,0.673,5520.76,0.6715,3707.19034,5520.76,3707.19034,
2022-11-10 22:40:00+00:00,0.6725,0.6739,0.6727,0.6727,841.71,0.67295,566.4287445,841.71,566.4287445,
2022-11-10 22:45:00+00:00,0.6723,0.6745,0.6723,0.6745,2358.5,0.6734,1588.2139,2358.5,1588.2139,
2022-11-10 22:50:00+00:00,0.6738,0.6775,0.6738,0.6764,6492.45,0.675375,4384.83841875,6492.45,4384.83841875,
2022-11-10 22:55:00+00:00,0.6728,0.6751,0.6751,0.6738,1002.24,0.6742,675.710208,1002.24,675.710208,
2022-11-10 23:00:00+00:00,0.6728,0.6747,0.6739,0.6747,1553.55,0.674025,1047.13153875,1553.55,1047.13153875,
2022-11-10 23:05:00+00:00,0.6744,0.6789,0.6744,0.6781,2435.37,0.67645,1647.4060365,2435.37,1647.4060365,
2022-11-10 23:10:00+00:00,0.6722,0.6785,0.6774,0.6722,3392.4,0.675075,2290.12443,3392.4,2290.12443,
2022-11-10 23:15:00+00:00,0.6637,0.6725,0.6723,0.667,4124.31,0.668875,2758.64785125,4124.31,2758.64785125,
2022-11-10 23:20:00+00:00,0.6652,0.6685,0.6685,0.6659,854.46,0.667025,569.9461815,854.46,569.9461815,
2022-11-10 23:25:00+00:00,0.665,0.6672,0.6661,0.6655,2828.51,0.66595,1883.6462345,2828.51,1883.6462345,
2022-11-10 23:30:00+00:00,0.6661,0.6733,0.6661,0.6731,547.45,0.66965,366.5998925,547.45,366.5998925,
2022-11-10 23:35:00+00:00,0.6709,0.6742,0.6736,0.673,833.73,0.672925,561.03776025,833.73,561.03776025,
2022-11-10 23:40:00+00:00,0.6672,0.673,0.673,0.6713,7135.26,0.671125,4788.6513675,7135.26,4788.6513675,
2022-11-10 23:45:00+00:00,0.6688,0.6729,0.6729,0.6709,2595.59,0.671375,1742.61423625,2595.59,1742.61423625,
2022-11-10 23:50:00+00:00,0.6705,0.6763,0.6705,0.6724,52799.14,0.672425,35503.4617145,52799.14,35503.4617145,
2022-11-10 23:55:00+00:00,0.6714,0.6744,0.6726,0.6716,4146.66,0.6725,2788.62885,4146.66,2788.62885,
2022-11-11 00:00:00+00:00,0.6699,0.6742,0.6714,0.6742,5779.18,0.672425,3886.0651115,5779.18,3886.0651115,
2022-11-11 00:05:00+00:00,0.6741,0.6768,0.675,0.6764,3912.39,0.675575,2643.11287425,3912.39,2643.11287425,
2022-11-11 00:10:00+00:00,0.6689,0.6766,0.6765,0.6726,15857.21,0.67365,10682.2095165,15857.21,10682.2095165,
2022-11-11 00:15:00+00:00,0.6581,0.6723,0.6723,0.6582,5358.09,0.665225,3564.33542025,5358.09,3564.33542025,
2022-11-11 00:20:00+00:00,0.658,0.6618,0.6588,0.6614,6919.33,0.66,4566.7578,6919.33,4566.7578,
2022-11-11 00:25:00+00:00,0.661,0.6651,0.662,0.6616,2393.96,0.662425,1585.818953,2393.96,1585.818953,
2022-11-11 00:30:00+00:00,0.6621,0.6678,0.6621,0.6678,7680.81,0.66495,5107.3546095,7680.81,5107.3546095,
2022-11-11 00:35:00+00:00,0.6626,0.668,0.6678,0.6634,5285.39,0.66545,3517.1627755,5285.39,3517.1627755,
2022-11-11 00:40:00+00:00,0.6608,0.6647,0.6647,0.6608,6507.67,0.66275,4312.9582925,6507.67,4312.9582925,
2022-11-11 00:45:00+00:00,0.6637,0.6688,0.6641,0.6684,1148.92,0.66625,765.46795,1148.92,765.46795,
2022-11-11 00:50:00+00:00,0.6677,0.6715,0.6703,0.6687,10018.03,0.66955,6707.5719865,10018.03,6707.5719865,
2022-11-11 00:55:00+00:00,0.6686,0.6727,0.6689,0.6715,1392.63,0.670425,933.65396775,1392.63,933.65396775,
2022-11-11 01:00:00+00:00,0.6704,0.674,0.6714,0.6733,1429.42,0.672275,960.9633305,1429.42,960.9633305,
2022-11-11 01:05:00+00:00,0.6744,0.6776,0.6744,0.6753,536.61,0.675425,362.43980925,536.61,362.43980925,
2022-11-11 01:10:00+00:00,0.672,0.6759,0.6759,0.674,2219.49,0.67445,1496.9350305,2219.49,1496.9350305,
2022-11-11 01:15:00+00:00,0.6736,0.6765,0.6741,0.6739,909.24,0.674525,613.305111,909.24,613.305111,
2022-11-11 01:20:00+00:00,0.6714,0.6741,0.674,0.6718,490.92,0.672825,330.303249,490.92,330.303249,
2022-11-11 01:25:00+00:00,0.6679,0.6711,0.671,0.6693,7093.02,0.669825,4751.0821215,7093.02,4751.0821215,
2022-11-11 01:30:00+00:00,0.6566,0.67,0.6691,0.6568,1821.58,0.663125,1207.9352375,1821.58,1207.9352375,
2022-11-11 01:35:00+00:00,0.6551,0.6585,0.6584,0.6561,1755.93,0.657025,1153.68990825,1755.93,1153.68990825,
2022-11-11 01:40:00+00:00,0.6565,0.6583,0.6575,0.6566,1308.83,0.657225,860.19579675,1308.83,860.19579675,
2022-11-11 01:45:00+00:00,0.653,0.6576,0.6566,0.653,1490.75,0.65505,976.5157875,1490.75,976.5157875,
2022-11-11 01:50:00+00:00,0.6516,0.6552,0.6528,0.653,1129.34,0.65315,737.628421,1129.34,737.628421,
2022-11-11 01:55:00+00:00,0.6503,0.653,0.653,0.6527,2759.82,0.65225,1800.092595,2759.82,1800.092595,
2022-11-11 02:00:00+00:00,0.6498,0.653,0.6526,0.653,4388.87,0.6521,2861.982127,4388.87,2861.982127,
2022-11-11 02:05:00+00:00,0.6473,0.6529,0.6529,0.6476,3981.99,0.650175,2588.99034825,3981.99,2588.99034825,
2022-11-11 02:10:00+00:00,0.6391,0.6478,0.6478,0.6392,9907.99,0.643475,6375.54386525,9907.99,6375.54386525,
2022-11-11 02:15:00+00:00,0.6387,0.6471,0.6391,0.6471,45103.53,0.643,29001.56979,45103.53,29001.56979,
2022-11-11 02:20:00+00:00,0.6452,0.6484,0.6476,0.6469,3832.37,0.647025,2479.63919925,3832.37,2479.63919925,
2022-11-11 02:25:00+00:00,0.6454,0.6505,0.6466,0.6483,18371.33,0.6477,11899.110441,18371.33,11899.110441,
2022-11-11 02:30:00+00:00,0.6473,0.6506,0.6486,0.6489,8862.08,0.64885,5750.160608,8862.08,5750.160608,
2022-11-11 02:35:00+00:00,0.6465,0.6504,0.6491,0.6474,17953.5,0.64835,11640.151725,17953.5,11640.151725,
2022-11-11 02:40:00+00:00,0.6454,0.6481,0.6474,0.6469,4522.65,0.64695,2925.9284175,4522.65,2925.9284175,
2022-11-11 02:45:00+00:00,0.6454,0.6473,0.647,0.6471,2204.71,0.6467,1425.785957,2204.71,1425.785957,
2022-11-11 02:50:00+00:00,0.6439,0.6486,0.6481,0.6456,1511.35,0.64655,977.1633425,1511.35,977.1633425,
2022-11-11 02:55:00+00:00,0.6442,0.6468,0.6456,0.6442,2803.84,0.6452,1809.037568,2803.84,1809.037568,
2022-11-11 03:00:00+00:00,0.6414,0.6458,0.6453,0.6425,9891.36,0.64375,6367.563,9891.36,6367.563,
2022-11-11 03:05:00+00:00,0.6341,0.6428,0.6427,0.6374,6227.01,0.63925,3980.6161425,6227.01,3980.6161425,
2022-11-11 03:10:00+00:00,0.6376,0.6391,0.6389,0.6384,867.78,0.6385,554.07753,867.78,554.07753,
2022-11-11 03:15:00+00:00,0.638,0.6409,0.6397,0.638,2512.38,0.63915,1605.787677,2512.38,1605.787677,
2022-11-11 03:20:00+00:00,0.6281,0.6381,0.6381,0.6289,6567.8,0.6333,4159.38774,6567.8,4159.38774,
2022-11-11 03:25:00+00:00,0.629,0.6316,0.6303,0.6297,726.37,0.63015,457.7220555,726.37,457.7220555,
2022-11-11 03:30:00+00:00,0.6288,0.6308,0.6299,0.6289,2262.17,0.6296,1424.262232,2262.17,1424.262232,
2022-11-11 03:35:00+00:00,0.6287,0.6346,0.6287,0.6342,7770.09,0.63155,4907.2003395,7770.09,4907.2003395,
2022-11-11 03:40:00+00:00,0.6337,0.637,0.635,0.6345,281.08,0.63505,178.499854,281.08,178.499854,
2022-11-11 03:45:00+00:00,0.6343,0.6359,0.6353,0.6356,398.93,0.635275,253.43025575,398.93,253.43025575,
2022-11-11 03:50:00+00:00,0.6345,0.6363,0.6355,0.6359,1795.08,0.63555,1140.863094,1795.08,1140.863094,
2022-11-11 03:55:00+00:00,0.6351,0.6362,0.6359,0.6351,2490.04,0.635575,1582.607173,2490.04,1582.607173,
2022-11-11 04:00:00+00:00,0.6319,0.6359,0.6345,0.6332,5496.68,0.633875,3484.208035,5496.68,3484.208035,
2022-11-11 04:05:00+00:00,0.6332,0.6377,0.6333,0.6354,2182.2,0.6349,1385.47878,2182.2,1385.47878,
2022-11-11 04:10:00+00:00,0.6354,0.6396,0.6354,0.6383,2312.82,0.637175,1473.6710835,2312.82,1473.6710835,
2022-11-11 04:15:00+00:00,0.6359,0.6389,0.6389,0.6373,3686.02,0.63775,2350.759255,3686.02,2350.759255,
2022-11-11 04:20:00+00:00,0.6333,0.6373,0.6366,0.6363,12159.06,0.635875,7731.6422775,12159.06,7731.6422775,
2022-11-11 04:25:00+00:00,0.6347,0.6369,0.6357,0.6368,810.8,0.636025,515.68907,810.8,515.68907,
2022-11-11 04:30:00+00:00,0.6349,0.6363,0.6363,0.636,566.5,0.635875,360.2231875,566.5,360.2231875,
2022-11-11 04:35:00+00:00,0.6363,0.6385,0.6363,0.6371,185.98,0.63705,118.478559,185.98,118.478559,
2022-11-11 04:40:00+00:00,0.6345,0.637,0.6367,0.6359,511.99,0.636025,325.63843975,511.99,325.63843975,
2022-11-11 04:45:00+00:00,0.6292,0.6343,0.6342,0.6312,3038.02,0.632225,1920.7121945,3038.02,1920.7121945,
2022-11-11 04:50:00+00:00,0.6295,0.6322,0.6319,0.6315,986.2,0.631275,622.563405,986.2,622.563405,
2022-11-11 04:55:00+00:00,0.6305,0.633,0.6315,0.633,1052.13,0.632,664.94616,1052.13,664.94616,
2022-11-11 05:00:00+00:00,0.633,0.6384,0.633,0.6369,83.99,0.635325,53.36094675,83.99,53.36094675,
2022-11-11 05:05:00+00:00,0.637,0.6387,0.6385,0.6382,680.63,0.6381,434.310003,680.63,434.310003,
2022-11-11 05:10:00+00:00,0.6371,0.6389,0.6378,0.6386,664.38,0.6381,423.940878,664.38,423.940878,
2022-11-11 05:15:00+00:00,0.636,0.6392,0.6378,0.6391,2644.98,0.638025,1687.5633645,2644.98,1687.5633645,
2022-11-11 05:20:00+00:00,0.636,0.6391,0.6389,0.6391,9266.41,0.638275,5914.51784275,9266.41,5914.51784275,
2022-11-11 05:25:00+00:00,0.6378,0.6408,0.639,0.64,2491.71,0.6394,1593.199374,2491.71,1593.199374,
2022-11-11 05:30:00+00:00,0.6397,0.6427,0.6397,0.6427,2698.54,0.6412,1730.303848,2698.54,1730.303848,
2022-11-11 05:35:00+00:00,0.6399,0.6428,0.6427,0.6399,828.89,0.641325,531.58787925,828.89,531.58787925,
2022-11-11 05:40:00+00:00,0.6393,0.642,0.6396,0.642,650.65,0.640725,416.88772125,650.65,416.88772125,
2022-11-11 05:45:00+00:00,0.6408,0.6465,0.6408,0.6438,897.01,0.642975,576.75500475,897.01,576.75500475,
2022-11-11 05:50:00+00:00,0.6426,0.646,0.6444,0.6444,1342.43,0.64435,864.9947705,1342.43,864.9947705,
2022-11-11 05:55:00+00:00,0.6433,0.6448,0.6433,0.6446,3360.15,0.644,2163.9366,3360.15,2163.9366,
2022-11-11 06:00:00+00:00,0.6445,0.6475,0.6445,0.6451,2308.52,0.6454,1489.918808,2308.52,1489.918808,
2022-11-11 06:05:00+00:00,0.6431,0.6451,0.6449,0.6434,333.92,0.644125,215.08622,333.92,215.08622,
2022-11-11 06:10:00+00:00,0.6432,0.645,0.6435,0.6438,2116.14,0.643875,1362.5296425,2116.14,1362.5296425,
2022-11-11 06:15:00+00:00,0.6401,0.6439,0.6439,0.6406,1793.59,0.642125,1151.70897875,1793.59,1151.70897875,
2022-11-11 06:20:00+00:00,0.639,0.6407,0.6407,0.639,257.92,0.63985,165.030112,257.92,165.030112,
2022-11-11 06:25:00+00:00,0.6382,0.6403,0.6388,0.6403,284.25,0.6394,181.74945,284.25,181.74945,
2022-11-11 06:30:00+00:00,0.6386,0.6429,0.6393,0.6429,2043.37,0.640925,1309.64691725,2043.37,1309.64691725,
2022-11-11 06:35:00+00:00,0.6398,0.6441,0.6398,0.6427,201.62,0.6416,129.359392,201.62,129.359392,
2022-11-11 06:40:00+00:00,0.6418,0.6438,0.6438,0.6423,753.5,0.642925,484.4439875,753.5,484.4439875,
2022-11-11 06:45:00+00:00,0.6418,0.6444,0.6441,0.6428,1471.73,0.643275,946.72711575,1471.73,946.72711575,
2022-11-11 06:50:00+00:00,0.6409,0.643,0.6428,0.6417,893.86,0.6421,573.947506,893.86,573.947506,
2022-11-11 06:55:00+00:00,0.6402,0.6419,0.6414,0.641,324.55,0.641125,208.07711875,324.55,208.07711875,
2022-11-11 07:00:00+00:00,0.637,0.641,0.6394,0.641,422.47,0.6396,270.211812,422.47,270.211812,
2022-11-11 07:05:00+00:00,0.6415,0.6436,0.6429,0.6433,175.51,0.642825,112.82221575,175.51,112.82221575,
2022-11-11 07:10:00+00:00,0.6436,0.6486,0.6436,0.6486,186.65,0.6461,120.594565,186.65,120.594565,
2022-11-11 07:15:00+00:00,0.6472,0.651,0.6496,0.648,97.76,0.64895,63.441352,97.76,63.441352,
2022-11-11 07:20:00+00:00,0.6468,0.6483,0.6483,0.6468,40.82,0.64755,26.432991,40.82,26.432991,
2022-11-11 07:25:00+00:00,0.646,0.6479,0.6475,0.646,1561.13,0.64685,1009.8169405,1561.13,1009.8169405,
2022-11-11 07:30:00+00:00,0.6453,0.6483,0.6463,0.6453,25.0,0.6463,16.1575,25.0,16.1575,
2022-11-11 07:35:00+00:00,0.646,0.647,0.6461,0.6468,11.23,0.646475,7.25991425,11.23,7.25991425,
2022-11-11 07:40:00+00:00,0.6469,0.6493,0.6476,0.648,382.61,0.64795,247.9121495,382.61,247.9121495,
2022-11-11 07:45:00+00:00,0.6477,0.6491,0.6479,0.6491,875.16,0.64845,567.497502,875.16,567.497502,
2022-11-11 07:50:00+00:00,0.6473,0.6502,0.6501,0.6475,790.23,0.648775,512.68146825,790.23,512.68146825,
2022-11-11 07:55:00+00:00,0.6471,0.6484,0.6471,0.6481,240.39,0.647675,155.69459325,240.39,155.69459325,
2022-11-11 08:00:00+00:00,0.647,0.6492,0.6473,0.6487,1685.87,0.64805,1092.5280535,1685.87,1092.5280535,
2022-11-11 08:05:00+00:00,0.6453,0.647,0.6457,0.6453,541.83,0.645825,349.92735975,541.83,349.92735975,
2022-11-11 08:10:00+00:00,0.6444,0.6465,0.6453,0.6455,447.05,0.645425,288.53724625,447.05,288.53724625,
2022-11-11 08:15:00+00:00,0.6446,0.6483,0.6446,0.6483,1177.21,0.64645,761.0074045,1177.21,761.0074045,
2022-11-11 08:20:00+00:00,0.6477,0.6494,0.6478,0.6486,662.44,0.648375,429.509535,662.44,429.509535,
2022-11-11 08:25:00+00:00,0.6493,0.6522,0.6493,0.6493,418.52,0.650025,272.048463,418.52,272.048463,
2022-11-11 08:30:00+00:00,0.6465,0.6501,0.6481,0.6501,1007.07,0.6487,653.286309,1007.07,653.286309,
2022-11-11 08:35:00+00:00,0.6498,0.654,0.6498,0.6534,1531.56,0.65175,998.19423,1531.56,998.19423,
2022-11-11 08:40:00+00:00,0.6527,0.6535,0.6534,0.6531,513.23,0.653175,335.22900525,513.23,335.22900525,
2022-11-11 08:45:00+00:00,0.6518,0.6546,0.653,0.6546,1457.06,0.6535,952.18871,1457.06,952.18871,
2022-11-11 08:50:00+00:00,0.6514,0.655,0.655,0.6533,239.41,0.653675,156.49633175,239.41,156.49633175,
2022-11-11 08:55:00+00:00,0.6514,0.656,0.655,0.6514,17.95,0.65345,11.7294275,17.95,11.7294275,
2022-11-11 09:00:00+00:00,0.649,0.6507,0.6507,0.6502,372.29,0.65015,242.0443435,372.29,242.0443435,
2022-11-11 09:05:00+00:00,0.6489,0.6497,0.6497,0.6489,125.32,0.6493,81.370276,125.32,81.370276,
2022-11-11 09:10:00+00:00,0.6481,0.6494,0.6494,0.6481,165.54,0.64875,107.394075,165.54,107.394075,
2022-11-11 09:15:00+00:00,0.6455,0.6489,0.6487,0.6466,2972.87,0.647425,1924.71035975,2972.87,1924.71035975,
2022-11-11 09:20:00+00:00,0.6477,0.6498,0.6479,0.6498,445.43,0.6488,288.994984,445.43,288.994984,
2022-11-11 09:25:00+00:00,0.6488,0.6497,0.6497,0.6492,55.62,0.64935,36.116847,55.62,36.116847,
2022-11-11 09:30:00+00:00,0.6492,0.6518,0.6492,0.6518,311.23,0.6505,202.455115,311.23,202.455115,
2022-11-11 09:35:00+00:00,0.6523,0.653,0.6525,0.6523,1575.07,0.652525,1027.77255175,1575.07,1027.77255175,
2022-11-11 09:40:00+00:00,0.6504,0.6518,0.6508,0.6505,6220.71,0.650875,4048.90462125,6220.71,4048.90462125,
2022-11-11 09:45:00+00:00,0.6482,0.6525,0.6504,0.6525,4035.21,0.6509,2626.518189,4035.21,2626.518189,
2022-11-11 09:50:00+00:00,0.651,0.6523,0.6515,0.6519,847.38,0.651675,552.2163615,847.38,552.2163615,
2022-11-11 09:55:00+00:00,0.6518,0.6527,0.6527,0.6521,27.84,0.652325,18.160728,27.84,18.160728,
2022-11-11 10:00:00+00:00,0.6517,0.6543,0.6518,0.6526,317.19,0.6526,206.998194,317.19,206.998194,
2022-11-11 10:05:00+00:00,0.6505,0.6524,0.6524,0.6505,79.55,0.65145,51.8228475,79.55,51.8228475,
2022-11-11 10:10:00+00:00,0.6478,0.6502,0.6502,0.6489,309.93,0.649275,201.22980075,309.93,201.22980075,
2022-11-11 10:15:00+00:00,0.6456,0.6481,0.647,0.6481,1319.75,0.6472,854.1422,1319.75,854.1422,
2022-11-11 10:20:00+00:00,0.6463,0.6477,0.6475,0.6477,568.56,0.6473,368.028888,568.56,368.028888,
2022-11-11 10:25:00+00:00,0.647,0.648,0.647,0.648,1257.41,0.6475,814.172975,1257.41,814.172975,
2022-11-11 10:30:00+00:00,0.6488,0.6503,0.6496,0.6498,2604.86,0.649625,1692.1821775,2604.86,1692.1821775,
2022-11-11 10:35:00+00:00,0.6475,0.6492,0.6483,0.648,758.09,0.64825,491.4318425,758.09,491.4318425,
2022-11-11 10:40:00+00:00,0.6475,0.6525,0.6481,0.6517,685.42,0.64995,445.488729,685.42,445.488729,
2022-11-11 10:45:00+00:00,0.649,0.6549,0.6548,0.649,2659.5,0.651925,1733.7945375,2659.5,1733.7945375,
2022-11-11 10:50:00+00:00,0.6486,0.6511,0.6503,0.6509,265.28,0.650225,172.491688,265.28,172.491688,
2022-11-11 10:55:00+00:00,0.6495,0.6507,0.6507,0.6495,108.04,0.6501,70.236804,108.04,70.236804,
2022-11-11 11:00:00+00:00,0.6476,0.65,0.6493,0.6495,500.28,0.6491,324.731748,500.28,324.731748,
2022-11-11 11:05:00+00:00,0.6468,0.6525,0.6481,0.6525,4015.95,0.649975,2610.26710125,4015.95,2610.26710125,
2022-11-11 11:10:00+00:00,0.65,0.6531,0.6531,0.652,2318.55,0.65205,1511.8105275,2318.55,1511.8105275,
2022-11-11 11:15:00+00:00,0.6511,0.6534,0.6515,0.652,631.85,0.652,411.9662,631.85,411.9662,
2022-11-11 11:20:00+00:00,0.6499,0.6522,0.652,0.6499,785.96,0.651,511.65996,785.96,511.65996,
2022-11-11 11:25:00+00:00,0.6475,0.6501,0.6488,0.6486,291.95,0.64875,189.4025625,291.95,189.4025625,
2022-11-11 11:30:00+00:00,0.649,0.652,0.649,0.652,1490.18,0.6505,969.36209,1490.18,969.36209,
2022-11-11 11:35:00+00:00,0.6483,0.6535,0.6526,0.6483,894.4,0.650675,581.96372,894.4,581.96372,
2022-11-11 11:40:00+00:00,0.6465,0.6485,0.6468,0.648,1215.65,0.64745,787.0725925,1215.65,787.0725925,
2022-11-11 11:45:00+00:00,0.6451,0.6484,0.6479,0.6451,625.46,0.646625,404.4380725,625.46,404.4380725,
2022-11-11 11:50:00+00:00,0.6451,0.6463,0.6455,0.6459,2393.26,0.6457,1545.327982,2393.26,1545.327982,
2022-11-11 11:55:00+00:00,0.6463,0.6489,0.6463,0.6485,1247.92,0.6475,808.0282,1247.92,808.0282,
2022-11-11 12:00:00+00:00,0.6471,0.6505,0.6475,0.6489,379.79,0.6485,246.293815,379.79,246.293815,
2022-11-11 12:05:00+00:00,0.6469,0.6496,0.6483,0.6473,381.74,0.648025,247.3770635,381.74,247.3770635,
2022-11-11 12:10:00+00:00,0.6455,0.6486,0.648,0.6458,211.24,0.646975,136.666999,211.24,136.666999,
2022-11-11 12:15:00+00:00,0.6437,0.646,0.6454,0.646,539.63,0.645275,348.20974825,539.63,348.20974825,
2022-11-11 12:20:00+00:00,0.6428,0.6461,0.6461,0.6443,614.6,0.644825,396.309445,614.6,396.309445,
2022-11-11 12:25:00+00:00,0.6425,0.6453,0.6444,0.6436,1556.61,0.64395,1002.3790095,1556.61,1002.3790095,
2022-11-11 12:30:00+00:00,0.6432,0.647,0.6432,0.6461,508.58,0.644875,327.9705275,508.58,327.9705275,
2022-11-11 12:35:00+00:00,0.6468,0.6498,0.6468,0.6498,775.8,0.6483,502.95114,775.8,502.95114,
2022-11-11 12:40:00+00:00,0.6478,0.6523,0.6499,0.6484,33528.55,0.6496,21780.14608,33528.55,21780.14608,
2022-11-11 12:45:00+00:00,0.6474,0.651,0.6492,0.651,1858.91,0.64965,1207.6408815,1858.91,1207.6408815,
2022-11-11 12:50:00+00:00,0.6503,0.6538,0.6517,0.6535,4776.15,0.652325,3115.60204875,4776.15,3115.60204875,
2022-11-11 12:55:00+00:00,0.652,0.6534,0.6525,0.6522,2051.73,0.652525,1338.80511825,2051.73,1338.80511825,
2022-11-11 13:00:00+00:00,0.6521,0.6568,0.6524,0.6564,4055.73,0.654425,2654.17110525,4055.73,2654.17110525,
2022-11-11 13:05:00+00:00,0.6521,0.6574,0.6571,0.6525,324.89,0.654775,212.72984975,324.89,212.72984975,
2022-11-11 13:10:00+00:00,0.6534,0.6568,0.6534,0.6545,829.09,0.654525,542.66013225,829.09,542.66013225,
2022-11-11 13:15:00+00:00,0.6565,0.6578,0.6569,0.657,63.44,0.65705,41.683252,63.44,41.683252,
2022-11-11 13:20:00+00:00,0.6568,0.6584,0.657,0.6577,1917.58,0.657475,1260.7609105,1917.58,1260.7609105,
2022-11-11 13:25:00+00:00,0.6563,0.658,0.6579,0.6567,412.15,0.657225,270.87528375,412.15,270.87528375,
2022-11-11 13:30:00+00:00,0.653,0.6565,0.6565,0.6539,1621.27,0.654975,1061.89131825,1621.27,1061.89131825,
2022-11-11 13:35:00+00:00,0.6537,0.6561,0.6542,0.6537,2120.36,0.654425,1387.616593,2120.36,1387.616593,
2022-11-11 13:40:00+00:00,0.6535,0.6564,0.6535,0.6564,763.14,0.65495,499.818543,763.14,499.818543,
2022-11-11 13:45:00+00:00,0.6526,0.6564,0.6561,0.6526,470.84,0.654425,308.129467,470.84,308.129467,
2022-11-11 13:50:00+00:00,0.6529,0.6548,0.6534,0.6529,300.17,0.6535,196.161095,300.17,196.161095,
2022-11-11 13:55:00+00:00,0.6479,0.6531,0.6527,0.649,4484.84,0.650675,2918.173267,4484.84,2918.173267,
2022-11-11 14:00:00+00:00,0.637,0.6472,0.6471,0.6374,9870.3,0.642175,6338.4599025,9870.3,6338.4599025,
2022-11-11 14:05:00+00:00,0.6373,0.6428,0.638,0.6401,1153.37,0.63955,737.6377835,1153.37,737.6377835,
2022-11-11 14:10:00+00:00,0.6345,0.6427,0.6396,0.6345,15371.53,0.637825,9804.34612225,15371.53,9804.34612225,
2022-11-11 14:15:00+00:00,0.619,0.636,0.6349,0.619,10514.07,0.627225,6594.68755575,10514.07,6594.68755575,
2022-11-11 14:20:00+00:00,0.602,0.6223,0.619,0.605,10237.42,0.612075,6266.0688465,10237.42,6266.0688465,
2022-11-11 14:25:00+00:00,0.6041,0.6134,0.6088,0.6047,23413.71,0.60775,14229.6822525,23413.71,14229.6822525,
2022-11-11 14:30:00+00:00,0.6025,0.613,0.604,0.6124,13306.9,0.607975,8090.2625275,13306.9,8090.2625275,
2022-11-11 14:35:00+00:00,0.6074,0.6122,0.6116,0.6074,7696.68,0.60965,4692.280962,7696.68,4692.280962,
2022-11-11 14:40:00+00:00,0.6066,0.6104,0.6076,0.6093,8423.23,0.608475,5125.32487425,8423.23,5125.32487425,
2022-11-11 14:45:00+00:00,0.6102,0.6399,0.6105,0.6267,25258.2,0.621825,15706.180215,25258.2,15706.180215,
2022-11-11 14:50:00+00:00,0.6185,0.6289,0.6264,0.6214,5066.46,0.6238,3160.457748,5066.46,3160.457748,
2022-11-11 14:55:00+00:00,0.6191,0.6237,0.6214,0.6223,3346.88,0.621625,2080.50428,3346.88,2080.50428,
2022-11-11 15:00:00+00:00,0.6194,0.6269,0.6224,0.6199,11579.76,0.62215,7204.347684,11579.76,7204.347684,
2022-11-11 15:05:00+00:00,0.6134,0.6235,0.6203,0.6137,4416.12,0.617725,2727.947727,4416.12,2727.947727,
2022-11-11 15:10:00+00:00,0.6142,0.6238,0.6153,0.6215,6098.79,0.6187,3773.321373,6098.79,3773.321373,
2022-11-11 15:15:00+00:00,0.6207,0.6237,0.6223,0.6237,5196.72,0.6226,3235.477872,5196.72,3235.477872,
2022-11-11 15:20:00+00:00,0.6253,0.6278,0.6254,0.6255,4730.05,0.626,2961.0113,4730.05,2961.0113,
2022-11-11 15:25:00+00:00,0.624,0.628,0.6257,0.624,730.76,0.625425,457.035573,730.76,457.035573,
2022-11-11 15:30:00+00:00,0.6199,0.6247,0.6239,0.622,25993.66,0.622625,16184.3025575,25993.66,16184.3025575,
2022-11-11 15:35:00+00:00,0.6161,0.6226,0.6226,0.6194,4699.78,0.620175,2914.6860615,4699.78,2914.6860615,
2022-11-11 15:40:00+00:00,0.6161,0.6201,0.6193,0.6161,1141.08,0.6179,705.073332,1141.08,705.073332,
2022-11-11 15:45:00+00:00,0.6162,0.6212,0.6162,0.62,13778.32,0.6184,8520.513088,13778.32,8520.513088,
2022-11-11 15:50:00+00:00,0.6181,0.621,0.621,0.6182,1235.95,0.619575,765.76372125,1235.95,765.76372125,
2022-11-11 15:55:00+00:00,0.6172,0.6207,0.6184,0.6183,1458.07,0.61865,902.0350055,1458.07,902.0350055,
2022-11-11 16:00:00+00:00,0.6157,0.6204,0.6188,0.619,2296.16,0.618475,1420.117556,2296.16,1420.117556,
2022-11-11 16:05:00+00:00,0.6109,0.6172,0.6168,0.611,865.27,0.613975,531.25414825,865.27,531.25414825,
2022-11-11 16:10:00+00:00,0.6088,0.6124,0.6117,0.6089,4256.27,0.61045,2598.2400215,4256.27,2598.2400215,
2022-11-11 16:15:00+00:00,0.6072,0.6126,0.6085,0.6119,2613.74,0.61005,1594.512087,2613.74,1594.512087,
2022-11-11 16:20:00+00:00,0.6102,0.6138,0.6132,0.6102,3720.49,0.61185,2276.3818065,3720.49,2276.3818065,
2022-11-11 16:25:00+00:00,0.6069,0.611,0.6108,0.609,17463.83,0.609425,10642.89459775,17463.83,10642.89459775,
2022-11-11 16:30:00+00:00,0.6106,0.613,0.611,0.6115,2473.27,0.611525,1512.46643675,2473.27,1512.46643675,
2022-11-11 16:35:00+00:00,0.6096,0.6131,0.6096,0.611,11684.57,0.610825,7137.22747025,11684.57,7137.22747025,
2022-11-11 16:40:00+00:00,0.6074,0.6113,0.6113,0.6104,2290.58,0.6101,1397.482858,2290.58,1397.482858,
2022-11-11 16:45:00+00:00,0.6103,0.6156,0.6103,0.6156,1512.54,0.61295,927.111393,1512.54,927.111393,
2022-11-11 16:50:00+00:00,0.6137,0.6171,0.6171,0.6138,2787.54,0.615425,1715.5218045,2787.54,1715.5218045,
2022-11-11 16:55:00+00:00,0.6136,0.6163,0.6136,0.6154,3228.63,0.614725,1984.71957675,3228.63,1984.71957675,
2022-11-11 17:00:00+00:00,0.6123,0.6168,0.6145,0.6168,4839.2,0.6151,2976.59192,4839.2,2976.59192,
2022-11-11 17:05:00+00:00,0.6122,0.617,0.6161,0.6134,1963.76,0.614675,1207.074178,1963.76,1207.074178,
2022-11-11 17:10:00+00:00,0.6147,0.6181,0.6147,0.6175,2747.62,0.61625,1693.220825,2747.62,1693.220825,
2022-11-11 17:15:00+00:00,0.6152,0.6184,0.6175,0.6152,564.06,0.616575,347.7852945,564.06,347.7852945,
2022-11-11 17:20:00+00:00,0.6146,0.6171,0.6157,0.6152,4856.18,0.61565,2989.707217,4856.18,2989.707217,
2022-11-11 17:25:00+00:00,0.6134,0.6175,0.6143,0.6175,6729.19,0.615675,4142.99405325,6729.19,4142.99405325,
2022-11-11 17:30:00+00:00,0.6139,0.618,0.6151,0.6148,3967.6,0.61545,2441.85942,3967.6,2441.85942,
2022-11-11 17:35:00+00:00,0.613,0.6156,0.6147,0.6134,2406.84,0.614175,1478.220957,2406.84,1478.220957,
2022-11-11 17:40:00+00:00,0.6121,0.6171,0.6121,0.6171,1109.38,0.6146,681.824948,1109.38,681.824948,
2022-11-11 17:45:00+00:00,0.6157,0.6181,0.6177,0.6181,2368.96,0.6174,1462.595904,2368.96,1462.595904,
2022-11-11 17:50:00+00:00,0.618,0.6212,0.6188,0.6212,987.43,0.6198,612.009114,987.43,612.009114,
2022-11-11 17:55:00+00:00,0.6198,0.6232,0.6204,0.6224,9534.8,0.62145,5925.40146,9534.8,5925.40146,
2022-11-11 18:00:00+00:00,0.6231,0.6249,0.6239,0.6245,1793.38,0.6241,1119.248458,1793.38,1119.248458,
2022-11-11 18:05:00+00:00,0.6239,0.6259,0.6241,0.6259,1429.6,0.62495,893.42852,1429.6,893.42852,
2022-11-11 18:10:00+00:00,0.6242,0.6266,0.6255,0.6244,2032.08,0.625175,1270.405614,2032.08,1270.405614,
2022-11-11 18:15:00+00:00,0.6221,0.6251,0.6246,0.6221,933.12,0.623475,581.776992,933.12,581.776992,
2022-11-11 18:20:00+00:00,0.62,0.623,0.622,0.6229,2072.45,0.621975,1289.01208875,2072.45,1289.01208875,
2022-11-11 18:25:00+00:00,0.6212,0.6221,0.6214,0.6218,1452.96,0.621625,903.19626,1452.96,903.19626,
2022-11-11 18:30:00+00:00,0.6206,0.623,0.6216,0.6206,1254.5,0.62145,779.609025,1254.5,779.609025,
2022-11-11 18:35:00+00:00,0.6188,0.6205,0.62,0.6204,1701.77,0.619925,1054.96976725,1701.77,1054.96976725,
2022-11-11 18:40:00+00:00,0.6162,0.6211,0.6209,0.6193,1192.79,0.619375,738.78430625,1192.79,738.78430625,
2022-11-11 18:45:00+00:00,0.6163,0.6192,0.6184,0.6187,2028.42,0.61815,1253.867823,2028.42,1253.867823,
2022-11-11 18:50:00+00:00,0.6159,0.6189,0.6186,0.6166,858.91,0.6175,530.376925,858.91,530.376925,
2022-11-11 18:55:00+00:00,0.6152,0.6174,0.6169,0.6156,981.59,0.616275,604.92937725,981.59,604.92937725,
2022-11-11 19:00:00+00:00,0.6122,0.6167,0.6158,0.6151,4041.02,0.61495,2485.025249,4041.02,2485.025249,
2022-11-11 19:05:00+00:00,0.6129,0.6183,0.6151,0.6177,3729.68,0.616,2297.48288,3729.68,2297.48288,
2022-11-11 19:10:00+00:00,0.6146,0.6172,0.6172,0.6166,432.56,0.6164,266.629984,432.56,266.629984,
2022-11-11 19:15:00+00:00,0.6164,0.6205,0.6164,0.6205,1348.49,0.61845,833.9736405,1348.49,833.9736405,
2022-11-11 19:20:00+00:00,0.6178,0.62,0.6198,0.6181,525.09,0.618925,324.99132825,525.09,324.99132825,
2022-11-11 19:25:00+00:00,0.6184,0.6204,0.6187,0.619,1655.09,0.619125,1024.70759625,1655.09,1024.70759625,
2022-11-11 19:30:00+00:00,0.6177,0.6203,0.6184,0.6184,1375.74,0.6187,851.170338,1375.74,851.170338,
2022-11-11 19:35:00+00:00,0.6154,0.6181,0.6177,0.6173,2509.12,0.617125,1548.44068,2509.12,1548.44068,
2022-11-11 19:40:00+00:00,0.6156,0.6194,0.6182,0.6176,8845.26,0.6177,5463.717102,8845.26,5463.717102,
2022-11-11 19:45:00+00:00,0.6166,0.6249,0.6179,0.6178,62144.81,0.6193,38486.280833,62144.81,38486.280833,
2022-11-11 19:50:00+00:00,0.6178,0.6342,0.6188,0.6219,215458.21,0.623175,134268.17001675,215458.21,134268.17001675,
2022-11-11 19:55:00+00:00,0.6218,0.6376,0.6223,0.6285,146397.3,0.62755,91871.625615,146397.3,91871.625615,
2022-11-11 20:00:00+00:00,0.6192,0.6285,0.6285,0.6192,31605.87,0.62385,19717.3219995,31605.87,19717.3219995,
2022-11-11 20:05:00+00:00,0.6173,0.6216,0.6196,0.6173,5805.3,0.61895,3593.190435,5805.3,3593.190435,
2022-11-11 20:10:00+00:00,0.6157,0.6182,0.6166,0.6157,3163.04,0.61655,1950.172312,3163.04,1950.172312,
2022-11-11 20:15:00+00:00,0.614,0.616,0.616,0.6155,5812.59,0.615375,3576.92257125,5812.59,3576.92257125,
2022-11-11 20:20:00+00:00,0.6148,0.6162,0.6156,0.6152,4793.13,0.61545,2949.9318585,4793.13,2949.9318585,
2022-11-11 20:25:00+00:00,0.6136,0.6165,0.6148,0.6137,4332.36,0.61465,2662.885074,4332.36,2662.885074,
2022-11-11 20:30:00+00:00,0.6113,0.617,0.614,0.6144,17669.8,0.614175,10852.349415,17669.8,10852.349415,
2022-11-11 20:35:00+00:00,0.6081,0.6154,0.6144,0.609,4002.36,0.611725,2448.343671,4002.36,2448.343671,
2022-11-11 20:40:00+00:00,0.6093,0.6126,0.6093,0.6112,1677.1,0.6106,1024.03726,1677.1,1024.03726,
2022-11-11 20:45:00+00:00,0.6112,0.615,0.6112,0.615,4250.92,0.6131,2606.239052,4250.92,2606.239052,
2022-11-11 20:50:00+00:00,0.6132,0.6146,0.6145,0.6132,1050.48,0.613875,644.86341,1050.48,644.86341,
2022-11-11 20:55:00+00:00,0.6121,0.6152,0.6129,0.6122,1481.49,0.6131,908.301519,1481.49,908.301519,
2022-11-11 21:00:00+00:00,0.6132,0.6156,0.6133,0.6148,2873.23,0.614225,1764.80969675,2873.23,1764.80969675,
2022-11-11 21:05:00+00:00,0.6125,0.6163,0.6138,0.616,2293.69,0.61465,1409.8165585,2293.69,1409.8165585,
2022-11-11 21:10:00+00:00,0.6152,0.6176,0.6158,0.6174,7006.14,0.6165,4319.28531,7006.14,4319.28531,
2022-11-11 21:15:00+00:00,0.6156,0.6192,0.6173,0.6163,4867.41,0.6171,3003.678711,4867.41,3003.678711,
2022-11-11 21:20:00+00:00,0.6181,0.623,0.6192,0.6198,4564.41,0.620025,2830.04831025,4564.41,2830.04831025,
2022-11-11 21:25:00+00:00,0.6183,0.6211,0.6201,0.62,3468.35,0.619875,2149.94345625,3468.35,2149.94345625,
2022-11-11 21:30:00+00:00,0.6181,0.6213,0.6206,0.62,7468.53,0.62,4630.4886,7468.53,4630.4886,
2022-11-11 21:35:00+00:00,0.6185,0.6241,0.6191,0.6205,6409.9,0.62055,3977.663445,6409.9,3977.663445,
2022-11-11 21:40:00+00:00,0.6186,0.6203,0.6186,0.6203,885.83,0.61945,548.7273935,885.83,548.7273935,
2022-11-11 21:45:00+00:00,0.6184,0.6206,0.6206,0.62,26374.41,0.6199,16349.496759,26374.41,16349.496759,
2022-11-11 21:50:00+00:00,0.6174,0.6208,0.6199,0.6204,54457.3,0.619625,33743.1045125,54457.3,33743.1045125,
2022-11-11 21:55:00+00:00,0.6193,0.6208,0.6205,0.6204,1565.75,0.62025,971.1564375,1565.75,971.1564375,
2022-11-11 22:00:00+00:00,0.6209,0.6224,0.6211,0.6209,563.69,0.621325,350.23468925,563.69,350.23468925,
2022-11-11 22:05:00+00:00,0.6207,0.6223,0.621,0.6221,2417.98,0.621525,1502.8350195,2417.98,1502.8350195,
2022-11-11 22:10:00+00:00,0.6227,0.6241,0.6227,0.624,2889.57,0.623375,1801.28569875,2889.57,1801.28569875,
2022-11-11 22:15:00+00:00,0.6238,0.6251,0.6242,0.6251,1717.21,0.62455,1072.4835055,1717.21,1072.4835055,
2022-11-11 22:20:00+00:00,0.6245,0.625,0.6246,0.6246,1815.38,0.624675,1134.0225015,1815.38,1134.0225015,
2022-11-11 22:25:00+00:00,0.6241,0.6259,0.6249,0.6257,4798.8,0.62515,2999.96982,4798.8,2999.96982,
2022-11-11 22:30:00+00:00,0.6248,0.627,0.6248,0.626,1521.88,0.62565,952.164222,1521.88,952.164222,
2022-11-11 22:35:00+00:00,0.6251,0.6263,0.626,0.6255,2296.66,0.625725,1437.0775785,2296.66,1437.0775785,
2022-11-11 22:40:00+00:00,0.6256,0.6283,0.6258,0.627,1019.92,0.626675,639.158366,1019.92,639.158366,
2022-11-11 22:45:00+00:00,0.6233,0.6262,0.6262,0.6258,10633.07,0.625375,6649.65615125,10633.07,6649.65615125,
2022-11-11 22:50:00+00:00,0.6248,0.6263,0.6256,0.6262,703.22,0.625725,440.0223345,703.22,440.0223345,
2022-11-11 22:55:00+00:00,0.6257,0.6276,0.6263,0.6257,433.75,0.626325,271.66846875,433.75,271.66846875,
2022-11-11 23:00:00+00:00,0.6256,0.6292,0.6259,0.6279,2064.27,0.62715,1294.6069305,2064.27,1294.6069305,
2022-11-11 23:05:00+00:00,0.6242,0.6277,0.6277,0.6242,277.56,0.62595,173.738682,277.56,173.738682,
2022-11-11 23:10:00+00:00,0.624,0.6257,0.6248,0.6245,730.17,0.62475,456.1737075,730.17,456.1737075,
2022-11-11 23:15:00+00:00,0.622,0.624,0.624,0.6239,298.0,0.623475,185.79555,298.0,185.79555,
2022-11-11 23:20:00+00:00,0.6227,0.6248,0.624,0.6244,298.07,0.623975,185.98822825,298.07,185.98822825,
2022-11-11 23:25:00+00:00,0.6241,0.6254,0.6243,0.6254,1750.9,0.6248,1093.96232,1750.9,1093.96232,
2022-11-11 23:30:00+00:00,0.6255,0.6267,0.6256,0.6257,1544.92,0.625875,966.926805,1544.92,966.926805,
2022-11-11 23:35:00+00:00,0.627,0.6312,0.6275,0.6312,14320.45,0.629225,9010.78515125,14320.45,9010.78515125,
2022-11-11 23:40:00+00:00,0.628,0.6302,0.6296,0.629,769.98,0.6292,484.471416,769.98,484.471416,
2022-11-11 23:45:00+00:00,0.629,0.6307,0.6302,0.6302,1404.34,0.630025,884.7693085,1404.34,884.7693085,
2022-11-11 23:50:00+00:00,0.6296,0.636,0.6303,0.6345,18181.41,0.6326,11501.559966,18181.41,11501.559966,
2022-11-11 23:55:00+00:00,0.6317,0.6347,0.6332,0.6343,8497.59,0.633475,5383.01082525,8497.59,5383.01082525,
2022-11-12 00:00:00+00:00,0.6296,0.6359,0.6351,0.6296,1701.87,0.63255,1076.5178685,1701.87,1076.5178685,
2022-11-12 00:05:00+00:00,0.6281,0.6303,0.63,0.6281,2119.1,0.629125,1333.1787875,2119.1,1333.1787875,
2022-11-12 00:10:00+00:00,0.6258,0.6287,0.6278,0.6259,1311.86,0.62705,822.601813,1311.86,822.601813,
2022-11-12 00:15:00+00:00,0.6232,0.6251,0.6251,0.6239,5645.81,0.624325,3524.82032825,5645.81,3524.82032825,
2022-11-12 00:20:00+00:00,0.6226,0.6247,0.6245,0.6227,2242.08,0.623625,1398.21714,2242.08,1398.21714,
2022-11-12 00:25:00+00:00,0.6228,0.6244,0.6228,0.6232,704.78,0.6233,439.289374,704.78,439.289374,
2022-11-12 00:30:00+00:00,0.6228,0.6242,0.624,0.6236,115.11,0.62365,71.7883515,115.11,71.7883515,
2022-11-12 00:35:00+00:00,0.6228,0.6248,0.6239,0.6228,825.5,0.623575,514.7611625,825.5,514.7611625,
2022-11-12 00:40:00+00:00,0.6204,0.6237,0.6236,0.6207,1067.58,0.6221,664.141518,1067.58,664.141518,
2022-11-12 00:45:00+00:00,0.6204,0.6236,0.6207,0.6234,1327.91,0.622025,825.99321775,1327.91,825.99321775,
2022-11-12 00:50:00+00:00,0.6222,0.6236,0.6235,0.6222,690.66,0.622875,430.1948475,690.66,430.1948475,
2022-11-12 00:55:00+00:00,0.6216,0.623,0.6225,0.6223,515.44,0.62235,320.784084,515.44,320.784084,
2022-11-12 01:00:00+00:00,0.6217,0.6227,0.6221,0.6222,663.31,0.622175,412.69489925,663.31,412.69489925,
2022-11-12 01:05:00+00:00,0.6186,0.6216,0.6216,0.6203,4538.03,0.620525,2815.96106575,4538.03,2815.96106575,
2022-11-12 01:10:00+00:00,0.6189,0.621,0.6206,0.6196,674.85,0.620025,418.42387125,674.85,418.42387125,
2022-11-12 01:15:00+00:00,0.6202,0.6212,0.6202,0.6208,407.32,0.6206,252.782792,407.32,252.782792,
2022-11-12 01:20:00+00:00,0.6211,0.6222,0.6212,0.6222,489.02,0.621675,304.0115085,489.02,304.0115085,
2022-11-12 01:25:00+00:00,0.6214,0.622,0.6214,0.6218,130.13,0.62165,80.8953145,130.13,80.8953145,
2022-11-12 01:30:00+00:00,0.619,0.6222,0.6218,0.6198,1061.22,0.6207,658.699254,1061.22,658.699254,
2022-11-12 01:35:00+00:00,0.6184,0.6193,0.6193,0.6188,588.95,0.61895,364.5306025,588.95,364.5306025,
2022-11-12 01:40:00+00:00,0.6197,0.6227,0.6197,0.6222,1650.37,0.621075,1025.00354775,1650.37,1025.00354775,
2022-11-12 01:45:00+00:00,0.6214,0.6244,0.6214,0.6233,488.79,0.622625,304.33287375,488.79,304.33287375,
2022-11-12 01:50:00+00:00,0.6224,0.6237,0.6231,0.6231,1061.79,0.623075,661.57480425,1061.79,661.57480425,
2022-11-12 01:55:00+00:00,0.6227,0.6235,0.6231,0.6228,94.19,0.623025,58.68272475,94.19,58.68272475,
2022-11-12 02:00:00+00:00,0.621,0.6228,0.6228,0.6212,25600.38,0.62195,15922.156341,25600.38,15922.156341,
2022-11-12 02:05:00+00:00,0.6211,0.6238,0.6211,0.6237,876.41,0.622425,545.49949425,876.41,545.49949425,
2022-11-12 02:10:00+00:00,0.6228,0.6247,0.6228,0.6239,1712.56,0.62355,1067.866788,1712.56,1067.866788,
2022-11-12 02:15:00+00:00,0.6238,0.6252,0.6251,0.6243,1252.29,0.6246,782.180334,1252.29,782.180334,
2022-11-12 02:20:00+00:00,0.6251,0.6278,0.6251,0.6262,1191.05,0.62605,745.6568525,1191.05,745.6568525,
2022-11-12 02:25:00+00:00,0.6267,0.6291,0.6267,0.6278,1528.78,0.627575,959.4241085,1528.78,959.4241085,
2022-11-12 02:30:00+00:00,0.6253,0.6279,0.6279,0.6253,1241.32,0.6266,777.811112,1241.32,777.811112,
2022-11-12 02:35:00+00:00,0.6253,0.6265,0.6263,0.6253,338.12,0.62585,211.612402,338.12,211.612402,
2022-11-12 02:40:00+00:00,0.6243,0.6257,0.6257,0.6256,2534.07,0.625325,1584.61732275,2534.07,1584.61732275,
2022-11-12 02:45:00+00:00,0.6243,0.6258,0.6258,0.6247,1633.06,0.62515,1020.907459,1633.06,1020.907459,
2022-11-12 02:50:00+00:00,0.6241,0.6249,0.6249,0.6241,314.1,0.6245,196.15545,314.1,196.15545,
2022-11-12 02:55:00+00:00,0.6218,0.6248,0.6245,0.6218,1860.7,0.623225,1159.6347575,1860.7,1159.6347575,
2022-11-12 03:00:00+00:00,0.6219,0.6236,0.6219,0.6222,2125.96,0.6224,1323.197504,2125.96,1323.197504,
2022-11-12 03:05:00+00:00,0.62,0.6228,0.6219,0.62,8742.09,0.621175,5430.36775575,8742.09,5430.36775575,
2022-11-12 03:10:00+00:00,0.6196,0.6209,0.62,0.6203,2307.77,0.6202,1431.278954,2307.77,1431.278954,
2022-11-12 03:15:00+00:00,0.6199,0.6214,0.6201,0.6202,180.37,0.6204,111.901548,180.37,111.901548,
2022-11-12 03:20:00+00:00,0.6158,0.621,0.6207,0.6167,2619.09,0.61855,1620.0381195,2619.09,1620.0381195,
2022-11-12 03:25:00+00:00,0.617,0.6207,0.617,0.6187,25558.75,0.61835,15804.2530625,25558.75,15804.2530625,
2022-11-12 03:30:00+00:00,0.6177,0.6195,0.6181,0.6195,729.8,0.6187,451.52726,729.8,451.52726,
2022-11-12 03:35:00+00:00,0.6195,0.621,0.6195,0.6207,779.87,0.620175,483.65587725,779.87,483.65587725,
2022-11-12 03:40:00+00:00,0.6175,0.6209,0.6207,0.6196,4595.62,0.619675,2847.7908235,4595.62,2847.7908235,
2022-11-12 03:45:00+00:00,0.6166,0.6196,0.6196,0.6168,849.95,0.61815,525.3965925,849.95,525.3965925,
2022-11-12 03:50:00+00:00,0.6167,0.6201,0.6167,0.6188,3640.2,0.618075,2249.916615,3640.2,2249.916615,
2022-11-12 03:55:00+00:00,0.6172,0.6195,0.6172,0.6189,1994.14,0.6182,1232.777348,1994.14,1232.777348,
2022-11-12 04:00:00+00:00,0.618,0.6193,0.6184,0.618,1519.36,0.618425,939.610208,1519.36,939.610208,
2022-11-12 04:05:00+00:00,0.6174,0.6203,0.6183,0.6174,7384.87,0.61835,4566.4343645,7384.87,4566.4343645,
2022-11-12 04:10:00+00:00,0.6152,0.618,0.6171,0.6152,490.72,0.616375,302.46754,490.72,302.46754,
2022-11-12 04:15:00+00:00,0.6084,0.6151,0.6151,0.6106,4110.57,0.6123,2516.902011,4110.57,2516.902011,
2022-11-12 04:20:00+00:00,0.606,0.6109,0.6106,0.6062,6848.54,0.608425,4166.8229495,6848.54,4166.8229495,
2022-11-12 04:25:00+00:00,0.6066,0.6111,0.607,0.6066,10471.05,0.607825,6364.56596625,10471.05,6364.56596625,
2022-11-12 04:30:00+00:00,0.605,0.6082,0.6057,0.6082,1467.63,0.606775,890.52119325,1467.63,890.52119325,
2022-11-12 04:35:00+00:00,0.6074,0.6101,0.6083,0.6089,3085.27,0.608675,1877.92671725,3085.27,1877.92671725,
2022-11-12 04:40:00+00:00,0.6066,0.6093,0.6085,0.6066,4359.2,0.60775,2649.3038,4359.2,2649.3038,
2022-11-12 04:45:00+00:00,0.6044,0.6079,0.607,0.6044,1875.25,0.605925,1136.26085625,1875.25,1136.26085625,
2022-11-12 04:50:00+00:00,0.6039,0.6067,0.6045,0.6067,4685.51,0.60545,2836.8420295,4685.51,2836.8420295,
2022-11-12 04:55:00+00:00,0.6016,0.6081,0.6079,0.6029,3256.02,0.605125,1970.2991025,3256.02,1970.2991025,
2022-11-12 05:00:00+00:00,0.5982,0.6029,0.6029,0.6011,8966.26,0.601275,5391.1879815,8966.26,5391.1879815,
2022-11-12 05:05:00+00:00,0.5973,0.6026,0.6017,0.5973,1253.52,0.599725,751.767282,1253.52,751.767282,
2022-11-12 05:10:00+00:00,0.5912,0.5977,0.5972,0.5912,2360.31,0.594325,1402.79124075,2360.31,1402.79124075,
2022-11-12 05:15:00+00:00,0.589,0.596,0.5923,0.5959,7307.04,0.5933,4335.266832,7307.04,4335.266832,
2022-11-12 05:20:00+00:00,0.5943,0.5981,0.5956,0.596,2538.28,0.596,1512.81488,2538.28,1512.81488,
2022-11-12 05:25:00+00:00,0.5897,0.5948,0.5948,0.5934,1841.68,0.593175,1092.438534,1841.68,1092.438534,
2022-11-12 05:30:00+00:00,0.59,0.5944,0.5934,0.59,1434.33,0.59195,849.0516435,1434.33,849.0516435,
2022-11-12 05:35:00+00:00,0.5905,0.595,0.5905,0.5929,7445.01,0.592225,4409.12104725,7445.01,4409.12104725,
2022-11-12 05:40:00+00:00,0.5921,0.5952,0.5942,0.5934,11151.71,0.593725,6621.04901975,11151.71,6621.04901975,
2022-11-12 05:45:00+00:00,0.584,0.5935,0.5935,0.5865,12921.5,0.589375,7615.6090625,12921.5,7615.6090625,
2022-11-12 05:50:00+00:00,0.5873,0.5905,0.5873,0.5883,2006.13,0.58835,1180.3065855,2006.13,1180.3065855,
2022-11-12 05:55:00+00:00,0.5902,0.592,0.5911,0.5918,1594.11,0.591275,942.55739025,1594.11,942.55739025,
2022-11-12 06:00:00+00:00,0.5897,0.595,0.5907,0.5945,1731.62,0.592475,1025.9415595,1731.62,1025.9415595,
2022-11-12 06:05:00+00:00,0.5925,0.596,0.5943,0.596,2944.23,0.5947,1750.933581,2944.23,1750.933581,
2022-11-12 06:10:00+00:00,0.5945,0.5961,0.595,0.5948,1944.12,0.5951,1156.945812,1944.12,1156.945812,
2022-11-12 06:15:00+00:00,0.5927,0.5947,0.5944,0.5934,3621.92,0.5938,2150.696096,3621.92,2150.696096,
2022-11-12 06:20:00+00:00,0.5935,0.5963,0.5935,0.5952,3269.45,0.594625,1944.09670625,3269.45,1944.09670625,
2022-11-12 06:25:00+00:00,0.5912,0.5952,0.5952,0.5932,269.38,0.5937,159.930906,269.38,159.930906,
2022-11-12 06:30:00+00:00,0.5932,0.5949,0.5936,0.5947,995.51,0.5941,591.432491,995.51,591.432491,
2022-11-12 06:35:00+00:00,0.5943,0.6001,0.5943,0.6001,1563.9,0.5972,933.96108,1563.9,933.96108,
2022-11-12 06:40:00+00:00,0.5969,0.5992,0.5992,0.5969,62.49,0.59805,37.3721445,62.49,37.3721445,
2022-11-12 06:45:00+00:00,0.5978,0.5999,0.5979,0.599,675.71,0.59865,404.5137915,675.71,404.5137915,
2022-11-12 06:50:00+00:00,0.5985,0.6021,0.5987,0.6016,982.92,0.600225,589.973157,982.92,589.973157,
2022-11-12 06:55:00+00:00,0.6001,0.6018,0.6001,0.6005,367.48,0.600625,220.717675,367.48,220.717675,
2022-11-12 07:00:00+00:00,0.5986,0.6027,0.6005,0.6027,7113.95,0.601125,4276.37319375,7113.95,4276.37319375,
2022-11-12 07:05:00+00:00,0.6011,0.603,0.6014,0.6028,149.91,0.602075,90.25706325,149.91,90.25706325,
2022-11-12 07:10:00+00:00,0.6035,0.6057,0.6036,0.6055,112.18,0.604575,67.8212235,112.18,67.8212235,
2022-11-12 07:15:00+00:00,0.6051,0.6082,0.6056,0.6082,543.58,0.606775,329.8307545,543.58,329.8307545,
2022-11-12 07:20:00+00:00,0.6076,0.6113,0.6082,0.6076,1058.03,0.608675,643.99641025,1058.03,643.99641025,
2022-11-12 07:25:00+00:00,0.606,0.6091,0.6076,0.6062,1736.74,0.607225,1054.5919465,1736.74,1054.5919465,
2022-11-12 07:30:00+00:00,0.6034,0.6078,0.607,0.6036,1686.73,0.60545,1021.2306785,1686.73,1021.2306785,
2022-11-12 07:35:00+00:00,0.6038,0.6051,0.6046,0.6038,531.54,0.604325,321.2229105,531.54,321.2229105,
2022-11-12 07:40:00+00:00,0.6026,0.6042,0.6037,0.6026,595.59,0.603275,359.30455725,595.59,359.30455725,
2022-11-12 07:45:00+00:00,0.6011,0.6032,0.6029,0.6032,5116.37,0.6026,3083.124562,5116.37,3083.124562,
2022-11-12 07:50:00+00:00,0.6032,0.6048,0.6036,0.6044,3815.42,0.604,2304.51368,3815.42,2304.51368,
2022-11-12 07:55:00+00:00,0.604,0.6054,0.6044,0.6054,516.43,0.6048,312.336864,516.43,312.336864,
2022-11-12 08:00:00+00:00,0.602,0.6057,0.6045,0.602,1000.98,0.60355,604.141479,1000.98,604.141479,
2022-11-12 08:05:00+00:00,0.6013,0.6029,0.6018,0.6029,7.88,0.602225,4.745533,7.88,4.745533,
2022-11-12 08:10:00+00:00,0.6034,0.604,0.604,0.6038,61.28,0.6038,37.000864,61.28,37.000864,
2022-11-12 08:15:00+00:00,0.6033,0.6043,0.6035,0.604,948.1,0.603775,572.4390775,948.1,572.4390775,
2022-11-12 08:20:00+00:00,0.5991,0.6032,0.6032,0.5993,1818.88,0.6012,1093.510656,1818.88,1093.510656,
2022-11-12 08:25:00+00:00,0.598,0.6001,0.6,0.5986,423.64,0.599175,253.834497,423.64,253.834497,
2022-11-12 08:30:00+00:00,0.5982,0.6035,0.5993,0.6035,287.56,0.601125,172.859505,287.56,172.859505,
2022-11-12 08:35:00+00:00,0.6021,0.6064,0.6052,0.6036,4060.62,0.604325,2453.9341815,4060.62,2453.9341815,
2022-11-12 08:40:00+00:00,0.6048,0.6057,0.6057,0.6052,59.08,0.60535,35.764078,59.08,35.764078,
2022-11-12 08:45:00+00:00,0.6026,0.6031,0.6031,0.6026,1188.19,0.60285,716.3003415,1188.19,716.3003415,
2022-11-12 08:50:00+00:00,0.6018,0.6031,0.6031,0.6024,594.0,0.6026,357.9444,594.0,357.9444,
2022-11-12 08:55:00+00:00,0.6007,0.6028,0.6016,0.6007,530.45,0.60145,319.0391525,530.45,319.0391525,
2022-11-12 09:00:00+00:00,0.5979,0.6006,0.6006,0.5979,597.12,0.59925,357.82416,597.12,357.82416,
2022-11-12 09:05:00+00:00,0.5983,0.6007,0.599,0.6007,485.64,0.599675,291.226167,485.64,291.226167,
2022-11-12 09:10:00+00:00,0.6007,0.6022,0.6008,0.6022,890.64,0.601475,535.697694,890.64,535.697694,
2022-11-12 09:15:00+00:00,0.6027,0.6031,0.6029,0.6031,13.56,0.60295,8.176002,13.56,8.176002,
2022-11-12 09:20:00+00:00,0.6024,0.6035,0.6035,0.6027,37.09,0.603025,22.36619725,37.09,22.36619725,
2022-11-12 09:25:00+00:00,0.6017,0.6029,0.6022,0.6022,222.78,0.60225,134.169255,222.78,134.169255,
2022-11-12 09:30:00+00:00,0.6018,0.6032,0.6018,0.602,60.39,0.6022,36.366858,60.39,36.366858,
2022-11-12 09:35:00+00:00,0.6021,0.603,0.6026,0.6021,1542.03,0.60245,928.9959735,1542.03,928.9959735,
2022-11-12 09:40:00+00:00,0.6026,0.6037,0.6027,0.6037,6.21,0.603175,3.74571675,6.21,3.74571675,
2022-11-12 09:45:00+00:00,0.6025,0.604,0.604,0.6025,248.24,0.60325,149.75078,248.24,149.75078,
2022-11-12 09:50:00+00:00,0.6003,0.6037,0.6014,0.6037,136.19,0.602275,82.02383225,136.19,82.02383225,
2022-11-12 09:55:00+00:00,0.6028,0.6044,0.6044,0.6038,309.45,0.60385,186.8613825,309.45,186.8613825,
2022-11-12 10:00:00+00:00,0.6016,0.6047,0.6042,0.6026,257.26,0.603275,155.1985265,257.26,155.1985265,
2022-11-12 10:05:00+00:00,0.602,0.6032,0.603,0.6032,596.96,0.60285,359.877336,596.96,359.877336,
2022-11-12 10:10:00+00:00,0.6034,0.6074,0.6034,0.6074,872.42,0.6054,528.163068,872.42,528.163068,
2022-11-12 10:15:00+00:00,0.6072,0.6116,0.6072,0.6076,55.03,0.6084,33.480252,55.03,33.480252,
2022-11-12 10:20:00+00:00,0.6059,0.6079,0.6076,0.6059,724.49,0.606825,439.63864425,724.49,439.63864425,
2022-11-12 10:25:00+00:00,0.6054,0.6082,0.6066,0.6073,870.25,0.606875,528.13296875,870.25,528.13296875,
2022-11-12 10:30:00+00:00,0.6076,0.6106,0.6083,0.609,2410.93,0.608875,1467.95500375,2410.93,1467.95500375,
2022-11-12 10:35:00+00:00,0.6056,0.6084,0.6083,0.6056,485.67,0.606975,294.78954825,485.67,294.78954825,
2022-11-12 10:40:00+00:00,0.6047,0.6072,0.6063,0.6056,383.54,0.60595,232.406063,383.54,232.406063,
2022-11-12 10:45:00+00:00,0.602,0.6055,0.6055,0.6026,502.0,0.6039,303.1578,502.0,303.1578,
2022-11-12 10:50:00+00:00,0.6024,0.604,0.6039,0.6024,168.42,0.603175,101.5867335,168.42,101.5867335,
2022-11-12 10:55:00+00:00,0.601,0.6049,0.6022,0.6043,956.07,0.6031,576.605817,956.07,576.605817,
2022-11-12 11:00:00+00:00,0.6029,0.6067,0.6029,0.6045,599.68,0.60425,362.35664,599.68,362.35664,
2022-11-12 11:05:00+00:00,0.6045,0.6056,0.605,0.6051,384.12,0.60505,232.411806,384.12,232.411806,
2022-11-12 11:10:00+00:00,0.6001,0.6057,0.6057,0.602,2473.73,0.603375,1492.58683875,2473.73,1492.58683875,
2022-11-12 11:15:00+00:00,0.6014,0.6043,0.6026,0.6025,1630.01,0.6027,982.407027,1630.01,982.407027,
2022-11-12 11:20:00+00:00,0.6015,0.6032,0.6032,0.6027,456.34,0.60265,275.013301,456.34,275.013301,
2022-11-12 11:25:00+00:00,0.6011,0.6047,0.6024,0.6044,2651.71,0.60315,1599.3788865,2651.71,1599.3788865,
2022-11-12 11:30:00+00:00,0.6029,0.6045,0.6045,0.6034,1332.59,0.603825,804.65115675,1332.59,804.65115675,
2022-11-12 11:35:00+00:00,0.6037,0.6073,0.6037,0.6073,541.17,0.6055,327.678435,541.17,327.678435,
2022-11-12 11:40:00+00:00,0.6043,0.6073,0.6067,0.6056,352.89,0.605975,213.84251775,352.89,213.84251775,
2022-11-12 11:45:00+00:00,0.6015,0.604,0.604,0.6015,516.05,0.60275,311.0491375,516.05,311.0491375,
2022-11-12 11:50:00+00:00,0.6028,0.6051,0.6028,0.6046,778.21,0.603825,469.90265325,778.21,469.90265325,
2022-11-12 11:55:00+00:00,0.6048,0.6068,0.6054,0.6061,2830.5,0.605775,1714.6461375,2830.5,1714.6461375,
2022-11-12 12:00:00+00:00,0.6072,0.6086,0.6072,0.608,22.51,0.60775,13.6804525,22.51,13.6804525,
2022-11-12 12:05:00+00:00,0.6055,0.6083,0.6083,0.6055,400.24,0.6069,242.905656,400.24,242.905656,
2022-11-12 12:10:00+00:00,0.6044,0.6057,0.6054,0.6055,57.97,0.60525,35.0863425,57.97,35.0863425,
2022-11-12 12:15:00+00:00,0.6023,0.6054,0.6054,0.6023,452.02,0.60385,272.952277,452.02,272.952277,
2022-11-12 12:20:00+00:00,0.6023,0.6031,0.6031,0.6028,20.01,0.602825,12.06252825,20.01,12.06252825,
2022-11-12 12:25:00+00:00,0.6016,0.6053,0.6033,0.6016,16398.21,0.60295,9887.3007195,16398.21,9887.3007195,
2022-11-12 12:30:00+00:00,0.6007,0.604,0.602,0.6007,1073.63,0.60185,646.1642155,1073.63,646.1642155,
2022-11-12 12:35:00+00:00,0.6025,0.6039,0.6028,0.6031,1471.23,0.603075,887.26203225,1471.23,887.26203225,
2022-11-12 12:40:00+00:00,0.6024,0.606,0.6032,0.606,4171.69,0.6044,2521.369436,4171.69,2521.369436,
2022-11-12 12:45:00+00:00,0.6042,0.607,0.607,0.6057,2165.22,0.605975,1312.0691895,2165.22,1312.0691895,
2022-11-12 12:50:00+00:00,0.6043,0.6065,0.6048,0.6053,589.88,0.605225,357.010123,589.88,357.010123,
2022-11-12 12:55:00+00:00,0.6044,0.6064,0.6046,0.6053,333.92,0.605175,202.080036,333.92,202.080036,
2022-11-12 13:00:00+00:00,0.6044,0.6066,0.6053,0.6044,138.33,0.605175,83.71385775,138.33,83.71385775,
2022-11-12 13:05:00+00:00,0.6,0.6053,0.6046,0.6,2820.48,0.602475,1699.268688,2820.48,1699.268688,
2022-11-12 13:10:00+00:00,0.5987,0.6001,0.5999,0.5992,713.91,0.599475,427.97119725,713.91,427.97119725,
2022-11-12 13:15:00+00:00,0.5992,0.6019,0.6002,0.5996,1462.39,0.600225,877.76303775,1462.39,877.76303775,
2022-11-12 13:20:00+00:00,0.6003,0.6017,0.6005,0.6003,1500.78,0.6007,901.518546,1500.78,901.518546,
2022-11-12 13:25:00+00:00,0.6006,0.6024,0.6006,0.6024,256.78,0.6015,154.45317,256.78,154.45317,
2022-11-12 13:30:00+00:00,0.5988,0.6022,0.6017,0.6009,417.8,0.6009,251.05602,417.8,251.05602,
2022-11-12 13:35:00+00:00,0.6009,0.6041,0.6009,0.6032,1294.16,0.602275,779.440214,1294.16,779.440214,
2022-11-12 13:40:00+00:00,0.6014,0.6039,0.6024,0.6023,33402.25,0.6025,20124.855625,33402.25,20124.855625,
2022-11-12 13:45:00+00:00,0.6034,0.605,0.6034,0.604,401.19,0.60395,242.2987005,401.19,242.2987005,
2022-11-12 13:50:00+00:00,0.6029,0.6044,0.6038,0.6041,1168.45,0.6038,705.51011,1168.45,705.51011,
2022-11-12 13:55:00+00:00,0.6039,0.6051,0.6049,0.6049,516.09,0.6047,312.079623,516.09,312.079623,
2022-11-12 14:00:00+00:00,0.5974,0.6046,0.6046,0.5995,1969.26,0.601525,1184.5591215,1969.26,1184.5591215,
2022-11-12 14:05:00+00:00,0.598,0.6006,0.5991,0.598,491.89,0.598925,294.60521825,491.89,294.60521825,
2022-11-12 14:10:00+00:00,0.5976,0.6,0.5976,0.599,1301.58,0.59855,779.060709,1301.58,779.060709,
2022-11-12 14:15:00+00:00,0.5998,0.6043,0.5998,0.6043,573.27,0.60205,345.1372035,573.27,345.1372035,
2022-11-12 14:20:00+00:00,0.6036,0.6058,0.6058,0.6044,650.12,0.6049,393.257588,650.12,393.257588,
2022-11-12 14:25:00+00:00,0.6041,0.6069,0.6044,0.6069,502.86,0.605575,304.5194445,502.86,304.5194445,
2022-11-12 14:30:00+00:00,0.6061,0.6081,0.607,0.6061,30.28,0.606825,18.374661,30.28,18.374661,
2022-11-12 14:35:00+00:00,0.6039,0.6063,0.6063,0.6039,576.09,0.6051,348.592059,576.09,348.592059,
2022-11-12 14:40:00+00:00,0.604,0.6068,0.6052,0.6068,239.75,0.6057,145.216575,239.75,145.216575,
2022-11-12 14:45:00+00:00,0.606,0.61,0.606,0.6075,258.14,0.607375,156.7877825,258.14,156.7877825,
2022-11-12 14:50:00+00:00,0.6044,0.6075,0.6075,0.607,2014.67,0.6066,1222.098822,2014.67,1222.098822,
2022-11-12 14:55:00+00:00,0.6048,0.6086,0.6068,0.6077,2825.54,0.606975,1715.0321415,2825.54,1715.0321415,
2022-11-12 15:00:00+00:00,0.6052,0.6078,0.6073,0.6077,1569.08,0.607,952.43156,1569.08,952.43156,
2022-11-12 15:05:00+00:00,0.6081,0.6103,0.6081,0.6088,1304.74,0.608825,794.3583305,1304.74,794.3583305,
2022-11-12 15:10:00+00:00,0.608,0.6106,0.6086,0.6099,917.35,0.609275,558.91842125,917.35,558.91842125,
2022-11-12 15:15:00+00:00,0.6086,0.6105,0.6104,0.6087,1539.44,0.60955,938.365652,1539.44,938.365652,
2022-11-12 15:20:00+00:00,0.6061,0.609,0.6085,0.6074,4506.1,0.60775,2738.582275,4506.1,2738.582275,
2022-11-12 15:25:00+00:00,0.6072,0.6089,0.6076,0.6081,1238.48,0.60795,752.933916,1238.48,752.933916,
2022-11-12 15:30:00+00:00,0.6072,0.609,0.6082,0.6089,4834.54,0.608325,2940.9715455,4834.54,2940.9715455,
2022-11-12 15:35:00+00:00,0.606,0.6074,0.606,0.6071,2264.1,0.606625,1373.4596625,2264.1,1373.4596625,
2022-11-12 15:40:00+00:00,0.606,0.6077,0.6062,0.6068,1251.51,0.606675,759.25982925,1251.51,759.25982925,
2022-11-12 15:45:00+00:00,0.6061,0.6084,0.6061,0.6064,547.93,0.60675,332.4565275,547.93,332.4565275,
2022-11-12 15:50:00+00:00,0.6068,0.608,0.6069,0.608,784.54,0.607425,476.5492095,784.54,476.5492095,
2022-11-12 15:55:00+00:00,0.6061,0.6079,0.6072,0.6072,1235.72,0.6071,750.205612,1235.72,750.205612,
2022-11-12 16:00:00+00:00,0.6044,0.6067,0.6067,0.605,3177.43,0.6057,1924.569351,3177.43,1924.569351,
2022-11-12 16:05:00+00:00,0.6045,0.6073,0.6059,0.6065,604.41,0.60605,366.3026805,604.41,366.3026805,
2022-11-12 16:10:00+00:00,0.6059,0.6084,0.6059,0.6084,767.38,0.60715,465.914767,767.38,465.914767,
2022-11-12 16:15:00+00:00,0.6055,0.61,0.6091,0.6068,492.47,0.60785,299.3478895,492.47,299.3478895,
2022-11-12 16:20:00+00:00,0.6045,0.6067,0.6067,0.6052,513.32,0.605775,310.956423,513.32,310.956423,
2022-11-12 16:25:00+00:00,0.6034,0.6058,0.6045,0.6043,1654.94,0.6045,1000.41123,1654.94,1000.41123,
2022-11-12 16:30:00+00:00,0.6021,0.6049,0.6041,0.6021,943.52,0.6033,569.225616,943.52,569.225616,
2022-11-12 16:35:00+00:00,0.6032,0.6044,0.6035,0.6034,1097.81,0.603625,662.66556125,1097.81,662.66556125,
2022-11-12 16:40:00+00:00,0.6026,0.6069,0.6034,0.6069,526.19,0.60495,318.3186405,526.19,318.3186405,
2022-11-12 16:45:00+00:00,0.6051,0.6072,0.6065,0.6066,1524.1,0.60635,924.138035,1524.1,924.138035,
2022-11-12 16:50:00+00:00,0.6042,0.6061,0.6054,0.6056,328.37,0.605325,198.77057025,328.37,198.77057025,
2022-11-12 16:55:00+00:00,0.6049,0.606,0.605,0.605,160.62,0.605225,97.2112395,160.62,97.2112395,
2022-11-12 17:00:00+00:00,0.6043,0.6063,0.6058,0.6045,1702.78,0.605225,1030.5650255,1702.78,1030.5650255,
2022-11-12 17:05:00+00:00,0.6004,0.6054,0.6044,0.6016,972.64,0.60295,586.453288,972.64,586.453288,
2022-11-12 17:10:00+00:00,0.6004,0.6038,0.6017,0.6019,723.16,0.60195,435.306162,723.16,435.306162,
2022-11-12 17:15:00+00:00,0.6008,0.6026,0.6026,0.6008,588.03,0.6017,353.817651,588.03,353.817651,
2022-11-12 17:20:00+00:00,0.6016,0.6031,0.6017,0.6031,423.44,0.602375,255.06967,423.44,255.06967,
2022-11-12 17:25:00+00:00,0.601,0.603,0.603,0.601,839.32,0.602,505.27064,839.32,505.27064,
2022-11-12 17:30:00+00:00,0.6014,0.6037,0.6022,0.6037,1544.72,0.60275,931.07998,1544.72,931.07998,
2022-11-12 17:35:00+00:00,0.6017,0.6034,0.6027,0.6025,1320.04,0.602575,795.423103,1320.04,795.423103,
2022-11-12 17:40:00+00:00,0.6021,0.6033,0.6021,0.6021,275.78,0.6024,166.129872,275.78,166.129872,
2022-11-12 17:45:00+00:00,0.6027,0.6042,0.6029,0.6027,607.23,0.603125,366.23559375,607.23,366.23559375,
2022-11-12 17:50:00+00:00,0.6018,0.6034,0.6034,0.6018,524.52,0.6026,316.075752,524.52,316.075752,
2022-11-12 17:55:00+00:00,0.6018,0.603,0.6018,0.603,51.05,0.6024,30.75252,51.05,30.75252,
2022-11-12 18:00:00+00:00,0.6022,0.6037,0.6023,0.6037,358.32,0.602975,216.058002,358.32,216.058002,
2022-11-12 18:05:00+00:00,0.6015,0.6037,0.6026,0.602,1554.08,0.60245,936.255496,1554.08,936.255496,
2022-11-12 18:10:00+00:00,0.598,0.6019,0.6019,0.598,7472.14,0.59995,4482.910393,7472.14,4482.910393,
2022-11-12 18:15:00+00:00,0.598,0.6005,0.598,0.6002,504.27,0.599175,302.14597725,504.27,302.14597725,
2022-11-12 18:20:00+00:00,0.5987,0.6004,0.6004,0.5993,679.62,0.5997,407.568114,679.62,407.568114,
2022-11-12 18:25:00+00:00,0.5991,0.6003,0.6003,0.5999,847.24,0.5999,508.259276,847.24,508.259276,
2022-11-12 18:30:00+00:00,0.5995,0.6009,0.5995,0.5998,775.8,0.599925,465.421815,775.8,465.421815,
2022-11-12 18:35:00+00:00,0.5986,0.5998,0.5986,0.5996,195.55,0.59915,117.1637825,195.55,117.1637825,
2022-11-12 18:40:00+00:00,0.5987,0.6009,0.5991,0.6009,1286.87,0.5999,771.993313,1286.87,771.993313,
2022-11-12 18:45:00+00:00,0.5993,0.6015,0.5995,0.6007,1455.02,0.60025,873.375755,1455.02,873.375755,
2022-11-12 18:50:00+00:00,0.5996,0.6012,0.6012,0.5996,403.86,0.6004,242.477544,403.86,242.477544,
2022-11-12 18:55:00+00:00,0.5997,0.6012,0.5997,0.6001,1535.65,0.600175,921.65873875,1535.65,921.65873875,
2022-11-12 19:00:00+00:00,0.6005,0.6014,0.6008,0.6013,289.49,0.601,173.98349,289.49,173.98349,
2022-11-12 19:05:00+00:00,0.6007,0.6017,0.6011,0.6008,349.33,0.601075,209.97352975,349.33,209.97352975,
2022-11-12 19:10:00+00:00,0.6008,0.6021,0.6014,0.6016,316.45,0.601475,190.33676375,316.45,190.33676375,
2022-11-12 19:15:00+00:00,0.5999,0.6018,0.6009,0.6008,2379.89,0.60085,1429.9569065,2379.89,1429.9569065,
2022-11-12 19:20:00+00:00,0.5999,0.6015,0.6004,0.6015,234.36,0.600825,140.809347,234.36,140.809347,
2022-11-12 19:25:00+00:00,0.6014,0.6023,0.6017,0.6015,1443.03,0.601725,868.30722675,1443.03,868.30722675,
2022-11-12 19:30:00+00:00,0.601,0.6025,0.6025,0.601,680.35,0.60175,409.4006125,680.35,409.4006125,
2022-11-12 19:35:00+00:00,0.6,0.6012,0.6004,0.6005,582.86,0.600525,350.0220015,582.86,350.0220015,
2022-11-12 19:40:00+00:00,0.5998,0.6015,0.6011,0.6004,661.03,0.6007,397.080721,661.03,397.080721,
2022-11-12 19:45:00+00:00,0.5986,0.6004,0.6002,0.5997,808.29,0.599725,484.75172025,808.29,484.75172025,
2022-11-12 19:50:00+00:00,0.5988,0.6003,0.5989,0.6001,135.48,0.599525,81.223647,135.48,81.223647,
2022-11-12 19:55:00+00:00,0.5996,0.6009,0.6002,0.5998,653.28,0.600125,392.04966,653.28,392.04966,
2022-11-12 20:00:00+00:00,0.5993,0.6007,0.5998,0.5994,576.27,0.5998,345.646746,576.27,345.646746,
2022-11-12 20:05:00+00:00,0.5986,0.5998,0.5997,0.5998,1942.83,0.599475,1164.67801425,1942.83,1164.67801425,
2022-11-12 20:10:00+00:00,0.5979,0.5997,0.5985,0.5979,427.53,0.5985,255.876705,427.53,255.876705,
2022-11-12 20:15:00+00:00,0.598,0.5992,0.598,0.5983,306.48,0.598375,183.38997,306.48,183.38997,
2022-11-12 20:20:00+00:00,0.5979,0.5996,0.5986,0.5979,345.59,0.5985,206.835615,345.59,206.835615,
2022-11-12 20:25:00+00:00,0.5979,0.5987,0.5979,0.5982,338.31,0.598175,202.36858425,338.31,202.36858425,
2022-11-12 20:30:00+00:00,0.597,0.5987,0.5979,0.5972,8372.36,0.5977,5004.159572,8372.36,5004.159572,
2022-11-12 20:35:00+00:00,0.5971,0.5977,0.5973,0.5971,1207.71,0.5973,721.365183,1207.71,721.365183,
2022-11-12 20:40:00+00:00,0.5971,0.5979,0.5971,0.5977,37.29,0.59745,22.2789105,37.29,22.2789105,
2022-11-12 20:45:00+00:00,0.594,0.5989,0.5977,0.5947,8768.44,0.596325,5228.839983,8768.44,5228.839983,
2022-11-12 20:50:00+00:00,0.595,0.597,0.5953,0.5966,4145.13,0.595975,2470.39385175,4145.13,2470.39385175,
2022-11-12 20:55:00+00:00,0.5956,0.5972,0.5965,0.5961,747.98,0.59635,446.057873,747.98,446.057873,
2022-11-12 21:00:00+00:00,0.5955,0.5976,0.5957,0.5976,426.23,0.5966,254.288818,426.23,254.288818,
2022-11-12 21:05:00+00:00,0.5974,0.5987,0.5987,0.5979,247.53,0.598175,148.06625775,247.53,148.06625775,
2022-11-12 21:10:00+00:00,0.5977,0.5992,0.5977,0.5984,539.86,0.59825,322.971245,539.86,322.971245,
2022-11-12 21:15:00+00:00,0.5983,0.5997,0.5994,0.5989,708.09,0.599075,424.19901675,708.09,424.19901675,
2022-11-12 21:20:00+00:00,0.5947,0.5995,0.5988,0.5959,2211.83,0.597225,1320.96017175,2211.83,1320.96017175,
2022-11-12 21:25:00+00:00,0.5954,0.5978,0.596,0.5954,554.58,0.59615,330.612867,554.58,330.612867,
2022-11-12 21:30:00+00:00,0.5954,0.5964,0.5961,0.5954,576.07,0.595825,343.23690775,576.07,343.23690775,
2022-11-12 21:35:00+00:00,0.5947,0.5963,0.5956,0.5963,393.0,0.595725,234.119925,393.0,234.119925,
2022-11-12 21:40:00+00:00,0.5946,0.5968,0.5968,0.5952,398.84,0.59585,237.648814,398.84,237.648814,
2022-11-12 21:45:00+00:00,0.5956,0.5973,0.5956,0.5963,748.44,0.5962,446.219928,748.44,446.219928,
2022-11-12 21:50:00+00:00,0.5962,0.5977,0.5966,0.5972,1475.2,0.596925,880.58376,1475.2,880.58376,
2022-11-12 21:55:00+00:00,0.5961,0.5975,0.5972,0.5972,2762.27,0.597,1649.07519,2762.27,1649.07519,
2022-11-12 22:00:00+00:00,0.5963,0.5972,0.5971,0.5963,84.93,0.596725,50.67985425,84.93,50.67985425,
2022-11-12 22:05:00+00:00,0.5964,0.5976,0.597,0.5971,127.7,0.597025,76.2400925,127.7,76.2400925,
2022-11-12 22:10:00+00:00,0.5965,0.5973,0.5971,0.5973,1526.56,0.59705,911.432648,1526.56,911.432648,
2022-11-12 22:15:00+00:00,0.5963,0.5971,0.5967,0.5967,402.7,0.5967,240.29109,402.7,240.29109,
2022-11-12 22:20:00+00:00,0.5965,0.5975,0.5972,0.5967,578.33,0.596975,345.24855175,578.33,345.24855175,
2022-11-12 22:25:00+00:00,0.5963,0.5974,0.5967,0.5963,3468.93,0.596675,2069.82380775,3468.93,2069.82380775,
2022-11-12 22:30:00+00:00,0.5964,0.5974,0.5964,0.5972,387.74,0.59685,231.422619,387.74,231.422619,
2022-11-12 22:35:00+00:00,0.5967,0.5974,0.5967,0.5971,278.52,0.596975,166.269477,278.52,166.269477,
2022-11-12 22:40:00+00:00,0.5974,0.5989,0.5975,0.5981,355.4,0.597975,212.520315,355.4,212.520315,
2022-11-12 22:45:00+00:00,0.598,0.5997,0.598,0.599,195.36,0.598675,116.957148,195.36,116.957148,
2022-11-12 22:50:00+00:00,0.599,0.6003,0.599,0.599,1017.62,0.599325,609.8851065,1017.62,609.8851065,
2022-11-12 22:55:00+00:00,0.599,0.5997,0.5997,0.5994,289.66,0.59945,173.636687,289.66,173.636687,
2022-11-12 23:00:00+00:00,0.5986,0.6,0.5999,0.5986,1690.39,0.599275,1013.00846725,1690.39,1013.00846725,
2022-11-12 23:05:00+00:00,0.5981,0.599,0.5987,0.5983,804.46,0.598525,481.4894215,804.46,481.4894215,
2022-11-12 23:10:00+00:00,0.5975,0.599,0.5982,0.5975,595.57,0.59805,356.1806385,595.57,356.1806385,
2022-11-12 23:15:00+00:00,0.5965,0.5995,0.5971,0.5979,10078.85,0.59775,6024.6325875,10078.85,6024.6325875,
2022-11-12 23:20:00+00:00,0.5979,0.5991,0.5982,0.5985,1084.12,0.598425,648.764511,1084.12,648.764511,
2022-11-12 23:25:00+00:00,0.5902,0.5992,0.5992,0.5912,3229.08,0.59495,1921.141146,3229.08,1921.141146,
2022-11-12 23:30:00+00:00,0.589,0.5925,0.5911,0.5892,2492.22,0.59045,1471.531299,2492.22,1471.531299,
2022-11-12 23:35:00+00:00,0.5888,0.5925,0.5888,0.5925,545.14,0.59065,321.986941,545.14,321.986941,
2022-11-12 23:40:00+00:00,0.5905,0.5928,0.592,0.5928,768.45,0.592025,454.94161125,768.45,454.94161125,
2022-11-12 23:45:00+00:00,0.588,0.5944,0.5928,0.5936,33616.67,0.5922,19907.791974,33616.67,19907.791974,
2022-11-12 23:50:00+00:00,0.5913,0.5925,0.5913,0.5919,190.74,0.59175,112.870395,190.74,112.870395,
2022-11-12 23:55:00+00:00,0.5918,0.5931,0.593,0.5931,1702.08,0.59275,1008.90792,1702.08,1008.90792,
2022-11-13 00:00:00+00:00,0.5926,0.5946,0.5935,0.5946,5458.52,0.593825,3241.405639,5458.52,3241.405639,
2022-11-13 00:05:00+00:00,0.5903,0.5943,0.5943,0.593,1129.44,0.592975,669.729684,1129.44,669.729684,
2022-11-13 00:10:00+00:00,0.5916,0.5945,0.5935,0.5945,1597.03,0.593525,947.87723075,1597.03,947.87723075,
2022-11-13 00:15:00+00:00,0.5937,0.5975,0.5937,0.5967,543.85,0.5954,323.80829,543.85,323.80829,
2022-11-13 00:20:00+00:00,0.5967,0.5997,0.5987,0.5997,1780.53,0.5987,1066.003311,1780.53,1066.003311,
2022-11-13 00:25:00+00:00,0.5975,0.5997,0.5997,0.5975,2778.55,0.5986,1663.24003,2778.55,1663.24003,
2022-11-13 00:30:00+00:00,0.5985,0.6007,0.6007,0.5985,399.41,0.5996,239.486236,399.41,239.486236,
2022-11-13 00:35:00+00:00,0.5971,0.5985,0.5977,0.5971,187.09,0.5976,111.804984,187.09,111.804984,
2022-11-13 00:40:00+00:00,0.598,0.6039,0.5983,0.6039,3309.44,0.601025,1989.056176,3309.44,1989.056176,
2022-11-13 00:45:00+00:00,0.6009,0.6026,0.6024,0.602,242.84,0.601975,146.183609,242.84,146.183609,
2022-11-13 00:50:00+00:00,0.6001,0.602,0.6003,0.6011,119.42,0.600875,71.7564925,119.42,71.7564925,
2022-11-13 00:55:00+00:00,0.5998,0.6023,0.6004,0.6008,560.93,0.600825,337.02076725,560.93,337.02076725,
2022-11-13 01:00:00+00:00,0.602,0.6064,0.602,0.6059,593.15,0.604075,358.30708625,593.15,358.30708625,
2022-11-13 01:05:00+00:00,0.6045,0.6092,0.605,0.6055,1706.58,0.60605,1034.272809,1706.58,1034.272809,
2022-11-13 01:10:00+00:00,0.605,0.6062,0.6062,0.6053,504.18,0.605675,305.3692215,504.18,305.3692215,
2022-11-13 01:15:00+00:00,0.6042,0.606,0.6047,0.606,904.92,0.605225,547.680207,904.92,547.680207,
2022-11-13 01:20:00+00:00,0.6049,0.6072,0.606,0.6049,1512.44,0.60575,916.16053,1512.44,916.16053,
2022-11-13 01:25:00+00:00,0.6029,0.6056,0.6056,0.6029,378.2,0.60425,228.52735,378.2,228.52735,
2022-11-13 01:30:00+00:00,0.6035,0.6078,0.6035,0.6078,426.04,0.60565,258.031126,426.04,258.031126,
2022-11-13 01:35:00+00:00,0.6067,0.6081,0.6069,0.6081,537.85,0.60745,326.7169825,537.85,326.7169825,
2022-11-13 01:40:00+00:00,0.6083,0.6098,0.6086,0.6097,869.0,0.6091,529.3079,869.0,529.3079,
2022-11-13 01:45:00+00:00,0.6064,0.61,0.61,0.6068,732.6,0.6083,445.64058,732.6,445.64058,
2022-11-13 01:50:00+00:00,0.6068,0.6101,0.6068,0.61,2559.86,0.608425,1557.4828205,2559.86,1557.4828205,
2022-11-13 01:55:00+00:00,0.6108,0.6109,0.6108,0.6109,84.76,0.61085,51.775646,84.76,51.775646,
2022-11-13 02:00:00+00:00,0.6098,0.611,0.61,0.6098,2487.19,0.61015,1517.5589785,2487.19,1517.5589785,
2022-11-13 02:05:00+00:00,0.6091,0.6108,0.6108,0.6096,189.04,0.610075,115.328578,189.04,115.328578,
2022-11-13 02:10:00+00:00,0.609,0.6102,0.6098,0.609,240.5,0.6095,146.58475,240.5,146.58475,
2022-11-13 02:15:00+00:00,0.6074,0.6104,0.6074,0.6095,447.48,0.608675,272.369889,447.48,272.369889,
2022-11-13 02:20:00+00:00,0.6091,0.6104,0.61,0.6095,831.18,0.60975,506.812005,831.18,506.812005,
2022-11-13 02:25:00+00:00,0.6088,0.6116,0.6096,0.6104,8258.33,0.6101,5038.407133,8258.33,5038.407133,
2022-11-13 02:30:00+00:00,0.6084,0.6103,0.61,0.6089,2944.76,0.6094,1794.536744,2944.76,1794.536744,
2022-11-13 02:35:00+00:00,0.6081,0.6097,0.6081,0.6089,660.99,0.6087,402.344613,660.99,402.344613,
2022-11-13 02:40:00+00:00,0.6083,0.6097,0.6083,0.6093,425.84,0.6089,259.293976,425.84,259.293976,
2022-11-13 02:45:00+00:00,0.607,0.6096,0.6093,0.6096,1182.71,0.608875,720.12255125,1182.71,720.12255125,
2022-11-13 02:50:00+00:00,0.6079,0.609,0.6086,0.6083,1133.88,0.60845,689.909286,1133.88,689.909286,
2022-11-13 02:55:00+00:00,0.608,0.6101,0.6087,0.6101,763.42,0.609225,465.0945495,763.42,465.0945495,
2022-11-13 03:00:00+00:00,0.6101,0.6134,0.6101,0.6134,5243.53,0.61175,3207.7294775,5243.53,3207.7294775,
2022-11-13 03:05:00+00:00,0.61,0.612,0.6117,0.6107,31373.95,0.6111,19172.620845,31373.95,19172.620845,
2022-11-13 03:10:00+00:00,0.6079,0.611,0.611,0.6091,1257.22,0.60975,766.589895,1257.22,766.589895,
2022-11-13 03:15:00+00:00,0.6052,0.609,0.609,0.6052,3460.18,0.6071,2100.675278,3460.18,2100.675278,
2022-11-13 03:20:00+00:00,0.6046,0.6054,0.6052,0.6051,25239.64,0.605075,15271.875173,25239.64,15271.875173,
2022-11-13 03:25:00+00:00,0.6048,0.6068,0.6052,0.6057,6586.82,0.605625,3989.1428625,6586.82,3989.1428625,
2022-11-13 03:30:00+00:00,0.6069,0.6101,0.6069,0.6091,940.38,0.60825,571.986135,940.38,571.986135,
2022-11-13 03:35:00+00:00,0.6088,0.611,0.6088,0.611,449.84,0.6099,274.357416,449.84,274.357416,
2022-11-13 03:40:00+00:00,0.6088,0.6119,0.6109,0.6119,1147.99,0.610875,701.27839125,1147.99,701.27839125,
2022-11-13 03:45:00+00:00,0.609,0.6123,0.6122,0.609,2594.71,0.610625,1584.39479375,2594.71,1584.39479375,
2022-11-13 03:50:00+00:00,0.609,0.6119,0.6098,0.6107,6694.03,0.61035,4085.7012105,6694.03,4085.7012105,
2022-11-13 03:55:00+00:00,0.6102,0.6119,0.6109,0.6102,553.47,0.6108,338.059476,553.47,338.059476,
2022-11-13 04:00:00+00:00,0.611,0.6123,0.611,0.6121,190.44,0.6116,116.473104,190.44,116.473104,
2022-11-13 04:05:00+00:00,0.611,0.6131,0.6131,0.611,236.59,0.61205,144.8049095,236.59,144.8049095,
2022-11-13 04:10:00+00:00,0.6105,0.6122,0.611,0.6107,1012.03,0.6111,618.451533,1012.03,618.451533,
2022-11-13 04:15:00+00:00,0.6093,0.6114,0.6114,0.6104,2483.23,0.610625,1516.32231875,2483.23,1516.32231875,
2022-11-13 04:20:00+00:00,0.6093,0.6103,0.6098,0.61,186.05,0.60985,113.4625925,186.05,113.4625925,
2022-11-13 04:25:00+00:00,0.6089,0.6119,0.6094,0.6089,9349.46,0.609775,5701.0669715,9349.46,5701.0669715,
2022-11-13 04:30:00+00:00,0.6087,0.6113,0.6087,0.6104,950.93,0.609775,579.85334075,950.93,579.85334075,
2022-11-13 04:35:00+00:00,0.6073,0.6109,0.6107,0.6073,876.95,0.60905,534.1063975,876.95,534.1063975,
2022-11-13 04:40:00+00:00,0.6075,0.6092,0.608,0.6075,230.98,0.60805,140.447389,230.98,140.447389,
2022-11-13 04:45:00+00:00,0.6074,0.6086,0.6083,0.6074,790.46,0.607925,480.5403955,790.46,480.5403955,
2022-11-13 04:50:00+00:00,0.6065,0.6069,0.6065,0.6066,1028.35,0.606625,623.82281875,1028.35,623.82281875,
2022-11-13 04:55:00+00:00,0.6049,0.6067,0.6067,0.605,1933.34,0.605825,1171.2657055,1933.34,1171.2657055,
2022-11-13 05:00:00+00:00,0.6055,0.6067,0.6055,0.6062,2770.4,0.605975,1678.79314,2770.4,1678.79314,
2022-11-13 05:05:00+00:00,0.6056,0.606,0.606,0.6056,21.63,0.6058,13.103454,21.63,13.103454,
2022-11-13 05:10:00+00:00,0.6035,0.6054,0.6054,0.6052,22624.35,0.604875,13684.90370625,22624.35,13684.90370625,
2022-11-13 05:15:00+00:00,0.6045,0.6054,0.6053,0.6045,356.03,0.604925,215.37144775,356.03,215.37144775,
2022-11-13 05:20:00+00:00,0.6038,0.6056,0.6053,0.6042,627.11,0.604725,379.22909475,627.11,379.22909475,
2022-11-13 05:25:00+00:00,0.603,0.6046,0.604,0.6046,10440.01,0.60405,6306.2880405,10440.01,6306.2880405,
2022-11-13 05:30:00+00:00,0.6036,0.6062,0.6037,0.6061,1843.45,0.6049,1115.102905,1843.45,1115.102905,
2022-11-13 05:35:00+00:00,0.6064,0.6068,0.6064,0.6068,1395.5,0.6066,846.5103,1395.5,846.5103,
2022-11-13 05:40:00+00:00,0.6054,0.6067,0.6067,0.6058,960.85,0.60615,582.4192275,960.85,582.4192275,
2022-11-13 05:45:00+00:00,0.6053,0.6061,0.6058,0.6056,4540.94,0.6057,2750.447358,4540.94,2750.447358,
2022-11-13 05:50:00+00:00,0.604,0.6053,0.6053,0.6043,968.63,0.604725,585.75477675,968.63,585.75477675,
2022-11-13 05:55:00+00:00,0.604,0.6053,0.6053,0.6043,968.63,0.604725,585.75477675,968.63,585.75477675,
2022-11-13 06:00:00+00:00,0.6038,0.6049,0.6042,0.6043,108.25,0.6043,65.415475,108.25,65.415475,
2022-11-13 06:05:00+00:00,0.6046,0.6057,0.6046,0.6057,277.55,0.60515,167.9593825,277.55,167.9593825,
2022-11-13 06:10:00+00:00,0.6045,0.6056,0.605,0.6052,850.25,0.605075,514.46501875,850.25,514.46501875,
2022-11-13 06:15:00+00:00,0.605,0.6055,0.605,0.605,1059.48,0.605125,641.117835,1059.48,641.117835,
2022-11-13 06:20:00+00:00,0.605,0.6055,0.605,0.6051,2542.89,0.60515,1538.8298835,2542.89,1538.8298835,
2022-11-13 06:25:00+00:00,0.5987,0.6043,0.6043,0.5987,1123.69,0.6015,675.899535,1123.69,675.899535,
2022-11-13 06:30:00+00:00,0.5923,0.5968,0.5968,0.5935,583.87,0.59485,347.3150695,583.87,347.3150695,
2022-11-13 06:35:00+00:00,0.5946,0.5963,0.5955,0.5952,1481.82,0.5954,882.275628,1481.82,882.275628,
2022-11-13 06:40:00+00:00,0.5933,0.5971,0.596,0.5971,1606.09,0.595875,957.02887875,1606.09,957.02887875,
2022-11-13 06:45:00+00:00,0.5941,0.5962,0.5954,0.5941,1666.68,0.59495,991.591266,1666.68,991.591266,
2022-11-13 06:50:00+00:00,0.5921,0.5954,0.5922,0.5954,1533.06,0.593775,910.2927015,1533.06,910.2927015,
2022-11-13 06:55:00+00:00,0.589,0.5932,0.5932,0.589,2463.67,0.5911,1456.275337,2463.67,1456.275337,
2022-11-13 07:00:00+00:00,0.5802,0.589,0.589,0.5882,13514.66,0.5866,7927.699556,13514.66,7927.699556,
2022-11-13 07:05:00+00:00,0.59,0.592,0.59,0.5914,124.23,0.59085,73.4012955,124.23,73.4012955,
2022-11-13 07:10:00+00:00,0.5897,0.5933,0.591,0.5912,7362.27,0.5913,4353.310251,7362.27,4353.310251,
2022-11-13 07:15:00+00:00,0.5883,0.5915,0.5912,0.5883,689.77,0.589825,406.84359025,689.77,406.84359025,
2022-11-13 07:20:00+00:00,0.585,0.5882,0.5882,0.5861,4183.58,0.586875,2455.2385125,4183.58,2455.2385125,
2022-11-13 07:25:00+00:00,0.5863,0.588,0.587,0.5865,1321.49,0.58695,775.6485555,1321.49,775.6485555,
2022-11-13 07:30:00+00:00,0.587,0.5915,0.5877,0.587,1348.89,0.5883,793.551987,1348.89,793.551987,
2022-11-13 07:35:00+00:00,0.5858,0.5876,0.5864,0.5867,1393.35,0.586625,817.37394375,1393.35,817.37394375,
2022-11-13 07:40:00+00:00,0.5871,0.589,0.588,0.589,223.58,0.588275,131.5265245,223.58,131.5265245,
2022-11-13 07:45:00+00:00,0.5883,0.5908,0.5908,0.5893,559.79,0.5898,330.164142,559.79,330.164142,
2022-11-13 07:50:00+00:00,0.5897,0.5913,0.5898,0.5913,23.56,0.590525,13.912769,23.56,13.912769,
2022-11-13 07:55:00+00:00,0.5896,0.592,0.5908,0.5904,4839.14,0.5907,2858.479998,4839.14,2858.479998,
2022-11-13 08:00:00+00:00,0.5896,0.592,0.5896,0.5904,1014.85,0.5904,599.16744,1014.85,599.16744,
2022-11-13 08:05:00+00:00,0.5904,0.5906,0.5906,0.5904,70.42,0.5905,41.58301,70.42,41.58301,
2022-11-13 08:10:00+00:00,0.5892,0.5904,0.5904,0.5892,537.05,0.5898,316.75209,537.05,316.75209,
2022-11-13 08:15:00+00:00,0.5865,0.5891,0.5891,0.5878,1118.15,0.588125,657.61196875,1118.15,657.61196875,
2022-11-13 08:20:00+00:00,0.5855,0.5879,0.5879,0.5869,463.96,0.58705,272.367718,463.96,272.367718,
2022-11-13 08:25:00+00:00,0.5869,0.5884,0.5869,0.5879,649.76,0.587525,381.750244,649.76,381.750244,
2022-11-13 08:30:00+00:00,0.5882,0.5887,0.5882,0.5887,15.59,0.58845,9.1739355,15.59,9.1739355,
2022-11-13 08:35:00+00:00,0.5881,0.5892,0.5892,0.5881,253.5,0.58865,149.222775,253.5,149.222775,
2022-11-13 08:40:00+00:00,0.5875,0.5885,0.5883,0.5875,835.65,0.58795,491.3204175,835.65,491.3204175,
2022-11-13 08:45:00+00:00,0.5836,0.5887,0.5872,0.5844,1672.8,0.585975,980.21898,1672.8,980.21898,
2022-11-13 08:50:00+00:00,0.5806,0.5852,0.5852,0.5812,1208.12,0.58305,704.394366,1208.12,704.394366,
2022-11-13 08:55:00+00:00,0.5772,0.5815,0.5815,0.58,5097.99,0.58005,2957.0890995,5097.99,2957.0890995,
2022-11-13 09:00:00+00:00,0.5794,0.5817,0.5817,0.5794,998.48,0.58055,579.667564,998.48,579.667564,
2022-11-13 09:05:00+00:00,0.5726,0.5782,0.578,0.5736,7906.66,0.5756,4551.073496,7906.66,4551.073496,
2022-11-13 09:10:00+00:00,0.573,0.5769,0.5748,0.5769,3017.16,0.5754,1736.073864,3017.16,1736.073864,
2022-11-13 09:15:00+00:00,0.5759,0.5787,0.5772,0.5759,791.78,0.576925,456.7976765,791.78,456.7976765,
2022-11-13 09:20:00+00:00,0.5756,0.5776,0.5756,0.5767,7254.65,0.576375,4181.39889375,7254.65,4181.39889375,
2022-11-13 09:25:00+00:00,0.5736,0.5766,0.5765,0.5743,1270.29,0.57525,730.7343225,1270.29,730.7343225,
2022-11-13 09:30:00+00:00,0.573,0.5757,0.5738,0.5756,308.89,0.574525,177.46502725,308.89,177.46502725,
2022-11-13 09:35:00+00:00,0.5751,0.5766,0.5756,0.5751,354.36,0.5756,203.969616,354.36,203.969616,
2022-11-13 09:40:00+00:00,0.5748,0.5785,0.5748,0.5785,1390.88,0.57665,802.050952,1390.88,802.050952,
2022-11-13 09:45:00+00:00,0.5756,0.5785,0.5785,0.5757,700.8,0.577075,404.41416,700.8,404.41416,
2022-11-13 09:50:00+00:00,0.5746,0.5763,0.576,0.5746,2113.17,0.575375,1215.86518875,2113.17,1215.86518875,
2022-11-13 09:55:00+00:00,0.5731,0.5755,0.5755,0.5752,1022.2,0.574825,587.586115,1022.2,587.586115,
2022-11-13 10:00:00+00:00,0.5738,0.577,0.5738,0.5755,241.66,0.575025,138.9605415,241.66,138.9605415,
2022-11-13 10:05:00+00:00,0.5727,0.5752,0.5752,0.5727,527.86,0.57395,302.965247,527.86,302.965247,
2022-11-13 10:10:00+00:00,0.5717,0.5731,0.5728,0.5717,1351.11,0.572325,773.27403075,1351.11,773.27403075,
2022-11-13 10:15:00+00:00,0.5722,0.573,0.5722,0.5727,838.56,0.572525,480.096564,838.56,480.096564,
2022-11-13 10:20:00+00:00,0.5721,0.5746,0.5732,0.5738,156.36,0.573425,89.660733,156.36,89.660733,
2022-11-13 10:25:00+00:00,0.5743,0.577,0.5744,0.5751,2241.47,0.5752,1289.293544,2241.47,1289.293544,
2022-11-13 10:30:00+00:00,0.5723,0.5751,0.5749,0.5735,4729.8,0.57395,2714.66871,4729.8,2714.66871,
2022-11-13 10:35:00+00:00,0.5729,0.5747,0.5738,0.5747,3882.78,0.574025,2228.8127895,3882.78,2228.8127895,
2022-11-13 10:40:00+00:00,0.574,0.5749,0.5748,0.5749,277.49,0.57465,159.4596285,277.49,159.4596285,
2022-11-13 10:45:00+00:00,0.5755,0.5757,0.5755,0.5756,777.6,0.575575,447.56712,777.6,447.56712,
2022-11-13 10:50:00+00:00,0.5735,0.5757,0.5757,0.575,1302.11,0.574975,748.68069725,1302.11,748.68069725,
2022-11-13 10:55:00+00:00,0.5745,0.5761,0.5761,0.5745,929.65,0.5753,534.827645,929.65,534.827645,
2022-11-13 11:00:00+00:00,0.5734,0.5755,0.5755,0.5738,226.92,0.57455,130.376886,226.92,130.376886,
2022-11-13 11:05:00+00:00,0.574,0.5747,0.5746,0.5743,1001.88,0.5744,575.479872,1001.88,575.479872,
2022-11-13 11:10:00+00:00,0.5734,0.5742,0.574,0.5741,127.59,0.573925,73.22709075,127.59,73.22709075,
2022-11-13 11:15:00+00:00,0.5737,0.5753,0.5737,0.5738,97.39,0.574125,55.91403375,97.39,55.91403375,
2022-11-13 11:20:00+00:00,0.573,0.5754,0.5737,0.5754,832.84,0.574375,478.362475,832.84,478.362475,
2022-11-13 11:25:00+00:00,0.5777,0.58,0.5777,0.5799,633.68,0.578825,366.789826,633.68,366.789826,
2022-11-13 11:30:00+00:00,0.5786,0.5821,0.5793,0.5821,174.49,0.580525,101.29580725,174.49,101.29580725,
2022-11-13 11:35:00+00:00,0.5806,0.5816,0.5816,0.5806,905.81,0.5811,526.366191,905.81,526.366191,
2022-11-13 11:40:00+00:00,0.5798,0.5811,0.58,0.581,1203.16,0.580475,698.404301,1203.16,698.404301,
2022-11-13 11:45:00+00:00,0.5794,0.5816,0.5794,0.5814,507.49,0.58045,294.5725705,507.49,294.5725705,
2022-11-13 11:50:00+00:00,0.5805,0.5838,0.5807,0.5812,2174.14,0.58155,1264.371117,2174.14,1264.371117,
2022-11-13 11:55:00+00:00,0.5809,0.582,0.581,0.5818,640.23,0.581425,372.24572775,640.23,372.24572775,
2022-11-13 12:00:00+00:00,0.5811,0.5831,0.5811,0.582,492.56,0.581825,286.583722,492.56,286.583722,
2022-11-13 12:05:00+00:00,0.5817,0.5832,0.5821,0.5822,1021.3,0.5823,594.70299,1021.3,594.70299,
2022-11-13 12:10:00+00:00,0.5794,0.5824,0.5815,0.5794,1560.82,0.580675,906.3291535,1560.82,906.3291535,
2022-11-13 12:15:00+00:00,0.5798,0.5807,0.5803,0.5807,285.88,0.580375,165.917605,285.88,165.917605,
2022-11-13 12:20:00+00:00,0.5798,0.5804,0.58,0.5798,652.76,0.58,378.6008,652.76,378.6008,
2022-11-13 12:25:00+00:00,0.5766,0.5794,0.5793,0.5766,2562.42,0.577975,1481.0146995,2562.42,1481.0146995,
2022-11-13 12:30:00+00:00,0.577,0.579,0.5771,0.5784,1762.6,0.577875,1018.562475,1762.6,1018.562475,
2022-11-13 12:35:00+00:00,0.5785,0.5797,0.5785,0.5793,1862.39,0.579,1078.32381,1862.39,1078.32381,
2022-11-13 12:40:00+00:00,0.578,0.5788,0.5781,0.5788,1311.28,0.578425,758.477134,1311.28,758.477134,
2022-11-13 12:45:00+00:00,0.5779,0.5805,0.5784,0.579,1022.22,0.57895,591.814269,1022.22,591.814269,
2022-11-13 12:50:00+00:00,0.5789,0.581,0.579,0.5803,598.55,0.5798,347.03929,598.55,347.03929,
2022-11-13 12:55:00+00:00,0.5761,0.5806,0.5804,0.5761,1492.22,0.5783,862.950826,1492.22,862.950826,
2022-11-13 13:00:00+00:00,0.5727,0.5773,0.577,0.5751,4963.97,0.575525,2856.88883425,4963.97,2856.88883425,
2022-11-13 13:05:00+00:00,0.5753,0.5774,0.5761,0.5772,1249.15,0.5765,720.134975,1249.15,720.134975,
2022-11-13 13:10:00+00:00,0.577,0.5783,0.5774,0.5779,657.37,0.57765,379.7297805,657.37,379.7297805,
2022-11-13 13:15:00+00:00,0.5781,0.5792,0.5781,0.5787,357.34,0.578525,206.7301235,357.34,206.7301235,
2022-11-13 13:20:00+00:00,0.5772,0.5799,0.5787,0.5797,1009.37,0.578875,584.29905875,1009.37,584.29905875,
2022-11-13 13:25:00+00:00,0.577,0.5789,0.5787,0.5789,3725.01,0.578375,2154.45265875,3725.01,2154.45265875,
2022-11-13 13:30:00+00:00,0.5783,0.5815,0.5791,0.5815,225.16,0.5801,130.615316,225.16,130.615316,
2022-11-13 13:35:00+00:00,0.5816,0.5941,0.5816,0.5941,7286.34,0.58785,4283.274969,7286.34,4283.274969,
2022-11-13 13:40:00+00:00,0.5912,0.6206,0.5935,0.6174,56138.39,0.605675,34001.61936325,56138.39,34001.61936325,
2022-11-13 13:45:00+00:00,0.6202,0.6417,0.6202,0.6233,4486.77,0.62635,2810.2883895,4486.77,2810.2883895,
2022-11-13 13:50:00+00:00,0.6109,0.6226,0.6226,0.6122,2010.08,0.617075,1240.370116,2010.08,1240.370116,
2022-11-13 13:55:00+00:00,0.6082,0.6149,0.6094,0.6149,19718.19,0.61185,12064.5745515,19718.19,12064.5745515,
2022-11-13 14:00:00+00:00,0.6104,0.6179,0.6164,0.6163,2977.98,0.61525,1832.202195,2977.98,1832.202195,
2022-11-13 14:05:00+00:00,0.6156,0.6358,0.6159,0.6308,3767.0,0.624525,2352.585675,3767.0,2352.585675,
2022-11-13 14:10:00+00:00,0.6277,0.6465,0.6316,0.6361,13267.79,0.635475,8431.34885025,13267.79,8431.34885025,
2022-11-13 14:15:00+00:00,0.6158,0.6353,0.6351,0.6189,6106.44,0.626275,3824.310711,6106.44,3824.310711,
2022-11-13 14:20:00+00:00,0.6155,0.6236,0.6189,0.6236,3127.37,0.6204,1940.220348,3127.37,1940.220348,
2022-11-13 14:25:00+00:00,0.6147,0.6243,0.6243,0.6168,13046.76,0.620025,8089.317369,13046.76,8089.317369,
2022-11-13 14:30:00+00:00,0.6133,0.621,0.6188,0.621,1569.76,0.618525,970.935804,1569.76,970.935804,
2022-11-13 14:35:00+00:00,0.6179,0.6209,0.6202,0.6194,1800.15,0.6196,1115.37294,1800.15,1115.37294,
2022-11-13 14:40:00+00:00,0.6089,0.618,0.618,0.6112,3521.92,0.614025,2162.546928,3521.92,2162.546928,
2022-11-13 14:45:00+00:00,0.6072,0.6117,0.6104,0.6078,3503.93,0.609275,2134.85695075,3503.93,2134.85695075,
2022-11-13 14:50:00+00:00,0.6065,0.6098,0.6089,0.6098,614.91,0.60875,374.3264625,614.91,374.3264625,
2022-11-13 14:55:00+00:00,0.608,0.611,0.6097,0.6087,1056.64,0.60935,643.863584,1056.64,643.863584,
2022-11-13 15:00:00+00:00,0.6043,0.6086,0.6086,0.607,2099.0,0.607125,1274.355375,2099.0,1274.355375,
2022-11-13 15:05:00+00:00,0.6064,0.6101,0.6083,0.6087,2662.49,0.608375,1619.79235375,2662.49,1619.79235375,
2022-11-13 15:10:00+00:00,0.6044,0.6232,0.6108,0.6205,15866.83,0.614725,9753.73707175,15866.83,9753.73707175,
2022-11-13 15:15:00+00:00,0.619,0.681,0.6207,0.6498,81677.52,0.642625,52488.01629,81677.52,52488.01629,
2022-11-13 15:20:00+00:00,0.6146,0.6482,0.6479,0.6155,20707.9,0.63155,13078.074245,20707.9,13078.074245,
2022-11-13 15:25:00+00:00,0.6117,0.6215,0.6143,0.6188,1489.22,0.616575,918.2158215,1489.22,918.2158215,
2022-11-13 15:30:00+00:00,0.6187,0.6282,0.6224,0.6207,7403.93,0.6225,4608.946425,7403.93,4608.946425,
2022-11-13 15:35:00+00:00,0.6132,0.621,0.6207,0.6158,4349.87,0.617675,2686.80595225,4349.87,2686.80595225,
2022-11-13 15:40:00+00:00,0.6113,0.6181,0.6168,0.6121,2158.43,0.614575,1326.51711725,2158.43,1326.51711725,
2022-11-13 15:45:00+00:00,0.6079,0.6148,0.6125,0.6097,1871.69,0.611225,1144.02372025,1871.69,1144.02372025,
2022-11-13 15:50:00+00:00,0.6068,0.6105,0.6097,0.6089,2281.67,0.608975,1389.47998825,2281.67,1389.47998825,
2022-11-13 15:55:00+00:00,0.6083,0.6126,0.6083,0.6086,311.96,0.60945,190.124022,311.96,190.124022,
2022-11-13 16:00:00+00:00,0.6082,0.6132,0.6089,0.609,2648.76,0.609825,1615.280067,2648.76,1615.280067,
2022-11-13 16:05:00+00:00,0.6091,0.6138,0.6101,0.6125,4978.16,0.611375,3043.52257,4978.16,3043.52257,
2022-11-13 16:10:00+00:00,0.6083,0.615,0.6123,0.6113,2343.29,0.611725,1433.44907525,2343.29,1433.44907525,
2022-11-13 16:15:00+00:00,0.6112,0.6137,0.6116,0.6117,2444.47,0.61205,1496.1378635,2444.47,1496.1378635,
2022-11-13 16:20:00+00:00,0.6087,0.613,0.6116,0.6087,14412.73,0.6105,8798.971665,14412.73,8798.971665,
2022-11-13 16:25:00+00:00,0.6049,0.6109,0.6072,0.6094,3135.21,0.6081,1906.521201,3135.21,1906.521201,
2022-11-13 16:30:00+00:00,0.6021,0.6102,0.6086,0.6028,4214.26,0.605925,2553.5254905,4214.26,2553.5254905,
2022-11-13 16:35:00+00:00,0.6004,0.6032,0.6032,0.6004,1794.04,0.6018,1079.653272,1794.04,1079.653272,
2022-11-13 16:40:00+00:00,0.5982,0.6019,0.6001,0.601,3957.68,0.6003,2375.795304,3957.68,2375.795304,
2022-11-13 16:45:00+00:00,0.6007,0.604,0.6008,0.6025,2037.91,0.602,1226.82182,2037.91,1226.82182,
2022-11-13 16:50:00+00:00,0.5993,0.6023,0.6014,0.5998,1517.73,0.6007,911.700411,1517.73,911.700411,
2022-11-13 16:55:00+00:00,0.5979,0.6007,0.5998,0.5992,1558.31,0.5994,934.051014,1558.31,934.051014,
2022-11-13 17:00:00+00:00,0.5992,0.6017,0.5992,0.6017,942.03,0.60045,565.6419135,942.03,565.6419135,
2022-11-13 17:05:00+00:00,0.5997,0.6012,0.6012,0.6005,2835.05,0.60065,1702.8727825,2835.05,1702.8727825,
2022-11-13 17:10:00+00:00,0.5974,0.6005,0.6005,0.5978,4916.51,0.59905,2945.2353155,4916.51,2945.2353155,
2022-11-13 17:15:00+00:00,0.5958,0.6011,0.5979,0.5988,3064.41,0.5984,1833.742944,3064.41,1833.742944,
2022-11-13 17:20:00+00:00,0.597,0.599,0.5986,0.5983,767.92,0.598225,459.388942,767.92,459.388942,
2022-11-13 17:25:00+00:00,0.5955,0.5997,0.5986,0.5955,2129.68,0.597325,1272.111106,2129.68,1272.111106,
2022-11-13 17:30:00+00:00,0.5911,0.5952,0.5952,0.5932,2294.29,0.593675,1362.06261575,2294.29,1362.06261575,
2022-11-13 17:35:00+00:00,0.5927,0.5995,0.5935,0.5995,3590.11,0.5963,2140.782593,3590.11,2140.782593,
2022-11-13 17:40:00+00:00,0.5982,0.605,0.5988,0.6024,2028.86,0.6011,1219.547746,2028.86,1219.547746,
2022-11-13 17:45:00+00:00,0.6014,0.6067,0.6014,0.6039,557.78,0.60335,336.536563,557.78,336.536563,
2022-11-13 17:50:00+00:00,0.6047,0.6071,0.6047,0.6051,530.36,0.6054,321.079944,530.36,321.079944,
2022-11-13 17:55:00+00:00,0.6051,0.6079,0.6051,0.6059,690.2,0.606,418.2612,690.2,418.2612,
2022-11-13 18:00:00+00:00,0.6059,0.6089,0.6064,0.6074,1985.03,0.60715,1205.2109645,1985.03,1205.2109645,
2022-11-13 18:05:00+00:00,0.6051,0.6091,0.6079,0.6052,5984.64,0.606825,3631.629168,5984.64,3631.629168,
2022-11-13 18:10:00+00:00,0.6043,0.6069,0.6045,0.606,1398.86,0.605425,846.9048155,1398.86,846.9048155,
2022-11-13 18:15:00+00:00,0.601,0.6061,0.6051,0.6011,3023.81,0.603325,1824.34016825,3023.81,1824.34016825,
2022-11-13 18:20:00+00:00,0.6003,0.6024,0.602,0.6006,407.14,0.601325,244.8234605,407.14,244.8234605,
2022-11-13 18:25:00+00:00,0.6,0.6006,0.6003,0.6,10122.37,0.600225,6075.69953325,10122.37,6075.69953325,
2022-11-13 18:30:00+00:00,0.5992,0.6016,0.6006,0.5998,1421.55,0.6003,853.356465,1421.55,853.356465,
2022-11-13 18:35:00+00:00,0.5994,0.6024,0.6004,0.5994,9011.46,0.6004,5410.480584,9011.46,5410.480584,
2022-11-13 18:40:00+00:00,0.5994,0.6016,0.6001,0.6,539.56,0.600275,323.884379,539.56,323.884379,
2022-11-13 18:45:00+00:00,0.6007,0.6016,0.6007,0.6011,435.94,0.601025,262.0108385,435.94,262.0108385,
2022-11-13 18:50:00+00:00,0.5977,0.601,0.6005,0.5978,943.35,0.59925,565.3024875,943.35,565.3024875,
2022-11-13 18:55:00+00:00,0.5971,0.6008,0.5983,0.6005,1699.34,0.599175,1018.2020445,1699.34,1018.2020445,
2022-11-13 19:00:00+00:00,0.6,0.6019,0.6012,0.6006,369.37,0.600925,221.96366725,369.37,221.96366725,
2022-11-13 19:05:00+00:00,0.5979,0.5998,0.5996,0.5979,919.22,0.5988,550.428936,919.22,550.428936,
2022-11-13 19:10:00+00:00,0.5969,0.6007,0.5991,0.5977,1800.08,0.5986,1077.527888,1800.08,1077.527888,
2022-11-13 19:15:00+00:00,0.5963,0.5989,0.5985,0.5979,867.68,0.5979,518.785872,867.68,518.785872,
2022-11-13 19:20:00+00:00,0.597,0.5993,0.5971,0.5991,171.2,0.598125,102.399,171.2,102.399,
2022-11-13 19:25:00+00:00,0.5957,0.6,0.5993,0.5969,1885.25,0.597975,1127.33236875,1885.25,1127.33236875,
2022-11-13 19:30:00+00:00,0.5955,0.5976,0.5955,0.5974,1345.71,0.5965,802.716015,1345.71,802.716015,
2022-11-13 19:35:00+00:00,0.5969,0.5985,0.5975,0.5973,695.49,0.59755,415.5900495,695.49,415.5900495,
2022-11-13 19:40:00+00:00,0.5973,0.599,0.5973,0.5978,1111.2,0.59785,664.33092,1111.2,664.33092,
2022-11-13 19:45:00+00:00,0.5977,0.6003,0.5977,0.5995,1245.81,0.5988,745.991028,1245.81,745.991028,
2022-11-13 19:50:00+00:00,0.5978,0.6005,0.5995,0.5979,2264.12,0.598925,1356.038071,2264.12,1356.038071,
2022-11-13 19:55:00+00:00,0.5978,0.6016,0.599,0.6008,1231.32,0.5998,738.545736,1231.32,738.545736,
2022-11-13 20:00:00+00:00,0.598,0.6039,0.5994,0.5986,17269.89,0.599975,10361.50225275,17269.89,10361.50225275,
2022-11-13 20:05:00+00:00,0.5987,0.6022,0.5987,0.6021,1059.2,0.600425,635.97016,1059.2,635.97016,
2022-11-13 20:10:00+00:00,0.5985,0.6027,0.6022,0.5991,3455.74,0.600625,2075.6038375,3455.74,2075.6038375,
2022-11-13 20:15:00+00:00,0.5981,0.6001,0.5995,0.6001,4985.6,0.59945,2988.61792,4985.6,2988.61792,
2022-11-13 20:20:00+00:00,0.5986,0.6006,0.6006,0.5987,144.53,0.599625,86.66380125,144.53,86.66380125,
2022-11-13 20:25:00+00:00,0.5987,0.602,0.5987,0.602,571.08,0.60035,342.847878,571.08,342.847878,
2022-11-13 20:30:00+00:00,0.5996,0.6022,0.6018,0.601,26787.94,0.60115,16103.570131,26787.94,16103.570131,
2022-11-13 20:35:00+00:00,0.5987,0.6072,0.6004,0.5987,2474.04,0.60125,1487.51655,2474.04,1487.51655,
2022-11-13 20:40:00+00:00,0.5986,0.603,0.6002,0.5994,14999.86,0.6003,9004.415958,14999.86,9004.415958,
2022-11-13 20:45:00+00:00,0.5993,0.6017,0.6017,0.6004,773.23,0.600775,464.53725325,773.23,464.53725325,
2022-11-13 20:50:00+00:00,0.5968,0.6013,0.6003,0.5968,6402.3,0.5988,3833.69724,6402.3,3833.69724,
2022-11-13 20:55:00+00:00,0.5926,0.5965,0.5961,0.5942,8845.5,0.59485,5261.745675,8845.5,5261.745675,
2022-11-13 21:00:00+00:00,0.5855,0.596,0.5931,0.5858,16315.04,0.5901,9627.505104,16315.04,9627.505104,
2022-11-13 21:05:00+00:00,0.584,0.5886,0.5849,0.5859,30271.44,0.58585,17734.523124,30271.44,17734.523124,
2022-11-13 21:10:00+00:00,0.5839,0.5874,0.5871,0.5856,3441.18,0.586,2016.53148,3441.18,2016.53148,
2022-11-13 21:15:00+00:00,0.5835,0.5894,0.5848,0.5894,5016.64,0.586775,2943.638936,5016.64,2943.638936,
2022-11-13 21:20:00+00:00,0.5892,0.5929,0.5892,0.5915,2348.08,0.5907,1387.010856,2348.08,1387.010856,
2022-11-13 21:25:00+00:00,0.5894,0.5913,0.5905,0.5911,2400.3,0.590575,1417.5571725,2400.3,1417.5571725,
2022-11-13 21:30:00+00:00,0.5888,0.5912,0.5898,0.59,2007.28,0.58995,1184.194836,2007.28,1184.194836,
2022-11-13 21:35:00+00:00,0.589,0.5973,0.5904,0.597,3196.02,0.593425,1896.5981685,3196.02,1896.5981685,
2022-11-13 21:40:00+00:00,0.5925,0.5966,0.5965,0.5925,1655.59,0.594525,984.28964475,1655.59,984.28964475,
2022-11-13 21:45:00+00:00,0.5893,0.5932,0.5928,0.59,655.79,0.591325,387.78502175,655.79,387.78502175,
2022-11-13 21:50:00+00:00,0.5886,0.5903,0.59,0.5891,255.51,0.5895,150.623145,255.51,150.623145,
2022-11-13 21:55:00+00:00,0.5878,0.5894,0.5892,0.5884,4944.7,0.5887,2910.94489,4944.7,2910.94489,
2022-11-13 22:00:00+00:00,0.585,0.5877,0.5877,0.5864,5785.32,0.5867,3394.247244,5785.32,3394.247244,
2022-11-13 22:05:00+00:00,0.5845,0.5886,0.586,0.5886,745.5,0.586925,437.5525875,745.5,437.5525875,
2022-11-13 22:10:00+00:00,0.5873,0.5909,0.5891,0.5892,18740.95,0.589125,11040.76216875,18740.95,11040.76216875,
2022-11-13 22:15:00+00:00,0.5877,0.5899,0.5892,0.588,1544.7,0.5887,909.36489,1544.7,909.36489,
2022-11-13 22:20:00+00:00,0.5853,0.5874,0.587,0.5866,17325.76,0.586575,10162.857672,17325.76,10162.857672,
2022-11-13 22:25:00+00:00,0.5863,0.5887,0.5868,0.5879,1264.02,0.587425,742.5169485,1264.02,742.5169485,
2022-11-13 22:30:00+00:00,0.588,0.5909,0.589,0.5898,4432.02,0.589425,2612.3433885,4432.02,2612.3433885,
2022-11-13 22:35:00+00:00,0.589,0.5905,0.5898,0.5904,229.43,0.589925,135.34649275,229.43,135.34649275,
2022-11-13 22:40:00+00:00,0.5889,0.591,0.5898,0.591,739.02,0.590175,436.1511285,739.02,436.1511285,
2022-11-13 22:45:00+00:00,0.5902,0.5929,0.5902,0.5925,102.66,0.59145,60.718257,102.66,60.718257,
2022-11-13 22:50:00+00:00,0.5897,0.5973,0.5922,0.5951,9758.85,0.593575,5792.60938875,9758.85,5792.60938875,
2022-11-13 22:55:00+00:00,0.5899,0.5962,0.5958,0.5903,1809.58,0.59305,1073.171419,1809.58,1073.171419,
2022-11-13 23:00:00+00:00,0.5845,0.5907,0.5894,0.5845,5551.47,0.587275,3260.23954425,5551.47,3260.23954425,
2022-11-13 23:05:00+00:00,0.5842,0.5855,0.5843,0.5847,267.51,0.584675,156.40640925,267.51,156.40640925,
2022-11-13 23:10:00+00:00,0.5799,0.5847,0.5846,0.5799,1598.93,0.582275,931.01696575,1598.93,931.01696575,
2022-11-13 23:15:00+00:00,0.5779,0.5826,0.5787,0.5826,3183.18,0.58045,1847.676831,3183.18,1847.676831,
2022-11-13 23:20:00+00:00,0.5829,0.5858,0.5843,0.5837,4206.16,0.584175,2457.133518,4206.16,2457.133518,
2022-11-13 23:25:00+00:00,0.5825,0.5843,0.583,0.5843,391.34,0.583525,228.3566735,391.34,228.3566735,
2022-11-13 23:30:00+00:00,0.5826,0.5862,0.584,0.583,1726.33,0.58395,1008.0904035,1726.33,1008.0904035,
2022-11-13 23:35:00+00:00,0.5828,0.5867,0.5828,0.5863,2064.65,0.58465,1207.0976225,2064.65,1207.0976225,
2022-11-13 23:40:00+00:00,0.5804,0.5867,0.5863,0.5815,5604.8,0.583725,3271.66188,5604.8,3271.66188,
2022-11-13 23:45:00+00:00,0.5827,0.5897,0.5828,0.5889,2443.27,0.586025,1431.81730175,2443.27,1431.81730175,
2022-11-13 23:50:00+00:00,0.5869,0.5919,0.5876,0.5905,407.5,0.589225,240.1091875,407.5,240.1091875,
2022-11-13 23:55:00+00:00,0.5886,0.5929,0.5921,0.5886,9141.34,0.59055,5398.418337,9141.34,5398.418337,
2022-11-14 00:00:00+00:00,0.5881,0.5989,0.5893,0.5954,2684.86,0.592925,1591.9206155,2684.86,1591.9206155,
2022-11-14 00:05:00+00:00,0.589,0.5959,0.5954,0.5926,2137.12,0.593225,1267.793012,2137.12,1267.793012,
2022-11-14 00:10:00+00:00,0.591,0.6019,0.5913,0.5959,6196.37,0.595025,3686.99505925,6196.37,3686.99505925,
2022-11-14 00:15:00+00:00,0.5881,0.598,0.5951,0.5881,7024.53,0.592325,4160.80473225,7024.53,4160.80473225,
2022-11-14 00:20:00+00:00,0.5642,0.5867,0.5865,0.5642,5783.93,0.5754,3328.073322,5783.93,3328.073322,
2022-11-14 00:25:00+00:00,0.5659,0.5714,0.5659,0.5671,6212.34,0.567575,3525.9688755,6212.34,3525.9688755,
2022-11-14 00:30:00+00:00,0.5653,0.5768,0.566,0.5751,3216.77,0.5708,1836.132316,3216.77,1836.132316,
2022-11-14 00:35:00+00:00,0.5744,0.5772,0.5768,0.5751,963.96,0.575875,555.120465,963.96,555.120465,
2022-11-14 00:40:00+00:00,0.5746,0.5807,0.575,0.5787,3200.2,0.57725,1847.31545,3200.2,1847.31545,
2022-11-14 00:45:00+00:00,0.5701,0.5793,0.5781,0.5714,5273.99,0.574725,3031.09390275,5273.99,3031.09390275,
2022-11-14 00:50:00+00:00,0.5714,0.5765,0.5714,0.5748,2535.34,0.573525,1454.0808735,2535.34,1454.0808735,
2022-11-14 00:55:00+00:00,0.571,0.5746,0.5744,0.5736,2965.15,0.5734,1700.21701,2965.15,1700.21701,
2022-11-14 01:00:00+00:00,0.5699,0.5742,0.5729,0.5737,1915.52,0.572675,1096.970416,1915.52,1096.970416,
2022-11-14 01:05:00+00:00,0.5719,0.577,0.5742,0.5719,2851.04,0.57375,1635.7842,2851.04,1635.7842,
2022-11-14 01:10:00+00:00,0.5705,0.5749,0.5722,0.5717,2937.98,0.572325,1681.4794035,2937.98,1681.4794035,
2022-11-14 01:15:00+00:00,0.5698,0.5728,0.5716,0.5728,3555.61,0.57175,2032.9200175,3555.61,2032.9200175,
2022-11-14 01:20:00+00:00,0.5731,0.5786,0.5731,0.5767,2749.8,0.575375,1582.166175,2749.8,1582.166175,
2022-11-14 01:25:00+00:00,0.5731,0.5778,0.5778,0.5735,2216.3,0.57555,1275.591465,2216.3,1275.591465,
2022-11-14 01:30:00+00:00,0.5732,0.5753,0.5738,0.5732,1044.37,0.573875,599.33783375,1044.37,599.33783375,
2022-11-14 01:35:00+00:00,0.5684,0.5723,0.5713,0.5705,11150.45,0.570625,6362.72553125,11150.45,6362.72553125,
2022-11-14 01:40:00+00:00,0.5649,0.5722,0.5711,0.5669,6262.02,0.568775,3561.6804255,6262.02,3561.6804255,
2022-11-14 01:45:00+00:00,0.5618,0.5692,0.5684,0.5648,4609.85,0.56605,2609.4055925,4609.85,2609.4055925,
2022-11-14 01:50:00+00:00,0.5661,0.571,0.5661,0.5683,5004.61,0.567875,2841.99290375,5004.61,2841.99290375,
2022-11-14 01:55:00+00:00,0.5688,0.5706,0.5696,0.5691,7738.5,0.569525,4407.2692125,7738.5,4407.2692125,
2022-11-14 02:00:00+00:00,0.5609,0.5698,0.5697,0.5609,1764.79,0.565325,997.67990675,1764.79,997.67990675,
2022-11-14 02:05:00+00:00,0.555,0.5614,0.5614,0.5561,17635.68,0.558475,9849.086388,17635.68,9849.086388,
2022-11-14 02:10:00+00:00,0.552,0.5572,0.5561,0.5545,7634.72,0.55495,4236.887864,7634.72,4236.887864,
2022-11-14 02:15:00+00:00,0.5537,0.5596,0.555,0.5596,4131.54,0.556975,2301.1644915,4131.54,2301.1644915,
2022-11-14 02:20:00+00:00,0.5581,0.5605,0.5596,0.5586,2307.35,0.5592,1290.27012,2307.35,1290.27012,
2022-11-14 02:25:00+00:00,0.5585,0.5615,0.5595,0.5589,20871.64,0.5596,11679.769744,20871.64,11679.769744,
2022-11-14 02:30:00+00:00,0.5587,0.5623,0.5588,0.5604,1179.03,0.56005,660.3157515,1179.03,660.3157515,
2022-11-14 02:35:00+00:00,0.5588,0.562,0.5595,0.5606,7799.86,0.560225,4369.6765685,7799.86,4369.6765685,
2022-11-14 02:40:00+00:00,0.5598,0.5644,0.5598,0.5626,5508.95,0.56165,3094.1017675,5508.95,3094.1017675,
2022-11-14 02:45:00+00:00,0.5591,0.5624,0.5615,0.5622,3864.76,0.5613,2169.289788,3864.76,2169.289788,
2022-11-14 02:50:00+00:00,0.5615,0.572,0.5622,0.5636,46108.39,0.564825,26043.17138175,46108.39,26043.17138175,
2022-11-14 02:55:00+00:00,0.5618,0.578,0.5637,0.569,187126.53,0.568125,106311.25985625,187126.53,106311.25985625,
2022-11-14 03:00:00+00:00,0.5645,0.5705,0.5686,0.5645,20135.48,0.567025,11417.320547,20135.48,11417.320547,
2022-11-14 03:05:00+00:00,0.5619,0.566,0.5642,0.5626,5902.37,0.563675,3327.01840975,5902.37,3327.01840975,
2022-11-14 03:10:00+00:00,0.5626,0.5644,0.5632,0.5632,3450.02,0.56335,1943.568767,3450.02,1943.568767,
2022-11-14 03:15:00+00:00,0.5634,0.5664,0.5637,0.5649,10407.39,0.5646,5876.012394,10407.39,5876.012394,
2022-11-14 03:20:00+00:00,0.5624,0.5658,0.5643,0.5653,19838.16,0.56445,11197.649412,19838.16,11197.649412,
2022-11-14 03:25:00+00:00,0.5661,0.5683,0.5676,0.5671,4319.21,0.567275,2450.17985275,4319.21,2450.17985275,
2022-11-14 03:30:00+00:00,0.5659,0.5673,0.5669,0.5666,1497.14,0.566675,848.3918095,1497.14,848.3918095,
2022-11-14 03:35:00+00:00,0.5634,0.5664,0.5664,0.5638,1256.12,0.565,709.7078,1256.12,709.7078,
2022-11-14 03:40:00+00:00,0.5614,0.5638,0.5638,0.562,1539.74,0.56275,866.488685,1539.74,866.488685,
2022-11-14 03:45:00+00:00,0.5621,0.567,0.5621,0.5655,3899.56,0.564175,2200.034263,3899.56,2200.034263,
2022-11-14 03:50:00+00:00,0.563,0.5667,0.5662,0.5643,3343.65,0.56505,1889.3294325,3343.65,1889.3294325,
2022-11-14 03:55:00+00:00,0.5628,0.5649,0.5635,0.5638,3841.14,0.56375,2165.442675,3841.14,2165.442675,
2022-11-14 04:00:00+00:00,0.5617,0.5645,0.5631,0.5632,6713.91,0.563125,3780.77056875,6713.91,3780.77056875,
2022-11-14 04:05:00+00:00,0.5614,0.5643,0.5634,0.5614,4538.53,0.562625,2553.49044125,4538.53,2553.49044125,
2022-11-14 04:10:00+00:00,0.56,0.5632,0.5613,0.5604,5433.69,0.561225,3049.52267025,5433.69,3049.52267025,
2022-11-14 04:15:00+00:00,0.5527,0.5608,0.5593,0.555,7364.15,0.55695,4101.4633425,7364.15,4101.4633425,
2022-11-14 04:20:00+00:00,0.5532,0.5579,0.554,0.5579,3853.67,0.55575,2141.6771025,3853.67,2141.6771025,
2022-11-14 04:25:00+00:00,0.5555,0.5577,0.5573,0.5556,1302.54,0.556525,724.8960735,1302.54,724.8960735,
2022-11-14 04:30:00+00:00,0.5556,0.5587,0.5557,0.5577,4451.6,0.556925,2479.20733,4451.6,2479.20733,
2022-11-14 04:35:00+00:00,0.5546,0.5581,0.5577,0.555,3142.92,0.55635,1748.563542,3142.92,1748.563542,
2022-11-14 04:40:00+00:00,0.552,0.5549,0.5536,0.5536,1261.73,0.553525,698.39909825,1261.73,698.39909825,
2022-11-14 04:45:00+00:00,0.552,0.5565,0.5524,0.5558,1149.16,0.554175,636.835743,1149.16,636.835743,
2022-11-14 04:50:00+00:00,0.5521,0.5556,0.5554,0.5532,5235.37,0.554075,2900.78763275,5235.37,2900.78763275,
2022-11-14 04:55:00+00:00,0.5538,0.5573,0.5541,0.5552,3660.69,0.5551,2032.049019,3660.69,2032.049019,
2022-11-14 05:00:00+00:00,0.5557,0.5572,0.5559,0.5564,4493.05,0.5563,2499.483715,4493.05,2499.483715,
2022-11-14 05:05:00+00:00,0.5541,0.5585,0.556,0.5579,4904.6,0.556625,2730.022975,4904.6,2730.022975,
2022-11-14 05:10:00+00:00,0.5551,0.5578,0.5574,0.5566,1084.41,0.556725,603.71815725,1084.41,603.71815725,
2022-11-14 05:15:00+00:00,0.5562,0.5585,0.5562,0.5584,1940.66,0.557325,1081.5783345,1940.66,1081.5783345,
2022-11-14 05:20:00+00:00,0.558,0.5601,0.5585,0.558,1620.91,0.55865,905.5213715,1620.91,905.5213715,
2022-11-14 05:25:00+00:00,0.5552,0.5579,0.5579,0.5552,1498.85,0.55655,834.1849675,1498.85,834.1849675,
2022-11-14 05:30:00+00:00,0.5517,0.5573,0.5551,0.5517,7392.6,0.55395,4095.13077,7392.6,4095.13077,
2022-11-14 05:35:00+00:00,0.549,0.5538,0.5506,0.5498,44690.04,0.5508,24615.274032,44690.04,24615.274032,
2022-11-14 05:40:00+00:00,0.5479,0.5513,0.5499,0.5506,3257.1,0.549925,1791.1607175,3257.1,1791.1607175,
2022-11-14 05:45:00+00:00,0.549,0.5544,0.5503,0.554,2593.77,0.551925,1431.56650725,2593.77,1431.56650725,
2022-11-14 05:50:00+00:00,0.5533,0.5562,0.5535,0.5555,3777.03,0.554625,2094.83526375,3777.03,2094.83526375,
2022-11-14 05:55:00+00:00,0.553,0.5548,0.5548,0.5536,3045.43,0.55405,1687.3204915,3045.43,1687.3204915,
2022-11-14 06:00:00+00:00,0.553,0.5556,0.553,0.5556,4349.78,0.5543,2411.083054,4349.78,2411.083054,
2022-11-14 06:05:00+00:00,0.5535,0.5561,0.5561,0.5551,3213.39,0.5552,1784.074128,3213.39,1784.074128,
2022-11-14 06:10:00+00:00,0.5521,0.556,0.5559,0.5526,464.37,0.55415,257.3306355,464.37,257.3306355,
2022-11-14 06:15:00+00:00,0.5521,0.555,0.5521,0.5521,3083.42,0.552825,1704.5916615,3083.42,1704.5916615,
2022-11-14 06:20:00+00:00,0.5509,0.5539,0.5521,0.5539,989.98,0.5527,547.161946,989.98,547.161946,
2022-11-14 06:25:00+00:00,0.5535,0.5553,0.5546,0.5542,1744.72,0.5544,967.272768,1744.72,967.272768,
2022-11-14 06:30:00+00:00,0.5546,0.5562,0.5551,0.5562,1818.53,0.555525,1010.23887825,1818.53,1010.23887825,
2022-11-14 06:35:00+00:00,0.5569,0.5586,0.557,0.5586,659.63,0.557775,367.92512325,659.63,367.92512325,
2022-11-14 06:40:00+00:00,0.5595,0.5712,0.5595,0.5673,5532.24,0.564375,3122.25795,5532.24,3122.25795,
2022-11-14 06:45:00+00:00,0.567,0.575,0.5683,0.5742,1020.48,0.571125,582.82164,1020.48,582.82164,
2022-11-14 06:50:00+00:00,0.5725,0.5797,0.5743,0.5761,8929.94,0.57565,5140.519961,8929.94,5140.519961,
2022-11-14 06:55:00+00:00,0.5741,0.5821,0.5745,0.5817,2678.3,0.5781,1548.32523,2678.3,1548.32523,
2022-11-14 07:00:00+00:00,0.5761,0.5792,0.5791,0.5792,4348.72,0.5784,2515.299648,4348.72,2515.299648,
2022-11-14 07:05:00+00:00,0.5747,0.578,0.578,0.5764,483.9,0.576775,279.1014225,483.9,279.1014225,
2022-11-14 07:10:00+00:00,0.5744,0.5782,0.5769,0.5756,9236.48,0.576275,5322.752512,9236.48,5322.752512,
2022-11-14 07:15:00+00:00,0.5698,0.5772,0.5752,0.5713,3433.21,0.573375,1968.51678375,3433.21,1968.51678375,
2022-11-14 07:20:00+00:00,0.5755,0.5781,0.5755,0.5781,301.61,0.5768,173.968648,301.61,173.968648,
2022-11-14 07:25:00+00:00,0.58,0.585,0.58,0.585,3644.49,0.5825,2122.915425,3644.49,2122.915425,
2022-11-14 07:30:00+00:00,0.5831,0.5856,0.5851,0.5832,19087.99,0.58425,11152.1581575,19087.99,11152.1581575,
2022-11-14 07:35:00+00:00,0.582,0.5886,0.582,0.5855,1720.62,0.584525,1005.7454055,1720.62,1005.7454055,
2022-11-14 07:40:00+00:00,0.584,0.5886,0.5852,0.5876,7655.2,0.58635,4488.62652,7655.2,4488.62652,
2022-11-14 07:45:00+00:00,0.5839,0.59,0.5865,0.5867,6041.14,0.586775,3544.7899235,6041.14,3544.7899235,
2022-11-14 07:50:00+00:00,0.5876,0.5956,0.5876,0.5914,1261.76,0.59055,745.132368,1261.76,745.132368,
2022-11-14 07:55:00+00:00,0.5915,0.5963,0.5917,0.5963,1096.06,0.59395,651.004837,1096.06,651.004837,
2022-11-14 08:00:00+00:00,0.5959,0.6014,0.5977,0.6013,289.88,0.599075,173.659861,289.88,173.659861,
2022-11-14 08:05:00+00:00,0.5932,0.5984,0.5984,0.5962,13408.05,0.59655,7998.5722275,13408.05,7998.5722275,
2022-11-14 08:10:00+00:00,0.5954,0.6002,0.5954,0.5966,4011.47,0.5969,2394.446443,4011.47,2394.446443,
2022-11-14 08:15:00+00:00,0.5953,0.5991,0.5988,0.5953,2195.28,0.597125,1310.85657,2195.28,1310.85657,
2022-11-14 08:20:00+00:00,0.594,0.598,0.5954,0.594,2296.1,0.59535,1366.983135,2296.1,1366.983135,
2022-11-14 08:25:00+00:00,0.5929,0.5946,0.5944,0.5938,5156.73,0.593925,3062.71086525,5156.73,3062.71086525,
2022-11-14 08:30:00+00:00,0.5932,0.5956,0.5943,0.5934,997.63,0.594125,592.71692375,997.63,592.71692375,
2022-11-14 08:35:00+00:00,0.5892,0.5938,0.5938,0.5907,2840.63,0.591875,1681.29788125,2840.63,1681.29788125,
2022-11-14 08:40:00+00:00,0.5927,0.595,0.5927,0.5928,4182.26,0.5933,2481.334858,4182.26,2481.334858,
2022-11-14 08:45:00+00:00,0.5911,0.594,0.5916,0.594,986.46,0.592675,584.6501805,986.46,584.6501805,
2022-11-14 08:50:00+00:00,0.5919,0.595,0.5931,0.5932,3070.97,0.5933,1822.006501,3070.97,1822.006501,
2022-11-14 08:55:00+00:00,0.5931,0.5952,0.5931,0.5946,2362.92,0.594,1403.57448,2362.92,1403.57448,
2022-11-14 09:00:00+00:00,0.5886,0.5961,0.5958,0.5912,3778.17,0.592925,2240.17144725,3778.17,2240.17144725,
2022-11-14 09:05:00+00:00,0.5876,0.59,0.5895,0.5899,443.45,0.58925,261.3029125,443.45,261.3029125,
2022-11-14 09:10:00+00:00,0.5883,0.5908,0.5902,0.5883,655.68,0.5894,386.457792,655.68,386.457792,
2022-11-14 09:15:00+00:00,0.5865,0.5882,0.5879,0.5865,200.51,0.587275,117.75451025,200.51,117.75451025,
2022-11-14 09:20:00+00:00,0.5883,0.5906,0.5886,0.5883,421.26,0.58895,248.101077,421.26,248.101077,
2022-11-14 09:25:00+00:00,0.5885,0.5914,0.5891,0.591,1686.28,0.59,994.9052,1686.28,994.9052,
2022-11-14 09:30:00+00:00,0.5899,0.592,0.5899,0.592,319.3,0.59095,188.690335,319.3,188.690335,
2022-11-14 09:35:00+00:00,0.5914,0.5934,0.5922,0.5914,1682.11,0.5921,995.977331,1682.11,995.977331,
2022-11-14 09:40:00+00:00,0.591,0.5939,0.591,0.5939,1367.54,0.59245,810.199073,1367.54,810.199073,
2022-11-14 09:45:00+00:00,0.5926,0.594,0.5926,0.5937,177.23,0.593225,105.13726675,177.23,105.13726675,
2022-11-14 09:50:00+00:00,0.5915,0.5944,0.5915,0.5944,20.18,0.59295,11.965731,20.18,11.965731,
2022-11-14 09:55:00+00:00,0.5917,0.5956,0.5941,0.592,3834.14,0.59335,2274.986969,3834.14,2274.986969,
2022-11-14 10:00:00+00:00,0.5894,0.5947,0.5914,0.5933,1384.14,0.5922,819.687708,1384.14,819.687708,
2022-11-14 10:05:00+00:00,0.5894,0.5924,0.5924,0.5906,181.42,0.5912,107.255504,181.42,107.255504,
2022-11-14 10:10:00+00:00,0.5887,0.5904,0.5904,0.5894,739.93,0.589725,436.35521925,739.93,436.35521925,
2022-11-14 10:15:00+00:00,0.5894,0.5922,0.5895,0.5922,2373.65,0.590825,1402.41176125,2373.65,1402.41176125,
2022-11-14 10:20:00+00:00,0.5916,0.5932,0.5916,0.5925,581.41,0.592225,344.32553725,581.41,344.32553725,
2022-11-14 10:25:00+00:00,0.5924,0.5996,0.5925,0.596,4613.04,0.595125,2745.33543,4613.04,2745.33543,
2022-11-14 10:30:00+00:00,0.5957,0.5978,0.5957,0.5974,134.87,0.59665,80.4701855,134.87,80.4701855,
2022-11-14 10:35:00+00:00,0.5976,0.6002,0.599,0.5976,425.67,0.5986,254.806062,425.67,254.806062,
2022-11-14 10:40:00+00:00,0.5977,0.5987,0.5987,0.5979,954.46,0.59825,571.005695,954.46,571.005695,
2022-11-14 10:45:00+00:00,0.5969,0.5985,0.5985,0.5969,915.92,0.5977,547.445384,915.92,547.445384,
2022-11-14 10:50:00+00:00,0.5976,0.6015,0.598,0.6015,509.53,0.59965,305.5396645,509.53,305.5396645,
2022-11-14 10:55:00+00:00,0.601,0.6032,0.6018,0.601,126.09,0.60175,75.8746575,126.09,75.8746575,
2022-11-14 11:00:00+00:00,0.6,0.602,0.6011,0.6,141.92,0.600775,85.261988,141.92,85.261988,
2022-11-14 11:05:00+00:00,0.6003,0.6026,0.6003,0.6009,1075.37,0.601025,646.32425425,1075.37,646.32425425,
2022-11-14 11:10:00+00:00,0.6007,0.6024,0.6024,0.6012,2195.38,0.601675,1320.9052615,2195.38,1320.9052615,
2022-11-14 11:15:00+00:00,0.598,0.6039,0.6013,0.598,118.52,0.6003,71.147556,118.52,71.147556,
2022-11-14 11:20:00+00:00,0.5974,0.601,0.598,0.5974,7544.29,0.59845,4514.8803505,7544.29,4514.8803505,
2022-11-14 11:25:00+00:00,0.5969,0.5985,0.5975,0.5969,528.29,0.59745,315.6268605,528.29,315.6268605,
2022-11-14 11:30:00+00:00,0.5961,0.5983,0.5971,0.5971,3405.74,0.59715,2033.737641,3405.74,2033.737641,
2022-11-14 11:35:00+00:00,0.5957,0.5977,0.5977,0.5957,478.64,0.5967,285.604488,478.64,285.604488,
2022-11-14 11:40:00+00:00,0.5941,0.5958,0.5958,0.5945,715.95,0.59505,426.0260475,715.95,426.0260475,
2022-11-14 11:45:00+00:00,0.5942,0.5955,0.5952,0.5942,292.82,0.594775,174.1620155,292.82,174.1620155,
2022-11-14 11:50:00+00:00,0.5947,0.5953,0.5948,0.5947,835.63,0.594875,497.09539625,835.63,497.09539625,
2022-11-14 11:55:00+00:00,0.5947,0.5963,0.5947,0.5955,992.59,0.5953,590.888827,992.59,590.888827,
2022-11-14 12:00:00+00:00,0.5916,0.5961,0.5947,0.5921,3688.52,0.593625,2189.597685,3688.52,2189.597685,
2022-11-14 12:05:00+00:00,0.5908,0.593,0.5912,0.5908,2792.05,0.59145,1651.3579725,2792.05,1651.3579725,
2022-11-14 12:10:00+00:00,0.5896,0.5943,0.59,0.5943,1126.5,0.59205,666.944325,1126.5,666.944325,
2022-11-14 12:15:00+00:00,0.5919,0.5938,0.5938,0.5919,504.96,0.59285,299.365536,504.96,299.365536,
2022-11-14 12:20:00+00:00,0.5902,0.5922,0.5922,0.5911,799.66,0.591425,472.9389155,799.66,472.9389155,
2022-11-14 12:25:00+00:00,0.5904,0.5949,0.5904,0.5949,2344.27,0.59265,1389.3316155,2344.27,1389.3316155,
2022-11-14 12:30:00+00:00,0.5933,0.5963,0.5933,0.5949,463.36,0.59445,275.444352,463.36,275.444352,
2022-11-14 12:35:00+00:00,0.5938,0.5955,0.5955,0.5949,300.76,0.594925,178.929643,300.76,178.929643,
2022-11-14 12:40:00+00:00,0.5943,0.5966,0.5943,0.596,191.21,0.5953,113.827313,191.21,113.827313,
2022-11-14 12:45:00+00:00,0.5952,0.5971,0.5958,0.5962,311.13,0.596075,185.45681475,311.13,185.45681475,
2022-11-14 12:50:00+00:00,0.5955,0.597,0.5964,0.5961,483.71,0.59625,288.4120875,483.71,288.4120875,
2022-11-14 12:55:00+00:00,0.5954,0.5979,0.5961,0.5975,2513.42,0.596725,1499.8205495,2513.42,1499.8205495,
2022-11-14 13:00:00+00:00,0.5961,0.5975,0.5971,0.5972,314.31,0.596975,187.63521225,314.31,187.63521225,
2022-11-14 13:05:00+00:00,0.594,0.5998,0.5977,0.594,812.77,0.596375,484.71570875,812.77,484.71570875,
2022-11-14 13:10:00+00:00,0.5927,0.603,0.5934,0.6029,8546.11,0.598,5110.57378,8546.11,5110.57378,
2022-11-14 13:15:00+00:00,0.5999,0.6038,0.602,0.6023,2466.22,0.602,1484.66444,2466.22,1484.66444,
2022-11-14 13:20:00+00:00,0.6007,0.6066,0.6023,0.6066,2434.75,0.60405,1470.7107375,2434.75,1470.7107375,
2022-11-14 13:25:00+00:00,0.6045,0.6089,0.6045,0.6074,2268.47,0.606325,1375.43007275,2268.47,1375.43007275,
2022-11-14 13:30:00+00:00,0.6037,0.6068,0.6068,0.6043,1889.99,0.6054,1144.199946,1889.99,1144.199946,
2022-11-14 13:35:00+00:00,0.6012,0.6041,0.6033,0.602,1242.46,0.60265,748.768519,1242.46,748.768519,
2022-11-14 13:40:00+00:00,0.6013,0.6035,0.6028,0.6013,5601.44,0.602225,3373.327204,5601.44,3373.327204,
2022-11-14 13:45:00+00:00,0.5976,0.604,0.6019,0.5976,1862.7,0.600275,1118.1322425,1862.7,1118.1322425,
2022-11-14 13:50:00+00:00,0.5833,0.5946,0.5946,0.5855,9199.87,0.5895,5423.323365,9199.87,5423.323365,
2022-11-14 13:55:00+00:00,0.5863,0.5932,0.5863,0.592,322.78,0.58945,190.262671,322.78,190.262671,
2022-11-14 14:00:00+00:00,0.589,0.5927,0.5913,0.5927,383.25,0.591425,226.66363125,383.25,226.66363125,
2022-11-14 14:05:00+00:00,0.5924,0.5959,0.5946,0.5954,3067.55,0.594575,1823.88854125,3067.55,1823.88854125,
2022-11-14 14:10:00+00:00,0.5923,0.5956,0.5956,0.593,2483.55,0.594125,1475.53914375,2483.55,1475.53914375,
2022-11-14 14:15:00+00:00,0.588,0.594,0.5925,0.588,1369.55,0.590625,808.89046875,1369.55,808.89046875,
2022-11-14 14:20:00+00:00,0.5872,0.5888,0.5882,0.5883,886.23,0.588125,521.21401875,886.23,521.21401875,
2022-11-14 14:25:00+00:00,0.5838,0.5884,0.5881,0.5862,3634.02,0.586625,2131.8069825,3634.02,2131.8069825,
2022-11-14 14:30:00+00:00,0.5839,0.5893,0.5863,0.5851,1932.74,0.58615,1132.875551,1932.74,1132.875551,
2022-11-14 14:35:00+00:00,0.5801,0.5855,0.5855,0.5825,3106.81,0.5834,1812.512954,3106.81,1812.512954,
2022-11-14 14:40:00+00:00,0.5816,0.5833,0.5825,0.5816,1844.15,0.58225,1073.7563375,1844.15,1073.7563375,
2022-11-14 14:45:00+00:00,0.5796,0.5851,0.5808,0.5844,12298.2,0.582475,7163.394045,12298.2,7163.394045,
2022-11-14 14:50:00+00:00,0.5839,0.5882,0.5844,0.5882,723.34,0.586175,424.0038245,723.34,424.0038245,
2022-11-14 14:55:00+00:00,0.5859,0.5881,0.5859,0.5878,304.96,0.586925,178.988648,304.96,178.988648,
2022-11-14 15:00:00+00:00,0.5874,0.5904,0.5878,0.5877,9841.75,0.588325,5790.14756875,9841.75,5790.14756875,
2022-11-14 15:05:00+00:00,0.5876,0.5903,0.5877,0.5887,595.34,0.588575,350.4022405,595.34,350.4022405,
2022-11-14 15:10:00+00:00,0.5885,0.5905,0.589,0.5901,160.03,0.589525,94.34168575,160.03,94.34168575,
2022-11-14 15:15:00+00:00,0.5868,0.5902,0.59,0.5873,2359.33,0.588575,1388.64265475,2359.33,1388.64265475,
2022-11-14 15:20:00+00:00,0.584,0.5879,0.5879,0.5845,2094.63,0.586075,1227.61027725,2094.63,1227.61027725,
2022-11-14 15:25:00+00:00,0.5807,0.5852,0.5852,0.5812,4387.14,0.583075,2558.0316555,4387.14,2558.0316555,
2022-11-14 15:30:00+00:00,0.5786,0.5818,0.5814,0.5813,4657.26,0.580775,2704.8201765,4657.26,2704.8201765,
2022-11-14 15:35:00+00:00,0.5806,0.5851,0.5813,0.583,11635.73,0.5825,6777.812725,11635.73,6777.812725,
2022-11-14 15:40:00+00:00,0.5826,0.5858,0.5827,0.5844,1617.32,0.583875,944.312715,1617.32,944.312715,
2022-11-14 15:45:00+00:00,0.583,0.5861,0.5847,0.5844,920.93,0.58455,538.3296315,920.93,538.3296315,
2022-11-14 15:50:00+00:00,0.5842,0.5882,0.5842,0.5867,3438.14,0.585825,2014.1483655,3438.14,2014.1483655,
2022-11-14 15:55:00+00:00,0.5854,0.5878,0.5858,0.5858,7321.76,0.5862,4292.015712,7321.76,4292.015712,
2022-11-14 16:00:00+00:00,0.5839,0.5873,0.5868,0.5871,2126.92,0.586275,1246.960023,2126.92,1246.960023,
2022-11-14 16:05:00+00:00,0.5869,0.589,0.5873,0.5869,1232.29,0.587525,724.00118225,1232.29,724.00118225,
2022-11-14 16:10:00+00:00,0.5797,0.5869,0.5869,0.5798,4241.69,0.583325,2474.28381925,4241.69,2474.28381925,
2022-11-14 16:15:00+00:00,0.5748,0.5793,0.5793,0.5748,644.27,0.57705,371.7760035,644.27,371.7760035,
2022-11-14 16:20:00+00:00,0.5732,0.5778,0.5751,0.5767,4841.3,0.5757,2787.13641,4841.3,2787.13641,
2022-11-14 16:25:00+00:00,0.576,0.5784,0.5763,0.5784,931.87,0.577275,537.94525425,931.87,537.94525425,
2022-11-14 16:30:00+00:00,0.5762,0.5809,0.5792,0.5797,2636.43,0.579,1526.49297,2636.43,1526.49297,
2022-11-14 16:35:00+00:00,0.5792,0.5821,0.5806,0.5795,2892.19,0.58035,1678.4824665,2892.19,1678.4824665,
2022-11-14 16:40:00+00:00,0.5784,0.5826,0.5791,0.5791,1789.35,0.5798,1037.46513,1789.35,1037.46513,
2022-11-14 16:45:00+00:00,0.5802,0.5829,0.5806,0.5828,1692.23,0.581625,984.24327375,1692.23,984.24327375,
2022-11-14 16:50:00+00:00,0.5783,0.5834,0.5823,0.5783,3654.64,0.580575,2121.792618,3654.64,2121.792618,
2022-11-14 16:55:00+00:00,0.5784,0.5815,0.579,0.5806,10465.01,0.579875,6068.39767375,10465.01,6068.39767375,
2022-11-14 17:00:00+00:00,0.5804,0.5833,0.5806,0.5807,6061.56,0.58125,3523.28175,6061.56,3523.28175,
2022-11-14 17:05:00+00:00,0.5779,0.5834,0.5793,0.5832,7463.79,0.58095,4336.0888005,7463.79,4336.0888005,
2022-11-14 17:10:00+00:00,0.581,0.5824,0.5818,0.5815,5122.22,0.581675,2979.4673185,5122.22,2979.4673185,
2022-11-14 17:15:00+00:00,0.58,0.5826,0.5815,0.5803,710.39,0.5811,412.807629,710.39,412.807629,
2022-11-14 17:20:00+00:00,0.5803,0.5818,0.5803,0.5813,384.49,0.580925,223.35985325,384.49,223.35985325,
2022-11-14 17:25:00+00:00,0.5791,0.582,0.5807,0.5805,1528.28,0.580575,887.281161,1528.28,887.281161,
2022-11-14 17:30:00+00:00,0.582,0.5836,0.582,0.5832,541.62,0.5827,315.601974,541.62,315.601974,
2022-11-14 17:35:00+00:00,0.5812,0.5844,0.5822,0.5844,3600.31,0.58305,2099.1607455,3600.31,2099.1607455,
2022-11-14 17:40:00+00:00,0.582,0.5842,0.5842,0.5822,473.38,0.58315,276.051547,473.38,276.051547,
2022-11-14 17:45:00+00:00,0.5811,0.5832,0.5822,0.5828,2792.33,0.582325,1626.04356725,2792.33,1626.04356725,
2022-11-14 17:50:00+00:00,0.5814,0.5824,0.5818,0.5824,1936.56,0.582,1127.07792,1936.56,1127.07792,
2022-11-14 17:55:00+00:00,0.5808,0.5823,0.5819,0.5823,7914.72,0.581825,4604.981964,7914.72,4604.981964,
2022-11-14 18:00:00+00:00,0.5815,0.5827,0.5818,0.5827,1222.46,0.582175,711.6856505,1222.46,711.6856505,
2022-11-14 18:05:00+00:00,0.5805,0.5824,0.5824,0.5806,4548.42,0.581475,2644.7925195,4548.42,2644.7925195,
2022-11-14 18:10:00+00:00,0.5787,0.5815,0.5814,0.5791,2100.12,0.580175,1218.437121,2100.12,1218.437121,
2022-11-14 18:15:00+00:00,0.5787,0.5805,0.5788,0.5804,605.95,0.5796,351.20862,605.95,351.20862,
2022-11-14 18:20:00+00:00,0.5803,0.5814,0.5805,0.5806,1448.36,0.5807,841.062652,1448.36,841.062652,
2022-11-14 18:25:00+00:00,0.5793,0.5827,0.58,0.5793,46977.21,0.580325,27262.04939325,46977.21,27262.04939325,
2022-11-14 18:30:00+00:00,0.5809,0.5826,0.5811,0.5814,7279.55,0.5815,4233.058325,7279.55,4233.058325,
2022-11-14 18:35:00+00:00,0.581,0.5825,0.5817,0.5825,3139.32,0.581925,1826.848791,3139.32,1826.848791,
2022-11-14 18:40:00+00:00,0.5816,0.5826,0.5825,0.5817,1046.71,0.5821,609.289891,1046.71,609.289891,
2022-11-14 18:45:00+00:00,0.5813,0.582,0.5814,0.5819,465.15,0.58165,270.5544975,465.15,270.5544975,
2022-11-14 18:50:00+00:00,0.5791,0.5824,0.5819,0.5824,18657.4,0.58145,10848.34523,18657.4,10848.34523,
2022-11-14 18:55:00+00:00,0.5808,0.5824,0.5824,0.5811,622.99,0.581675,362.37770825,622.99,362.37770825,
2022-11-14 19:00:00+00:00,0.5811,0.5823,0.5814,0.5821,2609.13,0.581725,1517.79614925,2609.13,1517.79614925,
2022-11-14 19:05:00+00:00,0.58,0.5828,0.5828,0.5817,3646.94,0.581825,2121.8808655,3646.94,2121.8808655,
2022-11-14 19:10:00+00:00,0.578,0.58,0.58,0.578,1316.63,0.579,762.32877,1316.63,762.32877,
2022-11-14 19:15:00+00:00,0.5746,0.5775,0.5775,0.5774,1081.82,0.57675,623.939685,1081.82,623.939685,
2022-11-14 19:20:00+00:00,0.5772,0.5796,0.5772,0.5796,828.43,0.5784,479.163912,828.43,479.163912,
2022-11-14 19:25:00+00:00,0.5775,0.5794,0.5793,0.5776,967.87,0.57845,559.8644015,967.87,559.8644015,
2022-11-14 19:30:00+00:00,0.5758,0.5772,0.5768,0.576,1888.03,0.57645,1088.3548935,1888.03,1088.3548935,
2022-11-14 19:35:00+00:00,0.5752,0.5771,0.5752,0.5763,530.71,0.57595,305.6624245,530.71,305.6624245,
2022-11-14 19:40:00+00:00,0.5738,0.5773,0.5765,0.5738,605.94,0.57535,348.627579,605.94,348.627579,
2022-11-14 19:45:00+00:00,0.5701,0.5743,0.5737,0.5743,1000.64,0.5731,573.466784,1000.64,573.466784,
2022-11-14 19:50:00+00:00,0.5697,0.576,0.5752,0.5697,795.4,0.57265,455.48581,795.4,455.48581,
2022-11-14 19:55:00+00:00,0.5678,0.5697,0.5697,0.5691,1410.54,0.569075,802.7030505,1410.54,802.7030505,
2022-11-14 20:00:00+00:00,0.5689,0.5799,0.5689,0.576,4099.81,0.573425,2350.93354925,4099.81,2350.93354925,
2022-11-14 20:05:00+00:00,0.5705,0.5765,0.5765,0.5714,2754.27,0.573725,1580.19355575,2754.27,1580.19355575,
2022-11-14 20:10:00+00:00,0.5708,0.5734,0.5719,0.5722,3948.5,0.572075,2258.8381375,3948.5,2258.8381375,
2022-11-14 20:15:00+00:00,0.568,0.575,0.5749,0.5714,1765.34,0.572325,1010.3482155,1765.34,1010.3482155,
2022-11-14 20:20:00+00:00,0.5714,0.5736,0.5719,0.5727,735.18,0.5724,420.817032,735.18,420.817032,
2022-11-14 20:25:00+00:00,0.5719,0.5747,0.5732,0.5739,1030.36,0.573425,590.834183,1030.36,590.834183,
2022-11-14 20:30:00+00:00,0.5733,0.5762,0.5744,0.5742,1299.88,0.574525,746.813557,1299.88,746.813557,
2022-11-14 20:35:00+00:00,0.5729,0.5764,0.5745,0.5764,659.95,0.57505,379.5042475,659.95,379.5042475,
2022-11-14 20:40:00+00:00,0.5735,0.5751,0.5742,0.5736,663.52,0.5741,380.926832,663.52,380.926832,
2022-11-14 20:45:00+00:00,0.5704,0.5733,0.5733,0.5719,705.34,0.572225,403.6131815,705.34,403.6131815,
2022-11-14 20:50:00+00:00,0.5714,0.573,0.5725,0.5714,153.66,0.572075,87.9050445,153.66,87.9050445,
2022-11-14 20:55:00+00:00,0.5707,0.5737,0.5715,0.573,1956.83,0.572225,1119.74704675,1956.83,1119.74704675,
2022-11-14 21:00:00+00:00,0.5723,0.5745,0.5727,0.5737,482.77,0.5733,276.772041,482.77,276.772041,
2022-11-14 21:05:00+00:00,0.5724,0.5741,0.5736,0.5728,1746.32,0.573225,1001.034282,1746.32,1001.034282,
2022-11-14 21:10:00+00:00,0.5717,0.5747,0.573,0.5746,1368.86,0.5735,785.04121,1368.86,785.04121,
2022-11-14 21:15:00+00:00,0.5748,0.5769,0.5754,0.5756,1701.66,0.575675,979.6031205,1701.66,979.6031205,
2022-11-14 21:20:00+00:00,0.5748,0.5761,0.5756,0.5761,1218.31,0.57565,701.3201515,1218.31,701.3201515,
2022-11-14 21:25:00+00:00,0.5745,0.5766,0.5766,0.5746,4148.95,0.575575,2388.03189625,4148.95,2388.03189625,
2022-11-14 21:30:00+00:00,0.574,0.5764,0.5757,0.574,1553.05,0.575025,893.04257625,1553.05,893.04257625,
2022-11-14 21:35:00+00:00,0.5748,0.5767,0.575,0.5753,783.27,0.57545,450.7327215,783.27,450.7327215,
2022-11-14 21:40:00+00:00,0.5755,0.5772,0.5762,0.5769,488.26,0.57645,281.457477,488.26,281.457477,
2022-11-14 21:45:00+00:00,0.5744,0.5766,0.5762,0.5761,605.15,0.575825,348.46049875,605.15,348.46049875,
2022-11-14 21:50:00+00:00,0.5753,0.5795,0.5753,0.5795,3496.96,0.5774,2019.144704,3496.96,2019.144704,
2022-11-14 21:55:00+00:00,0.5782,0.5793,0.5786,0.5788,1186.98,0.578725,686.9350005,1186.98,686.9350005,
2022-11-14 22:00:00+00:00,0.5781,0.5797,0.5781,0.579,1059.82,0.578725,613.3443295,1059.82,613.3443295,
2022-11-14 22:05:00+00:00,0.5776,0.5798,0.5798,0.5784,2701.48,0.5789,1563.886772,2701.48,1563.886772,
2022-11-14 22:10:00+00:00,0.5782,0.5794,0.5786,0.5789,631.86,0.578775,365.7047715,631.86,365.7047715,
2022-11-14 22:15:00+00:00,0.5793,0.58,0.5795,0.58,1217.42,0.5797,705.738374,1217.42,705.738374,
2022-11-14 22:20:00+00:00,0.5787,0.5802,0.5796,0.5798,1078.34,0.579575,624.9789055,1078.34,624.9789055,
2022-11-14 22:25:00+00:00,0.5782,0.5802,0.5798,0.5782,3806.38,0.5791,2204.274658,3806.38,2204.274658,
2022-11-14 22:30:00+00:00,0.5756,0.5789,0.578,0.577,2315.11,0.577375,1336.68663625,2315.11,1336.68663625,
2022-11-14 22:35:00+00:00,0.5772,0.5793,0.5775,0.579,1015.42,0.57825,587.166615,1015.42,587.166615,
2022-11-14 22:40:00+00:00,0.5773,0.5793,0.5788,0.5773,1305.59,0.578175,754.85949825,1305.59,754.85949825,
2022-11-14 22:45:00+00:00,0.5774,0.5803,0.5774,0.5803,10594.92,0.57885,6132.869442,10594.92,6132.869442,
2022-11-14 22:50:00+00:00,0.579,0.5809,0.58,0.5796,547.98,0.579875,317.7599025,547.98,317.7599025,
2022-11-14 22:55:00+00:00,0.5791,0.5808,0.5796,0.5803,2495.87,0.57995,1447.4798065,2495.87,1447.4798065,
2022-11-14 23:00:00+00:00,0.5798,0.5838,0.5803,0.5838,815.04,0.581925,474.292152,815.04,474.292152,
2022-11-14 23:05:00+00:00,0.5833,0.5862,0.584,0.585,865.09,0.584625,505.75324125,865.09,505.75324125,
2022-11-14 23:10:00+00:00,0.5834,0.5851,0.5843,0.5851,97.18,0.584475,56.7992805,97.18,56.7992805,
2022-11-14 23:15:00+00:00,0.585,0.5878,0.585,0.5873,1735.04,0.586275,1017.210576,1735.04,1017.210576,
2022-11-14 23:20:00+00:00,0.5859,0.5873,0.5868,0.5867,1281.43,0.586675,751.78294525,1281.43,751.78294525,
2022-11-14 23:25:00+00:00,0.5868,0.5884,0.588,0.5876,1028.17,0.5877,604.255509,1028.17,604.255509,
2022-11-14 23:30:00+00:00,0.5872,0.5895,0.588,0.5895,1894.56,0.58855,1115.043288,1894.56,1115.043288,
2022-11-14 23:35:00+00:00,0.5879,0.5902,0.5893,0.5902,894.67,0.5894,527.318498,894.67,527.318498,
2022-11-14 23:40:00+00:00,0.5894,0.591,0.5901,0.591,759.37,0.590375,448.31306375,759.37,448.31306375,
2022-11-14 23:45:00+00:00,0.5881,0.5911,0.5899,0.5891,34820.22,0.58955,20528.260701,34820.22,20528.260701,
2022-11-14 23:50:00+00:00,0.5882,0.59,0.5897,0.5898,531.4,0.589425,313.220445,531.4,313.220445,
2022-11-14 23:55:00+00:00,0.5874,0.5902,0.5891,0.5886,1618.29,0.588825,952.88960925,1618.29,952.88960925,
2022-11-15 00:00:00+00:00,0.5861,0.591,0.5887,0.591,1204.78,0.5892,709.856376,1204.78,709.856376,
2022-11-15 00:05:00+00:00,0.586,0.5911,0.5911,0.5883,4808.46,0.589125,2832.7839975,4808.46,2832.7839975,
2022-11-15 00:10:00+00:00,0.5861,0.5888,0.5888,0.5861,426.33,0.58745,250.4475585,426.33,250.4475585,
2022-11-15 00:15:00+00:00,0.584,0.5862,0.5862,0.5855,2068.68,0.585475,1211.160423,2068.68,1211.160423,
2022-11-15 00:20:00+00:00,0.5855,0.5893,0.5865,0.5881,555.36,0.58735,326.190696,555.36,326.190696,
2022-11-15 00:25:00+00:00,0.5876,0.59,0.589,0.5893,10472.19,0.588975,6167.85810525,10472.19,6167.85810525,
2022-11-15 00:30:00+00:00,0.5843,0.5906,0.5905,0.5884,365.73,0.58845,215.2138185,365.73,215.2138185,
2022-11-15 00:35:00+00:00,0.5838,0.5883,0.5883,0.5847,2773.08,0.586275,1625.787477,2773.08,1625.787477,
2022-11-15 00:40:00+00:00,0.5827,0.5863,0.5854,0.5837,145.77,0.584525,85.20620925,145.77,85.20620925,
2022-11-15 00:45:00+00:00,0.584,0.5854,0.5841,0.5842,5982.65,0.584425,3496.41022625,5982.65,3496.41022625,
2022-11-15 00:50:00+00:00,0.5802,0.5871,0.5863,0.5808,6592.16,0.5836,3847.184576,6592.16,3847.184576,
2022-11-15 00:55:00+00:00,0.5792,0.5821,0.581,0.581,1486.98,0.580825,863.6751585,1486.98,863.6751585,
2022-11-15 01:00:00+00:00,0.5785,0.5823,0.5803,0.5822,1441.71,0.580825,837.38121075,1441.71,837.38121075,
2022-11-15 01:05:00+00:00,0.5812,0.5833,0.5825,0.5825,710.56,0.582375,413.81238,710.56,413.81238,
2022-11-15 01:10:00+00:00,0.5824,0.5841,0.5829,0.5827,473.77,0.583025,276.21975425,473.77,276.21975425,
2022-11-15 01:15:00+00:00,0.5833,0.588,0.5833,0.588,1705.13,0.58565,998.6093845,1705.13,998.6093845,
2022-11-15 01:20:00+00:00,0.5851,0.5875,0.5875,0.5869,2469.35,0.58675,1448.8911125,2469.35,1448.8911125,
2022-11-15 01:25:00+00:00,0.5853,0.588,0.5877,0.5855,491.75,0.586625,288.47284375,491.75,288.47284375,
2022-11-15 01:30:00+00:00,0.5836,0.5868,0.5863,0.585,2696.18,0.585425,1578.4111765,2696.18,1578.4111765,
2022-11-15 01:35:00+00:00,0.5829,0.587,0.5845,0.5846,1916.96,0.58475,1120.94236,1916.96,1120.94236,
2022-11-15 01:40:00+00:00,0.5847,0.5875,0.5857,0.5857,901.16,0.5859,527.989644,901.16,527.989644,
2022-11-15 01:45:00+00:00,0.5877,0.5897,0.5877,0.5897,342.94,0.5887,201.888778,342.94,201.888778,
2022-11-15 01:50:00+00:00,0.5871,0.5886,0.5874,0.5886,111.39,0.587925,65.48896575,111.39,65.48896575,
2022-11-15 01:55:00+00:00,0.5856,0.5894,0.5894,0.5862,8821.8,0.58765,5184.13077,8821.8,5184.13077,
2022-11-15 02:00:00+00:00,0.588,0.5915,0.588,0.5915,2330.88,0.58975,1374.63648,2330.88,1374.63648,
2022-11-15 02:05:00+00:00,0.5892,0.5912,0.5896,0.5906,725.8,0.59015,428.33087,725.8,428.33087,
2022-11-15 02:10:00+00:00,0.5907,0.5921,0.5907,0.5921,137.18,0.5914,81.128252,137.18,81.128252,
2022-11-15 02:15:00+00:00,0.5888,0.5916,0.5916,0.589,417.59,0.59025,246.4824975,417.59,246.4824975,
2022-11-15 02:20:00+00:00,0.5893,0.5902,0.5901,0.5902,333.08,0.58995,196.500546,333.08,196.500546,
2022-11-15 02:25:00+00:00,0.5893,0.5908,0.5905,0.59,507.97,0.59015,299.7784955,507.97,299.7784955,
2022-11-15 02:30:00+00:00,0.589,0.5976,0.589,0.5945,3148.23,0.592525,1865.40498075,3148.23,1865.40498075,
2022-11-15 02:35:00+00:00,0.5931,0.5954,0.5947,0.5951,1581.42,0.594575,940.2727965,1581.42,940.2727965,
2022-11-15 02:40:00+00:00,0.593,0.595,0.595,0.5933,1399.91,0.594075,831.65153325,1399.91,831.65153325,
2022-11-15 02:45:00+00:00,0.5919,0.5931,0.5924,0.5919,867.92,0.592325,514.090714,867.92,514.090714,
2022-11-15 02:50:00+00:00,0.5918,0.5928,0.5918,0.5927,326.83,0.592275,193.57323825,326.83,193.57323825,
2022-11-15 02:55:00+00:00,0.593,0.594,0.5931,0.594,31.05,0.593525,18.42895125,31.05,18.42895125,
2022-11-15 03:00:00+00:00,0.5935,0.5966,0.5935,0.5956,1680.2,0.5948,999.38296,1680.2,999.38296,
2022-11-15 03:05:00+00:00,0.5949,0.5966,0.5949,0.5953,530.44,0.595425,315.837237,530.44,315.837237,
2022-11-15 03:10:00+00:00,0.594,0.5951,0.5943,0.594,1178.06,0.59435,700.179961,1178.06,700.179961,
2022-11-15 03:15:00+00:00,0.5937,0.5947,0.5942,0.5938,492.0,0.5941,292.2972,492.0,292.2972,
2022-11-15 03:20:00+00:00,0.591,0.5934,0.5934,0.5929,1066.68,0.592675,632.194569,1066.68,632.194569,
2022-11-15 03:25:00+00:00,0.5922,0.5941,0.593,0.5941,635.48,0.59335,377.062058,635.48,377.062058,
2022-11-15 03:30:00+00:00,0.5947,0.5949,0.5949,0.5947,10.09,0.5948,6.001532,10.09,6.001532,
2022-11-15 03:35:00+00:00,0.594,0.5952,0.5945,0.5948,1861.89,0.594625,1107.12634125,1861.89,1107.12634125,
2022-11-15 03:40:00+00:00,0.594,0.5952,0.5952,0.595,1415.27,0.59485,841.8733595,1415.27,841.8733595,
2022-11-15 03:45:00+00:00,0.5913,0.5948,0.5948,0.5925,3095.65,0.59335,1836.8039275,3095.65,1836.8039275,
2022-11-15 03:50:00+00:00,0.5911,0.5926,0.5919,0.5917,2547.47,0.591825,1507.65643275,2547.47,1507.65643275,
2022-11-15 03:55:00+00:00,0.5919,0.5932,0.5921,0.5932,260.97,0.5926,154.650822,260.97,154.650822,
2022-11-15 04:00:00+00:00,0.5909,0.5936,0.5935,0.592,6233.7,0.5925,3693.46725,6233.7,3693.46725,
2022-11-15 04:05:00+00:00,0.5915,0.5931,0.5915,0.5931,1604.85,0.5923,950.552655,1604.85,950.552655,
2022-11-15 04:10:00+00:00,0.5922,0.5932,0.5932,0.5923,534.15,0.592725,316.60405875,534.15,316.60405875,
2022-11-15 04:15:00+00:00,0.5905,0.5914,0.5914,0.5905,14.73,0.59095,8.7046935,14.73,8.7046935,
2022-11-15 04:20:00+00:00,0.5908,0.5919,0.591,0.5915,1636.66,0.5913,967.757058,1636.66,967.757058,
2022-11-15 04:25:00+00:00,0.5904,0.5916,0.5916,0.5904,660.99,0.591,390.64509,660.99,390.64509,
2022-11-15 04:30:00+00:00,0.5898,0.5906,0.5903,0.59,406.62,0.590175,239.9769585,406.62,239.9769585,
2022-11-15 04:35:00+00:00,0.5893,0.5908,0.59,0.5893,1772.91,0.58985,1045.7509635,1772.91,1045.7509635,
2022-11-15 04:40:00+00:00,0.5901,0.5913,0.5901,0.591,1006.01,0.590625,594.17465625,1006.01,594.17465625,
2022-11-15 04:45:00+00:00,0.5899,0.5912,0.591,0.5899,1917.46,0.5905,1132.26013,1917.46,1132.26013,
2022-11-15 04:50:00+00:00,0.5899,0.5907,0.59,0.5906,1099.06,0.5903,648.775118,1099.06,648.775118,
2022-11-15 04:55:00+00:00,0.5894,0.5906,0.5902,0.5894,1576.87,0.5899,930.195613,1576.87,930.195613,
2022-11-15 05:00:00+00:00,0.5892,0.5908,0.5894,0.5905,1168.35,0.589975,689.29729125,1168.35,689.29729125,
2022-11-15 05:05:00+00:00,0.5887,0.5902,0.5902,0.59,463.55,0.589775,273.39020125,463.55,273.39020125,
2022-11-15 05:10:00+00:00,0.59,0.5913,0.5912,0.59,171.27,0.590625,101.15634375,171.27,101.15634375,
2022-11-15 05:15:00+00:00,0.5897,0.5913,0.5899,0.591,142.09,0.590475,83.90059275,142.09,83.90059275,
2022-11-15 05:20:00+00:00,0.5901,0.5913,0.5904,0.5908,798.96,0.59065,471.905724,798.96,471.905724,
2022-11-15 05:25:00+00:00,0.5911,0.5923,0.5915,0.5913,72.53,0.59155,42.9051215,72.53,42.9051215,
2022-11-15 05:30:00+00:00,0.5879,0.5911,0.5911,0.588,763.21,0.589525,449.93137525,763.21,449.93137525,
2022-11-15 05:35:00+00:00,0.5879,0.5891,0.5879,0.5883,685.38,0.5883,403.209054,685.38,403.209054,
2022-11-15 05:40:00+00:00,0.5862,0.5883,0.5883,0.5864,933.03,0.5873,547.968519,933.03,547.968519,
2022-11-15 05:45:00+00:00,0.5865,0.5892,0.5865,0.588,1862.61,0.58755,1094.3765055,1862.61,1094.3765055,
2022-11-15 05:50:00+00:00,0.5872,0.5882,0.5875,0.5882,185.38,0.587775,108.9617295,185.38,108.9617295,
2022-11-15 05:55:00+00:00,0.5841,0.5894,0.5875,0.5849,8327.22,0.586475,4883.7063495,8327.22,4883.7063495,
2022-11-15 06:00:00+00:00,0.5853,0.5876,0.5853,0.5874,175.84,0.5864,103.112576,175.84,103.112576,
2022-11-15 06:05:00+00:00,0.5873,0.5884,0.5874,0.5884,874.66,0.587875,514.1907475,874.66,514.1907475,
2022-11-15 06:10:00+00:00,0.587,0.5882,0.588,0.5877,199.49,0.587725,117.24526025,199.49,117.24526025,
2022-11-15 06:15:00+00:00,0.5876,0.5891,0.5877,0.5883,1819.07,0.588175,1069.93149725,1819.07,1069.93149725,
2022-11-15 06:20:00+00:00,0.5876,0.589,0.5883,0.5879,495.17,0.5882,291.258994,495.17,291.258994,
2022-11-15 06:25:00+00:00,0.5878,0.5886,0.5885,0.5885,764.03,0.58835,449.5170505,764.03,449.5170505,
2022-11-15 06:30:00+00:00,0.588,0.5894,0.5886,0.588,1789.74,0.5885,1053.26199,1789.74,1053.26199,
2022-11-15 06:35:00+00:00,0.5871,0.5883,0.5879,0.5871,236.27,0.5876,138.832252,236.27,138.832252,
2022-11-15 06:40:00+00:00,0.5865,0.5876,0.5868,0.5865,695.31,0.58685,408.0426735,695.31,408.0426735,
2022-11-15 06:45:00+00:00,0.586,0.5867,0.5867,0.586,428.73,0.58635,251.3858355,428.73,251.3858355,
2022-11-15 06:50:00+00:00,0.5865,0.5882,0.5865,0.588,146.85,0.5873,86.245005,146.85,86.245005,
2022-11-15 06:55:00+00:00,0.5869,0.589,0.5878,0.5876,110.98,0.587825,65.2368185,110.98,65.2368185,
2022-11-15 07:00:00+00:00,0.5886,0.5908,0.5894,0.5886,407.77,0.58935,240.3192495,407.77,240.3192495,
2022-11-15 07:05:00+00:00,0.5878,0.5901,0.5878,0.5901,757.97,0.58895,446.4064315,757.97,446.4064315,
2022-11-15 07:10:00+00:00,0.5897,0.5932,0.5897,0.5932,93.47,0.59145,55.2828315,93.47,55.2828315,
2022-11-15 07:15:00+00:00,0.5942,0.5959,0.5942,0.5952,408.38,0.594875,242.9350525,408.38,242.9350525,
2022-11-15 07:20:00+00:00,0.5939,0.5958,0.595,0.5958,528.34,0.595125,314.4283425,528.34,314.4283425,
2022-11-15 07:25:00+00:00,0.593,0.5951,0.595,0.5931,653.15,0.59405,388.0037575,653.15,388.0037575,
2022-11-15 07:30:00+00:00,0.5918,0.593,0.5925,0.5927,576.27,0.5925,341.439975,576.27,341.439975,
2022-11-15 07:35:00+00:00,0.5925,0.5945,0.5932,0.5934,113.12,0.5934,67.125408,113.12,67.125408,
2022-11-15 07:40:00+00:00,0.5935,0.5937,0.5935,0.5937,178.0,0.5936,105.6608,178.0,105.6608,
2022-11-15 07:45:00+00:00,0.5938,0.5952,0.5938,0.594,4080.77,0.5942,2424.793534,4080.77,2424.793534,
2022-11-15 07:50:00+00:00,0.5938,0.5961,0.5959,0.594,2642.2,0.59495,1571.97689,2642.2,1571.97689,
2022-11-15 07:55:00+00:00,0.595,0.5959,0.5957,0.595,644.14,0.5954,383.520956,644.14,383.520956,
2022-11-15 08:00:00+00:00,0.5933,0.5961,0.595,0.5933,535.54,0.594425,318.3383645,535.54,318.3383645,
2022-11-15 08:05:00+00:00,0.5929,0.5945,0.5945,0.5935,199.17,0.59385,118.2771045,199.17,118.2771045,
2022-11-15 08:10:00+00:00,0.5927,0.5947,0.5935,0.5947,6576.78,0.5939,3905.949642,6576.78,3905.949642,
2022-11-15 08:15:00+00:00,0.5947,0.5959,0.5947,0.5959,197.85,0.5953,117.780105,197.85,117.780105,
2022-11-15 08:20:00+00:00,0.5978,0.5984,0.5984,0.5978,118.68,0.5981,70.982508,118.68,70.982508,
2022-11-15 08:25:00+00:00,0.5967,0.5993,0.5973,0.5985,4070.11,0.59795,2433.7222745,4070.11,2433.7222745,
2022-11-15 08:30:00+00:00,0.5964,0.5985,0.5985,0.5964,7952.29,0.59745,4751.0956605,7952.29,4751.0956605,
2022-11-15 08:35:00+00:00,0.5959,0.597,0.596,0.5962,147.43,0.596275,87.90882325,147.43,87.90882325,
2022-11-15 08:40:00+00:00,0.5962,0.597,0.5969,0.5964,271.38,0.596625,161.9120925,271.38,161.9120925,
2022-11-15 08:45:00+00:00,0.5964,0.5973,0.5967,0.5972,18.03,0.5969,10.762107,18.03,10.762107,
2022-11-15 08:50:00+00:00,0.5954,0.598,0.598,0.5972,1249.31,0.59715,746.0254665,1249.31,746.0254665,
2022-11-15 08:55:00+00:00,0.597,0.5984,0.5976,0.5972,1101.34,0.59755,658.105717,1101.34,658.105717,
2022-11-15 09:00:00+00:00,0.5974,0.5983,0.598,0.5978,516.43,0.597875,308.76058625,516.43,308.76058625,
2022-11-15 09:05:00+00:00,0.5973,0.601,0.5978,0.601,1722.42,0.599275,1032.2032455,1722.42,1032.2032455,
2022-11-15 09:10:00+00:00,0.5988,0.6,0.5996,0.6,6139.86,0.5996,3681.460056,6139.86,3681.460056,
2022-11-15 09:15:00+00:00,0.5965,0.5979,0.5976,0.5965,266.03,0.597125,158.85316375,266.03,158.85316375,
2022-11-15 09:20:00+00:00,0.5935,0.5982,0.5972,0.5935,250.18,0.5956,149.007208,250.18,149.007208,
2022-11-15 09:25:00+00:00,0.5943,0.5964,0.5953,0.5948,1355.38,0.5952,806.722176,1355.38,806.722176,
2022-11-15 09:30:00+00:00,0.5921,0.5943,0.5939,0.5943,710.67,0.59365,421.8892455,710.67,421.8892455,
2022-11-15 09:35:00+00:00,0.593,0.5957,0.5957,0.5932,302.02,0.5944,179.520688,302.02,179.520688,
2022-11-15 09:40:00+00:00,0.5929,0.5953,0.593,0.5953,351.14,0.594125,208.6210525,351.14,208.6210525,
2022-11-15 09:45:00+00:00,0.5948,0.5965,0.5957,0.5954,1621.32,0.5956,965.658192,1621.32,965.658192,
2022-11-15 09:50:00+00:00,0.5953,0.5977,0.5961,0.5977,356.36,0.5967,212.640012,356.36,212.640012,
2022-11-15 09:55:00+00:00,0.5953,0.5977,0.5961,0.5977,356.36,0.5967,212.640012,356.36,212.640012,
2022-11-15 10:00:00+00:00,0.598,0.599,0.599,0.598,1408.38,0.5985,842.91543,1408.38,842.91543,
2022-11-15 10:05:00+00:00,0.595,0.5973,0.5973,0.595,39.58,0.59615,23.595617,39.58,23.595617,
2022-11-15 10:10:00+00:00,0.5969,0.5978,0.597,0.5978,287.96,0.597375,172.020105,287.96,172.020105,
2022-11-15 10:15:00+00:00,0.5968,0.5978,0.5976,0.5978,390.75,0.5975,233.473125,390.75,233.473125,
2022-11-15 10:20:00+00:00,0.5969,0.598,0.5969,0.597,58.53,0.5972,34.954116,58.53,34.954116,
2022-11-15 10:25:00+00:00,0.5962,0.5974,0.5963,0.5962,20.39,0.596525,12.16314475,20.39,12.16314475,
2022-11-15 10:30:00+00:00,0.597,0.598,0.5975,0.5972,1810.77,0.597425,1081.79926725,1810.77,1081.79926725,
2022-11-15 10:35:00+00:00,0.5964,0.5987,0.5966,0.5987,1881.08,0.5976,1124.133408,1881.08,1124.133408,
2022-11-15 10:40:00+00:00,0.599,0.6012,0.599,0.6012,191.89,0.6001,115.153189,191.89,115.153189,
2022-11-15 10:45:00+00:00,0.5979,0.6002,0.6,0.5979,613.16,0.599,367.28284,613.16,367.28284,
2022-11-15 10:50:00+00:00,0.5971,0.599,0.5976,0.5984,864.07,0.598025,516.73546175,864.07,516.73546175,
2022-11-15 10:55:00+00:00,0.5985,0.6001,0.5986,0.6001,38.9,0.599325,23.3137425,38.9,23.3137425,
2022-11-15 11:00:00+00:00,0.5999,0.6015,0.6003,0.6009,74.51,0.60065,44.7544315,74.51,44.7544315,
2022-11-15 11:05:00+00:00,0.5994,0.6018,0.6018,0.5996,431.8,0.60065,259.36067,431.8,259.36067,
2022-11-15 11:10:00+00:00,0.5985,0.6,0.6,0.5989,441.37,0.59935,264.5351095,441.37,264.5351095,
2022-11-15 11:15:00+00:00,0.5948,0.598,0.5975,0.5948,28.58,0.596275,17.0415395,28.58,17.0415395,
2022-11-15 11:20:00+00:00,0.596,0.597,0.5965,0.5961,155.78,0.5964,92.907192,155.78,92.907192,
2022-11-15 11:25:00+00:00,0.5957,0.5975,0.5973,0.5968,250.87,0.596825,149.72548775,250.87,149.72548775,
2022-11-15 11:30:00+00:00,0.5961,0.5985,0.5969,0.5972,301.45,0.597175,180.01840375,301.45,180.01840375,
2022-11-15 11:35:00+00:00,0.5958,0.5977,0.5977,0.5977,3483.05,0.597225,2080.16453625,3483.05,2080.16453625,
2022-11-15 11:40:00+00:00,0.5965,0.5967,0.5965,0.5967,12.05,0.5966,7.18903,12.05,7.18903,
2022-11-15 11:45:00+00:00,0.5972,0.5981,0.5974,0.5972,146.22,0.597475,87.3627945,146.22,87.3627945,
2022-11-15 11:50:00+00:00,0.5969,0.5978,0.5976,0.5973,54.2,0.5974,32.37908,54.2,32.37908,
2022-11-15 11:55:00+00:00,0.5971,0.5983,0.5971,0.5973,149.27,0.59745,89.1813615,149.27,89.1813615,
2022-11-15 12:00:00+00:00,0.5958,0.5975,0.5968,0.5965,800.03,0.59665,477.3378995,800.03,477.3378995,
2022-11-15 12:05:00+00:00,0.596,0.598,0.5962,0.598,677.61,0.59705,404.5670505,677.61,404.5670505,
2022-11-15 12:10:00+00:00,0.5974,0.5992,0.5981,0.5989,840.14,0.5984,502.739776,840.14,502.739776,
2022-11-15 12:15:00+00:00,0.5981,0.6001,0.5997,0.6001,2787.29,0.5995,1670.980355,2787.29,1670.980355,
2022-11-15 12:20:00+00:00,0.5993,0.6003,0.5999,0.5996,1978.19,0.599775,1186.46890725,1978.19,1186.46890725,
2022-11-15 12:25:00+00:00,0.5995,0.6009,0.5998,0.6005,3366.88,0.600175,2020.717204,3366.88,2020.717204,
2022-11-15 12:30:00+00:00,0.6005,0.6013,0.6008,0.6013,186.91,0.600975,112.32823725,186.91,112.32823725,
2022-11-15 12:35:00+00:00,0.6011,0.6022,0.6012,0.6011,167.41,0.6014,100.680374,167.41,100.680374,
2022-11-15 12:40:00+00:00,0.6014,0.6036,0.6014,0.6036,48.22,0.6025,29.05255,48.22,29.05255,
2022-11-15 12:45:00+00:00,0.6019,0.6046,0.6022,0.6036,487.65,0.603075,294.08952375,487.65,294.08952375,
2022-11-15 12:50:00+00:00,0.6019,0.6038,0.6033,0.6034,5520.56,0.6031,3329.449736,5520.56,3329.449736,
2022-11-15 12:55:00+00:00,0.6021,0.6033,0.6033,0.603,1102.6,0.602925,664.785105,1102.6,664.785105,
2022-11-15 13:00:00+00:00,0.6015,0.6039,0.6028,0.6039,3807.4,0.603025,2295.957385,3807.4,2295.957385,
2022-11-15 13:05:00+00:00,0.6031,0.6042,0.6034,0.6042,224.06,0.603725,135.2706235,224.06,135.2706235,
2022-11-15 13:10:00+00:00,0.6027,0.6051,0.6042,0.6027,397.83,0.603675,240.16002525,397.83,240.16002525,
2022-11-15 13:15:00+00:00,0.6016,0.6051,0.6022,0.604,785.05,0.603225,473.56178625,785.05,473.56178625,
2022-11-15 13:20:00+00:00,0.6016,0.604,0.604,0.6025,626.78,0.603025,377.9640095,626.78,377.9640095,
2022-11-15 13:25:00+00:00,0.6009,0.6082,0.6025,0.6082,3699.52,0.60495,2238.024624,3699.52,2238.024624,
2022-11-15 13:30:00+00:00,0.6063,0.6098,0.6085,0.6081,4565.81,0.608175,2776.81149675,4565.81,2776.81149675,
2022-11-15 13:35:00+00:00,0.6034,0.608,0.608,0.6041,1608.36,0.605875,974.465115,1608.36,974.465115,
2022-11-15 13:40:00+00:00,0.6037,0.6072,0.6042,0.6065,1742.86,0.6054,1055.127444,1742.86,1055.127444,
2022-11-15 13:45:00+00:00,0.6028,0.6068,0.6068,0.6053,2940.2,0.605425,1780.070585,2940.2,1780.070585,
2022-11-15 13:50:00+00:00,0.6026,0.6059,0.6055,0.6041,980.88,0.604525,592.966482,980.88,592.966482,
2022-11-15 13:55:00+00:00,0.6042,0.6064,0.6042,0.6049,425.34,0.604925,257.2987995,425.34,257.2987995,
2022-11-15 14:00:00+00:00,0.6038,0.6057,0.6047,0.6043,4325.06,0.604625,2615.0394025,4325.06,2615.0394025,
2022-11-15 14:05:00+00:00,0.6028,0.6058,0.6049,0.6032,1278.93,0.604175,772.69753275,1278.93,772.69753275,
2022-11-15 14:10:00+00:00,0.6012,0.6039,0.6039,0.6012,440.37,0.60255,265.3449435,440.37,265.3449435,
2022-11-15 14:15:00+00:00,0.5992,0.6026,0.6015,0.6026,1104.46,0.601475,664.3050785,1104.46,664.3050785,
2022-11-15 14:20:00+00:00,0.6013,0.6047,0.6018,0.6047,3819.78,0.603125,2303.8048125,3819.78,2303.8048125,
2022-11-15 14:25:00+00:00,0.6027,0.6044,0.6038,0.6036,164.27,0.603625,99.15747875,164.27,99.15747875,
2022-11-15 14:30:00+00:00,0.604,0.6059,0.6054,0.605,2683.98,0.605075,1624.0091985,2683.98,1624.0091985,
2022-11-15 14:35:00+00:00,0.6031,0.6054,0.6041,0.6032,998.57,0.60395,603.0863515,998.57,603.0863515,
2022-11-15 14:40:00+00:00,0.5993,0.6035,0.6026,0.6008,1279.27,0.60155,769.5448685,1279.27,769.5448685,
2022-11-15 14:45:00+00:00,0.5991,0.6017,0.6008,0.5992,5672.93,0.6002,3404.892586,5672.93,3404.892586,
2022-11-15 14:50:00+00:00,0.5991,0.6017,0.5991,0.6009,5113.65,0.6002,3069.21273,5113.65,3069.21273,
2022-11-15 14:55:00+00:00,0.6011,0.6037,0.6011,0.6035,1398.87,0.60235,842.6093445,1398.87,842.6093445,
2022-11-15 15:00:00+00:00,0.6027,0.6091,0.6027,0.6063,1388.8,0.6052,840.50176,1388.8,840.50176,
2022-11-15 15:05:00+00:00,0.605,0.6067,0.6066,0.605,306.61,0.605825,185.75200325,306.61,185.75200325,
2022-11-15 15:10:00+00:00,0.6044,0.6072,0.6044,0.6072,9692.69,0.6058,5871.831602,9692.69,5871.831602,
2022-11-15 15:15:00+00:00,0.6055,0.6079,0.6056,0.6058,411.88,0.6062,249.681656,411.88,249.681656,
2022-11-15 15:20:00+00:00,0.6058,0.6077,0.6058,0.6076,424.15,0.606725,257.34240875,424.15,257.34240875,
2022-11-15 15:25:00+00:00,0.607,0.61,0.607,0.6085,2582.43,0.608125,1570.44024375,2582.43,1570.44024375,
2022-11-15 15:30:00+00:00,0.6072,0.6126,0.6079,0.6122,1808.89,0.609975,1103.37767775,1808.89,1103.37767775,
2022-11-15 15:35:00+00:00,0.6123,0.6192,0.6128,0.6145,15273.08,0.6147,9388.362276,15273.08,9388.362276,
2022-11-15 15:40:00+00:00,0.6134,0.6173,0.6144,0.616,4132.53,0.615275,2542.64239575,4132.53,2542.64239575,
2022-11-15 15:45:00+00:00,0.6111,0.615,0.615,0.6111,2167.33,0.61305,1328.6816565,2167.33,1328.6816565,
2022-11-15 15:50:00+00:00,0.6075,0.6109,0.6075,0.6109,419.75,0.6092,255.7117,419.75,255.7117,
2022-11-15 15:55:00+00:00,0.6108,0.6135,0.6113,0.6135,1004.6,0.612275,615.091465,1004.6,615.091465,
2022-11-15 16:00:00+00:00,0.6087,0.6146,0.6143,0.612,453.69,0.6124,277.839756,453.69,277.839756,
2022-11-15 16:05:00+00:00,0.6122,0.615,0.6132,0.6147,4950.85,0.613775,3038.70795875,4950.85,3038.70795875,
2022-11-15 16:10:00+00:00,0.6132,0.6171,0.6132,0.6158,5363.03,0.614825,3297.32491975,5363.03,3297.32491975,
2022-11-15 16:15:00+00:00,0.6148,0.618,0.6156,0.6148,2690.6,0.6158,1656.87148,2690.6,1656.87148,
2022-11-15 16:20:00+00:00,0.6121,0.6147,0.6147,0.6122,770.57,0.613425,472.68690225,770.57,472.68690225,
2022-11-15 16:25:00+00:00,0.6103,0.6137,0.611,0.6118,3045.7,0.6117,1863.05469,3045.7,1863.05469,
2022-11-15 16:30:00+00:00,0.6103,0.6124,0.6116,0.6113,4295.8,0.6114,2626.45212,4295.8,2626.45212,
2022-11-15 16:35:00+00:00,0.6084,0.612,0.6119,0.6084,6764.01,0.610175,4127.22980175,6764.01,4127.22980175,
2022-11-15 16:40:00+00:00,0.6085,0.6135,0.6085,0.6128,565.7,0.610825,345.5437025,565.7,345.5437025,
2022-11-15 16:45:00+00:00,0.6123,0.617,0.6127,0.6141,365.99,0.614025,224.72700975,365.99,224.72700975,
2022-11-15 16:50:00+00:00,0.6126,0.6143,0.6143,0.6136,2187.29,0.6137,1342.339873,2187.29,1342.339873,
2022-11-15 16:55:00+00:00,0.6135,0.6153,0.6135,0.6153,425.54,0.6144,261.451776,425.54,261.451776,
2022-11-15 17:00:00+00:00,0.6129,0.6156,0.6152,0.6129,515.11,0.61415,316.3548065,515.11,316.3548065,
2022-11-15 17:05:00+00:00,0.6099,0.6134,0.6134,0.6134,569.98,0.612525,349.1269995,569.98,349.1269995,
2022-11-15 17:10:00+00:00,0.6131,0.615,0.6133,0.6147,4662.26,0.614025,2862.7441965,4662.26,2862.7441965,
2022-11-15 17:15:00+00:00,0.6138,0.6148,0.6145,0.6138,1208.71,0.614225,742.41989975,1208.71,742.41989975,
2022-11-15 17:20:00+00:00,0.614,0.6148,0.6148,0.6146,1624.94,0.61455,998.606877,1624.94,998.606877,
2022-11-15 17:25:00+00:00,0.6141,0.616,0.6147,0.6147,6037.14,0.614875,3712.0864575,6037.14,3712.0864575,
2022-11-15 17:30:00+00:00,0.6141,0.6151,0.615,0.6143,1069.83,0.614625,657.54426375,1069.83,657.54426375,
2022-11-15 17:35:00+00:00,0.6143,0.6178,0.6143,0.6165,10793.22,0.615725,6645.6553845,10793.22,6645.6553845,
2022-11-15 17:40:00+00:00,0.6138,0.6172,0.6172,0.6141,1527.9,0.615575,940.5370425,1527.9,940.5370425,
2022-11-15 17:45:00+00:00,0.6132,0.615,0.6136,0.6145,1026.7,0.614075,630.4708025,1026.7,630.4708025,
2022-11-15 17:50:00+00:00,0.6134,0.6145,0.6143,0.6144,674.55,0.61415,414.2748825,674.55,414.2748825,
2022-11-15 17:55:00+00:00,0.6139,0.615,0.6144,0.6146,3810.98,0.614475,2341.7519355,3810.98,2341.7519355,
2022-11-15 18:00:00+00:00,0.6127,0.6151,0.6144,0.6134,1089.25,0.6139,668.690575,1089.25,668.690575,
2022-11-15 18:05:00+00:00,0.6115,0.6134,0.6125,0.6118,8306.31,0.6123,5085.953613,8306.31,5085.953613,
2022-11-15 18:10:00+00:00,0.611,0.6123,0.6112,0.611,212.0,0.611375,129.6115,212.0,129.6115,
2022-11-15 18:15:00+00:00,0.6097,0.6112,0.6111,0.61,1022.15,0.6105,624.022575,1022.15,624.022575,
2022-11-15 18:20:00+00:00,0.6058,0.6101,0.6093,0.6069,1612.98,0.608025,980.7321645,1612.98,980.7321645,
2022-11-15 18:25:00+00:00,0.6027,0.6072,0.6072,0.6028,456.77,0.604975,276.33443075,456.77,276.33443075,
2022-11-15 18:30:00+00:00,0.5996,0.6055,0.6033,0.6,1049.13,0.6021,631.681173,1049.13,631.681173,
2022-11-15 18:35:00+00:00,0.5947,0.6013,0.5995,0.5955,1701.78,0.59775,1017.238995,1701.78,1017.238995,
2022-11-15 18:40:00+00:00,0.5918,0.5968,0.594,0.5962,16079.66,0.5947,9562.573802,16079.66,9562.573802,
2022-11-15 18:45:00+00:00,0.596,0.5986,0.5961,0.5964,8235.15,0.596775,4914.53164125,8235.15,4914.53164125,
2022-11-15 18:50:00+00:00,0.5961,0.5988,0.5961,0.5981,890.77,0.597275,532.03465175,890.77,532.03465175,
2022-11-15 18:55:00+00:00,0.5964,0.5999,0.5972,0.5999,734.52,0.59835,439.500042,734.52,439.500042,
2022-11-15 19:00:00+00:00,0.5947,0.6,0.5999,0.5947,1183.92,0.597325,707.185014,1183.92,707.185014,
2022-11-15 19:05:00+00:00,0.5947,0.5975,0.5958,0.5975,181.8,0.596375,108.420975,181.8,108.420975,
2022-11-15 19:10:00+00:00,0.6001,0.6019,0.6003,0.6013,920.76,0.6009,553.284684,920.76,553.284684,
2022-11-15 19:15:00+00:00,0.6002,0.6037,0.6007,0.6037,549.19,0.602075,330.65356925,549.19,330.65356925,
2022-11-15 19:20:00+00:00,0.602,0.6036,0.6031,0.6032,1870.24,0.602975,1127.707964,1870.24,1127.707964,
2022-11-15 19:25:00+00:00,0.6007,0.6035,0.6029,0.6011,167.7,0.60205,100.963785,167.7,100.963785,
2022-11-15 19:30:00+00:00,0.5982,0.6011,0.6,0.5982,307.12,0.599375,184.08005,307.12,184.08005,
2022-11-15 19:35:00+00:00,0.5985,0.6012,0.5989,0.6012,700.15,0.59995,420.0549925,700.15,420.0549925,
2022-11-15 19:40:00+00:00,0.5992,0.6008,0.6001,0.6008,403.7,0.600225,242.3108325,403.7,242.3108325,
2022-11-15 19:45:00+00:00,0.5976,0.5992,0.5992,0.5988,141.78,0.5987,84.883686,141.78,84.883686,
2022-11-15 19:50:00+00:00,0.5964,0.5988,0.5988,0.5978,2945.09,0.59795,1761.0165655,2945.09,1761.0165655,
2022-11-15 19:55:00+00:00,0.5972,0.6025,0.5981,0.6002,688.78,0.5995,412.92361,688.78,412.92361,
2022-11-15 20:00:00+00:00,0.6007,0.6022,0.6019,0.6014,576.18,0.60155,346.601079,576.18,346.601079,
2022-11-15 20:05:00+00:00,0.5987,0.6014,0.6012,0.6014,2698.14,0.600675,1620.7052445,2698.14,1620.7052445,
2022-11-15 20:10:00+00:00,0.5987,0.6018,0.6017,0.5998,2765.4,0.6005,1660.6227,2765.4,1660.6227,
2022-11-15 20:15:00+00:00,0.5989,0.6004,0.6002,0.5997,2266.02,0.5998,1359.158796,2266.02,1359.158796,
2022-11-15 20:20:00+00:00,0.5994,0.601,0.5998,0.6007,416.43,0.600225,249.95169675,416.43,249.95169675,
2022-11-15 20:25:00+00:00,0.5983,0.6018,0.6018,0.5983,2195.53,0.60005,1317.4277765,2195.53,1317.4277765,
2022-11-15 20:30:00+00:00,0.597,0.5989,0.5985,0.5977,319.75,0.598025,191.21849375,319.75,191.21849375,
2022-11-15 20:35:00+00:00,0.5979,0.5993,0.598,0.5993,186.89,0.598625,111.87702625,186.89,111.87702625,
2022-11-15 20:40:00+00:00,0.5984,0.6004,0.6004,0.5988,2326.15,0.5995,1394.526925,2326.15,1394.526925,
2022-11-15 20:45:00+00:00,0.5987,0.6002,0.599,0.5992,448.72,0.599275,268.906678,448.72,268.906678,
2022-11-15 20:50:00+00:00,0.5973,0.5993,0.599,0.5978,3688.44,0.59835,2206.978074,3688.44,2206.978074,
2022-11-15 20:55:00+00:00,0.5981,0.6006,0.5981,0.6006,103.8,0.59935,62.21253,103.8,62.21253,
2022-11-15 21:00:00+00:00,0.5998,0.6018,0.6018,0.5998,204.23,0.6008,122.701384,204.23,122.701384,
2022-11-15 21:05:00+00:00,0.5988,0.6005,0.5999,0.5988,499.35,0.5995,299.360325,499.35,299.360325,
2022-11-15 21:10:00+00:00,0.5975,0.599,0.5989,0.5978,814.46,0.5983,487.291418,814.46,487.291418,
2022-11-15 21:15:00+00:00,0.5976,0.5991,0.599,0.599,860.04,0.598675,514.884447,860.04,514.884447,
2022-11-15 21:20:00+00:00,0.5972,0.5992,0.5987,0.5979,828.54,0.59825,495.674055,828.54,495.674055,
2022-11-15 21:25:00+00:00,0.5979,0.5992,0.598,0.598,1628.34,0.598275,974.1951135,1628.34,974.1951135,
2022-11-15 21:30:00+00:00,0.5961,0.5989,0.5988,0.5972,847.93,0.59775,506.8501575,847.93,506.8501575,
2022-11-15 21:35:00+00:00,0.5976,0.5989,0.598,0.5983,999.5,0.5982,597.9009,999.5,597.9009,
2022-11-15 21:40:00+00:00,0.5975,0.5993,0.5986,0.5982,2594.16,0.5984,1552.345344,2594.16,1552.345344,
2022-11-15 21:45:00+00:00,0.597,0.598,0.5975,0.5972,516.68,0.597425,308.677549,516.68,308.677549,
2022-11-15 21:50:00+00:00,0.5979,0.6,0.5984,0.6,345.46,0.599075,206.9564495,345.46,206.9564495,
2022-11-15 21:55:00+00:00,0.5978,0.5993,0.5993,0.599,408.21,0.59885,244.4565585,408.21,244.4565585,
2022-11-15 22:00:00+00:00,0.5973,0.5987,0.5987,0.5982,447.48,0.598225,267.693723,447.48,267.693723,
2022-11-15 22:05:00+00:00,0.597,0.5997,0.5974,0.5997,3266.55,0.59845,1954.8668475,3266.55,1954.8668475,
2022-11-15 22:10:00+00:00,0.599,0.6,0.5999,0.6,16337.11,0.599725,9797.77329475,16337.11,9797.77329475,
2022-11-15 22:15:00+00:00,0.5994,0.6,0.6,0.6,2786.73,0.59985,1671.6199905,2786.73,1671.6199905,
2022-11-15 22:20:00+00:00,0.5989,0.6,0.6,0.5993,1304.22,0.59955,781.945101,1304.22,781.945101,
2022-11-15 22:25:00+00:00,0.5995,0.6,0.5996,0.5996,781.93,0.599675,468.90387275,781.93,468.90387275,
2022-11-15 22:30:00+00:00,0.5992,0.6,0.5996,0.6,4595.75,0.5997,2756.071275,4595.75,2756.071275,
2022-11-15 22:35:00+00:00,0.5979,0.6,0.6,0.5979,7255.0,0.59895,4345.38225,7255.0,4345.38225,
2022-11-15 22:40:00+00:00,0.597,0.5981,0.598,0.5979,65.47,0.59775,39.1346925,65.47,39.1346925,
2022-11-15 22:45:00+00:00,0.598,0.599,0.5989,0.598,105.17,0.598475,62.94161575,105.17,62.94161575,
2022-11-15 22:50:00+00:00,0.5979,0.6,0.5979,0.5996,132.21,0.59885,79.1739585,132.21,79.1739585,
2022-11-15 22:55:00+00:00,0.5982,0.6,0.5992,0.5982,697.41,0.5989,417.678849,697.41,417.678849,
2022-11-15 23:00:00+00:00,0.5973,0.5993,0.5985,0.5974,1373.82,0.598125,821.7160875,1373.82,821.7160875,
2022-11-15 23:05:00+00:00,0.5968,0.5978,0.5975,0.5969,728.15,0.59725,434.8875875,728.15,434.8875875,
2022-11-15 23:10:00+00:00,0.5975,0.6016,0.5975,0.6001,74162.7,0.599175,44436.4357725,74162.7,44436.4357725,
2022-11-15 23:15:00+00:00,0.5989,0.6011,0.6001,0.6011,1035.67,0.6003,621.712701,1035.67,621.712701,
2022-11-15 23:20:00+00:00,0.5991,0.6017,0.6008,0.6007,668.79,0.600575,401.65855425,668.79,401.65855425,
2022-11-15 23:25:00+00:00,0.599,0.6006,0.5995,0.6001,1817.81,0.5998,1090.322438,1817.81,1090.322438,
2022-11-15 23:30:00+00:00,0.5999,0.6013,0.5999,0.6012,174.51,0.600575,104.80634325,174.51,104.80634325,
2022-11-15 23:35:00+00:00,0.6003,0.6021,0.601,0.6008,161.01,0.60105,96.7750605,161.01,96.7750605,
2022-11-15 23:40:00+00:00,0.6003,0.6016,0.6006,0.6005,767.76,0.60075,461.23182,767.76,461.23182,
2022-11-15 23:45:00+00:00,0.5998,0.603,0.6014,0.5998,1139.39,0.601,684.77339,1139.39,684.77339,
2022-11-15 23:50:00+00:00,0.5987,0.6015,0.5999,0.6013,2597.94,0.60035,1559.673279,2597.94,1559.673279,
2022-11-15 23:55:00+00:00,0.5999,0.602,0.6014,0.6007,1480.55,0.601,889.81055,1480.55,889.81055,
2022-11-16 00:00:00+00:00,0.6001,0.6024,0.6006,0.601,424.71,0.601025,255.26132775,424.71,255.26132775,
2022-11-16 00:05:00+00:00,0.6007,0.6024,0.6009,0.6016,728.69,0.6014,438.234166,728.69,438.234166,
2022-11-16 00:10:00+00:00,0.5988,0.6014,0.6014,0.5988,318.31,0.6001,191.017831,318.31,191.017831,
2022-11-16 00:15:00+00:00,0.5963,0.5993,0.5987,0.5987,2301.07,0.59825,1376.6151275,2301.07,1376.6151275,
2022-11-16 00:20:00+00:00,0.5938,0.599,0.599,0.5939,562.0,0.596425,335.19085,562.0,335.19085,
2022-11-16 00:25:00+00:00,0.5947,0.5965,0.5952,0.5954,690.14,0.59545,410.943863,690.14,410.943863,
2022-11-16 00:30:00+00:00,0.5949,0.5974,0.5949,0.5967,4063.17,0.595975,2421.54774075,4063.17,2421.54774075,
2022-11-16 00:35:00+00:00,0.5965,0.5977,0.5966,0.5977,498.55,0.597125,297.69666875,498.55,297.69666875,
2022-11-16 00:40:00+00:00,0.5956,0.5981,0.5981,0.5977,996.97,0.597375,595.56495375,996.97,595.56495375,
2022-11-16 00:45:00+00:00,0.5951,0.5995,0.5964,0.5986,1155.33,0.5974,690.194142,1155.33,690.194142,
2022-11-16 00:50:00+00:00,0.5967,0.5984,0.5973,0.5972,5179.56,0.5974,3094.269144,5179.56,3094.269144,
2022-11-16 00:55:00+00:00,0.5946,0.5969,0.5969,0.5951,706.55,0.595875,421.01548125,706.55,421.01548125,
2022-11-16 01:00:00+00:00,0.5948,0.597,0.5948,0.5964,640.34,0.59575,381.482555,640.34,381.482555,
2022-11-16 01:05:00+00:00,0.596,0.5996,0.5963,0.5996,773.19,0.597875,462.27097125,773.19,462.27097125,
2022-11-16 01:10:00+00:00,0.5976,0.5992,0.5991,0.5976,136.77,0.598375,81.83974875,136.77,81.83974875,
2022-11-16 01:15:00+00:00,0.5978,0.5997,0.5978,0.5996,812.82,0.598725,486.6556545,812.82,486.6556545,
2022-11-16 01:20:00+00:00,0.5985,0.5998,0.5998,0.5996,759.48,0.599425,455.251299,759.48,455.251299,
2022-11-16 01:25:00+00:00,0.5983,0.5997,0.5994,0.5997,12810.58,0.599275,7677.0603295,12810.58,7677.0603295,
2022-11-16 01:30:00+00:00,0.5961,0.5994,0.5986,0.5994,208.85,0.598375,124.97061875,208.85,124.97061875,
2022-11-16 01:35:00+00:00,0.5992,0.5992,0.5992,0.5992,81.89,0.5992,49.068488,81.89,49.068488,
2022-11-16 01:40:00+00:00,0.5981,0.5994,0.599,0.5986,1410.97,0.598775,844.85356175,1410.97,844.85356175,
2022-11-16 01:45:00+00:00,0.5974,0.5984,0.5974,0.5984,370.12,0.5979,221.294748,370.12,221.294748,
2022-11-16 01:50:00+00:00,0.5966,0.5987,0.5982,0.5987,1018.28,0.59805,608.982354,1018.28,608.982354,
2022-11-16 01:55:00+00:00,0.5994,0.6013,0.5994,0.6013,7581.99,0.60035,4551.8476965,7581.99,4551.8476965,
2022-11-16 02:00:00+00:00,0.5986,0.6024,0.6013,0.599,5776.33,0.600325,3467.67530725,5776.33,3467.67530725,
2022-11-16 02:05:00+00:00,0.5985,0.6013,0.5986,0.5998,457.45,0.59955,274.2641475,457.45,274.2641475,
2022-11-16 02:10:00+00:00,0.5997,0.602,0.5997,0.602,590.77,0.60085,354.9641545,590.77,354.9641545,
2022-11-16 02:15:00+00:00,0.6015,0.6027,0.6019,0.6021,113.75,0.60205,68.4831875,113.75,68.4831875,
2022-11-16 02:20:00+00:00,0.6014,0.6029,0.6014,0.6029,692.65,0.60215,417.0791975,692.65,417.0791975,
2022-11-16 02:25:00+00:00,0.602,0.6033,0.6024,0.6033,94.89,0.60275,57.1949475,94.89,57.1949475,
2022-11-16 02:30:00+00:00,0.6041,0.6052,0.6043,0.6046,329.2,0.60455,199.01786,329.2,199.01786,
2022-11-16 02:35:00+00:00,0.6031,0.6053,0.6043,0.6037,80.99,0.6041,48.926059,80.99,48.926059,
2022-11-16 02:40:00+00:00,0.6033,0.6045,0.604,0.6039,34.14,0.603925,20.6179995,34.14,20.6179995,
2022-11-16 02:45:00+00:00,0.6015,0.6035,0.6034,0.6019,12403.72,0.602575,7474.171579,12403.72,7474.171579,
2022-11-16 02:50:00+00:00,0.6009,0.6023,0.6017,0.6023,1086.3,0.6018,653.73534,1086.3,653.73534,
2022-11-16 02:55:00+00:00,0.6017,0.6042,0.6017,0.6039,439.62,0.602875,265.0359075,439.62,265.0359075,
2022-11-16 03:00:00+00:00,0.603,0.6043,0.6036,0.603,701.23,0.603475,423.17477425,701.23,423.17477425,
2022-11-16 03:05:00+00:00,0.6029,0.604,0.6029,0.604,296.21,0.60345,178.7479245,296.21,178.7479245,
2022-11-16 03:10:00+00:00,0.603,0.6048,0.6048,0.6038,1123.34,0.6041,678.609694,1123.34,678.609694,
2022-11-16 03:15:00+00:00,0.6031,0.6045,0.6031,0.6039,712.68,0.60365,430.209282,712.68,430.209282,
2022-11-16 03:20:00+00:00,0.6029,0.605,0.6035,0.605,702.06,0.6041,424.114446,702.06,424.114446,
2022-11-16 03:25:00+00:00,0.6042,0.6056,0.6042,0.6054,836.41,0.60485,505.9025885,836.41,505.9025885,
2022-11-16 03:30:00+00:00,0.604,0.6062,0.6054,0.6045,8507.9,0.605025,5147.4921975,8507.9,5147.4921975,
2022-11-16 03:35:00+00:00,0.6053,0.6083,0.6053,0.6069,29409.66,0.60645,17835.488307,29409.66,17835.488307,
2022-11-16 03:40:00+00:00,0.6064,0.6072,0.6072,0.6065,1372.41,0.606825,832.81269825,1372.41,832.81269825,
2022-11-16 03:45:00+00:00,0.606,0.607,0.6065,0.6065,85.8,0.6065,52.0377,85.8,52.0377,
2022-11-16 03:50:00+00:00,0.6057,0.6071,0.6071,0.6071,967.86,0.60675,587.249055,967.86,587.249055,
2022-11-16 03:55:00+00:00,0.6067,0.6075,0.6067,0.6075,573.8,0.6071,348.35398,573.8,348.35398,
2022-11-16 04:00:00+00:00,0.6058,0.6076,0.6076,0.6058,550.8,0.6067,334.17036,550.8,334.17036,
2022-11-16 04:05:00+00:00,0.6052,0.6061,0.6057,0.6058,231.13,0.6057,139.995441,231.13,139.995441,
2022-11-16 04:10:00+00:00,0.6051,0.6065,0.6057,0.6054,6386.17,0.605675,3867.94351475,6386.17,3867.94351475,
2022-11-16 04:15:00+00:00,0.6049,0.6055,0.6052,0.6049,835.71,0.605125,505.70901375,835.71,505.70901375,
2022-11-16 04:20:00+00:00,0.6021,0.605,0.605,0.6034,720.52,0.603875,435.104015,720.52,435.104015,
2022-11-16 04:25:00+00:00,0.6034,0.6045,0.6034,0.6045,1958.3,0.60395,1182.715285,1958.3,1182.715285,
2022-11-16 04:30:00+00:00,0.6039,0.6048,0.6039,0.6043,498.4,0.604225,301.14574,498.4,301.14574,
2022-11-16 04:35:00+00:00,0.604,0.6042,0.604,0.6042,314.61,0.6041,190.055901,314.61,190.055901,
2022-11-16 04:40:00+00:00,0.6034,0.6045,0.604,0.6034,2570.29,0.603825,1552.00535925,2570.29,1552.00535925,
2022-11-16 04:45:00+00:00,0.6034,0.6045,0.6034,0.604,229.89,0.603825,138.81332925,229.89,138.81332925,
2022-11-16 04:50:00+00:00,0.603,0.604,0.6035,0.6038,2838.16,0.603575,1713.042422,2838.16,1713.042422,
2022-11-16 04:55:00+00:00,0.6031,0.6042,0.6033,0.6037,1589.49,0.603575,959.37642675,1589.49,959.37642675,
2022-11-16 05:00:00+00:00,0.6032,0.6036,0.6034,0.6036,358.94,0.60345,216.602343,358.94,216.602343,
2022-11-16 05:05:00+00:00,0.602,0.6032,0.6026,0.602,89.18,0.60245,53.726491,89.18,53.726491,
2022-11-16 05:10:00+00:00,0.602,0.603,0.602,0.6021,772.28,0.602275,465.124937,772.28,465.124937,
2022-11-16 05:15:00+00:00,0.6025,0.6045,0.6031,0.6045,1518.79,0.60365,916.8175835,1518.79,916.8175835,
2022-11-16 05:20:00+00:00,0.6037,0.6046,0.6038,0.6038,351.94,0.603975,212.5629615,351.94,212.5629615,
2022-11-16 05:25:00+00:00,0.6036,0.6044,0.6043,0.604,260.68,0.604075,157.470271,260.68,157.470271,
2022-11-16 05:30:00+00:00,0.6036,0.6051,0.6045,0.6036,322.43,0.6042,194.812206,322.43,194.812206,
2022-11-16 05:35:00+00:00,0.6025,0.6037,0.6036,0.6037,359.62,0.603375,216.9857175,359.62,216.9857175,
2022-11-16 05:40:00+00:00,0.6027,0.6045,0.6032,0.6045,834.36,0.603725,503.723991,834.36,503.723991,
2022-11-16 05:45:00+00:00,0.6037,0.6048,0.6048,0.6037,514.98,0.60425,311.176665,514.98,311.176665,
2022-11-16 05:50:00+00:00,0.6032,0.6043,0.6036,0.6035,769.87,0.60365,464.7320255,769.87,464.7320255,
2022-11-16 05:55:00+00:00,0.6031,0.6043,0.6032,0.6039,754.08,0.603625,455.18154,754.08,455.18154,
2022-11-16 06:00:00+00:00,0.6033,0.605,0.6033,0.605,6.35,0.60415,3.8363525,6.35,3.8363525,
2022-11-16 06:05:00+00:00,0.6043,0.6057,0.6057,0.6043,1896.46,0.605,1147.3583,1896.46,1147.3583,
2022-11-16 06:10:00+00:00,0.6012,0.6035,0.6035,0.6012,1985.1,0.60235,1195.724985,1985.1,1195.724985,
2022-11-16 06:15:00+00:00,0.5994,0.6026,0.6012,0.6017,1743.63,0.601225,1048.31394675,1743.63,1048.31394675,
2022-11-16 06:20:00+00:00,0.5994,0.6015,0.6015,0.601,873.17,0.60085,524.6441945,873.17,524.6441945,
2022-11-16 06:25:00+00:00,0.5991,0.6013,0.6008,0.5991,617.23,0.600075,370.38429225,617.23,370.38429225,
2022-11-16 06:30:00+00:00,0.5984,0.6004,0.5987,0.5984,1382.4,0.598975,828.02304,1382.4,828.02304,
2022-11-16 06:35:00+00:00,0.5972,0.5998,0.5985,0.5993,1018.78,0.5987,609.943586,1018.78,609.943586,
2022-11-16 06:40:00+00:00,0.5989,0.5998,0.5994,0.5996,18.78,0.599425,11.2572015,18.78,11.2572015,
2022-11-16 06:45:00+00:00,0.5998,0.6009,0.5998,0.6007,153.63,0.6003,92.224089,153.63,92.224089,
2022-11-16 06:50:00+00:00,0.6005,0.6046,0.6005,0.604,703.89,0.6024,424.023336,703.89,424.023336,
2022-11-16 06:55:00+00:00,0.6038,0.6054,0.6039,0.6053,1066.01,0.6046,644.509646,1066.01,644.509646,
2022-11-16 07:00:00+00:00,0.6049,0.6074,0.6054,0.6074,783.08,0.606275,474.761827,783.08,474.761827,
2022-11-16 07:05:00+00:00,0.6056,0.6074,0.6068,0.6056,2688.98,0.60635,1630.463023,2688.98,1630.463023,
2022-11-16 07:10:00+00:00,0.6033,0.6053,0.6053,0.6045,1000.24,0.6046,604.745104,1000.24,604.745104,
2022-11-16 07:15:00+00:00,0.604,0.6047,0.6044,0.6047,6.33,0.60445,3.8261685,6.33,3.8261685,
2022-11-16 07:20:00+00:00,0.6048,0.6056,0.6055,0.6049,140.88,0.6052,85.260576,140.88,85.260576,
2022-11-16 07:25:00+00:00,0.6057,0.6057,0.6057,0.6057,18.9,0.6057,11.44773,18.9,11.44773,
2022-11-16 07:30:00+00:00,0.6043,0.6052,0.6052,0.6043,664.14,0.60475,401.638665,664.14,401.638665,
2022-11-16 07:35:00+00:00,0.6025,0.6044,0.6044,0.6025,361.08,0.60345,217.893726,361.08,217.893726,
2022-11-16 07:40:00+00:00,0.603,0.6041,0.6034,0.6035,212.58,0.6035,128.29203,212.58,128.29203,
2022-11-16 07:45:00+00:00,0.6033,0.6043,0.6034,0.6039,1271.22,0.603725,767.4672945,1271.22,767.4672945,
2022-11-16 07:50:00+00:00,0.6037,0.6041,0.6041,0.6041,825.32,0.604,498.49328,825.32,498.49328,
2022-11-16 07:55:00+00:00,0.601,0.6034,0.6033,0.601,124.95,0.602175,75.24176625,124.95,75.24176625,
2022-11-16 08:00:00+00:00,0.5969,0.5998,0.5971,0.5998,165.0,0.5984,98.736,165.0,98.736,
2022-11-16 08:05:00+00:00,0.5992,0.6013,0.5992,0.601,330.48,0.600175,198.345834,330.48,198.345834,
2022-11-16 08:10:00+00:00,0.5984,0.6007,0.6006,0.5984,1125.63,0.599525,674.84332575,1125.63,674.84332575,
2022-11-16 08:15:00+00:00,0.5974,0.5996,0.5974,0.599,38.89,0.59835,23.2698315,38.89,23.2698315,
2022-11-16 08:20:00+00:00,0.5983,0.5996,0.5996,0.5983,66.04,0.59895,39.554658,66.04,39.554658,
2022-11-16 08:25:00+00:00,0.5967,0.5975,0.5975,0.5967,708.47,0.5971,423.027437,708.47,423.027437,
2022-11-16 08:30:00+00:00,0.5916,0.5974,0.5965,0.5916,2104.2,0.594275,1250.473455,2104.2,1250.473455,
2022-11-16 08:35:00+00:00,0.5895,0.5922,0.591,0.5901,1778.61,0.5907,1050.624927,1778.61,1050.624927,
2022-11-16 08:40:00+00:00,0.5905,0.5912,0.5906,0.5912,1303.6,0.590875,770.26465,1303.6,770.26465,
2022-11-16 08:45:00+00:00,0.5912,0.5931,0.5912,0.5927,2468.6,0.59205,1461.53463,2468.6,1461.53463,
2022-11-16 08:50:00+00:00,0.5918,0.5933,0.5931,0.5923,620.48,0.592625,367.71196,620.48,367.71196,
2022-11-16 08:55:00+00:00,0.5918,0.5941,0.5927,0.5941,55.04,0.593175,32.648352,55.04,32.648352,
2022-11-16 09:00:00+00:00,0.592,0.5936,0.5936,0.592,70.11,0.5928,41.561208,70.11,41.561208,
2022-11-16 09:05:00+00:00,0.5907,0.593,0.5907,0.593,298.5,0.59185,176.667225,298.5,176.667225,
2022-11-16 09:10:00+00:00,0.5925,0.593,0.593,0.5925,22.88,0.59275,13.56212,22.88,13.56212,
2022-11-16 09:15:00+00:00,0.5921,0.5942,0.5926,0.5935,25085.38,0.5931,14878.138878,25085.38,14878.138878,
2022-11-16 09:20:00+00:00,0.5927,0.5932,0.5932,0.5927,1142.82,0.59295,677.635119,1142.82,677.635119,
2022-11-16 09:25:00+00:00,0.5894,0.591,0.5908,0.5894,440.76,0.59015,260.114514,440.76,260.114514,
2022-11-16 09:30:00+00:00,0.5881,0.59,0.5895,0.5899,2196.7,0.589375,1294.6800625,2196.7,1294.6800625,
2022-11-16 09:35:00+00:00,0.5886,0.5913,0.5893,0.5909,2691.5,0.590025,1588.0522875,2691.5,1588.0522875,
2022-11-16 09:40:00+00:00,0.5902,0.5912,0.5909,0.5906,1586.95,0.590725,937.45103875,1586.95,937.45103875,
2022-11-16 09:45:00+00:00,0.59,0.5919,0.59,0.5919,12719.25,0.59095,7516.4407875,12719.25,7516.4407875,
2022-11-16 09:50:00+00:00,0.5903,0.5913,0.5905,0.5911,53.47,0.5908,31.590076,53.47,31.590076,
2022-11-16 09:55:00+00:00,0.5907,0.592,0.591,0.5912,106.46,0.591225,62.9418135,106.46,62.9418135,
2022-11-16 10:00:00+00:00,0.5918,0.5934,0.592,0.5928,36.31,0.5925,21.513675,36.31,21.513675,
2022-11-16 10:05:00+00:00,0.5925,0.5935,0.5934,0.5932,174.67,0.59315,103.6055105,174.67,103.6055105,
2022-11-16 10:10:00+00:00,0.5929,0.594,0.5929,0.594,21.13,0.59345,12.5395985,21.13,12.5395985,
2022-11-16 10:15:00+00:00,0.5928,0.5941,0.5938,0.5928,2819.74,0.593375,1673.1632225,2819.74,1673.1632225,
2022-11-16 10:20:00+00:00,0.5906,0.5932,0.5922,0.5906,1141.68,0.59165,675.474972,1141.68,675.474972,
2022-11-16 10:25:00+00:00,0.5911,0.592,0.5912,0.5915,864.32,0.59145,511.202064,864.32,511.202064,
2022-11-16 10:30:00+00:00,0.5908,0.5917,0.5908,0.591,207.95,0.591075,122.91404625,207.95,122.91404625,
2022-11-16 10:35:00+00:00,0.5873,0.5901,0.5901,0.5886,4000.45,0.589025,2356.36506125,4000.45,2356.36506125,
2022-11-16 10:40:00+00:00,0.5884,0.5924,0.5884,0.5912,2419.58,0.5901,1427.794158,2419.58,1427.794158,
2022-11-16 10:45:00+00:00,0.5899,0.5916,0.591,0.5902,545.86,0.590675,322.4258555,545.86,322.4258555,
2022-11-16 10:50:00+00:00,0.59,0.5908,0.5901,0.5906,858.92,0.590375,507.084895,858.92,507.084895,
2022-11-16 10:55:00+00:00,0.59,0.5908,0.5904,0.5904,70.66,0.5904,41.717664,70.66,41.717664,
2022-11-16 11:00:00+00:00,0.5911,0.593,0.5911,0.5929,181.12,0.592025,107.227568,181.12,107.227568,
2022-11-16 11:05:00+00:00,0.5899,0.5906,0.5899,0.5906,409.89,0.59025,241.9375725,409.89,241.9375725,
2022-11-16 11:10:00+00:00,0.5896,0.5923,0.5907,0.5914,11843.88,0.591,6999.73308,11843.88,6999.73308,
2022-11-16 11:15:00+00:00,0.5913,0.5929,0.5923,0.5928,1291.4,0.592325,764.928505,1291.4,764.928505,
2022-11-16 11:20:00+00:00,0.592,0.5929,0.5925,0.5926,565.45,0.5925,335.029125,565.45,335.029125,
2022-11-16 11:25:00+00:00,0.5923,0.5932,0.5925,0.5923,195.72,0.592575,115.978779,195.72,115.978779,
2022-11-16 11:30:00+00:00,0.5915,0.593,0.5917,0.5915,705.97,0.591925,417.88129225,705.97,417.88129225,
2022-11-16 11:35:00+00:00,0.5908,0.5916,0.5913,0.5916,539.2,0.591325,318.84244,539.2,318.84244,
2022-11-16 11:40:00+00:00,0.5911,0.5921,0.5911,0.592,1381.38,0.591575,817.1898735,1381.38,817.1898735,
2022-11-16 11:45:00+00:00,0.5892,0.5908,0.5907,0.5892,593.2,0.589975,349.97317,593.2,349.97317,
2022-11-16 11:50:00+00:00,0.585,0.5888,0.5885,0.5888,1179.87,0.587775,693.49808925,1179.87,693.49808925,
2022-11-16 11:55:00+00:00,0.587,0.5888,0.5888,0.587,1078.22,0.5879,633.885538,1078.22,633.885538,
2022-11-16 12:00:00+00:00,0.5874,0.5885,0.5884,0.5875,397.04,0.58795,233.439668,397.04,233.439668,
2022-11-16 12:05:00+00:00,0.5836,0.587,0.587,0.586,5447.12,0.5859,3191.467608,5447.12,3191.467608,
2022-11-16 12:10:00+00:00,0.5853,0.5865,0.5864,0.5858,1740.37,0.586,1019.85682,1740.37,1019.85682,
2022-11-16 12:15:00+00:00,0.5849,0.5869,0.5853,0.5858,244.51,0.585725,143.21561975,244.51,143.21561975,
2022-11-16 12:20:00+00:00,0.5856,0.586,0.5857,0.586,77.35,0.585825,45.31356375,77.35,45.31356375,
2022-11-16 12:25:00+00:00,0.5839,0.5849,0.5839,0.5848,284.57,0.584375,166.29559375,284.57,166.29559375,
2022-11-16 12:30:00+00:00,0.5857,0.5876,0.5859,0.5862,111.51,0.58635,65.3838885,111.51,65.3838885,
2022-11-16 12:35:00+00:00,0.5857,0.5876,0.5857,0.5875,3882.13,0.586625,2277.35451125,3882.13,2277.35451125,
2022-11-16 12:40:00+00:00,0.5864,0.5879,0.5872,0.5879,116.05,0.58735,68.1619675,116.05,68.1619675,
2022-11-16 12:45:00+00:00,0.587,0.5886,0.5886,0.587,176.33,0.5878,103.646774,176.33,103.646774,
2022-11-16 12:50:00+00:00,0.5862,0.5874,0.5867,0.5874,193.54,0.586925,113.5934645,193.54,113.5934645,
2022-11-16 12:55:00+00:00,0.5864,0.5877,0.5877,0.5864,23.0,0.58705,13.50215,23.0,13.50215,
2022-11-16 13:00:00+00:00,0.5817,0.5868,0.5868,0.5817,1381.19,0.58425,806.9602575,1381.19,806.9602575,
2022-11-16 13:05:00+00:00,0.5817,0.5848,0.582,0.5848,559.42,0.583325,326.3236715,559.42,326.3236715,
2022-11-16 13:10:00+00:00,0.5831,0.5851,0.5843,0.5832,918.19,0.583925,536.15409575,918.19,536.15409575,
2022-11-16 13:15:00+00:00,0.5835,0.585,0.5835,0.585,389.04,0.58425,227.29662,389.04,227.29662,
2022-11-16 13:20:00+00:00,0.5846,0.586,0.5846,0.5855,408.58,0.585175,239.0908015,408.58,239.0908015,
2022-11-16 13:25:00+00:00,0.585,0.5861,0.5854,0.5856,504.71,0.585525,295.52032275,504.71,295.52032275,
2022-11-16 13:30:00+00:00,0.5834,0.5877,0.5854,0.5844,1519.18,0.585225,889.0621155,1519.18,889.0621155,
2022-11-16 13:35:00+00:00,0.5823,0.5839,0.5826,0.5839,494.27,0.583175,288.24590725,494.27,288.24590725,
2022-11-16 13:40:00+00:00,0.5837,0.5854,0.5844,0.5854,1200.28,0.584725,701.833723,1200.28,701.833723,
2022-11-16 13:45:00+00:00,0.5853,0.5868,0.5854,0.5853,252.57,0.5857,147.930249,252.57,147.930249,
2022-11-16 13:50:00+00:00,0.582,0.5843,0.5843,0.582,96.01,0.58315,55.9882315,96.01,55.9882315,
2022-11-16 13:55:00+00:00,0.5807,0.583,0.583,0.5812,1919.16,0.581975,1116.903141,1919.16,1116.903141,
2022-11-16 14:00:00+00:00,0.5741,0.5824,0.5812,0.5764,15764.44,0.578525,9120.122651,15764.44,9120.122651,
2022-11-16 14:05:00+00:00,0.5727,0.5761,0.5761,0.5743,414.63,0.5748,238.329324,414.63,238.329324,
2022-11-16 14:10:00+00:00,0.5739,0.5766,0.5739,0.5766,100934.97,0.57525,58062.8414925,100934.97,58062.8414925,
2022-11-16 14:15:00+00:00,0.5753,0.579,0.5753,0.579,2966.04,0.57715,1711.849986,2966.04,1711.849986,
2022-11-16 14:20:00+00:00,0.5763,0.5783,0.5782,0.5776,329.11,0.5776,190.093936,329.11,190.093936,
2022-11-16 14:25:00+00:00,0.5771,0.578,0.5774,0.578,688.3,0.577625,397.5792875,688.3,397.5792875,
2022-11-16 14:30:00+00:00,0.5777,0.5809,0.5778,0.5809,2909.7,0.579325,1685.6619525,2909.7,1685.6619525,
2022-11-16 14:35:00+00:00,0.5787,0.581,0.581,0.5799,2856.26,0.58015,1657.059239,2856.26,1657.059239,
2022-11-16 14:40:00+00:00,0.5774,0.5793,0.5793,0.5774,855.94,0.57835,495.032899,855.94,495.032899,
2022-11-16 14:45:00+00:00,0.5758,0.5793,0.5781,0.5758,929.81,0.57725,536.7328225,929.81,536.7328225,
2022-11-16 14:50:00+00:00,0.5743,0.5769,0.5765,0.5754,1486.86,0.575775,856.0968165,1486.86,856.0968165,
2022-11-16 14:55:00+00:00,0.5757,0.5785,0.5757,0.5766,404.2,0.576625,233.071825,404.2,233.071825,
2022-11-16 15:00:00+00:00,0.5748,0.5774,0.577,0.5774,6308.63,0.57665,3637.8714895,6308.63,3637.8714895,
2022-11-16 15:05:00+00:00,0.5773,0.5778,0.5773,0.5778,343.7,0.57755,198.503935,343.7,198.503935,
2022-11-16 15:10:00+00:00,0.5772,0.5803,0.5772,0.5795,13795.53,0.57855,7981.4038815,13795.53,7981.4038815,
2022-11-16 15:15:00+00:00,0.5775,0.5805,0.579,0.5779,4186.21,0.578725,2422.66438225,4186.21,2422.66438225,
2022-11-16 15:20:00+00:00,0.5768,0.5779,0.5774,0.5776,126.59,0.577425,73.09623075,126.59,73.09623075,
2022-11-16 15:25:00+00:00,0.5773,0.579,0.5777,0.5781,241.78,0.578025,139.7548845,241.78,139.7548845,
2022-11-16 15:30:00+00:00,0.5783,0.5796,0.5784,0.5796,414.51,0.578975,239.99092725,414.51,239.99092725,
2022-11-16 15:35:00+00:00,0.579,0.5803,0.579,0.579,929.8,0.579325,538.656385,929.8,538.656385,
2022-11-16 15:40:00+00:00,0.5777,0.579,0.579,0.5777,803.06,0.57835,464.449751,803.06,464.449751,
2022-11-16 15:45:00+00:00,0.5728,0.5792,0.5791,0.5737,16254.22,0.5762,9365.681564,16254.22,9365.681564,
2022-11-16 15:50:00+00:00,0.5733,0.5767,0.5733,0.5744,1594.84,0.574425,916.115967,1594.84,916.115967,
2022-11-16 15:55:00+00:00,0.5744,0.5762,0.5745,0.5744,2660.93,0.574875,1529.70213375,2660.93,1529.70213375,
2022-11-16 16:00:00+00:00,0.5686,0.5741,0.5741,0.5735,4785.98,0.572575,2740.3324985,4785.98,2740.3324985,
2022-11-16 16:05:00+00:00,0.5725,0.5748,0.573,0.5744,1772.29,0.573675,1016.71846575,1772.29,1016.71846575,
2022-11-16 16:10:00+00:00,0.5759,0.5794,0.5759,0.5786,467.25,0.57745,269.8135125,467.25,269.8135125,
2022-11-16 16:15:00+00:00,0.5761,0.5791,0.5782,0.5791,2167.36,0.578125,1253.005,2167.36,1253.005,
2022-11-16 16:20:00+00:00,0.5763,0.5788,0.5787,0.5775,34020.49,0.577825,19657.88963425,34020.49,19657.88963425,
2022-11-16 16:25:00+00:00,0.5763,0.5778,0.577,0.5764,1328.53,0.576875,766.39574375,1328.53,766.39574375,
2022-11-16 16:30:00+00:00,0.5764,0.5795,0.5764,0.5783,1038.71,0.57765,600.0108315,1038.71,600.0108315,
2022-11-16 16:35:00+00:00,0.576,0.5788,0.5781,0.5781,1924.11,0.57775,1111.6545525,1924.11,1111.6545525,
2022-11-16 16:40:00+00:00,0.5779,0.5802,0.5779,0.5802,2248.62,0.57905,1302.063411,2248.62,1302.063411,
2022-11-16 16:45:00+00:00,0.5796,0.5816,0.5796,0.581,60.87,0.58045,35.3319915,60.87,35.3319915,
2022-11-16 16:50:00+00:00,0.5789,0.5797,0.5794,0.5791,1033.85,0.579275,598.88345875,1033.85,598.88345875,
2022-11-16 16:55:00+00:00,0.5784,0.5802,0.5796,0.5789,2185.96,0.579275,1266.271979,2185.96,1266.271979,
2022-11-16 17:00:00+00:00,0.5784,0.5797,0.5785,0.579,3337.24,0.5789,1931.928236,3337.24,1931.928236,
2022-11-16 17:05:00+00:00,0.579,0.5809,0.579,0.5801,829.43,0.57975,480.8620425,829.43,480.8620425,
2022-11-16 17:10:00+00:00,0.5792,0.5805,0.5797,0.5802,4060.21,0.5799,2354.515779,4060.21,2354.515779,
2022-11-16 17:15:00+00:00,0.5787,0.5814,0.58,0.5795,3379.85,0.5799,1959.975015,3379.85,1959.975015,
2022-11-16 17:20:00+00:00,0.5788,0.5801,0.5793,0.5793,635.83,0.579375,368.38400625,635.83,368.38400625,
2022-11-16 17:25:00+00:00,0.579,0.58,0.5793,0.5797,1263.72,0.5795,732.32574,1263.72,732.32574,
2022-11-16 17:30:00+00:00,0.5792,0.5808,0.5792,0.5799,876.84,0.579775,508.369911,876.84,508.369911,
2022-11-16 17:35:00+00:00,0.5806,0.5813,0.5813,0.5806,156.11,0.58095,90.6921045,156.11,90.6921045,
2022-11-16 17:40:00+00:00,0.5797,0.582,0.5811,0.582,316.51,0.5812,183.955612,316.51,183.955612,
2022-11-16 17:45:00+00:00,0.5815,0.5833,0.5831,0.5819,5601.11,0.58245,3262.3665195,5601.11,3262.3665195,
2022-11-16 17:50:00+00:00,0.5805,0.5822,0.5821,0.581,1259.53,0.58145,732.3537185,1259.53,732.3537185,
2022-11-16 17:55:00+00:00,0.5808,0.5819,0.581,0.5812,1613.16,0.581225,937.608921,1613.16,937.608921,
2022-11-16 18:00:00+00:00,0.5797,0.5819,0.5815,0.5797,242.26,0.5807,140.680382,242.26,140.680382,
2022-11-16 18:05:00+00:00,0.5801,0.5807,0.5805,0.5804,285.44,0.580425,165.676512,285.44,165.676512,
2022-11-16 18:10:00+00:00,0.5807,0.5828,0.5807,0.5828,1034.99,0.58175,602.1054325,1034.99,602.1054325,
2022-11-16 18:15:00+00:00,0.5814,0.583,0.5824,0.5814,10848.69,0.58205,6314.4800145,10848.69,6314.4800145,
2022-11-16 18:20:00+00:00,0.5753,0.5821,0.582,0.5811,60529.05,0.580125,35114.41513125,60529.05,35114.41513125,
2022-11-16 18:25:00+00:00,0.5801,0.5811,0.5811,0.5801,26351.38,0.5806,15299.611228,26351.38,15299.611228,
2022-11-16 18:30:00+00:00,0.5794,0.5806,0.5803,0.5798,1999.45,0.580025,1159.73098625,1999.45,1159.73098625,
2022-11-16 18:35:00+00:00,0.5787,0.5799,0.5796,0.579,1906.11,0.5793,1104.209523,1906.11,1104.209523,
2022-11-16 18:40:00+00:00,0.5788,0.5795,0.579,0.5791,5737.37,0.5791,3322.510967,5737.37,3322.510967,
2022-11-16 18:45:00+00:00,0.5786,0.5794,0.5791,0.5794,1571.66,0.579125,910.1875975,1571.66,910.1875975,
2022-11-16 18:50:00+00:00,0.5768,0.5793,0.5793,0.5793,33902.24,0.578675,19618.378732,33902.24,19618.378732,
2022-11-16 18:55:00+00:00,0.5786,0.5795,0.5792,0.5795,1509.58,0.5792,874.348736,1509.58,874.348736,
2022-11-16 19:00:00+00:00,0.5785,0.5791,0.5791,0.5789,1258.63,0.5789,728.620907,1258.63,728.620907,
2022-11-16 19:05:00+00:00,0.5772,0.5789,0.5789,0.5783,2686.49,0.578325,1553.66432925,2686.49,1553.66432925,
2022-11-16 19:10:00+00:00,0.5761,0.5782,0.5782,0.5771,159.02,0.5774,91.818148,159.02,91.818148,
2022-11-16 19:15:00+00:00,0.5773,0.5785,0.5775,0.5782,188.06,0.577875,108.6751725,188.06,108.6751725,
2022-11-16 19:20:00+00:00,0.5782,0.579,0.5783,0.5786,2947.58,0.578525,1705.2487195,2947.58,1705.2487195,
2022-11-16 19:25:00+00:00,0.5783,0.579,0.5786,0.5785,8231.6,0.5786,4762.80376,8231.6,4762.80376,
2022-11-16 19:30:00+00:00,0.5774,0.5787,0.5787,0.5779,1057.68,0.578175,611.524134,1057.68,611.524134,
2022-11-16 19:35:00+00:00,0.5776,0.5798,0.5779,0.5798,2802.93,0.578775,1622.26581075,2802.93,1622.26581075,
2022-11-16 19:40:00+00:00,0.5779,0.5793,0.579,0.5779,12768.9,0.578525,7387.1278725,12768.9,7387.1278725,
2022-11-16 19:45:00+00:00,0.5775,0.5782,0.5776,0.5779,58.53,0.5778,33.818634,58.53,33.818634,
2022-11-16 19:50:00+00:00,0.5777,0.5792,0.5777,0.5778,581.45,0.5781,336.136245,581.45,336.136245,
2022-11-16 19:55:00+00:00,0.5777,0.5789,0.5777,0.5788,3378.82,0.578275,1953.8871355,3378.82,1953.8871355,
2022-11-16 20:00:00+00:00,0.5783,0.5787,0.5784,0.5783,2683.16,0.578425,1552.006823,2683.16,1552.006823,
2022-11-16 20:05:00+00:00,0.5769,0.578,0.578,0.5772,538.18,0.577525,310.8124045,538.18,310.8124045,
2022-11-16 20:10:00+00:00,0.5777,0.5784,0.578,0.5783,1064.11,0.5781,615.161991,1064.11,615.161991,
2022-11-16 20:15:00+00:00,0.5769,0.5785,0.5785,0.577,435.33,0.577725,251.50102425,435.33,251.50102425,
2022-11-16 20:20:00+00:00,0.5769,0.5778,0.5771,0.5778,137.29,0.5774,79.271246,137.29,79.271246,
2022-11-16 20:25:00+00:00,0.5774,0.5786,0.5775,0.5786,871.4,0.578025,503.690985,871.4,503.690985,
2022-11-16 20:30:00+00:00,0.5772,0.5794,0.5792,0.579,755.43,0.5787,437.167341,755.43,437.167341,
2022-11-16 20:35:00+00:00,0.5772,0.5791,0.5786,0.5791,2489.29,0.5785,1440.054265,2489.29,1440.054265,
2022-11-16 20:40:00+00:00,0.5783,0.5797,0.5788,0.5788,1050.2,0.5789,607.96078,1050.2,607.96078,
2022-11-16 20:45:00+00:00,0.5787,0.5798,0.5795,0.5798,325.26,0.57945,188.471907,325.26,188.471907,
2022-11-16 20:50:00+00:00,0.5793,0.5801,0.5801,0.5801,185.18,0.5799,107.385882,185.18,107.385882,
2022-11-16 20:55:00+00:00,0.5789,0.5806,0.58,0.5795,1316.16,0.57975,763.04376,1316.16,763.04376,
2022-11-16 21:00:00+00:00,0.5782,0.5799,0.5793,0.5795,2349.23,0.579225,1360.73274675,2349.23,1360.73274675,
2022-11-16 21:05:00+00:00,0.5795,0.5819,0.5795,0.5813,1890.32,0.58055,1097.425276,1890.32,1097.425276,
2022-11-16 21:10:00+00:00,0.58,0.5814,0.581,0.5806,1872.58,0.58075,1087.500835,1872.58,1087.500835,
2022-11-16 21:15:00+00:00,0.5796,0.5815,0.5801,0.5811,1349.44,0.580575,783.451128,1349.44,783.451128,
2022-11-16 21:20:00+00:00,0.58,0.5812,0.58,0.581,135.01,0.58055,78.3800555,135.01,78.3800555,
2022-11-16 21:25:00+00:00,0.5804,0.5812,0.5805,0.5804,1734.51,0.580625,1007.09986875,1734.51,1007.09986875,
2022-11-16 21:30:00+00:00,0.5803,0.5817,0.5807,0.5817,584.4,0.5811,339.59484,584.4,339.59484,
2022-11-16 21:35:00+00:00,0.5804,0.5816,0.5813,0.581,211.85,0.581075,123.10073875,211.85,123.10073875,
2022-11-16 21:40:00+00:00,0.5803,0.5818,0.581,0.5818,120.14,0.581225,69.8283715,120.14,69.8283715,
2022-11-16 21:45:00+00:00,0.5786,0.5809,0.5809,0.5793,3073.61,0.579925,1782.46327925,3073.61,1782.46327925,
2022-11-16 21:50:00+00:00,0.5797,0.581,0.5797,0.5806,1488.43,0.58025,863.6615075,1488.43,863.6615075,
2022-11-16 21:55:00+00:00,0.5791,0.5809,0.5799,0.5793,310.39,0.5798,179.964122,310.39,179.964122,
2022-11-16 22:00:00+00:00,0.5786,0.58,0.58,0.5789,183.65,0.579375,106.40221875,183.65,106.40221875,
2022-11-16 22:05:00+00:00,0.5782,0.5815,0.5782,0.5815,57.03,0.57985,33.0688455,57.03,33.0688455,
2022-11-16 22:10:00+00:00,0.5803,0.5812,0.5807,0.5803,2574.69,0.580625,1494.92938125,2574.69,1494.92938125,
2022-11-16 22:15:00+00:00,0.5798,0.581,0.581,0.5803,657.11,0.580525,381.46878275,657.11,381.46878275,
2022-11-16 22:20:00+00:00,0.5784,0.5798,0.5798,0.5786,447.33,0.57915,259.0711695,447.33,259.0711695,
2022-11-16 22:25:00+00:00,0.5791,0.5805,0.5792,0.5802,165.15,0.57975,95.7457125,165.15,95.7457125,
2022-11-16 22:30:00+00:00,0.5797,0.5806,0.5797,0.5806,368.01,0.58015,213.5010015,368.01,213.5010015,
2022-11-16 22:35:00+00:00,0.5806,0.5814,0.5806,0.581,177.86,0.5809,103.318874,177.86,103.318874,
2022-11-16 22:40:00+00:00,0.581,0.5822,0.5811,0.581,188.67,0.581325,109.67858775,188.67,109.67858775,
2022-11-16 22:45:00+00:00,0.5814,0.5823,0.582,0.5821,355.84,0.58195,207.081088,355.84,207.081088,
2022-11-16 22:50:00+00:00,0.5823,0.5848,0.5823,0.5848,1474.25,0.58355,860.2985875,1474.25,860.2985875,
2022-11-16 22:55:00+00:00,0.584,0.5872,0.584,0.5872,246.74,0.5856,144.490944,246.74,144.490944,
2022-11-16 23:00:00+00:00,0.5862,0.588,0.5862,0.5865,531.67,0.586725,311.94408075,531.67,311.94408075,
2022-11-16 23:05:00+00:00,0.585,0.5872,0.5854,0.5868,296.08,0.5861,173.532488,296.08,173.532488,
2022-11-16 23:10:00+00:00,0.5838,0.5865,0.586,0.5848,3131.16,0.585275,1832.589669,3131.16,1832.589669,
2022-11-16 23:15:00+00:00,0.5837,0.5864,0.5841,0.5864,157.67,0.58515,92.2606005,157.67,92.2606005,
2022-11-16 23:20:00+00:00,0.5844,0.5873,0.5871,0.5863,2114.38,0.586275,1239.6081345,2114.38,1239.6081345,
2022-11-16 23:25:00+00:00,0.5865,0.5877,0.5874,0.5865,266.31,0.587025,156.33062775,266.31,156.33062775,
2022-11-16 23:30:00+00:00,0.5869,0.5881,0.5871,0.5869,2019.37,0.58725,1185.8750325,2019.37,1185.8750325,
2022-11-16 23:35:00+00:00,0.5854,0.5868,0.5868,0.5858,739.35,0.5862,433.40697,739.35,433.40697,
2022-11-16 23:40:00+00:00,0.5844,0.5862,0.5857,0.5848,954.87,0.585275,558.86153925,954.87,558.86153925,
2022-11-16 23:45:00+00:00,0.5839,0.5856,0.5839,0.5856,127.02,0.58475,74.274945,127.02,74.274945,
2022-11-16 23:50:00+00:00,0.5857,0.5867,0.5859,0.5864,365.98,0.586175,214.5283265,365.98,214.5283265,
2022-11-16 23:55:00+00:00,0.5852,0.5864,0.5859,0.5864,351.47,0.585975,205.95263325,351.47,205.95263325,
2022-11-17 00:00:00+00:00,0.5857,0.5868,0.5857,0.5863,213.23,0.586125,124.97943375,213.23,124.97943375,
2022-11-17 00:05:00+00:00,0.5876,0.5889,0.5883,0.588,1401.26,0.5882,824.221132,1401.26,824.221132,
2022-11-17 00:10:00+00:00,0.5864,0.5881,0.5866,0.5866,627.79,0.586925,368.46564575,627.79,368.46564575,
2022-11-17 00:15:00+00:00,0.586,0.5883,0.586,0.5876,74.98,0.586975,44.0113855,74.98,44.0113855,
2022-11-17 00:20:00+00:00,0.5854,0.5879,0.5879,0.5873,4179.34,0.587125,2453.7949975,4179.34,2453.7949975,
2022-11-17 00:25:00+00:00,0.5864,0.5878,0.5877,0.5864,21.82,0.587075,12.8099765,21.82,12.8099765,
2022-11-17 00:30:00+00:00,0.5856,0.5883,0.5862,0.5881,1229.63,0.58705,721.8542915,1229.63,721.8542915,
2022-11-17 00:35:00+00:00,0.5879,0.5895,0.5884,0.5881,5358.0,0.588475,3153.04905,5358.0,3153.04905,
2022-11-17 00:40:00+00:00,0.587,0.5896,0.5886,0.5894,20971.48,0.58865,12344.861702,20971.48,12344.861702,
2022-11-17 00:45:00+00:00,0.5877,0.59,0.5887,0.5894,177.9,0.58895,104.774205,177.9,104.774205,
2022-11-17 00:50:00+00:00,0.5878,0.5896,0.5895,0.5878,448.8,0.588675,264.19734,448.8,264.19734,
2022-11-17 00:55:00+00:00,0.5875,0.589,0.5878,0.5888,1440.44,0.588275,847.374841,1440.44,847.374841,
2022-11-17 01:00:00+00:00,0.5886,0.5895,0.5895,0.5886,241.11,0.58905,142.0258455,241.11,142.0258455,
2022-11-17 01:05:00+00:00,0.5884,0.5896,0.5887,0.5894,1853.09,0.589025,1091.51633725,1853.09,1091.51633725,
2022-11-17 01:10:00+00:00,0.5889,0.59,0.5889,0.59,1267.52,0.58945,747.139664,1267.52,747.139664,
2022-11-17 01:15:00+00:00,0.5896,0.5907,0.59,0.5896,925.43,0.589975,545.98056425,925.43,545.98056425,
2022-11-17 01:20:00+00:00,0.5886,0.5895,0.5895,0.5891,973.43,0.589175,573.52062025,973.43,573.52062025,
2022-11-17 01:25:00+00:00,0.5885,0.5893,0.5892,0.589,9575.2,0.589,5639.7928,9575.2,5639.7928,
2022-11-17 01:30:00+00:00,0.5879,0.5892,0.5892,0.5886,2818.26,0.588725,1659.1801185,2818.26,1659.1801185,
2022-11-17 01:35:00+00:00,0.588,0.5892,0.5885,0.5883,1996.1,0.5885,1174.70485,1996.1,1174.70485,
2022-11-17 01:40:00+00:00,0.5882,0.5892,0.5883,0.5889,1912.12,0.58865,1125.569438,1912.12,1125.569438,
2022-11-17 01:45:00+00:00,0.5871,0.5888,0.5888,0.5871,1648.25,0.58795,969.0885875,1648.25,969.0885875,
2022-11-17 01:50:00+00:00,0.5868,0.588,0.5868,0.588,4985.44,0.5874,2928.447456,4985.44,2928.447456,
2022-11-17 01:55:00+00:00,0.5867,0.5874,0.5872,0.5873,1560.6,0.58715,916.30629,1560.6,916.30629,
2022-11-17 02:00:00+00:00,0.5861,0.5877,0.5872,0.5861,1825.45,0.586775,1071.12842375,1825.45,1071.12842375,
2022-11-17 02:05:00+00:00,0.5852,0.5877,0.5861,0.5852,2959.9,0.58605,1734.649395,2959.9,1734.649395,
2022-11-17 02:10:00+00:00,0.5848,0.5859,0.5854,0.5854,696.53,0.585375,407.73124875,696.53,407.73124875,
2022-11-17 02:15:00+00:00,0.5844,0.5856,0.5854,0.5846,845.56,0.585,494.6526,845.56,494.6526,
2022-11-17 02:20:00+00:00,0.585,0.5858,0.5858,0.585,216.88,0.5854,126.961552,216.88,126.961552,
2022-11-17 02:25:00+00:00,0.5847,0.5858,0.5858,0.5849,120.31,0.5853,70.417443,120.31,70.417443,
2022-11-17 02:30:00+00:00,0.5848,0.5854,0.5853,0.5848,639.76,0.585075,374.307582,639.76,374.307582,
2022-11-17 02:35:00+00:00,0.5846,0.5854,0.5853,0.5854,724.93,0.585175,424.21091275,724.93,424.21091275,
2022-11-17 02:40:00+00:00,0.5853,0.5854,0.5854,0.5853,13847.23,0.58535,8105.4760805,13847.23,8105.4760805,
2022-11-17 02:45:00+00:00,0.5838,0.5853,0.5853,0.584,1244.24,0.5846,727.382704,1244.24,727.382704,
2022-11-17 02:50:00+00:00,0.582,0.584,0.584,0.5826,1800.6,0.58315,1050.01989,1800.6,1050.01989,
2022-11-17 02:55:00+00:00,0.5819,0.5832,0.5827,0.5825,1024.92,0.582575,597.092769,1024.92,597.092769,
2022-11-17 03:00:00+00:00,0.5825,0.5839,0.5825,0.5839,2455.65,0.5832,1432.13508,2455.65,1432.13508,
2022-11-17 03:05:00+00:00,0.5833,0.5844,0.584,0.5843,978.58,0.584,571.49072,978.58,571.49072,
2022-11-17 03:10:00+00:00,0.5833,0.584,0.5838,0.5835,1237.51,0.58365,722.2727115,1237.51,722.2727115,
2022-11-17 03:15:00+00:00,0.5833,0.5842,0.5842,0.5837,133.81,0.58385,78.1249685,133.81,78.1249685,
2022-11-17 03:20:00+00:00,0.5833,0.5837,0.5837,0.5834,1860.76,0.583525,1085.799979,1860.76,1085.799979,
2022-11-17 03:25:00+00:00,0.5826,0.5831,0.5828,0.5826,973.77,0.582775,567.48881175,973.77,567.48881175,
2022-11-17 03:30:00+00:00,0.5818,0.583,0.5829,0.5829,875.54,0.58265,510.133381,875.54,510.133381,
2022-11-17 03:35:00+00:00,0.582,0.5827,0.5826,0.5821,1047.15,0.58235,609.8078025,1047.15,609.8078025,
2022-11-17 03:40:00+00:00,0.5819,0.5831,0.5822,0.5819,2037.56,0.582275,1186.420249,2037.56,1186.420249,
2022-11-17 03:45:00+00:00,0.5818,0.5826,0.5819,0.5818,421.72,0.582025,245.451583,421.72,245.451583,
2022-11-17 03:50:00+00:00,0.5798,0.5814,0.5814,0.5798,865.26,0.5806,502.369956,865.26,502.369956,
2022-11-17 03:55:00+00:00,0.5771,0.579,0.579,0.5771,698.57,0.57805,403.8083885,698.57,403.8083885,
2022-11-17 04:00:00+00:00,0.571,0.5773,0.5768,0.571,7112.2,0.574025,4082.580605,7112.2,4082.580605,
2022-11-17 04:05:00+00:00,0.5702,0.572,0.572,0.572,36139.71,0.57155,20655.6512505,36139.71,20655.6512505,
2022-11-17 04:10:00+00:00,0.5709,0.5731,0.5711,0.5731,6020.57,0.57205,3444.0670685,6020.57,3444.0670685,
2022-11-17 04:15:00+00:00,0.5726,0.575,0.5726,0.575,1446.04,0.5738,829.737752,1446.04,829.737752,
2022-11-17 04:20:00+00:00,0.5752,0.5767,0.5752,0.5767,1846.19,0.57595,1063.3131305,1846.19,1063.3131305,
2022-11-17 04:25:00+00:00,0.5764,0.5776,0.5775,0.577,834.65,0.577125,481.69738125,834.65,481.69738125,
2022-11-17 04:30:00+00:00,0.577,0.5796,0.577,0.5796,142.87,0.5783,82.621721,142.87,82.621721,
2022-11-17 04:35:00+00:00,0.5781,0.5796,0.5793,0.5781,882.92,0.578775,511.012023,882.92,511.012023,
2022-11-17 04:40:00+00:00,0.5777,0.5785,0.5778,0.5784,370.78,0.5781,214.347918,370.78,214.347918,
2022-11-17 04:45:00+00:00,0.5789,0.5799,0.5791,0.5791,194.64,0.57925,112.74522,194.64,112.74522,
2022-11-17 04:50:00+00:00,0.5786,0.5791,0.5791,0.5786,290.29,0.57885,168.0343665,290.29,168.0343665,
2022-11-17 04:55:00+00:00,0.5771,0.5786,0.5786,0.5781,252.17,0.5781,145.779477,252.17,145.779477,
2022-11-17 05:00:00+00:00,0.5775,0.5808,0.5775,0.5804,4430.07,0.57905,2565.2320335,4430.07,2565.2320335,
2022-11-17 05:05:00+00:00,0.5804,0.5828,0.5806,0.5804,2575.74,0.58105,1496.633727,2575.74,1496.633727,
2022-11-17 05:10:00+00:00,0.5798,0.581,0.581,0.5798,126.51,0.5804,73.426404,126.51,73.426404,
2022-11-17 05:15:00+00:00,0.5801,0.5812,0.5801,0.5803,183.33,0.580425,106.40931525,183.33,106.40931525,
2022-11-17 05:20:00+00:00,0.5796,0.581,0.5805,0.5798,529.66,0.580225,307.3219735,529.66,307.3219735,
2022-11-17 05:25:00+00:00,0.5795,0.581,0.5798,0.5804,562.86,0.580175,326.5573005,562.86,326.5573005,
2022-11-17 05:30:00+00:00,0.5793,0.5805,0.5805,0.5793,28.38,0.5799,16.457562,28.38,16.457562,
2022-11-17 05:35:00+00:00,0.5796,0.581,0.5802,0.5808,554.88,0.5804,322.052352,554.88,322.052352,
2022-11-17 05:40:00+00:00,0.5803,0.5815,0.5815,0.5813,6986.31,0.58115,4060.0940565,6986.31,4060.0940565,
2022-11-17 05:45:00+00:00,0.5809,0.582,0.5813,0.582,1001.84,0.58155,582.620052,1001.84,582.620052,
2022-11-17 05:50:00+00:00,0.5815,0.5823,0.5823,0.5815,269.61,0.5819,156.886059,269.61,156.886059,
2022-11-17 05:55:00+00:00,0.5814,0.5824,0.5822,0.5823,2356.95,0.582075,1371.92167125,2356.95,1371.92167125,
2022-11-17 06:00:00+00:00,0.5817,0.5834,0.5817,0.5825,472.8,0.582325,275.32326,472.8,275.32326,
2022-11-17 06:05:00+00:00,0.5815,0.5834,0.5815,0.5834,292.69,0.58245,170.4772905,292.69,170.4772905,
2022-11-17 06:10:00+00:00,0.5831,0.5843,0.5831,0.5837,875.06,0.58355,510.641263,875.06,510.641263,
2022-11-17 06:15:00+00:00,0.5832,0.5848,0.5839,0.5843,659.61,0.58405,385.2452205,659.61,385.2452205,
2022-11-17 06:20:00+00:00,0.5845,0.5855,0.5845,0.5852,233.04,0.584925,136.310922,233.04,136.310922,
2022-11-17 06:25:00+00:00,0.5845,0.5851,0.585,0.5845,684.84,0.584775,400.477311,684.84,400.477311,
2022-11-17 06:30:00+00:00,0.5827,0.5841,0.5839,0.583,402.75,0.583425,234.97441875,402.75,234.97441875,
2022-11-17 06:35:00+00:00,0.5824,0.5836,0.583,0.5824,355.91,0.58285,207.4421435,355.91,207.4421435,
2022-11-17 06:40:00+00:00,0.5817,0.5823,0.5817,0.5818,146.22,0.581875,85.0817625,146.22,85.0817625,
2022-11-17 06:45:00+00:00,0.5805,0.5815,0.5815,0.5805,17419.88,0.581,10120.95028,17419.88,10120.95028,
2022-11-17 06:50:00+00:00,0.5808,0.5812,0.5808,0.5812,21.2,0.581,12.3172,21.2,12.3172,
2022-11-17 06:55:00+00:00,0.5797,0.581,0.581,0.5805,528.51,0.58055,306.8264805,528.51,306.8264805,
2022-11-17 07:00:00+00:00,0.5717,0.5807,0.5807,0.5794,107262.77,0.578125,62011.28890625,107262.77,62011.28890625,
2022-11-17 07:05:00+00:00,0.5797,0.5821,0.5797,0.5811,4463.29,0.58065,2591.6093385,4463.29,2591.6093385,
2022-11-17 07:10:00+00:00,0.5788,0.5821,0.5814,0.5799,3890.77,0.58055,2258.7865235,3890.77,2258.7865235,
2022-11-17 07:15:00+00:00,0.5782,0.5798,0.5798,0.5782,1710.95,0.579,990.64005,1710.95,990.64005,
2022-11-17 07:20:00+00:00,0.5774,0.5784,0.5779,0.5784,3025.67,0.578025,1748.91290175,3025.67,1748.91290175,
2022-11-17 07:25:00+00:00,0.5784,0.5816,0.5784,0.5806,2614.56,0.57975,1515.79116,2614.56,1515.79116,
2022-11-17 07:30:00+00:00,0.5796,0.5815,0.5815,0.5796,3042.62,0.58055,1766.393041,3042.62,1766.393041,
2022-11-17 07:35:00+00:00,0.5805,0.5823,0.5805,0.582,705.87,0.581325,410.33987775,705.87,410.33987775,
2022-11-17 07:40:00+00:00,0.5815,0.5821,0.5815,0.5815,1742.42,0.58165,1013.478593,1742.42,1013.478593,
2022-11-17 07:45:00+00:00,0.5808,0.5826,0.5819,0.5822,18526.05,0.581875,10779.84534375,18526.05,10779.84534375,
2022-11-17 07:50:00+00:00,0.5816,0.5823,0.5822,0.5822,1082.29,0.582075,629.97395175,1082.29,629.97395175,
2022-11-17 07:55:00+00:00,0.5819,0.5829,0.5819,0.5827,920.82,0.58235,536.239527,920.82,536.239527,
2022-11-17 08:00:00+00:00,0.5824,0.5846,0.5828,0.5844,597.74,0.58355,348.811177,597.74,348.811177,
2022-11-17 08:05:00+00:00,0.5826,0.5849,0.5849,0.5828,1202.58,0.5838,702.066204,1202.58,702.066204,
2022-11-17 08:10:00+00:00,0.5817,0.5839,0.5832,0.5817,408.16,0.582625,237.80422,408.16,237.80422,
2022-11-17 08:15:00+00:00,0.5816,0.5827,0.5817,0.5821,557.1,0.582025,324.2461275,557.1,324.2461275,
2022-11-17 08:20:00+00:00,0.5812,0.5824,0.5824,0.582,247.07,0.582,143.79474,247.07,143.79474,
2022-11-17 08:25:00+00:00,0.581,0.5813,0.5813,0.581,5.08,0.58115,2.952242,5.08,2.952242,
2022-11-17 08:30:00+00:00,0.581,0.5825,0.581,0.5825,389.61,0.58175,226.6556175,389.61,226.6556175,
2022-11-17 08:35:00+00:00,0.5827,0.5827,0.5827,0.5827,457.67,0.5827,266.684309,457.67,266.684309,
2022-11-17 08:40:00+00:00,0.5814,0.5821,0.5821,0.5819,193.78,0.581875,112.7557375,193.78,112.7557375,
2022-11-17 08:45:00+00:00,0.5812,0.5823,0.5812,0.5823,53.21,0.58175,30.9549175,53.21,30.9549175,
2022-11-17 08:50:00+00:00,0.5817,0.5828,0.5823,0.5821,665.95,0.582225,387.73273875,665.95,387.73273875,
2022-11-17 08:55:00+00:00,0.5805,0.5822,0.5822,0.5805,47.31,0.58135,27.5036685,47.31,27.5036685,
2022-11-17 09:00:00+00:00,0.5803,0.5807,0.5807,0.5803,7.49,0.5805,4.347945,7.49,4.347945,
2022-11-17 09:05:00+00:00,0.5801,0.5808,0.5807,0.5801,627.28,0.580425,364.088994,627.28,364.088994,
2022-11-17 09:10:00+00:00,0.5798,0.5802,0.5798,0.5802,180.69,0.58,104.8002,180.69,104.8002,
2022-11-17 09:15:00+00:00,0.5793,0.5801,0.5801,0.5793,39.6,0.5797,22.95612,39.6,22.95612,
2022-11-17 09:20:00+00:00,0.5772,0.5784,0.5772,0.5778,832.18,0.57765,480.708777,832.18,480.708777,
2022-11-17 09:25:00+00:00,0.5773,0.5792,0.5778,0.5773,16397.48,0.5779,9476.103692,16397.48,9476.103692,
2022-11-17 09:30:00+00:00,0.5737,0.5773,0.5771,0.5746,2221.82,0.575675,1279.0462285,2221.82,1279.0462285,
2022-11-17 09:35:00+00:00,0.5754,0.5767,0.5755,0.576,1406.16,0.5759,809.807544,1406.16,809.807544,
2022-11-17 09:40:00+00:00,0.5755,0.5763,0.5755,0.5763,1151.78,0.5759,663.310102,1151.78,663.310102,
2022-11-17 09:45:00+00:00,0.5752,0.5768,0.5768,0.5752,126.73,0.576,72.99648,126.73,72.99648,
2022-11-17 09:50:00+00:00,0.5734,0.5762,0.5751,0.5762,2697.37,0.575225,1551.59465825,2697.37,1551.59465825,
2022-11-17 09:55:00+00:00,0.5754,0.576,0.576,0.5757,2429.19,0.575775,1398.66687225,2429.19,1398.66687225,
2022-11-17 10:00:00+00:00,0.5748,0.5751,0.575,0.5748,96.04,0.574925,55.215797,96.04,55.215797,
2022-11-17 10:05:00+00:00,0.5738,0.5762,0.5739,0.5753,415.75,0.5748,238.9731,415.75,238.9731,
2022-11-17 10:10:00+00:00,0.575,0.5763,0.575,0.5763,1734.99,0.57565,998.7469935,1734.99,998.7469935,
2022-11-17 10:15:00+00:00,0.5756,0.5768,0.5768,0.5756,44.67,0.5762,25.738854,44.67,25.738854,
2022-11-17 10:20:00+00:00,0.5759,0.5765,0.5759,0.5765,9.35,0.5762,5.38747,9.35,5.38747,
2022-11-17 10:25:00+00:00,0.5758,0.577,0.5762,0.5762,216.63,0.5763,124.843869,216.63,124.843869,
2022-11-17 10:30:00+00:00,0.5741,0.576,0.576,0.5743,1854.23,0.5751,1066.367673,1854.23,1066.367673,
2022-11-17 10:35:00+00:00,0.5733,0.5751,0.5742,0.5751,2923.15,0.574425,1679.13043875,2923.15,1679.13043875,
2022-11-17 10:40:00+00:00,0.5746,0.5759,0.5746,0.5754,154.41,0.575125,88.80505125,154.41,88.80505125,
2022-11-17 10:45:00+00:00,0.5744,0.5755,0.5754,0.5744,560.8,0.574925,322.41794,560.8,322.41794,
2022-11-17 10:50:00+00:00,0.5744,0.5755,0.5754,0.5744,560.8,0.574925,322.41794,560.8,322.41794,
2022-11-17 10:55:00+00:00,0.5733,0.5748,0.5738,0.5733,175.33,0.5738,100.604354,175.33,100.604354,
2022-11-17 11:00:00+00:00,0.5731,0.5742,0.574,0.574,194.95,0.573825,111.86718375,194.95,111.86718375,
2022-11-17 11:05:00+00:00,0.5736,0.576,0.5743,0.5758,471.97,0.574925,271.34735225,471.97,271.34735225,
2022-11-17 11:10:00+00:00,0.5749,0.5759,0.5754,0.5759,5057.44,0.575525,2910.683156,5057.44,2910.683156,
2022-11-17 11:15:00+00:00,0.5757,0.5768,0.5757,0.5764,240.55,0.57615,138.5928825,240.55,138.5928825,
2022-11-17 11:20:00+00:00,0.576,0.5765,0.5763,0.576,3644.37,0.5762,2099.885994,3644.37,2099.885994,
2022-11-17 11:25:00+00:00,0.5752,0.5758,0.5753,0.5753,228.56,0.5754,131.513424,228.56,131.513424,
2022-11-17 11:30:00+00:00,0.5749,0.5758,0.5754,0.5755,110.51,0.5754,63.587454,110.51,63.587454,
2022-11-17 11:35:00+00:00,0.5754,0.5763,0.5756,0.5763,618.74,0.5759,356.332366,618.74,356.332366,
2022-11-17 11:40:00+00:00,0.5757,0.5763,0.5757,0.576,51.69,0.575925,29.76956325,51.69,29.76956325,
2022-11-17 11:45:00+00:00,0.5761,0.5767,0.5766,0.5766,63.67,0.5765,36.705755,63.67,36.705755,
2022-11-17 11:50:00+00:00,0.5764,0.5771,0.5767,0.5771,164.77,0.576825,95.04345525,164.77,95.04345525,
2022-11-17 11:55:00+00:00,0.5764,0.5771,0.5766,0.5766,26.29,0.576675,15.16078575,26.29,15.16078575,
2022-11-17 12:00:00+00:00,0.5751,0.5759,0.5755,0.5759,1633.92,0.5756,940.484352,1633.92,940.484352,
2022-11-17 12:05:00+00:00,0.5748,0.5757,0.575,0.5757,14.1,0.5753,8.11173,14.1,8.11173,
2022-11-17 12:10:00+00:00,0.575,0.5764,0.5758,0.575,1024.65,0.57555,589.7373075,1024.65,589.7373075,
2022-11-17 12:15:00+00:00,0.5739,0.5747,0.5746,0.5739,622.48,0.574275,357.474702,622.48,357.474702,
2022-11-17 12:20:00+00:00,0.5728,0.5745,0.5739,0.5745,591.91,0.573925,339.71194675,591.91,339.71194675,
2022-11-17 12:25:00+00:00,0.5731,0.5744,0.5743,0.5735,151.2,0.573825,86.76234,151.2,86.76234,
2022-11-17 12:30:00+00:00,0.5733,0.5743,0.5742,0.5733,600.67,0.573775,344.64942925,600.67,344.64942925,
2022-11-17 12:35:00+00:00,0.5722,0.5735,0.5734,0.5725,13950.35,0.5729,7992.155515,13950.35,7992.155515,
2022-11-17 12:40:00+00:00,0.5717,0.5734,0.5726,0.5717,977.56,0.57235,559.506466,977.56,559.506466,
2022-11-17 12:45:00+00:00,0.5714,0.5721,0.5717,0.572,24.76,0.5718,14.157768,24.76,14.157768,
2022-11-17 12:50:00+00:00,0.5706,0.5716,0.5712,0.5716,16033.24,0.57125,9158.98835,16033.24,9158.98835,
2022-11-17 12:55:00+00:00,0.5714,0.5736,0.5716,0.5724,2955.19,0.57225,1691.1074775,2955.19,1691.1074775,
2022-11-17 13:00:00+00:00,0.5697,0.5726,0.572,0.57,2347.45,0.571075,1340.57000875,2347.45,1340.57000875,
2022-11-17 13:05:00+00:00,0.5688,0.5706,0.57,0.5688,3549.3,0.56955,2021.503815,3549.3,2021.503815,
2022-11-17 13:10:00+00:00,0.5676,0.5693,0.5686,0.5693,173.42,0.5687,98.623954,173.42,98.623954,
2022-11-17 13:15:00+00:00,0.5622,0.568,0.568,0.5622,12822.6,0.5651,7246.05126,12822.6,7246.05126,
2022-11-17 13:20:00+00:00,0.5647,0.5674,0.5647,0.5662,1121.72,0.56575,634.61309,1121.72,634.61309,
2022-11-17 13:25:00+00:00,0.567,0.5687,0.567,0.5687,121.38,0.56785,68.925633,121.38,68.925633,
2022-11-17 13:30:00+00:00,0.5667,0.5695,0.5694,0.5669,2733.08,0.568125,1552.731075,2733.08,1552.731075,
2022-11-17 13:35:00+00:00,0.566,0.5678,0.5665,0.5667,1572.41,0.56675,891.1633675,1572.41,891.1633675,
2022-11-17 13:40:00+00:00,0.5642,0.5662,0.5656,0.5654,2425.63,0.56535,1371.3299205,2425.63,1371.3299205,
2022-11-17 13:45:00+00:00,0.5655,0.5672,0.5666,0.566,386.42,0.566325,218.8393065,386.42,218.8393065,
2022-11-17 13:50:00+00:00,0.5654,0.5666,0.5654,0.5666,254.93,0.566,144.29038,254.93,144.29038,
2022-11-17 13:55:00+00:00,0.5665,0.5679,0.5668,0.5665,1944.68,0.566925,1102.487709,1944.68,1102.487709,
2022-11-17 14:00:00+00:00,0.5659,0.5681,0.5663,0.568,1873.4,0.567075,1062.358305,1873.4,1062.358305,
2022-11-17 14:05:00+00:00,0.5658,0.5668,0.5664,0.5659,50.49,0.566225,28.58870025,50.49,28.58870025,
2022-11-17 14:10:00+00:00,0.5652,0.5679,0.5665,0.5679,788.43,0.566875,446.94125625,788.43,446.94125625,
2022-11-17 14:15:00+00:00,0.5661,0.5679,0.5671,0.567,1080.42,0.567025,612.6251505,1080.42,612.6251505,
2022-11-17 14:20:00+00:00,0.5647,0.567,0.567,0.5652,2801.57,0.565975,1585.61858075,2801.57,1585.61858075,
2022-11-17 14:25:00+00:00,0.5627,0.5654,0.5649,0.5646,759.77,0.5644,428.814188,759.77,428.814188,
2022-11-17 14:30:00+00:00,0.5653,0.5681,0.5653,0.5681,1237.5,0.5667,701.29125,1237.5,701.29125,
2022-11-17 14:35:00+00:00,0.5675,0.5691,0.5689,0.5691,1272.84,0.56865,723.800466,1272.84,723.800466,
2022-11-17 14:40:00+00:00,0.568,0.5702,0.5691,0.5698,3947.69,0.569275,2247.32122475,3947.69,2247.32122475,
2022-11-17 14:45:00+00:00,0.5688,0.5704,0.57,0.5688,2292.6,0.5695,1305.6357,2292.6,1305.6357,
2022-11-17 14:50:00+00:00,0.5679,0.5702,0.5696,0.5684,1061.9,0.569025,604.2476475,1061.9,604.2476475,
2022-11-17 14:55:00+00:00,0.567,0.5693,0.5684,0.5674,2859.25,0.568025,1624.12548125,2859.25,1624.12548125,
2022-11-17 15:00:00+00:00,0.5663,0.5688,0.567,0.5688,25.26,0.567725,14.3407335,25.26,14.3407335,
2022-11-17 15:05:00+00:00,0.5695,0.5716,0.5701,0.5695,3098.16,0.570175,1766.493378,3098.16,1766.493378,
2022-11-17 15:10:00+00:00,0.5695,0.5703,0.5697,0.5697,67.78,0.5698,38.621044,67.78,38.621044,
2022-11-17 15:15:00+00:00,0.57,0.5756,0.57,0.5756,22750.41,0.5728,13031.434848,22750.41,13031.434848,
2022-11-17 15:20:00+00:00,0.5753,0.5779,0.5772,0.5759,186.96,0.576575,107.796462,186.96,107.796462,
2022-11-17 15:25:00+00:00,0.575,0.5764,0.5755,0.575,5703.05,0.575475,3281.96269875,5703.05,3281.96269875,
2022-11-17 15:30:00+00:00,0.5734,0.5751,0.575,0.5735,5062.26,0.57425,2907.002805,5062.26,2907.002805,
2022-11-17 15:35:00+00:00,0.5725,0.575,0.5731,0.575,542.1,0.5739,311.11119,542.1,311.11119,
2022-11-17 15:40:00+00:00,0.5736,0.5752,0.5751,0.5742,380.97,0.574525,218.87678925,380.97,218.87678925,
2022-11-17 15:45:00+00:00,0.5707,0.5736,0.5736,0.5713,10660.51,0.5723,6101.009873,10660.51,6101.009873,
2022-11-17 15:50:00+00:00,0.5675,0.5706,0.5706,0.568,3706.42,0.569175,2109.6016035,3706.42,2109.6016035,
2022-11-17 15:55:00+00:00,0.5685,0.5706,0.5685,0.5694,2511.2,0.56925,1429.5006,2511.2,1429.5006,
2022-11-17 16:00:00+00:00,0.5685,0.5707,0.569,0.5703,977.67,0.569625,556.90527375,977.67,556.90527375,
2022-11-17 16:05:00+00:00,0.5705,0.5732,0.5705,0.5718,5221.4,0.5715,2984.0301,5221.4,2984.0301,
2022-11-17 16:10:00+00:00,0.5718,0.5739,0.5718,0.5739,130.79,0.57285,74.9230515,130.79,74.9230515,
2022-11-17 16:15:00+00:00,0.5719,0.5735,0.5729,0.5728,298.93,0.572775,171.21963075,298.93,171.21963075,
2022-11-17 16:20:00+00:00,0.5721,0.5735,0.5721,0.5735,2202.75,0.5728,1261.7352,2202.75,1261.7352,
2022-11-17 16:25:00+00:00,0.5731,0.5753,0.5731,0.5746,202.27,0.574025,116.10803675,202.27,116.10803675,
2022-11-17 16:30:00+00:00,0.5735,0.5755,0.5751,0.5735,115.21,0.5744,66.176624,115.21,66.176624,
2022-11-17 16:35:00+00:00,0.5716,0.5745,0.5739,0.5716,25635.59,0.5729,14686.629511,25635.59,14686.629511,
2022-11-17 16:40:00+00:00,0.573,0.5743,0.573,0.5743,2496.39,0.57365,1432.0541235,2496.39,1432.0541235,
2022-11-17 16:45:00+00:00,0.5736,0.5756,0.575,0.5737,802.35,0.574475,460.93001625,802.35,460.93001625,
2022-11-17 16:50:00+00:00,0.573,0.5747,0.5734,0.573,163.79,0.573525,93.93765975,163.79,93.93765975,
2022-11-17 16:55:00+00:00,0.5733,0.5759,0.5733,0.5751,3027.8,0.5744,1739.16832,3027.8,1739.16832,
2022-11-17 17:00:00+00:00,0.5749,0.5767,0.5749,0.5765,1199.78,0.57575,690.773335,1199.78,690.773335,
2022-11-17 17:05:00+00:00,0.5754,0.5767,0.5766,0.5767,1361.93,0.57635,784.9483555,1361.93,784.9483555,
2022-11-17 17:10:00+00:00,0.5751,0.5762,0.5762,0.5759,242.18,0.57585,139.459353,242.18,139.459353,
2022-11-17 17:15:00+00:00,0.5754,0.5766,0.5758,0.576,3206.86,0.57595,1846.991017,3206.86,1846.991017,
2022-11-17 17:20:00+00:00,0.5749,0.5756,0.5754,0.5756,2247.42,0.575375,1293.1092825,2247.42,1293.1092825,
2022-11-17 17:25:00+00:00,0.5753,0.5764,0.5756,0.5759,1791.53,0.5758,1031.562974,1791.53,1031.562974,
2022-11-17 17:30:00+00:00,0.5747,0.5764,0.5753,0.5752,14779.65,0.5754,8504.21061,14779.65,8504.21061,
2022-11-17 17:35:00+00:00,0.5749,0.5762,0.5756,0.576,5067.82,0.575675,2917.4172785,5067.82,2917.4172785,
2022-11-17 17:40:00+00:00,0.5757,0.5769,0.5757,0.5768,8857.98,0.576275,5104.6324245,8857.98,5104.6324245,
2022-11-17 17:45:00+00:00,0.5763,0.578,0.5766,0.5774,320.18,0.577075,184.7678735,320.18,184.7678735,
2022-11-17 17:50:00+00:00,0.5773,0.5789,0.5782,0.5784,1804.11,0.5782,1043.136402,1804.11,1043.136402,
2022-11-17 17:55:00+00:00,0.5783,0.5795,0.5783,0.5795,493.13,0.5789,285.472957,493.13,285.472957,
2022-11-17 18:00:00+00:00,0.5789,0.5801,0.5789,0.5795,1563.89,0.57935,906.0396715,1563.89,906.0396715,
2022-11-17 18:05:00+00:00,0.5787,0.5802,0.5797,0.5792,571.64,0.57945,331.236798,571.64,331.236798,
2022-11-17 18:10:00+00:00,0.5794,0.5803,0.5797,0.5797,1098.96,0.579775,637.149534,1098.96,637.149534,
2022-11-17 18:15:00+00:00,0.5796,0.5807,0.5799,0.5807,499.61,0.580225,289.88621225,499.61,289.88621225,
2022-11-17 18:20:00+00:00,0.5792,0.5805,0.5798,0.5792,847.25,0.579675,491.12964375,847.25,491.12964375,
2022-11-17 18:25:00+00:00,0.5784,0.5801,0.5799,0.5801,3444.0,0.579625,1996.2285,3444.0,1996.2285,
2022-11-17 18:30:00+00:00,0.5793,0.5801,0.5793,0.5801,88.34,0.5797,51.210698,88.34,51.210698,
2022-11-17 18:35:00+00:00,0.5801,0.5808,0.5808,0.5802,357.18,0.580475,207.3340605,357.18,207.3340605,
2022-11-17 18:40:00+00:00,0.5794,0.5798,0.5795,0.5798,174.05,0.579625,100.88373125,174.05,100.88373125,
2022-11-17 18:45:00+00:00,0.5793,0.5802,0.5799,0.58,364.2,0.57985,211.18137,364.2,211.18137,
2022-11-17 18:50:00+00:00,0.5791,0.58,0.5795,0.5791,2791.8,0.579425,1617.638715,2791.8,1617.638715,
2022-11-17 18:55:00+00:00,0.5792,0.5802,0.5792,0.5802,244.34,0.5797,141.643898,244.34,141.643898,
2022-11-17 19:00:00+00:00,0.5787,0.58,0.5797,0.5787,1898.6,0.579275,1099.811515,1898.6,1099.811515,
2022-11-17 19:05:00+00:00,0.5782,0.5794,0.5789,0.5791,417.44,0.5789,241.656016,417.44,241.656016,
2022-11-17 19:10:00+00:00,0.5787,0.5795,0.5795,0.5794,369.64,0.579275,214.123211,369.64,214.123211,
2022-11-17 19:15:00+00:00,0.578,0.5798,0.5794,0.5782,27.29,0.57885,15.7968165,27.29,15.7968165,
2022-11-17 19:20:00+00:00,0.5784,0.5797,0.5784,0.5797,223.07,0.57905,129.1686835,223.07,129.1686835,
2022-11-17 19:25:00+00:00,0.5785,0.5798,0.5798,0.5785,1884.63,0.57915,1091.4834645,1884.63,1091.4834645,
2022-11-17 19:30:00+00:00,0.5789,0.5796,0.5793,0.5792,207.28,0.57925,120.06694,207.28,120.06694,
2022-11-17 19:35:00+00:00,0.5786,0.5796,0.5795,0.5788,557.12,0.579125,322.64212,557.12,322.64212,
2022-11-17 19:40:00+00:00,0.5784,0.5793,0.5793,0.5784,1594.03,0.57885,922.7042655,1594.03,922.7042655,
2022-11-17 19:45:00+00:00,0.578,0.5792,0.5791,0.578,16.4,0.578575,9.48863,16.4,9.48863,
2022-11-17 19:50:00+00:00,0.5777,0.5789,0.5786,0.5777,145.78,0.578225,84.2936405,145.78,84.2936405,
2022-11-17 19:55:00+00:00,0.5775,0.5786,0.5783,0.5775,169.14,0.577975,97.7586915,169.14,97.7586915,
2022-11-17 20:00:00+00:00,0.5779,0.5787,0.5779,0.578,1052.39,0.578125,608.41296875,1052.39,608.41296875,
2022-11-17 20:05:00+00:00,0.578,0.5788,0.5782,0.5784,632.56,0.57835,365.841076,632.56,365.841076,
2022-11-17 20:10:00+00:00,0.5787,0.5796,0.5794,0.5789,322.56,0.57915,186.810624,322.56,186.810624,
2022-11-17 20:15:00+00:00,0.5791,0.5796,0.5796,0.5795,2945.93,0.57945,1707.0191385,2945.93,1707.0191385,
2022-11-17 20:20:00+00:00,0.5784,0.5796,0.5793,0.5793,1127.15,0.57915,652.7889225,1127.15,652.7889225,
2022-11-17 20:25:00+00:00,0.5787,0.5795,0.579,0.5795,1030.29,0.579175,596.71821075,1030.29,596.71821075,
2022-11-17 20:30:00+00:00,0.5779,0.5796,0.5796,0.5786,1034.46,0.578925,598.8747555,1034.46,598.8747555,
2022-11-17 20:35:00+00:00,0.5786,0.5796,0.5786,0.5788,1729.99,0.5789,1001.491211,1729.99,1001.491211,
2022-11-17 20:40:00+00:00,0.579,0.5799,0.5796,0.5798,1860.97,0.579575,1078.57168775,1860.97,1078.57168775,
2022-11-17 20:45:00+00:00,0.5796,0.5807,0.5798,0.5802,1083.12,0.580075,628.290834,1083.12,628.290834,
2022-11-17 20:50:00+00:00,0.5804,0.5818,0.5804,0.5807,606.68,0.580825,352.374911,606.68,352.374911,
2022-11-17 20:55:00+00:00,0.5803,0.5815,0.5807,0.5803,1376.44,0.5807,799.298708,1376.44,799.298708,
2022-11-17 21:00:00+00:00,0.5795,0.5803,0.5798,0.5795,34.17,0.579775,19.81091175,34.17,19.81091175,
2022-11-17 21:05:00+00:00,0.5794,0.5807,0.5795,0.5799,845.43,0.579875,490.24372125,845.43,490.24372125,
2022-11-17 21:10:00+00:00,0.58,0.5803,0.58,0.58,1488.13,0.580075,863.22700975,1488.13,863.22700975,
2022-11-17 21:15:00+00:00,0.5799,0.582,0.5801,0.581,11267.56,0.58075,6543.63547,11267.56,6543.63547,
2022-11-17 21:20:00+00:00,0.5804,0.5813,0.5804,0.5811,555.17,0.5808,322.442736,555.17,322.442736,
2022-11-17 21:25:00+00:00,0.5795,0.5806,0.5806,0.5802,904.28,0.580225,524.685863,904.28,524.685863,
2022-11-17 21:30:00+00:00,0.58,0.5809,0.5802,0.5806,631.41,0.580425,366.48614925,631.41,366.48614925,
2022-11-17 21:35:00+00:00,0.58,0.5809,0.58,0.5803,445.34,0.5803,258.430802,445.34,258.430802,
2022-11-17 21:40:00+00:00,0.5802,0.5813,0.5808,0.5808,4211.74,0.580775,2446.0732985,4211.74,2446.0732985,
2022-11-17 21:45:00+00:00,0.5802,0.5813,0.5802,0.5813,266.2,0.58075,154.59565,266.2,154.59565,
2022-11-17 21:50:00+00:00,0.5803,0.5819,0.5818,0.581,3403.42,0.58125,1978.237875,3403.42,1978.237875,
2022-11-17 21:55:00+00:00,0.5806,0.5813,0.5806,0.5807,937.16,0.5808,544.302528,937.16,544.302528,
2022-11-17 22:00:00+00:00,0.5798,0.5806,0.5806,0.5803,171.06,0.580325,99.2703945,171.06,99.2703945,
2022-11-17 22:05:00+00:00,0.5792,0.5807,0.5803,0.5792,627.83,0.57985,364.0472255,627.83,364.0472255,
2022-11-17 22:10:00+00:00,0.5792,0.5798,0.5793,0.5792,159.33,0.579375,92.31181875,159.33,92.31181875,
2022-11-17 22:15:00+00:00,0.5788,0.5805,0.5788,0.5801,305.54,0.57955,177.075707,305.54,177.075707,
2022-11-17 22:20:00+00:00,0.579,0.5805,0.5805,0.579,421.73,0.57975,244.4979675,421.73,244.4979675,
2022-11-17 22:25:00+00:00,0.5784,0.5796,0.579,0.5784,5666.09,0.57885,3279.8161965,5666.09,3279.8161965,
2022-11-17 22:30:00+00:00,0.5783,0.5802,0.5795,0.5802,2613.71,0.57955,1514.7756305,2613.71,1514.7756305,
2022-11-17 22:35:00+00:00,0.5796,0.5806,0.5796,0.5797,963.52,0.579875,558.72116,963.52,558.72116,
2022-11-17 22:40:00+00:00,0.5805,0.5808,0.5805,0.5808,13.89,0.58065,8.0652285,13.89,8.0652285,
2022-11-17 22:45:00+00:00,0.5801,0.5808,0.5802,0.5802,60.71,0.580325,35.23153075,60.71,35.23153075,
2022-11-17 22:50:00+00:00,0.5799,0.5812,0.5808,0.5811,1316.77,0.58075,764.7141775,1316.77,764.7141775,
2022-11-17 22:55:00+00:00,0.581,0.5821,0.5819,0.5816,7101.51,0.58165,4130.5932915,7101.51,4130.5932915,
2022-11-17 23:00:00+00:00,0.579,0.5816,0.5816,0.579,4149.25,0.5803,2407.809775,4149.25,2407.809775,
2022-11-17 23:05:00+00:00,0.5787,0.5807,0.5792,0.5791,2340.12,0.579425,1355.924031,2340.12,1355.924031,
2022-11-17 23:10:00+00:00,0.5787,0.5796,0.5788,0.5787,1119.56,0.57895,648.169262,1119.56,648.169262,
2022-11-17 23:15:00+00:00,0.5778,0.5794,0.5787,0.5786,1038.21,0.578625,600.73426125,1038.21,600.73426125,
2022-11-17 23:20:00+00:00,0.5781,0.5792,0.5792,0.5784,58.87,0.578725,34.06954075,58.87,34.06954075,
2022-11-17 23:25:00+00:00,0.5773,0.5788,0.5781,0.5773,1673.3,0.577875,966.9582375,1673.3,966.9582375,
2022-11-17 23:30:00+00:00,0.5772,0.578,0.5772,0.5776,1263.44,0.5775,729.6366,1263.44,729.6366,
2022-11-17 23:35:00+00:00,0.5764,0.5777,0.5769,0.5764,196.25,0.57685,113.2068125,196.25,113.2068125,
2022-11-17 23:40:00+00:00,0.5776,0.5797,0.5777,0.5785,202.57,0.578375,117.16142375,202.57,117.16142375,
2022-11-17 23:45:00+00:00,0.5776,0.5788,0.5777,0.5779,1089.43,0.578,629.69054,1089.43,629.69054,
2022-11-17 23:50:00+00:00,0.5771,0.5784,0.5775,0.5781,10222.02,0.577775,5906.0276055,10222.02,5906.0276055,
2022-11-17 23:55:00+00:00,0.5788,0.5794,0.579,0.5794,2385.65,0.57915,1381.6491975,2385.65,1381.6491975,
2022-11-18 00:00:00+00:00,0.5793,0.5798,0.5794,0.5797,187.25,0.57955,108.5207375,187.25,108.5207375,
2022-11-18 00:05:00+00:00,0.5791,0.58,0.5799,0.58,390.39,0.57975,226.3286025,390.39,226.3286025,
2022-11-18 00:10:00+00:00,0.5812,0.585,0.5812,0.5829,885.83,0.582575,516.06241225,885.83,516.06241225,
2022-11-18 00:15:00+00:00,0.582,0.5832,0.5832,0.583,1297.22,0.58285,756.084677,1297.22,756.084677,
2022-11-18 00:20:00+00:00,0.5819,0.584,0.5837,0.5838,1193.73,0.58335,696.3623955,1193.73,696.3623955,
2022-11-18 00:25:00+00:00,0.5826,0.5847,0.5837,0.5847,890.56,0.583925,520.020248,890.56,520.020248,
2022-11-18 00:30:00+00:00,0.5849,0.5863,0.5851,0.5863,1802.82,0.58565,1055.821533,1802.82,1055.821533,
2022-11-18 00:35:00+00:00,0.5851,0.5863,0.5857,0.5861,9411.93,0.5858,5513.508594,9411.93,5513.508594,
2022-11-18 00:40:00+00:00,0.5865,0.5878,0.5865,0.5874,2743.5,0.58705,1610.571675,2743.5,1610.571675,
2022-11-18 00:45:00+00:00,0.586,0.5874,0.5863,0.5874,1280.78,0.586775,751.5296845,1280.78,751.5296845,
2022-11-18 00:50:00+00:00,0.5869,0.5892,0.5876,0.5892,312.62,0.588225,183.8908995,312.62,183.8908995,
2022-11-18 00:55:00+00:00,0.5878,0.589,0.589,0.5883,1217.23,0.588525,716.37028575,1217.23,716.37028575,
2022-11-18 01:00:00+00:00,0.5862,0.5893,0.5883,0.5871,5921.61,0.587725,3480.27823725,5921.61,3480.27823725,
2022-11-18 01:05:00+00:00,0.5862,0.5875,0.5875,0.587,120.8,0.58705,70.91564,120.8,70.91564,
2022-11-18 01:10:00+00:00,0.5861,0.587,0.5865,0.587,257.74,0.58665,151.203171,257.74,151.203171,
2022-11-18 01:15:00+00:00,0.5858,0.587,0.587,0.5861,299.72,0.586475,175.778287,299.72,175.778287,
2022-11-18 01:20:00+00:00,0.5851,0.5865,0.5858,0.5853,3628.68,0.585675,2125.227159,3628.68,2125.227159,
2022-11-18 01:25:00+00:00,0.5847,0.5859,0.5857,0.5854,685.87,0.585425,401.52544475,685.87,401.52544475,
2022-11-18 01:30:00+00:00,0.5839,0.5854,0.5854,0.5846,4319.58,0.584825,2526.1983735,4319.58,2526.1983735,
2022-11-18 01:35:00+00:00,0.5841,0.5855,0.5841,0.5855,971.42,0.5848,568.086416,971.42,568.086416,
2022-11-18 01:40:00+00:00,0.5843,0.585,0.5847,0.5843,452.15,0.584575,264.31558625,452.15,264.31558625,
2022-11-18 01:45:00+00:00,0.5841,0.5847,0.5844,0.5844,503.68,0.5844,294.350592,503.68,294.350592,
2022-11-18 01:50:00+00:00,0.5837,0.5849,0.5837,0.5842,1472.04,0.584125,859.855365,1472.04,859.855365,
2022-11-18 01:55:00+00:00,0.5842,0.5852,0.5842,0.5846,729.2,0.58455,426.25386,729.2,426.25386,
2022-11-18 02:00:00+00:00,0.5835,0.5847,0.5844,0.5835,141.36,0.584025,82.557774,141.36,82.557774,
2022-11-18 02:05:00+00:00,0.5837,0.5846,0.5842,0.5837,1835.47,0.58405,1072.0062535,1835.47,1072.0062535,
2022-11-18 02:10:00+00:00,0.5838,0.5841,0.5841,0.5841,338.53,0.584025,197.70998325,338.53,197.70998325,
2022-11-18 02:15:00+00:00,0.5827,0.584,0.584,0.5827,1938.8,0.58335,1130.99898,1938.8,1130.99898,
2022-11-18 02:20:00+00:00,0.5822,0.5833,0.583,0.5829,5560.14,0.58285,3240.727599,5560.14,3240.727599,
2022-11-18 02:25:00+00:00,0.583,0.5849,0.583,0.5849,1328.65,0.58395,775.8651675,1328.65,775.8651675,
2022-11-18 02:30:00+00:00,0.5847,0.5861,0.5847,0.5861,4573.23,0.5854,2677.168842,4573.23,2677.168842,
2022-11-18 02:35:00+00:00,0.5858,0.5878,0.5858,0.5877,258.42,0.586775,151.6343955,258.42,151.6343955,
2022-11-18 02:40:00+00:00,0.5872,0.5888,0.5872,0.5885,421.45,0.587925,247.78099125,421.45,247.78099125,
2022-11-18 02:45:00+00:00,0.5878,0.5885,0.5885,0.5884,2148.06,0.5883,1263.703698,2148.06,1263.703698,
2022-11-18 02:50:00+00:00,0.5879,0.589,0.588,0.5886,348.06,0.588375,204.7898025,348.06,204.7898025,
2022-11-18 02:55:00+00:00,0.5873,0.5887,0.5873,0.5886,921.47,0.587975,541.80132325,921.47,541.80132325,
2022-11-18 03:00:00+00:00,0.5885,0.5903,0.5894,0.5892,4922.47,0.58935,2901.0576945,4922.47,2901.0576945,
2022-11-18 03:05:00+00:00,0.5887,0.5892,0.5892,0.589,1877.51,0.589025,1105.90032775,1877.51,1105.90032775,
2022-11-18 03:10:00+00:00,0.5868,0.5884,0.5877,0.5868,2635.02,0.587425,1547.8766235,2635.02,1547.8766235,
2022-11-18 03:15:00+00:00,0.587,0.5878,0.587,0.5878,220.89,0.5874,129.750786,220.89,129.750786,
2022-11-18 03:20:00+00:00,0.5874,0.5885,0.5874,0.5885,1238.08,0.58795,727.929136,1238.08,727.929136,
2022-11-18 03:25:00+00:00,0.5875,0.5886,0.588,0.5875,4060.03,0.5879,2386.891637,4060.03,2386.891637,
2022-11-18 03:30:00+00:00,0.5878,0.5886,0.5886,0.5878,203.17,0.5882,119.504594,203.17,119.504594,
2022-11-18 03:35:00+00:00,0.5874,0.5882,0.5874,0.5881,767.75,0.587775,451.26425625,767.75,451.26425625,
2022-11-18 03:40:00+00:00,0.5867,0.588,0.5875,0.587,6985.47,0.5873,4102.566531,6985.47,4102.566531,
2022-11-18 03:45:00+00:00,0.5869,0.588,0.5869,0.5874,2802.56,0.5873,1645.943488,2802.56,1645.943488,
2022-11-18 03:50:00+00:00,0.5865,0.5874,0.5874,0.5866,357.13,0.586975,209.62638175,357.13,209.62638175,
2022-11-18 03:55:00+00:00,0.5853,0.5865,0.5861,0.5853,751.15,0.5858,440.02367,751.15,440.02367,
2022-11-18 04:00:00+00:00,0.5856,0.5867,0.5856,0.5862,1862.31,0.586025,1091.36021775,1862.31,1091.36021775,
2022-11-18 04:05:00+00:00,0.585,0.5866,0.5863,0.585,1091.69,0.585725,639.43012525,1091.69,639.43012525,
2022-11-18 04:10:00+00:00,0.584,0.5851,0.5851,0.5841,820.28,0.584575,479.515181,820.28,479.515181,
2022-11-18 04:15:00+00:00,0.5839,0.5847,0.5847,0.584,10043.83,0.584325,5868.86096475,10043.83,5868.86096475,
2022-11-18 04:20:00+00:00,0.5842,0.5849,0.5842,0.5849,562.21,0.58455,328.6398555,562.21,328.6398555,
2022-11-18 04:25:00+00:00,0.5839,0.585,0.5848,0.5839,13.79,0.5844,8.058876,13.79,8.058876,
2022-11-18 04:30:00+00:00,0.5841,0.5848,0.5843,0.5847,1007.15,0.584475,588.65399625,1007.15,588.65399625,
2022-11-18 04:35:00+00:00,0.584,0.5847,0.5842,0.584,112.26,0.584225,65.5850985,112.26,65.5850985,
2022-11-18 04:40:00+00:00,0.5841,0.5849,0.5844,0.5841,5726.34,0.584375,3346.3299375,5726.34,3346.3299375,
2022-11-18 04:45:00+00:00,0.5836,0.585,0.5848,0.5847,1800.32,0.584525,1052.332048,1800.32,1052.332048,
2022-11-18 04:50:00+00:00,0.5839,0.5852,0.5852,0.5846,41.65,0.584725,24.35379625,41.65,24.35379625,
2022-11-18 04:55:00+00:00,0.5837,0.5847,0.5846,0.5837,1338.23,0.584175,781.76051025,1338.23,781.76051025,
2022-11-18 05:00:00+00:00,0.5838,0.5848,0.5838,0.5839,415.83,0.584075,242.87590725,415.83,242.87590725,
2022-11-18 05:05:00+00:00,0.584,0.5852,0.5846,0.5852,7422.87,0.58475,4340.5232325,7422.87,4340.5232325,
2022-11-18 05:10:00+00:00,0.5846,0.585,0.585,0.585,860.46,0.5849,503.283054,860.46,503.283054,
2022-11-18 05:15:00+00:00,0.5857,0.5866,0.5857,0.5866,28.39,0.58615,16.6407985,28.39,16.6407985,
2022-11-18 05:20:00+00:00,0.5852,0.5865,0.5863,0.5859,773.02,0.585975,452.9703945,773.02,452.9703945,
2022-11-18 05:25:00+00:00,0.5847,0.5853,0.5853,0.5847,163.61,0.585,95.71185,163.61,95.71185,
2022-11-18 05:30:00+00:00,0.5839,0.5843,0.5843,0.5839,5.95,0.5841,3.475395,5.95,3.475395,
2022-11-18 05:35:00+00:00,0.5839,0.5856,0.5839,0.5856,552.45,0.58475,323.0451375,552.45,323.0451375,
2022-11-18 05:40:00+00:00,0.585,0.585,0.585,0.585,8.82,0.585,5.1597,8.82,5.1597,
2022-11-18 05:45:00+00:00,0.5849,0.5857,0.5849,0.5856,1332.84,0.585275,780.077931,1332.84,780.077931,
2022-11-18 05:50:00+00:00,0.585,0.5857,0.585,0.5853,358.25,0.58525,209.6658125,358.25,209.6658125,
2022-11-18 05:55:00+00:00,0.5853,0.5857,0.5857,0.5855,146.39,0.58555,85.7186645,146.39,85.7186645,
2022-11-18 06:00:00+00:00,0.5851,0.5862,0.5854,0.5854,4405.08,0.585525,2579.284467,4405.08,2579.284467,
2022-11-18 06:05:00+00:00,0.583,0.5857,0.5857,0.583,1617.76,0.58435,945.338056,1617.76,945.338056,
2022-11-18 06:10:00+00:00,0.5818,0.5846,0.5845,0.5834,1457.52,0.583575,850.572234,1457.52,850.572234,
2022-11-18 06:15:00+00:00,0.5836,0.5841,0.5839,0.584,260.81,0.5839,152.286959,260.81,152.286959,
2022-11-18 06:20:00+00:00,0.584,0.5844,0.584,0.5841,542.18,0.584125,316.7008925,542.18,316.7008925,
2022-11-18 06:25:00+00:00,0.5834,0.584,0.5837,0.584,221.59,0.583775,129.35870225,221.59,129.35870225,
2022-11-18 06:30:00+00:00,0.5832,0.5841,0.5841,0.5833,174.78,0.583675,102.0147165,174.78,102.0147165,
2022-11-18 06:35:00+00:00,0.5827,0.5835,0.5827,0.5828,465.64,0.582925,271.433197,465.64,271.433197,
2022-11-18 06:40:00+00:00,0.5829,0.5836,0.5831,0.583,865.94,0.58315,504.972911,865.94,504.972911,
2022-11-18 06:45:00+00:00,0.5828,0.5837,0.5834,0.583,1077.36,0.583225,628.343286,1077.36,628.343286,
2022-11-18 06:50:00+00:00,0.5828,0.5837,0.5834,0.583,1077.36,0.583225,628.343286,1077.36,628.343286,
2022-11-18 06:55:00+00:00,0.5829,0.5832,0.5832,0.5832,254.59,0.583125,148.45779375,254.59,148.45779375,
2022-11-18 07:00:00+00:00,0.5835,0.5848,0.5841,0.584,890.55,0.5841,520.170255,890.55,520.170255,
2022-11-18 07:05:00+00:00,0.5841,0.5851,0.585,0.5841,48.36,0.584575,28.270047,48.36,28.270047,
2022-11-18 07:10:00+00:00,0.5836,0.5847,0.5847,0.5837,303.7,0.584175,177.4139475,303.7,177.4139475,
2022-11-18 07:15:00+00:00,0.5836,0.5842,0.5836,0.5842,69.0,0.5839,40.2891,69.0,40.2891,
2022-11-18 07:20:00+00:00,0.5831,0.5839,0.5839,0.5831,277.44,0.5835,161.88624,277.44,161.88624,
2022-11-18 07:25:00+00:00,0.5833,0.5848,0.5834,0.5838,186.98,0.583825,109.1635985,186.98,109.1635985,
2022-11-18 07:30:00+00:00,0.582,0.5839,0.5833,0.582,124.17,0.5828,72.366276,124.17,72.366276,
2022-11-18 07:35:00+00:00,0.5823,0.5829,0.5823,0.5829,615.93,0.5826,358.840818,615.93,358.840818,
2022-11-18 07:40:00+00:00,0.583,0.584,0.584,0.5835,94.26,0.583625,55.0124925,94.26,55.0124925,
2022-11-18 07:45:00+00:00,0.5838,0.5839,0.5839,0.5838,172.15,0.58385,100.5097775,172.15,100.5097775,
2022-11-18 07:50:00+00:00,0.5832,0.584,0.5838,0.5837,415.8,0.583675,242.692065,415.8,242.692065,
2022-11-18 07:55:00+00:00,0.5833,0.5846,0.5833,0.5846,56.84,0.58395,33.191718,56.84,33.191718,
2022-11-18 08:00:00+00:00,0.5805,0.5842,0.5842,0.581,321.69,0.582475,187.37638275,321.69,187.37638275,
2022-11-18 08:05:00+00:00,0.58,0.5811,0.5806,0.5802,1840.07,0.580475,1068.11463325,1840.07,1068.11463325,
2022-11-18 08:10:00+00:00,0.5807,0.5817,0.5807,0.5814,330.29,0.581125,191.93977625,330.29,191.93977625,
2022-11-18 08:15:00+00:00,0.5802,0.5813,0.5813,0.581,330.08,0.58095,191.759976,330.08,191.759976,
2022-11-18 08:20:00+00:00,0.5813,0.582,0.5813,0.5813,207.26,0.581475,120.5165085,207.26,120.5165085,
2022-11-18 08:25:00+00:00,0.5816,0.5825,0.5819,0.5825,1856.2,0.582125,1080.540425,1856.2,1080.540425,
2022-11-18 08:30:00+00:00,0.5827,0.583,0.5827,0.583,58.89,0.58285,34.3240365,58.89,34.3240365,
2022-11-18 08:35:00+00:00,0.5824,0.5831,0.5824,0.5824,697.17,0.582575,406.15381275,697.17,406.15381275,
2022-11-18 08:40:00+00:00,0.5822,0.583,0.5824,0.583,130.57,0.58265,76.0766105,130.57,76.0766105,
2022-11-18 08:45:00+00:00,0.5822,0.583,0.5824,0.583,130.57,0.58265,76.0766105,130.57,76.0766105,
2022-11-18 08:50:00+00:00,0.5817,0.5829,0.5817,0.5829,1032.49,0.5823,601.218927,1032.49,601.218927,
2022-11-18 08:55:00+00:00,0.5823,0.5831,0.5823,0.5829,198.47,0.58265,115.6385455,198.47,115.6385455,
2022-11-18 09:00:00+00:00,0.5828,0.5833,0.5833,0.5828,7.63,0.58305,4.4486715,7.63,4.4486715,
2022-11-18 09:05:00+00:00,0.5827,0.5844,0.5827,0.5835,946.5,0.583325,552.1171125,946.5,552.1171125,
2022-11-18 09:10:00+00:00,0.5837,0.5842,0.5842,0.584,44.27,0.584025,25.85478675,44.27,25.85478675,
2022-11-18 09:15:00+00:00,0.5839,0.585,0.584,0.5839,44.53,0.5842,26.014426,44.53,26.014426,
2022-11-18 09:20:00+00:00,0.5841,0.5848,0.5848,0.5846,174.41,0.584575,101.95572575,174.41,101.95572575,
2022-11-18 09:25:00+00:00,0.584,0.5847,0.584,0.5844,20.48,0.584275,11.965952,20.48,11.965952,
2022-11-18 09:30:00+00:00,0.584,0.5842,0.5842,0.584,8.78,0.5841,5.128398,8.78,5.128398,
2022-11-18 09:35:00+00:00,0.584,0.5842,0.5842,0.584,8.78,0.5841,5.128398,8.78,5.128398,
2022-11-18 09:40:00+00:00,0.5847,0.5847,0.5847,0.5847,2.68,0.5847,1.566996,2.68,1.566996,
2022-11-18 09:45:00+00:00,0.584,0.5845,0.584,0.5845,105.45,0.58425,61.6091625,105.45,61.6091625,
2022-11-18 09:50:00+00:00,0.5838,0.5841,0.5841,0.5839,8.93,0.583975,5.21489675,8.93,5.21489675,
2022-11-18 09:55:00+00:00,0.5837,0.5845,0.5845,0.584,241.42,0.584175,141.0315285,241.42,141.0315285,
2022-11-18 10:00:00+00:00,0.584,0.5847,0.5846,0.5841,173.71,0.58435,101.5074385,173.71,101.5074385,
2022-11-18 10:05:00+00:00,0.5841,0.587,0.5841,0.587,387.27,0.58555,226.7659485,387.27,226.7659485,
2022-11-18 10:10:00+00:00,0.586,0.5879,0.5875,0.5863,13646.8,0.586925,8009.64809,13646.8,8009.64809,
2022-11-18 10:15:00+00:00,0.5862,0.5869,0.5866,0.5869,1330.6,0.58665,780.59649,1330.6,780.59649,
2022-11-18 10:20:00+00:00,0.5862,0.5869,0.5866,0.5869,1330.6,0.58665,780.59649,1330.6,780.59649,
2022-11-18 10:25:00+00:00,0.5852,0.5882,0.5852,0.5882,34.93,0.5867,20.493431,34.93,20.493431,
2022-11-18 10:30:00+00:00,0.5857,0.588,0.5879,0.5858,504.03,0.58685,295.7900055,504.03,295.7900055,
2022-11-18 10:35:00+00:00,0.5859,0.5865,0.5859,0.5865,92.2,0.5862,54.04764,92.2,54.04764,
2022-11-18 10:40:00+00:00,0.5843,0.5864,0.5858,0.5851,101.49,0.5854,59.412246,101.49,59.412246,
2022-11-18 10:45:00+00:00,0.585,0.586,0.5857,0.586,170.04,0.585675,99.588177,170.04,99.588177,
2022-11-18 10:50:00+00:00,0.5853,0.5864,0.5853,0.5863,166.02,0.585825,97.2586665,166.02,97.2586665,
2022-11-18 10:55:00+00:00,0.5861,0.5867,0.5863,0.5867,667.86,0.58645,391.666497,667.86,391.666497,
2022-11-18 11:00:00+00:00,0.587,0.5878,0.587,0.5878,357.27,0.5874,209.860398,357.27,209.860398,
2022-11-18 11:05:00+00:00,0.5879,0.5888,0.5879,0.5888,123.51,0.58835,72.6671085,123.51,72.6671085,
2022-11-18 11:10:00+00:00,0.5873,0.5882,0.5882,0.5873,152.68,0.58775,89.73767,152.68,89.73767,
2022-11-18 11:15:00+00:00,0.5872,0.588,0.5872,0.5874,35.34,0.58745,20.760483,35.34,20.760483,
2022-11-18 11:20:00+00:00,0.5878,0.5882,0.5878,0.5882,18.1,0.588,10.6428,18.1,10.6428,
2022-11-18 11:25:00+00:00,0.5877,0.5886,0.5879,0.5885,1225.67,0.588175,720.90845225,1225.67,720.90845225,
2022-11-18 11:30:00+00:00,0.5888,0.5895,0.5888,0.5895,217.14,0.58915,127.928031,217.14,127.928031,
2022-11-18 11:35:00+00:00,0.5883,0.589,0.589,0.5883,101.06,0.58865,59.488969,101.06,59.488969,
2022-11-18 11:40:00+00:00,0.5866,0.587,0.587,0.5866,1396.27,0.5868,819.331236,1396.27,819.331236,
2022-11-18 11:45:00+00:00,0.5864,0.5873,0.5871,0.5873,183.31,0.587025,107.60755275,183.31,107.60755275,
2022-11-18 11:50:00+00:00,0.5868,0.5876,0.5868,0.5871,8922.46,0.587075,5238.1532045,8922.46,5238.1532045,
2022-11-18 11:55:00+00:00,0.5868,0.5878,0.5869,0.5869,9491.65,0.5871,5572.547715,9491.65,5572.547715,
2022-11-18 12:00:00+00:00,0.5871,0.589,0.5871,0.5889,919.52,0.588025,540.700748,919.52,540.700748,
2022-11-18 12:05:00+00:00,0.5889,0.5892,0.5889,0.5892,1750.99,0.58905,1031.4206595,1750.99,1031.4206595,
2022-11-18 12:10:00+00:00,0.5877,0.5889,0.5889,0.5877,590.36,0.5883,347.308788,590.36,347.308788,
2022-11-18 12:15:00+00:00,0.5877,0.5889,0.5877,0.5878,278.7,0.588025,163.8825675,278.7,163.8825675,
2022-11-18 12:20:00+00:00,0.5875,0.588,0.588,0.5875,45.68,0.58775,26.84842,45.68,26.84842,
2022-11-18 12:25:00+00:00,0.5868,0.5876,0.5873,0.5875,34.74,0.5873,20.402802,34.74,20.402802,
2022-11-18 12:30:00+00:00,0.5868,0.5876,0.5875,0.5874,436.35,0.587325,256.27926375,436.35,256.27926375,
2022-11-18 12:35:00+00:00,0.5865,0.5872,0.5868,0.5868,307.72,0.586825,180.577789,307.72,180.577789,
2022-11-18 12:40:00+00:00,0.5861,0.5872,0.5866,0.5863,1036.43,0.58655,607.9180165,1036.43,607.9180165,
2022-11-18 12:45:00+00:00,0.5859,0.5868,0.5862,0.5868,618.99,0.586425,362.99121075,618.99,362.99121075,
2022-11-18 12:50:00+00:00,0.5863,0.5869,0.5865,0.5866,1205.03,0.586575,706.84047225,1205.03,706.84047225,
2022-11-18 12:55:00+00:00,0.5862,0.5868,0.5862,0.5865,848.87,0.586425,497.79858975,848.87,497.79858975,
2022-11-18 13:00:00+00:00,0.5861,0.5882,0.5861,0.5882,651.43,0.58715,382.4871245,651.43,382.4871245,
2022-11-18 13:05:00+00:00,0.5872,0.5878,0.5872,0.5874,1279.54,0.5874,751.601796,1279.54,751.601796,
2022-11-18 13:10:00+00:00,0.5869,0.5879,0.587,0.5873,591.83,0.587275,347.56696325,591.83,347.56696325,
2022-11-18 13:15:00+00:00,0.5873,0.5881,0.5873,0.5881,39.72,0.5877,23.343444,39.72,23.343444,
2022-11-18 13:20:00+00:00,0.5881,0.5886,0.5881,0.5881,1964.06,0.588225,1155.3091935,1964.06,1155.3091935,
2022-11-18 13:25:00+00:00,0.5874,0.5882,0.5882,0.5874,934.26,0.5878,549.158028,934.26,549.158028,
2022-11-18 13:30:00+00:00,0.5872,0.5885,0.588,0.5876,8626.22,0.587825,5070.7077715,8626.22,5070.7077715,
2022-11-18 13:35:00+00:00,0.588,0.5885,0.588,0.5881,828.71,0.58815,487.4057865,828.71,487.4057865,
2022-11-18 13:40:00+00:00,0.5861,0.5885,0.5885,0.5861,394.95,0.5873,231.954135,394.95,231.954135,
2022-11-18 13:45:00+00:00,0.5853,0.5863,0.5853,0.5859,855.92,0.5857,501.312344,855.92,501.312344,
2022-11-18 13:50:00+00:00,0.5851,0.5864,0.5851,0.5863,89.32,0.585725,52.316957,89.32,52.316957,
2022-11-18 13:55:00+00:00,0.5861,0.5865,0.5864,0.5863,882.03,0.586325,517.15623975,882.03,517.15623975,
2022-11-18 14:00:00+00:00,0.5851,0.587,0.586,0.587,1101.96,0.586275,646.051599,1101.96,646.051599,
2022-11-18 14:05:00+00:00,0.5866,0.5877,0.5867,0.5877,1569.17,0.587175,921.37739475,1569.17,921.37739475,
2022-11-18 14:10:00+00:00,0.5866,0.5873,0.5868,0.5866,87.63,0.586825,51.42347475,87.63,51.42347475,
2022-11-18 14:15:00+00:00,0.5868,0.5871,0.5871,0.5869,21.89,0.586975,12.84888275,21.89,12.84888275,
2022-11-18 14:20:00+00:00,0.5869,0.5878,0.5875,0.5871,346.92,0.587325,203.754789,346.92,203.754789,
2022-11-18 14:25:00+00:00,0.586,0.5875,0.5875,0.586,1187.92,0.58675,697.01206,1187.92,697.01206,
2022-11-18 14:30:00+00:00,0.581,0.5856,0.5856,0.5812,1473.96,0.58335,859.834566,1473.96,859.834566,
2022-11-18 14:35:00+00:00,0.5805,0.5829,0.5829,0.5813,160.74,0.5819,93.534606,160.74,93.534606,
2022-11-18 14:40:00+00:00,0.5802,0.5825,0.5808,0.5825,653.4,0.5815,379.9521,653.4,379.9521,
2022-11-18 14:45:00+00:00,0.5805,0.5828,0.5822,0.5808,263.83,0.581575,153.43693225,263.83,153.43693225,
2022-11-18 14:50:00+00:00,0.5809,0.5825,0.5809,0.5817,789.56,0.5815,459.12914,789.56,459.12914,
2022-11-18 14:55:00+00:00,0.5825,0.5827,0.5827,0.5825,855.37,0.5826,498.338562,855.37,498.338562,
2022-11-18 15:00:00+00:00,0.5802,0.5822,0.582,0.5807,686.5,0.581275,399.0452875,686.5,399.0452875,
2022-11-18 15:05:00+00:00,0.5799,0.5811,0.5811,0.5804,1049.85,0.580625,609.56915625,1049.85,609.56915625,
2022-11-18 15:10:00+00:00,0.5809,0.5824,0.5809,0.5813,292.62,0.581375,170.1219525,292.62,170.1219525,
2022-11-18 15:15:00+00:00,0.5826,0.5835,0.5826,0.5826,204.74,0.582825,119.3275905,204.74,119.3275905,
2022-11-18 15:20:00+00:00,0.5823,0.5832,0.5824,0.5824,349.82,0.582575,203.7963865,349.82,203.7963865,
2022-11-18 15:25:00+00:00,0.5817,0.5835,0.5825,0.5835,154.65,0.5828,90.13002,154.65,90.13002,
2022-11-18 15:30:00+00:00,0.5826,0.5838,0.5832,0.5828,2692.11,0.5831,1569.769341,2692.11,1569.769341,
2022-11-18 15:35:00+00:00,0.5807,0.5833,0.5833,0.5811,35329.3,0.5821,20565.18553,35329.3,20565.18553,
2022-11-18 15:40:00+00:00,0.5801,0.5815,0.5815,0.5809,7501.24,0.581,4358.22044,7501.24,4358.22044,
2022-11-18 15:45:00+00:00,0.5804,0.5818,0.5809,0.5812,2254.44,0.581075,1309.998723,2254.44,1309.998723,
2022-11-18 15:50:00+00:00,0.581,0.5828,0.5815,0.5824,2361.36,0.581925,1374.134418,2361.36,1374.134418,
2022-11-18 15:55:00+00:00,0.581,0.5821,0.5821,0.5816,956.95,0.5817,556.657815,956.95,556.657815,
2022-11-18 16:00:00+00:00,0.5793,0.5813,0.581,0.5793,6463.55,0.580225,3750.31329875,6463.55,3750.31329875,
2022-11-18 16:05:00+00:00,0.5793,0.5808,0.5793,0.5804,8640.52,0.57995,5011.069574,8640.52,5011.069574,
2022-11-18 16:10:00+00:00,0.5806,0.5814,0.5809,0.5813,929.1,0.58105,539.853555,929.1,539.853555,
2022-11-18 16:15:00+00:00,0.5809,0.5823,0.5809,0.5818,1181.87,0.581475,687.22785825,1181.87,687.22785825,
2022-11-18 16:20:00+00:00,0.5812,0.5821,0.582,0.5816,1396.76,0.581725,812.530211,1396.76,812.530211,
2022-11-18 16:25:00+00:00,0.5792,0.5814,0.5814,0.5792,392.74,0.5803,227.907022,392.74,227.907022,
2022-11-18 16:30:00+00:00,0.5781,0.5798,0.5787,0.5788,1119.4,0.57885,647.96469,1119.4,647.96469,
2022-11-18 16:35:00+00:00,0.5786,0.5795,0.5788,0.5794,2226.44,0.579075,1289.275743,2226.44,1289.275743,
2022-11-18 16:40:00+00:00,0.5786,0.5798,0.5795,0.5795,217.68,0.57935,126.112908,217.68,126.112908,
2022-11-18 16:45:00+00:00,0.5774,0.5797,0.5797,0.5778,1931.74,0.57865,1117.801351,1931.74,1117.801351,
2022-11-18 16:50:00+00:00,0.5764,0.5777,0.5773,0.5774,397.7,0.5772,229.55244,397.7,229.55244,
2022-11-18 16:55:00+00:00,0.5774,0.5783,0.5776,0.5779,323.92,0.5778,187.160976,323.92,187.160976,
2022-11-18 17:00:00+00:00,0.5762,0.5785,0.5777,0.5762,1147.36,0.57715,662.198824,1147.36,662.198824,
2022-11-18 17:05:00+00:00,0.5729,0.5759,0.5758,0.5729,1135.91,0.574375,652.43830625,1135.91,652.43830625,
2022-11-18 17:10:00+00:00,0.5726,0.5745,0.5738,0.573,1924.63,0.573475,1103.72718925,1924.63,1103.72718925,
2022-11-18 17:15:00+00:00,0.5723,0.5744,0.5731,0.5743,846.51,0.573525,485.49464775,846.51,485.49464775,
2022-11-18 17:20:00+00:00,0.573,0.5748,0.5747,0.573,1090.71,0.573875,625.93120125,1090.71,625.93120125,
2022-11-18 17:25:00+00:00,0.5727,0.574,0.5727,0.5738,271.37,0.5733,155.576421,271.37,155.576421,
2022-11-18 17:30:00+00:00,0.5719,0.5735,0.573,0.5726,3809.06,0.57275,2181.639115,3809.06,2181.639115,
2022-11-18 17:35:00+00:00,0.5707,0.573,0.573,0.5707,321.75,0.57185,183.9927375,321.75,183.9927375,
2022-11-18 17:40:00+00:00,0.5708,0.5717,0.5715,0.571,942.79,0.57125,538.5687875,942.79,538.5687875,
2022-11-18 17:45:00+00:00,0.5709,0.5716,0.5713,0.5716,695.88,0.57135,397.591038,695.88,397.591038,
2022-11-18 17:50:00+00:00,0.5688,0.5717,0.5716,0.569,1632.08,0.570275,930.734422,1632.08,930.734422,
2022-11-18 17:55:00+00:00,0.5689,0.571,0.5689,0.5706,6271.23,0.56985,3573.6604155,6271.23,3573.6604155,
2022-11-18 18:00:00+00:00,0.5697,0.572,0.5698,0.5709,3124.27,0.5706,1782.708462,3124.27,1782.708462,
2022-11-18 18:05:00+00:00,0.5711,0.5719,0.5711,0.5717,981.67,0.57145,560.9753215,981.67,560.9753215,
2022-11-18 18:10:00+00:00,0.5718,0.5725,0.5723,0.5722,1996.47,0.5722,1142.380134,1996.47,1142.380134,
2022-11-18 18:15:00+00:00,0.5712,0.5724,0.5721,0.5712,12723.3,0.571725,7274.2286925,12723.3,7274.2286925,
2022-11-18 18:20:00+00:00,0.57,0.5712,0.5712,0.5705,929.07,0.570725,530.24347575,929.07,530.24347575,
2022-11-18 18:25:00+00:00,0.5703,0.5718,0.5705,0.5714,1027.54,0.571,586.72534,1027.54,586.72534,
2022-11-18 18:30:00+00:00,0.5703,0.5719,0.5719,0.5712,822.87,0.571325,470.12620275,822.87,470.12620275,
2022-11-18 18:35:00+00:00,0.5707,0.5717,0.5707,0.5717,480.62,0.5712,274.530144,480.62,274.530144,
2022-11-18 18:40:00+00:00,0.5708,0.5722,0.5717,0.5722,1790.92,0.571725,1023.913737,1790.92,1023.913737,
2022-11-18 18:45:00+00:00,0.5709,0.5721,0.572,0.5713,71.31,0.571575,40.75901325,71.31,40.75901325,
2022-11-18 18:50:00+00:00,0.5701,0.5718,0.5718,0.5709,6264.28,0.57115,3577.843522,6264.28,3577.843522,
2022-11-18 18:55:00+00:00,0.5711,0.5717,0.5712,0.5717,483.71,0.571425,276.40398675,483.71,276.40398675,
2022-11-18 19:00:00+00:00,0.5716,0.573,0.5717,0.5726,489.22,0.572225,279.9439145,489.22,279.9439145,
2022-11-18 19:05:00+00:00,0.5726,0.5734,0.5734,0.5726,659.92,0.573,378.13416,659.92,378.13416,
2022-11-18 19:10:00+00:00,0.5726,0.5732,0.5728,0.5727,246.36,0.572825,141.121167,246.36,141.121167,
2022-11-18 19:15:00+00:00,0.572,0.5731,0.5725,0.5731,587.41,0.572675,336.39502175,587.41,336.39502175,
2022-11-18 19:20:00+00:00,0.5729,0.5745,0.573,0.5745,404.01,0.573725,231.79063725,404.01,231.79063725,
2022-11-18 19:25:00+00:00,0.5743,0.5754,0.5746,0.5754,131.92,0.574925,75.844106,131.92,75.844106,
2022-11-18 19:30:00+00:00,0.574,0.5747,0.5747,0.5743,22.6,0.574425,12.982005,22.6,12.982005,
2022-11-18 19:35:00+00:00,0.5743,0.5753,0.5748,0.5753,167.75,0.574925,96.44366875,167.75,96.44366875,
2022-11-18 19:40:00+00:00,0.5738,0.5756,0.5747,0.5749,8380.7,0.57475,4816.807325,8380.7,4816.807325,
2022-11-18 19:45:00+00:00,0.573,0.5751,0.5751,0.5749,24180.55,0.574525,13892.33048875,24180.55,13892.33048875,
2022-11-18 19:50:00+00:00,0.5728,0.5753,0.5744,0.5745,26518.06,0.57425,15227.995955,26518.06,15227.995955,
2022-11-18 19:55:00+00:00,0.5743,0.5765,0.5751,0.5759,17857.98,0.57545,10276.374591,17857.98,10276.374591,
2022-11-18 20:00:00+00:00,0.5754,0.577,0.5759,0.5769,19501.12,0.5763,11238.495456,19501.12,11238.495456,
2022-11-18 20:05:00+00:00,0.577,0.5781,0.577,0.5773,8886.34,0.57735,5130.528399,8886.34,5130.528399,
2022-11-18 20:10:00+00:00,0.5777,0.5796,0.5781,0.5784,841.76,0.57845,486.916072,841.76,486.916072,
2022-11-18 20:15:00+00:00,0.5776,0.5787,0.5776,0.5786,88.49,0.578125,51.15828125,88.49,51.15828125,
2022-11-18 20:20:00+00:00,0.578,0.579,0.5786,0.5787,2635.43,0.578575,1524.79391225,2635.43,1524.79391225,
2022-11-18 20:25:00+00:00,0.5782,0.5794,0.5782,0.5785,275.0,0.578575,159.108125,275.0,159.108125,
2022-11-18 20:30:00+00:00,0.5786,0.5794,0.5794,0.5793,1079.67,0.579175,625.31787225,1079.67,625.31787225,
2022-11-18 20:35:00+00:00,0.5785,0.5793,0.579,0.5793,577.85,0.579025,334.58959625,577.85,334.58959625,
2022-11-18 20:40:00+00:00,0.5787,0.5803,0.5787,0.5803,2919.88,0.5795,1692.07046,2919.88,1692.07046,
2022-11-18 20:45:00+00:00,0.5795,0.5803,0.5795,0.5803,190.79,0.5799,110.639121,190.79,110.639121,
2022-11-18 20:50:00+00:00,0.5789,0.5803,0.5797,0.5789,321.79,0.57945,186.4612155,321.79,186.4612155,
2022-11-18 20:55:00+00:00,0.5789,0.5801,0.5789,0.5801,305.9,0.5795,177.26905,305.9,177.26905,
2022-11-18 21:00:00+00:00,0.5747,0.5797,0.5793,0.5757,1676.08,0.57735,967.684788,1676.08,967.684788,
2022-11-18 21:05:00+00:00,0.5751,0.5757,0.5752,0.5755,1454.36,0.575375,836.802385,1454.36,836.802385,
2022-11-18 21:10:00+00:00,0.5746,0.5762,0.5756,0.576,3708.55,0.5756,2134.64138,3708.55,2134.64138,
2022-11-18 21:15:00+00:00,0.5735,0.5756,0.5756,0.5751,18236.68,0.57495,10485.179166,18236.68,10485.179166,
2022-11-18 21:20:00+00:00,0.5746,0.5752,0.5752,0.5751,558.2,0.575025,320.978955,558.2,320.978955,
2022-11-18 21:25:00+00:00,0.5751,0.5753,0.5751,0.5751,1677.22,0.57515,964.653083,1677.22,964.653083,
2022-11-18 21:30:00+00:00,0.5751,0.5752,0.5751,0.5751,7363.5,0.575125,4234.9329375,7363.5,4234.9329375,
2022-11-18 21:35:00+00:00,0.5751,0.5752,0.5751,0.5751,7363.5,0.575125,4234.9329375,7363.5,4234.9329375,
2022-11-18 21:40:00+00:00,0.5751,0.5751,0.5751,0.5751,4548.64,0.5751,2615.922864,4548.64,2615.922864,
2022-11-18 21:45:00+00:00,0.5751,0.5751,0.5751,0.5751,6498.59,0.5751,3737.339109,6498.59,3737.339109,
2022-11-18 21:50:00+00:00,0.5751,0.5752,0.5751,0.5751,1148.35,0.575125,660.44479375,1148.35,660.44479375,
2022-11-18 21:55:00+00:00,0.5751,0.5752,0.5751,0.5751,2058.65,0.575125,1183.98108125,2058.65,1183.98108125,
2022-11-18 22:00:00+00:00,0.5721,0.5752,0.5751,0.573,14945.23,0.57385,8576.3202355,14945.23,8576.3202355,
2022-11-18 22:05:00+00:00,0.5709,0.5729,0.5723,0.5726,4161.95,0.572175,2381.36374125,4161.95,2381.36374125,
2022-11-18 22:10:00+00:00,0.572,0.5735,0.5725,0.5734,7316.96,0.57285,4191.520536,7316.96,4191.520536,
2022-11-18 22:15:00+00:00,0.5728,0.5739,0.573,0.5733,918.66,0.57325,526.621845,918.66,526.621845,
2022-11-18 22:20:00+00:00,0.5735,0.5747,0.5735,0.5747,605.74,0.5741,347.755334,605.74,347.755334,
2022-11-18 22:25:00+00:00,0.5741,0.5749,0.5746,0.5742,4538.87,0.57445,2607.3538715,4538.87,2607.3538715,
2022-11-18 22:30:00+00:00,0.5742,0.575,0.5743,0.5743,462.7,0.57445,265.798015,462.7,265.798015,
2022-11-18 22:35:00+00:00,0.5734,0.5743,0.5742,0.5739,4494.95,0.57395,2579.8765525,4494.95,2579.8765525,
2022-11-18 22:40:00+00:00,0.5735,0.5741,0.5735,0.5735,461.76,0.57365,264.888624,461.76,264.888624,
2022-11-18 22:45:00+00:00,0.5734,0.5741,0.5741,0.5738,1748.65,0.57385,1003.4628025,1748.65,1003.4628025,
2022-11-18 22:50:00+00:00,0.5738,0.574,0.5738,0.5738,182.22,0.57385,104.566947,182.22,104.566947,
2022-11-18 22:55:00+00:00,0.5739,0.5753,0.5739,0.5747,1436.33,0.57445,825.0997685,1436.33,825.0997685,
2022-11-18 23:00:00+00:00,0.5745,0.5762,0.5749,0.5749,1221.61,0.575125,702.57845125,1221.61,702.57845125,
2022-11-18 23:05:00+00:00,0.5744,0.5763,0.5744,0.5756,4339.92,0.575175,2496.213486,4339.92,2496.213486,
2022-11-18 23:10:00+00:00,0.5757,0.5766,0.576,0.5757,5398.46,0.576,3109.51296,5398.46,3109.51296,
2022-11-18 23:15:00+00:00,0.5751,0.5758,0.5756,0.5756,4867.45,0.575525,2801.33916125,4867.45,2801.33916125,
2022-11-18 23:20:00+00:00,0.5755,0.5767,0.5759,0.5762,5759.29,0.576075,3317.78298675,5759.29,3317.78298675,
2022-11-18 23:25:00+00:00,0.5763,0.577,0.5767,0.577,172.43,0.57675,99.4490025,172.43,99.4490025,
2022-11-18 23:30:00+00:00,0.5764,0.5791,0.5767,0.5791,1038.95,0.577825,600.33128375,1038.95,600.33128375,
2022-11-18 23:35:00+00:00,0.5791,0.5795,0.5791,0.5795,2006.14,0.5793,1162.156902,2006.14,1162.156902,
2022-11-18 23:40:00+00:00,0.5781,0.5796,0.5792,0.5786,2548.7,0.578875,1475.3787125,2548.7,1475.3787125,
2022-11-18 23:45:00+00:00,0.5783,0.5795,0.5783,0.5789,132.52,0.57875,76.69595,132.52,76.69595,
2022-11-18 23:50:00+00:00,0.5786,0.5795,0.5795,0.5792,214.53,0.5792,124.255776,214.53,124.255776,
2022-11-18 23:55:00+00:00,0.578,0.5793,0.5786,0.578,1217.86,0.578475,704.5015635,1217.86,704.5015635,
2022-11-19 00:00:00+00:00,0.5775,0.5788,0.5781,0.5775,640.63,0.577975,370.26812425,640.63,370.26812425,
2022-11-19 00:05:00+00:00,0.5765,0.5778,0.5773,0.5765,3745.47,0.577025,2161.22982675,3745.47,2161.22982675,
2022-11-19 00:10:00+00:00,0.5773,0.5778,0.5778,0.5774,367.63,0.577575,212.33389725,367.63,212.33389725,
2022-11-19 00:15:00+00:00,0.5762,0.5773,0.5773,0.5766,5578.59,0.57685,3218.0096415,5578.59,3218.0096415,
2022-11-19 00:20:00+00:00,0.575,0.5765,0.5765,0.575,683.67,0.57575,393.6230025,683.67,393.6230025,
2022-11-19 00:25:00+00:00,0.5747,0.576,0.5748,0.5754,281.19,0.575225,161.74751775,281.19,161.74751775,
2022-11-19 00:30:00+00:00,0.5753,0.5763,0.5755,0.5763,157.49,0.57585,90.6906165,157.49,90.6906165,
2022-11-19 00:35:00+00:00,0.5756,0.5763,0.5763,0.576,248.01,0.57605,142.8661605,248.01,142.8661605,
2022-11-19 00:40:00+00:00,0.5749,0.576,0.5754,0.5749,228.38,0.5753,131.387014,228.38,131.387014,
2022-11-19 00:45:00+00:00,0.5748,0.5753,0.5748,0.5748,57.74,0.574925,33.1961695,57.74,33.1961695,
2022-11-19 00:50:00+00:00,0.5741,0.575,0.5741,0.575,168.65,0.57455,96.8978575,168.65,96.8978575,
2022-11-19 00:55:00+00:00,0.575,0.5757,0.575,0.5757,27.0,0.57535,15.53445,27.0,15.53445,
2022-11-19 01:00:00+00:00,0.575,0.576,0.576,0.5751,222.61,0.575525,128.11762025,222.61,128.11762025,
2022-11-19 01:05:00+00:00,0.5746,0.5755,0.5746,0.5746,2424.8,0.574825,1393.83566,2424.8,1393.83566,
2022-11-19 01:10:00+00:00,0.5739,0.5747,0.5746,0.5747,263.91,0.574475,151.60969725,263.91,151.60969725,
2022-11-19 01:15:00+00:00,0.5737,0.5748,0.5737,0.5744,82.69,0.57415,47.4764635,82.69,47.4764635,
2022-11-19 01:20:00+00:00,0.5738,0.5748,0.5742,0.5748,111.26,0.5744,63.907744,111.26,63.907744,
2022-11-19 01:25:00+00:00,0.5742,0.5759,0.5743,0.5758,1196.92,0.57505,688.288846,1196.92,688.288846,
2022-11-19 01:30:00+00:00,0.574,0.5755,0.5755,0.574,215.23,0.57475,123.7034425,215.23,123.7034425,
2022-11-19 01:35:00+00:00,0.5736,0.5745,0.5738,0.5745,13.08,0.5741,7.509228,13.08,7.509228,
2022-11-19 01:40:00+00:00,0.5739,0.5749,0.5744,0.5749,2276.73,0.574525,1308.03830325,2276.73,1308.03830325,
2022-11-19 01:45:00+00:00,0.5742,0.575,0.5743,0.5749,545.13,0.5746,313.231698,545.13,313.231698,
2022-11-19 01:50:00+00:00,0.575,0.576,0.5756,0.576,76.86,0.57565,44.244459,76.86,44.244459,
2022-11-19 01:55:00+00:00,0.5755,0.5765,0.5755,0.5765,742.46,0.576,427.65696,742.46,427.65696,
2022-11-19 02:00:00+00:00,0.5752,0.5764,0.576,0.5752,1145.86,0.5757,659.671602,1145.86,659.671602,
2022-11-19 02:05:00+00:00,0.5727,0.5743,0.5743,0.5727,72.16,0.5735,41.38376,72.16,41.38376,
2022-11-19 02:10:00+00:00,0.5721,0.5738,0.5735,0.5726,16128.06,0.573,9241.37838,16128.06,9241.37838,
2022-11-19 02:15:00+00:00,0.5708,0.5723,0.5723,0.5712,1594.54,0.57165,911.518791,1594.54,911.518791,
2022-11-19 02:20:00+00:00,0.5723,0.5732,0.5726,0.5723,220.0,0.5726,125.972,220.0,125.972,
2022-11-19 02:25:00+00:00,0.5719,0.573,0.573,0.5723,1026.62,0.57255,587.791281,1026.62,587.791281,
2022-11-19 02:30:00+00:00,0.571,0.5719,0.5719,0.571,768.14,0.57145,438.953603,768.14,438.953603,
2022-11-19 02:35:00+00:00,0.5707,0.5729,0.5707,0.5723,117.29,0.57165,67.0488285,117.29,67.0488285,
2022-11-19 02:40:00+00:00,0.5723,0.5735,0.5732,0.5734,596.69,0.5731,341.963039,596.69,341.963039,
2022-11-19 02:45:00+00:00,0.5731,0.5741,0.5731,0.5737,189.53,0.5735,108.695455,189.53,108.695455,
2022-11-19 02:50:00+00:00,0.5735,0.5742,0.5741,0.5742,347.71,0.574,199.58554,347.71,199.58554,
2022-11-19 02:55:00+00:00,0.5738,0.5745,0.5738,0.5742,36.71,0.574075,21.07429325,36.71,21.07429325,
2022-11-19 03:00:00+00:00,0.574,0.5754,0.5745,0.5754,233.92,0.574825,134.463064,233.92,134.463064,
2022-11-19 03:05:00+00:00,0.5736,0.5759,0.5749,0.5759,13806.12,0.575075,7939.554459,13806.12,7939.554459,
2022-11-19 03:10:00+00:00,0.5754,0.5761,0.5756,0.5761,320.94,0.5758,184.797252,320.94,184.797252,
2022-11-19 03:15:00+00:00,0.5754,0.5767,0.5767,0.5754,261.81,0.57605,150.8156505,261.81,150.8156505,
2022-11-19 03:20:00+00:00,0.575,0.576,0.5759,0.575,313.44,0.575475,180.376884,313.44,180.376884,
2022-11-19 03:25:00+00:00,0.5738,0.5745,0.5745,0.5744,4412.05,0.5743,2533.840315,4412.05,2533.840315,
2022-11-19 03:30:00+00:00,0.5738,0.5751,0.5738,0.575,1508.23,0.574425,866.36501775,1508.23,866.36501775,
2022-11-19 03:35:00+00:00,0.5739,0.5749,0.5746,0.5749,739.86,0.574575,425.1050595,739.86,425.1050595,
2022-11-19 03:40:00+00:00,0.5744,0.5749,0.5749,0.5747,32.57,0.574725,18.71879325,32.57,18.71879325,
2022-11-19 03:45:00+00:00,0.575,0.5753,0.5751,0.5753,1193.16,0.575175,686.275803,1193.16,686.275803,
2022-11-19 03:50:00+00:00,0.5744,0.5752,0.5752,0.5745,148.6,0.574825,85.418995,148.6,85.418995,
2022-11-19 03:55:00+00:00,0.574,0.575,0.575,0.5749,433.96,0.574725,249.407661,433.96,249.407661,
2022-11-19 04:00:00+00:00,0.575,0.5752,0.5752,0.5751,686.95,0.575125,395.08211875,686.95,395.08211875,
2022-11-19 04:05:00+00:00,0.5738,0.575,0.575,0.5744,383.18,0.57455,220.156069,383.18,220.156069,
2022-11-19 04:10:00+00:00,0.5742,0.5749,0.5742,0.5742,191.38,0.574375,109.9238875,191.38,109.9238875,
2022-11-19 04:15:00+00:00,0.574,0.5761,0.574,0.5761,827.69,0.57505,475.9631345,827.69,475.9631345,
2022-11-19 04:20:00+00:00,0.5761,0.5764,0.5762,0.5761,123.55,0.5762,71.18951,123.55,71.18951,
2022-11-19 04:25:00+00:00,0.5761,0.5768,0.5761,0.5766,1255.98,0.5764,723.946872,1255.98,723.946872,
2022-11-19 04:30:00+00:00,0.5759,0.5759,0.5759,0.5759,44.46,0.5759,25.604514,44.46,25.604514,
2022-11-19 04:35:00+00:00,0.5754,0.5758,0.5754,0.5754,182.17,0.5755,104.838835,182.17,104.838835,
2022-11-19 04:40:00+00:00,0.5756,0.5762,0.5756,0.5756,7307.49,0.57575,4207.2873675,7307.49,4207.2873675,
2022-11-19 04:45:00+00:00,0.5748,0.5757,0.5757,0.5748,2409.18,0.57525,1385.880795,2409.18,1385.880795,
2022-11-19 04:50:00+00:00,0.574,0.5747,0.574,0.5747,1715.56,0.57435,985.331886,1715.56,985.331886,
2022-11-19 04:55:00+00:00,0.5745,0.5751,0.5751,0.5748,5.65,0.574875,3.24804375,5.65,3.24804375,
2022-11-19 05:00:00+00:00,0.5748,0.576,0.5755,0.5754,1086.16,0.575425,625.003618,1086.16,625.003618,
2022-11-19 05:05:00+00:00,0.5745,0.5755,0.575,0.5745,516.06,0.574875,296.6699925,516.06,296.6699925,
2022-11-19 05:10:00+00:00,0.5693,0.5727,0.5727,0.5693,2982.55,0.571,1703.03605,2982.55,1703.03605,
2022-11-19 05:15:00+00:00,0.5648,0.5709,0.5708,0.5675,1293.3,0.5685,735.24105,1293.3,735.24105,
2022-11-19 05:20:00+00:00,0.5675,0.5687,0.568,0.5687,510.4,0.568225,290.02204,510.4,290.02204,
2022-11-19 05:25:00+00:00,0.5679,0.5708,0.5683,0.5699,62.89,0.569225,35.79856025,62.89,35.79856025,
2022-11-19 05:30:00+00:00,0.5691,0.5705,0.5695,0.5691,1191.75,0.56955,678.7612125,1191.75,678.7612125,
2022-11-19 05:35:00+00:00,0.5682,0.5692,0.5682,0.5692,915.5,0.5687,520.64485,915.5,520.64485,
2022-11-19 05:40:00+00:00,0.5698,0.5708,0.5698,0.5708,54.57,0.5703,31.121271,54.57,31.121271,
2022-11-19 05:45:00+00:00,0.5699,0.5708,0.5702,0.5699,193.93,0.5702,110.578886,193.93,110.578886,
2022-11-19 05:50:00+00:00,0.5706,0.5724,0.5707,0.5711,30127.71,0.5712,17208.947952,30127.71,17208.947952,
2022-11-19 05:55:00+00:00,0.5706,0.5724,0.5707,0.5711,30127.71,0.5712,17208.947952,30127.71,17208.947952,
2022-11-19 06:00:00+00:00,0.5696,0.5711,0.5711,0.5699,293.64,0.570425,167.499597,293.64,167.499597,
2022-11-19 06:05:00+00:00,0.5686,0.57,0.5695,0.5688,1432.17,0.569225,815.22696825,1432.17,815.22696825,
2022-11-19 06:10:00+00:00,0.5676,0.5687,0.5684,0.5681,6261.49,0.5682,3557.778618,6261.49,3557.778618,
2022-11-19 06:15:00+00:00,0.5664,0.5691,0.5681,0.5689,1624.42,0.568125,922.8736125,1624.42,922.8736125,
2022-11-19 06:20:00+00:00,0.5685,0.5702,0.5685,0.5702,785.87,0.56935,447.4350845,785.87,447.4350845,
2022-11-19 06:25:00+00:00,0.57,0.5707,0.5702,0.57,504.72,0.570225,287.803962,504.72,287.803962,
2022-11-19 06:30:00+00:00,0.5677,0.5697,0.5697,0.5677,2187.02,0.5687,1243.758274,2187.02,1243.758274,
2022-11-19 06:35:00+00:00,0.5678,0.5684,0.5678,0.5684,64.53,0.5681,36.659493,64.53,36.659493,
2022-11-19 06:40:00+00:00,0.5679,0.5686,0.5679,0.568,99.04,0.5681,56.264624,99.04,56.264624,
2022-11-19 06:45:00+00:00,0.568,0.569,0.568,0.5688,2931.16,0.56845,1666.217902,2931.16,1666.217902,
2022-11-19 06:50:00+00:00,0.5684,0.5696,0.5688,0.5696,192.74,0.5691,109.688334,192.74,109.688334,
2022-11-19 06:55:00+00:00,0.5691,0.5699,0.5699,0.5692,623.77,0.569525,355.25260925,623.77,355.25260925,
2022-11-19 07:00:00+00:00,0.569,0.5696,0.5696,0.5691,688.33,0.569325,391.88347725,688.33,391.88347725,
2022-11-19 07:05:00+00:00,0.5694,0.5706,0.57,0.5706,2166.17,0.57015,1235.0418255,2166.17,1235.0418255,
2022-11-19 07:10:00+00:00,0.5699,0.5709,0.5699,0.5709,87.75,0.5704,50.0526,87.75,50.0526,
2022-11-19 07:15:00+00:00,0.5707,0.5708,0.5708,0.5707,87.64,0.57075,50.02053,87.64,50.02053,
2022-11-19 07:20:00+00:00,0.5699,0.571,0.5703,0.5707,1327.52,0.570475,757.316972,1327.52,757.316972,
2022-11-19 07:25:00+00:00,0.5696,0.5707,0.5707,0.5696,719.28,0.57015,410.097492,719.28,410.097492,
2022-11-19 07:30:00+00:00,0.5693,0.5703,0.5694,0.5703,374.45,0.569825,213.37097125,374.45,213.37097125,
2022-11-19 07:35:00+00:00,0.5697,0.5703,0.5702,0.5697,1134.76,0.569975,646.784831,1134.76,646.784831,
2022-11-19 07:40:00+00:00,0.5689,0.5703,0.5703,0.5689,1051.39,0.5696,598.871744,1051.39,598.871744,
2022-11-19 07:45:00+00:00,0.5695,0.57,0.5695,0.5697,433.89,0.569675,247.17628575,433.89,247.17628575,
2022-11-19 07:50:00+00:00,0.5684,0.569,0.569,0.5684,166.41,0.5687,94.637367,166.41,94.637367,
2022-11-19 07:55:00+00:00,0.568,0.5691,0.569,0.568,35.34,0.568525,20.0916735,35.34,20.0916735,
2022-11-19 08:00:00+00:00,0.5684,0.5694,0.5685,0.5687,36.31,0.56875,20.6513125,36.31,20.6513125,
2022-11-19 08:05:00+00:00,0.5682,0.5691,0.5691,0.5682,864.37,0.56865,491.5240005,864.37,491.5240005,
2022-11-19 08:10:00+00:00,0.5691,0.5698,0.5693,0.5692,48.86,0.56935,27.818441,48.86,27.818441,
2022-11-19 08:15:00+00:00,0.5695,0.5698,0.5697,0.5695,499.11,0.569625,284.30553375,499.11,284.30553375,
2022-11-19 08:20:00+00:00,0.5688,0.5699,0.5695,0.5694,391.94,0.5694,223.170636,391.94,223.170636,
2022-11-19 08:25:00+00:00,0.5694,0.57,0.5694,0.57,1128.91,0.5697,643.140027,1128.91,643.140027,
2022-11-19 08:30:00+00:00,0.5688,0.5697,0.5691,0.5697,973.43,0.569325,554.19803475,973.43,554.19803475,
2022-11-19 08:35:00+00:00,0.5708,0.5717,0.571,0.5717,647.58,0.5713,369.962454,647.58,369.962454,
2022-11-19 08:40:00+00:00,0.5712,0.5719,0.5719,0.5712,1167.76,0.57155,667.433228,1167.76,667.433228,
2022-11-19 08:45:00+00:00,0.5716,0.573,0.5716,0.573,29.28,0.5723,16.756944,29.28,16.756944,
2022-11-19 08:50:00+00:00,0.5733,0.5742,0.5739,0.5742,750.21,0.5739,430.545519,750.21,430.545519,
2022-11-19 08:55:00+00:00,0.5737,0.5746,0.5742,0.5737,451.61,0.57405,259.2467205,451.61,259.2467205,
2022-11-19 09:00:00+00:00,0.572,0.5737,0.5737,0.5727,263.72,0.573025,151.118153,263.72,151.118153,
2022-11-19 09:05:00+00:00,0.5721,0.5732,0.5726,0.5732,219.34,0.572775,125.6324685,219.34,125.6324685,
2022-11-19 09:10:00+00:00,0.5726,0.5732,0.573,0.5726,818.39,0.57285,468.8147115,818.39,468.8147115,
2022-11-19 09:15:00+00:00,0.5723,0.5727,0.5723,0.5727,100.43,0.5725,57.496175,100.43,57.496175,
2022-11-19 09:20:00+00:00,0.5721,0.5729,0.5723,0.5721,431.37,0.57235,246.8946195,431.37,246.8946195,
2022-11-19 09:25:00+00:00,0.5721,0.5729,0.5723,0.5721,431.37,0.57235,246.8946195,431.37,246.8946195,
2022-11-19 09:30:00+00:00,0.5717,0.5724,0.5717,0.5718,2366.25,0.5719,1353.258375,2366.25,1353.258375,
2022-11-19 09:35:00+00:00,0.5724,0.5725,0.5724,0.5725,6.01,0.57245,3.4404245,6.01,3.4404245,
2022-11-19 09:40:00+00:00,0.5729,0.5734,0.5729,0.5734,3.72,0.57315,2.132118,3.72,2.132118,
2022-11-19 09:45:00+00:00,0.5729,0.5741,0.5739,0.5729,209.85,0.57345,120.3384825,209.85,120.3384825,
2022-11-19 09:50:00+00:00,0.572,0.573,0.573,0.5725,150.59,0.572625,86.23159875,150.59,86.23159875,
2022-11-19 09:55:00+00:00,0.5712,0.5729,0.5724,0.5714,9290.95,0.571975,5314.19112625,9290.95,5314.19112625,
2022-11-19 10:00:00+00:00,0.5715,0.5724,0.5715,0.5724,22.12,0.57195,12.651534,22.12,12.651534,
2022-11-19 10:05:00+00:00,0.5718,0.5729,0.5723,0.5718,40.43,0.5722,23.134046,40.43,23.134046,
2022-11-19 10:10:00+00:00,0.571,0.5718,0.5718,0.5716,219.16,0.57155,125.260898,219.16,125.260898,
2022-11-19 10:15:00+00:00,0.5708,0.5716,0.5711,0.5714,2870.65,0.571225,1639.78704625,2870.65,1639.78704625,
2022-11-19 10:20:00+00:00,0.5705,0.5711,0.5709,0.5705,379.94,0.57075,216.850755,379.94,216.850755,
2022-11-19 10:25:00+00:00,0.5702,0.5711,0.5711,0.5702,18.48,0.57065,10.545612,18.48,10.545612,
2022-11-19 10:30:00+00:00,0.5704,0.5721,0.5704,0.5721,8.42,0.57125,4.809925,8.42,4.809925,
2022-11-19 10:35:00+00:00,0.5704,0.5721,0.5704,0.5721,8.42,0.57125,4.809925,8.42,4.809925,
2022-11-19 10:40:00+00:00,0.5715,0.5734,0.5715,0.5734,616.84,0.57245,353.110058,616.84,353.110058,
2022-11-19 10:45:00+00:00,0.5723,0.5734,0.5734,0.5726,506.38,0.572925,290.1177615,506.38,290.1177615,
2022-11-19 10:50:00+00:00,0.5725,0.5732,0.5725,0.5731,7.13,0.572825,4.08424225,7.13,4.08424225,
2022-11-19 10:55:00+00:00,0.5726,0.5735,0.5727,0.5727,536.84,0.572875,307.542215,536.84,307.542215,
2022-11-19 11:00:00+00:00,0.5719,0.5726,0.5726,0.5719,425.77,0.57225,243.6468825,425.77,243.6468825,
2022-11-19 11:05:00+00:00,0.5717,0.573,0.5717,0.5719,48.24,0.572075,27.596898,48.24,27.596898,
2022-11-19 11:10:00+00:00,0.5718,0.5722,0.5718,0.5722,183.81,0.572,105.13932,183.81,105.13932,
2022-11-19 11:15:00+00:00,0.5714,0.5723,0.5719,0.5714,180.14,0.57175,102.995045,180.14,102.995045,
2022-11-19 11:20:00+00:00,0.5714,0.5716,0.5716,0.5714,6.32,0.5715,3.61188,6.32,3.61188,
2022-11-19 11:25:00+00:00,0.5715,0.5723,0.5715,0.5715,583.83,0.5717,333.775611,583.83,333.775611,
2022-11-19 11:30:00+00:00,0.5719,0.572,0.572,0.572,216.09,0.571975,123.59807775,216.09,123.59807775,
2022-11-19 11:35:00+00:00,0.5717,0.5724,0.572,0.5723,105.01,0.5721,60.076221,105.01,60.076221,
2022-11-19 11:40:00+00:00,0.5723,0.5725,0.5725,0.5723,149.39,0.5724,85.510836,149.39,85.510836,
2022-11-19 11:45:00+00:00,0.5715,0.5722,0.5722,0.5721,485.95,0.572,277.9634,485.95,277.9634,
2022-11-19 11:50:00+00:00,0.5711,0.5715,0.5715,0.5711,96.23,0.5713,54.976199,96.23,54.976199,
2022-11-19 11:55:00+00:00,0.5713,0.5737,0.5713,0.5737,290.14,0.5725,166.10515,290.14,166.10515,
2022-11-19 12:00:00+00:00,0.5725,0.5737,0.5737,0.5725,115.06,0.5731,65.940886,115.06,65.940886,
2022-11-19 12:05:00+00:00,0.5726,0.5732,0.5731,0.5726,169.39,0.572875,97.03929625,169.39,97.03929625,
2022-11-19 12:10:00+00:00,0.5726,0.5732,0.5732,0.5727,66.72,0.572925,38.225556,66.72,38.225556,
2022-11-19 12:15:00+00:00,0.5728,0.573,0.573,0.5728,266.53,0.5729,152.695037,266.53,152.695037,
2022-11-19 12:20:00+00:00,0.5718,0.5726,0.5726,0.5725,189.34,0.572375,108.3734825,189.34,108.3734825,
2022-11-19 12:25:00+00:00,0.5718,0.5726,0.5726,0.5725,189.34,0.572375,108.3734825,189.34,108.3734825,
2022-11-19 12:30:00+00:00,0.5719,0.5727,0.5722,0.5719,185.33,0.572175,106.04119275,185.33,106.04119275,
2022-11-19 12:35:00+00:00,0.5714,0.5719,0.5714,0.5719,235.79,0.57165,134.7893535,235.79,134.7893535,
2022-11-19 12:40:00+00:00,0.5713,0.572,0.5713,0.5719,601.86,0.571625,344.0382225,601.86,344.0382225,
2022-11-19 12:45:00+00:00,0.5713,0.5719,0.5719,0.5719,30.1,0.57175,17.209675,30.1,17.209675,
2022-11-19 12:50:00+00:00,0.5709,0.5722,0.5713,0.5722,924.96,0.57165,528.753384,924.96,528.753384,
2022-11-19 12:55:00+00:00,0.5718,0.5721,0.572,0.5721,25.86,0.572,14.79192,25.86,14.79192,
2022-11-19 13:00:00+00:00,0.5721,0.5728,0.5728,0.5721,1203.07,0.57245,688.6974215,1203.07,688.6974215,
2022-11-19 13:05:00+00:00,0.5715,0.5725,0.5717,0.5715,1255.25,0.5718,717.75195,1255.25,717.75195,
2022-11-19 13:10:00+00:00,0.5715,0.5725,0.5715,0.5722,136.07,0.571925,77.82183475,136.07,77.82183475,
2022-11-19 13:15:00+00:00,0.5715,0.5725,0.5717,0.572,1228.43,0.571925,702.56982775,1228.43,702.56982775,
2022-11-19 13:20:00+00:00,0.5709,0.5716,0.5716,0.5709,703.49,0.57125,401.8686625,703.49,401.8686625,
2022-11-19 13:25:00+00:00,0.5708,0.5715,0.5715,0.5715,543.08,0.571325,310.275181,543.08,310.275181,
2022-11-19 13:30:00+00:00,0.5709,0.5719,0.5709,0.5714,276.11,0.571275,157.73474025,276.11,157.73474025,
2022-11-19 13:35:00+00:00,0.5714,0.572,0.5714,0.5718,45.64,0.57165,26.090106,45.64,26.090106,
2022-11-19 13:40:00+00:00,0.5718,0.573,0.5723,0.573,1695.76,0.572525,970.864994,1695.76,970.864994,
2022-11-19 13:45:00+00:00,0.574,0.575,0.574,0.5747,1056.9,0.574425,607.1097825,1056.9,607.1097825,
2022-11-19 13:50:00+00:00,0.5739,0.5747,0.5743,0.5747,451.83,0.5744,259.531152,451.83,259.531152,
2022-11-19 13:55:00+00:00,0.5733,0.5746,0.5746,0.5733,412.03,0.57395,236.4846185,412.03,236.4846185,
2022-11-19 14:00:00+00:00,0.5728,0.573,0.5728,0.573,13.38,0.5729,7.665402,13.38,7.665402,
2022-11-19 14:05:00+00:00,0.5735,0.5746,0.5735,0.5746,204.77,0.57405,117.5482185,204.77,117.5482185,
2022-11-19 14:10:00+00:00,0.5744,0.5753,0.5744,0.5753,1925.28,0.57485,1106.747208,1925.28,1106.747208,
2022-11-19 14:15:00+00:00,0.5741,0.5753,0.5747,0.5741,447.75,0.57455,257.2547625,447.75,257.2547625,
2022-11-19 14:20:00+00:00,0.5733,0.5737,0.5733,0.5737,76.52,0.5735,43.88422,76.52,43.88422,
2022-11-19 14:25:00+00:00,0.573,0.5736,0.5734,0.5736,1743.95,0.5734,999.98093,1743.95,999.98093,
2022-11-19 14:30:00+00:00,0.5732,0.5742,0.5735,0.5738,206.39,0.573675,118.40078325,206.39,118.40078325,
2022-11-19 14:35:00+00:00,0.5727,0.5735,0.5733,0.5733,332.85,0.5732,190.78962,332.85,190.78962,
2022-11-19 14:40:00+00:00,0.5751,0.577,0.5752,0.5766,2336.46,0.575975,1345.7425485,2336.46,1345.7425485,
2022-11-19 14:45:00+00:00,0.5766,0.5822,0.5766,0.5812,4199.65,0.57915,2432.2272975,4199.65,2432.2272975,
2022-11-19 14:50:00+00:00,0.5809,0.5854,0.5809,0.582,5190.68,0.5823,3022.532964,5190.68,3022.532964,
2022-11-19 14:55:00+00:00,0.5793,0.5826,0.581,0.5826,3591.98,0.581375,2088.2873725,3591.98,2088.2873725,
2022-11-19 15:00:00+00:00,0.5821,0.5852,0.5821,0.584,4965.92,0.58335,2896.869432,4965.92,2896.869432,
2022-11-19 15:05:00+00:00,0.5825,0.5901,0.584,0.5895,8190.71,0.586525,4804.05618275,8190.71,4804.05618275,
2022-11-19 15:10:00+00:00,0.5901,0.5956,0.5901,0.5956,23731.89,0.59285,14069.4509865,23731.89,14069.4509865,
2022-11-19 15:15:00+00:00,0.5927,0.5997,0.5964,0.5965,12896.71,0.596325,7690.63059075,12896.71,7690.63059075,
2022-11-19 15:20:00+00:00,0.5919,0.5973,0.5964,0.592,36825.13,0.5944,21888.857272,36825.13,21888.857272,
2022-11-19 15:25:00+00:00,0.5919,0.5937,0.5919,0.5935,738.3,0.59275,437.627325,738.3,437.627325,
2022-11-19 15:30:00+00:00,0.5934,0.598,0.5937,0.5973,9274.76,0.5956,5524.047056,9274.76,5524.047056,
2022-11-19 15:35:00+00:00,0.5975,0.6019,0.5977,0.5982,5758.16,0.598825,3448.130162,5758.16,3448.130162,
2022-11-19 15:40:00+00:00,0.5977,0.6046,0.5982,0.6046,4801.57,0.601275,2887.06400175,4801.57,2887.06400175,
2022-11-19 15:45:00+00:00,0.6027,0.6105,0.6047,0.609,15513.65,0.606725,9412.51929625,15513.65,9412.51929625,
2022-11-19 15:50:00+00:00,0.6083,0.6194,0.6083,0.6138,7049.18,0.61245,4317.270291,7049.18,4317.270291,
2022-11-19 15:55:00+00:00,0.6105,0.618,0.6156,0.6114,29576.61,0.613875,18156.34146375,29576.61,18156.34146375,
2022-11-19 16:00:00+00:00,0.6098,0.6156,0.6113,0.6138,12160.29,0.612625,7449.69766125,12160.29,7449.69766125,
2022-11-19 16:05:00+00:00,0.6102,0.6132,0.6122,0.6102,6835.24,0.61145,4179.407498,6835.24,4179.407498,
2022-11-19 16:10:00+00:00,0.6082,0.6119,0.6104,0.6082,37821.95,0.609675,23059.09736625,37821.95,23059.09736625,
2022-11-19 16:15:00+00:00,0.6057,0.6089,0.6084,0.6057,16685.94,0.607175,10131.2856195,16685.94,10131.2856195,
2022-11-19 16:20:00+00:00,0.6045,0.6069,0.6054,0.6053,8497.37,0.605525,5145.36996925,8497.37,5145.36996925,
2022-11-19 16:25:00+00:00,0.6048,0.6061,0.6053,0.6056,701.93,0.60545,424.9835185,701.93,424.9835185,
2022-11-19 16:30:00+00:00,0.6045,0.6067,0.605,0.6067,2833.05,0.605725,1716.04921125,2833.05,1716.04921125,
2022-11-19 16:35:00+00:00,0.6045,0.607,0.6069,0.6047,1544.78,0.605775,935.7891045,1544.78,935.7891045,
2022-11-19 16:40:00+00:00,0.6049,0.6064,0.6054,0.6049,1105.14,0.6054,669.051756,1105.14,669.051756,
2022-11-19 16:45:00+00:00,0.6051,0.6064,0.6051,0.6064,1005.27,0.60575,608.9423025,1005.27,608.9423025,
2022-11-19 16:50:00+00:00,0.6021,0.6058,0.6053,0.6049,5542.54,0.604525,3350.6039935,5542.54,3350.6039935,
2022-11-19 16:55:00+00:00,0.6026,0.6045,0.6045,0.6026,597.11,0.60355,360.3857405,597.11,360.3857405,
2022-11-19 17:00:00+00:00,0.602,0.6032,0.6027,0.6023,14340.71,0.60255,8640.9948105,14340.71,8640.9948105,
2022-11-19 17:05:00+00:00,0.6021,0.6034,0.6025,0.6026,2605.53,0.60265,1570.2226545,2605.53,1570.2226545,
2022-11-19 17:10:00+00:00,0.6029,0.6044,0.6044,0.6037,2364.89,0.60385,1428.0388265,2364.89,1428.0388265,
2022-11-19 17:15:00+00:00,0.6028,0.6037,0.6037,0.6037,690.24,0.603475,416.542584,690.24,416.542584,
2022-11-19 17:20:00+00:00,0.6018,0.6033,0.6027,0.6026,991.2,0.6026,597.29712,991.2,597.29712,
2022-11-19 17:25:00+00:00,0.5963,0.6021,0.6021,0.5984,9585.1,0.599725,5748.4240975,9585.1,5748.4240975,
2022-11-19 17:30:00+00:00,0.5961,0.598,0.598,0.5964,1172.03,0.597125,699.84841375,1172.03,699.84841375,
2022-11-19 17:35:00+00:00,0.595,0.5971,0.5969,0.5954,2204.85,0.5961,1314.311085,2204.85,1314.311085,
2022-11-19 17:40:00+00:00,0.5941,0.5953,0.5953,0.5948,6850.65,0.594875,4075.28041875,6850.65,4075.28041875,
2022-11-19 17:45:00+00:00,0.5941,0.5965,0.5941,0.5965,816.78,0.5953,486.229134,816.78,486.229134,
2022-11-19 17:50:00+00:00,0.5948,0.5966,0.5966,0.5954,169.42,0.59585,100.948907,169.42,100.948907,
2022-11-19 17:55:00+00:00,0.5924,0.5952,0.5952,0.5936,2636.75,0.5941,1566.493175,2636.75,1566.493175,
2022-11-19 18:00:00+00:00,0.5927,0.5941,0.5938,0.5933,202.13,0.593475,119.95910175,202.13,119.95910175,
2022-11-19 18:05:00+00:00,0.5917,0.5939,0.5926,0.5939,10169.86,0.593025,6030.9812265,10169.86,6030.9812265,
2022-11-19 18:10:00+00:00,0.5935,0.5943,0.5935,0.5935,422.06,0.5937,250.577022,422.06,250.577022,
2022-11-19 18:15:00+00:00,0.5933,0.5941,0.594,0.5934,89.67,0.5937,53.237079,89.67,53.237079,
2022-11-19 18:20:00+00:00,0.5927,0.5943,0.5935,0.5943,4310.02,0.5937,2558.858874,4310.02,2558.858874,
2022-11-19 18:25:00+00:00,0.5933,0.5944,0.5937,0.5944,67.03,0.59395,39.8124685,67.03,39.8124685,
2022-11-19 18:30:00+00:00,0.5942,0.5953,0.5943,0.5942,2590.37,0.5945,1539.974965,2590.37,1539.974965,
2022-11-19 18:35:00+00:00,0.5942,0.5956,0.5942,0.5949,5410.46,0.594725,3217.7358235,5410.46,3217.7358235,
2022-11-19 18:40:00+00:00,0.5948,0.5969,0.5948,0.5959,855.39,0.5956,509.470284,855.39,509.470284,
2022-11-19 18:45:00+00:00,0.5957,0.5964,0.5958,0.596,665.49,0.595975,396.61540275,665.49,396.61540275,
2022-11-19 18:50:00+00:00,0.5948,0.5966,0.5962,0.5961,826.1,0.595925,492.2936425,826.1,492.2936425,
2022-11-19 18:55:00+00:00,0.5948,0.5962,0.5959,0.5959,3027.19,0.5957,1803.297083,3027.19,1803.297083,
2022-11-19 19:00:00+00:00,0.5955,0.5966,0.5961,0.5955,133.27,0.595925,79.41892475,133.27,79.41892475,
2022-11-19 19:05:00+00:00,0.5946,0.596,0.5952,0.5946,476.02,0.5951,283.279502,476.02,283.279502,
2022-11-19 19:10:00+00:00,0.5938,0.5951,0.5942,0.5944,491.27,0.594375,291.99860625,491.27,291.99860625,
2022-11-19 19:15:00+00:00,0.5942,0.5969,0.5949,0.5965,25577.61,0.595625,15234.66395625,25577.61,15234.66395625,
2022-11-19 19:20:00+00:00,0.5936,0.6004,0.5999,0.5941,4519.27,0.597,2698.00419,4519.27,2698.00419,
2022-11-19 19:25:00+00:00,0.5938,0.5952,0.5949,0.594,11043.17,0.594475,6564.88848575,11043.17,6564.88848575,
2022-11-19 19:30:00+00:00,0.5934,0.5942,0.5938,0.594,7873.22,0.59385,4675.511697,7873.22,4675.511697,
2022-11-19 19:35:00+00:00,0.5937,0.5952,0.5937,0.5939,3852.85,0.594125,2289.07450625,3852.85,2289.07450625,
2022-11-19 19:40:00+00:00,0.5936,0.5951,0.5942,0.5944,246.71,0.594325,146.62592075,246.71,146.62592075,
2022-11-19 19:45:00+00:00,0.5938,0.5948,0.5948,0.5946,4254.31,0.5945,2529.187295,4254.31,2529.187295,
2022-11-19 19:50:00+00:00,0.5938,0.5945,0.5942,0.5938,806.4,0.594075,479.06208,806.4,479.06208,
2022-11-19 19:55:00+00:00,0.5932,0.5943,0.5943,0.5932,540.63,0.59375,320.9990625,540.63,320.9990625,
2022-11-19 20:00:00+00:00,0.5923,0.5932,0.593,0.5925,331.79,0.59275,196.6685225,331.79,196.6685225,
2022-11-19 20:05:00+00:00,0.5921,0.5928,0.5926,0.5925,39.89,0.5925,23.634825,39.89,23.634825,
2022-11-19 20:10:00+00:00,0.591,0.5925,0.592,0.5919,335.11,0.59185,198.3348535,335.11,198.3348535,
2022-11-19 20:15:00+00:00,0.5905,0.5932,0.5928,0.5909,1008.01,0.59185,596.5907185,1008.01,596.5907185,
2022-11-19 20:20:00+00:00,0.591,0.5918,0.5912,0.5916,1442.32,0.5914,852.988048,1442.32,852.988048,
2022-11-19 20:25:00+00:00,0.591,0.5918,0.591,0.591,1766.0,0.5912,1044.0592,1766.0,1044.0592,
2022-11-19 20:30:00+00:00,0.5909,0.5924,0.5919,0.5909,2443.21,0.591525,1445.21979525,2443.21,1445.21979525,
2022-11-19 20:35:00+00:00,0.59,0.5908,0.5907,0.59,437.49,0.590375,258.28315875,437.49,258.28315875,
2022-11-19 20:40:00+00:00,0.59,0.5911,0.59,0.59,1305.84,0.590275,770.804706,1305.84,770.804706,
2022-11-19 20:45:00+00:00,0.59,0.5912,0.59,0.5912,457.25,0.5906,270.05185,457.25,270.05185,
2022-11-19 20:50:00+00:00,0.5907,0.5926,0.5912,0.5924,16763.1,0.591725,9919.1453475,16763.1,9919.1453475,
2022-11-19 20:55:00+00:00,0.5913,0.5926,0.5924,0.5917,1208.83,0.592,715.62736,1208.83,715.62736,
2022-11-19 21:00:00+00:00,0.5914,0.5924,0.5918,0.5921,1021.55,0.591925,604.68098375,1021.55,604.68098375,
2022-11-19 21:05:00+00:00,0.5919,0.5926,0.5924,0.592,3063.4,0.592225,1814.222065,3063.4,1814.222065,
2022-11-19 21:10:00+00:00,0.5912,0.5922,0.592,0.5919,10758.23,0.591825,6366.98946975,10758.23,6366.98946975,
2022-11-19 21:15:00+00:00,0.5917,0.5926,0.5919,0.5923,1523.28,0.592125,901.97217,1523.28,901.97217,
2022-11-19 21:20:00+00:00,0.5924,0.5926,0.5926,0.5926,6504.77,0.59255,3854.4014635,6504.77,3854.4014635,
2022-11-19 21:25:00+00:00,0.592,0.5929,0.5922,0.5929,2008.69,0.5925,1190.148825,2008.69,1190.148825,
2022-11-19 21:30:00+00:00,0.5928,0.5946,0.5932,0.5943,1971.1,0.593725,1170.2913475,1971.1,1170.2913475,
2022-11-19 21:35:00+00:00,0.5935,0.5944,0.5943,0.5938,232.02,0.594,137.81988,232.02,137.81988,
2022-11-19 21:40:00+00:00,0.5938,0.5945,0.5944,0.5938,1329.57,0.594125,789.93077625,1329.57,789.93077625,
2022-11-19 21:45:00+00:00,0.5939,0.5952,0.5939,0.5941,5297.93,0.594275,3148.42735075,5297.93,3148.42735075,
2022-11-19 21:50:00+00:00,0.5939,0.5945,0.5941,0.5945,506.62,0.59425,301.058935,506.62,301.058935,
2022-11-19 21:55:00+00:00,0.5942,0.595,0.5948,0.5943,326.78,0.594575,194.2952185,326.78,194.2952185,
2022-11-19 22:00:00+00:00,0.5951,0.5962,0.5954,0.5955,415.66,0.59555,247.546313,415.66,247.546313,
2022-11-19 22:05:00+00:00,0.595,0.596,0.596,0.5952,59.04,0.59555,35.161272,59.04,35.161272,
2022-11-19 22:10:00+00:00,0.5953,0.5977,0.5953,0.5967,1405.54,0.59625,838.053225,1405.54,838.053225,
2022-11-19 22:15:00+00:00,0.5966,0.5981,0.5973,0.598,531.23,0.5975,317.409925,531.23,317.409925,
2022-11-19 22:20:00+00:00,0.5973,0.6,0.598,0.5984,1389.45,0.598425,831.48161625,1389.45,831.48161625,
2022-11-19 22:25:00+00:00,0.5974,0.5986,0.5976,0.5986,643.04,0.59805,384.570072,643.04,384.570072,
2022-11-19 22:30:00+00:00,0.5974,0.599,0.5987,0.5974,159.4,0.598125,95.341125,159.4,95.341125,
2022-11-19 22:35:00+00:00,0.5973,0.5988,0.5979,0.5986,333.06,0.59815,199.219839,333.06,199.219839,
2022-11-19 22:40:00+00:00,0.5967,0.5987,0.5987,0.5967,1546.26,0.5977,924.199602,1546.26,924.199602,
2022-11-19 22:45:00+00:00,0.5942,0.5971,0.5966,0.5953,2780.53,0.5958,1656.639774,2780.53,1656.639774,
2022-11-19 22:50:00+00:00,0.5951,0.5962,0.5951,0.5962,119.49,0.59565,71.1742185,119.49,71.1742185,
2022-11-19 22:55:00+00:00,0.595,0.5961,0.595,0.5958,73.71,0.595475,43.89246225,73.71,43.89246225,
2022-11-19 23:00:00+00:00,0.596,0.5985,0.596,0.5985,529.98,0.59725,316.530555,529.98,316.530555,
2022-11-19 23:05:00+00:00,0.598,0.5993,0.5985,0.5992,1764.04,0.59875,1056.21895,1764.04,1056.21895,
2022-11-19 23:10:00+00:00,0.5983,0.5991,0.5991,0.5983,811.21,0.5987,485.671427,811.21,485.671427,
2022-11-19 23:15:00+00:00,0.5979,0.5987,0.5984,0.5985,953.86,0.598375,570.7659775,953.86,570.7659775,
2022-11-19 23:20:00+00:00,0.5969,0.5977,0.5977,0.5971,6719.72,0.59735,4014.024742,6719.72,4014.024742,
2022-11-19 23:25:00+00:00,0.5963,0.5972,0.5969,0.5971,1127.44,0.596875,672.94075,1127.44,672.94075,
2022-11-19 23:30:00+00:00,0.5957,0.5978,0.5974,0.5957,1722.68,0.59665,1027.837022,1722.68,1027.837022,
2022-11-19 23:35:00+00:00,0.5951,0.5967,0.5956,0.5967,753.6,0.596025,449.16444,753.6,449.16444,
2022-11-19 23:40:00+00:00,0.5958,0.5967,0.5961,0.5966,973.01,0.5963,580.205863,973.01,580.205863,
2022-11-19 23:45:00+00:00,0.5976,0.5987,0.5979,0.5987,202.73,0.598225,121.27815425,202.73,121.27815425,
2022-11-19 23:50:00+00:00,0.598,0.5987,0.5987,0.598,600.77,0.59835,359.4707295,600.77,359.4707295,
2022-11-19 23:55:00+00:00,0.5962,0.5976,0.5974,0.5962,792.17,0.59685,472.8066645,792.17,472.8066645,
2022-11-20 00:00:00+00:00,0.5949,0.5968,0.5968,0.5949,1258.94,0.59585,750.139399,1258.94,750.139399,
2022-11-20 00:05:00+00:00,0.5919,0.5954,0.5954,0.5923,7818.74,0.59375,4642.376875,7818.74,4642.376875,
2022-11-20 00:10:00+00:00,0.5884,0.593,0.5926,0.5888,5876.38,0.5907,3471.177666,5876.38,3471.177666,
2022-11-20 00:15:00+00:00,0.587,0.5888,0.5887,0.5877,872.21,0.58805,512.9030905,872.21,512.9030905,
2022-11-20 00:20:00+00:00,0.5869,0.5908,0.5869,0.5908,785.03,0.58885,462.2649155,785.03,462.2649155,
2022-11-20 00:25:00+00:00,0.5896,0.5915,0.59,0.5915,5712.72,0.59065,3374.218068,5712.72,3374.218068,
2022-11-20 00:30:00+00:00,0.5914,0.593,0.5915,0.5922,9216.46,0.592025,5456.3747315,9216.46,5456.3747315,
2022-11-20 00:35:00+00:00,0.592,0.5927,0.592,0.5922,518.42,0.592225,307.0212845,518.42,307.0212845,
2022-11-20 00:40:00+00:00,0.5903,0.5921,0.592,0.5903,4215.96,0.591175,2492.370153,4215.96,2492.370153,
2022-11-20 00:45:00+00:00,0.5896,0.5919,0.5915,0.5897,1703.38,0.590675,1006.1439815,1703.38,1006.1439815,
2022-11-20 00:50:00+00:00,0.5909,0.5917,0.591,0.5917,6.87,0.591325,4.06240275,6.87,4.06240275,
2022-11-20 00:55:00+00:00,0.5915,0.5924,0.5921,0.5918,985.58,0.59195,583.414081,985.58,583.414081,
2022-11-20 01:00:00+00:00,0.5924,0.5957,0.5924,0.5953,6011.45,0.59395,3570.5007275,6011.45,3570.5007275,
2022-11-20 01:05:00+00:00,0.595,0.5974,0.595,0.597,517.29,0.5961,308.356569,517.29,308.356569,
2022-11-20 01:10:00+00:00,0.5961,0.5972,0.5962,0.597,3440.71,0.596625,2052.81360375,3440.71,2052.81360375,
2022-11-20 01:15:00+00:00,0.5942,0.5992,0.5976,0.5942,5177.12,0.5963,3087.116656,5177.12,3087.116656,
2022-11-20 01:20:00+00:00,0.5945,0.5956,0.5945,0.5956,859.7,0.59505,511.564485,859.7,511.564485,
2022-11-20 01:25:00+00:00,0.5974,0.6001,0.5974,0.5996,2274.01,0.598625,1361.27923625,2274.01,1361.27923625,
2022-11-20 01:30:00+00:00,0.5962,0.6,0.6,0.5973,806.32,0.598375,482.48173,806.32,482.48173,
2022-11-20 01:35:00+00:00,0.596,0.5965,0.5965,0.596,112.2,0.59625,66.89925,112.2,66.89925,
2022-11-20 01:40:00+00:00,0.5964,0.5971,0.5966,0.5964,402.49,0.596625,240.13559625,402.49,240.13559625,
2022-11-20 01:45:00+00:00,0.5959,0.5968,0.5959,0.5965,257.58,0.596275,153.5885145,257.58,153.5885145,
2022-11-20 01:50:00+00:00,0.5959,0.5972,0.5959,0.597,1019.47,0.5965,608.113855,1019.47,608.113855,
2022-11-20 01:55:00+00:00,0.5954,0.5962,0.5962,0.5955,293.56,0.595825,174.910387,293.56,174.910387,
2022-11-20 02:00:00+00:00,0.5942,0.5957,0.5957,0.5942,95.35,0.59495,56.7284825,95.35,56.7284825,
2022-11-20 02:05:00+00:00,0.5942,0.5962,0.5943,0.5962,426.57,0.595225,253.90512825,426.57,253.90512825,
2022-11-20 02:10:00+00:00,0.5962,0.5976,0.597,0.5971,2666.29,0.596975,1591.70847275,2666.29,1591.70847275,
2022-11-20 02:15:00+00:00,0.5971,0.599,0.5971,0.5987,752.98,0.597975,450.2632155,752.98,450.2632155,
2022-11-20 02:20:00+00:00,0.5979,0.5992,0.5979,0.5984,833.55,0.59835,498.7546425,833.55,498.7546425,
2022-11-20 02:25:00+00:00,0.5987,0.6001,0.599,0.6001,291.23,0.599475,174.58510425,291.23,174.58510425,
2022-11-20 02:30:00+00:00,0.5978,0.599,0.599,0.5978,46.79,0.5984,27.999136,46.79,27.999136,
2022-11-20 02:35:00+00:00,0.5978,0.5984,0.5984,0.5979,747.67,0.598125,447.20011875,747.67,447.20011875,
2022-11-20 02:40:00+00:00,0.597,0.598,0.5977,0.597,222.26,0.597425,132.7836805,222.26,132.7836805,
2022-11-20 02:45:00+00:00,0.596,0.5971,0.597,0.596,412.67,0.596525,246.16797175,412.67,246.16797175,
2022-11-20 02:50:00+00:00,0.5955,0.5971,0.5955,0.5968,658.03,0.596225,392.33393675,658.03,392.33393675,
2022-11-20 02:55:00+00:00,0.5965,0.598,0.5965,0.598,362.02,0.59725,216.216445,362.02,216.216445,
2022-11-20 03:00:00+00:00,0.5969,0.5974,0.5972,0.5969,126.69,0.5971,75.646599,126.69,75.646599,
2022-11-20 03:05:00+00:00,0.5968,0.5977,0.5975,0.5968,1969.61,0.5972,1176.251092,1969.61,1176.251092,
2022-11-20 03:10:00+00:00,0.5969,0.5969,0.5969,0.5969,9.5,0.5969,5.67055,9.5,5.67055,
2022-11-20 03:15:00+00:00,0.596,0.597,0.597,0.596,245.84,0.5965,146.64356,245.84,146.64356,
2022-11-20 03:20:00+00:00,0.595,0.5966,0.5965,0.595,244.09,0.595775,145.42271975,244.09,145.42271975,
2022-11-20 03:25:00+00:00,0.595,0.5959,0.5952,0.5951,290.09,0.5953,172.690577,290.09,172.690577,
2022-11-20 03:30:00+00:00,0.595,0.5959,0.5952,0.5951,290.09,0.5953,172.690577,290.09,172.690577,
2022-11-20 03:35:00+00:00,0.5958,0.5969,0.5959,0.5962,472.03,0.5962,281.424286,472.03,281.424286,
2022-11-20 03:40:00+00:00,0.5959,0.5964,0.596,0.5964,14.72,0.596175,8.775696,14.72,8.775696,
2022-11-20 03:45:00+00:00,0.596,0.597,0.5964,0.5964,279.62,0.59645,166.779349,279.62,166.779349,
2022-11-20 03:50:00+00:00,0.5968,0.5974,0.5969,0.5968,133.34,0.596975,79.6006465,133.34,79.6006465,
2022-11-20 03:55:00+00:00,0.5966,0.5971,0.5968,0.5966,270.94,0.596775,161.6902185,270.94,161.6902185,
2022-11-20 04:00:00+00:00,0.5965,0.5976,0.5968,0.5976,658.66,0.597125,393.3023525,658.66,393.3023525,
2022-11-20 04:05:00+00:00,0.5975,0.5983,0.5975,0.5983,69.42,0.5979,41.506218,69.42,41.506218,
2022-11-20 04:10:00+00:00,0.5981,0.5986,0.5981,0.5986,1429.04,0.59835,855.066084,1429.04,855.066084,
2022-11-20 04:15:00+00:00,0.599,0.5997,0.599,0.5997,2.01,0.59935,1.2046935,2.01,1.2046935,
2022-11-20 04:20:00+00:00,0.599,0.601,0.599,0.6002,402.25,0.5998,241.26955,402.25,241.26955,
2022-11-20 04:25:00+00:00,0.5987,0.6012,0.6007,0.5988,8528.27,0.59985,5115.6827595,8528.27,5115.6827595,
2022-11-20 04:30:00+00:00,0.5981,0.5991,0.599,0.5989,389.77,0.598775,233.38453175,389.77,233.38453175,
2022-11-20 04:35:00+00:00,0.598,0.5993,0.5993,0.5989,581.67,0.598875,348.34762125,581.67,348.34762125,
2022-11-20 04:40:00+00:00,0.598,0.5988,0.5981,0.5983,1033.67,0.5983,618.444761,1033.67,618.444761,
2022-11-20 04:45:00+00:00,0.5973,0.5989,0.5974,0.5988,800.58,0.5981,478.826898,800.58,478.826898,
2022-11-20 04:50:00+00:00,0.5979,0.5991,0.5987,0.5989,2229.75,0.59865,1334.8398375,2229.75,1334.8398375,
2022-11-20 04:55:00+00:00,0.5986,0.599,0.599,0.5986,316.61,0.5988,189.586068,316.61,189.586068,
2022-11-20 05:00:00+00:00,0.5969,0.5971,0.5971,0.5971,501.93,0.59705,299.6773065,501.93,299.6773065,
2022-11-20 05:05:00+00:00,0.5964,0.5972,0.5971,0.5964,890.91,0.596775,531.67281525,890.91,531.67281525,
2022-11-20 05:10:00+00:00,0.5955,0.5964,0.5964,0.5955,185.43,0.59595,110.5070085,185.43,110.5070085,
2022-11-20 05:15:00+00:00,0.596,0.5972,0.596,0.5972,334.65,0.5966,199.65219,334.65,199.65219,
2022-11-20 05:20:00+00:00,0.5968,0.5976,0.5972,0.5971,43.75,0.597175,26.12640625,43.75,26.12640625,
2022-11-20 05:25:00+00:00,0.5971,0.5978,0.5971,0.5973,565.79,0.597325,337.96051175,565.79,337.96051175,
2022-11-20 05:30:00+00:00,0.5958,0.5978,0.5973,0.5958,237.18,0.596675,141.5193765,237.18,141.5193765,
2022-11-20 05:35:00+00:00,0.5951,0.5959,0.5954,0.5959,291.8,0.595575,173.788785,291.8,173.788785,
2022-11-20 05:40:00+00:00,0.5951,0.5959,0.5954,0.5959,291.8,0.595575,173.788785,291.8,173.788785,
2022-11-20 05:45:00+00:00,0.5958,0.5959,0.5959,0.5959,4469.41,0.595875,2663.20968375,4469.41,2663.20968375,
2022-11-20 05:50:00+00:00,0.5958,0.5959,0.5959,0.5959,4871.87,0.595875,2903.02553625,4871.87,2903.02553625,
2022-11-20 05:55:00+00:00,0.5954,0.5959,0.5958,0.5954,2135.61,0.595625,1272.02270625,2135.61,1272.02270625,
2022-11-20 06:00:00+00:00,0.5958,0.5971,0.5958,0.5971,9009.2,0.59645,5373.53734,9009.2,5373.53734,
2022-11-20 06:05:00+00:00,0.5971,0.5974,0.5974,0.5971,9.32,0.59725,5.56637,9.32,5.56637,
2022-11-20 06:10:00+00:00,0.5963,0.5975,0.5975,0.5967,27.46,0.597,16.39362,27.46,16.39362,
2022-11-20 06:15:00+00:00,0.5963,0.5967,0.5967,0.5964,922.72,0.596525,550.425548,922.72,550.425548,
2022-11-20 06:20:00+00:00,0.5953,0.5963,0.5963,0.5953,1458.59,0.5958,869.027922,1458.59,869.027922,
2022-11-20 06:25:00+00:00,0.5953,0.5961,0.5956,0.5956,36.38,0.59565,21.669747,36.38,21.669747,
2022-11-20 06:30:00+00:00,0.5935,0.5956,0.5955,0.5937,7265.41,0.594575,4319.83115075,7265.41,4319.83115075,
2022-11-20 06:35:00+00:00,0.5932,0.5938,0.5937,0.5938,489.88,0.593625,290.805015,489.88,290.805015,
2022-11-20 06:40:00+00:00,0.5937,0.5945,0.5937,0.5943,384.82,0.59405,228.602321,384.82,228.602321,
2022-11-20 06:45:00+00:00,0.5943,0.5951,0.5943,0.5951,3.26,0.5947,1.938722,3.26,1.938722,
2022-11-20 06:50:00+00:00,0.5928,0.594,0.594,0.5928,432.18,0.5934,256.455612,432.18,256.455612,
2022-11-20 06:55:00+00:00,0.5925,0.5927,0.5925,0.5926,467.31,0.592575,276.91622325,467.31,276.91622325,
2022-11-20 07:00:00+00:00,0.5922,0.5934,0.5927,0.5922,7.62,0.592625,4.5158025,7.62,4.5158025,
2022-11-20 07:05:00+00:00,0.5923,0.5929,0.5924,0.5923,372.42,0.592475,220.6495395,372.42,220.6495395,
2022-11-20 07:10:00+00:00,0.592,0.5927,0.5927,0.592,34.91,0.59235,20.6789385,34.91,20.6789385,
2022-11-20 07:15:00+00:00,0.592,0.593,0.5928,0.5923,143.73,0.592525,85.16361825,143.73,85.16361825,
2022-11-20 07:20:00+00:00,0.5924,0.593,0.5925,0.593,621.46,0.592725,368.3548785,621.46,368.3548785,
2022-11-20 07:25:00+00:00,0.5934,0.5942,0.5935,0.5934,16.24,0.593625,9.64047,16.24,9.64047,
2022-11-20 07:30:00+00:00,0.5923,0.5937,0.5932,0.5923,15.52,0.592875,9.20142,15.52,9.20142,
2022-11-20 07:35:00+00:00,0.5923,0.5933,0.593,0.5933,128.69,0.592975,76.30995275,128.69,76.30995275,
2022-11-20 07:40:00+00:00,0.5938,0.595,0.5938,0.595,93.73,0.5944,55.713112,93.73,55.713112,
2022-11-20 07:45:00+00:00,0.5939,0.5953,0.5953,0.594,313.11,0.594625,186.18303375,313.11,186.18303375,
2022-11-20 07:50:00+00:00,0.5939,0.5946,0.594,0.5944,142.99,0.594225,84.96823275,142.99,84.96823275,
2022-11-20 07:55:00+00:00,0.5938,0.5945,0.594,0.5938,13.99,0.594025,8.31040975,13.99,8.31040975,
2022-11-20 08:00:00+00:00,0.5938,0.5945,0.594,0.5938,13.99,0.594025,8.31040975,13.99,8.31040975,
2022-11-20 08:05:00+00:00,0.5938,0.5944,0.594,0.5942,237.61,0.5941,141.164101,237.61,141.164101,
2022-11-20 08:10:00+00:00,0.593,0.5941,0.5941,0.5932,90.55,0.5936,53.75048,90.55,53.75048,
2022-11-20 08:15:00+00:00,0.5922,0.5939,0.5937,0.5922,83.65,0.593,49.60445,83.65,49.60445,
2022-11-20 08:20:00+00:00,0.5926,0.5933,0.5927,0.5929,209.61,0.592875,124.27252875,209.61,124.27252875,
2022-11-20 08:25:00+00:00,0.5929,0.5935,0.5929,0.593,1194.64,0.593075,708.511118,1194.64,708.511118,
2022-11-20 08:30:00+00:00,0.5923,0.5932,0.5932,0.5925,22.09,0.5928,13.094952,22.09,13.094952,
2022-11-20 08:35:00+00:00,0.5897,0.593,0.593,0.5897,221.11,0.59135,130.7533985,221.11,130.7533985,
2022-11-20 08:40:00+00:00,0.579,0.5887,0.5887,0.579,4583.72,0.58385,2676.204922,4583.72,2676.204922,
2022-11-20 08:45:00+00:00,0.5803,0.5835,0.5807,0.5835,752.49,0.582,437.94918,752.49,437.94918,
2022-11-20 08:50:00+00:00,0.5836,0.5845,0.584,0.5836,159.02,0.583925,92.8557535,159.02,92.8557535,
2022-11-20 08:55:00+00:00,0.5823,0.5848,0.5831,0.5831,425.1,0.583325,247.9714575,425.1,247.9714575,
2022-11-20 09:00:00+00:00,0.583,0.5845,0.583,0.5845,59.38,0.58375,34.663075,59.38,34.663075,
2022-11-20 09:05:00+00:00,0.5858,0.5873,0.5858,0.5873,435.51,0.58655,255.4483905,435.51,255.4483905,
2022-11-20 09:10:00+00:00,0.5857,0.5864,0.5863,0.5857,224.55,0.586025,131.59191375,224.55,131.59191375,
2022-11-20 09:15:00+00:00,0.5857,0.5866,0.5859,0.5866,156.52,0.5862,91.752024,156.52,91.752024,
2022-11-20 09:20:00+00:00,0.5848,0.5858,0.5858,0.5848,65.72,0.5853,38.465916,65.72,38.465916,
2022-11-20 09:25:00+00:00,0.5846,0.5853,0.5852,0.5846,474.6,0.584925,277.605405,474.6,277.605405,
2022-11-20 09:30:00+00:00,0.584,0.5849,0.5843,0.5842,51.26,0.58435,29.953781,51.26,29.953781,
2022-11-20 09:35:00+00:00,0.5845,0.585,0.585,0.5848,328.87,0.584825,192.33139775,328.87,192.33139775,
2022-11-20 09:40:00+00:00,0.5838,0.5847,0.5842,0.5841,148.46,0.5842,86.730332,148.46,86.730332,
2022-11-20 09:45:00+00:00,0.5828,0.5838,0.5838,0.583,672.44,0.58335,392.267874,672.44,392.267874,
2022-11-20 09:50:00+00:00,0.5834,0.5834,0.5834,0.5834,42.91,0.5834,25.033694,42.91,25.033694,
2022-11-20 09:55:00+00:00,0.5832,0.5834,0.5832,0.5832,39.96,0.58325,23.30667,39.96,23.30667,
2022-11-20 10:00:00+00:00,0.5841,0.5851,0.5841,0.5851,23.71,0.5846,13.860866,23.71,13.860866,
2022-11-20 10:05:00+00:00,0.585,0.5871,0.5854,0.5869,169.59,0.5861,99.396699,169.59,99.396699,
2022-11-20 10:10:00+00:00,0.5867,0.5877,0.587,0.5867,1044.17,0.587025,612.95389425,1044.17,612.95389425,
2022-11-20 10:15:00+00:00,0.5865,0.5869,0.5868,0.5865,48.67,0.586675,28.55347225,48.67,28.55347225,
2022-11-20 10:20:00+00:00,0.586,0.5866,0.5862,0.586,349.39,0.5862,204.812418,349.39,204.812418,
2022-11-20 10:25:00+00:00,0.5859,0.5866,0.5859,0.5866,21.66,0.58625,12.698175,21.66,12.698175,
2022-11-20 10:30:00+00:00,0.586,0.5868,0.5868,0.5864,110.6,0.5865,64.8669,110.6,64.8669,
2022-11-20 10:35:00+00:00,0.5862,0.5869,0.5865,0.5863,11.8,0.586475,6.920405,11.8,6.920405,
2022-11-20 10:40:00+00:00,0.5815,0.5867,0.5867,0.5833,495.81,0.58455,289.8257355,495.81,289.8257355,
2022-11-20 10:45:00+00:00,0.583,0.5846,0.5833,0.5839,1257.86,0.5837,734.212882,1257.86,734.212882,
2022-11-20 10:50:00+00:00,0.5828,0.5838,0.5838,0.5828,57.77,0.5833,33.697241,57.77,33.697241,
2022-11-20 10:55:00+00:00,0.5829,0.583,0.5829,0.583,57.72,0.58295,33.647874,57.72,33.647874,
2022-11-20 11:00:00+00:00,0.5822,0.5835,0.5831,0.5822,315.94,0.58275,184.114035,315.94,184.114035,
2022-11-20 11:05:00+00:00,0.582,0.583,0.582,0.583,11.85,0.5825,6.902625,11.85,6.902625,
2022-11-20 11:10:00+00:00,0.5822,0.583,0.5829,0.583,121.54,0.582775,70.8304735,121.54,70.8304735,
2022-11-20 11:15:00+00:00,0.5792,0.5832,0.5832,0.5806,3292.06,0.58155,1914.497493,3292.06,1914.497493,
2022-11-20 11:20:00+00:00,0.5815,0.5834,0.5815,0.5831,1808.5,0.582375,1053.2251875,1808.5,1053.2251875,
2022-11-20 11:25:00+00:00,0.5809,0.583,0.583,0.5809,213.98,0.58195,124.525661,213.98,124.525661,
2022-11-20 11:30:00+00:00,0.5727,0.5807,0.5807,0.5731,2956.96,0.5768,1705.574528,2956.96,1705.574528,
2022-11-20 11:35:00+00:00,0.5732,0.5746,0.5741,0.5734,1454.88,0.573825,834.846516,1454.88,834.846516,
2022-11-20 11:40:00+00:00,0.5733,0.5766,0.5747,0.5751,996.25,0.574925,572.76903125,996.25,572.76903125,
2022-11-20 11:45:00+00:00,0.5743,0.5757,0.5743,0.5757,59.5,0.575,34.2125,59.5,34.2125,
2022-11-20 11:50:00+00:00,0.5746,0.5753,0.5753,0.5751,696.72,0.575075,400.666254,696.72,400.666254,
2022-11-20 11:55:00+00:00,0.5697,0.5746,0.5746,0.5697,55.17,0.57215,31.5655155,55.17,31.5655155,
2022-11-20 12:00:00+00:00,0.57,0.5756,0.57,0.5754,1527.61,0.57275,874.9386275,1527.61,874.9386275,
2022-11-20 12:05:00+00:00,0.5746,0.5764,0.5751,0.5746,594.51,0.575175,341.94728925,594.51,341.94728925,
2022-11-20 12:10:00+00:00,0.5721,0.5739,0.5727,0.5723,1050.53,0.57275,601.6910575,1050.53,601.6910575,
2022-11-20 12:15:00+00:00,0.5712,0.573,0.573,0.5712,2182.47,0.5721,1248.591087,2182.47,1248.591087,
2022-11-20 12:20:00+00:00,0.5723,0.5757,0.5723,0.5747,4241.44,0.57375,2433.5262,4241.44,2433.5262,
2022-11-20 12:25:00+00:00,0.5742,0.5752,0.5752,0.5746,4489.0,0.5748,2580.2772,4489.0,2580.2772,
2022-11-20 12:30:00+00:00,0.5745,0.5754,0.5745,0.5745,221.45,0.574725,127.27285125,221.45,127.27285125,
2022-11-20 12:35:00+00:00,0.5744,0.5766,0.5746,0.5762,796.88,0.57545,458.564596,796.88,458.564596,
2022-11-20 12:40:00+00:00,0.5745,0.5758,0.5758,0.5747,6301.58,0.5752,3624.668816,6301.58,3624.668816,
2022-11-20 12:45:00+00:00,0.5734,0.5747,0.5745,0.5736,783.58,0.57405,449.814099,783.58,449.814099,
2022-11-20 12:50:00+00:00,0.573,0.5739,0.5736,0.5731,61.16,0.5734,35.069144,61.16,35.069144,
2022-11-20 12:55:00+00:00,0.5723,0.574,0.5723,0.5733,133.35,0.572975,76.40621625,133.35,76.40621625,
2022-11-20 13:00:00+00:00,0.5733,0.5745,0.5735,0.5745,370.77,0.57395,212.8034415,370.77,212.8034415,
2022-11-20 13:05:00+00:00,0.5739,0.5753,0.574,0.5753,587.81,0.574625,337.77032125,587.81,337.77032125,
2022-11-20 13:10:00+00:00,0.5755,0.5765,0.5758,0.5765,948.5,0.576075,546.4071375,948.5,546.4071375,
2022-11-20 13:15:00+00:00,0.5757,0.578,0.5765,0.577,2517.96,0.5768,1452.359328,2517.96,1452.359328,
2022-11-20 13:20:00+00:00,0.5753,0.5767,0.5761,0.5753,1885.03,0.57585,1085.4945255,1885.03,1085.4945255,
2022-11-20 13:25:00+00:00,0.5746,0.5755,0.5755,0.5746,3.29,0.57505,1.8919145,3.29,1.8919145,
2022-11-20 13:30:00+00:00,0.5734,0.5751,0.575,0.5751,2619.65,0.57465,1505.3818725,2619.65,1505.3818725,
2022-11-20 13:35:00+00:00,0.5754,0.5772,0.5761,0.5772,469.2,0.576475,270.48207,469.2,270.48207,
2022-11-20 13:40:00+00:00,0.5767,0.5777,0.5768,0.5774,215.4,0.57715,124.31811,215.4,124.31811,
2022-11-20 13:45:00+00:00,0.5769,0.579,0.5774,0.5786,258.01,0.577975,149.12332975,258.01,149.12332975,
2022-11-20 13:50:00+00:00,0.5776,0.5786,0.5786,0.578,1081.3,0.5782,625.20766,1081.3,625.20766,
2022-11-20 13:55:00+00:00,0.5764,0.5782,0.5782,0.5775,513.62,0.577575,296.6540715,513.62,296.6540715,
2022-11-20 14:00:00+00:00,0.5767,0.5778,0.5777,0.5771,216.83,0.577325,125.18137975,216.83,125.18137975,
2022-11-20 14:05:00+00:00,0.5763,0.5776,0.5771,0.5776,322.43,0.57715,186.0904745,322.43,186.0904745,
2022-11-20 14:10:00+00:00,0.5772,0.5787,0.5772,0.5778,340.73,0.577725,196.84823925,340.73,196.84823925,
2022-11-20 14:15:00+00:00,0.5771,0.5784,0.5783,0.5771,668.92,0.577725,386.451807,668.92,386.451807,
2022-11-20 14:20:00+00:00,0.5759,0.5776,0.5769,0.5761,7755.75,0.576625,4472.15934375,7755.75,4472.15934375,
2022-11-20 14:25:00+00:00,0.576,0.5772,0.5764,0.576,236.96,0.5764,136.583744,236.96,136.583744,
2022-11-20 14:30:00+00:00,0.5756,0.5766,0.5766,0.5756,280.83,0.5761,161.786163,280.83,161.786163,
2022-11-20 14:35:00+00:00,0.575,0.5768,0.5762,0.575,15249.38,0.57575,8779.830535,15249.38,8779.830535,
2022-11-20 14:40:00+00:00,0.5746,0.5758,0.575,0.5755,9421.62,0.575225,5419.5513645,9421.62,5419.5513645,
2022-11-20 14:45:00+00:00,0.5755,0.5767,0.5755,0.5767,1031.28,0.5761,594.120408,1031.28,594.120408,
2022-11-20 14:50:00+00:00,0.5751,0.5761,0.5759,0.5751,3517.39,0.57555,2024.4338145,3517.39,2024.4338145,
2022-11-20 14:55:00+00:00,0.5754,0.576,0.5759,0.576,798.25,0.575825,459.65230625,798.25,459.65230625,
2022-11-20 15:00:00+00:00,0.575,0.5758,0.5757,0.575,563.76,0.575375,324.37341,563.76,324.37341,
2022-11-20 15:05:00+00:00,0.5746,0.5757,0.5751,0.5751,536.5,0.575125,308.5545625,536.5,308.5545625,
2022-11-20 15:10:00+00:00,0.575,0.5759,0.5751,0.575,903.0,0.57525,519.45075,903.0,519.45075,
2022-11-20 15:15:00+00:00,0.5744,0.5762,0.5753,0.5744,1183.14,0.575075,680.3942355,1183.14,680.3942355,
2022-11-20 15:20:00+00:00,0.574,0.5761,0.5745,0.5751,5392.78,0.574925,3100.4440415,5392.78,3100.4440415,
2022-11-20 15:25:00+00:00,0.5749,0.575,0.5749,0.575,37.88,0.57495,21.779106,37.88,21.779106,
2022-11-20 15:30:00+00:00,0.5747,0.5756,0.5748,0.5751,370.07,0.57505,212.8087535,370.07,212.8087535,
2022-11-20 15:35:00+00:00,0.5757,0.5768,0.5757,0.5765,2070.84,0.576175,1193.166237,2070.84,1193.166237,
2022-11-20 15:40:00+00:00,0.5765,0.5773,0.5765,0.5765,787.07,0.5767,453.903269,787.07,453.903269,
2022-11-20 15:45:00+00:00,0.5745,0.5767,0.5767,0.5761,3179.48,0.576,1831.38048,3179.48,1831.38048,
2022-11-20 15:50:00+00:00,0.5752,0.5762,0.5757,0.576,145.53,0.575775,83.79253575,145.53,83.79253575,
2022-11-20 15:55:00+00:00,0.5758,0.5768,0.576,0.5768,495.09,0.57635,285.3451215,495.09,285.3451215,
2022-11-20 16:00:00+00:00,0.5757,0.5771,0.5767,0.5758,1198.66,0.576325,690.8177245,1198.66,690.8177245,
2022-11-20 16:05:00+00:00,0.5727,0.5765,0.576,0.5727,4379.86,0.574475,2516.1200735,4379.86,2516.1200735,
2022-11-20 16:10:00+00:00,0.5722,0.5741,0.5722,0.5738,7997.64,0.573075,4583.247543,7997.64,4583.247543,
2022-11-20 16:15:00+00:00,0.5728,0.5745,0.5733,0.5731,1787.64,0.573425,1025.077467,1787.64,1025.077467,
2022-11-20 16:20:00+00:00,0.5728,0.574,0.5737,0.5733,389.12,0.57345,223.140864,389.12,223.140864,
2022-11-20 16:25:00+00:00,0.5733,0.5741,0.5735,0.5741,331.04,0.57375,189.9342,331.04,189.9342,
2022-11-20 16:30:00+00:00,0.5736,0.5741,0.5739,0.5736,715.06,0.5738,410.301428,715.06,410.301428,
2022-11-20 16:35:00+00:00,0.5732,0.574,0.5738,0.5736,940.25,0.57365,539.3744125,940.25,539.3744125,
2022-11-20 16:40:00+00:00,0.5724,0.5749,0.5742,0.5724,1128.75,0.573475,647.30990625,1128.75,647.30990625,
2022-11-20 16:45:00+00:00,0.5732,0.575,0.5732,0.5742,291.76,0.5739,167.441064,291.76,167.441064,
2022-11-20 16:50:00+00:00,0.5742,0.5752,0.5742,0.575,566.75,0.57465,325.6828875,566.75,325.6828875,
2022-11-20 16:55:00+00:00,0.5745,0.5757,0.575,0.5748,2346.46,0.575,1349.2145,2346.46,1349.2145,
2022-11-20 17:00:00+00:00,0.5735,0.5748,0.5747,0.5736,46.52,0.57415,26.709458,46.52,26.709458,
2022-11-20 17:05:00+00:00,0.5736,0.5747,0.5736,0.5736,1413.42,0.573875,811.1264025,1413.42,811.1264025,
2022-11-20 17:10:00+00:00,0.5732,0.575,0.5737,0.5742,4632.19,0.574025,2658.99286475,4632.19,2658.99286475,
2022-11-20 17:15:00+00:00,0.5738,0.5749,0.5743,0.5738,105.51,0.5742,60.583842,105.51,60.583842,
2022-11-20 17:20:00+00:00,0.5739,0.5746,0.5739,0.5746,757.04,0.57425,434.73022,757.04,434.73022,
2022-11-20 17:25:00+00:00,0.5738,0.5746,0.5742,0.5738,108.0,0.5741,62.0028,108.0,62.0028,
2022-11-20 17:30:00+00:00,0.5738,0.5761,0.5738,0.5759,1404.0,0.5749,807.1596,1404.0,807.1596,
2022-11-20 17:35:00+00:00,0.5747,0.5764,0.576,0.5747,353.32,0.57545,203.317994,353.32,203.317994,
2022-11-20 17:40:00+00:00,0.5738,0.5748,0.5742,0.5738,110.76,0.57415,63.592854,110.76,63.592854,
2022-11-20 17:45:00+00:00,0.5731,0.5738,0.5734,0.5737,127.16,0.5735,72.92626,127.16,72.92626,
2022-11-20 17:50:00+00:00,0.5682,0.5737,0.5737,0.5698,4465.46,0.57135,2551.340571,4465.46,2551.340571,
2022-11-20 17:55:00+00:00,0.5687,0.5707,0.5687,0.5707,3678.7,0.5697,2095.75539,3678.7,2095.75539,
2022-11-20 18:00:00+00:00,0.5668,0.5702,0.5689,0.5668,3250.28,0.568175,1846.727839,3250.28,1846.727839,
2022-11-20 18:05:00+00:00,0.5676,0.5691,0.5676,0.5685,602.49,0.5682,342.334818,602.49,342.334818,
2022-11-20 18:10:00+00:00,0.5691,0.5703,0.5691,0.5694,243.91,0.569475,138.90064725,243.91,138.90064725,
2022-11-20 18:15:00+00:00,0.571,0.5722,0.5718,0.5715,341.72,0.571625,195.335695,341.72,195.335695,
2022-11-20 18:20:00+00:00,0.5705,0.5719,0.5716,0.5708,161.13,0.5712,92.037456,161.13,92.037456,
2022-11-20 18:25:00+00:00,0.5708,0.5715,0.5708,0.5709,224.81,0.571,128.36651,224.81,128.36651,
2022-11-20 18:30:00+00:00,0.5709,0.5719,0.5709,0.5719,67.26,0.5714,38.432364,67.26,38.432364,
2022-11-20 18:35:00+00:00,0.5703,0.5713,0.5713,0.5707,32.28,0.5709,18.428652,32.28,18.428652,
2022-11-20 18:40:00+00:00,0.5701,0.5711,0.5704,0.5708,962.68,0.5706,549.305208,962.68,549.305208,
2022-11-20 18:45:00+00:00,0.5693,0.5707,0.5707,0.5697,1230.8,0.5701,701.67908,1230.8,701.67908,
2022-11-20 18:50:00+00:00,0.5696,0.5697,0.5697,0.5697,6226.65,0.569675,3547.16683875,6226.65,3547.16683875,
2022-11-20 18:55:00+00:00,0.5696,0.5722,0.5697,0.5713,3252.84,0.5707,1856.395788,3252.84,1856.395788,
2022-11-20 19:00:00+00:00,0.5706,0.5717,0.5717,0.5713,2378.64,0.571325,1358.976498,2378.64,1358.976498,
2022-11-20 19:05:00+00:00,0.5706,0.5715,0.5706,0.5712,1415.98,0.570975,808.4891805,1415.98,808.4891805,
2022-11-20 19:10:00+00:00,0.5703,0.5715,0.5712,0.5703,3341.67,0.570825,1907.50877775,3341.67,1907.50877775,
2022-11-20 19:15:00+00:00,0.5709,0.5712,0.5709,0.5711,2328.14,0.571025,1329.4261435,2328.14,1329.4261435,
2022-11-20 19:20:00+00:00,0.5708,0.5714,0.5714,0.5708,738.14,0.5711,421.551754,738.14,421.551754,
2022-11-20 19:25:00+00:00,0.5706,0.5714,0.5713,0.571,710.1,0.571075,405.5203575,710.1,405.5203575,
2022-11-20 19:30:00+00:00,0.5702,0.5708,0.5703,0.5708,86.78,0.570525,49.5101595,86.78,49.5101595,
2022-11-20 19:35:00+00:00,0.5698,0.5708,0.5708,0.5698,84.36,0.5703,48.110508,84.36,48.110508,
2022-11-20 19:40:00+00:00,0.5698,0.5705,0.5698,0.57,713.14,0.570025,406.5076285,713.14,406.5076285,
2022-11-20 19:45:00+00:00,0.5701,0.5715,0.5705,0.5709,1412.0,0.57075,805.899,1412.0,805.899,
2022-11-20 19:50:00+00:00,0.5699,0.5728,0.5708,0.5728,2101.42,0.571575,1201.1191365,2101.42,1201.1191365,
2022-11-20 19:55:00+00:00,0.5717,0.5739,0.5728,0.5722,2514.7,0.57265,1440.042955,2514.7,1440.042955,
2022-11-20 20:00:00+00:00,0.572,0.5734,0.5722,0.5723,17503.41,0.572475,10020.26463975,17503.41,10020.26463975,
2022-11-20 20:05:00+00:00,0.5707,0.5713,0.5712,0.5713,472.11,0.571125,269.63382375,472.11,269.63382375,
2022-11-20 20:10:00+00:00,0.5698,0.5708,0.5706,0.5698,1331.57,0.57025,759.3277925,1331.57,759.3277925,
2022-11-20 20:15:00+00:00,0.5694,0.5698,0.5698,0.5698,277.95,0.5697,158.348115,277.95,158.348115,
2022-11-20 20:20:00+00:00,0.5678,0.5693,0.5684,0.5693,2242.62,0.5687,1275.377994,2242.62,1275.377994,
2022-11-20 20:25:00+00:00,0.5638,0.5689,0.5689,0.5644,1312.55,0.5665,743.559575,1312.55,743.559575,
2022-11-20 20:30:00+00:00,0.5616,0.564,0.5639,0.5638,307.62,0.563325,173.2900365,307.62,173.2900365,
2022-11-20 20:35:00+00:00,0.5623,0.5645,0.5645,0.5639,1486.88,0.5638,838.302944,1486.88,838.302944,
2022-11-20 20:40:00+00:00,0.5632,0.5645,0.5639,0.5632,1940.61,0.5637,1093.921857,1940.61,1093.921857,
2022-11-20 20:45:00+00:00,0.5637,0.5649,0.5646,0.5637,711.89,0.564225,401.66613525,711.89,401.66613525,
2022-11-20 20:50:00+00:00,0.5639,0.5658,0.5648,0.5653,8727.65,0.56495,4930.6858675,8727.65,4930.6858675,
2022-11-20 20:55:00+00:00,0.5647,0.5661,0.5647,0.566,381.8,0.565375,215.860175,381.8,215.860175,
2022-11-20 21:00:00+00:00,0.5647,0.5657,0.5653,0.5653,943.76,0.56525,533.46034,943.76,533.46034,
2022-11-20 21:05:00+00:00,0.5642,0.5651,0.5642,0.5651,619.64,0.56465,349.879726,619.64,349.879726,
2022-11-20 21:10:00+00:00,0.5641,0.565,0.5649,0.5644,4251.06,0.5646,2400.148476,4251.06,2400.148476,
2022-11-20 21:15:00+00:00,0.5637,0.565,0.5641,0.5644,1166.4,0.5643,658.19952,1166.4,658.19952,
2022-11-20 21:20:00+00:00,0.5648,0.5656,0.5651,0.5649,62.76,0.5651,35.465676,62.76,35.465676,
2022-11-20 21:25:00+00:00,0.5625,0.5654,0.5654,0.5642,3241.05,0.564375,1829.16759375,3241.05,1829.16759375,
2022-11-20 21:30:00+00:00,0.5595,0.5642,0.5642,0.5611,6762.11,0.56225,3801.9963475,6762.11,3801.9963475,
2022-11-20 21:35:00+00:00,0.5595,0.5622,0.5598,0.5599,1041.22,0.56035,583.447627,1041.22,583.447627,
2022-11-20 21:40:00+00:00,0.5591,0.5617,0.5598,0.5599,7370.16,0.560125,4128.21087,7370.16,4128.21087,
2022-11-20 21:45:00+00:00,0.5541,0.5598,0.5598,0.5541,5084.51,0.55695,2831.8178445,5084.51,2831.8178445,
2022-11-20 21:50:00+00:00,0.5508,0.5575,0.5555,0.5516,4552.07,0.55385,2521.1639695,4552.07,2521.1639695,
2022-11-20 21:55:00+00:00,0.55,0.552,0.551,0.55,30294.82,0.55075,16684.872115,30294.82,16684.872115,
2022-11-20 22:00:00+00:00,0.5464,0.5517,0.55,0.5517,6436.05,0.54995,3539.5056975,6436.05,3539.5056975,
2022-11-20 22:05:00+00:00,0.5515,0.5545,0.5522,0.5545,1378.64,0.553175,762.629182,1378.64,762.629182,
2022-11-20 22:10:00+00:00,0.5529,0.5561,0.5559,0.5537,5251.43,0.55465,2912.7056495,5251.43,2912.7056495,
2022-11-20 22:15:00+00:00,0.5537,0.5554,0.5537,0.5544,2161.75,0.5543,1198.258025,2161.75,1198.258025,
2022-11-20 22:20:00+00:00,0.5545,0.5567,0.5546,0.5567,2353.0,0.555625,1307.385625,2353.0,1307.385625,
2022-11-20 22:25:00+00:00,0.5556,0.5571,0.5564,0.5564,1860.92,0.556375,1035.369365,1860.92,1035.369365,
2022-11-20 22:30:00+00:00,0.5543,0.5562,0.5553,0.5561,1785.09,0.555475,991.57286775,1785.09,991.57286775,
2022-11-20 22:35:00+00:00,0.5544,0.5559,0.5559,0.5547,236.87,0.555225,131.51614575,236.87,131.51614575,
2022-11-20 22:40:00+00:00,0.5527,0.555,0.555,0.5549,457.56,0.5544,253.671264,457.56,253.671264,
2022-11-20 22:45:00+00:00,0.5526,0.5547,0.5547,0.5532,261.52,0.5538,144.829776,261.52,144.829776,
2022-11-20 22:50:00+00:00,0.5529,0.5546,0.5529,0.5546,1400.82,0.55375,775.704075,1400.82,775.704075,
2022-11-20 22:55:00+00:00,0.5531,0.5551,0.555,0.5531,1376.17,0.554075,762.50139275,1376.17,762.50139275,
2022-11-20 23:00:00+00:00,0.553,0.5551,0.5537,0.553,2194.87,0.5537,1215.299519,2194.87,1215.299519,
2022-11-20 23:05:00+00:00,0.544,0.5525,0.5525,0.5451,9716.03,0.548525,5329.48535575,9716.03,5329.48535575,
2022-11-20 23:10:00+00:00,0.5452,0.5491,0.5453,0.5482,3182.27,0.54695,1740.5425765,3182.27,1740.5425765,
2022-11-20 23:15:00+00:00,0.5431,0.5481,0.5481,0.5431,6569.22,0.5456,3584.166432,6569.22,3584.166432,
2022-11-20 23:20:00+00:00,0.5409,0.5452,0.5441,0.5441,18991.58,0.543575,10323.3480985,18991.58,10323.3480985,
2022-11-20 23:25:00+00:00,0.5439,0.5465,0.5443,0.5446,1052.58,0.544825,573.4718985,1052.58,573.4718985,
2022-11-20 23:30:00+00:00,0.5444,0.5477,0.5468,0.5444,1181.78,0.545825,645.0450685,1181.78,645.0450685,
2022-11-20 23:35:00+00:00,0.5441,0.5479,0.5447,0.5479,663.64,0.54615,362.446986,663.64,362.446986,
2022-11-20 23:40:00+00:00,0.5468,0.5482,0.5478,0.5468,2514.34,0.5474,1376.349716,2514.34,1376.349716,
2022-11-20 23:45:00+00:00,0.5445,0.5474,0.5445,0.5471,2297.54,0.545875,1254.1696475,2297.54,1254.1696475,
2022-11-20 23:50:00+00:00,0.5458,0.5476,0.5473,0.5468,1382.27,0.546875,755.92890625,1382.27,755.92890625,
2022-11-20 23:55:00+00:00,0.546,0.5475,0.5469,0.5467,1042.7,0.546775,570.1222925,1042.7,570.1222925,
2022-11-21 00:00:00+00:00,0.5433,0.5467,0.5467,0.5433,3058.65,0.545,1666.96425,3058.65,1666.96425,
2022-11-21 00:05:00+00:00,0.5337,0.543,0.543,0.5384,19329.67,0.539525,10428.84020675,19329.67,10428.84020675,
2022-11-21 00:10:00+00:00,0.5368,0.541,0.539,0.5388,9357.49,0.5389,5042.751361,9357.49,5042.751361,
2022-11-21 00:15:00+00:00,0.5394,0.5447,0.5394,0.5423,5036.22,0.54145,2726.861319,5036.22,2726.861319,
2022-11-21 00:20:00+00:00,0.5408,0.5443,0.5429,0.5422,3960.53,0.54255,2148.7855515,3960.53,2148.7855515,
2022-11-21 00:25:00+00:00,0.5412,0.544,0.5416,0.5412,8520.77,0.542,4618.25734,8520.77,4618.25734,
2022-11-21 00:30:00+00:00,0.5375,0.542,0.5411,0.5385,8098.79,0.539775,4371.52437225,8098.79,4371.52437225,
2022-11-21 00:35:00+00:00,0.5356,0.5412,0.539,0.5408,7890.95,0.53915,4254.4056925,7890.95,4254.4056925,
2022-11-21 00:40:00+00:00,0.5387,0.5419,0.5405,0.5387,4073.1,0.53995,2199.270345,4073.1,2199.270345,
2022-11-21 00:45:00+00:00,0.5359,0.5414,0.5381,0.5411,1406.08,0.539125,758.05288,1406.08,758.05288,
2022-11-21 00:50:00+00:00,0.5415,0.5436,0.542,0.5436,4158.15,0.542675,2256.52405125,4158.15,2256.52405125,
2022-11-21 00:55:00+00:00,0.5421,0.5443,0.544,0.5423,3761.39,0.543175,2043.09301325,3761.39,2043.09301325,
2022-11-21 01:00:00+00:00,0.5414,0.5439,0.5421,0.5431,3842.97,0.542625,2085.29159625,3842.97,2085.29159625,
2022-11-21 01:05:00+00:00,0.5417,0.5439,0.5428,0.542,1098.25,0.5426,595.91045,1098.25,595.91045,
2022-11-21 01:10:00+00:00,0.5412,0.5422,0.5421,0.5422,1165.69,0.541925,631.71655325,1165.69,631.71655325,
2022-11-21 01:15:00+00:00,0.54,0.5419,0.5415,0.5413,1503.15,0.541175,813.46720125,1503.15,813.46720125,
2022-11-21 01:20:00+00:00,0.539,0.5414,0.5414,0.5409,3262.3,0.540675,1763.8440525,3262.3,1763.8440525,
2022-11-21 01:25:00+00:00,0.5376,0.5404,0.5404,0.5376,2011.02,0.539,1083.93978,2011.02,1083.93978,
2022-11-21 01:30:00+00:00,0.5384,0.5399,0.5384,0.5399,11206.86,0.53915,6042.178569,11206.86,6042.178569,
2022-11-21 01:35:00+00:00,0.5366,0.5387,0.5384,0.5382,2972.14,0.537975,1598.9370165,2972.14,1598.9370165,
2022-11-21 01:40:00+00:00,0.5381,0.5408,0.5385,0.5406,2879.82,0.5395,1553.66289,2879.82,1553.66289,
2022-11-21 01:45:00+00:00,0.5389,0.5404,0.5404,0.5389,2905.0,0.53965,1567.68325,2905.0,1567.68325,
2022-11-21 01:50:00+00:00,0.5387,0.5396,0.5389,0.5396,1674.25,0.5392,902.7556,1674.25,902.7556,
2022-11-21 01:55:00+00:00,0.536,0.5395,0.5394,0.5365,3324.26,0.53785,1787.953241,3324.26,1787.953241,
2022-11-21 02:00:00+00:00,0.5335,0.5358,0.5358,0.5343,5745.19,0.53485,3072.8148715,5745.19,3072.8148715,
2022-11-21 02:05:00+00:00,0.525,0.5346,0.5324,0.525,59834.37,0.52925,31667.3403225,59834.37,31667.3403225,
2022-11-21 02:10:00+00:00,0.5217,0.5268,0.5256,0.5252,105237.64,0.524825,55231.344413,105237.64,55231.344413,
2022-11-21 02:15:00+00:00,0.5223,0.5256,0.5252,0.5248,15116.18,0.524475,7928.0585055,15116.18,7928.0585055,
2022-11-21 02:20:00+00:00,0.5194,0.5267,0.5262,0.5229,14286.2,0.5238,7483.11156,14286.2,7483.11156,
2022-11-21 02:25:00+00:00,0.5212,0.5234,0.5221,0.522,5234.87,0.522175,2733.51824225,5234.87,2733.51824225,
2022-11-21 02:30:00+00:00,0.5204,0.526,0.5218,0.5259,18445.16,0.523525,9656.502389,18445.16,9656.502389,
2022-11-21 02:35:00+00:00,0.525,0.5265,0.526,0.5265,3062.9,0.526,1611.0854,3062.9,1611.0854,
2022-11-21 02:40:00+00:00,0.526,0.5285,0.5268,0.526,9543.45,0.526825,5027.72804625,9543.45,5027.72804625,
2022-11-21 02:45:00+00:00,0.5258,0.5268,0.5266,0.5261,3136.85,0.526325,1651.00257625,3136.85,1651.00257625,
2022-11-21 02:50:00+00:00,0.5251,0.5264,0.5261,0.5258,3661.75,0.52585,1925.5312375,3661.75,1925.5312375,
2022-11-21 02:55:00+00:00,0.5246,0.5265,0.5258,0.5263,17617.92,0.5258,9263.502336,17617.92,9263.502336,
2022-11-21 03:00:00+00:00,0.5243,0.5275,0.5257,0.5273,3343.88,0.5262,1759.549656,3343.88,1759.549656,
2022-11-21 03:05:00+00:00,0.5247,0.5258,0.5258,0.5257,980.22,0.5255,515.10561,980.22,515.10561,
2022-11-21 03:10:00+00:00,0.5242,0.5254,0.5254,0.5246,241.11,0.5249,126.558639,241.11,126.558639,
2022-11-21 03:15:00+00:00,0.5222,0.5249,0.5249,0.5222,718.91,0.52355,376.3853305,718.91,376.3853305,
2022-11-21 03:20:00+00:00,0.5214,0.5238,0.5223,0.522,4751.79,0.522375,2482.21630125,4751.79,2482.21630125,
2022-11-21 03:25:00+00:00,0.5201,0.5246,0.5202,0.5233,4444.81,0.52205,2320.4130605,4444.81,2320.4130605,
2022-11-21 03:30:00+00:00,0.5235,0.5273,0.524,0.526,8129.73,0.5252,4269.734196,8129.73,4269.734196,
2022-11-21 03:35:00+00:00,0.5246,0.5264,0.5264,0.5261,799.87,0.525875,420.63163625,799.87,420.63163625,
2022-11-21 03:40:00+00:00,0.5248,0.5266,0.5261,0.525,1329.36,0.525625,698.74485,1329.36,698.74485,
2022-11-21 03:45:00+00:00,0.5256,0.5265,0.5257,0.5256,1857.75,0.52585,976.8978375,1857.75,976.8978375,
2022-11-21 03:50:00+00:00,0.5248,0.528,0.5252,0.5274,6338.13,0.52635,3336.0747255,6338.13,3336.0747255,
2022-11-21 03:55:00+00:00,0.5268,0.5281,0.5271,0.5281,1335.38,0.527525,704.4463345,1335.38,704.4463345,
2022-11-21 04:00:00+00:00,0.5273,0.5305,0.5273,0.528,4345.13,0.528275,2295.42355075,4345.13,2295.42355075,
2022-11-21 04:05:00+00:00,0.5285,0.5309,0.5285,0.5298,2426.03,0.529425,1284.40093275,2426.03,1284.40093275,
2022-11-21 04:10:00+00:00,0.5296,0.5315,0.5301,0.5315,1427.05,0.530675,757.29975875,1427.05,757.29975875,
2022-11-21 04:15:00+00:00,0.5316,0.5334,0.532,0.5318,1402.22,0.5322,746.261484,1402.22,746.261484,
2022-11-21 04:20:00+00:00,0.5316,0.5328,0.5316,0.532,3062.4,0.532,1629.1968,3062.4,1629.1968,
2022-11-21 04:25:00+00:00,0.531,0.5326,0.5326,0.531,1846.65,0.5318,982.04847,1846.65,982.04847,
2022-11-21 04:30:00+00:00,0.5298,0.5312,0.531,0.5309,3907.76,0.530725,2073.945926,3907.76,2073.945926,
2022-11-21 04:35:00+00:00,0.5294,0.5306,0.5303,0.5299,2279.86,0.53005,1208.439793,2279.86,1208.439793,
2022-11-21 04:40:00+00:00,0.5286,0.5299,0.5298,0.5294,2126.49,0.529425,1125.81696825,2126.49,1125.81696825,
2022-11-21 04:45:00+00:00,0.529,0.5298,0.5294,0.5294,944.4,0.5294,499.96536,944.4,499.96536,
2022-11-21 04:50:00+00:00,0.5285,0.53,0.53,0.529,592.84,0.529375,313.834675,592.84,313.834675,
2022-11-21 04:55:00+00:00,0.5291,0.5304,0.5296,0.5304,2091.22,0.529875,1108.0851975,2091.22,1108.0851975,
2022-11-21 05:00:00+00:00,0.5307,0.531,0.531,0.5307,96.1,0.53085,51.014685,96.1,51.014685,
2022-11-21 05:05:00+00:00,0.5299,0.5327,0.53,0.5327,3463.8,0.531325,1840.403535,3463.8,1840.403535,
2022-11-21 05:10:00+00:00,0.5313,0.5329,0.5316,0.5325,3837.0,0.532075,2041.571775,3837.0,2041.571775,
2022-11-21 05:15:00+00:00,0.5303,0.5324,0.5321,0.532,2301.63,0.5317,1223.776671,2301.63,1223.776671,
2022-11-21 05:20:00+00:00,0.5308,0.532,0.5311,0.532,2131.14,0.531475,1132.6476315,2131.14,1132.6476315,
2022-11-21 05:25:00+00:00,0.5313,0.5325,0.5321,0.532,2693.36,0.531975,1432.800186,2693.36,1432.800186,
2022-11-21 05:30:00+00:00,0.5318,0.5326,0.5318,0.5322,573.59,0.5321,305.207239,573.59,305.207239,
2022-11-21 05:35:00+00:00,0.533,0.5337,0.533,0.5333,608.99,0.53325,324.7439175,608.99,324.7439175,
2022-11-21 05:40:00+00:00,0.5341,0.536,0.5341,0.536,722.44,0.53505,386.541522,722.44,386.541522,
2022-11-21 05:45:00+00:00,0.535,0.5359,0.5357,0.5354,8762.11,0.5355,4692.109905,8762.11,4692.109905,
2022-11-21 05:50:00+00:00,0.5346,0.5355,0.5355,0.5348,1595.66,0.5351,853.837666,1595.66,853.837666,
2022-11-21 05:55:00+00:00,0.5342,0.5359,0.5343,0.5347,5827.63,0.534775,3116.47083325,5827.63,3116.47083325,
2022-11-21 06:00:00+00:00,0.5338,0.536,0.5348,0.5356,990.4,0.53505,529.91352,990.4,529.91352,
2022-11-21 06:05:00+00:00,0.5346,0.536,0.535,0.5346,291.55,0.53505,155.9938275,291.55,155.9938275,
2022-11-21 06:10:00+00:00,0.5332,0.5346,0.5345,0.5332,246.77,0.533875,131.74433375,246.77,131.74433375,
2022-11-21 06:15:00+00:00,0.5333,0.5342,0.5333,0.5338,1422.65,0.53365,759.1971725,1422.65,759.1971725,
2022-11-21 06:20:00+00:00,0.5328,0.5341,0.5331,0.5332,6071.17,0.5333,3237.754961,6071.17,3237.754961,
2022-11-21 06:25:00+00:00,0.531,0.5328,0.5328,0.531,49619.56,0.5319,26392.643964,49619.56,26392.643964,
2022-11-21 06:30:00+00:00,0.5305,0.5316,0.531,0.5312,789.01,0.531075,419.02348575,789.01,419.02348575,
2022-11-21 06:35:00+00:00,0.5308,0.5316,0.5312,0.5311,134.51,0.531175,71.44834925,134.51,71.44834925,
2022-11-21 06:40:00+00:00,0.5313,0.5325,0.5313,0.5325,2306.65,0.5319,1226.907135,2306.65,1226.907135,
2022-11-21 06:45:00+00:00,0.5311,0.532,0.532,0.5319,2515.55,0.53175,1337.6437125,2515.55,1337.6437125,
2022-11-21 06:50:00+00:00,0.5316,0.5326,0.5326,0.5316,710.5,0.5321,378.05705,710.5,378.05705,
2022-11-21 06:55:00+00:00,0.5308,0.5313,0.5308,0.5313,657.11,0.53105,348.9582655,657.11,348.9582655,
2022-11-21 07:00:00+00:00,0.5305,0.5313,0.5306,0.5306,1062.58,0.53075,563.964335,1062.58,563.964335,
2022-11-21 07:05:00+00:00,0.5313,0.534,0.5313,0.5327,1134.26,0.532325,603.7949545,1134.26,603.7949545,
2022-11-21 07:10:00+00:00,0.5313,0.534,0.5313,0.5327,1134.26,0.532325,603.7949545,1134.26,603.7949545,
2022-11-21 07:15:00+00:00,0.5326,0.5337,0.5331,0.5326,138.89,0.533,74.02837,138.89,74.02837,
2022-11-21 07:20:00+00:00,0.532,0.5327,0.5327,0.5325,263.23,0.532475,140.16339425,263.23,140.16339425,
2022-11-21 07:25:00+00:00,0.5317,0.5329,0.5317,0.5319,1367.29,0.53205,727.4666445,1367.29,727.4666445,
2022-11-21 07:30:00+00:00,0.5314,0.5336,0.5321,0.532,3961.86,0.532275,2108.7990315,3961.86,2108.7990315,
2022-11-21 07:35:00+00:00,0.532,0.5329,0.5321,0.5325,29.14,0.532375,15.5134075,29.14,15.5134075,
2022-11-21 07:40:00+00:00,0.5277,0.5324,0.5324,0.5277,1467.71,0.53005,777.9596855,1467.71,777.9596855,
2022-11-21 07:45:00+00:00,0.5279,0.5299,0.529,0.5299,726.84,0.529175,384.625557,726.84,384.625557,
2022-11-21 07:50:00+00:00,0.5296,0.5311,0.5305,0.5308,3251.51,0.5305,1724.926055,3251.51,1724.926055,
2022-11-21 07:55:00+00:00,0.5299,0.531,0.5299,0.5306,386.52,0.53035,204.990882,386.52,204.990882,
2022-11-21 08:00:00+00:00,0.5314,0.5323,0.5314,0.532,15.67,0.531775,8.33291425,15.67,8.33291425,
2022-11-21 08:05:00+00:00,0.5303,0.532,0.532,0.5303,626.46,0.53115,332.744229,626.46,332.744229,
2022-11-21 08:10:00+00:00,0.529,0.531,0.531,0.529,366.42,0.53,194.2026,366.42,194.2026,
2022-11-21 08:15:00+00:00,0.5283,0.5295,0.529,0.5295,53.13,0.529075,28.10975475,53.13,28.10975475,
2022-11-21 08:20:00+00:00,0.5286,0.5295,0.5295,0.5286,298.03,0.52905,157.6727715,298.03,157.6727715,
2022-11-21 08:25:00+00:00,0.529,0.5294,0.529,0.5294,472.53,0.5292,250.062876,472.53,250.062876,
2022-11-21 08:30:00+00:00,0.5281,0.5298,0.5293,0.5281,752.24,0.528825,397.803318,752.24,397.803318,
2022-11-21 08:35:00+00:00,0.5276,0.5289,0.5284,0.5285,1568.37,0.52835,828.6482895,1568.37,828.6482895,
2022-11-21 08:40:00+00:00,0.5285,0.5301,0.5285,0.5301,19.87,0.5293,10.517191,19.87,10.517191,
2022-11-21 08:45:00+00:00,0.5287,0.5308,0.5308,0.5287,573.04,0.52975,303.56794,573.04,303.56794,
2022-11-21 08:50:00+00:00,0.527,0.5287,0.5283,0.527,695.09,0.52775,366.8337475,695.09,366.8337475,
2022-11-21 08:55:00+00:00,0.527,0.5293,0.527,0.5293,9441.1,0.52815,4986.316965,9441.1,4986.316965,
2022-11-21 09:00:00+00:00,0.5272,0.5283,0.5283,0.5272,639.79,0.52775,337.6491725,639.79,337.6491725,
2022-11-21 09:05:00+00:00,0.5265,0.5271,0.5267,0.5265,739.15,0.5267,389.310305,739.15,389.310305,
2022-11-21 09:10:00+00:00,0.5298,0.5307,0.5298,0.5307,1068.9,0.53025,566.784225,1068.9,566.784225,
2022-11-21 09:15:00+00:00,0.5303,0.5331,0.5304,0.5328,3459.42,0.53165,1839.200643,3459.42,1839.200643,
2022-11-21 09:20:00+00:00,0.5296,0.5323,0.5322,0.53,1252.2,0.531025,664.949505,1252.2,664.949505,
2022-11-21 09:25:00+00:00,0.527,0.5302,0.53,0.527,13323.46,0.52855,7042.114783,13323.46,7042.114783,
2022-11-21 09:30:00+00:00,0.5272,0.5292,0.5272,0.5291,1403.79,0.528175,741.44678325,1403.79,741.44678325,
2022-11-21 09:35:00+00:00,0.5291,0.5293,0.5293,0.5292,120.0,0.529225,63.507,120.0,63.507,
2022-11-21 09:40:00+00:00,0.529,0.5305,0.529,0.5305,6.17,0.52975,3.2685575,6.17,3.2685575,
2022-11-21 09:45:00+00:00,0.5305,0.5309,0.5309,0.5306,730.05,0.530725,387.45578625,730.05,387.45578625,
2022-11-21 09:50:00+00:00,0.5308,0.5349,0.5308,0.5348,511.19,0.532825,272.37481175,511.19,272.37481175,
2022-11-21 09:55:00+00:00,0.532,0.5348,0.5343,0.5327,576.77,0.53345,307.6779565,576.77,307.6779565,
2022-11-21 10:00:00+00:00,0.5326,0.534,0.5338,0.5326,124.24,0.53325,66.25098,124.24,66.25098,
2022-11-21 10:05:00+00:00,0.5312,0.5325,0.5325,0.5314,996.52,0.5319,530.048988,996.52,530.048988,
2022-11-21 10:10:00+00:00,0.5307,0.5319,0.5313,0.5307,43.73,0.53115,23.2271895,43.73,23.2271895,
2022-11-21 10:15:00+00:00,0.5307,0.5313,0.5313,0.531,927.55,0.531075,492.59861625,927.55,492.59861625,
2022-11-21 10:20:00+00:00,0.5294,0.5312,0.531,0.5294,2908.2,0.53025,1542.07305,2908.2,1542.07305,
2022-11-21 10:25:00+00:00,0.5289,0.5297,0.5297,0.5289,103.76,0.5293,54.920168,103.76,54.920168,
2022-11-21 10:30:00+00:00,0.5292,0.5299,0.5292,0.5293,201.72,0.5294,106.790568,201.72,106.790568,
2022-11-21 10:35:00+00:00,0.5298,0.5312,0.5298,0.5312,537.5,0.5305,285.14375,537.5,285.14375,
2022-11-21 10:40:00+00:00,0.5299,0.5316,0.5299,0.5301,24.06,0.530375,12.7608225,24.06,12.7608225,
2022-11-21 10:45:00+00:00,0.5312,0.5343,0.5312,0.5329,504.18,0.5324,268.425432,504.18,268.425432,
2022-11-21 10:50:00+00:00,0.5333,0.535,0.5333,0.535,114.77,0.53415,61.3043955,114.77,61.3043955,
2022-11-21 10:55:00+00:00,0.535,0.5352,0.5352,0.535,466.3,0.5351,249.51713,466.3,249.51713,
2022-11-21 11:00:00+00:00,0.5343,0.5354,0.5354,0.5343,2050.27,0.53485,1096.5869095,2050.27,1096.5869095,
2022-11-21 11:05:00+00:00,0.534,0.5345,0.5344,0.5343,680.23,0.5343,363.446889,680.23,363.446889,
2022-11-21 11:10:00+00:00,0.5327,0.5334,0.5327,0.5333,268.63,0.533025,143.18650575,268.63,143.18650575,
2022-11-21 11:15:00+00:00,0.5319,0.5342,0.5339,0.5328,1390.28,0.5332,741.297296,1390.28,741.297296,
2022-11-21 11:20:00+00:00,0.5323,0.5331,0.5329,0.5327,838.91,0.53275,446.9293025,838.91,446.9293025,
2022-11-21 11:25:00+00:00,0.5323,0.5337,0.5324,0.5337,1913.19,0.533025,1019.77809975,1913.19,1019.77809975,
2022-11-21 11:30:00+00:00,0.5342,0.5345,0.5343,0.5342,397.86,0.5343,212.576598,397.86,212.576598,
2022-11-21 11:35:00+00:00,0.5334,0.5345,0.534,0.5345,1488.51,0.5341,795.013191,1488.51,795.013191,
2022-11-21 11:40:00+00:00,0.5331,0.5343,0.5343,0.5332,153.95,0.533725,82.16696375,153.95,82.16696375,
2022-11-21 11:45:00+00:00,0.5336,0.5344,0.5344,0.534,145.6,0.5341,77.76496,145.6,77.76496,
2022-11-21 11:50:00+00:00,0.5342,0.5356,0.5342,0.5349,136.58,0.534725,73.0327405,136.58,73.0327405,
2022-11-21 11:55:00+00:00,0.534,0.5351,0.535,0.534,2464.5,0.534525,1317.3368625,2464.5,1317.3368625,
2022-11-21 12:00:00+00:00,0.5339,0.5353,0.5345,0.5345,149.06,0.53455,79.680023,149.06,79.680023,
2022-11-21 12:05:00+00:00,0.5329,0.5353,0.5353,0.5329,590.55,0.5341,315.412755,590.55,315.412755,
2022-11-21 12:10:00+00:00,0.5331,0.5347,0.5331,0.5339,432.58,0.5337,230.867946,432.58,230.867946,
2022-11-21 12:15:00+00:00,0.5334,0.5357,0.534,0.5357,692.93,0.5347,370.509671,692.93,370.509671,
2022-11-21 12:20:00+00:00,0.5351,0.537,0.5351,0.537,2466.78,0.53605,1322.317419,2466.78,1322.317419,
2022-11-21 12:25:00+00:00,0.5361,0.5374,0.5369,0.5362,615.09,0.53665,330.0880485,615.09,330.0880485,
2022-11-21 12:30:00+00:00,0.5358,0.5368,0.5363,0.5358,210.92,0.536175,113.090031,210.92,113.090031,
2022-11-21 12:35:00+00:00,0.5358,0.5379,0.536,0.5379,1214.27,0.5369,651.941563,1214.27,651.941563,
2022-11-21 12:40:00+00:00,0.5376,0.5411,0.5377,0.5407,735.08,0.539275,396.410267,735.08,396.410267,
2022-11-21 12:45:00+00:00,0.5397,0.5416,0.54,0.5416,3027.18,0.540725,1636.8719055,3027.18,1636.8719055,
2022-11-21 12:50:00+00:00,0.5395,0.5417,0.5395,0.5417,2098.06,0.5406,1134.211236,2098.06,1134.211236,
2022-11-21 12:55:00+00:00,0.5403,0.5416,0.5414,0.5408,190.2,0.541025,102.902955,190.2,102.902955,
2022-11-21 13:00:00+00:00,0.54,0.5424,0.5406,0.5424,495.63,0.54135,268.3093005,495.63,268.3093005,
2022-11-21 13:05:00+00:00,0.5429,0.546,0.5439,0.5454,2065.79,0.54455,1124.9259445,2065.79,1124.9259445,
2022-11-21 13:10:00+00:00,0.544,0.546,0.5453,0.545,975.6,0.545075,531.77517,975.6,531.77517,
2022-11-21 13:15:00+00:00,0.543,0.5471,0.544,0.5471,1013.92,0.5453,552.890576,1013.92,552.890576,
2022-11-21 13:20:00+00:00,0.5465,0.5496,0.5468,0.5487,4593.78,0.5479,2516.932062,4593.78,2516.932062,
2022-11-21 13:25:00+00:00,0.5471,0.548,0.548,0.5477,1190.61,0.5477,652.097097,1190.61,652.097097,
2022-11-21 13:30:00+00:00,0.5467,0.5477,0.547,0.5477,415.61,0.547275,227.45296275,415.61,227.45296275,
2022-11-21 13:35:00+00:00,0.5477,0.5484,0.5477,0.5477,816.1,0.547875,447.1207875,816.1,447.1207875,
2022-11-21 13:40:00+00:00,0.5484,0.551,0.5487,0.5506,2249.77,0.549675,1236.64232475,2249.77,1236.64232475,
2022-11-21 13:45:00+00:00,0.549,0.5524,0.5506,0.549,931.65,0.55025,512.6404125,931.65,512.6404125,
2022-11-21 13:50:00+00:00,0.5486,0.55,0.5491,0.5486,4617.59,0.549075,2535.40322925,4617.59,2535.40322925,
2022-11-21 13:55:00+00:00,0.549,0.5521,0.5491,0.5517,7769.33,0.550475,4276.82193175,7769.33,4276.82193175,
2022-11-21 14:00:00+00:00,0.5511,0.5516,0.5511,0.5515,464.4,0.551325,256.03533,464.4,256.03533,
2022-11-21 14:05:00+00:00,0.5512,0.5531,0.5518,0.5531,890.59,0.5523,491.872857,890.59,491.872857,
2022-11-21 14:10:00+00:00,0.5529,0.5598,0.5531,0.5555,8732.01,0.555325,4849.10345325,8732.01,4849.10345325,
2022-11-21 14:15:00+00:00,0.5532,0.5552,0.5546,0.5548,3396.41,0.55445,1883.1395245,3396.41,1883.1395245,
2022-11-21 14:20:00+00:00,0.5528,0.5548,0.5532,0.5543,523.92,0.553775,290.133798,523.92,290.133798,
2022-11-21 14:25:00+00:00,0.5508,0.5547,0.5544,0.5508,971.19,0.552675,536.75243325,971.19,536.75243325,
2022-11-21 14:30:00+00:00,0.5486,0.5538,0.5509,0.5504,2723.02,0.550925,1500.1797935,2723.02,1500.1797935,
2022-11-21 14:35:00+00:00,0.5482,0.5505,0.5504,0.5494,2036.94,0.549625,1119.5531475,2036.94,1119.5531475,
2022-11-21 14:40:00+00:00,0.548,0.5496,0.5496,0.5485,174.12,0.548925,95.578821,174.12,95.578821,
2022-11-21 14:45:00+00:00,0.5478,0.5506,0.5485,0.5505,1960.43,0.54935,1076.9622205,1960.43,1076.9622205,
2022-11-21 14:50:00+00:00,0.549,0.5507,0.5504,0.5496,3006.4,0.549925,1653.29452,3006.4,1653.29452,
2022-11-21 14:55:00+00:00,0.5462,0.5495,0.5495,0.5462,690.49,0.54785,378.2849465,690.49,378.2849465,
2022-11-21 15:00:00+00:00,0.5455,0.5468,0.5455,0.5468,671.16,0.54615,366.554034,671.16,366.554034,
2022-11-21 15:05:00+00:00,0.5461,0.5474,0.5465,0.5466,1920.71,0.54665,1049.9561215,1920.71,1049.9561215,
2022-11-21 15:10:00+00:00,0.5457,0.5471,0.5468,0.546,528.94,0.5464,289.012816,528.94,289.012816,
2022-11-21 15:15:00+00:00,0.5454,0.5471,0.5461,0.5454,1916.36,0.546,1046.33256,1916.36,1046.33256,
2022-11-21 15:20:00+00:00,0.5448,0.5459,0.5455,0.5459,2285.3,0.545525,1246.6882825,2285.3,1246.6882825,
2022-11-21 15:25:00+00:00,0.5439,0.5467,0.5455,0.5467,1278.01,0.5457,697.410057,1278.01,697.410057,
2022-11-21 15:30:00+00:00,0.5465,0.5467,0.5465,0.5467,8.79,0.5466,4.804614,8.79,4.804614,
2022-11-21 15:35:00+00:00,0.546,0.5472,0.5467,0.5465,1643.4,0.5466,898.28244,1643.4,898.28244,
2022-11-21 15:40:00+00:00,0.5456,0.5474,0.5469,0.5456,94.94,0.546375,51.8728425,94.94,51.8728425,
2022-11-21 15:45:00+00:00,0.5457,0.5481,0.5457,0.5465,2830.47,0.5465,1546.851855,2830.47,1546.851855,
2022-11-21 15:50:00+00:00,0.546,0.5476,0.5471,0.5461,1290.06,0.5467,705.275802,1290.06,705.275802,
2022-11-21 15:55:00+00:00,0.5442,0.5461,0.5461,0.5442,669.48,0.54515,364.967022,669.48,364.967022,
2022-11-21 16:00:00+00:00,0.5441,0.5462,0.5442,0.5462,1966.88,0.545175,1072.293804,1966.88,1072.293804,
2022-11-21 16:05:00+00:00,0.5461,0.5473,0.5465,0.5461,804.62,0.5465,439.72483,804.62,439.72483,
2022-11-21 16:10:00+00:00,0.5442,0.546,0.546,0.5447,5740.67,0.545225,3129.95680075,5740.67,3129.95680075,
2022-11-21 16:15:00+00:00,0.5418,0.5457,0.5449,0.5428,6823.06,0.5438,3710.380028,6823.06,3710.380028,
2022-11-21 16:20:00+00:00,0.54,0.5425,0.5425,0.5414,1759.83,0.5416,953.123928,1759.83,953.123928,
2022-11-21 16:25:00+00:00,0.5377,0.5425,0.541,0.5377,1752.87,0.539725,946.06776075,1752.87,946.06776075,
2022-11-21 16:30:00+00:00,0.5348,0.5377,0.537,0.5365,955.29,0.5365,512.513085,955.29,512.513085,
2022-11-21 16:35:00+00:00,0.5365,0.5384,0.5374,0.5365,844.27,0.5372,453.541844,844.27,453.541844,
2022-11-21 16:40:00+00:00,0.5378,0.5412,0.5382,0.5412,605.93,0.5396,326.959828,605.93,326.959828,
2022-11-21 16:45:00+00:00,0.5433,0.5454,0.5433,0.5435,4745.53,0.543875,2580.97512875,4745.53,2580.97512875,
2022-11-21 16:50:00+00:00,0.5429,0.5445,0.5429,0.5445,1085.16,0.5437,590.001492,1085.16,590.001492,
2022-11-21 16:55:00+00:00,0.5427,0.5438,0.5438,0.5427,203.04,0.54325,110.30148,203.04,110.30148,
2022-11-21 17:00:00+00:00,0.5409,0.543,0.5423,0.541,2042.44,0.5418,1106.593992,2042.44,1106.593992,
2022-11-21 17:05:00+00:00,0.5391,0.5421,0.5416,0.5391,1683.21,0.540475,909.73292475,1683.21,909.73292475,
2022-11-21 17:10:00+00:00,0.5381,0.5399,0.5399,0.5392,4778.89,0.539275,2577.13590475,4778.89,2577.13590475,
2022-11-21 17:15:00+00:00,0.5382,0.54,0.5382,0.5393,1463.99,0.538925,788.98081075,1463.99,788.98081075,
2022-11-21 17:20:00+00:00,0.5389,0.5414,0.54,0.5409,950.81,0.5403,513.722643,950.81,513.722643,
2022-11-21 17:25:00+00:00,0.535,0.5405,0.5405,0.535,1898.15,0.53775,1020.7301625,1898.15,1020.7301625,
2022-11-21 17:30:00+00:00,0.5359,0.5377,0.536,0.5368,1406.56,0.5366,754.760096,1406.56,754.760096,
2022-11-21 17:35:00+00:00,0.5364,0.54,0.5371,0.5391,13403.09,0.53815,7212.8728835,13403.09,7212.8728835,
2022-11-21 17:40:00+00:00,0.5394,0.5405,0.5394,0.5402,1573.41,0.539875,849.44472375,1573.41,849.44472375,
2022-11-21 17:45:00+00:00,0.5381,0.5399,0.5399,0.539,1045.26,0.539225,563.6303235,1045.26,563.6303235,
2022-11-21 17:50:00+00:00,0.5375,0.5389,0.5381,0.5376,867.21,0.538025,466.58066025,867.21,466.58066025,
2022-11-21 17:55:00+00:00,0.5358,0.5381,0.5365,0.5358,867.49,0.53655,465.4517595,867.49,465.4517595,
2022-11-21 18:00:00+00:00,0.534,0.5372,0.5351,0.534,2057.64,0.535075,1100.991723,2057.64,1100.991723,
2022-11-21 18:05:00+00:00,0.5287,0.5344,0.5343,0.5304,1837.61,0.53195,977.5166395,1837.61,977.5166395,
2022-11-21 18:10:00+00:00,0.5303,0.5347,0.5303,0.5329,6362.54,0.53205,3385.189407,6362.54,3385.189407,
2022-11-21 18:15:00+00:00,0.5314,0.5338,0.5314,0.5315,2751.75,0.532025,1463.99979375,2751.75,1463.99979375,
2022-11-21 18:20:00+00:00,0.5292,0.5333,0.5318,0.5328,1547.34,0.531775,822.8367285,1547.34,822.8367285,
2022-11-21 18:25:00+00:00,0.5306,0.5347,0.5327,0.5347,7265.76,0.533175,3873.921588,7265.76,3873.921588,
2022-11-21 18:30:00+00:00,0.5329,0.535,0.5349,0.5344,1661.23,0.5343,887.595189,1661.23,887.595189,
2022-11-21 18:35:00+00:00,0.5344,0.5363,0.5346,0.5347,413.97,0.535,221.47395,413.97,221.47395,
2022-11-21 18:40:00+00:00,0.5342,0.5359,0.5347,0.5359,4080.33,0.535175,2183.69060775,4080.33,2183.69060775,
2022-11-21 18:45:00+00:00,0.5341,0.5379,0.5348,0.5379,7879.07,0.536175,4224.56035725,7879.07,4224.56035725,
2022-11-21 18:50:00+00:00,0.5361,0.5373,0.5373,0.5367,1932.29,0.53685,1037.3498865,1932.29,1037.3498865,
2022-11-21 18:55:00+00:00,0.5343,0.536,0.536,0.535,2524.8,0.535325,1351.58856,2524.8,1351.58856,
2022-11-21 19:00:00+00:00,0.5344,0.5356,0.5348,0.5349,453.08,0.534925,242.363819,453.08,242.363819,
2022-11-21 19:05:00+00:00,0.5363,0.5369,0.5367,0.5369,515.14,0.5367,276.475638,515.14,276.475638,
2022-11-21 19:10:00+00:00,0.5363,0.5373,0.5365,0.5369,1365.65,0.53675,733.0126375,1365.65,733.0126375,
2022-11-21 19:15:00+00:00,0.5358,0.5373,0.5371,0.5365,611.22,0.536675,328.0264935,611.22,328.0264935,
2022-11-21 19:20:00+00:00,0.5348,0.5362,0.5362,0.5351,238.61,0.535575,127.79355075,238.61,127.79355075,
2022-11-21 19:25:00+00:00,0.5305,0.5363,0.5353,0.5336,3037.64,0.533925,1621.871937,3037.64,1621.871937,
2022-11-21 19:30:00+00:00,0.5255,0.5339,0.5339,0.526,3701.31,0.529825,1961.04657075,3701.31,1961.04657075,
2022-11-21 19:35:00+00:00,0.5239,0.5289,0.5279,0.5273,6334.01,0.527,3338.02327,6334.01,3338.02327,
2022-11-21 19:40:00+00:00,0.5259,0.5284,0.5277,0.5259,893.2,0.526975,470.69407,893.2,470.69407,
2022-11-21 19:45:00+00:00,0.5236,0.5267,0.5248,0.5257,3861.52,0.5252,2028.070304,3861.52,2028.070304,
2022-11-21 19:50:00+00:00,0.5235,0.5267,0.5249,0.5267,2551.4,0.52545,1340.63313,2551.4,1340.63313,
2022-11-21 19:55:00+00:00,0.5253,0.528,0.526,0.5276,877.57,0.526725,462.23805825,877.57,462.23805825,
2022-11-21 20:00:00+00:00,0.5278,0.5295,0.5285,0.5295,1219.7,0.528825,645.0078525,1219.7,645.0078525,
2022-11-21 20:05:00+00:00,0.5299,0.5355,0.5299,0.5355,1201.98,0.5327,640.294746,1201.98,640.294746,
2022-11-21 20:10:00+00:00,0.533,0.5365,0.536,0.5344,9722.21,0.534975,5201.13929475,9722.21,5201.13929475,
2022-11-21 20:15:00+00:00,0.5347,0.5377,0.5348,0.5369,10326.54,0.536025,5535.2836035,10326.54,5535.2836035,
2022-11-21 20:20:00+00:00,0.5341,0.5355,0.5352,0.5343,966.85,0.534775,517.04720875,966.85,517.04720875,
2022-11-21 20:25:00+00:00,0.5335,0.5343,0.5337,0.5337,2579.97,0.5338,1377.187986,2579.97,1377.187986,
2022-11-21 20:30:00+00:00,0.5331,0.5356,0.5331,0.5349,1031.87,0.534175,551.19915725,1031.87,551.19915725,
2022-11-21 20:35:00+00:00,0.5346,0.5416,0.5356,0.5378,4211.49,0.5374,2263.254726,4211.49,2263.254726,
2022-11-21 20:40:00+00:00,0.5276,0.5386,0.5379,0.5355,198478.85,0.5349,106166.336865,198478.85,106166.336865,
2022-11-21 20:45:00+00:00,0.5267,0.5369,0.5355,0.5339,507636.51,0.53325,270697.1689575,507636.51,270697.1689575,
2022-11-21 20:50:00+00:00,0.523,0.5339,0.5339,0.5332,381308.51,0.531,202474.81881,381308.51,202474.81881,
2022-11-21 20:55:00+00:00,0.5331,0.5338,0.5334,0.5335,6973.84,0.53345,3720.194948,6973.84,3720.194948,
2022-11-21 21:00:00+00:00,0.5336,0.5364,0.5336,0.5356,9285.22,0.5348,4965.735656,9285.22,4965.735656,
2022-11-21 21:05:00+00:00,0.5346,0.5363,0.5356,0.5361,1938.4,0.53565,1038.30396,1938.4,1038.30396,
2022-11-21 21:10:00+00:00,0.5355,0.5368,0.5363,0.5355,2130.75,0.536025,1142.13526875,2130.75,1142.13526875,
2022-11-21 21:15:00+00:00,0.5344,0.536,0.5354,0.5348,2528.89,0.53515,1353.3354835,2528.89,1353.3354835,
2022-11-21 21:20:00+00:00,0.5344,0.536,0.5354,0.5344,2258.43,0.53505,1208.3729715,2258.43,1208.3729715,
2022-11-21 21:25:00+00:00,0.5338,0.5353,0.5348,0.5345,1685.71,0.5346,901.180566,1685.71,901.180566,
2022-11-21 21:30:00+00:00,0.5336,0.5346,0.5346,0.5339,1674.84,0.534175,894.657657,1674.84,894.657657,
2022-11-21 21:35:00+00:00,0.5338,0.5348,0.5338,0.5341,2124.68,0.534125,1134.844705,2124.68,1134.844705,
2022-11-21 21:40:00+00:00,0.5332,0.5339,0.5339,0.5338,1234.83,0.5337,659.028771,1234.83,659.028771,
2022-11-21 21:45:00+00:00,0.5263,0.5338,0.5338,0.5288,17050.68,0.530675,9048.369609,17050.68,9048.369609,
2022-11-21 21:50:00+00:00,0.5237,0.5284,0.528,0.5282,11020.92,0.527075,5808.851409,11020.92,5808.851409,
2022-11-21 21:55:00+00:00,0.5279,0.5306,0.5279,0.5288,6736.57,0.5288,3562.298216,6736.57,3562.298216,
2022-11-21 22:00:00+00:00,0.5277,0.5309,0.5288,0.5277,3846.15,0.528775,2033.74796625,3846.15,2033.74796625,
2022-11-21 22:05:00+00:00,0.5278,0.5298,0.5279,0.5292,4743.81,0.528675,2507.93375175,4743.81,2507.93375175,
2022-11-21 22:10:00+00:00,0.5263,0.5297,0.529,0.5271,1882.59,0.528025,994.05458475,1882.59,994.05458475,
2022-11-21 22:15:00+00:00,0.5269,0.528,0.5271,0.5277,2432.25,0.527425,1282.82945625,2432.25,1282.82945625,
2022-11-21 22:20:00+00:00,0.528,0.5336,0.528,0.532,4557.12,0.5304,2417.096448,4557.12,2417.096448,
2022-11-21 22:25:00+00:00,0.5316,0.5354,0.5321,0.5354,1229.23,0.533625,655.94785875,1229.23,655.94785875,
2022-11-21 22:30:00+00:00,0.5335,0.536,0.536,0.5339,2132.74,0.53485,1140.695989,2132.74,1140.695989,
2022-11-21 22:35:00+00:00,0.5335,0.5358,0.5339,0.5342,1266.54,0.53435,676.775649,1266.54,676.775649,
2022-11-21 22:40:00+00:00,0.5331,0.5342,0.5342,0.5338,1389.52,0.533825,741.760514,1389.52,741.760514,
2022-11-21 22:45:00+00:00,0.5302,0.5337,0.5337,0.5313,1656.86,0.532225,881.8223135,1656.86,881.8223135,
2022-11-21 22:50:00+00:00,0.5307,0.5319,0.5316,0.5307,101.37,0.531225,53.85027825,101.37,53.85027825,
2022-11-21 22:55:00+00:00,0.5305,0.5316,0.5306,0.5316,967.1,0.531075,513.6026325,967.1,513.6026325,
2022-11-21 23:00:00+00:00,0.5309,0.5331,0.5315,0.5318,935.08,0.531825,497.298921,935.08,497.298921,
2022-11-21 23:05:00+00:00,0.5318,0.5342,0.5318,0.5342,449.35,0.533,239.50355,449.35,239.50355,
2022-11-21 23:10:00+00:00,0.5332,0.5373,0.5332,0.5373,2317.59,0.53525,1240.4900475,2317.59,1240.4900475,
2022-11-21 23:15:00+00:00,0.5343,0.5384,0.5375,0.5349,6156.08,0.536275,3301.351802,6156.08,3301.351802,
2022-11-21 23:20:00+00:00,0.5333,0.5353,0.5353,0.5333,16252.1,0.5343,8683.49703,16252.1,8683.49703,
2022-11-21 23:25:00+00:00,0.5326,0.5337,0.5336,0.5336,1196.14,0.533375,637.9911725,1196.14,637.9911725,
2022-11-21 23:30:00+00:00,0.533,0.5341,0.5332,0.5331,1170.18,0.53335,624.115503,1170.18,624.115503,
2022-11-21 23:35:00+00:00,0.5327,0.5339,0.5331,0.5331,1108.78,0.5332,591.201496,1108.78,591.201496,
2022-11-21 23:40:00+00:00,0.5326,0.5338,0.5332,0.5331,2383.65,0.533175,1270.90258875,2383.65,1270.90258875,
2022-11-21 23:45:00+00:00,0.5324,0.5342,0.5333,0.5331,2000.0,0.53325,1066.5,2000.0,1066.5,
2022-11-21 23:50:00+00:00,0.5323,0.5342,0.5339,0.5323,392.17,0.533175,209.09523975,392.17,209.09523975,
2022-11-21 23:55:00+00:00,0.5329,0.5349,0.5329,0.533,2690.18,0.533425,1435.0092665,2690.18,1435.0092665,
2022-11-22 00:00:00+00:00,0.5325,0.539,0.5331,0.5376,2463.97,0.53555,1319.5791335,2463.97,1319.5791335,
2022-11-22 00:05:00+00:00,0.5376,0.5424,0.5376,0.5408,5434.45,0.5396,2932.42922,5434.45,2932.42922,
2022-11-22 00:10:00+00:00,0.5402,0.5414,0.5402,0.5414,2263.23,0.5408,1223.954784,2263.23,1223.954784,
2022-11-22 00:15:00+00:00,0.5404,0.5417,0.541,0.5406,1414.24,0.540925,764.997772,1414.24,764.997772,
2022-11-22 00:20:00+00:00,0.5404,0.5437,0.5407,0.5417,2085.0,0.541625,1129.288125,2085.0,1129.288125,
2022-11-22 00:25:00+00:00,0.5394,0.541,0.5408,0.54,2685.1,0.5403,1450.75953,2685.1,1450.75953,
2022-11-22 00:30:00+00:00,0.5395,0.5404,0.5403,0.5395,9367.17,0.539925,5057.56926225,9367.17,5057.56926225,
2022-11-22 00:35:00+00:00,0.537,0.5391,0.5391,0.5374,2100.26,0.53815,1130.254919,2100.26,1130.254919,
2022-11-22 00:40:00+00:00,0.5369,0.5381,0.5369,0.5376,1836.59,0.537375,986.93755125,1836.59,986.93755125,
2022-11-22 00:45:00+00:00,0.5366,0.5369,0.5369,0.5366,61.92,0.53675,33.23556,61.92,33.23556,
2022-11-22 00:50:00+00:00,0.5369,0.5382,0.5382,0.5373,628.82,0.53765,338.085073,628.82,338.085073,
2022-11-22 00:55:00+00:00,0.5377,0.5386,0.5383,0.5379,1895.58,0.538125,1020.0589875,1895.58,1020.0589875,
2022-11-22 01:00:00+00:00,0.5367,0.5386,0.5377,0.5379,2153.55,0.537725,1158.01767375,2153.55,1158.01767375,
2022-11-22 01:05:00+00:00,0.5377,0.5388,0.5385,0.5381,888.08,0.538275,478.031262,888.08,478.031262,
2022-11-22 01:10:00+00:00,0.5377,0.5391,0.5386,0.5377,1557.95,0.538275,838.60553625,1557.95,838.60553625,
2022-11-22 01:15:00+00:00,0.536,0.5379,0.5378,0.536,5754.94,0.536925,3089.9711595,5754.94,3089.9711595,
2022-11-22 01:20:00+00:00,0.536,0.537,0.536,0.537,1248.99,0.5365,670.083135,1248.99,670.083135,
2022-11-22 01:25:00+00:00,0.536,0.5369,0.5369,0.5364,290.48,0.53655,155.857044,290.48,155.857044,
2022-11-22 01:30:00+00:00,0.5358,0.537,0.5364,0.5364,596.79,0.5364,320.118156,596.79,320.118156,
2022-11-22 01:35:00+00:00,0.5357,0.5366,0.5362,0.5362,301.94,0.536175,161.8926795,301.94,161.8926795,
2022-11-22 01:40:00+00:00,0.5353,0.536,0.5356,0.536,395.77,0.535725,212.02388325,395.77,212.02388325,
2022-11-22 01:45:00+00:00,0.5339,0.5359,0.5355,0.5352,850.67,0.535125,455.21478375,850.67,455.21478375,
2022-11-22 01:50:00+00:00,0.5343,0.5352,0.535,0.5343,1225.89,0.5347,655.483383,1225.89,655.483383,
2022-11-22 01:55:00+00:00,0.5339,0.5343,0.5343,0.5342,7.37,0.534175,3.93686975,7.37,3.93686975,
2022-11-22 02:00:00+00:00,0.5359,0.5412,0.5359,0.5392,2866.12,0.53805,1542.115866,2866.12,1542.115866,
2022-11-22 02:05:00+00:00,0.536,0.5392,0.5391,0.5372,997.39,0.537875,536.47114625,997.39,536.47114625,
2022-11-22 02:10:00+00:00,0.534,0.5384,0.5369,0.535,6616.05,0.536075,3546.69900375,6616.05,3546.69900375,
2022-11-22 02:15:00+00:00,0.5356,0.5372,0.5363,0.5364,1371.73,0.536375,735.76167875,1371.73,735.76167875,
2022-11-22 02:20:00+00:00,0.5358,0.5369,0.536,0.5366,840.35,0.536325,450.70071375,840.35,450.70071375,
2022-11-22 02:25:00+00:00,0.5348,0.5365,0.5364,0.535,1324.33,0.535675,709.41047275,1324.33,709.41047275,
2022-11-22 02:30:00+00:00,0.5349,0.5363,0.5357,0.5359,190.44,0.5357,102.018708,190.44,102.018708,
2022-11-22 02:35:00+00:00,0.535,0.5363,0.536,0.535,343.26,0.535575,183.8414745,343.26,183.8414745,
2022-11-22 02:40:00+00:00,0.5349,0.5361,0.5351,0.5349,351.88,0.53525,188.34377,351.88,188.34377,
2022-11-22 02:45:00+00:00,0.534,0.5351,0.5348,0.535,1790.67,0.534725,957.51601575,1790.67,957.51601575,
2022-11-22 02:50:00+00:00,0.5354,0.5367,0.5357,0.5356,599.64,0.53585,321.317094,599.64,321.317094,
2022-11-22 02:55:00+00:00,0.5367,0.538,0.5368,0.5377,429.05,0.5373,230.528565,429.05,230.528565,
2022-11-22 03:00:00+00:00,0.5372,0.5385,0.538,0.5379,1501.65,0.5379,807.737535,1501.65,807.737535,
2022-11-22 03:05:00+00:00,0.5385,0.5399,0.5385,0.5399,30.67,0.5392,16.537264,30.67,16.537264,
2022-11-22 03:10:00+00:00,0.5386,0.5395,0.5395,0.539,168.74,0.53915,90.976171,168.74,90.976171,
2022-11-22 03:15:00+00:00,0.5377,0.5383,0.5383,0.5381,567.6,0.5381,305.42556,567.6,305.42556,
2022-11-22 03:20:00+00:00,0.5361,0.5379,0.5379,0.5361,44.48,0.537,23.88576,44.48,23.88576,
2022-11-22 03:25:00+00:00,0.5353,0.5364,0.5362,0.5353,10701.38,0.5358,5733.799404,10701.38,5733.799404,
2022-11-22 03:30:00+00:00,0.5348,0.5356,0.5356,0.535,319.65,0.53525,171.0926625,319.65,171.0926625,
2022-11-22 03:35:00+00:00,0.533,0.535,0.535,0.534,9815.89,0.53425,5244.1392325,9815.89,5244.1392325,
2022-11-22 03:40:00+00:00,0.5322,0.5336,0.5335,0.5324,1252.69,0.532925,667.58981825,1252.69,667.58981825,
2022-11-22 03:45:00+00:00,0.5312,0.5322,0.5317,0.5312,597.22,0.531575,317.4672215,597.22,317.4672215,
2022-11-22 03:50:00+00:00,0.5316,0.5359,0.532,0.5341,8081.19,0.5334,4310.506746,8081.19,4310.506746,
2022-11-22 03:55:00+00:00,0.5329,0.534,0.534,0.5339,744.12,0.5337,397.136844,744.12,397.136844,
2022-11-22 04:00:00+00:00,0.5331,0.5345,0.5331,0.5345,311.5,0.5338,166.2787,311.5,166.2787,
2022-11-22 04:05:00+00:00,0.5341,0.5371,0.5345,0.5361,5364.87,0.53545,2872.6196415,5364.87,2872.6196415,
2022-11-22 04:10:00+00:00,0.5361,0.537,0.5366,0.5369,137.39,0.53665,73.7303435,137.39,73.7303435,
2022-11-22 04:15:00+00:00,0.537,0.5377,0.5374,0.5371,953.27,0.5373,512.191971,953.27,512.191971,
2022-11-22 04:20:00+00:00,0.5354,0.5373,0.5371,0.5354,942.33,0.5363,505.371579,942.33,505.371579,
2022-11-22 04:25:00+00:00,0.5353,0.5363,0.5359,0.5358,1031.62,0.535825,552.7677865,1031.62,552.7677865,
2022-11-22 04:30:00+00:00,0.5354,0.5364,0.5354,0.5364,252.11,0.5359,135.105749,252.11,135.105749,
2022-11-22 04:35:00+00:00,0.5362,0.5366,0.5366,0.5364,149.02,0.53645,79.941779,149.02,79.941779,
2022-11-22 04:40:00+00:00,0.5361,0.5366,0.5366,0.5363,2827.79,0.5364,1516.826556,2827.79,1516.826556,
2022-11-22 04:45:00+00:00,0.5363,0.5366,0.5365,0.5366,3387.8,0.5365,1817.5547,3387.8,1817.5547,
2022-11-22 04:50:00+00:00,0.5348,0.536,0.536,0.5354,687.89,0.53555,368.3994895,687.89,368.3994895,
2022-11-22 04:55:00+00:00,0.5351,0.5357,0.5354,0.5354,351.65,0.5354,188.27341,351.65,188.27341,
2022-11-22 05:00:00+00:00,0.5336,0.536,0.536,0.5338,1192.78,0.53485,637.958383,1192.78,637.958383,
2022-11-22 05:05:00+00:00,0.5335,0.5345,0.5335,0.5345,947.53,0.534,505.98102,947.53,505.98102,
2022-11-22 05:10:00+00:00,0.5333,0.534,0.534,0.5333,71.57,0.53365,38.1933305,71.57,38.1933305,
2022-11-22 05:15:00+00:00,0.5319,0.5332,0.5321,0.5325,5467.06,0.532425,2910.7994205,5467.06,2910.7994205,
2022-11-22 05:20:00+00:00,0.5318,0.533,0.5325,0.532,1076.38,0.532325,572.9839835,1076.38,572.9839835,
2022-11-22 05:25:00+00:00,0.531,0.5321,0.5317,0.531,3436.46,0.53145,1826.306667,3436.46,1826.306667,
2022-11-22 05:30:00+00:00,0.5299,0.5315,0.5313,0.531,2482.76,0.530925,1318.159353,2482.76,1318.159353,
2022-11-22 05:35:00+00:00,0.5303,0.5331,0.5312,0.5331,1153.23,0.531925,613.43186775,1153.23,613.43186775,
2022-11-22 05:40:00+00:00,0.532,0.5326,0.5321,0.5326,313.94,0.532325,167.1181105,313.94,167.1181105,
2022-11-22 05:45:00+00:00,0.5321,0.5336,0.5332,0.5321,842.84,0.53275,449.02301,842.84,449.02301,
2022-11-22 05:50:00+00:00,0.5308,0.5319,0.5319,0.5314,884.38,0.5315,470.04797,884.38,470.04797,
2022-11-22 05:55:00+00:00,0.531,0.532,0.532,0.5315,923.42,0.531625,490.9131575,923.42,490.9131575,
2022-11-22 06:00:00+00:00,0.5307,0.5322,0.5322,0.5307,837.64,0.53145,445.163778,837.64,445.163778,
2022-11-22 06:05:00+00:00,0.5307,0.5318,0.5307,0.5316,435.73,0.5312,231.459776,435.73,231.459776,
2022-11-22 06:10:00+00:00,0.5312,0.5317,0.5314,0.5317,88.75,0.5315,47.170625,88.75,47.170625,
2022-11-22 06:15:00+00:00,0.5304,0.5315,0.5315,0.5304,597.02,0.53095,316.987769,597.02,316.987769,
2022-11-22 06:20:00+00:00,0.5283,0.5307,0.5307,0.5289,57887.97,0.52965,30660.3633105,57887.97,30660.3633105,
2022-11-22 06:25:00+00:00,0.5252,0.5291,0.5282,0.5252,41388.59,0.526925,21808.68278575,41388.59,21808.68278575,
2022-11-22 06:30:00+00:00,0.5273,0.5284,0.5284,0.5284,16549.95,0.528125,8740.44234375,16549.95,8740.44234375,
2022-11-22 06:35:00+00:00,0.5288,0.5292,0.529,0.5291,4239.65,0.529025,2242.88084125,4239.65,2242.88084125,
2022-11-22 06:40:00+00:00,0.5268,0.529,0.529,0.5271,2206.36,0.527975,1164.902921,2206.36,1164.902921,
2022-11-22 06:45:00+00:00,0.5231,0.5269,0.5269,0.5233,6573.25,0.52505,3451.2849125,6573.25,3451.2849125,
2022-11-22 06:50:00+00:00,0.5215,0.5243,0.5236,0.5227,4975.88,0.523025,2602.509637,4975.88,2602.509637,
2022-11-22 06:55:00+00:00,0.521,0.5224,0.5217,0.521,3991.42,0.521525,2081.6253155,3991.42,2081.6253155,
2022-11-22 07:00:00+00:00,0.5169,0.5209,0.5209,0.5202,7288.94,0.519725,3788.2443415,7288.94,3788.2443415,
2022-11-22 07:05:00+00:00,0.5195,0.5218,0.5202,0.5206,4123.04,0.520525,2146.145396,4123.04,2146.145396,
2022-11-22 07:10:00+00:00,0.5202,0.5215,0.5208,0.5202,846.9,0.520675,440.9596575,846.9,440.9596575,
2022-11-22 07:15:00+00:00,0.5206,0.5237,0.5206,0.5225,561.75,0.52185,293.1492375,561.75,293.1492375,
2022-11-22 07:20:00+00:00,0.5225,0.523,0.5227,0.5228,70.41,0.52275,36.8068275,70.41,36.8068275,
2022-11-22 07:25:00+00:00,0.5223,0.5231,0.5224,0.5228,457.3,0.52265,239.007845,457.3,239.007845,
2022-11-22 07:30:00+00:00,0.5221,0.5242,0.5236,0.5221,47.08,0.523,24.62284,47.08,24.62284,
2022-11-22 07:35:00+00:00,0.5216,0.523,0.522,0.5228,1626.22,0.52235,849.456017,1626.22,849.456017,
2022-11-22 07:40:00+00:00,0.5218,0.5232,0.5225,0.5223,514.08,0.52245,268.581096,514.08,268.581096,
2022-11-22 07:45:00+00:00,0.522,0.5231,0.5229,0.5224,573.9,0.5226,299.92014,573.9,299.92014,
2022-11-22 07:50:00+00:00,0.522,0.5245,0.522,0.5245,685.44,0.52325,358.65648,685.44,358.65648,
2022-11-22 07:55:00+00:00,0.5236,0.5253,0.5244,0.5245,995.66,0.52445,522.173887,995.66,522.173887,
2022-11-22 08:00:00+00:00,0.523,0.5244,0.5244,0.5234,825.04,0.5238,432.155952,825.04,432.155952,
2022-11-22 08:05:00+00:00,0.523,0.5232,0.523,0.5232,136.0,0.5231,71.1416,136.0,71.1416,
2022-11-22 08:10:00+00:00,0.5225,0.5237,0.523,0.5229,355.03,0.523025,185.68956575,355.03,185.68956575,
2022-11-22 08:15:00+00:00,0.5193,0.5226,0.5226,0.5207,1513.4,0.5213,788.93542,1513.4,788.93542,
2022-11-22 08:20:00+00:00,0.5193,0.5216,0.5216,0.5207,47.88,0.5208,24.935904,47.88,24.935904,
2022-11-22 08:25:00+00:00,0.5215,0.5221,0.5221,0.5215,506.77,0.5218,264.432586,506.77,264.432586,
2022-11-22 08:30:00+00:00,0.5202,0.5223,0.5213,0.5222,2752.25,0.5215,1435.298375,2752.25,1435.298375,
2022-11-22 08:35:00+00:00,0.52,0.5209,0.5209,0.52,966.62,0.52045,503.077379,966.62,503.077379,
2022-11-22 08:40:00+00:00,0.5193,0.5211,0.52,0.5211,4582.97,0.520375,2384.86301375,4582.97,2384.86301375,
2022-11-22 08:45:00+00:00,0.5214,0.5288,0.5214,0.5274,10199.59,0.52475,5352.2348525,10199.59,5352.2348525,
2022-11-22 08:50:00+00:00,0.526,0.5272,0.5271,0.5271,591.57,0.52685,311.6686545,591.57,311.6686545,
2022-11-22 08:55:00+00:00,0.526,0.5271,0.5269,0.526,740.75,0.5265,390.004875,740.75,390.004875,
2022-11-22 09:00:00+00:00,0.524,0.5282,0.5253,0.5282,11197.2,0.526425,5894.48601,11197.2,5894.48601,
2022-11-22 09:05:00+00:00,0.5268,0.5285,0.5268,0.5285,124.76,0.52765,65.829614,124.76,65.829614,
2022-11-22 09:10:00+00:00,0.5264,0.5286,0.5286,0.5266,3166.26,0.52755,1670.360463,3166.26,1670.360463,
2022-11-22 09:15:00+00:00,0.5254,0.5266,0.5264,0.5254,1931.82,0.52595,1016.040729,1931.82,1016.040729,
2022-11-22 09:20:00+00:00,0.5243,0.5253,0.525,0.5253,128.98,0.524975,67.7112755,128.98,67.7112755,
2022-11-22 09:25:00+00:00,0.5244,0.5247,0.5247,0.5244,6.24,0.52455,3.273192,6.24,3.273192,
2022-11-22 09:30:00+00:00,0.5242,0.525,0.5244,0.5242,11.72,0.52445,6.146554,11.72,6.146554,
2022-11-22 09:35:00+00:00,0.5253,0.526,0.5253,0.526,31.11,0.52565,16.3529715,31.11,16.3529715,
2022-11-22 09:40:00+00:00,0.5254,0.5254,0.5254,0.5254,21.99,0.5254,11.553546,21.99,11.553546,
2022-11-22 09:45:00+00:00,0.5236,0.525,0.525,0.5236,150.14,0.5243,78.718402,150.14,78.718402,
2022-11-22 09:50:00+00:00,0.5228,0.5232,0.5232,0.5228,1830.02,0.523,957.10046,1830.02,957.10046,
2022-11-22 09:55:00+00:00,0.523,0.5234,0.5231,0.523,38.14,0.523125,19.9519875,38.14,19.9519875,
2022-11-22 10:00:00+00:00,0.5188,0.5235,0.5222,0.5235,1481.36,0.522,773.26992,1481.36,773.26992,
2022-11-22 10:05:00+00:00,0.5215,0.5239,0.5229,0.5239,993.93,0.52305,519.8750865,993.93,519.8750865,
2022-11-22 10:10:00+00:00,0.5228,0.5234,0.5228,0.5234,8.39,0.5231,4.388809,8.39,4.388809,
2022-11-22 10:15:00+00:00,0.524,0.5259,0.524,0.5259,197.55,0.52495,103.7038725,197.55,103.7038725,
2022-11-22 10:20:00+00:00,0.5253,0.5268,0.5266,0.5268,217.67,0.526375,114.57604625,217.67,114.57604625,
2022-11-22 10:25:00+00:00,0.5266,0.528,0.5266,0.5272,1006.08,0.5271,530.304768,1006.08,530.304768,
2022-11-22 10:30:00+00:00,0.5258,0.5279,0.5279,0.5258,274.99,0.52685,144.8784815,274.99,144.8784815,
2022-11-22 10:35:00+00:00,0.526,0.5269,0.5269,0.5264,308.02,0.52655,162.187931,308.02,162.187931,
2022-11-22 10:40:00+00:00,0.5259,0.527,0.5261,0.5259,76.15,0.526225,40.07203375,76.15,40.07203375,
2022-11-22 10:45:00+00:00,0.5259,0.5284,0.5259,0.5284,165.35,0.52715,87.1642525,165.35,87.1642525,
2022-11-22 10:50:00+00:00,0.5277,0.5288,0.5285,0.5287,1289.15,0.528425,681.21908875,1289.15,681.21908875,
2022-11-22 10:55:00+00:00,0.5288,0.531,0.5288,0.5305,267.47,0.529775,141.69891925,267.47,141.69891925,
2022-11-22 11:00:00+00:00,0.5288,0.53,0.53,0.5291,398.87,0.529475,211.19169325,398.87,211.19169325,
2022-11-22 11:05:00+00:00,0.5286,0.5308,0.5293,0.5308,492.6,0.529875,261.016425,492.6,261.016425,
2022-11-22 11:10:00+00:00,0.5297,0.5305,0.5305,0.5297,97.6,0.5301,51.73776,97.6,51.73776,
2022-11-22 11:15:00+00:00,0.5287,0.5298,0.5294,0.5293,749.82,0.5293,396.879726,749.82,396.879726,
2022-11-22 11:20:00+00:00,0.5283,0.5293,0.5288,0.5284,62.3,0.5287,32.93801,62.3,32.93801,
2022-11-22 11:25:00+00:00,0.5271,0.5275,0.5275,0.5274,45.26,0.527375,23.8689925,45.26,23.8689925,
2022-11-22 11:30:00+00:00,0.5257,0.5272,0.5264,0.5272,13.48,0.526625,7.098905,13.48,7.098905,
2022-11-22 11:35:00+00:00,0.5259,0.5269,0.526,0.5269,41.13,0.526425,21.65186025,41.13,21.65186025,
2022-11-22 11:40:00+00:00,0.5258,0.5267,0.5267,0.5266,348.06,0.52645,183.236187,348.06,183.236187,
2022-11-22 11:45:00+00:00,0.5266,0.5278,0.5266,0.5278,343.85,0.5272,181.27772,343.85,181.27772,
2022-11-22 11:50:00+00:00,0.5259,0.528,0.5278,0.527,4122.92,0.527175,2173.500351,4122.92,2173.500351,
2022-11-22 11:55:00+00:00,0.5261,0.5269,0.5267,0.5265,1040.17,0.52655,547.7015135,1040.17,547.7015135,
2022-11-22 12:00:00+00:00,0.525,0.5265,0.5263,0.525,499.87,0.5257,262.781659,499.87,262.781659,
2022-11-22 12:05:00+00:00,0.5235,0.5252,0.525,0.5235,625.16,0.5243,327.771388,625.16,327.771388,
2022-11-22 12:10:00+00:00,0.5237,0.527,0.5241,0.527,1288.72,0.52545,677.157924,1288.72,677.157924,
2022-11-22 12:15:00+00:00,0.5254,0.5284,0.528,0.527,456.03,0.5272,240.419016,456.03,240.419016,
2022-11-22 12:20:00+00:00,0.5266,0.528,0.5275,0.5276,58.63,0.527425,30.92292775,58.63,30.92292775,
2022-11-22 12:25:00+00:00,0.5248,0.5275,0.5275,0.5267,622.55,0.526625,327.85039375,622.55,327.85039375,
2022-11-22 12:30:00+00:00,0.5251,0.5263,0.5263,0.5261,263.91,0.52595,138.8034645,263.91,138.8034645,
2022-11-22 12:35:00+00:00,0.5257,0.5267,0.5261,0.5265,804.0,0.52625,423.105,804.0,423.105,
2022-11-22 12:40:00+00:00,0.5255,0.5274,0.5257,0.526,418.02,0.52615,219.941223,418.02,219.941223,
2022-11-22 12:45:00+00:00,0.526,0.5296,0.526,0.5293,3558.46,0.527725,1877.8883035,3558.46,1877.8883035,
2022-11-22 12:50:00+00:00,0.529,0.5407,0.5299,0.5317,13283.32,0.532825,7077.684979,13283.32,7077.684979,
2022-11-22 12:55:00+00:00,0.5303,0.535,0.5314,0.535,249.4,0.532925,132.911495,249.4,132.911495,
2022-11-22 13:00:00+00:00,0.5315,0.5358,0.5353,0.5315,5227.26,0.533525,2788.8738915,5227.26,2788.8738915,
2022-11-22 13:05:00+00:00,0.5319,0.5365,0.5325,0.5365,473.76,0.53435,253.153656,473.76,253.153656,
2022-11-22 13:10:00+00:00,0.5351,0.539,0.5366,0.5375,2703.07,0.53705,1451.6837435,2703.07,1451.6837435,
2022-11-22 13:15:00+00:00,0.5344,0.5376,0.5376,0.5358,11186.81,0.53635,6000.0455435,11186.81,6000.0455435,
2022-11-22 13:20:00+00:00,0.5351,0.5388,0.5375,0.5383,11966.76,0.537425,6431.235993,11966.76,6431.235993,
2022-11-22 13:25:00+00:00,0.537,0.54,0.5372,0.54,4350.29,0.53855,2342.8486795,4350.29,2342.8486795,
2022-11-22 13:30:00+00:00,0.5371,0.541,0.54,0.5371,1727.57,0.5388,930.814716,1727.57,930.814716,
2022-11-22 13:35:00+00:00,0.5359,0.5375,0.5374,0.5366,1046.6,0.53685,561.86721,1046.6,561.86721,
2022-11-22 13:40:00+00:00,0.5366,0.5376,0.537,0.5369,1441.72,0.537025,774.239683,1441.72,774.239683,
2022-11-22 13:45:00+00:00,0.5369,0.5392,0.5371,0.5392,1655.26,0.5381,890.695406,1655.26,890.695406,
2022-11-22 13:50:00+00:00,0.54,0.5473,0.54,0.5455,2831.68,0.5432,1538.168576,2831.68,1538.168576,
2022-11-22 13:55:00+00:00,0.5446,0.5481,0.5451,0.547,2463.32,0.5462,1345.465384,2463.32,1345.465384,
2022-11-22 14:00:00+00:00,0.5438,0.5485,0.5485,0.5454,1385.35,0.54655,757.1630425,1385.35,757.1630425,
2022-11-22 14:05:00+00:00,0.5442,0.5472,0.5448,0.5442,2126.98,0.5451,1159.416798,2126.98,1159.416798,
2022-11-22 14:10:00+00:00,0.5445,0.5463,0.5449,0.545,811.17,0.545175,442.22960475,811.17,442.22960475,
2022-11-22 14:15:00+00:00,0.5434,0.5444,0.5444,0.5434,2065.65,0.5439,1123.507035,2065.65,1123.507035,
2022-11-22 14:20:00+00:00,0.5432,0.5441,0.5435,0.5432,240.81,0.5435,130.880235,240.81,130.880235,
2022-11-22 14:25:00+00:00,0.5449,0.5478,0.545,0.5449,2190.44,0.54565,1195.213586,2190.44,1195.213586,
2022-11-22 14:30:00+00:00,0.5444,0.5454,0.5447,0.5445,2340.73,0.54475,1275.1126675,2340.73,1275.1126675,
2022-11-22 14:35:00+00:00,0.5406,0.5448,0.5437,0.5413,6703.81,0.5426,3637.487306,6703.81,3637.487306,
2022-11-22 14:40:00+00:00,0.5406,0.5423,0.5411,0.5423,20.14,0.541575,10.9073205,20.14,10.9073205,
2022-11-22 14:45:00+00:00,0.5423,0.5449,0.5423,0.5449,500.44,0.5436,272.039184,500.44,272.039184,
2022-11-22 14:50:00+00:00,0.5438,0.5445,0.544,0.5439,429.49,0.54405,233.6640345,429.49,233.6640345,
2022-11-22 14:55:00+00:00,0.545,0.5464,0.545,0.5464,2108.97,0.5457,1150.864929,2108.97,1150.864929,
2022-11-22 15:00:00+00:00,0.5464,0.548,0.5466,0.548,563.14,0.54725,308.178365,563.14,308.178365,
2022-11-22 15:05:00+00:00,0.5459,0.5472,0.5464,0.5459,632.37,0.54635,345.4953495,632.37,345.4953495,
2022-11-22 15:10:00+00:00,0.5447,0.547,0.5459,0.547,2221.53,0.54615,1213.2886095,2221.53,1213.2886095,
2022-11-22 15:15:00+00:00,0.5467,0.5491,0.547,0.5474,10786.48,0.54755,5906.137124,10786.48,5906.137124,
2022-11-22 15:20:00+00:00,0.5467,0.5476,0.5473,0.5471,519.79,0.547175,284.41609325,519.79,284.41609325,
2022-11-22 15:25:00+00:00,0.5471,0.5487,0.5472,0.5485,6113.68,0.547875,3349.53243,6113.68,3349.53243,
2022-11-22 15:30:00+00:00,0.5464,0.5485,0.5484,0.5479,3036.14,0.5478,1663.197492,3036.14,1663.197492,
2022-11-22 15:35:00+00:00,0.5463,0.5482,0.5481,0.5469,2634.73,0.547375,1442.18533375,2634.73,1442.18533375,
2022-11-22 15:40:00+00:00,0.5469,0.5504,0.5469,0.5504,5723.55,0.54865,3140.2257075,5723.55,3140.2257075,
2022-11-22 15:45:00+00:00,0.5484,0.5531,0.5489,0.5531,7149.18,0.550875,3938.3045325,7149.18,3938.3045325,
2022-11-22 15:50:00+00:00,0.5509,0.5536,0.5531,0.5509,3872.12,0.552125,2137.894255,3872.12,2137.894255,
2022-11-22 15:55:00+00:00,0.5506,0.5523,0.5522,0.5523,560.03,0.55185,309.0525555,560.03,309.0525555,
2022-11-22 16:00:00+00:00,0.5514,0.5551,0.5526,0.552,3676.45,0.552775,2032.24964875,3676.45,2032.24964875,
2022-11-22 16:05:00+00:00,0.549,0.5512,0.5512,0.5499,1211.6,0.550325,666.77377,1211.6,666.77377,
2022-11-22 16:10:00+00:00,0.5479,0.55,0.5497,0.5479,416.44,0.548875,228.573505,416.44,228.573505,
2022-11-22 16:15:00+00:00,0.5479,0.5484,0.5483,0.5479,1296.63,0.548125,710.71531875,1296.63,710.71531875,
2022-11-22 16:20:00+00:00,0.5466,0.5504,0.5476,0.549,60924.96,0.5484,33411.248064,60924.96,33411.248064,
2022-11-22 16:25:00+00:00,0.5477,0.549,0.549,0.5477,156.55,0.54835,85.8441925,156.55,85.8441925,
2022-11-22 16:30:00+00:00,0.5471,0.5487,0.5482,0.5471,4116.66,0.547775,2255.0034315,4116.66,2255.0034315,
2022-11-22 16:35:00+00:00,0.5467,0.5483,0.5474,0.5483,792.07,0.547675,433.79693725,792.07,433.79693725,
2022-11-22 16:40:00+00:00,0.5475,0.5482,0.548,0.5476,704.53,0.547825,385.95914725,704.53,385.95914725,
2022-11-22 16:45:00+00:00,0.5464,0.548,0.5479,0.5475,2115.04,0.54745,1157.878648,2115.04,1157.878648,
2022-11-22 16:50:00+00:00,0.5468,0.5477,0.5473,0.5471,3361.14,0.547225,1839.2998365,3361.14,1839.2998365,
2022-11-22 16:55:00+00:00,0.5454,0.5473,0.5472,0.5463,202.9,0.54655,110.894995,202.9,110.894995,
2022-11-22 17:00:00+00:00,0.5464,0.5474,0.5465,0.547,87.84,0.546825,48.033108,87.84,48.033108,
2022-11-22 17:05:00+00:00,0.5464,0.5472,0.5469,0.5472,163.21,0.546925,89.26362925,163.21,89.26362925,
2022-11-22 17:10:00+00:00,0.547,0.5482,0.5475,0.5477,1036.29,0.5476,567.472404,1036.29,567.472404,
2022-11-22 17:15:00+00:00,0.5466,0.5484,0.5482,0.5466,253.67,0.54745,138.8716415,253.67,138.8716415,
2022-11-22 17:20:00+00:00,0.5456,0.5467,0.5466,0.5456,96.19,0.546125,52.53176375,96.19,52.53176375,
2022-11-22 17:25:00+00:00,0.5461,0.5473,0.5463,0.5473,493.16,0.54675,269.63523,493.16,269.63523,
2022-11-22 17:30:00+00:00,0.5447,0.5476,0.5468,0.5447,402.01,0.54595,219.4773595,402.01,219.4773595,
2022-11-22 17:35:00+00:00,0.5437,0.5455,0.5455,0.5446,454.05,0.544825,247.37779125,454.05,247.37779125,
2022-11-22 17:40:00+00:00,0.5433,0.545,0.545,0.5434,422.51,0.544175,229.91937925,422.51,229.91937925,
2022-11-22 17:45:00+00:00,0.5422,0.544,0.544,0.5426,4143.72,0.5432,2250.868704,4143.72,2250.868704,
2022-11-22 17:50:00+00:00,0.5426,0.5448,0.543,0.5448,171.53,0.5438,93.278014,171.53,93.278014,
2022-11-22 17:55:00+00:00,0.5422,0.5445,0.5445,0.5426,117.35,0.54345,63.7738575,117.35,63.7738575,
2022-11-22 18:00:00+00:00,0.5418,0.5434,0.5434,0.543,3772.85,0.5429,2048.280265,3772.85,2048.280265,
2022-11-22 18:05:00+00:00,0.543,0.5474,0.543,0.5456,3291.31,0.54475,1792.9411225,3291.31,1792.9411225,
2022-11-22 18:10:00+00:00,0.5454,0.5475,0.5456,0.5462,899.75,0.546175,491.42095625,899.75,491.42095625,
2022-11-22 18:15:00+00:00,0.5447,0.5473,0.5473,0.5448,194.0,0.546025,105.92885,194.0,105.92885,
2022-11-22 18:20:00+00:00,0.5449,0.5455,0.5452,0.5454,986.64,0.54525,537.96546,986.64,537.96546,
2022-11-22 18:25:00+00:00,0.5445,0.5455,0.5445,0.5455,468.98,0.545,255.5941,468.98,255.5941,
2022-11-22 18:30:00+00:00,0.5443,0.5456,0.5447,0.5453,1095.96,0.544975,597.270801,1095.96,597.270801,
2022-11-22 18:35:00+00:00,0.5434,0.5448,0.5448,0.5443,1227.52,0.544325,668.169824,1227.52,668.169824,
2022-11-22 18:40:00+00:00,0.5432,0.5453,0.5442,0.5453,989.56,0.5445,538.81542,989.56,538.81542,
2022-11-22 18:45:00+00:00,0.5446,0.5459,0.5457,0.5446,1088.14,0.5452,593.253928,1088.14,593.253928,
2022-11-22 18:50:00+00:00,0.5445,0.5458,0.5445,0.5455,83.91,0.545075,45.73724325,83.91,45.73724325,
2022-11-22 18:55:00+00:00,0.5455,0.5465,0.5463,0.5459,639.55,0.54605,349.2262775,639.55,349.2262775,
2022-11-22 19:00:00+00:00,0.5452,0.5464,0.5462,0.5452,436.64,0.54575,238.29628,436.64,238.29628,
2022-11-22 19:05:00+00:00,0.5449,0.5455,0.5449,0.5451,472.95,0.5451,257.805045,472.95,257.805045,
2022-11-22 19:10:00+00:00,0.5448,0.5456,0.5452,0.5453,1074.05,0.545225,585.59891125,1074.05,585.59891125,
2022-11-22 19:15:00+00:00,0.5455,0.5469,0.5462,0.5469,44.29,0.546375,24.19894875,44.29,24.19894875,
2022-11-22 19:20:00+00:00,0.5478,0.5485,0.5485,0.5484,405.3,0.5483,222.22599,405.3,222.22599,
2022-11-22 19:25:00+00:00,0.5466,0.5485,0.5476,0.5474,114.89,0.547525,62.90514725,114.89,62.90514725,
2022-11-22 19:30:00+00:00,0.547,0.549,0.5472,0.549,121.42,0.54805,66.544231,121.42,66.544231,
2022-11-22 19:35:00+00:00,0.5477,0.5491,0.5486,0.5478,3335.52,0.5483,1828.865616,3335.52,1828.865616,
2022-11-22 19:40:00+00:00,0.5477,0.5488,0.5477,0.5485,642.87,0.548175,352.40526225,642.87,352.40526225,
2022-11-22 19:45:00+00:00,0.546,0.5488,0.546,0.5484,166.78,0.5473,91.278694,166.78,91.278694,
2022-11-22 19:50:00+00:00,0.5477,0.5488,0.5486,0.5477,8999.94,0.5482,4933.767108,8999.94,4933.767108,
2022-11-22 19:55:00+00:00,0.5472,0.5483,0.5477,0.548,1990.24,0.5478,1090.253472,1990.24,1090.253472,
2022-11-22 20:00:00+00:00,0.5473,0.5488,0.5473,0.5483,115.79,0.547925,63.44423575,115.79,63.44423575,
2022-11-22 20:05:00+00:00,0.5473,0.5487,0.5484,0.5486,2007.36,0.54825,1100.53512,2007.36,1100.53512,
2022-11-22 20:10:00+00:00,0.5481,0.5487,0.5481,0.5485,142.26,0.54835,78.008271,142.26,78.008271,
2022-11-22 20:15:00+00:00,0.548,0.5497,0.5488,0.5483,5104.11,0.5487,2800.625157,5104.11,2800.625157,
2022-11-22 20:20:00+00:00,0.5488,0.5509,0.5488,0.5497,1806.38,0.54955,992.696129,1806.38,992.696129,
2022-11-22 20:25:00+00:00,0.5495,0.5507,0.5495,0.5505,713.5,0.55005,392.460675,713.5,392.460675,
2022-11-22 20:30:00+00:00,0.5494,0.5504,0.5504,0.55,6434.78,0.55005,3539.450739,6434.78,3539.450739,
2022-11-22 20:35:00+00:00,0.5487,0.5501,0.55,0.5487,5429.09,0.549375,2982.60631875,5429.09,2982.60631875,
2022-11-22 20:40:00+00:00,0.5484,0.5495,0.5495,0.549,127.56,0.5491,70.043196,127.56,70.043196,
2022-11-22 20:45:00+00:00,0.5483,0.5498,0.5488,0.5485,343.77,0.54885,188.6781645,343.77,188.6781645,
2022-11-22 20:50:00+00:00,0.5467,0.5488,0.5482,0.5485,474.86,0.54805,260.247023,474.86,260.247023,
2022-11-22 20:55:00+00:00,0.5481,0.5487,0.5481,0.5482,98.09,0.548275,53.78029475,98.09,53.78029475,
2022-11-22 21:00:00+00:00,0.5466,0.5478,0.5478,0.5478,122.23,0.5475,66.920925,122.23,66.920925,
2022-11-22 21:05:00+00:00,0.5468,0.5478,0.5478,0.5477,34.15,0.547525,18.69797875,34.15,18.69797875,
2022-11-22 21:10:00+00:00,0.546,0.5472,0.5471,0.5461,818.98,0.5466,447.654468,818.98,447.654468,
2022-11-22 21:15:00+00:00,0.5455,0.547,0.5461,0.5462,314.58,0.5462,171.823596,314.58,171.823596,
2022-11-22 21:20:00+00:00,0.5456,0.5465,0.5463,0.5465,237.19,0.546225,129.55910775,237.19,129.55910775,
2022-11-22 21:25:00+00:00,0.5458,0.5469,0.5458,0.5469,2936.79,0.54635,1604.5152165,2936.79,1604.5152165,
2022-11-22 21:30:00+00:00,0.5465,0.5472,0.5471,0.5472,668.57,0.547,365.70779,668.57,365.70779,
2022-11-22 21:35:00+00:00,0.5468,0.5476,0.5469,0.5474,2174.53,0.547175,1189.84845275,2174.53,1189.84845275,
2022-11-22 21:40:00+00:00,0.5467,0.5487,0.5471,0.5484,1710.11,0.547725,936.66999975,1710.11,936.66999975,
2022-11-22 21:45:00+00:00,0.5477,0.5492,0.5492,0.5479,1601.15,0.5485,878.230775,1601.15,878.230775,
2022-11-22 21:50:00+00:00,0.548,0.5494,0.548,0.5482,2218.21,0.5484,1216.466364,2218.21,1216.466364,
2022-11-22 21:55:00+00:00,0.5478,0.5495,0.5478,0.5486,4262.63,0.548425,2337.73285775,4262.63,2337.73285775,
2022-11-22 22:00:00+00:00,0.5479,0.5502,0.548,0.5497,2684.13,0.54895,1473.4531635,2684.13,1473.4531635,
2022-11-22 22:05:00+00:00,0.5487,0.5503,0.5503,0.5487,320.83,0.5495,176.296085,320.83,176.296085,
2022-11-22 22:10:00+00:00,0.5483,0.5488,0.5488,0.5483,1074.26,0.54855,589.285323,1074.26,589.285323,
2022-11-22 22:15:00+00:00,0.5476,0.549,0.5487,0.5477,13746.97,0.54825,7536.7763025,13746.97,7536.7763025,
2022-11-22 22:20:00+00:00,0.5469,0.5477,0.5477,0.5472,1345.76,0.547375,736.63538,1345.76,736.63538,
2022-11-22 22:25:00+00:00,0.5476,0.5482,0.5478,0.5476,1515.07,0.5478,829.955346,1515.07,829.955346,
2022-11-22 22:30:00+00:00,0.5476,0.5482,0.5476,0.5482,146.37,0.5479,80.196123,146.37,80.196123,
2022-11-22 22:35:00+00:00,0.5482,0.5487,0.5486,0.5482,1464.24,0.548425,803.025822,1464.24,803.025822,
2022-11-22 22:40:00+00:00,0.548,0.549,0.5481,0.549,459.46,0.548525,252.0252965,459.46,252.0252965,
2022-11-22 22:45:00+00:00,0.5504,0.5511,0.5507,0.5511,4193.47,0.550825,2309.86811275,4193.47,2309.86811275,
2022-11-22 22:50:00+00:00,0.5505,0.5531,0.5506,0.5525,2614.39,0.551675,1442.29360325,2614.39,1442.29360325,
2022-11-22 22:55:00+00:00,0.55,0.5519,0.5514,0.5519,815.28,0.5513,449.463864,815.28,449.463864,
2022-11-22 23:00:00+00:00,0.5503,0.5513,0.5513,0.5503,531.78,0.5508,292.904424,531.78,292.904424,
2022-11-22 23:05:00+00:00,0.5499,0.5508,0.5503,0.5508,11345.99,0.55045,6245.4001955,11345.99,6245.4001955,
2022-11-22 23:10:00+00:00,0.5505,0.5519,0.5509,0.5506,715.65,0.550975,394.30525875,715.65,394.30525875,
2022-11-22 23:15:00+00:00,0.5499,0.5523,0.5503,0.5521,6697.46,0.55115,3691.305079,6697.46,3691.305079,
2022-11-22 23:20:00+00:00,0.553,0.5541,0.553,0.5538,2280.1,0.553475,1261.9783475,2280.1,1261.9783475,
2022-11-22 23:25:00+00:00,0.554,0.554,0.554,0.554,6.08,0.554,3.36832,6.08,3.36832,
2022-11-22 23:30:00+00:00,0.5522,0.554,0.554,0.5525,873.6,0.553175,483.25368,873.6,483.25368,
2022-11-22 23:35:00+00:00,0.5522,0.553,0.5529,0.5522,52.72,0.552575,29.131754,52.72,29.131754,
2022-11-22 23:40:00+00:00,0.5521,0.5545,0.5523,0.5545,139.28,0.55335,77.070588,139.28,77.070588,
2022-11-22 23:45:00+00:00,0.5533,0.5533,0.5533,0.5533,47.1,0.5533,26.06043,47.1,26.06043,
2022-11-22 23:50:00+00:00,0.5524,0.5534,0.5533,0.5526,1753.22,0.552925,969.3991685,1753.22,969.3991685,
2022-11-22 23:55:00+00:00,0.5526,0.5549,0.5526,0.5547,4320.15,0.5537,2392.067055,4320.15,2392.067055,
2022-11-23 00:00:00+00:00,0.5525,0.5561,0.5543,0.5525,720.17,0.55385,398.8661545,720.17,398.8661545,
2022-11-23 00:05:00+00:00,0.5519,0.5535,0.552,0.5533,598.71,0.552675,330.89204925,598.71,330.89204925,
2022-11-23 00:10:00+00:00,0.5524,0.5536,0.5536,0.5525,9292.99,0.553025,5139.25579475,9292.99,5139.25579475,
2022-11-23 00:15:00+00:00,0.5503,0.5531,0.5531,0.5523,388.89,0.5522,214.745058,388.89,214.745058,
2022-11-23 00:20:00+00:00,0.5526,0.5566,0.5526,0.5544,5652.16,0.55405,3131.579248,5652.16,3131.579248,
2022-11-23 00:25:00+00:00,0.5542,0.556,0.5559,0.5552,1758.73,0.555325,976.66673725,1758.73,976.66673725,
2022-11-23 00:30:00+00:00,0.5525,0.5548,0.5548,0.5528,6294.21,0.553725,3485.26143225,6294.21,3485.26143225,
2022-11-23 00:35:00+00:00,0.5515,0.5533,0.5533,0.5527,1562.19,0.5527,863.422413,1562.19,863.422413,
2022-11-23 00:40:00+00:00,0.5526,0.5527,0.5527,0.5526,723.95,0.55265,400.0909675,723.95,400.0909675,
2022-11-23 00:45:00+00:00,0.5524,0.5539,0.5525,0.5535,2281.58,0.553075,1261.8848585,2281.58,1261.8848585,
2022-11-23 00:50:00+00:00,0.5526,0.5538,0.5535,0.5528,454.51,0.553175,251.42356925,454.51,251.42356925,
2022-11-23 00:55:00+00:00,0.5525,0.5532,0.5525,0.5532,24.66,0.55285,13.633281,24.66,13.633281,
2022-11-23 01:00:00+00:00,0.5528,0.5553,0.5547,0.5535,466.83,0.554075,258.65883225,466.83,258.65883225,
2022-11-23 01:05:00+00:00,0.5529,0.5542,0.5529,0.5532,15.01,0.5533,8.305033,15.01,8.305033,
2022-11-23 01:10:00+00:00,0.5525,0.5539,0.5531,0.5525,1201.68,0.553,664.52904,1201.68,664.52904,
2022-11-23 01:15:00+00:00,0.5524,0.5532,0.553,0.5524,6096.26,0.55275,3369.707715,6096.26,3369.707715,
2022-11-23 01:20:00+00:00,0.5512,0.5529,0.5529,0.5513,5537.79,0.552075,3057.27541425,5537.79,3057.27541425,
2022-11-23 01:25:00+00:00,0.5507,0.5522,0.5515,0.5512,1159.27,0.5514,639.221478,1159.27,639.221478,
2022-11-23 01:30:00+00:00,0.5513,0.5521,0.5517,0.5521,1678.32,0.5518,926.096976,1678.32,926.096976,
2022-11-23 01:35:00+00:00,0.5516,0.5521,0.5518,0.5517,87.36,0.5518,48.205248,87.36,48.205248,
2022-11-23 01:40:00+00:00,0.5506,0.5517,0.5517,0.5507,611.08,0.551175,336.812019,611.08,336.812019,
2022-11-23 01:45:00+00:00,0.5508,0.5517,0.5508,0.5509,547.44,0.55105,301.666812,547.44,301.666812,
2022-11-23 01:50:00+00:00,0.5505,0.5512,0.551,0.5511,348.43,0.55095,191.9675085,348.43,191.9675085,
2022-11-23 01:55:00+00:00,0.5506,0.5523,0.5515,0.5511,2042.96,0.551375,1126.43707,2042.96,1126.43707,
2022-11-23 02:00:00+00:00,0.5513,0.5525,0.5513,0.5524,1390.34,0.551875,767.2938875,1390.34,767.2938875,
2022-11-23 02:05:00+00:00,0.5516,0.5535,0.5522,0.5535,531.66,0.5527,293.848482,531.66,293.848482,
2022-11-23 02:10:00+00:00,0.5524,0.5534,0.5534,0.5528,1307.93,0.553,723.28529,1307.93,723.28529,
2022-11-23 02:15:00+00:00,0.5533,0.5573,0.5533,0.5563,494.43,0.55505,274.4333715,494.43,274.4333715,
2022-11-23 02:20:00+00:00,0.5554,0.5625,0.5561,0.5594,12139.99,0.55835,6778.3634165,12139.99,6778.3634165,
2022-11-23 02:25:00+00:00,0.5593,0.562,0.5601,0.5606,2070.43,0.5605,1160.476015,2070.43,1160.476015,
2022-11-23 02:30:00+00:00,0.56,0.5624,0.5611,0.5622,3412.13,0.561425,1915.65508525,3412.13,1915.65508525,
2022-11-23 02:35:00+00:00,0.5607,0.5624,0.5623,0.5607,1470.05,0.561525,825.46982625,1470.05,825.46982625,
2022-11-23 02:40:00+00:00,0.5587,0.5607,0.5607,0.5599,4947.55,0.56,2770.628,4947.55,2770.628,
2022-11-23 02:45:00+00:00,0.5583,0.5604,0.5601,0.5598,2354.31,0.55965,1317.5895915,2354.31,1317.5895915,
2022-11-23 02:50:00+00:00,0.5598,0.5609,0.56,0.5609,89.29,0.5604,50.038116,89.29,50.038116,
2022-11-23 02:55:00+00:00,0.5606,0.5614,0.561,0.5612,1058.59,0.56105,593.9219195,1058.59,593.9219195,
2022-11-23 03:00:00+00:00,0.5605,0.5622,0.562,0.5621,3598.28,0.5617,2021.153876,3598.28,2021.153876,
2022-11-23 03:05:00+00:00,0.5606,0.5622,0.5621,0.5611,830.51,0.5615,466.331365,830.51,466.331365,
2022-11-23 03:10:00+00:00,0.56,0.5617,0.5609,0.5605,696.43,0.560775,390.54053325,696.43,390.54053325,
2022-11-23 03:15:00+00:00,0.5599,0.5622,0.5605,0.5612,4415.25,0.56095,2476.7344875,4415.25,2476.7344875,
2022-11-23 03:20:00+00:00,0.561,0.5622,0.5612,0.5616,4703.67,0.5615,2641.110705,4703.67,2641.110705,
2022-11-23 03:25:00+00:00,0.5617,0.5633,0.5618,0.5629,2837.44,0.562425,1595.847192,2837.44,1595.847192,
2022-11-23 03:30:00+00:00,0.561,0.5622,0.5622,0.562,2936.6,0.56185,1649.92871,2936.6,1649.92871,
2022-11-23 03:35:00+00:00,0.562,0.5625,0.5622,0.562,1748.6,0.562175,983.019205,1748.6,983.019205,
2022-11-23 03:40:00+00:00,0.5609,0.5622,0.5619,0.5622,13295.64,0.5618,7469.490552,13295.64,7469.490552,
2022-11-23 03:45:00+00:00,0.5619,0.5642,0.5622,0.5626,3845.64,0.562725,2164.037769,3845.64,2164.037769,
2022-11-23 03:50:00+00:00,0.5625,0.5636,0.5627,0.5636,1868.69,0.5631,1052.259339,1868.69,1052.259339,
2022-11-23 03:55:00+00:00,0.562,0.5637,0.563,0.5635,2238.39,0.56305,1260.3254895,2238.39,1260.3254895,
2022-11-23 04:00:00+00:00,0.5637,0.5646,0.564,0.5637,185.4,0.564,104.5656,185.4,104.5656,
2022-11-23 04:05:00+00:00,0.5633,0.5645,0.5637,0.5639,4000.51,0.56385,2255.6875635,4000.51,2255.6875635,
2022-11-23 04:10:00+00:00,0.5621,0.5642,0.5637,0.5624,83.3,0.5631,46.90623,83.3,46.90623,
2022-11-23 04:15:00+00:00,0.5622,0.5629,0.5629,0.5627,781.81,0.562675,439.90494175,781.81,439.90494175,
2022-11-23 04:20:00+00:00,0.5622,0.5633,0.5624,0.5622,313.43,0.562525,176.31221075,313.43,176.31221075,
2022-11-23 04:25:00+00:00,0.5626,0.5634,0.5626,0.5634,710.56,0.563,400.04528,710.56,400.04528,
2022-11-23 04:30:00+00:00,0.5619,0.5634,0.5634,0.5619,615.26,0.56265,346.176039,615.26,346.176039,
2022-11-23 04:35:00+00:00,0.5619,0.5621,0.5621,0.5619,534.17,0.562,300.20354,534.17,300.20354,
2022-11-23 04:40:00+00:00,0.5613,0.5624,0.5621,0.5613,3921.33,0.561775,2202.90516075,3921.33,2202.90516075,
2022-11-23 04:45:00+00:00,0.5612,0.5616,0.5615,0.5616,108.43,0.561475,60.88073425,108.43,60.88073425,
2022-11-23 04:50:00+00:00,0.5611,0.5618,0.5611,0.5618,146.3,0.56145,82.140135,146.3,82.140135,
2022-11-23 04:55:00+00:00,0.5614,0.5623,0.5623,0.5614,1422.41,0.56185,799.1810585,1422.41,799.1810585,
2022-11-23 05:00:00+00:00,0.561,0.562,0.5616,0.5611,3834.63,0.561425,2152.85714775,3834.63,2152.85714775,
2022-11-23 05:05:00+00:00,0.561,0.5623,0.5612,0.561,1243.24,0.561375,697.923855,1243.24,697.923855,
2022-11-23 05:10:00+00:00,0.56,0.5611,0.561,0.5611,4772.12,0.5608,2676.204896,4772.12,2676.204896,
2022-11-23 05:15:00+00:00,0.5605,0.5615,0.561,0.5605,5207.66,0.560875,2920.8463025,5207.66,2920.8463025,
2022-11-23 05:20:00+00:00,0.5603,0.5616,0.5607,0.561,7138.04,0.5609,4003.726636,7138.04,4003.726636,
2022-11-23 05:25:00+00:00,0.5609,0.561,0.561,0.5609,37.23,0.56095,20.8841685,37.23,20.8841685,
2022-11-23 05:30:00+00:00,0.5602,0.5614,0.5608,0.5602,2821.39,0.56065,1581.8123035,2821.39,1581.8123035,
2022-11-23 05:35:00+00:00,0.5608,0.5619,0.5608,0.5619,117.12,0.56135,65.745312,117.12,65.745312,
2022-11-23 05:40:00+00:00,0.5618,0.5687,0.5618,0.5681,5717.61,0.5651,3231.021411,5717.61,3231.021411,
2022-11-23 05:45:00+00:00,0.5649,0.5674,0.5665,0.5649,1592.42,0.565925,901.1902885,1592.42,901.1902885,
2022-11-23 05:50:00+00:00,0.5649,0.5661,0.5653,0.5652,666.55,0.565375,376.85070625,666.55,376.85070625,
2022-11-23 05:55:00+00:00,0.5631,0.5643,0.5643,0.5631,1563.36,0.5637,881.266032,1563.36,881.266032,
2022-11-23 06:00:00+00:00,0.5635,0.5662,0.5635,0.5662,1147.06,0.56485,647.916841,1147.06,647.916841,
2022-11-23 06:05:00+00:00,0.5657,0.567,0.5662,0.567,63.51,0.566475,35.97682725,63.51,35.97682725,
2022-11-23 06:10:00+00:00,0.5667,0.5683,0.5668,0.5683,145.73,0.567525,82.70541825,145.73,82.70541825,
2022-11-23 06:15:00+00:00,0.5677,0.57,0.5687,0.57,3091.35,0.5691,1759.287285,3091.35,1759.287285,
2022-11-23 06:20:00+00:00,0.5674,0.5691,0.5691,0.5677,1508.98,0.568325,857.5910585,1508.98,857.5910585,
2022-11-23 06:25:00+00:00,0.568,0.5681,0.5681,0.568,47.58,0.56805,27.027819,47.58,27.027819,
2022-11-23 06:30:00+00:00,0.5674,0.5686,0.5686,0.5678,259.14,0.5681,147.217434,259.14,147.217434,
2022-11-23 06:35:00+00:00,0.568,0.5687,0.5687,0.568,682.22,0.56835,387.739737,682.22,387.739737,
2022-11-23 06:40:00+00:00,0.5675,0.5686,0.568,0.5686,1187.06,0.568175,674.4578155,1187.06,674.4578155,
2022-11-23 06:45:00+00:00,0.5676,0.569,0.5676,0.569,125.89,0.5683,71.543287,125.89,71.543287,
2022-11-23 06:50:00+00:00,0.568,0.5683,0.568,0.568,120.03,0.568075,68.18604225,120.03,68.18604225,
2022-11-23 06:55:00+00:00,0.5669,0.5677,0.5675,0.5669,1257.33,0.56725,713.2204425,1257.33,713.2204425,
2022-11-23 07:00:00+00:00,0.5674,0.5677,0.5677,0.5674,161.88,0.56755,91.874994,161.88,91.874994,
2022-11-23 07:05:00+00:00,0.5666,0.5674,0.5674,0.5666,197.06,0.567,111.73302,197.06,111.73302,
2022-11-23 07:10:00+00:00,0.566,0.5675,0.5675,0.5664,152.9,0.56685,86.671365,152.9,86.671365,
2022-11-23 07:15:00+00:00,0.5653,0.5664,0.5664,0.566,1522.47,0.566025,861.75608175,1522.47,861.75608175,
2022-11-23 07:20:00+00:00,0.5662,0.5677,0.5668,0.5677,1295.71,0.5671,734.797141,1295.71,734.797141,
2022-11-23 07:25:00+00:00,0.5667,0.5678,0.5671,0.5678,8.91,0.56735,5.0550885,8.91,5.0550885,
2022-11-23 07:30:00+00:00,0.5678,0.5698,0.5678,0.5694,439.8,0.5687,250.11426,439.8,250.11426,
2022-11-23 07:35:00+00:00,0.568,0.5689,0.5687,0.5686,77.47,0.56855,44.0455685,77.47,44.0455685,
2022-11-23 07:40:00+00:00,0.5681,0.569,0.5688,0.5681,68.61,0.5685,39.004785,68.61,39.004785,
2022-11-23 07:45:00+00:00,0.5679,0.5689,0.5679,0.5687,22.25,0.56835,12.6457875,22.25,12.6457875,
2022-11-23 07:50:00+00:00,0.568,0.5686,0.5686,0.5681,1353.05,0.568325,768.97214125,1353.05,768.97214125,
2022-11-23 07:55:00+00:00,0.5678,0.5696,0.5682,0.5696,322.19,0.5688,183.261672,322.19,183.261672,
2022-11-23 08:00:00+00:00,0.568,0.5703,0.5698,0.568,1122.95,0.569025,638.98662375,1122.95,638.98662375,
2022-11-23 08:05:00+00:00,0.5669,0.5685,0.5669,0.5685,103.09,0.5677,58.524193,103.09,58.524193,
2022-11-23 08:10:00+00:00,0.5674,0.5687,0.5687,0.5674,400.33,0.56805,227.4074565,400.33,227.4074565,
2022-11-23 08:15:00+00:00,0.5666,0.5678,0.5674,0.5666,366.78,0.5671,208.000938,366.78,208.000938,
2022-11-23 08:20:00+00:00,0.5659,0.5672,0.5672,0.5664,1801.23,0.566675,1020.71201025,1801.23,1020.71201025,
2022-11-23 08:25:00+00:00,0.5652,0.5671,0.567,0.5652,606.31,0.566125,343.24724875,606.31,343.24724875,
2022-11-23 08:30:00+00:00,0.5652,0.5664,0.5664,0.5653,69.69,0.565825,39.43234425,69.69,39.43234425,
2022-11-23 08:35:00+00:00,0.5658,0.5667,0.5663,0.5667,98.8,0.566375,55.95785,98.8,55.95785,
2022-11-23 08:40:00+00:00,0.5659,0.5664,0.5661,0.5661,50.92,0.566125,28.827085,50.92,28.827085,
2022-11-23 08:45:00+00:00,0.5663,0.5672,0.5667,0.5672,142.8,0.56685,80.94618,142.8,80.94618,
2022-11-23 08:50:00+00:00,0.5665,0.568,0.568,0.567,95.09,0.567375,53.95168875,95.09,53.95168875,
2022-11-23 08:55:00+00:00,0.5665,0.5679,0.567,0.5665,478.79,0.566975,271.46196025,478.79,271.46196025,
2022-11-23 09:00:00+00:00,0.5669,0.5677,0.5675,0.5669,183.59,0.56725,104.1414275,183.59,104.1414275,
2022-11-23 09:05:00+00:00,0.5667,0.5686,0.567,0.5674,270.37,0.567425,153.41469725,270.37,153.41469725,
2022-11-23 09:10:00+00:00,0.5673,0.5679,0.5679,0.5673,19.14,0.5676,10.863864,19.14,10.863864,
2022-11-23 09:15:00+00:00,0.5679,0.5684,0.5681,0.5679,1083.46,0.568075,615.4865395,1083.46,615.4865395,
2022-11-23 09:20:00+00:00,0.5671,0.5678,0.5674,0.5678,11.22,0.567525,6.3676305,11.22,6.3676305,
2022-11-23 09:25:00+00:00,0.5676,0.5678,0.5676,0.5678,12.63,0.5677,7.170051,12.63,7.170051,
2022-11-23 09:30:00+00:00,0.5653,0.5665,0.5665,0.5658,155.89,0.566025,88.23763725,155.89,88.23763725,
2022-11-23 09:35:00+00:00,0.5606,0.563,0.5626,0.5619,2408.66,0.562025,1353.7271365,2408.66,1353.7271365,
2022-11-23 09:40:00+00:00,0.562,0.5628,0.5622,0.562,119.0,0.56225,66.90775,119.0,66.90775,
2022-11-23 09:45:00+00:00,0.5628,0.5637,0.5628,0.5635,239.87,0.5632,135.094784,239.87,135.094784,
2022-11-23 09:50:00+00:00,0.5619,0.5635,0.5635,0.5619,351.4,0.5627,197.73278,351.4,197.73278,
2022-11-23 09:55:00+00:00,0.5606,0.5618,0.5618,0.5606,8.88,0.5612,4.983456,8.88,4.983456,
2022-11-23 10:00:00+00:00,0.5622,0.5645,0.5622,0.5641,9961.25,0.56325,5610.6740625,9961.25,5610.6740625,
2022-11-23 10:05:00+00:00,0.5632,0.5648,0.5648,0.5632,345.29,0.564,194.74356,345.29,194.74356,
2022-11-23 10:10:00+00:00,0.5626,0.564,0.5631,0.564,1810.05,0.563425,1019.82742125,1810.05,1019.82742125,
2022-11-23 10:15:00+00:00,0.563,0.5638,0.5638,0.5632,702.05,0.56345,395.5700725,702.05,395.5700725,
2022-11-23 10:20:00+00:00,0.5624,0.5634,0.5633,0.5624,185.7,0.562875,104.5258875,185.7,104.5258875,
2022-11-23 10:25:00+00:00,0.5624,0.5642,0.5624,0.5638,1817.14,0.5632,1023.413248,1817.14,1023.413248,
2022-11-23 10:30:00+00:00,0.5637,0.5658,0.5638,0.5658,1841.95,0.564775,1040.28731125,1841.95,1040.28731125,
2022-11-23 10:35:00+00:00,0.5651,0.567,0.5658,0.567,59.82,0.566225,33.8715795,59.82,33.8715795,
2022-11-23 10:40:00+00:00,0.566,0.567,0.5665,0.567,1848.82,0.566625,1047.5876325,1848.82,1047.5876325,
2022-11-23 10:45:00+00:00,0.5667,0.5692,0.5667,0.5692,38.26,0.56795,21.729767,38.26,21.729767,
2022-11-23 10:50:00+00:00,0.5666,0.5703,0.5689,0.5666,793.46,0.5681,450.764626,793.46,450.764626,
2022-11-23 10:55:00+00:00,0.5676,0.5695,0.5686,0.5676,1039.76,0.568325,590.921602,1039.76,590.921602,
2022-11-23 11:00:00+00:00,0.567,0.5725,0.5675,0.5675,7006.91,0.568625,3984.30419875,7006.91,3984.30419875,
2022-11-23 11:05:00+00:00,0.5652,0.569,0.5682,0.5668,3164.33,0.5673,1795.124409,3164.33,1795.124409,
2022-11-23 11:10:00+00:00,0.5654,0.568,0.5673,0.5661,199.18,0.5667,112.875306,199.18,112.875306,
2022-11-23 11:15:00+00:00,0.566,0.567,0.5661,0.5669,900.61,0.5665,510.195565,900.61,510.195565,
2022-11-23 11:20:00+00:00,0.5669,0.5688,0.5669,0.5686,684.94,0.5678,388.908932,684.94,388.908932,
2022-11-23 11:25:00+00:00,0.568,0.5692,0.5684,0.5684,1127.66,0.5685,641.07471,1127.66,641.07471,
2022-11-23 11:30:00+00:00,0.5664,0.5685,0.5685,0.5678,21820.54,0.5678,12389.702612,21820.54,12389.702612,
2022-11-23 11:35:00+00:00,0.568,0.5698,0.5687,0.5696,9416.82,0.569025,5358.4060005,9416.82,5358.4060005,
2022-11-23 11:40:00+00:00,0.5693,0.5699,0.5693,0.5697,148.65,0.56955,84.6636075,148.65,84.6636075,
2022-11-23 11:45:00+00:00,0.5683,0.5702,0.5688,0.5683,745.17,0.5689,423.927213,745.17,423.927213,
2022-11-23 11:50:00+00:00,0.5683,0.5688,0.5688,0.5683,63.7,0.56855,36.216635,63.7,36.216635,
2022-11-23 11:55:00+00:00,0.5675,0.5676,0.5676,0.5675,402.17,0.56755,228.2515835,402.17,228.2515835,
2022-11-23 12:00:00+00:00,0.567,0.5677,0.5675,0.567,230.61,0.5673,130.825053,230.61,130.825053,
2022-11-23 12:05:00+00:00,0.5656,0.5673,0.567,0.5666,825.37,0.566625,467.67527625,825.37,467.67527625,
2022-11-23 12:10:00+00:00,0.5664,0.568,0.5674,0.5664,430.9,0.56705,244.341845,430.9,244.341845,
2022-11-23 12:15:00+00:00,0.5662,0.5668,0.5664,0.5662,3544.79,0.5664,2007.769056,3544.79,2007.769056,
2022-11-23 12:20:00+00:00,0.564,0.5666,0.5666,0.564,22.31,0.5653,12.611843,22.31,12.611843,
2022-11-23 12:25:00+00:00,0.5643,0.5655,0.5643,0.565,342.16,0.564775,193.243414,342.16,193.243414,
2022-11-23 12:30:00+00:00,0.5637,0.5653,0.565,0.564,740.5,0.5645,418.01225,740.5,418.01225,
2022-11-23 12:35:00+00:00,0.5639,0.5656,0.5644,0.5639,368.2,0.56445,207.83049,368.2,207.83049,
2022-11-23 12:40:00+00:00,0.5634,0.5647,0.5641,0.5634,607.08,0.5639,342.332412,607.08,342.332412,
2022-11-23 12:45:00+00:00,0.5612,0.5634,0.5634,0.5612,839.02,0.5623,471.780946,839.02,471.780946,
2022-11-23 12:50:00+00:00,0.5607,0.5627,0.5621,0.5612,3924.15,0.561675,2204.09695125,3924.15,2204.09695125,
2022-11-23 12:55:00+00:00,0.5605,0.562,0.562,0.5605,1882.93,0.56125,1056.7944625,1882.93,1056.7944625,
2022-11-23 13:00:00+00:00,0.5609,0.5626,0.5609,0.5616,1864.21,0.5615,1046.753915,1864.21,1046.753915,
2022-11-23 13:05:00+00:00,0.5618,0.5623,0.5618,0.5623,297.53,0.56205,167.2267365,297.53,167.2267365,
2022-11-23 13:10:00+00:00,0.5625,0.5634,0.5625,0.5632,437.91,0.5629,246.499539,437.91,246.499539,
2022-11-23 13:15:00+00:00,0.5625,0.5636,0.5625,0.5629,339.24,0.562875,190.949715,339.24,190.949715,
2022-11-23 13:20:00+00:00,0.562,0.5627,0.5621,0.5621,855.63,0.562225,481.05657675,855.63,481.05657675,
2022-11-23 13:25:00+00:00,0.5622,0.5631,0.5627,0.5631,867.47,0.562775,488.19042925,867.47,488.19042925,
2022-11-23 13:30:00+00:00,0.5621,0.5634,0.5625,0.5625,546.6,0.562625,307.530825,546.6,307.530825,
2022-11-23 13:35:00+00:00,0.5622,0.5631,0.5627,0.5631,3131.18,0.562775,1762.1498245,3131.18,1762.1498245,
2022-11-23 13:40:00+00:00,0.5622,0.5631,0.5627,0.5631,3131.18,0.562775,1762.1498245,3131.18,1762.1498245,
2022-11-23 13:45:00+00:00,0.5571,0.561,0.561,0.5576,12229.15,0.559175,6838.23495125,12229.15,6838.23495125,
2022-11-23 13:50:00+00:00,0.5577,0.5594,0.5577,0.5579,2681.02,0.558175,1496.4783385,2681.02,1496.4783385,
2022-11-23 13:55:00+00:00,0.5564,0.5575,0.5573,0.5572,1721.27,0.5571,958.919517,1721.27,958.919517,
2022-11-23 14:00:00+00:00,0.5581,0.56,0.5581,0.5597,3866.98,0.558975,2161.5451455,3866.98,2161.5451455,
2022-11-23 14:05:00+00:00,0.5592,0.5604,0.5593,0.5598,331.19,0.559675,185.35876325,331.19,185.35876325,
2022-11-23 14:10:00+00:00,0.5588,0.5601,0.5601,0.5588,133.52,0.55945,74.697764,133.52,74.697764,
2022-11-23 14:15:00+00:00,0.5587,0.561,0.5588,0.561,654.42,0.559875,366.3933975,654.42,366.3933975,
2022-11-23 14:20:00+00:00,0.5575,0.5608,0.5602,0.5575,650.54,0.559,363.65186,650.54,363.65186,
2022-11-23 14:25:00+00:00,0.5553,0.5581,0.5579,0.5581,554.54,0.55735,309.072869,554.54,309.072869,
2022-11-23 14:30:00+00:00,0.558,0.5611,0.558,0.5611,1030.79,0.55955,576.7785445,1030.79,576.7785445,
2022-11-23 14:35:00+00:00,0.5605,0.5616,0.5605,0.5609,1216.56,0.560875,682.33809,1216.56,682.33809,
2022-11-23 14:40:00+00:00,0.5597,0.561,0.5604,0.5608,1628.99,0.560475,913.00817025,1628.99,913.00817025,
2022-11-23 14:45:00+00:00,0.5603,0.5611,0.5603,0.5609,340.36,0.56065,190.822834,340.36,190.822834,
2022-11-23 14:50:00+00:00,0.5615,0.5622,0.5619,0.5622,1337.2,0.56195,751.43954,1337.2,751.43954,
2022-11-23 14:55:00+00:00,0.561,0.5623,0.5617,0.5623,563.93,0.561825,316.82997225,563.93,316.82997225,
2022-11-23 15:00:00+00:00,0.5614,0.5633,0.5614,0.5629,1351.04,0.56225,759.62224,1351.04,759.62224,
2022-11-23 15:05:00+00:00,0.5627,0.5652,0.5627,0.563,430.08,0.5634,242.307072,430.08,242.307072,
2022-11-23 15:10:00+00:00,0.5617,0.5637,0.5625,0.5617,164.93,0.5624,92.756632,164.93,92.756632,
2022-11-23 15:15:00+00:00,0.5608,0.5622,0.5622,0.5611,476.83,0.561575,267.77580725,476.83,267.77580725,
2022-11-23 15:20:00+00:00,0.5596,0.5604,0.5604,0.5596,416.86,0.56,233.4416,416.86,233.4416,
2022-11-23 15:25:00+00:00,0.5592,0.5613,0.5592,0.5613,1071.16,0.56025,600.11739,1071.16,600.11739,
2022-11-23 15:30:00+00:00,0.5595,0.5618,0.5603,0.5615,2198.72,0.560775,1232.987208,2198.72,1232.987208,
2022-11-23 15:35:00+00:00,0.5611,0.5619,0.5614,0.5615,532.58,0.561475,299.0303555,532.58,299.0303555,
2022-11-23 15:40:00+00:00,0.5616,0.563,0.5624,0.5616,2063.97,0.56215,1160.2607355,2063.97,1160.2607355,
2022-11-23 15:45:00+00:00,0.5601,0.5615,0.5614,0.561,812.26,0.561,455.67786,812.26,455.67786,
2022-11-23 15:50:00+00:00,0.5603,0.5619,0.5608,0.5614,2631.04,0.5611,1476.276544,2631.04,1476.276544,
2022-11-23 15:55:00+00:00,0.5605,0.5622,0.5606,0.5621,1599.1,0.56135,897.654785,1599.1,897.654785,
2022-11-23 16:00:00+00:00,0.5607,0.5629,0.5621,0.5629,436.22,0.56215,245.221073,436.22,245.221073,
2022-11-23 16:05:00+00:00,0.5624,0.5629,0.5628,0.5624,206.83,0.562625,116.36772875,206.83,116.36772875,
2022-11-23 16:10:00+00:00,0.5618,0.5627,0.5618,0.5622,384.56,0.562125,216.17079,384.56,216.17079,
2022-11-23 16:15:00+00:00,0.5616,0.5628,0.5622,0.562,2859.77,0.56215,1607.6197055,2859.77,1607.6197055,
2022-11-23 16:20:00+00:00,0.5587,0.5615,0.5615,0.5587,1153.88,0.5601,646.288188,1153.88,646.288188,
2022-11-23 16:25:00+00:00,0.5585,0.5598,0.5591,0.5588,579.04,0.55905,323.712312,579.04,323.712312,
2022-11-23 16:30:00+00:00,0.5581,0.5599,0.5582,0.5591,690.39,0.558825,385.80719175,690.39,385.80719175,
2022-11-23 16:35:00+00:00,0.5592,0.5601,0.5599,0.5593,1033.9,0.559625,578.5962875,1033.9,578.5962875,
2022-11-23 16:40:00+00:00,0.5595,0.5616,0.5595,0.5616,243.53,0.56055,136.5107415,243.53,136.5107415,
2022-11-23 16:45:00+00:00,0.5586,0.5616,0.5616,0.5586,1173.02,0.5601,657.008502,1173.02,657.008502,
2022-11-23 16:50:00+00:00,0.5581,0.5598,0.5588,0.5581,1921.78,0.5587,1073.698486,1921.78,1073.698486,
2022-11-23 16:55:00+00:00,0.5551,0.5582,0.5576,0.5551,2076.61,0.5565,1155.633465,2076.61,1155.633465,
2022-11-23 17:00:00+00:00,0.5544,0.5569,0.5544,0.5556,2750.94,0.555325,1527.6657555,2750.94,1527.6657555,
2022-11-23 17:05:00+00:00,0.5557,0.5573,0.5558,0.5572,336.36,0.5565,187.18434,336.36,187.18434,
2022-11-23 17:10:00+00:00,0.5565,0.5576,0.5565,0.5576,70.77,0.55705,39.4224285,70.77,39.4224285,
2022-11-23 17:15:00+00:00,0.5568,0.5587,0.5569,0.5581,215.26,0.557625,120.0343575,215.26,120.0343575,
2022-11-23 17:20:00+00:00,0.5575,0.5593,0.5581,0.5584,1811.82,0.558325,1011.5844015,1811.82,1011.5844015,
2022-11-23 17:25:00+00:00,0.5575,0.5592,0.5584,0.5575,1883.66,0.55815,1051.364829,1883.66,1051.364829,
2022-11-23 17:30:00+00:00,0.5579,0.5596,0.558,0.5587,514.96,0.55855,287.630908,514.96,287.630908,
2022-11-23 17:35:00+00:00,0.5573,0.5587,0.5584,0.5586,2027.97,0.55825,1132.1142525,2027.97,1132.1142525,
2022-11-23 17:40:00+00:00,0.5581,0.5593,0.5593,0.5588,290.25,0.558875,162.21346875,290.25,162.21346875,
2022-11-23 17:45:00+00:00,0.5582,0.5588,0.5586,0.5588,688.43,0.5586,384.556998,688.43,384.556998,
2022-11-23 17:50:00+00:00,0.558,0.5588,0.5582,0.558,59.84,0.55825,33.40568,59.84,33.40568,
2022-11-23 17:55:00+00:00,0.5572,0.5588,0.5583,0.5573,2423.46,0.5579,1352.048334,2423.46,1352.048334,
2022-11-23 18:00:00+00:00,0.5581,0.5591,0.5581,0.5585,954.84,0.55845,533.230398,954.84,533.230398,
2022-11-23 18:05:00+00:00,0.5592,0.5614,0.5592,0.5603,718.71,0.560025,402.49556775,718.71,402.49556775,
2022-11-23 18:10:00+00:00,0.5589,0.5602,0.5602,0.5589,476.1,0.55955,266.401755,476.1,266.401755,
2022-11-23 18:15:00+00:00,0.5596,0.5605,0.5602,0.5596,376.45,0.559975,210.80258875,376.45,210.80258875,
2022-11-23 18:20:00+00:00,0.5595,0.5612,0.5598,0.5599,1847.98,0.5601,1035.053598,1847.98,1035.053598,
2022-11-23 18:25:00+00:00,0.5599,0.5621,0.5599,0.5613,1134.95,0.5608,636.47996,1134.95,636.47996,
2022-11-23 18:30:00+00:00,0.5601,0.5614,0.561,0.5608,571.86,0.560825,320.7133845,571.86,320.7133845,
2022-11-23 18:35:00+00:00,0.5601,0.5614,0.5614,0.5601,450.63,0.56075,252.6907725,450.63,252.6907725,
2022-11-23 18:40:00+00:00,0.5592,0.5602,0.56,0.56,477.41,0.55985,267.2779885,477.41,267.2779885,
2022-11-23 18:45:00+00:00,0.5592,0.5605,0.5592,0.5604,306.5,0.559825,171.5863625,306.5,171.5863625,
2022-11-23 18:50:00+00:00,0.5592,0.5599,0.5592,0.5593,455.68,0.5594,254.907392,455.68,254.907392,
2022-11-23 18:55:00+00:00,0.5596,0.5624,0.56,0.5622,6028.36,0.56105,3382.211378,6028.36,3382.211378,
2022-11-23 19:00:00+00:00,0.5606,0.5677,0.5608,0.5677,3081.82,0.5642,1738.762844,3081.82,1738.762844,
2022-11-23 19:05:00+00:00,0.5658,0.5699,0.5671,0.5658,7189.17,0.56715,4077.3377655,7189.17,4077.3377655,
2022-11-23 19:10:00+00:00,0.5632,0.5651,0.5647,0.5641,344.1,0.564275,194.1670275,344.1,194.1670275,
2022-11-23 19:15:00+00:00,0.561,0.5638,0.5627,0.5613,749.97,0.5622,421.633134,749.97,421.633134,
2022-11-23 19:20:00+00:00,0.5611,0.563,0.5622,0.5616,624.65,0.561975,351.03768375,624.65,351.03768375,
2022-11-23 19:25:00+00:00,0.5596,0.5624,0.561,0.5624,82.52,0.56135,46.322602,82.52,46.322602,
2022-11-23 19:30:00+00:00,0.5618,0.5633,0.5618,0.5619,742.56,0.5622,417.467232,742.56,417.467232,
2022-11-23 19:35:00+00:00,0.5618,0.5633,0.5618,0.5619,742.56,0.5622,417.467232,742.56,417.467232,
2022-11-23 19:40:00+00:00,0.5618,0.5627,0.5625,0.5618,62.92,0.5622,35.373624,62.92,35.373624,
2022-11-23 19:45:00+00:00,0.5616,0.5628,0.562,0.5627,291.79,0.562275,164.06622225,291.79,164.06622225,
2022-11-23 19:50:00+00:00,0.5617,0.5631,0.5623,0.5624,2212.27,0.562375,1244.12534125,2212.27,1244.12534125,
2022-11-23 19:55:00+00:00,0.5608,0.5629,0.5623,0.5616,20035.54,0.5619,11257.969926,20035.54,11257.969926,
2022-11-23 20:00:00+00:00,0.5624,0.5637,0.5625,0.5628,4768.43,0.56285,2683.9108255,4768.43,2683.9108255,
2022-11-23 20:05:00+00:00,0.5624,0.5637,0.563,0.5624,1573.16,0.562875,885.492435,1573.16,885.492435,
2022-11-23 20:10:00+00:00,0.5614,0.5623,0.5614,0.562,264.85,0.561775,148.78610875,264.85,148.78610875,
2022-11-23 20:15:00+00:00,0.5621,0.5636,0.5628,0.5636,166.36,0.563025,93.664839,166.36,93.664839,
2022-11-23 20:20:00+00:00,0.5626,0.564,0.5626,0.5636,721.78,0.5632,406.506496,721.78,406.506496,
2022-11-23 20:25:00+00:00,0.5636,0.5641,0.5641,0.5638,229.61,0.5639,129.477079,229.61,129.477079,
2022-11-23 20:30:00+00:00,0.5639,0.5651,0.5639,0.5642,1741.32,0.564275,982.583343,1741.32,982.583343,
2022-11-23 20:35:00+00:00,0.5646,0.566,0.5647,0.5659,151.29,0.5653,85.524237,151.29,85.524237,
2022-11-23 20:40:00+00:00,0.5645,0.5656,0.565,0.5656,379.36,0.565175,214.404788,379.36,214.404788,
2022-11-23 20:45:00+00:00,0.5643,0.5655,0.5648,0.5648,907.87,0.56485,512.8103695,907.87,512.8103695,
2022-11-23 20:50:00+00:00,0.5645,0.5655,0.5645,0.5652,361.75,0.564925,204.36161875,361.75,204.36161875,
2022-11-23 20:55:00+00:00,0.5648,0.5661,0.5658,0.5661,961.61,0.5657,543.982777,961.61,543.982777,
2022-11-23 21:00:00+00:00,0.5644,0.5655,0.5648,0.5649,3308.62,0.5649,1869.039438,3308.62,1869.039438,
2022-11-23 21:05:00+00:00,0.5636,0.5659,0.5639,0.564,11445.63,0.56435,6459.3412905,11445.63,6459.3412905,
2022-11-23 21:10:00+00:00,0.5646,0.5659,0.5653,0.5653,231.06,0.565275,130.6124415,231.06,130.6124415,
2022-11-23 21:15:00+00:00,0.5655,0.5667,0.5656,0.5659,354.02,0.565925,200.3487685,354.02,200.3487685,
2022-11-23 21:20:00+00:00,0.5657,0.5671,0.5659,0.5666,46.97,0.566325,26.60028525,46.97,26.60028525,
2022-11-23 21:25:00+00:00,0.5639,0.5666,0.566,0.5664,33802.53,0.565725,19122.93628425,33802.53,19122.93628425,
2022-11-23 21:30:00+00:00,0.5659,0.5666,0.5666,0.5661,3156.95,0.5663,1787.780785,3156.95,1787.780785,
2022-11-23 21:35:00+00:00,0.5653,0.5661,0.5655,0.5657,2032.46,0.56565,1149.660999,2032.46,1149.660999,
2022-11-23 21:40:00+00:00,0.5654,0.5663,0.5657,0.5661,695.29,0.565875,393.44722875,695.29,393.44722875,
2022-11-23 21:45:00+00:00,0.5657,0.5663,0.5661,0.5657,2329.13,0.56595,1318.1711235,2329.13,1318.1711235,
2022-11-23 21:50:00+00:00,0.5654,0.5666,0.5657,0.5659,367.35,0.5659,207.883365,367.35,207.883365,
2022-11-23 21:55:00+00:00,0.5651,0.5662,0.5658,0.5657,862.87,0.5657,488.125559,862.87,488.125559,
2022-11-23 22:00:00+00:00,0.5657,0.5663,0.5657,0.5662,66.13,0.565975,37.42792675,66.13,37.42792675,
2022-11-23 22:05:00+00:00,0.5657,0.5666,0.5663,0.5665,3148.04,0.566275,1782.656351,3148.04,1782.656351,
2022-11-23 22:10:00+00:00,0.5665,0.5679,0.5665,0.5674,5153.14,0.567075,2922.2168655,5153.14,2922.2168655,
2022-11-23 22:15:00+00:00,0.565,0.5676,0.5676,0.5664,22378.03,0.56665,12680.5106995,22378.03,12680.5106995,
2022-11-23 22:20:00+00:00,0.5652,0.5666,0.5666,0.5658,1691.97,0.56605,957.7396185,1691.97,957.7396185,
2022-11-23 22:25:00+00:00,0.5648,0.5659,0.5656,0.565,1696.33,0.565325,958.97775725,1696.33,958.97775725,
2022-11-23 22:30:00+00:00,0.5651,0.5657,0.5657,0.5656,719.96,0.565525,407.155379,719.96,407.155379,
2022-11-23 22:35:00+00:00,0.5655,0.566,0.5655,0.566,180.66,0.56575,102.208395,180.66,102.208395,
2022-11-23 22:40:00+00:00,0.5661,0.5665,0.5665,0.5661,410.91,0.5663,232.698333,410.91,232.698333,
2022-11-23 22:45:00+00:00,0.5648,0.5663,0.5663,0.5648,1455.42,0.56555,823.112781,1455.42,823.112781,
2022-11-23 22:50:00+00:00,0.5648,0.5656,0.5648,0.5656,3288.67,0.5652,1858.756284,3288.67,1858.756284,
2022-11-23 22:55:00+00:00,0.5656,0.5672,0.5656,0.5664,4117.01,0.5662,2331.051062,4117.01,2331.051062,
2022-11-23 23:00:00+00:00,0.567,0.5683,0.567,0.568,12330.65,0.567575,6998.56867375,12330.65,6998.56867375,
2022-11-23 23:05:00+00:00,0.5675,0.5685,0.568,0.5678,1737.84,0.56795,987.006228,1737.84,987.006228,
2022-11-23 23:10:00+00:00,0.5671,0.5687,0.5677,0.5679,222.49,0.56785,126.3409465,222.49,126.3409465,
2022-11-23 23:15:00+00:00,0.5688,0.5701,0.5698,0.569,511.03,0.569425,290.99325775,511.03,290.99325775,
2022-11-23 23:20:00+00:00,0.5682,0.5701,0.5694,0.5682,494.02,0.568975,281.0850295,494.02,281.0850295,
2022-11-23 23:25:00+00:00,0.5682,0.57,0.5688,0.5695,472.04,0.569125,268.649765,472.04,268.649765,
2022-11-23 23:30:00+00:00,0.5699,0.5707,0.57,0.5707,140.77,0.570325,80.28465025,140.77,80.28465025,
2022-11-23 23:35:00+00:00,0.5702,0.5707,0.5707,0.5702,324.12,0.57045,184.894254,324.12,184.894254,
2022-11-23 23:40:00+00:00,0.5702,0.5711,0.5702,0.571,1288.92,0.570625,735.489975,1288.92,735.489975,
2022-11-23 23:45:00+00:00,0.5699,0.5718,0.5705,0.5711,2689.37,0.570825,1535.15963025,2689.37,1535.15963025,
2022-11-23 23:50:00+00:00,0.57,0.5718,0.5715,0.5705,1265.85,0.57095,722.7370575,1265.85,722.7370575,
2022-11-23 23:55:00+00:00,0.5703,0.5716,0.5703,0.5715,7878.05,0.570925,4497.77569625,7878.05,4497.77569625,
2022-11-24 00:00:00+00:00,0.5699,0.5724,0.572,0.5699,18685.48,0.57105,10670.343354,18685.48,10670.343354,
2022-11-24 00:05:00+00:00,0.57,0.5722,0.57,0.5722,2144.07,0.5711,1224.478377,2144.07,1224.478377,
2022-11-24 00:10:00+00:00,0.5709,0.5754,0.5717,0.5748,4086.13,0.5732,2342.169716,4086.13,2342.169716,
2022-11-24 00:15:00+00:00,0.5715,0.5738,0.5728,0.5715,439.64,0.5724,251.649936,439.64,251.649936,
2022-11-24 00:20:00+00:00,0.5699,0.5703,0.5703,0.5699,4628.53,0.5701,2638.724953,4628.53,2638.724953,
2022-11-24 00:25:00+00:00,0.5701,0.571,0.5701,0.5709,543.22,0.570525,309.9205905,543.22,309.9205905,
2022-11-24 00:30:00+00:00,0.5695,0.571,0.5699,0.571,373.62,0.57035,213.094167,373.62,213.094167,
2022-11-24 00:35:00+00:00,0.569,0.5704,0.5704,0.5691,77.58,0.569725,44.1992655,77.58,44.1992655,
2022-11-24 00:40:00+00:00,0.5681,0.569,0.569,0.5682,460.18,0.568575,261.6468435,460.18,261.6468435,
2022-11-24 00:45:00+00:00,0.5681,0.5687,0.5683,0.5681,18714.27,0.5683,10635.319641,18714.27,10635.319641,
2022-11-24 00:50:00+00:00,0.5658,0.5681,0.5681,0.5674,2772.84,0.56735,1573.170774,2772.84,1573.170774,
2022-11-24 00:55:00+00:00,0.566,0.5674,0.5673,0.566,8885.09,0.566675,5034.95837575,8885.09,5034.95837575,
2022-11-24 01:00:00+00:00,0.5656,0.5694,0.566,0.5694,5280.31,0.5676,2997.103956,5280.31,2997.103956,
2022-11-24 01:05:00+00:00,0.568,0.5693,0.5687,0.5685,633.76,0.568625,360.37178,633.76,360.37178,
2022-11-24 01:10:00+00:00,0.568,0.5681,0.5681,0.568,40.69,0.56805,23.1139545,40.69,23.1139545,
2022-11-24 01:15:00+00:00,0.5676,0.569,0.5686,0.5685,5308.69,0.568425,3017.59211325,5308.69,3017.59211325,
2022-11-24 01:20:00+00:00,0.5678,0.5694,0.569,0.5694,905.58,0.5689,515.184462,905.58,515.184462,
2022-11-24 01:25:00+00:00,0.5693,0.57,0.5696,0.57,608.43,0.569725,346.63778175,608.43,346.63778175,
2022-11-24 01:30:00+00:00,0.5707,0.5723,0.5708,0.5718,714.34,0.5714,408.173876,714.34,408.173876,
2022-11-24 01:35:00+00:00,0.571,0.5743,0.571,0.5743,1546.95,0.57265,885.8609175,1546.95,885.8609175,
2022-11-24 01:40:00+00:00,0.5737,0.5783,0.5743,0.5783,3637.9,0.57615,2095.976085,3637.9,2095.976085,
2022-11-24 01:45:00+00:00,0.577,0.5778,0.5771,0.5778,455.25,0.577425,262.87273125,455.25,262.87273125,
2022-11-24 01:50:00+00:00,0.5761,0.5781,0.5777,0.578,568.61,0.577475,328.35805975,568.61,328.35805975,
2022-11-24 01:55:00+00:00,0.578,0.5787,0.578,0.5784,869.58,0.578275,502.8563745,869.58,502.8563745,
2022-11-24 02:00:00+00:00,0.5794,0.58,0.5794,0.5797,4219.94,0.579625,2445.9827225,4219.94,2445.9827225,
2022-11-24 02:05:00+00:00,0.5777,0.5886,0.5786,0.5858,26732.3,0.582675,15576.2429025,26732.3,15576.2429025,
2022-11-24 02:10:00+00:00,0.5829,0.5846,0.5846,0.5834,1559.24,0.583875,910.401255,1559.24,910.401255,
2022-11-24 02:15:00+00:00,0.5817,0.5839,0.5833,0.5839,2979.0,0.5832,1737.3528,2979.0,1737.3528,
2022-11-24 02:20:00+00:00,0.5838,0.5856,0.5838,0.5843,2347.11,0.584375,1371.59240625,2347.11,1371.59240625,
2022-11-24 02:25:00+00:00,0.5822,0.5845,0.5845,0.5822,2816.77,0.58335,1643.1627795,2816.77,1643.1627795,
2022-11-24 02:30:00+00:00,0.5811,0.5828,0.5811,0.5816,592.76,0.58165,344.778854,592.76,344.778854,
2022-11-24 02:35:00+00:00,0.5803,0.583,0.5806,0.582,3355.2,0.581475,1950.96492,3355.2,1950.96492,
2022-11-24 02:40:00+00:00,0.582,0.5826,0.5826,0.582,6.17,0.5823,3.592791,6.17,3.592791,
2022-11-24 02:45:00+00:00,0.5828,0.5837,0.5832,0.5837,275.37,0.58335,160.6370895,275.37,160.6370895,
2022-11-24 02:50:00+00:00,0.5836,0.5855,0.5836,0.5854,864.98,0.584525,505.6024345,864.98,505.6024345,
2022-11-24 02:55:00+00:00,0.5858,0.5872,0.5858,0.5869,599.54,0.586425,351.5852445,599.54,351.5852445,
2022-11-24 03:00:00+00:00,0.5847,0.5861,0.5861,0.5847,409.81,0.5854,239.902774,409.81,239.902774,
2022-11-24 03:05:00+00:00,0.5845,0.5862,0.5845,0.5858,1304.97,0.58525,763.7336925,1304.97,763.7336925,
2022-11-24 03:10:00+00:00,0.5857,0.5874,0.5862,0.5865,1496.51,0.58645,877.6282895,1496.51,877.6282895,
2022-11-24 03:15:00+00:00,0.5868,0.5878,0.5874,0.5878,826.14,0.58745,485.315943,826.14,485.315943,
2022-11-24 03:20:00+00:00,0.5873,0.5879,0.5873,0.5877,230.55,0.58755,135.4596525,230.55,135.4596525,
2022-11-24 03:25:00+00:00,0.5875,0.59,0.5877,0.5897,585.91,0.588725,344.93986475,585.91,344.93986475,
2022-11-24 03:30:00+00:00,0.5889,0.5904,0.5904,0.5898,3483.31,0.589875,2054.71748625,3483.31,2054.71748625,
2022-11-24 03:35:00+00:00,0.5882,0.5908,0.5898,0.589,3224.65,0.58945,1900.7699425,3224.65,1900.7699425,
2022-11-24 03:40:00+00:00,0.5873,0.5889,0.5884,0.5873,3454.77,0.587975,2031.31839075,3454.77,2031.31839075,
2022-11-24 03:45:00+00:00,0.5873,0.5894,0.5873,0.5894,4639.46,0.58835,2729.626291,4639.46,2729.626291,
2022-11-24 03:50:00+00:00,0.5883,0.5901,0.5895,0.5886,14449.83,0.589125,8512.75609875,14449.83,8512.75609875,
2022-11-24 03:55:00+00:00,0.5888,0.5905,0.5888,0.5894,4053.98,0.589375,2389.3144625,4053.98,2389.3144625,
2022-11-24 04:00:00+00:00,0.5866,0.5893,0.5892,0.587,2908.03,0.588025,1709.99434075,2908.03,1709.99434075,
2022-11-24 04:05:00+00:00,0.5869,0.5877,0.5877,0.5869,167.88,0.5873,98.595924,167.88,98.595924,
2022-11-24 04:10:00+00:00,0.5854,0.5868,0.5868,0.5866,378.71,0.5864,222.075544,378.71,222.075544,
2022-11-24 04:15:00+00:00,0.5847,0.5869,0.5866,0.5847,4777.68,0.585725,2798.406618,4777.68,2798.406618,
2022-11-24 04:20:00+00:00,0.5838,0.586,0.5852,0.5838,1943.57,0.5847,1136.405379,1943.57,1136.405379,
2022-11-24 04:25:00+00:00,0.5807,0.5824,0.5824,0.5819,2897.59,0.58185,1685.9627415,2897.59,1685.9627415,
2022-11-24 04:30:00+00:00,0.5823,0.5834,0.583,0.5824,2371.7,0.582775,1382.1674675,2371.7,1382.1674675,
2022-11-24 04:35:00+00:00,0.5811,0.5821,0.5819,0.582,700.42,0.581775,407.4868455,700.42,407.4868455,
2022-11-24 04:40:00+00:00,0.5796,0.5813,0.5813,0.5802,592.63,0.5806,344.080978,592.63,344.080978,
2022-11-24 04:45:00+00:00,0.5797,0.5814,0.5813,0.5797,3231.89,0.580525,1876.19294225,3231.89,1876.19294225,
2022-11-24 04:50:00+00:00,0.58,0.5814,0.5805,0.5814,294.8,0.580825,171.22721,294.8,171.22721,
2022-11-24 04:55:00+00:00,0.5799,0.581,0.581,0.5799,62.72,0.58045,36.405824,62.72,36.405824,
2022-11-24 05:00:00+00:00,0.5796,0.5806,0.5806,0.5797,752.87,0.580125,436.75870875,752.87,436.75870875,
2022-11-24 05:05:00+00:00,0.5776,0.5791,0.5791,0.5776,136.02,0.57835,78.667167,136.02,78.667167,
2022-11-24 05:10:00+00:00,0.5761,0.5783,0.578,0.5765,2348.0,0.577225,1355.3243,2348.0,1355.3243,
2022-11-24 05:15:00+00:00,0.5749,0.5771,0.5763,0.5749,11101.54,0.5758,6392.266732,11101.54,6392.266732,
2022-11-24 05:20:00+00:00,0.5753,0.577,0.5753,0.5767,825.53,0.576075,475.56719475,825.53,475.56719475,
2022-11-24 05:25:00+00:00,0.5766,0.5781,0.5766,0.5781,475.44,0.57735,274.495284,475.44,274.495284,
2022-11-24 05:30:00+00:00,0.5767,0.5779,0.5778,0.5767,1729.26,0.577275,998.2585665,1729.26,998.2585665,
2022-11-24 05:35:00+00:00,0.5763,0.5772,0.5772,0.5763,7.71,0.57675,4.4467425,7.71,4.4467425,
2022-11-24 05:40:00+00:00,0.576,0.5771,0.5768,0.5771,57.56,0.57675,33.19773,57.56,33.19773,
2022-11-24 05:45:00+00:00,0.577,0.5778,0.577,0.5778,3.67,0.5774,2.119058,3.67,2.119058,
2022-11-24 05:50:00+00:00,0.5761,0.5777,0.5777,0.5767,926.94,0.57705,534.890727,926.94,534.890727,
2022-11-24 05:55:00+00:00,0.5753,0.5768,0.5762,0.5768,38.53,0.576275,22.20387575,38.53,22.20387575,
2022-11-24 06:00:00+00:00,0.5754,0.5771,0.577,0.5754,249.9,0.576225,143.9986275,249.9,143.9986275,
2022-11-24 06:05:00+00:00,0.5755,0.5763,0.5755,0.5763,380.81,0.5759,219.308479,380.81,219.308479,
2022-11-24 06:10:00+00:00,0.576,0.5768,0.5768,0.576,47.31,0.5764,27.269484,47.31,27.269484,
2022-11-24 06:15:00+00:00,0.5762,0.5769,0.5764,0.5765,732.4,0.5765,422.2286,732.4,422.2286,
2022-11-24 06:20:00+00:00,0.5757,0.5767,0.5763,0.576,2510.35,0.576175,1446.40091125,2510.35,1446.40091125,
2022-11-24 06:25:00+00:00,0.576,0.5775,0.5766,0.5775,18535.89,0.5769,10693.354941,18535.89,10693.354941,
2022-11-24 06:30:00+00:00,0.5759,0.5771,0.5759,0.5771,1191.49,0.5765,686.893985,1191.49,686.893985,
2022-11-24 06:35:00+00:00,0.5769,0.5776,0.5776,0.5769,434.34,0.57725,250.722765,434.34,250.722765,
2022-11-24 06:40:00+00:00,0.5771,0.5776,0.5771,0.5776,99.27,0.57735,57.3135345,99.27,57.3135345,
2022-11-24 06:45:00+00:00,0.577,0.5777,0.5771,0.5772,16.72,0.57725,9.65162,16.72,9.65162,
2022-11-24 06:50:00+00:00,0.5767,0.5776,0.5771,0.5773,526.67,0.577175,303.98075725,526.67,303.98075725,
2022-11-24 06:55:00+00:00,0.5782,0.5793,0.5793,0.5782,48.43,0.57875,28.0288625,48.43,28.0288625,
2022-11-24 07:00:00+00:00,0.5777,0.5787,0.5781,0.5787,1177.84,0.5783,681.144872,1177.84,681.144872,
2022-11-24 07:05:00+00:00,0.5782,0.579,0.5782,0.5788,116.76,0.57855,67.551498,116.76,67.551498,
2022-11-24 07:10:00+00:00,0.5778,0.5785,0.5785,0.5783,967.51,0.578275,559.48684525,967.51,559.48684525,
2022-11-24 07:15:00+00:00,0.5781,0.5792,0.5784,0.5785,110.53,0.57855,63.9471315,110.53,63.9471315,
2022-11-24 07:20:00+00:00,0.5783,0.5793,0.5784,0.5792,380.61,0.5788,220.297068,380.61,220.297068,
2022-11-24 07:25:00+00:00,0.5783,0.5793,0.5784,0.5792,380.61,0.5788,220.297068,380.61,220.297068,
2022-11-24 07:30:00+00:00,0.5802,0.5809,0.5806,0.5809,14.05,0.58065,8.1581325,14.05,8.1581325,
2022-11-24 07:35:00+00:00,0.5786,0.5802,0.5802,0.5792,942.81,0.57955,546.4055355,942.81,546.4055355,
2022-11-24 07:40:00+00:00,0.579,0.58,0.5794,0.58,452.3,0.5796,262.15308,452.3,262.15308,
2022-11-24 07:45:00+00:00,0.5792,0.5801,0.5801,0.5799,266.12,0.579825,154.303029,266.12,154.303029,
2022-11-24 07:50:00+00:00,0.5792,0.5801,0.5801,0.5799,266.12,0.579825,154.303029,266.12,154.303029,
2022-11-24 07:55:00+00:00,0.5747,0.5773,0.5773,0.5758,23.71,0.576275,13.66348025,23.71,13.66348025,
2022-11-24 08:00:00+00:00,0.5735,0.5757,0.5757,0.5739,60.71,0.5747,34.890037,60.71,34.890037,
2022-11-24 08:05:00+00:00,0.5711,0.5738,0.5738,0.5711,26.02,0.57245,14.895149,26.02,14.895149,
2022-11-24 08:10:00+00:00,0.5711,0.5738,0.5738,0.5711,26.02,0.57245,14.895149,26.02,14.895149,
2022-11-24 08:15:00+00:00,0.5718,0.573,0.5721,0.5727,822.53,0.5724,470.816172,822.53,470.816172,
2022-11-24 08:20:00+00:00,0.5704,0.572,0.572,0.5715,4.24,0.571475,2.423054,4.24,2.423054,
2022-11-24 08:25:00+00:00,0.5676,0.5698,0.5698,0.5676,638.7,0.5687,363.22869,638.7,363.22869,
2022-11-24 08:30:00+00:00,0.5678,0.5706,0.5678,0.5694,179.87,0.5689,102.328043,179.87,102.328043,
2022-11-24 08:35:00+00:00,0.5692,0.5716,0.5692,0.5716,2400.29,0.5704,1369.125416,2400.29,1369.125416,
2022-11-24 08:40:00+00:00,0.5692,0.5716,0.5692,0.5716,2400.29,0.5704,1369.125416,2400.29,1369.125416,
2022-11-24 08:45:00+00:00,0.5716,0.5731,0.5716,0.5725,5289.95,0.5722,3026.90939,5289.95,3026.90939,
2022-11-24 08:50:00+00:00,0.5724,0.5726,0.5726,0.5724,545.02,0.5725,312.02395,545.02,312.02395,
2022-11-24 08:55:00+00:00,0.5717,0.5727,0.572,0.5727,288.65,0.572275,165.18717875,288.65,165.18717875,
2022-11-24 09:00:00+00:00,0.572,0.5731,0.572,0.5731,31.38,0.57255,17.966619,31.38,17.966619,
2022-11-24 09:05:00+00:00,0.5723,0.573,0.5727,0.5723,23.66,0.572575,13.5471245,23.66,13.5471245,
2022-11-24 09:10:00+00:00,0.5709,0.573,0.573,0.5709,547.64,0.57195,313.222698,547.64,313.222698,
2022-11-24 09:15:00+00:00,0.5701,0.5715,0.571,0.5706,1098.65,0.5708,627.10942,1098.65,627.10942,
2022-11-24 09:20:00+00:00,0.5705,0.572,0.5706,0.572,1039.62,0.571275,593.9089155,1039.62,593.9089155,
2022-11-24 09:25:00+00:00,0.5714,0.5733,0.5715,0.5723,500.86,0.572125,286.5545275,500.86,286.5545275,
2022-11-24 09:30:00+00:00,0.5714,0.5729,0.5729,0.5728,93.5,0.5725,53.52875,93.5,53.52875,
2022-11-24 09:35:00+00:00,0.5725,0.5732,0.5729,0.5731,67.23,0.572925,38.51774775,67.23,38.51774775,
2022-11-24 09:40:00+00:00,0.5719,0.573,0.573,0.5719,606.33,0.57245,347.0936085,606.33,347.0936085,
2022-11-24 09:45:00+00:00,0.5717,0.5722,0.5721,0.5717,86.04,0.571925,49.208427,86.04,49.208427,
2022-11-24 09:50:00+00:00,0.5711,0.5723,0.5711,0.5719,407.28,0.5716,232.801248,407.28,232.801248,
2022-11-24 09:55:00+00:00,0.5712,0.5719,0.5719,0.5718,2019.16,0.5717,1154.353772,2019.16,1154.353772,
2022-11-24 10:00:00+00:00,0.571,0.572,0.572,0.5717,753.42,0.571675,430.7113785,753.42,430.7113785,
2022-11-24 10:05:00+00:00,0.572,0.5727,0.572,0.5721,44.6,0.5722,25.52012,44.6,25.52012,
2022-11-24 10:10:00+00:00,0.571,0.5721,0.5721,0.571,192.25,0.57155,109.8804875,192.25,109.8804875,
2022-11-24 10:15:00+00:00,0.5695,0.5716,0.5715,0.57,170.3,0.57065,97.181695,170.3,97.181695,
2022-11-24 10:20:00+00:00,0.5689,0.5699,0.5699,0.5699,1472.76,0.56965,838.957734,1472.76,838.957734,
2022-11-24 10:25:00+00:00,0.5691,0.5712,0.5699,0.5691,537.38,0.569825,306.2125585,537.38,306.2125585,
2022-11-24 10:30:00+00:00,0.5628,0.569,0.569,0.5628,837.28,0.5659,473.816752,837.28,473.816752,
2022-11-24 10:35:00+00:00,0.5595,0.5633,0.5633,0.5611,3451.16,0.5618,1938.861688,3451.16,1938.861688,
2022-11-24 10:40:00+00:00,0.5586,0.562,0.5611,0.5586,107.1,0.560075,59.9840325,107.1,59.9840325,
2022-11-24 10:45:00+00:00,0.5549,0.5584,0.5583,0.5549,815.34,0.556625,453.8386275,815.34,453.8386275,
2022-11-24 10:50:00+00:00,0.5565,0.5586,0.5565,0.5586,72.38,0.55755,40.355469,72.38,40.355469,
2022-11-24 10:55:00+00:00,0.5585,0.5607,0.5586,0.5607,120.3,0.559625,67.3228875,120.3,67.3228875,
2022-11-24 11:00:00+00:00,0.5591,0.5607,0.5605,0.5593,238.57,0.5599,133.575343,238.57,133.575343,
2022-11-24 11:05:00+00:00,0.559,0.561,0.559,0.559,11496.07,0.5595,6432.051165,11496.07,6432.051165,
2022-11-24 11:10:00+00:00,0.5583,0.559,0.559,0.5583,244.55,0.55865,136.6178575,244.55,136.6178575,
2022-11-24 11:15:00+00:00,0.5583,0.559,0.559,0.5583,244.55,0.55865,136.6178575,244.55,136.6178575,
2022-11-24 11:20:00+00:00,0.5567,0.5575,0.5572,0.557,903.58,0.5571,503.384418,903.58,503.384418,
2022-11-24 11:25:00+00:00,0.5553,0.5576,0.557,0.5574,2247.73,0.556825,1251.59225725,2247.73,1251.59225725,
2022-11-24 11:30:00+00:00,0.557,0.5582,0.557,0.5582,174.69,0.5576,97.407144,174.69,97.407144,
2022-11-24 11:35:00+00:00,0.557,0.5578,0.5576,0.557,1781.97,0.55735,993.1809795,1781.97,993.1809795,
2022-11-24 11:40:00+00:00,0.5561,0.5563,0.5563,0.5561,34.39,0.5562,19.127718,34.39,19.127718,
2022-11-24 11:45:00+00:00,0.5565,0.5579,0.5566,0.5574,144.29,0.5571,80.383959,144.29,80.383959,
2022-11-24 11:50:00+00:00,0.5564,0.5572,0.5568,0.5571,422.38,0.556875,235.2128625,422.38,235.2128625,
2022-11-24 11:55:00+00:00,0.557,0.5583,0.557,0.5583,360.3,0.55765,200.921295,360.3,200.921295,
2022-11-24 12:00:00+00:00,0.559,0.5597,0.559,0.5597,9.26,0.55935,5.179581,9.26,5.179581,
2022-11-24 12:05:00+00:00,0.5586,0.5594,0.5593,0.5586,577.88,0.558975,323.020473,577.88,323.020473,
2022-11-24 12:10:00+00:00,0.5572,0.5582,0.5578,0.5572,67.48,0.5576,37.626848,67.48,37.626848,
2022-11-24 12:15:00+00:00,0.5577,0.5592,0.5577,0.5586,394.78,0.5583,220.405674,394.78,220.405674,
2022-11-24 12:20:00+00:00,0.558,0.5588,0.5588,0.558,5.95,0.5584,3.32248,5.95,3.32248,
2022-11-24 12:25:00+00:00,0.5585,0.5595,0.5585,0.5586,689.44,0.558775,385.241836,689.44,385.241836,
2022-11-24 12:30:00+00:00,0.5586,0.5607,0.5586,0.5607,137.4,0.55965,76.89591,137.4,76.89591,
2022-11-24 12:35:00+00:00,0.5587,0.5595,0.5591,0.5592,399.91,0.559125,223.59967875,399.91,223.59967875,
2022-11-24 12:40:00+00:00,0.5566,0.559,0.559,0.5566,191.66,0.5578,106.907948,191.66,106.907948,
2022-11-24 12:45:00+00:00,0.5555,0.5576,0.5566,0.5561,543.12,0.55645,302.219124,543.12,302.219124,
2022-11-24 12:50:00+00:00,0.556,0.5568,0.5562,0.5566,467.47,0.5564,260.100308,467.47,260.100308,
2022-11-24 12:55:00+00:00,0.5564,0.5574,0.5571,0.5574,5056.55,0.557075,2816.87759125,5056.55,2816.87759125,
2022-11-24 13:00:00+00:00,0.557,0.5596,0.5574,0.5596,2298.79,0.5584,1283.644336,2298.79,1283.644336,
2022-11-24 13:05:00+00:00,0.559,0.5597,0.5596,0.559,493.4,0.559325,275.970955,493.4,275.970955,
2022-11-24 13:10:00+00:00,0.558,0.5594,0.5594,0.558,105.23,0.5587,58.792001,105.23,58.792001,
2022-11-24 13:15:00+00:00,0.5576,0.5592,0.5584,0.5586,2480.8,0.55845,1385.40276,2480.8,1385.40276,
2022-11-24 13:20:00+00:00,0.5585,0.5594,0.5591,0.5593,245.74,0.559075,137.3870905,245.74,137.3870905,
2022-11-24 13:25:00+00:00,0.5591,0.5592,0.5591,0.5592,42.04,0.55915,23.506666,42.04,23.506666,
2022-11-24 13:30:00+00:00,0.559,0.5601,0.559,0.5601,725.86,0.55955,406.154963,725.86,406.154963,
2022-11-24 13:35:00+00:00,0.5592,0.5604,0.56,0.5596,379.66,0.5598,212.533668,379.66,212.533668,
2022-11-24 13:40:00+00:00,0.5595,0.5602,0.5597,0.5595,514.38,0.559725,287.9113455,514.38,287.9113455,
2022-11-24 13:45:00+00:00,0.5597,0.5604,0.5603,0.56,13096.12,0.5601,7335.136812,13096.12,7335.136812,
2022-11-24 13:50:00+00:00,0.5578,0.5602,0.56,0.5602,4335.05,0.55955,2425.6772275,4335.05,2425.6772275,
2022-11-24 13:55:00+00:00,0.5591,0.5602,0.5602,0.5596,89.39,0.559775,50.03828725,89.39,50.03828725,
2022-11-24 14:00:00+00:00,0.5579,0.5595,0.5591,0.5582,218.41,0.558675,122.02020675,218.41,122.02020675,
2022-11-24 14:05:00+00:00,0.5581,0.5582,0.5581,0.5582,134.45,0.55815,75.0432675,134.45,75.0432675,
2022-11-24 14:10:00+00:00,0.5579,0.5588,0.5587,0.5584,387.76,0.55845,216.544572,387.76,216.544572,
2022-11-24 14:15:00+00:00,0.5526,0.5583,0.5583,0.5541,3763.05,0.555825,2091.59726625,3763.05,2091.59726625,
2022-11-24 14:20:00+00:00,0.5539,0.5559,0.5544,0.555,5778.84,0.5548,3206.100432,5778.84,3206.100432,
2022-11-24 14:25:00+00:00,0.5555,0.5574,0.5555,0.5559,1219.17,0.556075,677.94995775,1219.17,677.94995775,
2022-11-24 14:30:00+00:00,0.5556,0.5575,0.5556,0.5573,1108.65,0.5565,616.963725,1108.65,616.963725,
2022-11-24 14:35:00+00:00,0.5567,0.558,0.5567,0.558,616.87,0.55735,343.8124945,616.87,343.8124945,
2022-11-24 14:40:00+00:00,0.5574,0.5586,0.558,0.5586,1439.33,0.55815,803.3620395,1439.33,803.3620395,
2022-11-24 14:45:00+00:00,0.5578,0.5594,0.5583,0.5583,47001.21,0.55845,26247.8257245,47001.21,26247.8257245,
2022-11-24 14:50:00+00:00,0.5574,0.5594,0.5594,0.5574,103.56,0.5584,57.827904,103.56,57.827904,
2022-11-24 14:55:00+00:00,0.5575,0.5586,0.5581,0.5575,621.79,0.557925,346.91218575,621.79,346.91218575,
2022-11-24 15:00:00+00:00,0.5551,0.5577,0.5575,0.5551,121.61,0.55635,67.6577235,121.61,67.6577235,
2022-11-24 15:05:00+00:00,0.5545,0.5563,0.5545,0.5555,3123.43,0.5552,1734.128336,3123.43,1734.128336,
2022-11-24 15:10:00+00:00,0.5553,0.5567,0.5555,0.5567,4580.92,0.55605,2547.220566,4580.92,2547.220566,
2022-11-24 15:15:00+00:00,0.5563,0.5578,0.5563,0.5577,1863.63,0.557025,1038.08850075,1863.63,1038.08850075,
2022-11-24 15:20:00+00:00,0.5574,0.5578,0.5574,0.5576,1303.04,0.55755,726.509952,1303.04,726.509952,
2022-11-24 15:25:00+00:00,0.5577,0.5594,0.5581,0.5593,2712.8,0.558625,1515.4379,2712.8,1515.4379,
2022-11-24 15:30:00+00:00,0.559,0.5597,0.5595,0.5592,12231.22,0.55935,6841.532907,12231.22,6841.532907,
2022-11-24 15:35:00+00:00,0.559,0.5597,0.5597,0.559,2594.06,0.55935,1450.987461,2594.06,1450.987461,
2022-11-24 15:40:00+00:00,0.5591,0.5592,0.5592,0.5591,465.13,0.55915,260.0774395,465.13,260.0774395,
2022-11-24 15:45:00+00:00,0.5575,0.5591,0.5591,0.5578,7693.65,0.558375,4295.94181875,7693.65,4295.94181875,
2022-11-24 15:50:00+00:00,0.5578,0.5587,0.5581,0.5582,496.28,0.5582,277.023496,496.28,277.023496,
2022-11-24 15:55:00+00:00,0.5579,0.5587,0.5582,0.5587,2599.57,0.558375,1451.53489875,2599.57,1451.53489875,
2022-11-24 16:00:00+00:00,0.5583,0.5587,0.5587,0.5583,30.99,0.5585,17.307915,30.99,17.307915,
2022-11-24 16:05:00+00:00,0.5587,0.5617,0.5587,0.5617,1939.92,0.5602,1086.743184,1939.92,1086.743184,
2022-11-24 16:10:00+00:00,0.5614,0.5619,0.5619,0.5614,765.56,0.56165,429.976774,765.56,429.976774,
2022-11-24 16:15:00+00:00,0.5612,0.5631,0.5612,0.5617,13208.25,0.5618,7420.39485,13208.25,7420.39485,
2022-11-24 16:20:00+00:00,0.5596,0.5619,0.5616,0.5609,8254.54,0.561,4630.79694,8254.54,4630.79694,
2022-11-24 16:25:00+00:00,0.5584,0.5602,0.5602,0.5586,2447.55,0.55935,1369.0370925,2447.55,1369.0370925,
2022-11-24 16:30:00+00:00,0.5555,0.5581,0.5578,0.5567,43803.5,0.557025,24399.6445875,43803.5,24399.6445875,
2022-11-24 16:35:00+00:00,0.5567,0.5603,0.5567,0.5603,1176.94,0.5585,657.32099,1176.94,657.32099,
2022-11-24 16:40:00+00:00,0.5581,0.5603,0.56,0.5598,7556.4,0.55955,4228.18362,7556.4,4228.18362,
2022-11-24 16:45:00+00:00,0.5588,0.5609,0.5595,0.5599,4115.84,0.559775,2303.944336,4115.84,2303.944336,
2022-11-24 16:50:00+00:00,0.5598,0.5614,0.5606,0.5611,2555.15,0.560725,1432.73648375,2555.15,1432.73648375,
2022-11-24 16:55:00+00:00,0.5603,0.5617,0.561,0.5603,1041.67,0.560825,584.19457775,1041.67,584.19457775,
2022-11-24 17:00:00+00:00,0.5603,0.5621,0.5608,0.5616,4993.02,0.5612,2802.082824,4993.02,2802.082824,
2022-11-24 17:05:00+00:00,0.5616,0.5626,0.562,0.5619,735.66,0.562025,413.4593115,735.66,413.4593115,
2022-11-24 17:10:00+00:00,0.5603,0.5623,0.5623,0.5603,2244.5,0.5613,1259.83785,2244.5,1259.83785,
2022-11-24 17:15:00+00:00,0.5603,0.5609,0.5603,0.5604,1872.56,0.560475,1049.523066,1872.56,1049.523066,
2022-11-24 17:20:00+00:00,0.5607,0.5618,0.5618,0.5616,3424.84,0.561475,1922.962039,3424.84,1922.962039,
2022-11-24 17:25:00+00:00,0.5604,0.5617,0.5609,0.5604,887.94,0.56085,498.001149,887.94,498.001149,
2022-11-24 17:30:00+00:00,0.5593,0.5611,0.5611,0.5597,1709.3,0.5603,957.72079,1709.3,957.72079,
2022-11-24 17:35:00+00:00,0.5591,0.5599,0.5599,0.5597,112.84,0.55965,63.150906,112.84,63.150906,
2022-11-24 17:40:00+00:00,0.5603,0.5609,0.5603,0.5609,36.01,0.5606,20.187206,36.01,20.187206,
2022-11-24 17:45:00+00:00,0.5598,0.5609,0.5602,0.5598,2655.77,0.560175,1487.69595975,2655.77,1487.69595975,
2022-11-24 17:50:00+00:00,0.5589,0.5594,0.5594,0.5594,533.72,0.559275,298.496253,533.72,298.496253,
2022-11-24 17:55:00+00:00,0.558,0.5592,0.5592,0.558,4439.85,0.5586,2480.10021,4439.85,2480.10021,
2022-11-24 18:00:00+00:00,0.558,0.559,0.5584,0.5582,1601.5,0.5584,894.2776,1601.5,894.2776,
2022-11-24 18:05:00+00:00,0.5561,0.5578,0.5577,0.5567,77.94,0.557075,43.4184255,77.94,43.4184255,
2022-11-24 18:10:00+00:00,0.5552,0.5573,0.5573,0.5571,26873.21,0.556725,14960.98783725,26873.21,14960.98783725,
2022-11-24 18:15:00+00:00,0.5571,0.5579,0.5571,0.5578,56.56,0.557475,31.530786,56.56,31.530786,
2022-11-24 18:20:00+00:00,0.557,0.5578,0.5578,0.557,1196.57,0.5574,666.968118,1196.57,666.968118,
2022-11-24 18:25:00+00:00,0.557,0.5581,0.5572,0.5577,2142.0,0.5575,1194.165,2142.0,1194.165,
2022-11-24 18:30:00+00:00,0.5585,0.5595,0.5586,0.5595,975.72,0.559025,545.451873,975.72,545.451873,
2022-11-24 18:35:00+00:00,0.5594,0.5603,0.5595,0.5594,3039.37,0.55965,1700.9834205,3039.37,1700.9834205,
2022-11-24 18:40:00+00:00,0.5584,0.5594,0.559,0.5587,529.2,0.558875,295.75665,529.2,295.75665,
2022-11-24 18:45:00+00:00,0.5582,0.5583,0.5582,0.5582,776.43,0.558225,433.42263675,776.43,433.42263675,
2022-11-24 18:50:00+00:00,0.5582,0.56,0.5582,0.5596,2809.87,0.559,1570.71733,2809.87,1570.71733,
2022-11-24 18:55:00+00:00,0.559,0.5602,0.559,0.5602,956.29,0.5596,535.139884,956.29,535.139884,
2022-11-24 19:00:00+00:00,0.5597,0.5603,0.5603,0.5601,658.01,0.5601,368.551401,658.01,368.551401,
2022-11-24 19:05:00+00:00,0.5588,0.5604,0.5595,0.5588,33.61,0.559375,18.80059375,33.61,18.80059375,
2022-11-24 19:10:00+00:00,0.5581,0.5589,0.5586,0.5589,704.36,0.558625,393.473105,704.36,393.473105,
2022-11-24 19:15:00+00:00,0.5582,0.5592,0.559,0.5583,270.1,0.558675,150.8981175,270.1,150.8981175,
2022-11-24 19:20:00+00:00,0.5588,0.5594,0.5589,0.5589,1984.62,0.559,1109.40258,1984.62,1109.40258,
2022-11-24 19:25:00+00:00,0.5587,0.5598,0.5598,0.5598,872.47,0.559525,488.16877675,872.47,488.16877675,
2022-11-24 19:30:00+00:00,0.5593,0.56,0.56,0.5593,9.73,0.55965,5.4453945,9.73,5.4453945,
2022-11-24 19:35:00+00:00,0.5597,0.5605,0.5605,0.5597,4893.39,0.5601,2740.787739,4893.39,2740.787739,
2022-11-24 19:40:00+00:00,0.5597,0.5602,0.5602,0.5601,24.37,0.56005,13.6484185,24.37,13.6484185,
2022-11-24 19:45:00+00:00,0.5597,0.5601,0.5601,0.5597,519.23,0.5599,290.716877,519.23,290.716877,
2022-11-24 19:50:00+00:00,0.5591,0.5597,0.5597,0.5595,2015.42,0.5595,1127.62749,2015.42,1127.62749,
2022-11-24 19:55:00+00:00,0.5594,0.5607,0.5598,0.5594,570.52,0.559825,319.391359,570.52,319.391359,
2022-11-24 20:00:00+00:00,0.5593,0.5608,0.56,0.5608,282.08,0.560225,158.028268,282.08,158.028268,
2022-11-24 20:05:00+00:00,0.5598,0.5613,0.5604,0.5599,3534.63,0.56035,1980.6299205,3534.63,1980.6299205,
2022-11-24 20:10:00+00:00,0.559,0.5605,0.5603,0.5605,2288.74,0.560075,1281.8660555,2288.74,1281.8660555,
2022-11-24 20:15:00+00:00,0.5599,0.5604,0.56,0.5604,751.27,0.560175,420.84267225,751.27,420.84267225,
2022-11-24 20:20:00+00:00,0.559,0.5606,0.5606,0.559,382.14,0.5598,213.921972,382.14,213.921972,
2022-11-24 20:25:00+00:00,0.5578,0.5588,0.5588,0.5582,949.15,0.5584,530.00536,949.15,530.00536,
2022-11-24 20:30:00+00:00,0.5587,0.5595,0.5587,0.5595,2053.7,0.5591,1148.22367,2053.7,1148.22367,
2022-11-24 20:35:00+00:00,0.5593,0.5599,0.5595,0.5597,247.11,0.5596,138.282756,247.11,138.282756,
2022-11-24 20:40:00+00:00,0.5588,0.5597,0.5597,0.5588,1418.66,0.55925,793.385605,1418.66,793.385605,
2022-11-24 20:45:00+00:00,0.5588,0.5597,0.5588,0.5597,98.38,0.55925,55.019015,98.38,55.019015,
2022-11-24 20:50:00+00:00,0.5577,0.5595,0.5594,0.5577,659.24,0.558575,368.234983,659.24,368.234983,
2022-11-24 20:55:00+00:00,0.5576,0.5592,0.5583,0.5592,381.46,0.558575,213.0740195,381.46,213.0740195,
2022-11-24 21:00:00+00:00,0.559,0.56,0.56,0.559,223.14,0.5595,124.84683,223.14,124.84683,
2022-11-24 21:05:00+00:00,0.558,0.5594,0.5586,0.5594,989.76,0.55885,553.127376,989.76,553.127376,
2022-11-24 21:10:00+00:00,0.5595,0.5595,0.5595,0.5595,157.17,0.5595,87.936615,157.17,87.936615,
2022-11-24 21:15:00+00:00,0.5574,0.5587,0.5587,0.5574,18.98,0.55805,10.591789,18.98,10.591789,
2022-11-24 21:20:00+00:00,0.5574,0.558,0.558,0.558,136.56,0.55785,76.179996,136.56,76.179996,
2022-11-24 21:25:00+00:00,0.558,0.5594,0.558,0.5594,1758.92,0.5587,982.708604,1758.92,982.708604,
2022-11-24 21:30:00+00:00,0.5571,0.5588,0.5588,0.5571,18.67,0.55795,10.4169265,18.67,10.4169265,
2022-11-24 21:35:00+00:00,0.5576,0.5582,0.5576,0.558,18.83,0.55785,10.5043155,18.83,10.5043155,
2022-11-24 21:40:00+00:00,0.5582,0.5594,0.5582,0.5594,595.88,0.5588,332.977744,595.88,332.977744,
2022-11-24 21:45:00+00:00,0.5585,0.5593,0.5593,0.5585,119.7,0.5589,66.90033,119.7,66.90033,
2022-11-24 21:50:00+00:00,0.5583,0.5593,0.5587,0.5584,707.92,0.558675,395.497206,707.92,395.497206,
2022-11-24 21:55:00+00:00,0.5585,0.5593,0.5593,0.5586,157.67,0.558925,88.12570475,157.67,88.12570475,
2022-11-24 22:00:00+00:00,0.5586,0.5601,0.5586,0.5601,310.46,0.55935,173.655801,310.46,173.655801,
2022-11-24 22:05:00+00:00,0.5591,0.5602,0.5595,0.5594,1038.03,0.55955,580.8296865,1038.03,580.8296865,
2022-11-24 22:10:00+00:00,0.5593,0.56,0.5593,0.5599,68.65,0.559625,38.41825625,68.65,38.41825625,
2022-11-24 22:15:00+00:00,0.5598,0.5605,0.5598,0.5603,308.81,0.5601,172.964481,308.81,172.964481,
2022-11-24 22:20:00+00:00,0.5598,0.5603,0.5598,0.5598,629.29,0.559925,352.35520325,629.29,352.35520325,
2022-11-24 22:25:00+00:00,0.5598,0.5603,0.5598,0.5598,629.29,0.559925,352.35520325,629.29,352.35520325,
2022-11-24 22:30:00+00:00,0.5598,0.5602,0.5599,0.5602,263.59,0.560025,147.61698975,263.59,147.61698975,
2022-11-24 22:35:00+00:00,0.5615,0.5616,0.5616,0.5616,732.85,0.561575,411.55023875,732.85,411.55023875,
2022-11-24 22:40:00+00:00,0.5609,0.5617,0.5611,0.5617,676.13,0.56135,379.5455755,676.13,379.5455755,
2022-11-24 22:45:00+00:00,0.5617,0.5625,0.5622,0.562,454.25,0.5621,255.333925,454.25,255.333925,
2022-11-24 22:50:00+00:00,0.5619,0.5631,0.5619,0.5626,2706.61,0.562375,1522.12979875,2706.61,1522.12979875,
2022-11-24 22:55:00+00:00,0.5617,0.5629,0.5627,0.5626,687.88,0.562475,386.915303,687.88,386.915303,
2022-11-24 23:00:00+00:00,0.5617,0.5639,0.5638,0.5617,632.01,0.562775,355.67942775,632.01,355.67942775,
2022-11-24 23:05:00+00:00,0.5602,0.5618,0.5618,0.5616,787.42,0.56135,442.018217,787.42,442.018217,
2022-11-24 23:10:00+00:00,0.5609,0.5624,0.561,0.5624,4328.36,0.561675,2431.131603,4328.36,2431.131603,
2022-11-24 23:15:00+00:00,0.561,0.5637,0.5624,0.5637,4294.32,0.5627,2416.413864,4294.32,2416.413864,
2022-11-24 23:20:00+00:00,0.5633,0.564,0.5634,0.5633,203.71,0.5635,114.790585,203.71,114.790585,
2022-11-24 23:25:00+00:00,0.5633,0.5643,0.5643,0.5643,183.75,0.56405,103.6441875,183.75,103.6441875,
2022-11-24 23:30:00+00:00,0.563,0.5643,0.5643,0.5634,403.38,0.56375,227.405475,403.38,227.405475,
2022-11-24 23:35:00+00:00,0.5631,0.5638,0.5633,0.5638,76.76,0.5635,43.25426,76.76,43.25426,
2022-11-24 23:40:00+00:00,0.563,0.5639,0.5639,0.563,112.01,0.56345,63.1120345,112.01,63.1120345,
2022-11-24 23:45:00+00:00,0.562,0.5626,0.5626,0.5625,1977.98,0.562425,1112.4654015,1977.98,1112.4654015,
2022-11-24 23:50:00+00:00,0.5626,0.564,0.5627,0.564,344.13,0.563325,193.85703225,344.13,193.85703225,
2022-11-24 23:55:00+00:00,0.5626,0.5641,0.5634,0.5626,111.51,0.563175,62.79964425,111.51,62.79964425,
2022-11-25 00:00:00+00:00,0.5612,0.5636,0.5629,0.5626,1606.82,0.562575,903.9567615,1606.82,903.9567615,
2022-11-25 00:05:00+00:00,0.56,0.563,0.563,0.56,701.74,0.5615,394.02701,701.74,394.02701,
2022-11-25 00:10:00+00:00,0.5575,0.56,0.5589,0.5588,1672.42,0.5588,934.548296,1672.42,934.548296,
2022-11-25 00:15:00+00:00,0.5562,0.5606,0.5606,0.5562,249.61,0.5584,139.382224,249.61,139.382224,
2022-11-25 00:20:00+00:00,0.5569,0.5582,0.5569,0.5582,1081.97,0.55755,603.2523735,1081.97,603.2523735,
2022-11-25 00:25:00+00:00,0.5579,0.5585,0.5585,0.5584,480.05,0.558325,268.02391625,480.05,268.02391625,
2022-11-25 00:30:00+00:00,0.557,0.559,0.5576,0.559,376.97,0.55815,210.4058055,376.97,210.4058055,
2022-11-25 00:35:00+00:00,0.5584,0.5608,0.5584,0.5608,188.32,0.5596,105.383872,188.32,105.383872,
2022-11-25 00:40:00+00:00,0.5601,0.5603,0.5603,0.5601,416.44,0.5602,233.289688,416.44,233.289688,
2022-11-25 00:45:00+00:00,0.5594,0.5609,0.5601,0.5594,1184.64,0.55995,663.339168,1184.64,663.339168,
2022-11-25 00:50:00+00:00,0.5586,0.5599,0.5592,0.5592,619.28,0.559225,346.316858,619.28,346.316858,
2022-11-25 00:55:00+00:00,0.5588,0.5603,0.5588,0.5597,43.9,0.5594,24.55766,43.9,24.55766,
2022-11-25 01:00:00+00:00,0.5583,0.5595,0.5595,0.5583,548.51,0.5589,306.562239,548.51,306.562239,
2022-11-25 01:05:00+00:00,0.5583,0.5599,0.5583,0.5592,21.18,0.558925,11.8380315,21.18,11.8380315,
2022-11-25 01:10:00+00:00,0.5587,0.5596,0.5594,0.5587,96.21,0.5591,53.791011,96.21,53.791011,
2022-11-25 01:15:00+00:00,0.559,0.5607,0.5595,0.5594,1103.73,0.55965,617.7024945,1103.73,617.7024945,
2022-11-25 01:20:00+00:00,0.5592,0.5609,0.5592,0.5602,2015.95,0.559875,1128.68000625,2015.95,1128.68000625,
2022-11-25 01:25:00+00:00,0.5597,0.561,0.5597,0.5609,548.27,0.560325,307.20938775,548.27,307.20938775,
2022-11-25 01:30:00+00:00,0.5604,0.5605,0.5604,0.5605,28.37,0.56045,15.8999665,28.37,15.8999665,
2022-11-25 01:35:00+00:00,0.5599,0.5612,0.5599,0.5605,338.38,0.560375,189.6196925,338.38,189.6196925,
2022-11-25 01:40:00+00:00,0.5604,0.5607,0.5605,0.5605,138.41,0.560525,77.58226525,138.41,77.58226525,
2022-11-25 01:45:00+00:00,0.5599,0.56,0.5599,0.56,561.66,0.55995,314.501517,561.66,314.501517,
2022-11-25 01:50:00+00:00,0.5584,0.56,0.56,0.5584,278.65,0.5592,155.82108,278.65,155.82108,
2022-11-25 01:55:00+00:00,0.5561,0.5589,0.5589,0.5561,166.41,0.5575,92.773575,166.41,92.773575,
2022-11-25 02:00:00+00:00,0.5488,0.5542,0.5542,0.5488,657.18,0.5515,362.43477,657.18,362.43477,
2022-11-25 02:05:00+00:00,0.5489,0.5506,0.5493,0.5493,1057.65,0.549525,581.20511625,1057.65,581.20511625,
2022-11-25 02:10:00+00:00,0.549,0.5516,0.549,0.5503,1036.44,0.549975,570.016089,1036.44,570.016089,
2022-11-25 02:15:00+00:00,0.5514,0.5521,0.5516,0.5514,272.1,0.551625,150.0971625,272.1,150.0971625,
2022-11-25 02:20:00+00:00,0.5502,0.5513,0.5513,0.5511,660.04,0.550975,363.665539,660.04,363.665539,
2022-11-25 02:25:00+00:00,0.5484,0.5503,0.5501,0.5484,44.89,0.5493,24.658077,44.89,24.658077,
2022-11-25 02:30:00+00:00,0.5476,0.5504,0.5476,0.5504,1056.72,0.549,580.13928,1056.72,580.13928,
2022-11-25 02:35:00+00:00,0.5503,0.5515,0.5505,0.551,452.79,0.550825,249.40805175,452.79,249.40805175,
2022-11-25 02:40:00+00:00,0.5511,0.552,0.5514,0.5517,928.88,0.55155,512.323764,928.88,512.323764,
2022-11-25 02:45:00+00:00,0.5513,0.552,0.552,0.5513,19.25,0.55165,10.6192625,19.25,10.6192625,
2022-11-25 02:50:00+00:00,0.5516,0.5521,0.5517,0.5518,1988.86,0.5518,1097.452948,1988.86,1097.452948,
2022-11-25 02:55:00+00:00,0.5516,0.5521,0.5521,0.5516,91.82,0.55185,50.670867,91.82,50.670867,
2022-11-25 03:00:00+00:00,0.5514,0.5523,0.5519,0.5514,345.91,0.55175,190.8558425,345.91,190.8558425,
2022-11-25 03:05:00+00:00,0.5513,0.5519,0.5516,0.5519,44.24,0.551675,24.406102,44.24,24.406102,
2022-11-25 03:10:00+00:00,0.5517,0.5534,0.5527,0.5528,3025.26,0.55265,1671.909939,3025.26,1671.909939,
2022-11-25 03:15:00+00:00,0.551,0.553,0.5529,0.551,2458.45,0.551975,1357.00293875,2458.45,1357.00293875,
2022-11-25 03:20:00+00:00,0.5494,0.5514,0.5504,0.5494,3190.86,0.55015,1755.451629,3190.86,1755.451629,
2022-11-25 03:25:00+00:00,0.5496,0.5508,0.5498,0.5508,667.92,0.55025,367.52298,667.92,367.52298,
2022-11-25 03:30:00+00:00,0.5496,0.5508,0.5498,0.5508,667.92,0.55025,367.52298,667.92,367.52298,
2022-11-25 03:35:00+00:00,0.5502,0.5511,0.5507,0.5511,110.86,0.550775,61.0589165,110.86,61.0589165,
2022-11-25 03:40:00+00:00,0.5505,0.5511,0.5506,0.5505,586.94,0.550675,323.2131845,586.94,323.2131845,
2022-11-25 03:45:00+00:00,0.5504,0.5504,0.5504,0.5504,12.46,0.5504,6.857984,12.46,6.857984,
2022-11-25 03:50:00+00:00,0.5507,0.5513,0.5513,0.5507,231.28,0.551,127.43528,231.28,127.43528,
2022-11-25 03:55:00+00:00,0.5505,0.5505,0.5505,0.5505,1.82,0.5505,1.00191,1.82,1.00191,
2022-11-25 04:00:00+00:00,0.5501,0.5507,0.5506,0.5505,577.7,0.550475,318.0094075,577.7,318.0094075,
2022-11-25 04:05:00+00:00,0.5503,0.5507,0.5503,0.5507,75.38,0.5505,41.49669,75.38,41.49669,
2022-11-25 04:10:00+00:00,0.5504,0.551,0.551,0.551,28.0,0.55085,15.4238,28.0,15.4238,
2022-11-25 04:15:00+00:00,0.5507,0.5509,0.5507,0.5508,74.52,0.550775,41.043753,74.52,41.043753,
2022-11-25 04:20:00+00:00,0.5502,0.5509,0.5503,0.5509,249.22,0.550575,137.2143015,249.22,137.2143015,
2022-11-25 04:25:00+00:00,0.5502,0.5509,0.5509,0.5502,184.63,0.55055,101.6480465,184.63,101.6480465,
2022-11-25 04:30:00+00:00,0.5491,0.5509,0.5507,0.5491,120.97,0.54995,66.5274515,120.97,66.5274515,
2022-11-25 04:35:00+00:00,0.5475,0.5493,0.5493,0.5475,730.21,0.5484,400.447164,730.21,400.447164,
2022-11-25 04:40:00+00:00,0.5469,0.548,0.5469,0.5469,1015.46,0.547175,555.6343255,1015.46,555.6343255,
2022-11-25 04:45:00+00:00,0.546,0.5474,0.546,0.5474,139.25,0.5467,76.127975,139.25,76.127975,
2022-11-25 04:50:00+00:00,0.5463,0.5476,0.5469,0.5469,2147.57,0.546925,1174.55972225,2147.57,1174.55972225,
2022-11-25 04:55:00+00:00,0.5477,0.549,0.5477,0.5489,43.43,0.548325,23.81375475,43.43,23.81375475,
2022-11-25 05:00:00+00:00,0.5478,0.5488,0.5481,0.5488,186.73,0.548375,102.39806375,186.73,102.39806375,
2022-11-25 05:05:00+00:00,0.5488,0.5496,0.5494,0.5488,105.5,0.54915,57.935325,105.5,57.935325,
2022-11-25 05:10:00+00:00,0.5476,0.5484,0.5484,0.5477,212.01,0.548025,116.18678025,212.01,116.18678025,
2022-11-25 05:15:00+00:00,0.5475,0.5484,0.5479,0.5484,491.87,0.54805,269.5693535,491.87,269.5693535,
2022-11-25 05:20:00+00:00,0.5477,0.5481,0.5481,0.5477,36.36,0.5479,19.921644,36.36,19.921644,
2022-11-25 05:25:00+00:00,0.5481,0.5486,0.5481,0.5481,479.43,0.548225,262.83551175,479.43,262.83551175,
2022-11-25 05:30:00+00:00,0.5481,0.5497,0.5481,0.5497,724.98,0.5489,397.941522,724.98,397.941522,
2022-11-25 05:35:00+00:00,0.5494,0.5495,0.5494,0.5495,37.97,0.54945,20.8626165,37.97,20.8626165,
2022-11-25 05:40:00+00:00,0.5494,0.5495,0.5494,0.5495,37.97,0.54945,20.8626165,37.97,20.8626165,
2022-11-25 05:45:00+00:00,0.5495,0.55,0.5496,0.5497,253.42,0.5497,139.304974,253.42,139.304974,
2022-11-25 05:50:00+00:00,0.5487,0.5499,0.5494,0.5499,1132.03,0.549475,622.02218425,1132.03,622.02218425,
2022-11-25 05:55:00+00:00,0.5481,0.5494,0.5494,0.5481,297.88,0.54875,163.46165,297.88,163.46165,
2022-11-25 06:00:00+00:00,0.5471,0.5482,0.5478,0.5482,732.04,0.547825,401.029813,732.04,401.029813,
2022-11-25 06:05:00+00:00,0.5473,0.5488,0.5484,0.5488,196.67,0.548325,107.83907775,196.67,107.83907775,
2022-11-25 06:10:00+00:00,0.5478,0.5493,0.5483,0.5493,292.65,0.548675,160.56973875,292.65,160.56973875,
2022-11-25 06:15:00+00:00,0.5496,0.5502,0.5496,0.5502,26.38,0.5499,14.506362,26.38,14.506362,
2022-11-25 06:20:00+00:00,0.5498,0.551,0.5504,0.5498,107.52,0.55025,59.16288,107.52,59.16288,
2022-11-25 06:25:00+00:00,0.5503,0.5521,0.5503,0.5511,77.09,0.55095,42.4727355,77.09,42.4727355,
2022-11-25 06:30:00+00:00,0.5523,0.5527,0.5527,0.5523,56.74,0.5525,31.34885,56.74,31.34885,
2022-11-25 06:35:00+00:00,0.5521,0.5528,0.5521,0.5521,139.11,0.552275,76.82697525,139.11,76.82697525,
2022-11-25 06:40:00+00:00,0.5517,0.5525,0.5521,0.552,398.35,0.552075,219.91907625,398.35,219.91907625,
2022-11-25 06:45:00+00:00,0.552,0.5529,0.5529,0.552,267.36,0.55245,147.703032,267.36,147.703032,
2022-11-25 06:50:00+00:00,0.5519,0.5534,0.5524,0.5534,316.9,0.552775,175.1743975,316.9,175.1743975,
2022-11-25 06:55:00+00:00,0.5525,0.5534,0.5534,0.5525,154.75,0.55295,85.5690125,154.75,85.5690125,
2022-11-25 07:00:00+00:00,0.5523,0.5536,0.5528,0.5528,12212.94,0.552875,6752.2292025,12212.94,6752.2292025,
2022-11-25 07:05:00+00:00,0.552,0.5534,0.5529,0.5525,1027.13,0.5527,567.694751,1027.13,567.694751,
2022-11-25 07:10:00+00:00,0.5522,0.5527,0.5522,0.5525,568.53,0.5524,314.055972,568.53,314.055972,
2022-11-25 07:15:00+00:00,0.5521,0.5531,0.5529,0.5521,47.43,0.55255,26.2074465,47.43,26.2074465,
2022-11-25 07:20:00+00:00,0.552,0.5525,0.5525,0.5522,371.01,0.5523,204.908823,371.01,204.908823,
2022-11-25 07:25:00+00:00,0.5526,0.553,0.5526,0.5529,38.18,0.552775,21.1049495,38.18,21.1049495,
2022-11-25 07:30:00+00:00,0.5522,0.5532,0.5529,0.5532,290.34,0.552875,160.5217275,290.34,160.5217275,
2022-11-25 07:35:00+00:00,0.5528,0.5545,0.5534,0.5539,1267.65,0.55365,701.8344225,1267.65,701.8344225,
2022-11-25 07:40:00+00:00,0.5536,0.5544,0.5536,0.5543,344.93,0.553975,191.08259675,344.93,191.08259675,
2022-11-25 07:45:00+00:00,0.5552,0.5552,0.5552,0.5552,83.0,0.5552,46.0816,83.0,46.0816,
2022-11-25 07:50:00+00:00,0.5541,0.5551,0.5541,0.555,454.87,0.554575,252.25953025,454.87,252.25953025,
2022-11-25 07:55:00+00:00,0.5544,0.556,0.5544,0.556,1451.97,0.5552,806.133744,1451.97,806.133744,
2022-11-25 08:00:00+00:00,0.5554,0.5567,0.556,0.5554,296.95,0.555875,165.06708125,296.95,165.06708125,
2022-11-25 08:05:00+00:00,0.554,0.5552,0.5552,0.5552,774.06,0.5549,429.525894,774.06,429.525894,
2022-11-25 08:10:00+00:00,0.5539,0.5548,0.5548,0.5539,215.93,0.55435,119.7007955,215.93,119.7007955,
2022-11-25 08:15:00+00:00,0.5527,0.554,0.554,0.5527,20.91,0.55335,11.5705485,20.91,11.5705485,
2022-11-25 08:20:00+00:00,0.5518,0.5533,0.5527,0.5518,459.19,0.5524,253.656556,459.19,253.656556,
2022-11-25 08:25:00+00:00,0.5515,0.5522,0.5515,0.552,101.27,0.5518,55.880786,101.27,55.880786,
2022-11-25 08:30:00+00:00,0.5514,0.5522,0.5518,0.5522,1800.15,0.5519,993.502785,1800.15,993.502785,
2022-11-25 08:35:00+00:00,0.5513,0.5518,0.5518,0.5513,6.2,0.55155,3.41961,6.2,3.41961,
2022-11-25 08:40:00+00:00,0.5512,0.5518,0.5512,0.5516,139.48,0.55145,76.916246,139.48,76.916246,
2022-11-25 08:45:00+00:00,0.5516,0.5521,0.5516,0.5521,29.62,0.55185,16.345797,29.62,16.345797,
2022-11-25 08:50:00+00:00,0.5514,0.5523,0.5522,0.5523,2178.04,0.55205,1202.386982,2178.04,1202.386982,
2022-11-25 08:55:00+00:00,0.5519,0.5532,0.5526,0.5532,104.62,0.552725,57.8260895,104.62,57.8260895,
2022-11-25 09:00:00+00:00,0.5524,0.5537,0.5537,0.5529,183.3,0.553175,101.3969775,183.3,101.3969775,
2022-11-25 09:05:00+00:00,0.5524,0.5537,0.5537,0.5529,183.3,0.553175,101.3969775,183.3,101.3969775,
2022-11-25 09:10:00+00:00,0.553,0.5541,0.5538,0.553,283.42,0.553475,156.8658845,283.42,156.8658845,
2022-11-25 09:15:00+00:00,0.5525,0.553,0.5525,0.553,13.24,0.55275,7.31841,13.24,7.31841,
2022-11-25 09:20:00+00:00,0.5525,0.553,0.5525,0.553,13.24,0.55275,7.31841,13.24,7.31841,
2022-11-25 09:25:00+00:00,0.5538,0.5547,0.5538,0.5547,1053.07,0.55425,583.6640475,1053.07,583.6640475,
2022-11-25 09:30:00+00:00,0.5548,0.5548,0.5548,0.5548,7.19,0.5548,3.989012,7.19,3.989012,
2022-11-25 09:35:00+00:00,0.554,0.5547,0.5547,0.5544,94.39,0.55445,52.3345355,94.39,52.3345355,
2022-11-25 09:40:00+00:00,0.5543,0.5547,0.5543,0.5547,1279.21,0.5545,709.321945,1279.21,709.321945,
2022-11-25 09:45:00+00:00,0.553,0.5542,0.5542,0.553,818.85,0.5536,453.31536,818.85,453.31536,
2022-11-25 09:50:00+00:00,0.5523,0.5531,0.5531,0.5524,25.73,0.552725,14.22161425,25.73,14.22161425,
2022-11-25 09:55:00+00:00,0.5522,0.5535,0.553,0.5535,318.72,0.55305,176.268096,318.72,176.268096,
2022-11-25 10:00:00+00:00,0.5518,0.5527,0.5526,0.5521,461.99,0.5523,255.157077,461.99,255.157077,
2022-11-25 10:05:00+00:00,0.552,0.5531,0.5522,0.5531,51.76,0.5526,28.602576,51.76,28.602576,
2022-11-25 10:10:00+00:00,0.5542,0.5569,0.5542,0.5569,153.6,0.55555,85.33248,153.6,85.33248,
2022-11-25 10:15:00+00:00,0.5546,0.5575,0.5575,0.5551,290.99,0.556175,161.84136325,290.99,161.84136325,
2022-11-25 10:20:00+00:00,0.5544,0.5553,0.5553,0.5544,99.82,0.55485,55.385127,99.82,55.385127,
2022-11-25 10:25:00+00:00,0.5544,0.5558,0.555,0.5558,332.67,0.55525,184.7150175,332.67,184.7150175,
2022-11-25 10:30:00+00:00,0.5554,0.5566,0.5554,0.5566,355.78,0.556,197.81368,355.78,197.81368,
2022-11-25 10:35:00+00:00,0.5573,0.5579,0.5577,0.5578,1746.24,0.557675,973.834392,1746.24,973.834392,
2022-11-25 10:40:00+00:00,0.556,0.5572,0.557,0.5568,2310.28,0.55675,1286.24839,2310.28,1286.24839,
2022-11-25 10:45:00+00:00,0.5564,0.5567,0.5564,0.5566,97.92,0.556525,54.494928,97.92,54.494928,
2022-11-25 10:50:00+00:00,0.5567,0.5573,0.5573,0.5567,135.59,0.557,75.52363,135.59,75.52363,
2022-11-25 10:55:00+00:00,0.5567,0.557,0.557,0.5567,6.91,0.55685,3.8478335,6.91,3.8478335,
2022-11-25 11:00:00+00:00,0.557,0.5578,0.5574,0.5578,202.81,0.5575,113.066575,202.81,113.066575,
2022-11-25 11:05:00+00:00,0.557,0.5575,0.5573,0.5575,215.63,0.557325,120.17598975,215.63,120.17598975,
2022-11-25 11:10:00+00:00,0.5576,0.5591,0.5576,0.5591,29.83,0.55835,16.6555805,29.83,16.6555805,
2022-11-25 11:15:00+00:00,0.5599,0.5614,0.5599,0.5614,52.25,0.56065,29.2939625,52.25,29.2939625,
2022-11-25 11:20:00+00:00,0.5606,0.5614,0.5606,0.5614,1543.55,0.561,865.93155,1543.55,865.93155,
2022-11-25 11:25:00+00:00,0.561,0.5621,0.561,0.5616,1587.07,0.561425,891.02077475,1587.07,891.02077475,
2022-11-25 11:30:00+00:00,0.5611,0.5625,0.5619,0.5611,357.53,0.56165,200.8067245,357.53,200.8067245,
2022-11-25 11:35:00+00:00,0.5611,0.5621,0.5611,0.5621,216.89,0.5616,121.805424,216.89,121.805424,
2022-11-25 11:40:00+00:00,0.5611,0.5623,0.5623,0.5612,219.94,0.561725,123.5457965,219.94,123.5457965,
2022-11-25 11:45:00+00:00,0.5599,0.561,0.561,0.5607,807.84,0.56065,452.915496,807.84,452.915496,
2022-11-25 11:50:00+00:00,0.5608,0.5609,0.5609,0.5608,62.07,0.56085,34.8119595,62.07,34.8119595,
2022-11-25 11:55:00+00:00,0.5608,0.5622,0.561,0.5622,433.22,0.56155,243.274691,433.22,243.274691,
2022-11-25 12:00:00+00:00,0.5605,0.5614,0.5614,0.5613,557.37,0.56115,312.7681755,557.37,312.7681755,
2022-11-25 12:05:00+00:00,0.5605,0.5616,0.5614,0.5613,1021.31,0.5612,573.159172,1021.31,573.159172,
2022-11-25 12:10:00+00:00,0.5612,0.5626,0.5612,0.5626,40.52,0.5619,22.768188,40.52,22.768188,
2022-11-25 12:15:00+00:00,0.5616,0.5641,0.562,0.5641,27.49,0.56295,15.4754955,27.49,15.4754955,
2022-11-25 12:20:00+00:00,0.5635,0.5657,0.5635,0.5652,855.64,0.564475,482.987389,855.64,482.987389,
2022-11-25 12:25:00+00:00,0.5643,0.5653,0.5643,0.5653,138.41,0.5648,78.173968,138.41,78.173968,
2022-11-25 12:30:00+00:00,0.5652,0.5657,0.5652,0.5655,140.85,0.5654,79.63659,140.85,79.63659,
2022-11-25 12:35:00+00:00,0.5631,0.5654,0.5654,0.5631,911.2,0.56425,514.1446,911.2,514.1446,
2022-11-25 12:40:00+00:00,0.5611,0.5618,0.5618,0.5611,2399.39,0.56145,1347.1375155,2399.39,1347.1375155,
2022-11-25 12:45:00+00:00,0.5593,0.5613,0.561,0.5597,1090.31,0.560325,610.92795075,1090.31,610.92795075,
2022-11-25 12:50:00+00:00,0.5597,0.5605,0.5597,0.5601,293.5,0.56,164.36,293.5,164.36,
2022-11-25 12:55:00+00:00,0.5594,0.5605,0.5605,0.5594,546.91,0.55995,306.2422545,546.91,306.2422545,
2022-11-25 13:00:00+00:00,0.5592,0.56,0.56,0.5592,345.0,0.5596,193.062,345.0,193.062,
2022-11-25 13:05:00+00:00,0.5562,0.5586,0.558,0.5562,193.29,0.55725,107.7108525,193.29,107.7108525,
2022-11-25 13:10:00+00:00,0.556,0.5573,0.557,0.5573,297.55,0.5569,165.705595,297.55,165.705595,
2022-11-25 13:15:00+00:00,0.558,0.5584,0.558,0.5584,354.09,0.5582,197.653038,354.09,197.653038,
2022-11-25 13:20:00+00:00,0.5579,0.5588,0.558,0.5586,543.22,0.558325,303.2933065,543.22,303.2933065,
2022-11-25 13:25:00+00:00,0.5585,0.5594,0.5585,0.5589,197.81,0.558825,110.54117325,197.81,110.54117325,
2022-11-25 13:30:00+00:00,0.559,0.5594,0.559,0.5592,463.48,0.55915,259.154842,463.48,259.154842,
2022-11-25 13:35:00+00:00,0.5596,0.5602,0.5602,0.5596,51.2,0.5599,28.66688,51.2,28.66688,
2022-11-25 13:40:00+00:00,0.5582,0.5598,0.5598,0.5582,350.5,0.559,195.9295,350.5,195.9295,
2022-11-25 13:45:00+00:00,0.5586,0.5592,0.5586,0.5592,454.86,0.5589,254.221254,454.86,254.221254,
2022-11-25 13:50:00+00:00,0.558,0.559,0.559,0.5585,4578.5,0.558625,2557.6645625,4578.5,2557.6645625,
2022-11-25 13:55:00+00:00,0.5585,0.5596,0.5585,0.5596,189.75,0.55905,106.0797375,189.75,106.0797375,
2022-11-25 14:00:00+00:00,0.5578,0.5597,0.559,0.5583,1131.42,0.5587,632.124354,1131.42,632.124354,
2022-11-25 14:05:00+00:00,0.5567,0.5589,0.5589,0.5573,490.08,0.55795,273.440136,490.08,273.440136,
2022-11-25 14:10:00+00:00,0.5567,0.5589,0.5589,0.5573,490.08,0.55795,273.440136,490.08,273.440136,
2022-11-25 14:15:00+00:00,0.557,0.5582,0.557,0.5581,189.01,0.557575,105.38725075,189.01,105.38725075,
2022-11-25 14:20:00+00:00,0.5575,0.5586,0.5584,0.5586,187.31,0.558275,104.57049025,187.31,104.57049025,
2022-11-25 14:25:00+00:00,0.5587,0.5595,0.5595,0.5588,47.1,0.559125,26.3347875,47.1,26.3347875,
2022-11-25 14:30:00+00:00,0.5586,0.5601,0.5596,0.5586,334.02,0.559225,186.7923345,334.02,186.7923345,
2022-11-25 14:35:00+00:00,0.5583,0.5602,0.5588,0.5602,975.71,0.559375,545.78778125,975.71,545.78778125,
2022-11-25 14:40:00+00:00,0.5601,0.5605,0.5605,0.5601,207.04,0.5603,116.004512,207.04,116.004512,
2022-11-25 14:45:00+00:00,0.5601,0.561,0.5609,0.5601,2441.18,0.560525,1368.3424195,2441.18,1368.3424195,
2022-11-25 14:50:00+00:00,0.5614,0.5625,0.5614,0.5625,314.15,0.56195,176.5365925,314.15,176.5365925,
2022-11-25 14:55:00+00:00,0.5612,0.5627,0.5612,0.5621,321.63,0.5618,180.691734,321.63,180.691734,
2022-11-25 15:00:00+00:00,0.5617,0.5625,0.5617,0.562,596.62,0.561975,335.2855245,596.62,335.2855245,
2022-11-25 15:05:00+00:00,0.5604,0.5626,0.5626,0.5604,204.82,0.5615,115.00643,204.82,115.00643,
2022-11-25 15:10:00+00:00,0.5597,0.5604,0.5604,0.5602,190.91,0.560175,106.94300925,190.91,106.94300925,
2022-11-25 15:15:00+00:00,0.5592,0.5609,0.5609,0.5592,451.85,0.56005,253.0585925,451.85,253.0585925,
2022-11-25 15:20:00+00:00,0.5594,0.5607,0.5594,0.5604,1221.82,0.559975,684.1886545,1221.82,684.1886545,
2022-11-25 15:25:00+00:00,0.5594,0.5608,0.5594,0.5608,126.1,0.5601,70.62861,126.1,70.62861,
2022-11-25 15:30:00+00:00,0.5604,0.5614,0.5609,0.5614,885.96,0.561025,497.045709,885.96,497.045709,
2022-11-25 15:35:00+00:00,0.5606,0.5618,0.5618,0.5613,337.3,0.561375,189.3517875,337.3,189.3517875,
2022-11-25 15:40:00+00:00,0.5593,0.5609,0.5609,0.5603,642.0,0.56035,359.7447,642.0,359.7447,
2022-11-25 15:45:00+00:00,0.559,0.56,0.5595,0.559,5179.91,0.559375,2897.51215625,5179.91,2897.51215625,
2022-11-25 15:50:00+00:00,0.5596,0.56,0.5596,0.56,2272.17,0.5598,1271.960766,2272.17,1271.960766,
2022-11-25 15:55:00+00:00,0.5603,0.561,0.5605,0.561,677.58,0.5607,379.919106,677.58,379.919106,
2022-11-25 16:00:00+00:00,0.5593,0.5609,0.5609,0.5599,1532.81,0.56025,858.7568025,1532.81,858.7568025,
2022-11-25 16:05:00+00:00,0.5593,0.5609,0.5609,0.5598,1568.17,0.560225,878.52803825,1568.17,878.52803825,
2022-11-25 16:10:00+00:00,0.5587,0.5598,0.5594,0.5587,1468.21,0.55915,820.9496215,1468.21,820.9496215,
2022-11-25 16:15:00+00:00,0.5586,0.5596,0.5593,0.5586,1251.5,0.559025,699.6197875,1251.5,699.6197875,
2022-11-25 16:20:00+00:00,0.556,0.5575,0.5575,0.556,2744.2,0.55675,1527.83335,2744.2,1527.83335,
2022-11-25 16:25:00+00:00,0.556,0.557,0.5566,0.556,1218.57,0.5564,678.012348,1218.57,678.012348,
2022-11-25 16:30:00+00:00,0.5554,0.5561,0.5557,0.556,209.81,0.5558,116.612398,209.81,116.612398,
2022-11-25 16:35:00+00:00,0.5558,0.5568,0.5562,0.5563,404.91,0.556275,225.24131025,404.91,225.24131025,
2022-11-25 16:40:00+00:00,0.5569,0.5577,0.5569,0.5575,1228.87,0.55725,684.7878075,1228.87,684.7878075,
2022-11-25 16:45:00+00:00,0.5569,0.5575,0.5571,0.5575,84.07,0.55725,46.8480075,84.07,46.8480075,
2022-11-25 16:50:00+00:00,0.5568,0.5576,0.5574,0.5568,1319.76,0.55715,735.304284,1319.76,735.304284,
2022-11-25 16:55:00+00:00,0.5572,0.5587,0.5574,0.5582,310.82,0.557875,173.3987075,310.82,173.3987075,
2022-11-25 17:00:00+00:00,0.5585,0.559,0.5588,0.559,180.73,0.558825,100.99644225,180.73,100.99644225,
2022-11-25 17:05:00+00:00,0.5584,0.5598,0.5584,0.5592,199.4,0.55895,111.45463,199.4,111.45463,
2022-11-25 17:10:00+00:00,0.5593,0.5609,0.5593,0.5609,439.18,0.5601,245.984718,439.18,245.984718,
2022-11-25 17:15:00+00:00,0.5603,0.561,0.561,0.5603,189.24,0.56065,106.097406,189.24,106.097406,
2022-11-25 17:20:00+00:00,0.5586,0.56,0.5586,0.5598,721.81,0.55925,403.6722425,721.81,403.6722425,
2022-11-25 17:25:00+00:00,0.5593,0.5606,0.5599,0.5593,280.07,0.559775,156.77618425,280.07,156.77618425,
2022-11-25 17:30:00+00:00,0.5591,0.5604,0.5593,0.5595,603.96,0.559575,337.960917,603.96,337.960917,
2022-11-25 17:35:00+00:00,0.5594,0.5604,0.5595,0.5602,4660.5,0.559875,2609.2974375,4660.5,2609.2974375,
2022-11-25 17:40:00+00:00,0.5596,0.5605,0.5596,0.56,1371.59,0.559925,767.98753075,1371.59,767.98753075,
2022-11-25 17:45:00+00:00,0.56,0.5614,0.56,0.5611,755.37,0.560625,423.47930625,755.37,423.47930625,
2022-11-25 17:50:00+00:00,0.5601,0.5612,0.5612,0.5601,179.97,0.56065,100.9001805,179.97,100.9001805,
2022-11-25 17:55:00+00:00,0.5599,0.5606,0.56,0.5602,1426.43,0.560175,799.05042525,1426.43,799.05042525,
2022-11-25 18:00:00+00:00,0.5599,0.5604,0.56,0.5604,411.92,0.560175,230.747286,411.92,230.747286,
2022-11-25 18:05:00+00:00,0.5604,0.5622,0.5609,0.5621,1967.82,0.5614,1104.734148,1967.82,1104.734148,
2022-11-25 18:10:00+00:00,0.561,0.5622,0.5622,0.561,279.64,0.5616,157.045824,279.64,157.045824,
2022-11-25 18:15:00+00:00,0.5604,0.562,0.5611,0.561,497.88,0.561125,279.372915,497.88,279.372915,
2022-11-25 18:20:00+00:00,0.5615,0.5622,0.562,0.562,263.23,0.561925,147.91551775,263.23,147.91551775,
2022-11-25 18:25:00+00:00,0.5617,0.5631,0.5626,0.5631,2816.19,0.562625,1584.45889875,2816.19,1584.45889875,
2022-11-25 18:30:00+00:00,0.562,0.5641,0.562,0.5641,222.72,0.56305,125.402496,222.72,125.402496,
2022-11-25 18:35:00+00:00,0.5618,0.5636,0.5636,0.5633,7152.63,0.563075,4027.46713725,7152.63,4027.46713725,
2022-11-25 18:40:00+00:00,0.5624,0.5635,0.5628,0.5635,1941.84,0.56305,1093.353012,1941.84,1093.353012,
2022-11-25 18:45:00+00:00,0.563,0.564,0.563,0.5635,468.35,0.563375,263.85668125,468.35,263.85668125,
2022-11-25 18:50:00+00:00,0.5613,0.5635,0.5635,0.5613,237.18,0.5624,133.390032,237.18,133.390032,
2022-11-25 18:55:00+00:00,0.5613,0.5622,0.5615,0.562,771.56,0.56175,433.42383,771.56,433.42383,
2022-11-25 19:00:00+00:00,0.5618,0.5626,0.5618,0.5626,301.06,0.5622,169.255932,301.06,169.255932,
2022-11-25 19:05:00+00:00,0.5625,0.5632,0.5626,0.5629,625.01,0.5628,351.755628,625.01,351.755628,
2022-11-25 19:10:00+00:00,0.5628,0.5635,0.5628,0.5635,737.56,0.56315,415.356914,737.56,415.356914,
2022-11-25 19:15:00+00:00,0.5638,0.5646,0.5638,0.5646,102.27,0.5642,57.700734,102.27,57.700734,
2022-11-25 19:20:00+00:00,0.5635,0.5647,0.5646,0.5635,618.97,0.564075,349.14550275,618.97,349.14550275,
2022-11-25 19:25:00+00:00,0.5629,0.5635,0.563,0.5635,235.68,0.563225,132.740868,235.68,132.740868,
2022-11-25 19:30:00+00:00,0.5634,0.5641,0.5635,0.5638,534.68,0.5637,301.399116,534.68,301.399116,
2022-11-25 19:35:00+00:00,0.5635,0.5647,0.564,0.5641,276.93,0.564075,156.20928975,276.93,156.20928975,
2022-11-25 19:40:00+00:00,0.5632,0.5643,0.5641,0.5632,651.04,0.5637,366.991248,651.04,366.991248,
2022-11-25 19:45:00+00:00,0.5634,0.564,0.564,0.5635,96.15,0.563725,54.20215875,96.15,54.20215875,
2022-11-25 19:50:00+00:00,0.5627,0.5641,0.564,0.5627,657.2,0.563375,370.25005,657.2,370.25005,
2022-11-25 19:55:00+00:00,0.5627,0.5634,0.5628,0.5627,1167.14,0.5629,656.983106,1167.14,656.983106,
2022-11-25 20:00:00+00:00,0.5626,0.5633,0.5628,0.5628,127.59,0.562875,71.81722125,127.59,71.81722125,
2022-11-25 20:05:00+00:00,0.5628,0.5635,0.5628,0.5635,382.86,0.56315,215.607609,382.86,215.607609,
2022-11-25 20:10:00+00:00,0.5624,0.5632,0.563,0.5627,52.94,0.562825,29.7959555,52.94,29.7959555,
2022-11-25 20:15:00+00:00,0.5624,0.5654,0.5629,0.5654,943.09,0.564025,531.92633725,943.09,531.92633725,
2022-11-25 20:20:00+00:00,0.565,0.5662,0.5654,0.565,1704.57,0.5654,963.763878,1704.57,963.763878,
2022-11-25 20:25:00+00:00,0.5643,0.5657,0.5644,0.5653,1461.08,0.564925,825.400619,1461.08,825.400619,
2022-11-25 20:30:00+00:00,0.5636,0.5653,0.5653,0.5636,92.21,0.56445,52.0479345,92.21,52.0479345,
2022-11-25 20:35:00+00:00,0.5636,0.5637,0.5636,0.5637,64.49,0.56365,36.3497885,64.49,36.3497885,
2022-11-25 20:40:00+00:00,0.5636,0.5641,0.5637,0.5641,21.33,0.563875,12.02745375,21.33,12.02745375,
2022-11-25 20:45:00+00:00,0.5634,0.5637,0.5635,0.5635,811.43,0.563525,457.26109075,811.43,457.26109075,
2022-11-25 20:50:00+00:00,0.5624,0.5632,0.563,0.5625,964.76,0.562775,542.942809,964.76,542.942809,
2022-11-25 20:55:00+00:00,0.5624,0.5631,0.5625,0.5625,619.27,0.562625,348.41678375,619.27,348.41678375,
2022-11-25 21:00:00+00:00,0.5625,0.5632,0.5627,0.5626,171.25,0.56275,96.3709375,171.25,96.3709375,
2022-11-25 21:05:00+00:00,0.5624,0.563,0.5625,0.5625,557.96,0.5626,313.908296,557.96,313.908296,
2022-11-25 21:10:00+00:00,0.5632,0.5638,0.5637,0.5632,1706.05,0.563475,961.31652375,1706.05,961.31652375,
2022-11-25 21:15:00+00:00,0.5626,0.5633,0.5632,0.5626,223.41,0.562925,125.76307425,223.41,125.76307425,
2022-11-25 21:20:00+00:00,0.562,0.5628,0.5623,0.5624,159.17,0.562375,89.51322875,159.17,89.51322875,
2022-11-25 21:25:00+00:00,0.5618,0.5625,0.5622,0.5618,184.86,0.562075,103.9051845,184.86,103.9051845,
2022-11-25 21:30:00+00:00,0.5619,0.5626,0.562,0.5621,465.96,0.56215,261.939414,465.96,261.939414,
2022-11-25 21:35:00+00:00,0.562,0.5628,0.562,0.5622,925.52,0.56225,520.37362,925.52,520.37362,
2022-11-25 21:40:00+00:00,0.5621,0.5627,0.5627,0.5623,1185.82,0.56245,666.964459,1185.82,666.964459,
2022-11-25 21:45:00+00:00,0.5619,0.5626,0.5623,0.5626,6.93,0.56235,3.8970855,6.93,3.8970855,
2022-11-25 21:50:00+00:00,0.562,0.563,0.5626,0.563,571.5,0.56265,321.554475,571.5,321.554475,
2022-11-25 21:55:00+00:00,0.562,0.5624,0.5624,0.562,14.93,0.5622,8.393646,14.93,8.393646,
2022-11-25 22:00:00+00:00,0.5622,0.563,0.5622,0.5627,2299.25,0.562525,1293.38560625,2299.25,1293.38560625,
2022-11-25 22:05:00+00:00,0.5626,0.5634,0.5626,0.5634,974.29,0.563,548.52527,974.29,548.52527,
2022-11-25 22:10:00+00:00,0.5623,0.5634,0.5626,0.5634,8597.51,0.562925,4839.75331675,8597.51,4839.75331675,
2022-11-25 22:15:00+00:00,0.5624,0.5629,0.5625,0.5629,3023.92,0.562675,1701.484186,3023.92,1701.484186,
2022-11-25 22:20:00+00:00,0.5624,0.5629,0.5625,0.5629,59.44,0.562675,33.445402,59.44,33.445402,
2022-11-25 22:25:00+00:00,0.5623,0.5629,0.5624,0.5629,306.49,0.562625,172.43893625,306.49,172.43893625,
2022-11-25 22:30:00+00:00,0.5628,0.5629,0.5629,0.5628,185.57,0.56285,104.4480745,185.57,104.4480745,
2022-11-25 22:35:00+00:00,0.5627,0.5629,0.5627,0.5627,293.99,0.56275,165.4428725,293.99,165.4428725,
2022-11-25 22:40:00+00:00,0.5621,0.5627,0.5627,0.5621,236.5,0.5624,133.0076,236.5,133.0076,
2022-11-25 22:45:00+00:00,0.562,0.5621,0.5621,0.562,6.03,0.56205,3.3891615,6.03,3.3891615,
2022-11-25 22:50:00+00:00,0.5621,0.5624,0.5622,0.5624,153.82,0.562275,86.4891405,153.82,86.4891405,
2022-11-25 22:55:00+00:00,0.5624,0.5629,0.5624,0.5629,755.52,0.56265,425.093328,755.52,425.093328,
2022-11-25 23:00:00+00:00,0.5634,0.5645,0.564,0.5636,448.48,0.563875,252.88666,448.48,252.88666,
2022-11-25 23:05:00+00:00,0.5621,0.564,0.564,0.5621,692.07,0.56305,389.6700135,692.07,389.6700135,
2022-11-25 23:10:00+00:00,0.5621,0.5631,0.5621,0.563,694.49,0.562575,390.70271175,694.49,390.70271175,
2022-11-25 23:15:00+00:00,0.5628,0.5643,0.5628,0.5643,1680.28,0.56355,946.921794,1680.28,946.921794,
2022-11-25 23:20:00+00:00,0.5628,0.5643,0.5628,0.5643,1680.28,0.56355,946.921794,1680.28,946.921794,
2022-11-25 23:25:00+00:00,0.564,0.5656,0.5642,0.5656,983.4,0.56485,555.47349,983.4,555.47349,
2022-11-25 23:30:00+00:00,0.5646,0.5653,0.5651,0.5646,885.79,0.5649,500.382771,885.79,500.382771,
2022-11-25 23:35:00+00:00,0.5643,0.5657,0.565,0.5643,8828.25,0.564825,4986.41630625,8828.25,4986.41630625,
2022-11-25 23:40:00+00:00,0.5646,0.5651,0.5649,0.5651,470.01,0.564925,265.52039925,470.01,265.52039925,
2022-11-25 23:45:00+00:00,0.5647,0.5657,0.5657,0.5647,1025.62,0.5652,579.680424,1025.62,579.680424,
2022-11-25 23:50:00+00:00,0.5639,0.5647,0.5647,0.5641,495.68,0.56435,279.737008,495.68,279.737008,
2022-11-25 23:55:00+00:00,0.5636,0.5644,0.5641,0.5644,1528.65,0.564125,862.34968125,1528.65,862.34968125,
2022-11-26 00:00:00+00:00,0.5641,0.5648,0.5648,0.5641,95.4,0.56445,53.84853,95.4,53.84853,
2022-11-26 00:05:00+00:00,0.5649,0.5655,0.5649,0.5652,51.46,0.565125,29.0813325,51.46,29.0813325,
2022-11-26 00:10:00+00:00,0.5646,0.5651,0.5651,0.5649,552.91,0.564925,312.35268175,552.91,312.35268175,
2022-11-26 00:15:00+00:00,0.5649,0.5654,0.5649,0.5654,1640.38,0.56515,927.060757,1640.38,927.060757,
2022-11-26 00:20:00+00:00,0.5645,0.5655,0.5655,0.5646,913.56,0.565025,516.184239,913.56,516.184239,
2022-11-26 00:25:00+00:00,0.565,0.5665,0.565,0.5665,608.95,0.56575,344.5134625,608.95,344.5134625,
2022-11-26 00:30:00+00:00,0.5663,0.5736,0.5663,0.5703,2938.47,0.569125,1672.35673875,2938.47,1672.35673875,
2022-11-26 00:35:00+00:00,0.5703,0.5717,0.5708,0.5717,637.28,0.571125,363.96654,637.28,363.96654,
2022-11-26 00:40:00+00:00,0.5687,0.5713,0.5713,0.5694,911.24,0.570175,519.566267,911.24,519.566267,
2022-11-26 00:45:00+00:00,0.5671,0.5691,0.5683,0.5691,2432.91,0.5684,1382.866044,2432.91,1382.866044,
2022-11-26 00:50:00+00:00,0.5689,0.5696,0.5689,0.5695,1563.59,0.569225,890.03451775,1563.59,890.03451775,
2022-11-26 00:55:00+00:00,0.5691,0.5707,0.5691,0.5707,269.99,0.5699,153.867301,269.99,153.867301,
2022-11-26 01:00:00+00:00,0.5705,0.5726,0.5705,0.5715,1130.98,0.571275,646.1005995,1130.98,646.1005995,
2022-11-26 01:05:00+00:00,0.5723,0.5736,0.5723,0.5724,856.17,0.57265,490.2857505,856.17,490.2857505,
2022-11-26 01:10:00+00:00,0.5712,0.5728,0.5727,0.5723,7259.61,0.57225,4154.3118225,7259.61,4154.3118225,
2022-11-26 01:15:00+00:00,0.5711,0.5716,0.5714,0.5712,695.19,0.571325,397.17942675,695.19,397.17942675,
2022-11-26 01:20:00+00:00,0.5715,0.5749,0.5715,0.5735,2088.88,0.57285,1196.614908,2088.88,1196.614908,
2022-11-26 01:25:00+00:00,0.5736,0.5748,0.5746,0.5736,1626.77,0.57415,934.0099955,1626.77,934.0099955,
2022-11-26 01:30:00+00:00,0.5731,0.5741,0.5741,0.5731,1383.37,0.5736,793.501032,1383.37,793.501032,
2022-11-26 01:35:00+00:00,0.5727,0.5735,0.5734,0.5734,895.65,0.57325,513.4313625,895.65,513.4313625,
2022-11-26 01:40:00+00:00,0.5725,0.5733,0.5733,0.5732,5437.79,0.573075,3116.26150425,5437.79,3116.26150425,
2022-11-26 01:45:00+00:00,0.5718,0.5724,0.5724,0.5719,90.39,0.572125,51.71437875,90.39,51.71437875,
2022-11-26 01:50:00+00:00,0.5707,0.5719,0.5717,0.5715,217.85,0.57145,124.4903825,217.85,124.4903825,
2022-11-26 01:55:00+00:00,0.5716,0.5722,0.5721,0.5719,534.81,0.57195,305.8845795,534.81,305.8845795,
2022-11-26 02:00:00+00:00,0.5725,0.5731,0.5731,0.5729,779.22,0.5729,446.415138,779.22,446.415138,
2022-11-26 02:05:00+00:00,0.5723,0.573,0.573,0.5729,344.28,0.5728,197.203584,344.28,197.203584,
2022-11-26 02:10:00+00:00,0.5719,0.5725,0.5724,0.5725,2526.72,0.572325,1446.105024,2526.72,1446.105024,
2022-11-26 02:15:00+00:00,0.5709,0.5722,0.572,0.5721,7122.72,0.5718,4072.771296,7122.72,4072.771296,
2022-11-26 02:20:00+00:00,0.571,0.5725,0.5721,0.571,1479.93,0.57165,846.0019845,1479.93,846.0019845,
2022-11-26 02:25:00+00:00,0.571,0.5719,0.5713,0.5714,1654.08,0.5714,945.141312,1654.08,945.141312,
2022-11-26 02:30:00+00:00,0.5718,0.5727,0.5718,0.5724,692.44,0.572175,396.196857,692.44,396.196857,
2022-11-26 02:35:00+00:00,0.5716,0.5718,0.5716,0.5718,1017.71,0.5717,581.824807,1017.71,581.824807,
2022-11-26 02:40:00+00:00,0.5703,0.5715,0.5712,0.5707,1391.37,0.570925,794.36791725,1391.37,794.36791725,
2022-11-26 02:45:00+00:00,0.5707,0.5715,0.5707,0.5712,1142.07,0.571025,652.15052175,1142.07,652.15052175,
2022-11-26 02:50:00+00:00,0.5703,0.5709,0.5706,0.5708,59.56,0.57065,33.987914,59.56,33.987914,
2022-11-26 02:55:00+00:00,0.5707,0.5713,0.5709,0.5711,214.86,0.571,122.68506,214.86,122.68506,
2022-11-26 03:00:00+00:00,0.571,0.5714,0.5714,0.5712,448.14,0.57125,255.999975,448.14,255.999975,
2022-11-26 03:05:00+00:00,0.5714,0.5724,0.5715,0.5719,485.73,0.5718,277.740414,485.73,277.740414,
2022-11-26 03:10:00+00:00,0.5711,0.572,0.572,0.5711,55.91,0.57155,31.9553605,55.91,31.9553605,
2022-11-26 03:15:00+00:00,0.5713,0.5719,0.5713,0.5719,260.37,0.5716,148.827492,260.37,148.827492,
2022-11-26 03:20:00+00:00,0.5714,0.5719,0.5714,0.5714,8.01,0.571525,4.57791525,8.01,4.57791525,
2022-11-26 03:25:00+00:00,0.5709,0.5717,0.5714,0.5716,1377.83,0.5714,787.292062,1377.83,787.292062,
2022-11-26 03:30:00+00:00,0.5716,0.5723,0.5716,0.572,268.49,0.571875,153.54271875,268.49,153.54271875,
2022-11-26 03:35:00+00:00,0.572,0.5724,0.5722,0.5721,916.25,0.572175,524.25534375,916.25,524.25534375,
2022-11-26 03:40:00+00:00,0.5717,0.572,0.572,0.572,102.0,0.571925,58.33635,102.0,58.33635,
2022-11-26 03:45:00+00:00,0.5712,0.5719,0.5719,0.5712,10.78,0.57155,6.161309,10.78,6.161309,
2022-11-26 03:50:00+00:00,0.5698,0.5715,0.5711,0.5698,280.44,0.57055,160.005042,280.44,160.005042,
2022-11-26 03:55:00+00:00,0.57,0.5713,0.5701,0.5713,1463.15,0.570675,834.98312625,1463.15,834.98312625,
2022-11-26 04:00:00+00:00,0.5708,0.5723,0.5721,0.5708,1020.41,0.5715,583.164315,1020.41,583.164315,
2022-11-26 04:05:00+00:00,0.5707,0.5711,0.5707,0.5708,35.62,0.570825,20.3327865,35.62,20.3327865,
2022-11-26 04:10:00+00:00,0.5706,0.5713,0.571,0.5712,155.36,0.571025,88.714444,155.36,88.714444,
2022-11-26 04:15:00+00:00,0.5708,0.5718,0.5708,0.5718,16.37,0.5713,9.352181,16.37,9.352181,
2022-11-26 04:20:00+00:00,0.5712,0.5719,0.5712,0.5716,99.27,0.571475,56.73032325,99.27,56.73032325,
2022-11-26 04:25:00+00:00,0.5713,0.5728,0.5713,0.5728,114.51,0.57205,65.5054455,114.51,65.5054455,
2022-11-26 04:30:00+00:00,0.5702,0.5711,0.5704,0.5705,3242.1,0.57055,1849.780155,3242.1,1849.780155,
2022-11-26 04:35:00+00:00,0.57,0.5704,0.5703,0.5704,405.69,0.570275,231.35486475,405.69,231.35486475,
2022-11-26 04:40:00+00:00,0.5702,0.5709,0.5702,0.5707,180.35,0.5705,102.889675,180.35,102.889675,
2022-11-26 04:45:00+00:00,0.5705,0.5713,0.5713,0.5705,371.36,0.5709,212.009424,371.36,212.009424,
2022-11-26 04:50:00+00:00,0.5698,0.5707,0.5702,0.5706,420.48,0.570325,239.810256,420.48,239.810256,
2022-11-26 04:55:00+00:00,0.5701,0.5702,0.5701,0.5701,197.98,0.570125,112.8733475,197.98,112.8733475,
2022-11-26 05:00:00+00:00,0.5698,0.571,0.57,0.5705,276.59,0.570325,157.74619175,276.59,157.74619175,
2022-11-26 05:05:00+00:00,0.5707,0.571,0.5707,0.571,54.97,0.57085,31.3796245,54.97,31.3796245,
2022-11-26 05:10:00+00:00,0.57,0.5715,0.5711,0.57,505.26,0.57065,288.326619,505.26,288.326619,
2022-11-26 05:15:00+00:00,0.57,0.5714,0.57,0.5714,92.87,0.5707,53.000909,92.87,53.000909,
2022-11-26 05:20:00+00:00,0.57,0.5714,0.57,0.5714,92.87,0.5707,53.000909,92.87,53.000909,
2022-11-26 05:25:00+00:00,0.572,0.573,0.572,0.573,195.61,0.5725,111.986725,195.61,111.986725,
2022-11-26 05:30:00+00:00,0.5724,0.5729,0.5729,0.5724,4.86,0.57265,2.783079,4.86,2.783079,
2022-11-26 05:35:00+00:00,0.5721,0.5726,0.5722,0.5721,162.84,0.57225,93.18519,162.84,93.18519,
2022-11-26 05:40:00+00:00,0.5715,0.5725,0.5721,0.5725,348.62,0.57215,199.462933,348.62,199.462933,
2022-11-26 05:45:00+00:00,0.5715,0.5725,0.5721,0.5725,348.62,0.57215,199.462933,348.62,199.462933,
2022-11-26 05:50:00+00:00,0.5724,0.5733,0.5724,0.5733,169.06,0.57285,96.846021,169.06,96.846021,
2022-11-26 05:55:00+00:00,0.5731,0.5735,0.5735,0.5731,236.13,0.5733,135.373329,236.13,135.373329,
2022-11-26 06:00:00+00:00,0.5715,0.5732,0.5727,0.5715,11280.47,0.572225,6454.96694575,11280.47,6454.96694575,
2022-11-26 06:05:00+00:00,0.5705,0.5725,0.5725,0.5705,655.49,0.5715,374.612535,655.49,374.612535,
2022-11-26 06:10:00+00:00,0.5696,0.5702,0.5696,0.5699,19.01,0.569825,10.83237325,19.01,10.83237325,
2022-11-26 06:15:00+00:00,0.5691,0.5699,0.5698,0.5691,1028.49,0.569475,585.69934275,1028.49,585.69934275,
2022-11-26 06:20:00+00:00,0.5691,0.5699,0.5698,0.5691,1028.49,0.569475,585.69934275,1028.49,585.69934275,
2022-11-26 06:25:00+00:00,0.5684,0.5686,0.5686,0.5685,1051.42,0.568525,597.7585555,1051.42,597.7585555,
2022-11-26 06:30:00+00:00,0.5681,0.5691,0.5681,0.5689,635.24,0.56855,361.165702,635.24,361.165702,
2022-11-26 06:35:00+00:00,0.5685,0.5687,0.5687,0.5686,827.25,0.568625,470.39503125,827.25,470.39503125,
2022-11-26 06:40:00+00:00,0.5685,0.569,0.5685,0.5685,2516.36,0.568625,1430.865205,2516.36,1430.865205,
2022-11-26 06:45:00+00:00,0.5692,0.5692,0.5692,0.5692,34.17,0.5692,19.449564,34.17,19.449564,
2022-11-26 06:50:00+00:00,0.5665,0.569,0.569,0.5665,692.37,0.56775,393.0930675,692.37,393.0930675,
2022-11-26 06:55:00+00:00,0.5666,0.5674,0.567,0.5674,260.46,0.5671,147.706866,260.46,147.706866,
2022-11-26 07:00:00+00:00,0.5674,0.5683,0.5676,0.5683,1331.0,0.5679,755.8749,1331.0,755.8749,
2022-11-26 07:05:00+00:00,0.5682,0.5685,0.5682,0.5685,682.27,0.56835,387.7681545,682.27,387.7681545,
2022-11-26 07:10:00+00:00,0.5685,0.5685,0.5685,0.5685,3.08,0.5685,1.75098,3.08,1.75098,
2022-11-26 07:15:00+00:00,0.568,0.5686,0.5684,0.5686,772.42,0.5684,439.043528,772.42,439.043528,
2022-11-26 07:20:00+00:00,0.568,0.5688,0.5688,0.568,602.85,0.5684,342.65994,602.85,342.65994,
2022-11-26 07:25:00+00:00,0.5681,0.5684,0.5684,0.5684,10.26,0.568325,5.8310145,10.26,5.8310145,
2022-11-26 07:30:00+00:00,0.5669,0.568,0.568,0.5671,1251.83,0.5675,710.413525,1251.83,710.413525,
2022-11-26 07:35:00+00:00,0.5678,0.5681,0.568,0.5681,216.07,0.568,122.72776,216.07,122.72776,
2022-11-26 07:40:00+00:00,0.5681,0.5689,0.5681,0.5689,397.74,0.5685,226.11519,397.74,226.11519,
2022-11-26 07:45:00+00:00,0.5681,0.5689,0.5681,0.5689,397.74,0.5685,226.11519,397.74,226.11519,
2022-11-26 07:50:00+00:00,0.5692,0.5696,0.5696,0.5692,1450.32,0.5694,825.812208,1450.32,825.812208,
2022-11-26 07:55:00+00:00,0.5693,0.5701,0.5693,0.5701,441.98,0.5697,251.796006,441.98,251.796006,
2022-11-26 08:00:00+00:00,0.5701,0.5706,0.5706,0.5701,457.9,0.57035,261.163265,457.9,261.163265,
2022-11-26 08:05:00+00:00,0.5701,0.5713,0.5701,0.5713,5.6,0.5707,3.19592,5.6,3.19592,
2022-11-26 08:10:00+00:00,0.5705,0.571,0.571,0.5705,73.42,0.57075,41.904465,73.42,41.904465,
2022-11-26 08:15:00+00:00,0.5698,0.571,0.571,0.5698,221.06,0.5704,126.092624,221.06,126.092624,
2022-11-26 08:20:00+00:00,0.5694,0.5701,0.5698,0.5696,23.88,0.569725,13.605033,23.88,13.605033,
2022-11-26 08:25:00+00:00,0.5697,0.57,0.5697,0.5697,49.35,0.569775,28.11839625,49.35,28.11839625,
2022-11-26 08:30:00+00:00,0.5693,0.5698,0.5697,0.5698,786.2,0.56965,447.85883,786.2,447.85883,
2022-11-26 08:35:00+00:00,0.569,0.5696,0.5696,0.5691,446.4,0.569325,254.14668,446.4,254.14668,
2022-11-26 08:40:00+00:00,0.5687,0.5693,0.5693,0.5692,1351.41,0.569125,769.12121625,1351.41,769.12121625,
2022-11-26 08:45:00+00:00,0.569,0.5696,0.5693,0.569,455.06,0.569225,259.0315285,455.06,259.0315285,
2022-11-26 08:50:00+00:00,0.5695,0.5699,0.5699,0.5695,7.48,0.5697,4.261356,7.48,4.261356,
2022-11-26 08:55:00+00:00,0.569,0.5697,0.5691,0.5697,1310.44,0.569375,746.131775,1310.44,746.131775,
2022-11-26 09:00:00+00:00,0.5688,0.571,0.5697,0.571,274.23,0.570125,156.34537875,274.23,156.34537875,
2022-11-26 09:05:00+00:00,0.5688,0.571,0.5697,0.571,274.23,0.570125,156.34537875,274.23,156.34537875,
2022-11-26 09:10:00+00:00,0.57,0.5708,0.57,0.5707,38.24,0.570375,21.81114,38.24,21.81114,
2022-11-26 09:15:00+00:00,0.5699,0.571,0.5708,0.5699,355.49,0.5704,202.771496,355.49,202.771496,
2022-11-26 09:20:00+00:00,0.569,0.5693,0.5693,0.5691,2453.38,0.569175,1396.4025615,2453.38,1396.4025615,
2022-11-26 09:25:00+00:00,0.5691,0.5702,0.5691,0.57,365.23,0.5696,208.035008,365.23,208.035008,
2022-11-26 09:30:00+00:00,0.5696,0.5703,0.5703,0.5696,243.32,0.56995,138.680234,243.32,138.680234,
2022-11-26 09:35:00+00:00,0.5697,0.5703,0.5697,0.5703,588.74,0.57,335.5818,588.74,335.5818,
2022-11-26 09:40:00+00:00,0.5705,0.5715,0.5715,0.5714,583.33,0.571225,333.21267925,583.33,333.21267925,
2022-11-26 09:45:00+00:00,0.5713,0.5722,0.5713,0.5722,45.0,0.57175,25.72875,45.0,25.72875,
2022-11-26 09:50:00+00:00,0.5715,0.5727,0.5715,0.5723,1011.46,0.572,578.55512,1011.46,578.55512,
2022-11-26 09:55:00+00:00,0.5723,0.5735,0.5724,0.5729,1141.12,0.572775,653.605008,1141.12,653.605008,
2022-11-26 10:00:00+00:00,0.5715,0.5733,0.5729,0.5715,1923.81,0.5723,1100.996463,1923.81,1100.996463,
2022-11-26 10:05:00+00:00,0.5717,0.574,0.572,0.574,628.45,0.572925,360.05471625,628.45,360.05471625,
2022-11-26 10:10:00+00:00,0.5717,0.574,0.572,0.574,628.45,0.572925,360.05471625,628.45,360.05471625,
2022-11-26 10:15:00+00:00,0.5755,0.5769,0.5755,0.5765,483.04,0.5761,278.279344,483.04,278.279344,
2022-11-26 10:20:00+00:00,0.5767,0.5773,0.5767,0.5773,13.9,0.577,8.0203,13.9,8.0203,
2022-11-26 10:25:00+00:00,0.5771,0.5793,0.5771,0.5785,720.67,0.578,416.54726,720.67,416.54726,
2022-11-26 10:30:00+00:00,0.5794,0.5808,0.5795,0.5808,627.64,0.580125,364.109655,627.64,364.109655,
2022-11-26 10:35:00+00:00,0.5781,0.5798,0.5798,0.5781,389.14,0.57895,225.292603,389.14,225.292603,
2022-11-26 10:40:00+00:00,0.5784,0.5802,0.5784,0.58,695.34,0.57925,402.775695,695.34,402.775695,
2022-11-26 10:45:00+00:00,0.5779,0.5803,0.5803,0.5795,204.94,0.5795,118.76273,204.94,118.76273,
2022-11-26 10:50:00+00:00,0.5785,0.5798,0.5795,0.5785,1192.78,0.579075,690.7090785,1192.78,690.7090785,
2022-11-26 10:55:00+00:00,0.5787,0.5793,0.579,0.5787,107.65,0.578925,62.32127625,107.65,62.32127625,
2022-11-26 11:00:00+00:00,0.5777,0.5795,0.5783,0.5777,1820.58,0.5783,1052.841414,1820.58,1052.841414,
2022-11-26 11:05:00+00:00,0.5777,0.5795,0.5783,0.5777,1820.58,0.5783,1052.841414,1820.58,1052.841414,
2022-11-26 11:10:00+00:00,0.5737,0.5773,0.5773,0.5737,1601.79,0.5755,921.830145,1601.79,921.830145,
2022-11-26 11:15:00+00:00,0.5762,0.5766,0.5765,0.5762,602.9,0.576375,347.4964875,602.9,347.4964875,
2022-11-26 11:20:00+00:00,0.5766,0.5773,0.5766,0.5772,1064.79,0.576925,614.30397075,1064.79,614.30397075,
2022-11-26 11:25:00+00:00,0.577,0.5771,0.577,0.5771,20.4,0.57705,11.77182,20.4,11.77182,
2022-11-26 11:30:00+00:00,0.5761,0.5771,0.5771,0.5762,371.78,0.576625,214.3776425,371.78,214.3776425,
2022-11-26 11:35:00+00:00,0.5764,0.5768,0.5766,0.5768,370.34,0.57665,213.556561,370.34,213.556561,
2022-11-26 11:40:00+00:00,0.5761,0.577,0.5769,0.5761,711.77,0.576525,410.35319925,711.77,410.35319925,
2022-11-26 11:45:00+00:00,0.5747,0.5773,0.5758,0.5754,22447.03,0.5758,12924.999874,22447.03,12924.999874,
2022-11-26 11:50:00+00:00,0.5754,0.5769,0.5754,0.576,2697.96,0.575925,1553.822613,2697.96,1553.822613,
2022-11-26 11:55:00+00:00,0.5757,0.5772,0.5757,0.5772,1397.77,0.57645,805.7445165,1397.77,805.7445165,
2022-11-26 12:00:00+00:00,0.5755,0.5759,0.5759,0.5755,179.09,0.5757,103.102113,179.09,103.102113,
2022-11-26 12:05:00+00:00,0.575,0.5758,0.5757,0.5758,21.07,0.575575,12.12736525,21.07,12.12736525,
2022-11-26 12:10:00+00:00,0.576,0.5768,0.5764,0.5768,962.36,0.5765,554.80054,962.36,554.80054,
2022-11-26 12:15:00+00:00,0.5764,0.5766,0.5765,0.5766,25.98,0.576525,14.9781195,25.98,14.9781195,
2022-11-26 12:20:00+00:00,0.5759,0.5768,0.5762,0.5768,1588.35,0.576425,915.56464875,1588.35,915.56464875,
2022-11-26 12:25:00+00:00,0.577,0.5776,0.577,0.5776,26.79,0.5773,15.465867,26.79,15.465867,
2022-11-26 12:30:00+00:00,0.5762,0.5772,0.5767,0.5769,1830.46,0.57675,1055.717805,1830.46,1055.717805,
2022-11-26 12:35:00+00:00,0.5751,0.5768,0.5768,0.5751,1848.94,0.57595,1064.896993,1848.94,1064.896993,
2022-11-26 12:40:00+00:00,0.575,0.5757,0.5754,0.5753,864.39,0.57535,497.3267865,864.39,497.3267865,
2022-11-26 12:45:00+00:00,0.575,0.5759,0.5755,0.5752,178.26,0.5754,102.570804,178.26,102.570804,
2022-11-26 12:50:00+00:00,0.5751,0.5754,0.5751,0.5751,399.57,0.575175,229.82267475,399.57,229.82267475,
2022-11-26 12:55:00+00:00,0.5752,0.576,0.5752,0.5757,375.7,0.575525,216.2247425,375.7,216.2247425,
2022-11-26 13:00:00+00:00,0.5752,0.576,0.5752,0.5757,375.7,0.575525,216.2247425,375.7,216.2247425,
2022-11-26 13:05:00+00:00,0.5755,0.576,0.5756,0.5759,1023.55,0.57575,589.3089125,1023.55,589.3089125,
2022-11-26 13:10:00+00:00,0.5745,0.5758,0.5756,0.5745,2588.62,0.5751,1488.715362,2588.62,1488.715362,
2022-11-26 13:15:00+00:00,0.5745,0.575,0.5745,0.575,1116.01,0.57475,641.4267475,1116.01,641.4267475,
2022-11-26 13:20:00+00:00,0.574,0.5753,0.5747,0.5751,1299.16,0.574775,746.724689,1299.16,746.724689,
2022-11-26 13:25:00+00:00,0.575,0.5764,0.5753,0.5764,32.67,0.575775,18.81056925,32.67,18.81056925,
2022-11-26 13:30:00+00:00,0.5757,0.5767,0.576,0.5763,6546.12,0.576175,3771.710691,6546.12,3771.710691,
2022-11-26 13:35:00+00:00,0.5758,0.5764,0.5761,0.5758,348.89,0.576025,200.96936225,348.89,200.96936225,
2022-11-26 13:40:00+00:00,0.5756,0.5773,0.5758,0.5773,2373.21,0.5765,1368.155565,2373.21,1368.155565,
2022-11-26 13:45:00+00:00,0.5764,0.577,0.5768,0.5764,311.37,0.57665,179.5515105,311.37,179.5515105,
2022-11-26 13:50:00+00:00,0.576,0.5768,0.576,0.576,878.01,0.5762,505.909362,878.01,505.909362,
2022-11-26 13:55:00+00:00,0.5755,0.5759,0.5759,0.5756,426.26,0.575725,245.4085385,426.26,245.4085385,
2022-11-26 14:00:00+00:00,0.574,0.5752,0.5752,0.574,2023.46,0.5746,1162.680116,2023.46,1162.680116,
2022-11-26 14:05:00+00:00,0.574,0.5752,0.574,0.5751,157.07,0.574575,90.24849525,157.07,90.24849525,
2022-11-26 14:10:00+00:00,0.575,0.576,0.5751,0.576,46.26,0.575525,26.6237865,46.26,26.6237865,
2022-11-26 14:15:00+00:00,0.5755,0.5767,0.5758,0.5767,315.7,0.576175,181.8984475,315.7,181.8984475,
2022-11-26 14:20:00+00:00,0.5765,0.5769,0.5768,0.5767,280.04,0.576725,161.506069,280.04,161.506069,
2022-11-26 14:25:00+00:00,0.5767,0.577,0.5767,0.577,105.59,0.57685,60.9095915,105.59,60.9095915,
2022-11-26 14:30:00+00:00,0.5772,0.578,0.5772,0.5774,265.45,0.57745,153.2841025,265.45,153.2841025,
2022-11-26 14:35:00+00:00,0.5771,0.5786,0.5777,0.5779,332.15,0.577825,191.92457375,332.15,191.92457375,
2022-11-26 14:40:00+00:00,0.5772,0.5793,0.5793,0.5772,638.14,0.57825,369.004455,638.14,369.004455,
2022-11-26 14:45:00+00:00,0.5751,0.5778,0.5778,0.5751,2019.12,0.57645,1163.921724,2019.12,1163.921724,
2022-11-26 14:50:00+00:00,0.5662,0.5741,0.5741,0.5697,22160.18,0.571025,12654.0167845,22160.18,12654.0167845,
2022-11-26 14:55:00+00:00,0.5648,0.5695,0.5692,0.5668,3067.57,0.567575,1741.07604275,3067.57,1741.07604275,
2022-11-26 15:00:00+00:00,0.567,0.5713,0.567,0.5713,3904.87,0.56915,2222.4567605,3904.87,2222.4567605,
2022-11-26 15:05:00+00:00,0.5718,0.5723,0.5722,0.5718,37.08,0.572025,21.210687,37.08,21.210687,
2022-11-26 15:10:00+00:00,0.5681,0.5726,0.5719,0.5681,518.14,0.570175,295.4304745,518.14,295.4304745,
2022-11-26 15:15:00+00:00,0.5668,0.5706,0.5689,0.5668,865.16,0.568275,491.648799,865.16,491.648799,
2022-11-26 15:20:00+00:00,0.5686,0.5698,0.5686,0.5698,577.21,0.5692,328.547932,577.21,328.547932,
2022-11-26 15:25:00+00:00,0.57,0.5714,0.5705,0.5704,381.26,0.570575,217.5374245,381.26,217.5374245,
2022-11-26 15:30:00+00:00,0.5684,0.5712,0.5706,0.5684,31689.8,0.56965,18052.09457,31689.8,18052.09457,
2022-11-26 15:35:00+00:00,0.5687,0.5702,0.5692,0.5687,5071.9,0.5692,2886.92548,5071.9,2886.92548,
2022-11-26 15:40:00+00:00,0.569,0.5704,0.569,0.5696,563.11,0.5695,320.691145,563.11,320.691145,
2022-11-26 15:45:00+00:00,0.5695,0.5713,0.5702,0.5695,1048.8,0.570125,597.9471,1048.8,597.9471,
2022-11-26 15:50:00+00:00,0.5696,0.5712,0.5705,0.5712,12891.47,0.570625,7356.19506875,12891.47,7356.19506875,
2022-11-26 15:55:00+00:00,0.5693,0.5705,0.5701,0.5701,7505.64,0.57,4278.2148,7505.64,4278.2148,
2022-11-26 16:00:00+00:00,0.5679,0.5699,0.568,0.5699,1826.81,0.568925,1039.31787925,1826.81,1039.31787925,
2022-11-26 16:05:00+00:00,0.5698,0.5705,0.57,0.5699,1548.14,0.57005,882.517207,1548.14,882.517207,
2022-11-26 16:10:00+00:00,0.5699,0.5711,0.5703,0.5711,2186.77,0.5706,1247.770962,2186.77,1247.770962,
2022-11-26 16:15:00+00:00,0.5701,0.5715,0.5707,0.5711,1130.12,0.57085,645.129002,1130.12,645.129002,
2022-11-26 16:20:00+00:00,0.5701,0.5711,0.5709,0.5706,2877.4,0.570675,1642.060245,2877.4,1642.060245,
2022-11-26 16:25:00+00:00,0.5709,0.5712,0.5709,0.5709,396.7,0.570975,226.5057825,396.7,226.5057825,
2022-11-26 16:30:00+00:00,0.569,0.5713,0.5713,0.569,1207.62,0.57015,688.524543,1207.62,688.524543,
2022-11-26 16:35:00+00:00,0.5679,0.5697,0.5693,0.5679,14.01,0.5687,7.967487,14.01,7.967487,
2022-11-26 16:40:00+00:00,0.5687,0.5696,0.5689,0.569,1636.75,0.56905,931.3925875,1636.75,931.3925875,
2022-11-26 16:45:00+00:00,0.5675,0.569,0.5689,0.5682,1042.25,0.5684,592.4149,1042.25,592.4149,
2022-11-26 16:50:00+00:00,0.567,0.5676,0.5675,0.5675,214.8,0.5674,121.87752,214.8,121.87752,
2022-11-26 16:55:00+00:00,0.5655,0.5676,0.5676,0.5655,200.84,0.56655,113.785902,200.84,113.785902,
2022-11-26 17:00:00+00:00,0.5638,0.5661,0.5641,0.5653,904.81,0.564825,511.05930825,904.81,511.05930825,
2022-11-26 17:05:00+00:00,0.5654,0.567,0.5654,0.567,1520.51,0.5662,860.912762,1520.51,860.912762,
2022-11-26 17:10:00+00:00,0.5669,0.5673,0.5672,0.5669,451.39,0.567075,255.97198425,451.39,255.97198425,
2022-11-26 17:15:00+00:00,0.5663,0.5669,0.5663,0.5668,244.06,0.566575,138.2782945,244.06,138.2782945,
2022-11-26 17:20:00+00:00,0.5667,0.5675,0.5667,0.5673,122.96,0.56705,69.724468,122.96,69.724468,
2022-11-26 17:25:00+00:00,0.5672,0.5681,0.5676,0.5679,444.71,0.5677,252.461867,444.71,252.461867,
2022-11-26 17:30:00+00:00,0.5671,0.5678,0.5676,0.5674,570.64,0.567475,323.823934,570.64,323.823934,
2022-11-26 17:35:00+00:00,0.5662,0.5674,0.5674,0.5666,896.09,0.5669,507.993421,896.09,507.993421,
2022-11-26 17:40:00+00:00,0.5669,0.5671,0.5671,0.567,70.93,0.567025,40.21908325,70.93,40.21908325,
2022-11-26 17:45:00+00:00,0.5665,0.5671,0.567,0.567,854.81,0.5669,484.591789,854.81,484.591789,
2022-11-26 17:50:00+00:00,0.5661,0.5669,0.5668,0.5662,790.79,0.5665,447.982535,790.79,447.982535,
2022-11-26 17:55:00+00:00,0.5656,0.5662,0.5662,0.5656,23.44,0.5659,13.264696,23.44,13.264696,
2022-11-26 18:00:00+00:00,0.5656,0.5667,0.5656,0.5663,1315.34,0.56605,744.548207,1315.34,744.548207,
2022-11-26 18:05:00+00:00,0.5659,0.5668,0.5667,0.5659,60.52,0.566325,34.273989,60.52,34.273989,
2022-11-26 18:10:00+00:00,0.5657,0.5659,0.5659,0.5657,202.86,0.5658,114.778188,202.86,114.778188,
2022-11-26 18:15:00+00:00,0.5654,0.5664,0.5664,0.5655,1412.98,0.565925,799.6407065,1412.98,799.6407065,
2022-11-26 18:20:00+00:00,0.5655,0.5662,0.5659,0.5662,832.54,0.56595,471.176013,832.54,471.176013,
2022-11-26 18:25:00+00:00,0.5647,0.5664,0.5664,0.5647,433.28,0.56555,245.041504,433.28,245.041504,
2022-11-26 18:30:00+00:00,0.5641,0.5649,0.5647,0.5643,17.72,0.5645,10.00294,17.72,10.00294,
2022-11-26 18:35:00+00:00,0.5636,0.5642,0.5642,0.5636,35.74,0.5639,20.153786,35.74,20.153786,
2022-11-26 18:40:00+00:00,0.5635,0.5643,0.5642,0.5638,771.33,0.56395,434.9915535,771.33,434.9915535,
2022-11-26 18:45:00+00:00,0.5637,0.564,0.5637,0.564,106.93,0.56385,60.2924805,106.93,60.2924805,
2022-11-26 18:50:00+00:00,0.5605,0.5636,0.5636,0.5615,3412.61,0.5623,1918.910603,3412.61,1918.910603,
2022-11-26 18:55:00+00:00,0.5613,0.5615,0.5615,0.5613,14.16,0.5614,7.949424,14.16,7.949424,
2022-11-26 19:00:00+00:00,0.5593,0.561,0.56,0.561,1282.63,0.560325,718.68965475,1282.63,718.68965475,
2022-11-26 19:05:00+00:00,0.5602,0.561,0.5604,0.561,239.37,0.56065,134.2027905,239.37,134.2027905,
2022-11-26 19:10:00+00:00,0.5598,0.5605,0.5603,0.5598,96.17,0.5601,53.864817,96.17,53.864817,
2022-11-26 19:15:00+00:00,0.5599,0.5606,0.5599,0.5605,1020.39,0.560225,571.64798775,1020.39,571.64798775,
2022-11-26 19:20:00+00:00,0.5604,0.5611,0.5605,0.5605,2030.68,0.560625,1138.449975,2030.68,1138.449975,
2022-11-26 19:25:00+00:00,0.5597,0.5604,0.5604,0.5602,2505.78,0.560175,1403.6753115,2505.78,1403.6753115,
2022-11-26 19:30:00+00:00,0.561,0.5611,0.5611,0.561,1061.09,0.56105,595.3245445,1061.09,595.3245445,
2022-11-26 19:35:00+00:00,0.5603,0.561,0.5609,0.561,241.64,0.5608,135.511712,241.64,135.511712,
2022-11-26 19:40:00+00:00,0.5612,0.5616,0.5615,0.5614,51.84,0.561425,29.104272,51.84,29.104272,
2022-11-26 19:45:00+00:00,0.5607,0.5615,0.5611,0.5611,409.86,0.5611,229.972446,409.86,229.972446,
2022-11-26 19:50:00+00:00,0.5609,0.5618,0.5613,0.5618,648.83,0.56145,364.2856035,648.83,364.2856035,
2022-11-26 19:55:00+00:00,0.5617,0.5622,0.562,0.5617,880.49,0.5619,494.747331,880.49,494.747331,
2022-11-26 20:00:00+00:00,0.5618,0.5624,0.562,0.5621,133.24,0.562075,74.890873,133.24,74.890873,
2022-11-26 20:05:00+00:00,0.5622,0.5628,0.5624,0.5622,263.37,0.5624,148.119288,263.37,148.119288,
2022-11-26 20:10:00+00:00,0.5621,0.563,0.5624,0.5621,619.88,0.5624,348.620512,619.88,348.620512,
2022-11-26 20:15:00+00:00,0.5618,0.5626,0.5625,0.5626,363.59,0.562375,204.47392625,363.59,204.47392625,
2022-11-26 20:20:00+00:00,0.5626,0.5627,0.5626,0.5627,17.06,0.56265,9.598809,17.06,9.598809,
2022-11-26 20:25:00+00:00,0.5629,0.5631,0.5631,0.5629,91.32,0.563,51.41316,91.32,51.41316,
2022-11-26 20:30:00+00:00,0.5627,0.5632,0.5627,0.5631,120.47,0.562925,67.81557475,120.47,67.81557475,
2022-11-26 20:35:00+00:00,0.563,0.564,0.5632,0.564,187.11,0.56355,105.4458405,187.11,105.4458405,
2022-11-26 20:40:00+00:00,0.5628,0.5632,0.5632,0.5628,589.34,0.563,331.79842,589.34,331.79842,
2022-11-26 20:45:00+00:00,0.5628,0.5631,0.5631,0.5628,215.01,0.56295,121.0398795,215.01,121.0398795,
2022-11-26 20:50:00+00:00,0.5625,0.5631,0.5631,0.5629,429.32,0.5629,241.664228,429.32,241.664228,
2022-11-26 20:55:00+00:00,0.5624,0.5632,0.5624,0.5631,220.53,0.562775,124.10877075,220.53,124.10877075,
2022-11-26 21:00:00+00:00,0.5629,0.5636,0.5631,0.5631,569.19,0.563175,320.55357825,569.19,320.55357825,
2022-11-26 21:05:00+00:00,0.5631,0.564,0.5631,0.5634,737.59,0.5634,415.558206,737.59,415.558206,
2022-11-26 21:10:00+00:00,0.5632,0.564,0.5639,0.564,638.95,0.563775,360.22403625,638.95,360.22403625,
2022-11-26 21:15:00+00:00,0.5635,0.5641,0.5635,0.5637,107.0,0.5637,60.3159,107.0,60.3159,
2022-11-26 21:20:00+00:00,0.5638,0.5641,0.5638,0.564,950.25,0.563925,535.86973125,950.25,535.86973125,
2022-11-26 21:25:00+00:00,0.5638,0.5641,0.564,0.5641,512.17,0.564,288.86388,512.17,288.86388,
2022-11-26 21:30:00+00:00,0.5637,0.564,0.5638,0.564,462.45,0.563875,260.76399375,462.45,260.76399375,
2022-11-26 21:35:00+00:00,0.5641,0.5645,0.5645,0.5643,308.37,0.56435,174.0286095,308.37,174.0286095,
2022-11-26 21:40:00+00:00,0.5639,0.5647,0.5645,0.5639,199.57,0.56425,112.6073725,199.57,112.6073725,
2022-11-26 21:45:00+00:00,0.5634,0.5646,0.5634,0.5643,949.74,0.563925,535.5821295,949.74,535.5821295,
2022-11-26 21:50:00+00:00,0.5645,0.5647,0.5645,0.5647,5.29,0.5646,2.986734,5.29,2.986734,
2022-11-26 21:55:00+00:00,0.5646,0.5655,0.5648,0.5648,114.06,0.564925,64.4353455,114.06,64.4353455,
2022-11-26 22:00:00+00:00,0.5643,0.5645,0.5645,0.5643,14.87,0.5644,8.392628,14.87,8.392628,
2022-11-26 22:05:00+00:00,0.5638,0.5646,0.5642,0.5646,3661.26,0.5643,2066.049018,3661.26,2066.049018,
2022-11-26 22:10:00+00:00,0.5643,0.5646,0.5644,0.5646,278.87,0.564475,157.41514325,278.87,157.41514325,
2022-11-26 22:15:00+00:00,0.564,0.5641,0.564,0.5641,87.83,0.56405,49.5405115,87.83,49.5405115,
2022-11-26 22:20:00+00:00,0.5627,0.5641,0.564,0.5627,357.84,0.563375,201.59811,357.84,201.59811,
2022-11-26 22:25:00+00:00,0.5624,0.5629,0.5627,0.5627,423.62,0.562675,238.3603835,423.62,238.3603835,
2022-11-26 22:30:00+00:00,0.5627,0.5631,0.5629,0.563,281.53,0.562925,158.48027525,281.53,158.48027525,
2022-11-26 22:35:00+00:00,0.5623,0.5641,0.5626,0.5623,2391.63,0.562825,1346.06915475,2391.63,1346.06915475,
2022-11-26 22:40:00+00:00,0.5595,0.5625,0.5623,0.5599,1480.07,0.56105,830.3932735,1480.07,830.3932735,
2022-11-26 22:45:00+00:00,0.5553,0.5597,0.5597,0.558,1521.95,0.558175,849.51444125,1521.95,849.51444125,
2022-11-26 22:50:00+00:00,0.5577,0.5595,0.558,0.5588,807.53,0.5585,451.005505,807.53,451.005505,
2022-11-26 22:55:00+00:00,0.5568,0.5589,0.5589,0.5577,3251.56,0.558075,1814.614347,3251.56,1814.614347,
2022-11-26 23:00:00+00:00,0.5585,0.5611,0.5587,0.5606,91.54,0.559725,51.2372265,91.54,51.2372265,
2022-11-26 23:05:00+00:00,0.5603,0.5611,0.5605,0.5611,156.61,0.56075,87.8190575,156.61,87.8190575,
2022-11-26 23:10:00+00:00,0.561,0.5617,0.5611,0.5617,472.88,0.561375,265.46301,472.88,265.46301,
2022-11-26 23:15:00+00:00,0.5617,0.5624,0.5617,0.5619,232.35,0.561925,130.56327375,232.35,130.56327375,
2022-11-26 23:20:00+00:00,0.5617,0.5623,0.5622,0.562,1585.36,0.56205,891.051588,1585.36,891.051588,
2022-11-26 23:25:00+00:00,0.561,0.5622,0.5619,0.561,584.29,0.561525,328.09344225,584.29,328.09344225,
2022-11-26 23:30:00+00:00,0.561,0.5622,0.5615,0.5622,212.64,0.561725,119.445204,212.64,119.445204,
2022-11-26 23:35:00+00:00,0.5617,0.5635,0.5622,0.5629,2231.55,0.562575,1255.41424125,2231.55,1255.41424125,
2022-11-26 23:40:00+00:00,0.5626,0.565,0.5629,0.565,1357.68,0.563875,765.56181,1357.68,765.56181,
2022-11-26 23:45:00+00:00,0.5642,0.5647,0.5645,0.5642,1006.99,0.5644,568.345156,1006.99,568.345156,
2022-11-26 23:50:00+00:00,0.5637,0.5648,0.564,0.5648,1485.03,0.564325,838.03955475,1485.03,838.03955475,
2022-11-26 23:55:00+00:00,0.5637,0.5642,0.5642,0.5637,39.49,0.56395,22.2703855,39.49,22.2703855,
2022-11-27 00:00:00+00:00,0.563,0.5643,0.5643,0.563,672.11,0.56365,378.8348015,672.11,378.8348015,
2022-11-27 00:05:00+00:00,0.5633,0.5643,0.5633,0.5642,266.18,0.563775,150.0656295,266.18,150.0656295,
2022-11-27 00:10:00+00:00,0.5624,0.5643,0.564,0.5624,1463.13,0.563275,824.14455075,1463.13,824.14455075,
2022-11-27 00:15:00+00:00,0.5627,0.5631,0.5627,0.5631,222.25,0.5629,125.104525,222.25,125.104525,
2022-11-27 00:20:00+00:00,0.5627,0.5635,0.5632,0.5634,1367.67,0.5632,770.271744,1367.67,770.271744,
2022-11-27 00:25:00+00:00,0.5632,0.5654,0.5636,0.5654,159.04,0.5644,89.762176,159.04,89.762176,
2022-11-27 00:30:00+00:00,0.5637,0.5664,0.5658,0.5637,548.15,0.5649,309.649935,548.15,309.649935,
2022-11-27 00:35:00+00:00,0.5637,0.5664,0.5658,0.5637,548.15,0.5649,309.649935,548.15,309.649935,
2022-11-27 00:40:00+00:00,0.5642,0.5651,0.5651,0.5651,285.8,0.564875,161.441275,285.8,161.441275,
2022-11-27 00:45:00+00:00,0.565,0.5655,0.5653,0.5655,2727.08,0.565325,1541.686501,2727.08,1541.686501,
2022-11-27 00:50:00+00:00,0.5645,0.5656,0.5654,0.5645,1970.73,0.565,1113.46245,1970.73,1113.46245,
2022-11-27 00:55:00+00:00,0.5643,0.565,0.5645,0.5648,901.87,0.56465,509.2408955,901.87,509.2408955,
2022-11-27 01:00:00+00:00,0.5646,0.5657,0.5647,0.5657,19.4,0.565175,10.964395,19.4,10.964395,
2022-11-27 01:05:00+00:00,0.5654,0.5657,0.5654,0.5656,352.55,0.565525,199.37583875,352.55,199.37583875,
2022-11-27 01:10:00+00:00,0.5656,0.566,0.566,0.5656,92.81,0.5658,52.511898,92.81,52.511898,
2022-11-27 01:15:00+00:00,0.5655,0.5657,0.5655,0.5655,767.94,0.56555,434.308467,767.94,434.308467,
2022-11-27 01:20:00+00:00,0.5661,0.5667,0.5661,0.5667,31.23,0.5664,17.688672,31.23,17.688672,
2022-11-27 01:25:00+00:00,0.5665,0.568,0.5665,0.568,4942.12,0.56725,2803.41757,4942.12,2803.41757,
2022-11-27 01:30:00+00:00,0.5675,0.5683,0.5675,0.5683,868.75,0.5679,493.363125,868.75,493.363125,
2022-11-27 01:35:00+00:00,0.5683,0.5689,0.5683,0.5687,1024.86,0.56855,582.684153,1024.86,582.684153,
2022-11-27 01:40:00+00:00,0.5687,0.5692,0.5691,0.5687,384.26,0.568925,218.6151205,384.26,218.6151205,
2022-11-27 01:45:00+00:00,0.5686,0.5698,0.5686,0.5698,283.65,0.5692,161.45358,283.65,161.45358,
2022-11-27 01:50:00+00:00,0.5686,0.57,0.57,0.5686,922.8,0.5693,525.35004,922.8,525.35004,
2022-11-27 01:55:00+00:00,0.5677,0.5696,0.5684,0.5696,2667.81,0.568825,1517.51702325,2667.81,1517.51702325,
2022-11-27 02:00:00+00:00,0.5693,0.5702,0.57,0.5701,3099.15,0.5699,1766.205585,3099.15,1766.205585,
2022-11-27 02:05:00+00:00,0.57,0.5719,0.57,0.5716,1136.61,0.570875,648.86223375,1136.61,648.86223375,
2022-11-27 02:10:00+00:00,0.5719,0.5729,0.572,0.5729,123.48,0.572425,70.683039,123.48,70.683039,
2022-11-27 02:15:00+00:00,0.5713,0.5736,0.5735,0.5713,1933.44,0.572425,1106.749392,1933.44,1106.749392,
2022-11-27 02:20:00+00:00,0.5722,0.5724,0.5722,0.5724,209.33,0.5723,119.799559,209.33,119.799559,
2022-11-27 02:25:00+00:00,0.5715,0.5725,0.5725,0.5715,218.74,0.572,125.11928,218.74,125.11928,
2022-11-27 02:30:00+00:00,0.5708,0.5712,0.5712,0.5709,307.14,0.571025,175.3846185,307.14,175.3846185,
2022-11-27 02:35:00+00:00,0.5708,0.5712,0.5708,0.5708,52.86,0.5709,30.177774,52.86,30.177774,
2022-11-27 02:40:00+00:00,0.5711,0.5717,0.5713,0.5716,247.33,0.571425,141.33054525,247.33,141.33054525,
2022-11-27 02:45:00+00:00,0.5716,0.5722,0.5716,0.5722,1792.42,0.5719,1025.084998,1792.42,1025.084998,
2022-11-27 02:50:00+00:00,0.5719,0.5728,0.5719,0.5728,380.9,0.57235,218.008115,380.9,218.008115,
2022-11-27 02:55:00+00:00,0.5727,0.5734,0.5729,0.5733,1017.11,0.573075,582.88031325,1017.11,582.88031325,
2022-11-27 03:00:00+00:00,0.5731,0.5739,0.5736,0.5731,1897.18,0.573425,1087.8904415,1897.18,1087.8904415,
2022-11-27 03:05:00+00:00,0.5729,0.5733,0.573,0.5732,132.74,0.5731,76.073294,132.74,76.073294,
2022-11-27 03:10:00+00:00,0.5728,0.5737,0.5737,0.5729,728.56,0.573275,417.665234,728.56,417.665234,
2022-11-27 03:15:00+00:00,0.5725,0.5739,0.5725,0.5739,84.06,0.5732,48.183192,84.06,48.183192,
2022-11-27 03:20:00+00:00,0.5741,0.5744,0.5744,0.5743,1559.82,0.5743,895.804626,1559.82,895.804626,
2022-11-27 03:25:00+00:00,0.5739,0.5748,0.574,0.5745,1217.83,0.5743,699.399769,1217.83,699.399769,
2022-11-27 03:30:00+00:00,0.5744,0.5745,0.5744,0.5745,223.35,0.57445,128.3034075,223.35,128.3034075,
2022-11-27 03:35:00+00:00,0.5739,0.5746,0.5741,0.5739,328.63,0.574125,188.67469875,328.63,188.67469875,
2022-11-27 03:40:00+00:00,0.5732,0.574,0.574,0.5732,451.4,0.5736,258.92304,451.4,258.92304,
2022-11-27 03:45:00+00:00,0.5733,0.5744,0.5735,0.5744,711.41,0.5739,408.278199,711.41,408.278199,
2022-11-27 03:50:00+00:00,0.5739,0.5744,0.5744,0.574,445.9,0.574175,256.0246325,445.9,256.0246325,
2022-11-27 03:55:00+00:00,0.5728,0.5756,0.5735,0.5731,19878.91,0.57375,11405.5246125,19878.91,11405.5246125,
2022-11-27 04:00:00+00:00,0.5728,0.5747,0.5733,0.5728,5947.12,0.5734,3410.078608,5947.12,3410.078608,
2022-11-27 04:05:00+00:00,0.573,0.5741,0.573,0.5739,1057.56,0.5735,606.51066,1057.56,606.51066,
2022-11-27 04:10:00+00:00,0.5725,0.5736,0.5736,0.573,2108.64,0.573175,1208.619732,2108.64,1208.619732,
2022-11-27 04:15:00+00:00,0.5731,0.574,0.5736,0.5737,1598.01,0.5736,916.618536,1598.01,916.618536,
2022-11-27 04:20:00+00:00,0.5738,0.575,0.5739,0.5747,641.95,0.57435,368.7039825,641.95,368.7039825,
2022-11-27 04:25:00+00:00,0.5742,0.5749,0.5747,0.5742,1008.53,0.5745,579.400485,1008.53,579.400485,
2022-11-27 04:30:00+00:00,0.5748,0.5752,0.5748,0.5752,294.91,0.575,169.57325,294.91,169.57325,
2022-11-27 04:35:00+00:00,0.5749,0.5758,0.5751,0.5752,3141.24,0.57525,1806.99831,3141.24,1806.99831,
2022-11-27 04:40:00+00:00,0.5749,0.5756,0.5749,0.5752,277.71,0.57515,159.7249065,277.71,159.7249065,
2022-11-27 04:45:00+00:00,0.5724,0.5752,0.5752,0.5724,1119.22,0.5738,642.208436,1119.22,642.208436,
2022-11-27 04:50:00+00:00,0.5716,0.5729,0.5725,0.5722,5504.99,0.5723,3150.505777,5504.99,3150.505777,
2022-11-27 04:55:00+00:00,0.5717,0.5722,0.5717,0.5718,564.3,0.57185,322.694955,564.3,322.694955,
2022-11-27 05:00:00+00:00,0.572,0.573,0.572,0.573,466.56,0.5725,267.1056,466.56,267.1056,
2022-11-27 05:05:00+00:00,0.5729,0.573,0.573,0.573,12.03,0.572975,6.89288925,12.03,6.89288925,
2022-11-27 05:10:00+00:00,0.5727,0.5733,0.573,0.5727,74.16,0.572925,42.488118,74.16,42.488118,
2022-11-27 05:15:00+00:00,0.5727,0.5728,0.5727,0.5727,256.41,0.572725,146.85241725,256.41,146.85241725,
2022-11-27 05:20:00+00:00,0.572,0.5724,0.5721,0.572,1182.77,0.572125,676.69228625,1182.77,676.69228625,
2022-11-27 05:25:00+00:00,0.5716,0.5723,0.5723,0.5722,33.32,0.5721,19.062372,33.32,19.062372,
2022-11-27 05:30:00+00:00,0.5716,0.5723,0.5723,0.5722,33.32,0.5721,19.062372,33.32,19.062372,
2022-11-27 05:35:00+00:00,0.5718,0.5724,0.5723,0.5718,1057.9,0.572075,605.1981425,1057.9,605.1981425,
2022-11-27 05:40:00+00:00,0.5713,0.5718,0.5718,0.5716,1094.84,0.571625,625.837915,1094.84,625.837915,
2022-11-27 05:45:00+00:00,0.5713,0.5717,0.5714,0.5717,86.5,0.571525,49.4369125,86.5,49.4369125,
2022-11-27 05:50:00+00:00,0.57,0.5708,0.5708,0.57,185.87,0.5704,106.020248,185.87,106.020248,
2022-11-27 05:55:00+00:00,0.5698,0.5707,0.5698,0.5707,29.18,0.57025,16.639895,29.18,16.639895,
2022-11-27 06:00:00+00:00,0.5698,0.5707,0.5698,0.5707,29.18,0.57025,16.639895,29.18,16.639895,
2022-11-27 06:05:00+00:00,0.572,0.5725,0.5721,0.5725,398.15,0.572275,227.85129125,398.15,227.85129125,
2022-11-27 06:10:00+00:00,0.5726,0.5733,0.5726,0.5733,670.38,0.57295,384.094221,670.38,384.094221,
2022-11-27 06:15:00+00:00,0.5728,0.574,0.5736,0.574,2609.73,0.5736,1496.941128,2609.73,1496.941128,
2022-11-27 06:20:00+00:00,0.5743,0.5749,0.5749,0.5745,1246.25,0.57465,716.1575625,1246.25,716.1575625,
2022-11-27 06:25:00+00:00,0.5744,0.5748,0.5747,0.5744,735.86,0.574575,422.8067595,735.86,422.8067595,
2022-11-27 06:30:00+00:00,0.5737,0.5741,0.5737,0.5741,18.09,0.5739,10.381851,18.09,10.381851,
2022-11-27 06:35:00+00:00,0.5733,0.5743,0.5743,0.5733,20.62,0.5738,11.831756,20.62,11.831756,
2022-11-27 06:40:00+00:00,0.5721,0.573,0.573,0.5721,478.57,0.57255,274.0052535,478.57,274.0052535,
2022-11-27 06:45:00+00:00,0.5721,0.573,0.573,0.5721,478.57,0.57255,274.0052535,478.57,274.0052535,
2022-11-27 06:50:00+00:00,0.5716,0.5721,0.5721,0.5717,377.84,0.571875,216.07725,377.84,216.07725,
2022-11-27 06:55:00+00:00,0.5716,0.5718,0.5718,0.5716,299.85,0.5717,171.424245,299.85,171.424245,
2022-11-27 07:00:00+00:00,0.5714,0.5725,0.5714,0.5725,288.6,0.57195,165.06477,288.6,165.06477,
2022-11-27 07:05:00+00:00,0.5724,0.573,0.5725,0.573,6.41,0.572725,3.67116725,6.41,3.67116725,
2022-11-27 07:10:00+00:00,0.5728,0.573,0.573,0.5728,1590.41,0.5729,911.145889,1590.41,911.145889,
2022-11-27 07:15:00+00:00,0.5734,0.5743,0.5734,0.574,893.03,0.573775,512.39828825,893.03,512.39828825,
2022-11-27 07:20:00+00:00,0.5743,0.575,0.5744,0.575,588.89,0.574675,338.42036075,588.89,338.42036075,
2022-11-27 07:25:00+00:00,0.5743,0.575,0.5744,0.575,588.89,0.574675,338.42036075,588.89,338.42036075,
2022-11-27 07:30:00+00:00,0.5746,0.5749,0.5747,0.5746,587.39,0.5747,337.573033,587.39,337.573033,
2022-11-27 07:35:00+00:00,0.5739,0.5747,0.5744,0.5739,3486.02,0.574225,2001.7598345,3486.02,2001.7598345,
2022-11-27 07:40:00+00:00,0.574,0.5747,0.5746,0.574,844.75,0.574325,485.16104375,844.75,485.16104375,
2022-11-27 07:45:00+00:00,0.5739,0.574,0.574,0.5739,8.01,0.57395,4.5973395,8.01,4.5973395,
2022-11-27 07:50:00+00:00,0.5734,0.5739,0.5739,0.5734,5.05,0.57365,2.8969325,5.05,2.8969325,
2022-11-27 07:55:00+00:00,0.5734,0.574,0.5737,0.5734,115.27,0.573625,66.12175375,115.27,66.12175375,
2022-11-27 08:00:00+00:00,0.5729,0.5733,0.5733,0.5733,114.71,0.5732,65.751772,114.71,65.751772,
2022-11-27 08:05:00+00:00,0.574,0.5745,0.5743,0.574,790.21,0.5742,453.738582,790.21,453.738582,
2022-11-27 08:10:00+00:00,0.5747,0.5753,0.5747,0.5753,47.99,0.575,27.59425,47.99,27.59425,
2022-11-27 08:15:00+00:00,0.5749,0.5824,0.5752,0.5819,6451.7,0.5786,3732.95362,6451.7,3732.95362,
2022-11-27 08:20:00+00:00,0.5807,0.5856,0.5818,0.5807,5949.07,0.5822,3463.548554,5949.07,3463.548554,
2022-11-27 08:25:00+00:00,0.5785,0.581,0.58,0.581,707.31,0.580125,410.32821375,707.31,410.32821375,
2022-11-27 08:30:00+00:00,0.58,0.5821,0.5812,0.5805,846.93,0.58095,492.0239835,846.93,492.0239835,
2022-11-27 08:35:00+00:00,0.5822,0.5832,0.5827,0.5832,1745.01,0.582825,1017.03545325,1745.01,1017.03545325,
2022-11-27 08:40:00+00:00,0.5826,0.5875,0.5844,0.5875,1512.54,0.5855,885.59217,1512.54,885.59217,
2022-11-27 08:45:00+00:00,0.5879,0.5927,0.5882,0.5888,2510.66,0.5894,1479.783004,2510.66,1479.783004,
2022-11-27 08:50:00+00:00,0.586,0.5889,0.5887,0.586,1059.49,0.5874,622.344426,1059.49,622.344426,
2022-11-27 08:55:00+00:00,0.5822,0.586,0.586,0.5822,18175.47,0.5841,10616.292027,18175.47,10616.292027,
2022-11-27 09:00:00+00:00,0.5805,0.582,0.582,0.5814,34.33,0.581475,19.96203675,34.33,19.96203675,
2022-11-27 09:05:00+00:00,0.5792,0.581,0.581,0.5792,111.07,0.5801,64.431707,111.07,64.431707,
2022-11-27 09:10:00+00:00,0.5782,0.5791,0.5782,0.5791,144.9,0.57865,83.846385,144.9,83.846385,
2022-11-27 09:15:00+00:00,0.5782,0.5805,0.5791,0.5805,386.77,0.579575,224.16222275,386.77,224.16222275,
2022-11-27 09:20:00+00:00,0.58,0.5808,0.5808,0.58,83.24,0.5804,48.312496,83.24,48.312496,
2022-11-27 09:25:00+00:00,0.5784,0.5804,0.58,0.5784,111.56,0.5793,64.626708,111.56,64.626708,
2022-11-27 09:30:00+00:00,0.5787,0.5791,0.5787,0.5791,514.85,0.5789,298.046665,514.85,298.046665,
2022-11-27 09:35:00+00:00,0.5798,0.5807,0.5798,0.5807,454.61,0.58025,263.7874525,454.61,263.7874525,
2022-11-27 09:40:00+00:00,0.5798,0.5806,0.5803,0.5806,9.52,0.580325,5.524694,9.52,5.524694,
2022-11-27 09:45:00+00:00,0.58,0.5805,0.5805,0.58,1455.31,0.58025,844.4436275,1455.31,844.4436275,
2022-11-27 09:50:00+00:00,0.5782,0.5793,0.5793,0.5782,216.07,0.57875,125.0505125,216.07,125.0505125,
2022-11-27 09:55:00+00:00,0.5771,0.578,0.5775,0.578,304.42,0.57765,175.848213,304.42,175.848213,
2022-11-27 10:00:00+00:00,0.5758,0.5782,0.5782,0.5769,2143.18,0.577275,1237.2042345,2143.18,1237.2042345,
2022-11-27 10:05:00+00:00,0.5751,0.5776,0.5753,0.5776,968.84,0.5764,558.439376,968.84,558.439376,
2022-11-27 10:10:00+00:00,0.5751,0.5776,0.5753,0.5776,968.84,0.5764,558.439376,968.84,558.439376,
2022-11-27 10:15:00+00:00,0.5765,0.5771,0.5771,0.5765,8.41,0.5768,4.850888,8.41,4.850888,
2022-11-27 10:20:00+00:00,0.5766,0.5773,0.5766,0.5773,209.43,0.57695,120.8306385,209.43,120.8306385,
2022-11-27 10:25:00+00:00,0.577,0.5776,0.5772,0.577,32.59,0.5772,18.810948,32.59,18.810948,
2022-11-27 10:30:00+00:00,0.5772,0.5779,0.5777,0.5779,75.14,0.577675,43.4064995,75.14,43.4064995,
2022-11-27 10:35:00+00:00,0.5775,0.5812,0.5779,0.5805,1481.43,0.579275,858.15536325,1481.43,858.15536325,
2022-11-27 10:40:00+00:00,0.5798,0.5811,0.5811,0.5799,1924.08,0.580475,1116.880338,1924.08,1116.880338,
2022-11-27 10:45:00+00:00,0.578,0.5791,0.5791,0.578,6.85,0.57855,3.9630675,6.85,3.9630675,
2022-11-27 10:50:00+00:00,0.5775,0.5775,0.5775,0.5775,5.27,0.5775,3.043425,5.27,3.043425,
2022-11-27 10:55:00+00:00,0.5766,0.5781,0.5781,0.5775,288.14,0.577575,166.4224605,288.14,166.4224605,
2022-11-27 11:00:00+00:00,0.5771,0.5783,0.5771,0.5779,110.49,0.5776,63.819024,110.49,63.819024,
2022-11-27 11:05:00+00:00,0.5776,0.5785,0.5784,0.5776,390.7,0.578025,225.8343675,390.7,225.8343675,
2022-11-27 11:10:00+00:00,0.5778,0.5783,0.5778,0.5781,176.93,0.578,102.26554,176.93,102.26554,
2022-11-27 11:15:00+00:00,0.5769,0.5783,0.578,0.5772,2999.31,0.5776,1732.401456,2999.31,1732.401456,
2022-11-27 11:20:00+00:00,0.5768,0.5774,0.5768,0.5774,55.71,0.5771,32.150241,55.71,32.150241,
2022-11-27 11:25:00+00:00,0.5768,0.5779,0.5774,0.5769,289.58,0.57725,167.160055,289.58,167.160055,
2022-11-27 11:30:00+00:00,0.5766,0.5768,0.5766,0.5768,6.25,0.5767,3.604375,6.25,3.604375,
2022-11-27 11:35:00+00:00,0.5759,0.5763,0.5763,0.5761,87.62,0.57615,50.482263,87.62,50.482263,
2022-11-27 11:40:00+00:00,0.576,0.5763,0.576,0.5763,435.56,0.57615,250.947894,435.56,250.947894,
2022-11-27 11:45:00+00:00,0.5762,0.5774,0.5762,0.5772,990.07,0.57675,571.0228725,990.07,571.0228725,
2022-11-27 11:50:00+00:00,0.5765,0.5772,0.5772,0.5772,1885.46,0.577025,1087.9575565,1885.46,1087.9575565,
2022-11-27 11:55:00+00:00,0.5778,0.578,0.578,0.5778,59.68,0.5779,34.489072,59.68,34.489072,
2022-11-27 12:00:00+00:00,0.5784,0.579,0.5784,0.5787,637.45,0.578625,368.84450625,637.45,368.84450625,
2022-11-27 12:05:00+00:00,0.5779,0.5798,0.5793,0.5798,21349.16,0.5792,12365.433472,21349.16,12365.433472,
2022-11-27 12:10:00+00:00,0.5793,0.5795,0.5793,0.5795,23.83,0.5794,13.807102,23.83,13.807102,
2022-11-27 12:15:00+00:00,0.5782,0.5791,0.5791,0.5782,1013.3,0.57865,586.346045,1013.3,586.346045,
2022-11-27 12:20:00+00:00,0.5781,0.579,0.5785,0.5789,726.63,0.578625,420.44628375,726.63,420.44628375,
2022-11-27 12:25:00+00:00,0.5791,0.5809,0.5795,0.5809,1129.34,0.5801,655.130134,1129.34,655.130134,
2022-11-27 12:30:00+00:00,0.5806,0.583,0.5806,0.583,544.1,0.5818,316.55738,544.1,316.55738,
2022-11-27 12:35:00+00:00,0.5821,0.5836,0.5824,0.5825,2140.22,0.58265,1246.999183,2140.22,1246.999183,
2022-11-27 12:40:00+00:00,0.5815,0.5826,0.5824,0.5819,1264.14,0.5821,735.855894,1264.14,735.855894,
2022-11-27 12:45:00+00:00,0.5816,0.5824,0.5821,0.582,469.79,0.582025,273.42952475,469.79,273.42952475,
2022-11-27 12:50:00+00:00,0.581,0.5817,0.5813,0.581,587.8,0.58125,341.65875,587.8,341.65875,
2022-11-27 12:55:00+00:00,0.579,0.581,0.581,0.579,26.76,0.58,15.5208,26.76,15.5208,
2022-11-27 13:00:00+00:00,0.5785,0.5791,0.5791,0.5785,847.65,0.5788,490.61982,847.65,490.61982,
2022-11-27 13:05:00+00:00,0.5788,0.5814,0.5798,0.5799,18756.71,0.579975,10878.42288225,18756.71,10878.42288225,
2022-11-27 13:10:00+00:00,0.578,0.58,0.5795,0.578,1426.27,0.578875,825.63204625,1426.27,825.63204625,
2022-11-27 13:15:00+00:00,0.578,0.5789,0.5781,0.5786,180.93,0.5784,104.649912,180.93,104.649912,
2022-11-27 13:20:00+00:00,0.5787,0.5794,0.5788,0.5794,409.53,0.579075,237.14858475,409.53,237.14858475,
2022-11-27 13:25:00+00:00,0.5789,0.5795,0.5795,0.5789,34.68,0.5792,20.086656,34.68,20.086656,
2022-11-27 13:30:00+00:00,0.5795,0.5797,0.5795,0.5797,348.4,0.5796,201.93264,348.4,201.93264,
2022-11-27 13:35:00+00:00,0.5791,0.5796,0.5796,0.5791,782.26,0.57935,453.202331,782.26,453.202331,
2022-11-27 13:40:00+00:00,0.5785,0.5792,0.5792,0.5785,693.17,0.57885,401.2414545,693.17,401.2414545,
2022-11-27 13:45:00+00:00,0.5781,0.5795,0.5785,0.5781,603.27,0.57855,349.0218585,603.27,349.0218585,
2022-11-27 13:50:00+00:00,0.5781,0.5794,0.5786,0.5791,9820.58,0.5788,5684.151704,9820.58,5684.151704,
2022-11-27 13:55:00+00:00,0.5789,0.5801,0.5789,0.5801,9518.6,0.5795,5516.0287,9518.6,5516.0287,
2022-11-27 14:00:00+00:00,0.5803,0.5804,0.5804,0.5803,423.12,0.58035,245.557692,423.12,245.557692,
2022-11-27 14:05:00+00:00,0.5805,0.581,0.5805,0.581,18.26,0.58075,10.604495,18.26,10.604495,
2022-11-27 14:10:00+00:00,0.5809,0.5823,0.5809,0.5823,42.16,0.5816,24.520256,42.16,24.520256,
2022-11-27 14:15:00+00:00,0.5816,0.582,0.582,0.5817,2716.56,0.581825,1580.562522,2716.56,1580.562522,
2022-11-27 14:20:00+00:00,0.5815,0.5823,0.5815,0.5822,410.59,0.581875,238.91205625,410.59,238.91205625,
2022-11-27 14:25:00+00:00,0.5818,0.5823,0.5823,0.5821,1346.02,0.582125,783.5518925,1346.02,783.5518925,
2022-11-27 14:30:00+00:00,0.5814,0.5821,0.5821,0.5814,158.51,0.58175,92.2131925,158.51,92.2131925,
2022-11-27 14:35:00+00:00,0.5808,0.5816,0.5814,0.5813,2112.01,0.581275,1227.65861275,2112.01,1227.65861275,
2022-11-27 14:40:00+00:00,0.5811,0.5823,0.5813,0.582,482.29,0.581675,280.53603575,482.29,280.53603575,
2022-11-27 14:45:00+00:00,0.5815,0.5822,0.582,0.5815,544.49,0.5818,316.784282,544.49,316.784282,
2022-11-27 14:50:00+00:00,0.5794,0.5823,0.5814,0.5794,682.3,0.580625,396.1604375,682.3,396.1604375,
2022-11-27 14:55:00+00:00,0.5797,0.5807,0.5798,0.5807,1049.45,0.580225,608.91712625,1049.45,608.91712625,
2022-11-27 15:00:00+00:00,0.5788,0.5807,0.5807,0.5788,130.06,0.57975,75.402285,130.06,75.402285,
2022-11-27 15:05:00+00:00,0.5786,0.5795,0.5789,0.5795,171.38,0.579125,99.2504425,171.38,99.2504425,
2022-11-27 15:10:00+00:00,0.5795,0.58,0.5798,0.5796,27.26,0.579725,15.8033035,27.26,15.8033035,
2022-11-27 15:15:00+00:00,0.5802,0.5831,0.5802,0.5831,100.51,0.58165,58.4616415,100.51,58.4616415,
2022-11-27 15:20:00+00:00,0.5828,0.5837,0.5837,0.5831,998.38,0.583325,582.3800135,998.38,582.3800135,
2022-11-27 15:25:00+00:00,0.5819,0.5831,0.5829,0.5831,1230.06,0.58275,716.817465,1230.06,716.817465,
2022-11-27 15:30:00+00:00,0.5831,0.5836,0.5832,0.5831,539.99,0.58325,314.9491675,539.99,314.9491675,
2022-11-27 15:35:00+00:00,0.5834,0.5844,0.5836,0.5842,883.06,0.5839,515.618734,883.06,515.618734,
2022-11-27 15:40:00+00:00,0.5833,0.5841,0.5838,0.5835,1380.19,0.583675,805.58239825,1380.19,805.58239825,
2022-11-27 15:45:00+00:00,0.5833,0.5838,0.5836,0.5833,305.01,0.5835,177.973335,305.01,177.973335,
2022-11-27 15:50:00+00:00,0.5823,0.5842,0.5833,0.5826,19176.89,0.5831,11182.044559,19176.89,11182.044559,
2022-11-27 15:55:00+00:00,0.5824,0.5831,0.5824,0.5831,1173.2,0.58275,683.6823,1173.2,683.6823,
2022-11-27 16:00:00+00:00,0.5821,0.5831,0.583,0.5822,1442.05,0.5826,840.13833,1442.05,840.13833,
2022-11-27 16:05:00+00:00,0.5818,0.5825,0.5824,0.5819,581.12,0.58215,338.299008,581.12,338.299008,
2022-11-27 16:10:00+00:00,0.5812,0.582,0.5819,0.5814,1128.35,0.581625,656.27656875,1128.35,656.27656875,
2022-11-27 16:15:00+00:00,0.5818,0.5827,0.582,0.5818,171.82,0.582075,100.0121265,171.82,100.0121265,
2022-11-27 16:20:00+00:00,0.5813,0.582,0.582,0.5815,1069.41,0.5817,622.075797,1069.41,622.075797,
2022-11-27 16:25:00+00:00,0.5815,0.582,0.5818,0.5815,646.62,0.5817,376.138854,646.62,376.138854,
2022-11-27 16:30:00+00:00,0.5811,0.5822,0.5812,0.5819,1893.37,0.5816,1101.183992,1893.37,1101.183992,
2022-11-27 16:35:00+00:00,0.5816,0.5825,0.5817,0.5825,1038.12,0.582075,604.263699,1038.12,604.263699,
2022-11-27 16:40:00+00:00,0.5821,0.5825,0.5821,0.5825,33.41,0.5823,19.454643,33.41,19.454643,
2022-11-27 16:45:00+00:00,0.5805,0.5824,0.5822,0.5805,1568.42,0.5814,911.879388,1568.42,911.879388,
2022-11-27 16:50:00+00:00,0.5787,0.5794,0.579,0.5794,1589.09,0.579125,920.28174625,1589.09,920.28174625,
2022-11-27 16:55:00+00:00,0.5785,0.5791,0.5788,0.5786,534.57,0.57875,309.3823875,534.57,309.3823875,
2022-11-27 17:00:00+00:00,0.5769,0.5797,0.5787,0.5779,2139.29,0.5783,1237.151407,2139.29,1237.151407,
2022-11-27 17:05:00+00:00,0.5773,0.5776,0.5775,0.5773,215.34,0.577425,124.3426995,215.34,124.3426995,
2022-11-27 17:10:00+00:00,0.5771,0.5777,0.5774,0.5771,359.63,0.577325,207.62338975,359.63,207.62338975,
2022-11-27 17:15:00+00:00,0.5761,0.5771,0.5767,0.5769,514.39,0.5767,296.648713,514.39,296.648713,
2022-11-27 17:20:00+00:00,0.5758,0.5771,0.5769,0.5759,1190.5,0.576425,686.2339625,1190.5,686.2339625,
2022-11-27 17:25:00+00:00,0.5756,0.5761,0.5759,0.5761,377.7,0.575925,217.5268725,377.7,217.5268725,
2022-11-27 17:30:00+00:00,0.5758,0.5764,0.5758,0.5764,131.38,0.5761,75.688018,131.38,75.688018,
2022-11-27 17:35:00+00:00,0.5763,0.5775,0.5766,0.5772,4851.5,0.5769,2798.83035,4851.5,2798.83035,
2022-11-27 17:40:00+00:00,0.5768,0.577,0.5768,0.577,106.21,0.5769,61.272549,106.21,61.272549,
2022-11-27 17:45:00+00:00,0.5766,0.5773,0.577,0.5769,1162.73,0.57695,670.8370735,1162.73,670.8370735,
2022-11-27 17:50:00+00:00,0.5766,0.5775,0.577,0.5774,1656.06,0.577125,955.7536275,1656.06,955.7536275,
2022-11-27 17:55:00+00:00,0.5769,0.5782,0.5776,0.5782,228.15,0.577725,131.80795875,228.15,131.80795875,
2022-11-27 18:00:00+00:00,0.5781,0.5789,0.5781,0.5786,1523.72,0.578425,881.357741,1523.72,881.357741,
2022-11-27 18:05:00+00:00,0.5778,0.579,0.579,0.5778,4636.89,0.5784,2681.977176,4636.89,2681.977176,
2022-11-27 18:10:00+00:00,0.5779,0.5787,0.5783,0.5787,1335.27,0.5784,772.320168,1335.27,772.320168,
2022-11-27 18:15:00+00:00,0.5785,0.5789,0.5785,0.5788,497.52,0.578675,287.902386,497.52,287.902386,
2022-11-27 18:20:00+00:00,0.5782,0.5785,0.5783,0.5783,72.13,0.578325,41.71458225,72.13,41.71458225,
2022-11-27 18:25:00+00:00,0.578,0.5791,0.578,0.5788,146.07,0.578475,84.49784325,146.07,84.49784325,
2022-11-27 18:30:00+00:00,0.5791,0.5797,0.5792,0.5797,141.42,0.579425,81.9422835,141.42,81.9422835,
2022-11-27 18:35:00+00:00,0.5791,0.5799,0.5792,0.5799,216.73,0.579525,125.60045325,216.73,125.60045325,
2022-11-27 18:40:00+00:00,0.5793,0.5801,0.58,0.5797,1168.24,0.579775,677.316346,1168.24,677.316346,
2022-11-27 18:45:00+00:00,0.5795,0.5802,0.5795,0.5802,198.95,0.57985,115.3611575,198.95,115.3611575,
2022-11-27 18:50:00+00:00,0.5795,0.5801,0.5799,0.5798,301.11,0.579825,174.59110575,301.11,174.59110575,
2022-11-27 18:55:00+00:00,0.5796,0.5806,0.5797,0.5806,19.8,0.580125,11.486475,19.8,11.486475,
2022-11-27 19:00:00+00:00,0.5802,0.5808,0.5806,0.5808,280.42,0.5806,162.811852,280.42,162.811852,
2022-11-27 19:05:00+00:00,0.5803,0.5807,0.5806,0.5805,114.9,0.580525,66.7023225,114.9,66.7023225,
2022-11-27 19:10:00+00:00,0.5794,0.5804,0.58,0.5803,1975.47,0.580025,1145.82198675,1975.47,1145.82198675,
2022-11-27 19:15:00+00:00,0.5794,0.5801,0.5801,0.5795,534.53,0.579775,309.90713075,534.53,309.90713075,
2022-11-27 19:20:00+00:00,0.5794,0.5798,0.5795,0.5798,194.23,0.579625,112.58056375,194.23,112.58056375,
2022-11-27 19:25:00+00:00,0.5799,0.58,0.58,0.5799,9.44,0.57995,5.474728,9.44,5.474728,
2022-11-27 19:30:00+00:00,0.5798,0.5809,0.5798,0.5809,37.36,0.58035,21.681876,37.36,21.681876,
2022-11-27 19:35:00+00:00,0.5796,0.5814,0.5809,0.5796,125.83,0.580375,73.02858625,125.83,73.02858625,
2022-11-27 19:40:00+00:00,0.5779,0.5789,0.5785,0.5789,46.57,0.57855,26.9430735,46.57,26.9430735,
2022-11-27 19:45:00+00:00,0.578,0.5793,0.5783,0.5793,260.43,0.578725,150.71735175,260.43,150.71735175,
2022-11-27 19:50:00+00:00,0.5792,0.5807,0.5792,0.5802,1378.92,0.579825,799.532289,1378.92,799.532289,
2022-11-27 19:55:00+00:00,0.5793,0.5802,0.5793,0.5802,98.94,0.57975,57.360465,98.94,57.360465,
2022-11-27 20:00:00+00:00,0.5793,0.5805,0.5796,0.5803,910.58,0.579925,528.0681065,910.58,528.0681065,
2022-11-27 20:05:00+00:00,0.58,0.5809,0.5803,0.5809,882.52,0.580525,512.324923,882.52,512.324923,
2022-11-27 20:10:00+00:00,0.5808,0.5816,0.5808,0.5813,1976.27,0.581125,1148.45990375,1976.27,1148.45990375,
2022-11-27 20:15:00+00:00,0.5807,0.5815,0.5811,0.581,857.25,0.581075,498.12654375,857.25,498.12654375,
2022-11-27 20:20:00+00:00,0.5806,0.5818,0.5809,0.5818,352.83,0.581275,205.09125825,352.83,205.09125825,
2022-11-27 20:25:00+00:00,0.5816,0.5825,0.5817,0.5822,423.23,0.582,246.31986,423.23,246.31986,
2022-11-27 20:30:00+00:00,0.5812,0.5824,0.5824,0.5822,13.91,0.58205,8.0963155,13.91,8.0963155,
2022-11-27 20:35:00+00:00,0.5816,0.5819,0.5819,0.5816,33.32,0.58175,19.38391,33.32,19.38391,
2022-11-27 20:40:00+00:00,0.5819,0.5827,0.5819,0.5827,160.0,0.5823,93.168,160.0,93.168,
2022-11-27 20:45:00+00:00,0.5823,0.5826,0.5823,0.5826,679.05,0.58245,395.5126725,679.05,395.5126725,
2022-11-27 20:50:00+00:00,0.5821,0.5831,0.5825,0.583,134.25,0.582675,78.22411875,134.25,78.22411875,
2022-11-27 20:55:00+00:00,0.5818,0.5831,0.5829,0.5818,395.09,0.5824,230.100416,395.09,230.100416,
2022-11-27 21:00:00+00:00,0.5818,0.5823,0.5818,0.582,394.23,0.581975,229.43200425,394.23,229.43200425,
2022-11-27 21:05:00+00:00,0.582,0.5835,0.582,0.5827,26.64,0.58255,15.519132,26.64,15.519132,
2022-11-27 21:10:00+00:00,0.5827,0.5835,0.5827,0.5829,338.85,0.58295,197.5326075,338.85,197.5326075,
2022-11-27 21:15:00+00:00,0.5804,0.5828,0.5828,0.5826,35220.31,0.58215,20503.5034665,35220.31,20503.5034665,
2022-11-27 21:20:00+00:00,0.5825,0.5825,0.5825,0.5825,2320.04,0.5825,1351.4233,2320.04,1351.4233,
2022-11-27 21:25:00+00:00,0.5822,0.583,0.5825,0.5827,4290.42,0.5826,2499.598692,4290.42,2499.598692,
2022-11-27 21:30:00+00:00,0.5826,0.5831,0.5826,0.5831,824.67,0.58285,480.6589095,824.67,480.6589095,
2022-11-27 21:35:00+00:00,0.5826,0.5832,0.583,0.5826,1372.87,0.58285,800.1772795,1372.87,800.1772795,
2022-11-27 21:40:00+00:00,0.5826,0.583,0.5826,0.583,510.4,0.5828,297.46112,510.4,297.46112,
2022-11-27 21:45:00+00:00,0.5817,0.583,0.5829,0.5817,357.09,0.582325,207.94243425,357.09,207.94243425,
2022-11-27 21:50:00+00:00,0.5819,0.5837,0.5819,0.5837,1016.56,0.5828,592.451168,1016.56,592.451168,
2022-11-27 21:55:00+00:00,0.5834,0.5835,0.5835,0.5835,105.31,0.583475,61.44575225,105.31,61.44575225,
2022-11-27 22:00:00+00:00,0.5831,0.5838,0.5835,0.5831,1426.8,0.583375,832.35945,1426.8,832.35945,
2022-11-27 22:05:00+00:00,0.5824,0.5834,0.5832,0.5826,133.74,0.5829,77.957046,133.74,77.957046,
2022-11-27 22:10:00+00:00,0.5821,0.5831,0.5826,0.5831,2490.4,0.582725,1451.21834,2490.4,1451.21834,
2022-11-27 22:15:00+00:00,0.5833,0.5838,0.5833,0.5837,268.89,0.583525,156.90403725,268.89,156.90403725,
2022-11-27 22:20:00+00:00,0.5835,0.584,0.5835,0.5836,614.61,0.58365,358.7171265,614.61,358.7171265,
2022-11-27 22:25:00+00:00,0.5836,0.5842,0.584,0.5839,1650.59,0.583925,963.82076575,1650.59,963.82076575,
2022-11-27 22:30:00+00:00,0.5838,0.5843,0.5838,0.5843,769.92,0.58405,449.671776,769.92,449.671776,
2022-11-27 22:35:00+00:00,0.5842,0.5845,0.5843,0.5842,1900.77,0.5843,1110.619911,1900.77,1110.619911,
2022-11-27 22:40:00+00:00,0.5842,0.5854,0.585,0.5847,2277.92,0.584825,1332.184564,2277.92,1332.184564,
2022-11-27 22:45:00+00:00,0.5847,0.5858,0.5847,0.5858,150.52,0.58525,88.09183,150.52,88.09183,
2022-11-27 22:50:00+00:00,0.585,0.5861,0.5855,0.586,654.49,0.58565,383.3020685,654.49,383.3020685,
2022-11-27 22:55:00+00:00,0.5856,0.5867,0.586,0.5856,5771.34,0.585975,3381.8609565,5771.34,3381.8609565,
2022-11-27 23:00:00+00:00,0.5761,0.5855,0.5855,0.5763,4283.15,0.58085,2487.8676775,4283.15,2487.8676775,
2022-11-27 23:05:00+00:00,0.5775,0.5797,0.5792,0.5792,3495.65,0.5789,2023.631785,3495.65,2023.631785,
2022-11-27 23:10:00+00:00,0.5784,0.5796,0.5796,0.5789,1142.58,0.579125,661.6966425,1142.58,661.6966425,
2022-11-27 23:15:00+00:00,0.5755,0.5789,0.5785,0.5756,3775.3,0.577125,2178.8200125,3775.3,2178.8200125,
2022-11-27 23:20:00+00:00,0.5686,0.5751,0.5751,0.5702,1253.26,0.57225,717.178035,1253.26,717.178035,
2022-11-27 23:25:00+00:00,0.5695,0.5732,0.5695,0.5715,4208.98,0.570925,2403.0119065,4208.98,2403.0119065,
2022-11-27 23:30:00+00:00,0.5691,0.5726,0.5726,0.5714,1045.15,0.571425,597.22483875,1045.15,597.22483875,
2022-11-27 23:35:00+00:00,0.5691,0.571,0.5704,0.5697,2114.97,0.57005,1205.6386485,2114.97,1205.6386485,
2022-11-27 23:40:00+00:00,0.5674,0.5697,0.5697,0.5689,662.87,0.568925,377.12331475,662.87,377.12331475,
2022-11-27 23:45:00+00:00,0.5687,0.5703,0.5694,0.5689,258.25,0.569325,147.02818125,258.25,147.02818125,
2022-11-27 23:50:00+00:00,0.5659,0.5693,0.5692,0.5679,4894.36,0.568075,2780.363557,4894.36,2780.363557,
2022-11-27 23:55:00+00:00,0.5673,0.569,0.5682,0.5675,735.99,0.568,418.04232,735.99,418.04232,
2022-11-28 00:00:00+00:00,0.5682,0.5726,0.5683,0.5723,2851.46,0.57035,1626.330211,2851.46,1626.330211,
2022-11-28 00:05:00+00:00,0.5701,0.5731,0.5718,0.5701,1194.76,0.571275,682.536519,1194.76,682.536519,
2022-11-28 00:10:00+00:00,0.5696,0.5724,0.5708,0.5721,84.73,0.571225,48.39989425,84.73,48.39989425,
2022-11-28 00:15:00+00:00,0.5718,0.5746,0.5718,0.5731,587.15,0.572825,336.33419875,587.15,336.33419875,
2022-11-28 00:20:00+00:00,0.573,0.5734,0.5734,0.5733,272.46,0.573275,156.1945065,272.46,156.1945065,
2022-11-28 00:25:00+00:00,0.5733,0.5748,0.5748,0.5733,127.2,0.57405,73.01916,127.2,73.01916,
2022-11-28 00:30:00+00:00,0.5721,0.5737,0.5732,0.5722,448.57,0.5728,256.940896,448.57,256.940896,
2022-11-28 00:35:00+00:00,0.571,0.5732,0.5732,0.571,22.06,0.5721,12.620526,22.06,12.620526,
2022-11-28 00:40:00+00:00,0.5706,0.5715,0.5708,0.5715,1524.76,0.5711,870.790436,1524.76,870.790436,
2022-11-28 00:45:00+00:00,0.5678,0.5708,0.5707,0.5678,3938.38,0.569275,2242.0212745,3938.38,2242.0212745,
2022-11-28 00:50:00+00:00,0.5678,0.5684,0.5684,0.5678,911.35,0.5681,517.737935,911.35,517.737935,
2022-11-28 00:55:00+00:00,0.5667,0.5676,0.5676,0.5667,94.72,0.56715,53.720448,94.72,53.720448,
2022-11-28 01:00:00+00:00,0.5676,0.569,0.568,0.5676,214.41,0.56805,121.7956005,214.41,121.7956005,
2022-11-28 01:05:00+00:00,0.5651,0.5676,0.5676,0.5651,1890.68,0.56635,1070.786618,1890.68,1070.786618,
2022-11-28 01:10:00+00:00,0.5607,0.5638,0.5638,0.5621,2984.61,0.5626,1679.141586,2984.61,1679.141586,
2022-11-28 01:15:00+00:00,0.5586,0.5633,0.5619,0.5591,1812.38,0.560725,1016.2467755,1812.38,1016.2467755,
2022-11-28 01:20:00+00:00,0.55,0.5583,0.5581,0.5518,9199.43,0.55455,5101.5439065,9199.43,5101.5439065,
2022-11-28 01:25:00+00:00,0.5494,0.5518,0.5502,0.5502,5958.3,0.5504,3279.44832,5958.3,3279.44832,
2022-11-28 01:30:00+00:00,0.5446,0.5502,0.5502,0.546,3653.0,0.54775,2000.93075,3653.0,2000.93075,
2022-11-28 01:35:00+00:00,0.54,0.5475,0.5467,0.5434,22271.17,0.5444,12124.424948,22271.17,12124.424948,
2022-11-28 01:40:00+00:00,0.5425,0.545,0.5438,0.545,1794.7,0.544075,976.4514025,1794.7,976.4514025,
2022-11-28 01:45:00+00:00,0.5388,0.5439,0.5437,0.543,2270.54,0.54235,1231.427369,2270.54,1231.427369,
2022-11-28 01:50:00+00:00,0.5418,0.5445,0.5426,0.543,5754.94,0.542975,3124.7885465,5754.94,3124.7885465,
2022-11-28 01:55:00+00:00,0.5397,0.5427,0.5427,0.5397,1346.98,0.5412,728.985576,1346.98,728.985576,
2022-11-28 02:00:00+00:00,0.5362,0.5389,0.538,0.5381,2031.48,0.5378,1092.529944,2031.48,1092.529944,
2022-11-28 02:05:00+00:00,0.5368,0.5408,0.5368,0.5408,1284.86,0.5388,692.282568,1284.86,692.282568,
2022-11-28 02:10:00+00:00,0.539,0.5404,0.5397,0.5403,1584.13,0.53985,855.1925805,1584.13,855.1925805,
2022-11-28 02:15:00+00:00,0.5393,0.5424,0.5394,0.5415,307.28,0.54065,166.130932,307.28,166.130932,
2022-11-28 02:20:00+00:00,0.5419,0.5435,0.5419,0.5419,2788.37,0.5423,1512.133051,2788.37,1512.133051,
2022-11-28 02:25:00+00:00,0.5402,0.542,0.542,0.5408,2083.8,0.54125,1127.85675,2083.8,1127.85675,
2022-11-28 02:30:00+00:00,0.5399,0.5426,0.54,0.5426,221.7,0.541275,120.0006675,221.7,120.0006675,
2022-11-28 02:35:00+00:00,0.5414,0.5431,0.5428,0.5414,2013.5,0.542175,1091.6693625,2013.5,1091.6693625,
2022-11-28 02:40:00+00:00,0.5396,0.5411,0.5411,0.5401,624.95,0.540475,337.76985125,624.95,337.76985125,
2022-11-28 02:45:00+00:00,0.5398,0.5415,0.54,0.5403,2059.43,0.5404,1112.915972,2059.43,1112.915972,
2022-11-28 02:50:00+00:00,0.5394,0.5407,0.5407,0.5396,3213.6,0.5401,1735.66536,3213.6,1735.66536,
2022-11-28 02:55:00+00:00,0.539,0.5407,0.5407,0.5393,263.69,0.539925,142.37282325,263.69,142.37282325,
2022-11-28 03:00:00+00:00,0.5397,0.5417,0.54,0.5417,93.39,0.540775,50.50297725,93.39,50.50297725,
2022-11-28 03:05:00+00:00,0.5416,0.5441,0.5416,0.5441,525.69,0.54285,285.3708165,525.69,285.3708165,
2022-11-28 03:10:00+00:00,0.5427,0.5435,0.543,0.5435,244.15,0.543175,132.61617625,244.15,132.61617625,
2022-11-28 03:15:00+00:00,0.5432,0.5452,0.5432,0.544,1105.98,0.5439,601.542522,1105.98,601.542522,
2022-11-28 03:20:00+00:00,0.544,0.5455,0.544,0.545,1982.17,0.544625,1079.53933625,1982.17,1079.53933625,
2022-11-28 03:25:00+00:00,0.5429,0.5453,0.545,0.5429,1188.35,0.544025,646.49210875,1188.35,646.49210875,
2022-11-28 03:30:00+00:00,0.5425,0.5443,0.5425,0.544,470.51,0.543325,255.63984575,470.51,255.63984575,
2022-11-28 03:35:00+00:00,0.5443,0.5447,0.5443,0.5443,595.93,0.5444,324.424292,595.93,324.424292,
2022-11-28 03:40:00+00:00,0.5443,0.546,0.5443,0.5459,801.79,0.545125,437.07577375,801.79,437.07577375,
2022-11-28 03:45:00+00:00,0.5447,0.5457,0.5457,0.5453,985.22,0.54535,537.289727,985.22,537.289727,
2022-11-28 03:50:00+00:00,0.5445,0.5456,0.545,0.5452,309.22,0.545075,168.5480915,309.22,168.5480915,
2022-11-28 03:55:00+00:00,0.5445,0.5457,0.5449,0.5445,199.38,0.5449,108.642162,199.38,108.642162,
2022-11-28 04:00:00+00:00,0.5446,0.5454,0.5452,0.5446,429.85,0.54495,234.2467575,429.85,234.2467575,
2022-11-28 04:05:00+00:00,0.5447,0.546,0.5448,0.5455,1867.18,0.54525,1018.079895,1867.18,1018.079895,
2022-11-28 04:10:00+00:00,0.5452,0.5459,0.5452,0.5459,1567.89,0.54555,855.3623895,1567.89,855.3623895,
2022-11-28 04:15:00+00:00,0.5448,0.5457,0.5455,0.5448,339.11,0.5452,184.882772,339.11,184.882772,
2022-11-28 04:20:00+00:00,0.5446,0.5464,0.5446,0.5456,1595.02,0.5453,869.764406,1595.02,869.764406,
2022-11-28 04:25:00+00:00,0.5464,0.5481,0.5464,0.5481,431.45,0.54725,236.1110125,431.45,236.1110125,
2022-11-28 04:30:00+00:00,0.5469,0.548,0.548,0.5469,652.53,0.54745,357.2275485,652.53,357.2275485,
2022-11-28 04:35:00+00:00,0.5468,0.5476,0.5468,0.5476,201.31,0.5472,110.156832,201.31,110.156832,
2022-11-28 04:40:00+00:00,0.5465,0.5474,0.5474,0.5465,551.89,0.54695,301.8562355,551.89,301.8562355,
2022-11-28 04:45:00+00:00,0.5464,0.5476,0.5464,0.5474,627.37,0.54695,343.1400215,627.37,343.1400215,
2022-11-28 04:50:00+00:00,0.547,0.5483,0.547,0.5483,405.91,0.54765,222.2966115,405.91,222.2966115,
2022-11-28 04:55:00+00:00,0.5482,0.5497,0.5482,0.5497,9220.41,0.54895,5061.5440695,9220.41,5061.5440695,
2022-11-28 05:00:00+00:00,0.5487,0.5497,0.5488,0.5496,1127.14,0.5492,619.025288,1127.14,619.025288,
2022-11-28 05:05:00+00:00,0.5497,0.5503,0.5497,0.55,199.31,0.549925,109.60555175,199.31,109.60555175,
2022-11-28 05:10:00+00:00,0.5495,0.5509,0.5499,0.5495,4324.12,0.54995,2378.049794,4324.12,2378.049794,
2022-11-28 05:15:00+00:00,0.546,0.5497,0.5497,0.5464,3563.17,0.54795,1952.4390015,3563.17,1952.4390015,
2022-11-28 05:20:00+00:00,0.5466,0.547,0.5468,0.5466,112.75,0.54675,61.6460625,112.75,61.6460625,
2022-11-28 05:25:00+00:00,0.5467,0.5472,0.5471,0.5467,113.03,0.546925,61.81893275,113.03,61.81893275,
2022-11-28 05:30:00+00:00,0.5465,0.5481,0.5465,0.5481,385.36,0.5473,210.907528,385.36,210.907528,
2022-11-28 05:35:00+00:00,0.5471,0.5478,0.5475,0.5471,568.92,0.547375,311.412585,568.92,311.412585,
2022-11-28 05:40:00+00:00,0.5468,0.5477,0.5471,0.5469,764.56,0.547125,418.30989,764.56,418.30989,
2022-11-28 05:45:00+00:00,0.5471,0.5482,0.5482,0.5471,615.75,0.54765,337.2154875,615.75,337.2154875,
2022-11-28 05:50:00+00:00,0.5458,0.5471,0.5464,0.5467,896.8,0.5465,490.1012,896.8,490.1012,
2022-11-28 05:55:00+00:00,0.5455,0.5462,0.5462,0.5457,1089.78,0.5459,594.910902,1089.78,594.910902,
2022-11-28 06:00:00+00:00,0.5451,0.5464,0.546,0.5464,684.8,0.545975,373.88368,684.8,373.88368,
2022-11-28 06:05:00+00:00,0.5456,0.547,0.5466,0.5459,480.12,0.546275,262.277553,480.12,262.277553,
2022-11-28 06:10:00+00:00,0.5447,0.5451,0.5447,0.5451,10.59,0.5449,5.770491,10.59,5.770491,
2022-11-28 06:15:00+00:00,0.5456,0.5462,0.5461,0.5456,194.75,0.545875,106.30915625,194.75,106.30915625,
2022-11-28 06:20:00+00:00,0.546,0.5465,0.546,0.5465,252.44,0.54625,137.89535,252.44,137.89535,
2022-11-28 06:25:00+00:00,0.5466,0.5469,0.5467,0.5467,2044.52,0.546725,1117.790197,2044.52,1117.790197,
2022-11-28 06:30:00+00:00,0.5476,0.5485,0.5476,0.5485,54.16,0.54805,29.682388,54.16,29.682388,
2022-11-28 06:35:00+00:00,0.5478,0.5484,0.5481,0.5479,18.57,0.54805,10.1772885,18.57,10.1772885,
2022-11-28 06:40:00+00:00,0.5482,0.5494,0.5482,0.5494,920.51,0.5488,505.175888,920.51,505.175888,
2022-11-28 06:45:00+00:00,0.5497,0.5506,0.5497,0.5503,441.98,0.550075,243.1221485,441.98,243.1221485,
2022-11-28 06:50:00+00:00,0.5496,0.5503,0.5503,0.5502,49.67,0.5501,27.323467,49.67,27.323467,
2022-11-28 06:55:00+00:00,0.5499,0.5509,0.5499,0.5509,35.87,0.5504,19.742848,35.87,19.742848,
2022-11-28 07:00:00+00:00,0.5499,0.5507,0.5507,0.5499,445.31,0.5503,245.054093,445.31,245.054093,
2022-11-28 07:05:00+00:00,0.5492,0.5503,0.5503,0.5492,807.12,0.54975,443.71422,807.12,443.71422,
2022-11-28 07:10:00+00:00,0.549,0.5498,0.5491,0.5491,1248.18,0.54925,685.562865,1248.18,685.562865,
2022-11-28 07:15:00+00:00,0.55,0.5501,0.5501,0.55,18.72,0.55005,10.296936,18.72,10.296936,
2022-11-28 07:20:00+00:00,0.5489,0.5497,0.5497,0.5496,104.91,0.549475,57.64542225,104.91,57.64542225,
2022-11-28 07:25:00+00:00,0.5481,0.549,0.549,0.5489,1699.34,0.54875,932.512825,1699.34,932.512825,
2022-11-28 07:30:00+00:00,0.5488,0.5498,0.5489,0.5498,1819.21,0.549325,999.33753325,1819.21,999.33753325,
2022-11-28 07:35:00+00:00,0.5487,0.55,0.55,0.5487,40.55,0.54935,22.2761425,40.55,22.2761425,
2022-11-28 07:40:00+00:00,0.549,0.5492,0.5492,0.549,590.63,0.5491,324.314933,590.63,324.314933,
2022-11-28 07:45:00+00:00,0.5487,0.5493,0.5491,0.5493,619.12,0.5491,339.958792,619.12,339.958792,
2022-11-28 07:50:00+00:00,0.5497,0.5505,0.5497,0.5502,15.58,0.550025,8.5693895,15.58,8.5693895,
2022-11-28 07:55:00+00:00,0.5497,0.5505,0.5497,0.5502,15.58,0.550025,8.5693895,15.58,8.5693895,
2022-11-28 08:00:00+00:00,0.5492,0.551,0.551,0.5495,731.0,0.550175,402.177925,731.0,402.177925,
2022-11-28 08:05:00+00:00,0.5484,0.549,0.5489,0.5488,249.84,0.548775,137.105946,249.84,137.105946,
2022-11-28 08:10:00+00:00,0.5488,0.5491,0.5488,0.5491,454.82,0.54895,249.673439,454.82,249.673439,
2022-11-28 08:15:00+00:00,0.5483,0.549,0.549,0.5485,967.34,0.5487,530.779458,967.34,530.779458,
2022-11-28 08:20:00+00:00,0.5482,0.5496,0.5482,0.5496,546.93,0.5489,300.209877,546.93,300.209877,
2022-11-28 08:25:00+00:00,0.5491,0.5498,0.5498,0.5494,28.09,0.549525,15.43615725,28.09,15.43615725,
2022-11-28 08:30:00+00:00,0.55,0.5511,0.5506,0.5503,1230.0,0.5505,677.115,1230.0,677.115,
2022-11-28 08:35:00+00:00,0.5506,0.5513,0.5506,0.5513,21.57,0.55095,11.8839915,21.57,11.8839915,
2022-11-28 08:40:00+00:00,0.5506,0.5513,0.5506,0.5513,21.57,0.55095,11.8839915,21.57,11.8839915,
2022-11-28 08:45:00+00:00,0.5507,0.551,0.551,0.5509,125.62,0.5509,69.204058,125.62,69.204058,
2022-11-28 08:50:00+00:00,0.55,0.5509,0.5508,0.5509,930.57,0.55065,512.4183705,930.57,512.4183705,
2022-11-28 08:55:00+00:00,0.5505,0.5511,0.5505,0.5511,21.06,0.5508,11.599848,21.06,11.599848,
2022-11-28 09:00:00+00:00,0.5514,0.5528,0.5514,0.552,607.18,0.5519,335.102642,607.18,335.102642,
2022-11-28 09:05:00+00:00,0.5507,0.5519,0.5519,0.551,2164.19,0.551375,1193.28026125,2164.19,1193.28026125,
2022-11-28 09:10:00+00:00,0.5493,0.5509,0.5509,0.5493,182.78,0.5501,100.547278,182.78,100.547278,
2022-11-28 09:15:00+00:00,0.5487,0.5494,0.5494,0.5487,12.56,0.54905,6.896068,12.56,6.896068,
2022-11-28 09:20:00+00:00,0.5481,0.5497,0.5486,0.5481,59.87,0.548625,32.84617875,59.87,32.84617875,
2022-11-28 09:25:00+00:00,0.548,0.5492,0.548,0.5489,143.6,0.548525,78.76819,143.6,78.76819,
2022-11-28 09:30:00+00:00,0.5481,0.5492,0.5492,0.5483,248.32,0.5487,136.253184,248.32,136.253184,
2022-11-28 09:35:00+00:00,0.5472,0.5486,0.5472,0.5485,784.56,0.547875,429.84081,784.56,429.84081,
2022-11-28 09:40:00+00:00,0.5472,0.5486,0.5472,0.5485,784.56,0.547875,429.84081,784.56,429.84081,
2022-11-28 09:45:00+00:00,0.548,0.5489,0.5488,0.548,297.93,0.548425,163.39226025,297.93,163.39226025,
2022-11-28 09:50:00+00:00,0.5476,0.5484,0.5481,0.5483,965.78,0.5481,529.344018,965.78,529.344018,
2022-11-28 09:55:00+00:00,0.5458,0.5499,0.5493,0.5458,10939.76,0.5477,5991.706552,10939.76,5991.706552,
2022-11-28 10:00:00+00:00,0.5456,0.5464,0.5456,0.5458,1600.84,0.54585,873.818514,1600.84,873.818514,
2022-11-28 10:05:00+00:00,0.5465,0.5477,0.5465,0.547,7782.2,0.546925,4256.279735,7782.2,4256.279735,
2022-11-28 10:10:00+00:00,0.5462,0.5473,0.5472,0.547,9167.36,0.546925,5013.858368,9167.36,5013.858368,
2022-11-28 10:15:00+00:00,0.5466,0.5472,0.5466,0.5472,8.17,0.5469,4.468173,8.17,4.468173,
2022-11-28 10:20:00+00:00,0.5466,0.5472,0.5466,0.5472,8.17,0.5469,4.468173,8.17,4.468173,
2022-11-28 10:25:00+00:00,0.545,0.5474,0.5474,0.545,215.07,0.5462,117.471234,215.07,117.471234,
2022-11-28 10:30:00+00:00,0.545,0.5474,0.5474,0.545,215.07,0.5462,117.471234,215.07,117.471234,
2022-11-28 10:35:00+00:00,0.5454,0.5461,0.5458,0.5454,830.75,0.545675,453.31950625,830.75,453.31950625,
2022-11-28 10:40:00+00:00,0.5456,0.546,0.5456,0.5456,32.26,0.5457,17.604282,32.26,17.604282,
2022-11-28 10:45:00+00:00,0.5458,0.5464,0.546,0.5464,20.03,0.54615,10.9393845,20.03,10.9393845,
2022-11-28 10:50:00+00:00,0.5455,0.5462,0.546,0.5455,234.37,0.5458,127.919146,234.37,127.919146,
2022-11-28 10:55:00+00:00,0.5441,0.5456,0.5452,0.5453,498.03,0.54505,271.4512515,498.03,271.4512515,
2022-11-28 11:00:00+00:00,0.5452,0.5468,0.5452,0.5468,479.54,0.546,261.82884,479.54,261.82884,
2022-11-28 11:05:00+00:00,0.547,0.5477,0.547,0.5473,500.51,0.54725,273.9040975,500.51,273.9040975,
2022-11-28 11:10:00+00:00,0.5473,0.5479,0.5473,0.5477,219.64,0.54755,120.263882,219.64,120.263882,
2022-11-28 11:15:00+00:00,0.548,0.5483,0.548,0.5483,101.18,0.54815,55.461817,101.18,55.461817,
2022-11-28 11:20:00+00:00,0.5481,0.5484,0.5482,0.5483,214.7,0.54825,117.709275,214.7,117.709275,
2022-11-28 11:25:00+00:00,0.5471,0.5478,0.5478,0.5472,36.4,0.547475,19.92809,36.4,19.92809,
2022-11-28 11:30:00+00:00,0.5471,0.5472,0.5472,0.5471,232.25,0.54715,127.0755875,232.25,127.0755875,
2022-11-28 11:35:00+00:00,0.5465,0.547,0.547,0.5465,10.57,0.54675,5.7791475,10.57,5.7791475,
2022-11-28 11:40:00+00:00,0.5467,0.5475,0.5468,0.5475,142.85,0.547125,78.15680625,142.85,78.15680625,
2022-11-28 11:45:00+00:00,0.5473,0.5476,0.5476,0.5473,351.08,0.54745,192.198746,351.08,192.198746,
2022-11-28 11:50:00+00:00,0.5473,0.5479,0.5476,0.5473,177.27,0.547525,97.05975675,177.27,97.05975675,
2022-11-28 11:55:00+00:00,0.5476,0.5479,0.5478,0.5477,509.9,0.54775,279.297725,509.9,279.297725,
2022-11-28 12:00:00+00:00,0.5467,0.5479,0.5476,0.5468,1390.03,0.54725,760.6939175,1390.03,760.6939175,
2022-11-28 12:05:00+00:00,0.5467,0.5479,0.5476,0.5468,1390.03,0.54725,760.6939175,1390.03,760.6939175,
2022-11-28 12:10:00+00:00,0.5465,0.5482,0.5465,0.5482,1411.95,0.54735,772.8308325,1411.95,772.8308325,
2022-11-28 12:15:00+00:00,0.5463,0.5479,0.5477,0.547,1228.35,0.547225,672.18382875,1228.35,672.18382875,
2022-11-28 12:20:00+00:00,0.5471,0.5482,0.5472,0.5482,315.46,0.547675,172.7695555,315.46,172.7695555,
2022-11-28 12:25:00+00:00,0.5481,0.5483,0.5481,0.5483,114.2,0.5482,62.60444,114.2,62.60444,
2022-11-28 12:30:00+00:00,0.5472,0.5481,0.548,0.5472,1774.48,0.547625,971.74961,1774.48,971.74961,
2022-11-28 12:35:00+00:00,0.5449,0.547,0.547,0.5449,1705.93,0.54595,931.3524835,1705.93,931.3524835,
2022-11-28 12:40:00+00:00,0.5433,0.5451,0.5436,0.5451,1462.29,0.544275,795.88788975,1462.29,795.88788975,
2022-11-28 12:45:00+00:00,0.5443,0.5456,0.5453,0.5456,474.09,0.5452,258.473868,474.09,258.473868,
2022-11-28 12:50:00+00:00,0.5441,0.5463,0.5463,0.5452,2184.88,0.545475,1191.797418,2184.88,1191.797418,
2022-11-28 12:55:00+00:00,0.5449,0.5454,0.5454,0.5451,39.23,0.5452,21.388196,39.23,21.388196,
2022-11-28 13:00:00+00:00,0.5449,0.5454,0.5454,0.545,585.34,0.545175,319.1127345,585.34,319.1127345,
2022-11-28 13:05:00+00:00,0.5442,0.5455,0.5449,0.5455,548.02,0.545025,298.6846005,548.02,298.6846005,
2022-11-28 13:10:00+00:00,0.5446,0.5459,0.5455,0.5446,2735.98,0.54515,1491.519497,2735.98,1491.519497,
2022-11-28 13:15:00+00:00,0.544,0.5451,0.5446,0.544,443.0,0.544425,241.180275,443.0,241.180275,
2022-11-28 13:20:00+00:00,0.5439,0.5457,0.544,0.5457,421.26,0.544825,229.5129795,421.26,229.5129795,
2022-11-28 13:25:00+00:00,0.5455,0.5465,0.5455,0.5465,291.69,0.546,159.26274,291.69,159.26274,
2022-11-28 13:30:00+00:00,0.5466,0.5469,0.5466,0.5467,435.16,0.5467,237.901972,435.16,237.901972,
2022-11-28 13:35:00+00:00,0.5466,0.5469,0.5466,0.5467,435.16,0.5467,237.901972,435.16,237.901972,
2022-11-28 13:40:00+00:00,0.546,0.5469,0.5467,0.5468,481.45,0.5466,263.16057,481.45,263.16057,
2022-11-28 13:45:00+00:00,0.5461,0.5465,0.5463,0.5462,47.31,0.546275,25.84427025,47.31,25.84427025,
2022-11-28 13:50:00+00:00,0.5464,0.547,0.5465,0.5466,48.9,0.546625,26.7299625,48.9,26.7299625,
2022-11-28 13:55:00+00:00,0.5455,0.5465,0.5463,0.5465,143.51,0.5462,78.385162,143.51,78.385162,
2022-11-28 14:00:00+00:00,0.545,0.5464,0.5464,0.545,11.26,0.5457,6.144582,11.26,6.144582,
2022-11-28 14:05:00+00:00,0.5445,0.5457,0.5446,0.5451,248.14,0.544975,135.2300965,248.14,135.2300965,
2022-11-28 14:10:00+00:00,0.5449,0.5461,0.5451,0.5449,186.84,0.54525,101.87451,186.84,101.87451,
2022-11-28 14:15:00+00:00,0.5449,0.5452,0.5449,0.5452,167.5,0.54505,91.295875,167.5,91.295875,
2022-11-28 14:20:00+00:00,0.5454,0.5455,0.5454,0.5455,552.24,0.54545,301.219308,552.24,301.219308,
2022-11-28 14:25:00+00:00,0.546,0.547,0.546,0.547,363.26,0.5465,198.52159,363.26,198.52159,
2022-11-28 14:30:00+00:00,0.5471,0.5511,0.5471,0.5511,2425.33,0.5491,1331.748703,2425.33,1331.748703,
2022-11-28 14:35:00+00:00,0.5505,0.5513,0.5511,0.551,440.54,0.550975,242.7265265,440.54,242.7265265,
2022-11-28 14:40:00+00:00,0.5494,0.5507,0.5507,0.5497,1590.28,0.550125,874.852785,1590.28,874.852785,
2022-11-28 14:45:00+00:00,0.5485,0.552,0.5496,0.5485,1393.35,0.54965,765.8548275,1393.35,765.8548275,
2022-11-28 14:50:00+00:00,0.5485,0.5499,0.5489,0.5499,218.14,0.5493,119.824302,218.14,119.824302,
2022-11-28 14:55:00+00:00,0.5472,0.5496,0.5496,0.5486,737.52,0.54875,404.7141,737.52,404.7141,
2022-11-28 15:00:00+00:00,0.5475,0.5496,0.5496,0.5478,214.25,0.548625,117.54290625,214.25,117.54290625,
2022-11-28 15:05:00+00:00,0.5431,0.5481,0.5481,0.5455,1164.6,0.5462,636.10452,1164.6,636.10452,
2022-11-28 15:10:00+00:00,0.5439,0.546,0.546,0.5446,324.48,0.545125,176.88216,324.48,176.88216,
2022-11-28 15:15:00+00:00,0.5433,0.5457,0.5447,0.544,927.14,0.544425,504.7581945,927.14,504.7581945,
2022-11-28 15:20:00+00:00,0.5414,0.5447,0.5444,0.5422,4221.86,0.543175,2293.2088055,4221.86,2293.2088055,
2022-11-28 15:25:00+00:00,0.5415,0.5424,0.5422,0.5418,1549.84,0.541975,839.974534,1549.84,839.974534,
2022-11-28 15:30:00+00:00,0.5407,0.543,0.5419,0.5416,7592.03,0.5418,4113.361854,7592.03,4113.361854,
2022-11-28 15:35:00+00:00,0.542,0.5445,0.542,0.5445,551.2,0.54325,299.4394,551.2,299.4394,
2022-11-28 15:40:00+00:00,0.5435,0.545,0.545,0.5436,1472.05,0.544275,801.20001375,1472.05,801.20001375,
2022-11-28 15:45:00+00:00,0.5431,0.5454,0.5454,0.5431,196.3,0.54425,106.836275,196.3,106.836275,
2022-11-28 15:50:00+00:00,0.5429,0.5438,0.5434,0.5438,454.43,0.543475,246.97134425,454.43,246.97134425,
2022-11-28 15:55:00+00:00,0.5434,0.5451,0.5441,0.5439,28455.02,0.544125,15483.0877575,28455.02,15483.0877575,
2022-11-28 16:00:00+00:00,0.5401,0.5436,0.5436,0.5401,4051.24,0.54185,2195.164394,4051.24,2195.164394,
2022-11-28 16:05:00+00:00,0.5407,0.5413,0.5411,0.5411,409.09,0.54105,221.3381445,409.09,221.3381445,
2022-11-28 16:10:00+00:00,0.541,0.5416,0.5413,0.541,2043.31,0.541225,1105.89045475,2043.31,1105.89045475,
2022-11-28 16:15:00+00:00,0.5393,0.5407,0.5403,0.5393,26659.36,0.5399,14393.388464,26659.36,14393.388464,
2022-11-28 16:20:00+00:00,0.5383,0.5447,0.539,0.5447,988.72,0.541675,535.564906,988.72,535.564906,
2022-11-28 16:25:00+00:00,0.5445,0.5452,0.5452,0.545,427.12,0.544975,232.769722,427.12,232.769722,
2022-11-28 16:30:00+00:00,0.5456,0.548,0.5463,0.5471,2372.97,0.54675,1297.4213475,2372.97,1297.4213475,
2022-11-28 16:35:00+00:00,0.5455,0.5468,0.5467,0.5468,812.97,0.54645,444.2474565,812.97,444.2474565,
2022-11-28 16:40:00+00:00,0.5472,0.5486,0.5472,0.5486,120.78,0.5479,66.175362,120.78,66.175362,
2022-11-28 16:45:00+00:00,0.5473,0.5504,0.5489,0.5473,1924.85,0.548475,1055.73210375,1924.85,1055.73210375,
2022-11-28 16:50:00+00:00,0.5474,0.5498,0.5474,0.5489,529.48,0.548375,290.353595,529.48,290.353595,
2022-11-28 16:55:00+00:00,0.5492,0.5542,0.5492,0.5524,3704.98,0.55125,2042.370225,3704.98,2042.370225,
2022-11-28 17:00:00+00:00,0.5525,0.5535,0.5535,0.5534,527.97,0.553225,292.08620325,527.97,292.08620325,
2022-11-28 17:05:00+00:00,0.55,0.5545,0.5539,0.5502,370.53,0.55215,204.5881395,370.53,204.5881395,
2022-11-28 17:10:00+00:00,0.5484,0.552,0.5504,0.5495,27619.76,0.550075,15192.939482,27619.76,15192.939482,
2022-11-28 17:15:00+00:00,0.5481,0.5523,0.5495,0.5523,11217.17,0.55055,6175.6129435,11217.17,6175.6129435,
2022-11-28 17:20:00+00:00,0.5505,0.5518,0.5511,0.5518,875.38,0.5513,482.596994,875.38,482.596994,
2022-11-28 17:25:00+00:00,0.5505,0.5517,0.5517,0.5505,251.05,0.5511,138.353655,251.05,138.353655,
2022-11-28 17:30:00+00:00,0.5507,0.5512,0.5507,0.5509,1008.17,0.550875,555.37564875,1008.17,555.37564875,
2022-11-28 17:35:00+00:00,0.5517,0.5527,0.5517,0.5527,1301.26,0.5522,718.555772,1301.26,718.555772,
2022-11-28 17:40:00+00:00,0.5519,0.5533,0.5521,0.5519,197.94,0.5523,109.322262,197.94,109.322262,
2022-11-28 17:45:00+00:00,0.55,0.5521,0.5521,0.5504,1564.03,0.55115,862.0151345,1564.03,862.0151345,
2022-11-28 17:50:00+00:00,0.55,0.5502,0.5501,0.55,11165.79,0.550075,6142.02193425,11165.79,6142.02193425,
2022-11-28 17:55:00+00:00,0.55,0.5501,0.5501,0.55,5496.48,0.55005,3023.338824,5496.48,3023.338824,
2022-11-28 18:00:00+00:00,0.55,0.5514,0.5501,0.5507,1355.64,0.55055,746.347602,1355.64,746.347602,
2022-11-28 18:05:00+00:00,0.5493,0.5504,0.5504,0.5493,10420.22,0.54985,5729.557967,10420.22,5729.557967,
2022-11-28 18:10:00+00:00,0.5495,0.5503,0.5495,0.5502,875.47,0.549875,481.39906625,875.47,481.39906625,
2022-11-28 18:15:00+00:00,0.5497,0.5506,0.5497,0.5504,1728.68,0.5501,950.946868,1728.68,950.946868,
2022-11-28 18:20:00+00:00,0.5499,0.5506,0.5502,0.5506,314.12,0.550325,172.868089,314.12,172.868089,
2022-11-28 18:25:00+00:00,0.5502,0.5507,0.5506,0.5503,1930.51,0.55045,1062.6492295,1930.51,1062.6492295,
2022-11-28 18:30:00+00:00,0.5503,0.5509,0.5509,0.5503,312.53,0.5506,172.079018,312.53,172.079018,
2022-11-28 18:35:00+00:00,0.55,0.5509,0.5501,0.5509,3353.43,0.550475,1845.97937925,3353.43,1845.97937925,
2022-11-28 18:40:00+00:00,0.55,0.5508,0.5508,0.55,259.3,0.5504,142.71872,259.3,142.71872,
2022-11-28 18:45:00+00:00,0.55,0.5507,0.55,0.5503,10470.12,0.55025,5761.18353,10470.12,5761.18353,
2022-11-28 18:50:00+00:00,0.5501,0.5507,0.5507,0.5506,41.21,0.550525,22.68713525,41.21,22.68713525,
2022-11-28 18:55:00+00:00,0.5499,0.5506,0.5506,0.5499,12613.64,0.55025,6940.65541,12613.64,6940.65541,
2022-11-28 19:00:00+00:00,0.5485,0.5497,0.5497,0.5493,919.25,0.5493,504.944025,919.25,504.944025,
2022-11-28 19:05:00+00:00,0.549,0.5492,0.5492,0.5492,33.02,0.54915,18.132933,33.02,18.132933,
2022-11-28 19:10:00+00:00,0.548,0.5488,0.5488,0.5487,1450.67,0.548575,795.80129525,1450.67,795.80129525,
2022-11-28 19:15:00+00:00,0.5478,0.5487,0.5481,0.548,84.16,0.54815,46.132304,84.16,46.132304,
2022-11-28 19:20:00+00:00,0.5481,0.5497,0.5483,0.5495,258.72,0.5489,142.011408,258.72,142.011408,
2022-11-28 19:25:00+00:00,0.5488,0.5503,0.5493,0.5488,1088.32,0.5493,597.814176,1088.32,597.814176,
2022-11-28 19:30:00+00:00,0.5492,0.55,0.5492,0.5499,1224.45,0.549575,672.92710875,1224.45,672.92710875,
2022-11-28 19:35:00+00:00,0.5498,0.5506,0.5503,0.5505,270.81,0.5503,149.026743,270.81,149.026743,
2022-11-28 19:40:00+00:00,0.5503,0.5518,0.5506,0.5518,114.28,0.551125,62.982565,114.28,62.982565,
2022-11-28 19:45:00+00:00,0.5502,0.5519,0.5519,0.5506,3426.67,0.55115,1888.6091705,3426.67,1888.6091705,
2022-11-28 19:50:00+00:00,0.5502,0.5512,0.5509,0.5502,190.31,0.550625,104.78944375,190.31,104.78944375,
2022-11-28 19:55:00+00:00,0.5499,0.5508,0.5507,0.55,178.77,0.55035,98.3860695,178.77,98.3860695,
2022-11-28 20:00:00+00:00,0.55,0.5503,0.5502,0.5501,4290.43,0.55015,2360.3800645,4290.43,2360.3800645,
2022-11-28 20:05:00+00:00,0.5498,0.5507,0.55,0.5502,24077.47,0.550175,13246.82205725,24077.47,13246.82205725,
2022-11-28 20:10:00+00:00,0.55,0.5509,0.5502,0.5502,4796.71,0.550325,2639.74943075,4796.71,2639.74943075,
2022-11-28 20:15:00+00:00,0.5499,0.5514,0.5503,0.5514,616.47,0.55075,339.5208525,616.47,339.5208525,
2022-11-28 20:20:00+00:00,0.5501,0.5519,0.5519,0.5505,197.96,0.5511,109.095756,197.96,109.095756,
2022-11-28 20:25:00+00:00,0.5502,0.5512,0.5509,0.5509,1378.49,0.5508,759.272292,1378.49,759.272292,
2022-11-28 20:30:00+00:00,0.55,0.5511,0.5505,0.551,1750.15,0.55065,963.7200975,1750.15,963.7200975,
2022-11-28 20:35:00+00:00,0.55,0.5509,0.5509,0.55,2220.49,0.55045,1222.2687205,2220.49,1222.2687205,
2022-11-28 20:40:00+00:00,0.5506,0.5514,0.5506,0.5513,97.35,0.550975,53.63741625,97.35,53.63741625,
2022-11-28 20:45:00+00:00,0.5509,0.5519,0.5511,0.5518,400.16,0.551425,220.658228,400.16,220.658228,
2022-11-28 20:50:00+00:00,0.5515,0.5521,0.552,0.5521,858.91,0.551925,474.05390175,858.91,474.05390175,
2022-11-28 20:55:00+00:00,0.5517,0.5528,0.5518,0.5523,932.5,0.55215,514.879875,932.5,514.879875,
2022-11-28 21:00:00+00:00,0.5514,0.5521,0.552,0.5516,15.58,0.551775,8.5966545,15.58,8.5966545,
2022-11-28 21:05:00+00:00,0.5505,0.5511,0.5511,0.5505,3211.48,0.5508,1768.883184,3211.48,1768.883184,
2022-11-28 21:10:00+00:00,0.5502,0.5508,0.5504,0.5503,411.08,0.550425,226.268709,411.08,226.268709,
2022-11-28 21:15:00+00:00,0.5502,0.551,0.5502,0.5508,1433.94,0.55055,789.455667,1433.94,789.455667,
2022-11-28 21:20:00+00:00,0.5508,0.5514,0.5508,0.5514,59.98,0.5511,33.054978,59.98,33.054978,
2022-11-28 21:25:00+00:00,0.5507,0.5514,0.5513,0.5507,3722.0,0.551025,2050.91505,3722.0,2050.91505,
2022-11-28 21:30:00+00:00,0.5515,0.5522,0.5522,0.5515,28.7,0.55185,15.838095,28.7,15.838095,
2022-11-28 21:35:00+00:00,0.5509,0.5519,0.5516,0.5512,5614.08,0.5514,3095.603712,5614.08,3095.603712,
2022-11-28 21:40:00+00:00,0.5512,0.5515,0.5512,0.5512,9873.32,0.551275,5442.914483,9873.32,5442.914483,
2022-11-28 21:45:00+00:00,0.5512,0.5528,0.5512,0.5524,1118.6,0.5519,617.35534,1118.6,617.35534,
2022-11-28 21:50:00+00:00,0.5515,0.5527,0.5522,0.5526,4053.27,0.55225,2238.4183575,4053.27,2238.4183575,
2022-11-28 21:55:00+00:00,0.5528,0.5533,0.5529,0.5533,809.25,0.553075,447.57594375,809.25,447.57594375,
2022-11-28 22:00:00+00:00,0.5524,0.5537,0.5537,0.5532,468.77,0.55325,259.3470025,468.77,259.3470025,
2022-11-28 22:05:00+00:00,0.5522,0.553,0.553,0.5522,765.16,0.5526,422.827416,765.16,422.827416,
2022-11-28 22:10:00+00:00,0.5517,0.5525,0.5521,0.5522,3068.64,0.552125,1694.27286,3068.64,1694.27286,
2022-11-28 22:15:00+00:00,0.5515,0.5518,0.5515,0.5516,355.31,0.5516,195.988996,355.31,195.988996,
2022-11-28 22:20:00+00:00,0.5512,0.5518,0.5518,0.5513,808.81,0.551525,446.07893525,808.81,446.07893525,
2022-11-28 22:25:00+00:00,0.5512,0.5517,0.5514,0.5515,64.37,0.55145,35.4968365,64.37,35.4968365,
2022-11-28 22:30:00+00:00,0.5517,0.5528,0.5517,0.5528,973.58,0.55225,537.659555,973.58,537.659555,
2022-11-28 22:35:00+00:00,0.5528,0.5533,0.553,0.5528,22.78,0.552975,12.5967705,22.78,12.5967705,
2022-11-28 22:40:00+00:00,0.5521,0.5532,0.5532,0.5521,2647.51,0.55265,1463.1464015,2647.51,1463.1464015,
2022-11-28 22:45:00+00:00,0.5529,0.5536,0.5529,0.5536,134.19,0.55325,74.2406175,134.19,74.2406175,
2022-11-28 22:50:00+00:00,0.5532,0.5542,0.5532,0.5542,2301.37,0.5537,1274.268569,2301.37,1274.268569,
2022-11-28 22:55:00+00:00,0.5534,0.5541,0.5534,0.5536,731.6,0.553625,405.03205,731.6,405.03205,
2022-11-28 23:00:00+00:00,0.5515,0.5533,0.553,0.5518,585.58,0.5524,323.474392,585.58,323.474392,
2022-11-28 23:05:00+00:00,0.5517,0.5518,0.5517,0.5517,35834.34,0.551725,19770.7012365,35834.34,19770.7012365,
2022-11-28 23:10:00+00:00,0.5517,0.5526,0.5518,0.5523,13775.27,0.5521,7605.326567,13775.27,7605.326567,
2022-11-28 23:15:00+00:00,0.5523,0.553,0.5523,0.553,41.83,0.55265,23.1173495,41.83,23.1173495,
2022-11-28 23:20:00+00:00,0.5534,0.5546,0.5534,0.5544,3807.94,0.55395,2109.408363,3807.94,2109.408363,
2022-11-28 23:25:00+00:00,0.5544,0.5545,0.5544,0.5545,130.33,0.55445,72.2614685,130.33,72.2614685,
2022-11-28 23:30:00+00:00,0.5534,0.5549,0.5548,0.5539,755.61,0.55425,418.7968425,755.61,418.7968425,
2022-11-28 23:35:00+00:00,0.5536,0.5539,0.5539,0.5536,275.81,0.55375,152.7297875,275.81,152.7297875,
2022-11-28 23:40:00+00:00,0.5531,0.5542,0.5541,0.554,559.27,0.55385,309.7516895,559.27,309.7516895,
2022-11-28 23:45:00+00:00,0.5534,0.5542,0.5536,0.5535,7160.87,0.553675,3964.79469725,7160.87,3964.79469725,
2022-11-28 23:50:00+00:00,0.5529,0.5543,0.5538,0.5529,4972.86,0.553475,2752.3536885,4972.86,2752.3536885,
2022-11-28 23:55:00+00:00,0.553,0.5535,0.5535,0.553,36.45,0.55325,20.1659625,36.45,20.1659625,
2022-11-29 00:00:00+00:00,0.55,0.5534,0.5528,0.55,7733.41,0.55155,4265.3622855,7733.41,4265.3622855,
2022-11-29 00:05:00+00:00,0.5501,0.5526,0.5501,0.5507,1431.05,0.550875,788.32966875,1431.05,788.32966875,
2022-11-29 00:10:00+00:00,0.547,0.55,0.55,0.5485,22048.22,0.548875,12101.7167525,22048.22,12101.7167525,
2022-11-29 00:15:00+00:00,0.5485,0.5512,0.5485,0.5492,71445.23,0.54935,39248.4371005,71445.23,39248.4371005,
2022-11-29 00:20:00+00:00,0.5491,0.5516,0.5497,0.5508,5292.76,0.5503,2912.605828,5292.76,2912.605828,
2022-11-29 00:25:00+00:00,0.5497,0.5508,0.5508,0.5504,1327.77,0.550425,730.83780225,1327.77,730.83780225,
2022-11-29 00:30:00+00:00,0.5497,0.5513,0.5497,0.5503,867.19,0.55025,477.1712975,867.19,477.1712975,
2022-11-29 00:35:00+00:00,0.5505,0.5517,0.5509,0.5517,543.56,0.5512,299.610272,543.56,299.610272,
2022-11-29 00:40:00+00:00,0.5505,0.5513,0.5513,0.5508,316.66,0.550975,174.4717435,316.66,174.4717435,
2022-11-29 00:45:00+00:00,0.5498,0.551,0.5508,0.5498,374.21,0.55035,205.9464735,374.21,205.9464735,
2022-11-29 00:50:00+00:00,0.5489,0.5498,0.5498,0.5494,132.56,0.549475,72.838406,132.56,72.838406,
2022-11-29 00:55:00+00:00,0.5491,0.5508,0.5497,0.5508,22.69,0.5501,12.481769,22.69,12.481769,
2022-11-29 01:00:00+00:00,0.55,0.5507,0.5507,0.55,446.53,0.55035,245.7477855,446.53,245.7477855,
2022-11-29 01:05:00+00:00,0.5493,0.5507,0.5493,0.5507,134.83,0.55,74.1565,134.83,74.1565,
2022-11-29 01:10:00+00:00,0.5498,0.5505,0.5505,0.5498,36.98,0.55015,20.344547,36.98,20.344547,
2022-11-29 01:15:00+00:00,0.5491,0.5501,0.5501,0.5491,277.49,0.5496,152.508504,277.49,152.508504,
2022-11-29 01:20:00+00:00,0.5492,0.5497,0.5492,0.5497,319.28,0.54945,175.428396,319.28,175.428396,
2022-11-29 01:25:00+00:00,0.5496,0.55,0.5499,0.5499,523.23,0.54985,287.6980155,523.23,287.6980155,
2022-11-29 01:30:00+00:00,0.5501,0.5502,0.5501,0.5501,283.93,0.550125,156.19699125,283.93,156.19699125,
2022-11-29 01:35:00+00:00,0.5504,0.5538,0.5504,0.5538,2575.12,0.5521,1421.723752,2575.12,1421.723752,
2022-11-29 01:40:00+00:00,0.5533,0.5558,0.5536,0.5558,886.05,0.554625,491.42548125,886.05,491.42548125,
2022-11-29 01:45:00+00:00,0.5533,0.5558,0.5536,0.5558,886.05,0.554625,491.42548125,886.05,491.42548125,
2022-11-29 01:50:00+00:00,0.5547,0.5555,0.5547,0.5555,1672.69,0.5551,928.510219,1672.69,928.510219,
2022-11-29 01:55:00+00:00,0.554,0.5547,0.5547,0.5546,564.69,0.5545,313.120605,564.69,313.120605,
2022-11-29 02:00:00+00:00,0.5544,0.5558,0.5544,0.5553,75.64,0.554975,41.978309,75.64,41.978309,
2022-11-29 02:05:00+00:00,0.5554,0.5569,0.5554,0.5562,341.8,0.555975,190.032255,341.8,190.032255,
2022-11-29 02:10:00+00:00,0.556,0.5567,0.5565,0.556,2453.3,0.5563,1364.77079,2453.3,1364.77079,
2022-11-29 02:15:00+00:00,0.5564,0.5582,0.5564,0.5582,1127.53,0.5573,628.372469,1127.53,628.372469,
2022-11-29 02:20:00+00:00,0.5567,0.5584,0.5574,0.5584,549.72,0.557725,306.592587,549.72,306.592587,
2022-11-29 02:25:00+00:00,0.557,0.5602,0.5598,0.557,838.4,0.5585,468.2464,838.4,468.2464,
2022-11-29 02:30:00+00:00,0.556,0.557,0.5564,0.5562,532.31,0.5564,296.177284,532.31,296.177284,
2022-11-29 02:35:00+00:00,0.5556,0.5568,0.556,0.5567,554.52,0.556275,308.465613,554.52,308.465613,
2022-11-29 02:40:00+00:00,0.5557,0.557,0.5565,0.557,1639.43,0.55655,912.4247665,1639.43,912.4247665,
2022-11-29 02:45:00+00:00,0.5558,0.557,0.557,0.5561,1203.47,0.556475,669.70096825,1203.47,669.70096825,
2022-11-29 02:50:00+00:00,0.5549,0.5563,0.5563,0.5549,2195.01,0.5556,1219.547556,2195.01,1219.547556,
2022-11-29 02:55:00+00:00,0.5553,0.5557,0.5557,0.5554,642.06,0.555525,356.6803815,642.06,356.6803815,
2022-11-29 03:00:00+00:00,0.5552,0.556,0.5553,0.556,2513.17,0.555625,1396.38008125,2513.17,1396.38008125,
2022-11-29 03:05:00+00:00,0.556,0.5566,0.5562,0.5561,379.69,0.556225,211.19307025,379.69,211.19307025,
2022-11-29 03:10:00+00:00,0.5557,0.5561,0.556,0.556,566.82,0.55595,315.123579,566.82,315.123579,
2022-11-29 03:15:00+00:00,0.556,0.5566,0.5566,0.5563,244.55,0.556375,136.06150625,244.55,136.06150625,
2022-11-29 03:20:00+00:00,0.5562,0.5567,0.5564,0.5564,1147.43,0.556425,638.45873775,1147.43,638.45873775,
2022-11-29 03:25:00+00:00,0.556,0.557,0.5561,0.5562,371.9,0.556325,206.8972675,371.9,206.8972675,
2022-11-29 03:30:00+00:00,0.5555,0.5558,0.5557,0.5555,239.58,0.555625,133.1166375,239.58,133.1166375,
2022-11-29 03:35:00+00:00,0.5551,0.5555,0.5553,0.5555,1181.71,0.55535,656.2626485,1181.71,656.2626485,
2022-11-29 03:40:00+00:00,0.5546,0.5555,0.5553,0.5553,4753.83,0.555175,2639.20757025,4753.83,2639.20757025,
2022-11-29 03:45:00+00:00,0.5557,0.556,0.556,0.5557,149.84,0.55585,83.288564,149.84,83.288564,
2022-11-29 03:50:00+00:00,0.5549,0.5555,0.5555,0.5549,455.06,0.5552,252.649312,455.06,252.649312,
2022-11-29 03:55:00+00:00,0.5546,0.5556,0.5546,0.5553,269.7,0.555025,149.6902425,269.7,149.6902425,
2022-11-29 04:00:00+00:00,0.555,0.5583,0.555,0.5582,344.51,0.556625,191.76287875,344.51,191.76287875,
2022-11-29 04:05:00+00:00,0.5565,0.5578,0.5574,0.5569,59.95,0.55715,33.4011425,59.95,33.4011425,
2022-11-29 04:10:00+00:00,0.5571,0.5628,0.5572,0.5613,4994.42,0.5596,2794.877432,4994.42,2794.877432,
2022-11-29 04:15:00+00:00,0.5617,0.5634,0.5617,0.5625,1848.55,0.562325,1039.48587875,1848.55,1039.48587875,
2022-11-29 04:20:00+00:00,0.5612,0.5628,0.5625,0.5622,908.96,0.562175,510.994588,908.96,510.994588,
2022-11-29 04:25:00+00:00,0.5622,0.5638,0.5622,0.5629,709.77,0.562775,399.44081175,709.77,399.44081175,
2022-11-29 04:30:00+00:00,0.5627,0.5641,0.5627,0.5641,2570.28,0.5634,1448.095752,2570.28,1448.095752,
2022-11-29 04:35:00+00:00,0.5636,0.5652,0.5649,0.5646,3116.1,0.564575,1759.2721575,3116.1,1759.2721575,
2022-11-29 04:40:00+00:00,0.5643,0.5651,0.5643,0.5651,3163.89,0.5647,1786.648683,3163.89,1786.648683,
2022-11-29 04:45:00+00:00,0.5637,0.566,0.5648,0.5651,11695.29,0.5649,6606.669321,11695.29,6606.669321,
2022-11-29 04:50:00+00:00,0.5646,0.5664,0.565,0.5646,915.92,0.56515,517.632188,915.92,517.632188,
2022-11-29 04:55:00+00:00,0.5637,0.5643,0.5641,0.5643,797.91,0.5641,450.101031,797.91,450.101031,
2022-11-29 05:00:00+00:00,0.5641,0.5667,0.5644,0.5655,1029.51,0.565175,581.85331425,1029.51,581.85331425,
2022-11-29 05:05:00+00:00,0.566,0.5674,0.5672,0.5674,565.32,0.567,320.53644,565.32,320.53644,
2022-11-29 05:10:00+00:00,0.5667,0.5677,0.5676,0.5669,3060.26,0.567225,1735.8559785,3060.26,1735.8559785,
2022-11-29 05:15:00+00:00,0.5669,0.57,0.567,0.5698,4140.97,0.568425,2353.83087225,4140.97,2353.83087225,
2022-11-29 05:20:00+00:00,0.569,0.57,0.5699,0.5697,374.88,0.56965,213.550392,374.88,213.550392,
2022-11-29 05:25:00+00:00,0.5669,0.5691,0.5691,0.5669,567.91,0.568,322.57288,567.91,322.57288,
2022-11-29 05:30:00+00:00,0.5666,0.5683,0.5669,0.5683,290.39,0.567525,164.80358475,290.39,164.80358475,
2022-11-29 05:35:00+00:00,0.5666,0.569,0.569,0.5681,391.78,0.568175,222.5996015,391.78,222.5996015,
2022-11-29 05:40:00+00:00,0.5678,0.5686,0.5686,0.5678,340.98,0.5682,193.744836,340.98,193.744836,
2022-11-29 05:45:00+00:00,0.5671,0.568,0.568,0.5673,1835.77,0.5676,1041.983052,1835.77,1041.983052,
2022-11-29 05:50:00+00:00,0.5671,0.568,0.5676,0.568,4124.64,0.567675,2341.455012,4124.64,2341.455012,
2022-11-29 05:55:00+00:00,0.5671,0.569,0.5671,0.569,388.85,0.56805,220.8862425,388.85,220.8862425,
2022-11-29 06:00:00+00:00,0.5683,0.5692,0.5688,0.5692,116.39,0.568875,66.21136125,116.39,66.21136125,
2022-11-29 06:05:00+00:00,0.5685,0.5692,0.5692,0.5689,96.44,0.56895,54.869538,96.44,54.869538,
2022-11-29 06:10:00+00:00,0.5676,0.5686,0.5686,0.5676,1155.2,0.5681,656.26912,1155.2,656.26912,
2022-11-29 06:15:00+00:00,0.567,0.5684,0.568,0.567,2271.46,0.5676,1289.280696,2271.46,1289.280696,
2022-11-29 06:20:00+00:00,0.5657,0.5669,0.5669,0.5662,2292.29,0.566425,1298.41036325,2292.29,1298.41036325,
2022-11-29 06:25:00+00:00,0.5661,0.5665,0.5661,0.5663,1791.02,0.56625,1014.165075,1791.02,1014.165075,
2022-11-29 06:30:00+00:00,0.567,0.5672,0.567,0.5671,5444.96,0.567075,3087.700692,5444.96,3087.700692,
2022-11-29 06:35:00+00:00,0.567,0.5673,0.567,0.567,27823.77,0.567075,15778.16437275,27823.77,15778.16437275,
2022-11-29 06:40:00+00:00,0.567,0.5673,0.567,0.5673,1502.52,0.56715,852.154218,1502.52,852.154218,
2022-11-29 06:45:00+00:00,0.567,0.5675,0.5673,0.5675,11.88,0.567325,6.739821,11.88,6.739821,
2022-11-29 06:50:00+00:00,0.5671,0.5675,0.5675,0.5671,1182.37,0.5673,670.758501,1182.37,670.758501,
2022-11-29 06:55:00+00:00,0.567,0.5673,0.567,0.5673,3110.8,0.56715,1764.29022,3110.8,1764.29022,
2022-11-29 07:00:00+00:00,0.5678,0.5695,0.5678,0.5684,2484.51,0.568375,1412.13337125,2484.51,1412.13337125,
2022-11-29 07:05:00+00:00,0.568,0.5683,0.5683,0.568,405.7,0.56815,230.498455,405.7,230.498455,
2022-11-29 07:10:00+00:00,0.5679,0.568,0.568,0.568,207.05,0.567975,117.59922375,207.05,117.59922375,
2022-11-29 07:15:00+00:00,0.5676,0.568,0.5676,0.5678,498.9,0.56775,283.250475,498.9,283.250475,
2022-11-29 07:20:00+00:00,0.567,0.5685,0.5677,0.5676,1023.08,0.5677,580.802516,1023.08,580.802516,
2022-11-29 07:25:00+00:00,0.567,0.5673,0.5673,0.5673,578.06,0.567225,327.8900835,578.06,327.8900835,
2022-11-29 07:30:00+00:00,0.567,0.567,0.567,0.567,1287.61,0.567,730.07487,1287.61,730.07487,
2022-11-29 07:35:00+00:00,0.567,0.5671,0.5671,0.5671,1839.17,0.567075,1042.94732775,1839.17,1042.94732775,
2022-11-29 07:40:00+00:00,0.5672,0.568,0.5674,0.568,284.94,0.56765,161.746191,284.94,161.746191,
2022-11-29 07:45:00+00:00,0.567,0.5676,0.5676,0.567,4867.91,0.5673,2761.565343,4867.91,2761.565343,
2022-11-29 07:50:00+00:00,0.567,0.5675,0.567,0.567,10026.72,0.567125,5686.40358,10026.72,5686.40358,
2022-11-29 07:55:00+00:00,0.567,0.5675,0.567,0.5675,24155.5,0.56725,13702.207375,24155.5,13702.207375,
2022-11-29 08:00:00+00:00,0.5682,0.569,0.569,0.5684,747.25,0.56865,424.9237125,747.25,424.9237125,
2022-11-29 08:05:00+00:00,0.567,0.5681,0.5681,0.567,4362.41,0.56755,2475.8857955,4362.41,2475.8857955,
2022-11-29 08:10:00+00:00,0.5667,0.567,0.567,0.567,3928.72,0.566925,2227.289586,3928.72,2227.289586,
2022-11-29 08:15:00+00:00,0.5665,0.567,0.5669,0.5667,2920.07,0.566775,1655.02267425,2920.07,1655.02267425,
2022-11-29 08:20:00+00:00,0.5668,0.5693,0.5668,0.5693,530.55,0.56805,301.3789275,530.55,301.3789275,
2022-11-29 08:25:00+00:00,0.5697,0.57,0.5697,0.57,2346.74,0.56985,1337.289789,2346.74,1337.289789,
2022-11-29 08:30:00+00:00,0.5697,0.5721,0.57,0.5709,1773.87,0.570675,1012.30326225,1773.87,1012.30326225,
2022-11-29 08:35:00+00:00,0.5696,0.5703,0.5703,0.5696,573.35,0.56995,326.7808325,573.35,326.7808325,
2022-11-29 08:40:00+00:00,0.5702,0.5716,0.5702,0.5712,713.21,0.5708,407.100268,713.21,407.100268,
2022-11-29 08:45:00+00:00,0.5697,0.5717,0.5717,0.5706,564.51,0.570925,322.29287175,564.51,322.29287175,
2022-11-29 08:50:00+00:00,0.57,0.5717,0.5708,0.57,319.79,0.570625,182.48016875,319.79,182.48016875,
2022-11-29 08:55:00+00:00,0.5706,0.571,0.5706,0.5708,45.41,0.57075,25.9177575,45.41,25.9177575,
2022-11-29 09:00:00+00:00,0.5702,0.5707,0.5702,0.5704,23.97,0.570375,13.67188875,23.97,13.67188875,
2022-11-29 09:05:00+00:00,0.5695,0.5702,0.5702,0.5695,24.91,0.56985,14.1949635,24.91,14.1949635,
2022-11-29 09:10:00+00:00,0.5693,0.5693,0.5693,0.5693,36.66,0.5693,20.870538,36.66,20.870538,
2022-11-29 09:15:00+00:00,0.5687,0.5694,0.5692,0.5693,1340.91,0.56915,763.1789265,1340.91,763.1789265,
2022-11-29 09:20:00+00:00,0.5687,0.5691,0.5687,0.5689,450.98,0.56885,256.539973,450.98,256.539973,
2022-11-29 09:25:00+00:00,0.5676,0.5682,0.5682,0.5677,713.94,0.567925,405.4643745,713.94,405.4643745,
2022-11-29 09:30:00+00:00,0.5673,0.5678,0.5677,0.5673,145.12,0.567525,82.359228,145.12,82.359228,
2022-11-29 09:35:00+00:00,0.5675,0.5675,0.5675,0.5675,19.38,0.5675,10.99815,19.38,10.99815,
2022-11-29 09:40:00+00:00,0.5669,0.5675,0.5675,0.5669,2081.37,0.5672,1180.553064,2081.37,1180.553064,
2022-11-29 09:45:00+00:00,0.5665,0.5672,0.5665,0.5666,2461.98,0.5667,1395.204066,2461.98,1395.204066,
2022-11-29 09:50:00+00:00,0.5657,0.5677,0.5663,0.5677,631.12,0.56685,357.750372,631.12,357.750372,
2022-11-29 09:55:00+00:00,0.5678,0.568,0.568,0.5678,332.89,0.5679,189.048231,332.89,189.048231,
2022-11-29 10:00:00+00:00,0.5672,0.5683,0.5678,0.5675,503.79,0.5677,286.001583,503.79,286.001583,
2022-11-29 10:05:00+00:00,0.5673,0.568,0.5674,0.568,363.68,0.567675,206.452044,363.68,206.452044,
2022-11-29 10:10:00+00:00,0.5679,0.5683,0.568,0.5679,158.69,0.568025,90.13988725,158.69,90.13988725,
2022-11-29 10:15:00+00:00,0.5668,0.5684,0.5679,0.5668,5300.0,0.567475,3007.6175,5300.0,3007.6175,
2022-11-29 10:20:00+00:00,0.5664,0.5679,0.5679,0.5664,84.63,0.56715,47.9979045,84.63,47.9979045,
2022-11-29 10:25:00+00:00,0.567,0.5679,0.567,0.5679,20.95,0.56745,11.8880775,20.95,11.8880775,
2022-11-29 10:30:00+00:00,0.5677,0.5681,0.5679,0.5677,798.02,0.56785,453.155657,798.02,453.155657,
2022-11-29 10:35:00+00:00,0.5682,0.5685,0.5682,0.5685,78.85,0.56835,44.8143975,78.85,44.8143975,
2022-11-29 10:40:00+00:00,0.5688,0.5694,0.5693,0.5694,827.23,0.569225,470.87999675,827.23,470.87999675,
2022-11-29 10:45:00+00:00,0.5697,0.5702,0.5697,0.5699,231.1,0.569875,131.6981125,231.1,131.6981125,
2022-11-29 10:50:00+00:00,0.5681,0.57,0.57,0.5683,114.09,0.5691,64.928619,114.09,64.928619,
2022-11-29 10:55:00+00:00,0.5682,0.5687,0.5686,0.5686,319.11,0.568525,181.42201275,319.11,181.42201275,
2022-11-29 11:00:00+00:00,0.5682,0.5686,0.5682,0.5686,218.67,0.5684,124.292028,218.67,124.292028,
2022-11-29 11:05:00+00:00,0.5675,0.5695,0.5676,0.5695,189.29,0.568525,107.61609725,189.29,107.61609725,
2022-11-29 11:10:00+00:00,0.5691,0.5697,0.5697,0.5694,30.18,0.569475,17.1867555,30.18,17.1867555,
2022-11-29 11:15:00+00:00,0.5695,0.57,0.57,0.5697,70.74,0.5698,40.307652,70.74,40.307652,
2022-11-29 11:20:00+00:00,0.5695,0.57,0.57,0.5697,70.74,0.5698,40.307652,70.74,40.307652,
2022-11-29 11:25:00+00:00,0.5692,0.5694,0.5694,0.5692,4.34,0.5693,2.470762,4.34,2.470762,
2022-11-29 11:30:00+00:00,0.5687,0.569,0.569,0.569,89.32,0.568925,50.816381,89.32,50.816381,
2022-11-29 11:35:00+00:00,0.568,0.5691,0.5689,0.568,266.18,0.5685,151.32333,266.18,151.32333,
2022-11-29 11:40:00+00:00,0.5666,0.5683,0.5679,0.5666,59.57,0.56735,33.7970395,59.57,33.7970395,
2022-11-29 11:45:00+00:00,0.5656,0.5672,0.5665,0.5672,11766.4,0.566625,6667.1364,11766.4,6667.1364,
2022-11-29 11:50:00+00:00,0.5676,0.5682,0.5682,0.5676,1024.04,0.5679,581.552316,1024.04,581.552316,
2022-11-29 11:55:00+00:00,0.5659,0.5681,0.5681,0.566,1216.54,0.567025,689.8085935,1216.54,689.8085935,
2022-11-29 12:00:00+00:00,0.5663,0.567,0.5663,0.567,464.81,0.56665,263.3845865,464.81,263.3845865,
2022-11-29 12:05:00+00:00,0.5668,0.5685,0.5672,0.5668,1257.19,0.567325,713.23531675,1257.19,713.23531675,
2022-11-29 12:10:00+00:00,0.5669,0.5671,0.5669,0.5671,472.28,0.567,267.78276,472.28,267.78276,
2022-11-29 12:15:00+00:00,0.5675,0.568,0.5675,0.568,270.37,0.56775,153.5025675,270.37,153.5025675,
2022-11-29 12:20:00+00:00,0.5685,0.569,0.5685,0.5687,196.43,0.568675,111.70483025,196.43,111.70483025,
2022-11-29 12:25:00+00:00,0.5679,0.5687,0.5687,0.5684,1653.09,0.568425,939.65768325,1653.09,939.65768325,
2022-11-29 12:30:00+00:00,0.5675,0.5687,0.5687,0.5676,145.49,0.568125,82.65650625,145.49,82.65650625,
2022-11-29 12:35:00+00:00,0.5672,0.5679,0.5679,0.5672,61.83,0.56755,35.0916165,61.83,35.0916165,
2022-11-29 12:40:00+00:00,0.5672,0.5676,0.5674,0.5676,473.72,0.56745,268.812414,473.72,268.812414,
2022-11-29 12:45:00+00:00,0.5667,0.5676,0.5676,0.5667,309.47,0.56715,175.5159105,309.47,175.5159105,
2022-11-29 12:50:00+00:00,0.5666,0.5669,0.5669,0.5666,202.3,0.56675,114.653525,202.3,114.653525,
2022-11-29 12:55:00+00:00,0.5664,0.5669,0.5664,0.5669,117.83,0.56665,66.7683695,117.83,66.7683695,
2022-11-29 13:00:00+00:00,0.5665,0.567,0.567,0.5665,239.23,0.56675,135.5836025,239.23,135.5836025,
2022-11-29 13:05:00+00:00,0.5635,0.5666,0.5666,0.5638,2708.66,0.565125,1530.7314825,2708.66,1530.7314825,
2022-11-29 13:10:00+00:00,0.5618,0.5639,0.5639,0.5633,1167.52,0.563225,657.576452,1167.52,657.576452,
2022-11-29 13:15:00+00:00,0.5629,0.564,0.5631,0.5629,520.98,0.563225,293.4289605,520.98,293.4289605,
2022-11-29 13:20:00+00:00,0.5638,0.5642,0.564,0.5642,206.28,0.56405,116.352234,206.28,116.352234,
2022-11-29 13:25:00+00:00,0.562,0.564,0.564,0.562,625.35,0.563,352.07205,625.35,352.07205,
2022-11-29 13:30:00+00:00,0.5617,0.563,0.5628,0.5617,611.71,0.5623,343.964533,611.71,343.964533,
2022-11-29 13:35:00+00:00,0.5594,0.5612,0.5612,0.5594,324.97,0.5603,182.080691,324.97,182.080691,
2022-11-29 13:40:00+00:00,0.5596,0.5624,0.5596,0.5624,817.29,0.561,458.49969,817.29,458.49969,
2022-11-29 13:45:00+00:00,0.5616,0.5625,0.5623,0.562,2399.66,0.5621,1348.848886,2399.66,1348.848886,
2022-11-29 13:50:00+00:00,0.5599,0.5616,0.5616,0.5606,201.0,0.560925,112.745925,201.0,112.745925,
2022-11-29 13:55:00+00:00,0.5608,0.5634,0.5608,0.5633,8862.56,0.562075,4981.423412,8862.56,4981.423412,
2022-11-29 14:00:00+00:00,0.5641,0.5662,0.5641,0.5647,588.46,0.564775,332.3474965,588.46,332.3474965,
2022-11-29 14:05:00+00:00,0.5643,0.5659,0.5645,0.5659,504.28,0.56515,284.993842,504.28,284.993842,
2022-11-29 14:10:00+00:00,0.5633,0.5653,0.5653,0.5638,2493.97,0.564425,1407.65901725,2493.97,1407.65901725,
2022-11-29 14:15:00+00:00,0.5624,0.5634,0.5634,0.5624,764.8,0.5629,430.50592,764.8,430.50592,
2022-11-29 14:20:00+00:00,0.5624,0.5639,0.5627,0.5639,195.34,0.563225,110.0203715,195.34,110.0203715,
2022-11-29 14:25:00+00:00,0.5626,0.5635,0.563,0.5635,414.35,0.56315,233.3412025,414.35,233.3412025,
2022-11-29 14:30:00+00:00,0.5624,0.5654,0.5624,0.5649,1069.05,0.563775,602.70366375,1069.05,602.70366375,
2022-11-29 14:35:00+00:00,0.5639,0.5642,0.564,0.5642,422.04,0.564075,238.062213,422.04,238.062213,
2022-11-29 14:40:00+00:00,0.5637,0.5644,0.5644,0.5637,137.62,0.56405,77.624561,137.62,77.624561,
2022-11-29 14:45:00+00:00,0.5629,0.5644,0.5635,0.5629,1496.25,0.563425,843.02465625,1496.25,843.02465625,
2022-11-29 14:50:00+00:00,0.5623,0.5637,0.5637,0.5623,39.84,0.563,22.42992,39.84,22.42992,
2022-11-29 14:55:00+00:00,0.5582,0.5619,0.5619,0.5608,1828.7,0.5607,1025.35209,1828.7,1025.35209,
2022-11-29 15:00:00+00:00,0.5604,0.5605,0.5604,0.5604,396.98,0.560425,222.4775165,396.98,222.4775165,
2022-11-29 15:05:00+00:00,0.5594,0.5619,0.5602,0.5612,826.93,0.560675,463.63897775,826.93,463.63897775,
2022-11-29 15:10:00+00:00,0.5605,0.5615,0.5614,0.5615,1494.65,0.561225,838.83494625,1494.65,838.83494625,
2022-11-29 15:15:00+00:00,0.5624,0.5624,0.5624,0.5624,317.67,0.5624,178.657608,317.67,178.657608,
2022-11-29 15:20:00+00:00,0.5617,0.5624,0.5622,0.5622,550.28,0.562125,309.326145,550.28,309.326145,
2022-11-29 15:25:00+00:00,0.5625,0.5638,0.5625,0.5636,283.61,0.5631,159.700791,283.61,159.700791,
2022-11-29 15:30:00+00:00,0.5641,0.5647,0.5643,0.5642,269.74,0.564325,152.2210255,269.74,152.2210255,
2022-11-29 15:35:00+00:00,0.5636,0.5646,0.5642,0.5636,89.92,0.564,50.71488,89.92,50.71488,
2022-11-29 15:40:00+00:00,0.5633,0.5642,0.5642,0.5636,806.39,0.563825,454.66284175,806.39,454.66284175,
2022-11-29 15:45:00+00:00,0.5626,0.5638,0.5637,0.5626,19.81,0.563175,11.15649675,19.81,11.15649675,
2022-11-29 15:50:00+00:00,0.562,0.5629,0.5626,0.5621,264.89,0.5624,148.974136,264.89,148.974136,
2022-11-29 15:55:00+00:00,0.5614,0.5625,0.562,0.5614,623.18,0.561825,350.1181035,623.18,350.1181035,
2022-11-29 16:00:00+00:00,0.5605,0.5632,0.5619,0.5605,4086.49,0.561525,2294.66629725,4086.49,2294.66629725,
2022-11-29 16:05:00+00:00,0.5572,0.5609,0.5605,0.5572,10341.87,0.55895,5780.5882365,10341.87,5780.5882365,
2022-11-29 16:10:00+00:00,0.5551,0.5565,0.5557,0.5565,648.67,0.55595,360.6280865,648.67,360.6280865,
2022-11-29 16:15:00+00:00,0.5563,0.5575,0.5564,0.5563,27.42,0.556625,15.2626575,27.42,15.2626575,
2022-11-29 16:20:00+00:00,0.5563,0.5596,0.5564,0.5596,3437.52,0.557975,1918.050222,3437.52,1918.050222,
2022-11-29 16:25:00+00:00,0.559,0.5597,0.559,0.5593,343.62,0.55925,192.169485,343.62,192.169485,
2022-11-29 16:30:00+00:00,0.5592,0.5604,0.5592,0.5601,473.59,0.559725,265.08016275,473.59,265.08016275,
2022-11-29 16:35:00+00:00,0.5601,0.5612,0.5601,0.5605,2275.44,0.560475,1275.327234,2275.44,1275.327234,
2022-11-29 16:40:00+00:00,0.5605,0.5616,0.5605,0.5613,81.49,0.560975,45.71385275,81.49,45.71385275,
2022-11-29 16:45:00+00:00,0.5598,0.5613,0.5613,0.5602,1252.78,0.56065,702.371107,1252.78,702.371107,
2022-11-29 16:50:00+00:00,0.5598,0.5609,0.5603,0.5609,332.68,0.560475,186.458823,332.68,186.458823,
2022-11-29 16:55:00+00:00,0.5608,0.5616,0.561,0.5609,3531.23,0.561075,1981.28487225,3531.23,1981.28487225,
2022-11-29 17:00:00+00:00,0.5609,0.5613,0.5612,0.5613,102.56,0.561175,57.554108,102.56,57.554108,
2022-11-29 17:05:00+00:00,0.5612,0.5615,0.5612,0.5615,442.63,0.56135,248.4703505,442.63,248.4703505,
2022-11-29 17:10:00+00:00,0.5608,0.5615,0.5615,0.5608,193.59,0.56115,108.6330285,193.59,108.6330285,
2022-11-29 17:15:00+00:00,0.5588,0.5607,0.5607,0.5588,718.36,0.55975,402.10201,718.36,402.10201,
2022-11-29 17:20:00+00:00,0.5577,0.559,0.559,0.5581,1623.41,0.55845,906.5933145,1623.41,906.5933145,
2022-11-29 17:25:00+00:00,0.5573,0.5577,0.5573,0.5577,9.06,0.5575,5.05095,9.06,5.05095,
2022-11-29 17:30:00+00:00,0.5569,0.559,0.5573,0.5582,127.87,0.55785,71.3322795,127.87,71.3322795,
2022-11-29 17:35:00+00:00,0.558,0.5588,0.5587,0.5586,1506.58,0.558525,841.4625945,1506.58,841.4625945,
2022-11-29 17:40:00+00:00,0.5581,0.559,0.559,0.5583,229.12,0.5586,127.986432,229.12,127.986432,
2022-11-29 17:45:00+00:00,0.558,0.5588,0.5586,0.5588,214.92,0.55855,120.043566,214.92,120.043566,
2022-11-29 17:50:00+00:00,0.5584,0.5588,0.5588,0.5588,248.76,0.5587,138.982212,248.76,138.982212,
2022-11-29 17:55:00+00:00,0.5586,0.559,0.5588,0.5586,811.88,0.55875,453.63795,811.88,453.63795,
2022-11-29 18:00:00+00:00,0.5586,0.5597,0.5588,0.559,5229.65,0.559025,2923.50509125,5229.65,2923.50509125,
2022-11-29 18:05:00+00:00,0.5594,0.5604,0.5596,0.56,851.33,0.55985,476.6171005,851.33,476.6171005,
2022-11-29 18:10:00+00:00,0.5595,0.5599,0.5599,0.5597,716.48,0.55975,401.04968,716.48,401.04968,
2022-11-29 18:15:00+00:00,0.5594,0.5598,0.5595,0.5597,921.99,0.5596,515.945604,921.99,515.945604,
2022-11-29 18:20:00+00:00,0.5596,0.5604,0.5596,0.5604,5913.45,0.56,3311.532,5913.45,3311.532,
2022-11-29 18:25:00+00:00,0.5598,0.5603,0.5598,0.5601,82.84,0.56,46.3904,82.84,46.3904,
2022-11-29 18:30:00+00:00,0.5591,0.5597,0.5597,0.5593,418.67,0.55945,234.2249315,418.67,234.2249315,
2022-11-29 18:35:00+00:00,0.5588,0.5599,0.5593,0.559,5628.51,0.55925,3147.7442175,5628.51,3147.7442175,
2022-11-29 18:40:00+00:00,0.5593,0.5599,0.5593,0.5599,2630.06,0.5596,1471.781576,2630.06,1471.781576,
2022-11-29 18:45:00+00:00,0.5596,0.5617,0.5598,0.5612,3188.42,0.560575,1787.3485415,3188.42,1787.3485415,
2022-11-29 18:50:00+00:00,0.5609,0.5614,0.5611,0.5614,712.52,0.5612,399.866224,712.52,399.866224,
2022-11-29 18:55:00+00:00,0.561,0.5615,0.561,0.5615,26.91,0.56125,15.1032375,26.91,15.1032375,
2022-11-29 19:00:00+00:00,0.5614,0.5636,0.5614,0.5617,1216.25,0.562025,683.56290625,1216.25,683.56290625,
2022-11-29 19:05:00+00:00,0.5613,0.5619,0.5613,0.5619,12.17,0.5616,6.834672,12.17,6.834672,
2022-11-29 19:10:00+00:00,0.5616,0.5624,0.5616,0.5624,9.35,0.562,5.2547,9.35,5.2547,
2022-11-29 19:15:00+00:00,0.5613,0.5624,0.5624,0.5613,252.69,0.56185,141.9738765,252.69,141.9738765,
2022-11-29 19:20:00+00:00,0.5611,0.5612,0.5611,0.5612,17.41,0.56115,9.7696215,17.41,9.7696215,
2022-11-29 19:25:00+00:00,0.5615,0.5621,0.5621,0.5615,81.02,0.5618,45.517036,81.02,45.517036,
2022-11-29 19:30:00+00:00,0.5612,0.562,0.5616,0.562,1377.26,0.5617,773.606942,1377.26,773.606942,
2022-11-29 19:35:00+00:00,0.5615,0.5621,0.5617,0.5621,47.02,0.56185,26.418187,47.02,26.418187,
2022-11-29 19:40:00+00:00,0.5615,0.5626,0.5626,0.5615,87.76,0.56205,49.325508,87.76,49.325508,
2022-11-29 19:45:00+00:00,0.5611,0.5622,0.5611,0.5622,141.29,0.56165,79.3555285,141.29,79.3555285,
2022-11-29 19:50:00+00:00,0.5619,0.5633,0.5619,0.5626,1564.6,0.562425,879.970155,1564.6,879.970155,
2022-11-29 19:55:00+00:00,0.562,0.5629,0.5629,0.5629,123.63,0.562675,69.56351025,123.63,69.56351025,
2022-11-29 20:00:00+00:00,0.5619,0.5623,0.5622,0.562,25.73,0.5621,14.462833,25.73,14.462833,
2022-11-29 20:05:00+00:00,0.5627,0.564,0.5627,0.5633,113.63,0.563175,63.99357525,113.63,63.99357525,
2022-11-29 20:10:00+00:00,0.5633,0.5641,0.5633,0.5638,1266.24,0.563625,713.68452,1266.24,713.68452,
2022-11-29 20:15:00+00:00,0.5627,0.5638,0.5634,0.5628,260.75,0.563175,146.84788125,260.75,146.84788125,
2022-11-29 20:20:00+00:00,0.562,0.563,0.563,0.5625,2205.38,0.562625,1240.8019225,2205.38,1240.8019225,
2022-11-29 20:25:00+00:00,0.5623,0.5626,0.5623,0.5623,60.67,0.562375,34.11929125,60.67,34.11929125,
2022-11-29 20:30:00+00:00,0.5626,0.563,0.5626,0.563,93.8,0.5628,52.79064,93.8,52.79064,
2022-11-29 20:35:00+00:00,0.5628,0.5633,0.5633,0.5633,316.69,0.563175,178.35189075,316.69,178.35189075,
2022-11-29 20:40:00+00:00,0.5628,0.5633,0.5633,0.5628,665.75,0.56305,374.8505375,665.75,374.8505375,
2022-11-29 20:45:00+00:00,0.5629,0.5634,0.5631,0.5633,540.1,0.563175,304.1708175,540.1,304.1708175,
2022-11-29 20:50:00+00:00,0.5633,0.5638,0.5634,0.5638,375.3,0.563575,211.5096975,375.3,211.5096975,
2022-11-29 20:55:00+00:00,0.5637,0.5647,0.5637,0.5647,262.56,0.5642,148.136352,262.56,148.136352,
2022-11-29 21:00:00+00:00,0.5647,0.5653,0.565,0.5648,450.14,0.56495,254.306593,450.14,254.306593,
2022-11-29 21:05:00+00:00,0.5637,0.5645,0.5642,0.5637,925.6,0.564025,522.06154,925.6,522.06154,
2022-11-29 21:10:00+00:00,0.5639,0.5656,0.5639,0.5646,90.34,0.5645,50.99693,90.34,50.99693,
2022-11-29 21:15:00+00:00,0.5636,0.5644,0.5642,0.5638,1277.4,0.564,720.4536,1277.4,720.4536,
2022-11-29 21:20:00+00:00,0.5635,0.5639,0.5638,0.5635,668.75,0.563675,376.95765625,668.75,376.95765625,
2022-11-29 21:25:00+00:00,0.5637,0.5642,0.5638,0.5642,360.92,0.563975,203.549857,360.92,203.549857,
2022-11-29 21:30:00+00:00,0.5633,0.5643,0.5642,0.5633,1124.92,0.563775,634.201773,1124.92,634.201773,
2022-11-29 21:35:00+00:00,0.5631,0.5638,0.5633,0.5632,50.4,0.56335,28.39284,50.4,28.39284,
2022-11-29 21:40:00+00:00,0.5633,0.5637,0.5633,0.5637,121.78,0.5635,68.62303,121.78,68.62303,
2022-11-29 21:45:00+00:00,0.5634,0.5638,0.5638,0.5636,1435.29,0.56365,809.0012085,1435.29,809.0012085,
2022-11-29 21:50:00+00:00,0.5636,0.5641,0.5636,0.5641,45.13,0.56385,25.4465505,45.13,25.4465505,
2022-11-29 21:55:00+00:00,0.5634,0.5641,0.5641,0.5635,205.11,0.563775,115.63589025,205.11,115.63589025,
2022-11-29 22:00:00+00:00,0.5634,0.564,0.5635,0.5639,283.86,0.5637,160.011882,283.86,160.011882,
2022-11-29 22:05:00+00:00,0.5639,0.5645,0.5639,0.5644,551.76,0.564175,311.289198,551.76,311.289198,
2022-11-29 22:10:00+00:00,0.5637,0.5647,0.5647,0.5637,388.74,0.5642,219.327108,388.74,219.327108,
2022-11-29 22:15:00+00:00,0.5622,0.5637,0.5637,0.5629,5431.54,0.563125,3058.6359625,5431.54,3058.6359625,
2022-11-29 22:20:00+00:00,0.5624,0.563,0.5629,0.563,259.78,0.562825,146.2106785,259.78,146.2106785,
2022-11-29 22:25:00+00:00,0.5628,0.5637,0.5628,0.5637,18.35,0.56325,10.3356375,18.35,10.3356375,
2022-11-29 22:30:00+00:00,0.5629,0.5634,0.5631,0.5634,275.91,0.5632,155.392512,275.91,155.392512,
2022-11-29 22:35:00+00:00,0.563,0.5636,0.5632,0.563,135.94,0.5632,76.561408,135.94,76.561408,
2022-11-29 22:40:00+00:00,0.563,0.5636,0.563,0.5635,731.24,0.563275,411.889211,731.24,411.889211,
2022-11-29 22:45:00+00:00,0.5632,0.5637,0.5636,0.5632,187.95,0.563425,105.89572875,187.95,105.89572875,
2022-11-29 22:50:00+00:00,0.5632,0.5642,0.5632,0.5642,380.8,0.5637,214.65696,380.8,214.65696,
2022-11-29 22:55:00+00:00,0.5637,0.5642,0.5637,0.5642,16.85,0.56395,9.5025575,16.85,9.5025575,
2022-11-29 23:00:00+00:00,0.5634,0.5642,0.5639,0.564,176.31,0.563875,99.41680125,176.31,99.41680125,
2022-11-29 23:05:00+00:00,0.5624,0.5643,0.5635,0.5641,3650.71,0.563575,2057.44888825,3650.71,2057.44888825,
2022-11-29 23:10:00+00:00,0.5632,0.5637,0.5635,0.5632,188.81,0.5634,106.375554,188.81,106.375554,
2022-11-29 23:15:00+00:00,0.5622,0.5636,0.5622,0.563,536.89,0.56275,302.1348475,536.89,302.1348475,
2022-11-29 23:20:00+00:00,0.563,0.5635,0.5631,0.5633,26.89,0.563225,15.14512025,26.89,15.14512025,
2022-11-29 23:25:00+00:00,0.563,0.5632,0.5632,0.563,101.84,0.5631,57.346104,101.84,57.346104,
2022-11-29 23:30:00+00:00,0.5624,0.563,0.563,0.5628,1923.64,0.5628,1082.624592,1923.64,1082.624592,
2022-11-29 23:35:00+00:00,0.5628,0.5634,0.5628,0.563,84.31,0.563,47.46653,84.31,47.46653,
2022-11-29 23:40:00+00:00,0.5627,0.5631,0.563,0.563,769.48,0.56295,433.178766,769.48,433.178766,
2022-11-29 23:45:00+00:00,0.562,0.5636,0.5636,0.562,12.05,0.5628,6.78174,12.05,6.78174,
2022-11-29 23:50:00+00:00,0.5616,0.5621,0.5616,0.5619,184.88,0.5618,103.865584,184.88,103.865584,
2022-11-29 23:55:00+00:00,0.5616,0.5621,0.5616,0.5619,184.88,0.5618,103.865584,184.88,103.865584,
2022-11-30 00:00:00+00:00,0.5622,0.5666,0.5623,0.5666,1583.5,0.564425,893.7669875,1583.5,893.7669875,
2022-11-30 00:05:00+00:00,0.5649,0.5655,0.5655,0.565,502.68,0.565225,284.127303,502.68,284.127303,
2022-11-30 00:10:00+00:00,0.5634,0.5644,0.5644,0.5634,1003.59,0.5639,565.924401,1003.59,565.924401,
2022-11-30 00:15:00+00:00,0.5634,0.5654,0.5639,0.5646,8868.85,0.564325,5004.91377625,8868.85,5004.91377625,
2022-11-30 00:20:00+00:00,0.564,0.5649,0.5648,0.5649,1132.0,0.56465,639.1838,1132.0,639.1838,
2022-11-30 00:25:00+00:00,0.5644,0.5658,0.5658,0.5644,583.9,0.5651,329.96189,583.9,329.96189,
2022-11-30 00:30:00+00:00,0.5651,0.566,0.5655,0.5658,632.09,0.5656,357.510104,632.09,357.510104,
2022-11-30 00:35:00+00:00,0.5659,0.5685,0.5665,0.5685,2906.1,0.56735,1648.775835,2906.1,1648.775835,
2022-11-30 00:40:00+00:00,0.57,0.5753,0.5703,0.5743,7589.04,0.572475,4344.535674,7589.04,4344.535674,
2022-11-30 00:45:00+00:00,0.5724,0.5791,0.5743,0.5791,3347.62,0.576225,1928.9823345,3347.62,1928.9823345,
2022-11-30 00:50:00+00:00,0.5761,0.5782,0.578,0.5778,582.93,0.577525,336.65664825,582.93,336.65664825,
2022-11-30 00:55:00+00:00,0.5774,0.5786,0.578,0.5779,711.06,0.577975,410.9749035,711.06,410.9749035,
2022-11-30 01:00:00+00:00,0.5794,0.5814,0.5795,0.5799,5554.09,0.58005,3221.6499045,5554.09,3221.6499045,
2022-11-30 01:05:00+00:00,0.5767,0.5805,0.5805,0.5786,3434.54,0.579075,1988.8562505,3434.54,1988.8562505,
2022-11-30 01:10:00+00:00,0.5748,0.5787,0.5787,0.578,119543.99,0.57755,69042.6314245,119543.99,69042.6314245,
2022-11-30 01:15:00+00:00,0.5744,0.5781,0.5781,0.575,6758.0,0.5764,3895.3112,6758.0,3895.3112,
2022-11-30 01:20:00+00:00,0.5749,0.5768,0.5749,0.5757,2906.25,0.575575,1672.76484375,2906.25,1672.76484375,
2022-11-30 01:25:00+00:00,0.5752,0.5763,0.5752,0.5763,113.01,0.57575,65.0655075,113.01,65.0655075,
2022-11-30 01:30:00+00:00,0.5745,0.5766,0.576,0.5751,4583.06,0.57555,2637.780183,4583.06,2637.780183,
2022-11-30 01:35:00+00:00,0.575,0.5764,0.5753,0.5756,622.3,0.575575,358.1803225,622.3,358.1803225,
2022-11-30 01:40:00+00:00,0.5753,0.5763,0.5753,0.5763,10.8,0.5758,6.21864,10.8,6.21864,
2022-11-30 01:45:00+00:00,0.5759,0.5769,0.5759,0.5766,24.54,0.576325,14.1430155,24.54,14.1430155,
2022-11-30 01:50:00+00:00,0.5769,0.5779,0.5778,0.5773,1599.16,0.577475,923.474921,1599.16,923.474921,
2022-11-30 01:55:00+00:00,0.577,0.578,0.5776,0.5774,1067.23,0.5775,616.325325,1067.23,616.325325,
2022-11-30 02:00:00+00:00,0.5778,0.5795,0.5778,0.5792,12191.5,0.578575,7053.6971125,12191.5,7053.6971125,
2022-11-30 02:05:00+00:00,0.5782,0.5798,0.5793,0.5785,77.74,0.57895,45.007573,77.74,45.007573,
2022-11-30 02:10:00+00:00,0.5788,0.5809,0.579,0.5809,1179.98,0.5799,684.270402,1179.98,684.270402,
2022-11-30 02:15:00+00:00,0.5806,0.5821,0.5807,0.582,789.85,0.58135,459.1792975,789.85,459.1792975,
2022-11-30 02:20:00+00:00,0.5824,0.586,0.5833,0.5845,3144.05,0.58405,1836.2824025,3144.05,1836.2824025,
2022-11-30 02:25:00+00:00,0.5826,0.5858,0.5845,0.5833,38351.39,0.58405,22399.1293295,38351.39,22399.1293295,
2022-11-30 02:30:00+00:00,0.5817,0.5843,0.5835,0.5822,1596.96,0.582925,930.907908,1596.96,930.907908,
2022-11-30 02:35:00+00:00,0.5815,0.5827,0.5819,0.5824,1513.33,0.582125,880.94722625,1513.33,880.94722625,
2022-11-30 02:40:00+00:00,0.5818,0.5824,0.582,0.582,606.34,0.58205,352.920197,606.34,352.920197,
2022-11-30 02:45:00+00:00,0.5811,0.5821,0.5821,0.5815,1967.45,0.5817,1144.465665,1967.45,1144.465665,
2022-11-30 02:50:00+00:00,0.5803,0.5818,0.5814,0.5805,2330.63,0.581,1354.09603,2330.63,1354.09603,
2022-11-30 02:55:00+00:00,0.5795,0.5807,0.5807,0.5795,1601.04,0.5801,928.763304,1601.04,928.763304,
2022-11-30 03:00:00+00:00,0.5801,0.5812,0.5801,0.5801,3840.82,0.580375,2229.1159075,3840.82,2229.1159075,
2022-11-30 03:05:00+00:00,0.581,0.5816,0.5812,0.5816,440.05,0.58135,255.8230675,440.05,255.8230675,
2022-11-30 03:10:00+00:00,0.5804,0.5816,0.5812,0.5804,1478.87,0.5809,859.075583,1478.87,859.075583,
2022-11-30 03:15:00+00:00,0.5805,0.5823,0.5805,0.5808,928.8,0.581025,539.65602,928.8,539.65602,
2022-11-30 03:20:00+00:00,0.5806,0.5819,0.5806,0.5807,376.61,0.58095,218.7915795,376.61,218.7915795,
2022-11-30 03:25:00+00:00,0.578,0.5809,0.5806,0.578,2156.12,0.579375,1249.202025,2156.12,1249.202025,
2022-11-30 03:30:00+00:00,0.5765,0.5788,0.5786,0.5766,4243.11,0.577625,2450.92641375,4243.11,2450.92641375,
2022-11-30 03:35:00+00:00,0.5764,0.5773,0.5773,0.5766,352.06,0.5769,203.103414,352.06,203.103414,
2022-11-30 03:40:00+00:00,0.5746,0.5766,0.5766,0.5746,1696.7,0.5756,976.62052,1696.7,976.62052,
2022-11-30 03:45:00+00:00,0.5729,0.5747,0.5746,0.5738,1466.61,0.574,841.83414,1466.61,841.83414,
2022-11-30 03:50:00+00:00,0.5722,0.5738,0.5738,0.5722,484.03,0.573,277.34919,484.03,277.34919,
2022-11-30 03:55:00+00:00,0.5719,0.5732,0.5722,0.5732,719.94,0.572625,412.2556425,719.94,412.2556425,
2022-11-30 04:00:00+00:00,0.5734,0.5757,0.5734,0.5757,294.88,0.57455,169.423304,294.88,169.423304,
2022-11-30 04:05:00+00:00,0.5746,0.5757,0.575,0.5757,539.78,0.57525,310.508445,539.78,310.508445,
2022-11-30 04:10:00+00:00,0.5748,0.5751,0.5751,0.5748,206.6,0.57495,118.78467,206.6,118.78467,
2022-11-30 04:15:00+00:00,0.5756,0.5764,0.5756,0.5762,200.69,0.57595,115.5874055,200.69,115.5874055,
2022-11-30 04:20:00+00:00,0.576,0.5764,0.5762,0.5764,16.23,0.57625,9.3525375,16.23,9.3525375,
2022-11-30 04:25:00+00:00,0.5762,0.5769,0.5763,0.5764,1074.11,0.57645,619.1707095,1074.11,619.1707095,
2022-11-30 04:30:00+00:00,0.5753,0.5768,0.5768,0.5768,1973.9,0.576425,1137.8053075,1973.9,1137.8053075,
2022-11-30 04:35:00+00:00,0.5759,0.5769,0.5759,0.5769,98.23,0.5764,56.619772,98.23,56.619772,
2022-11-30 04:40:00+00:00,0.5755,0.5764,0.5762,0.5763,1086.07,0.5761,625.684927,1086.07,625.684927,
2022-11-30 04:45:00+00:00,0.5746,0.5758,0.5758,0.5746,9.35,0.5752,5.37812,9.35,5.37812,
2022-11-30 04:50:00+00:00,0.5747,0.577,0.5747,0.577,112.94,0.57585,65.036499,112.94,65.036499,
2022-11-30 04:55:00+00:00,0.5765,0.5772,0.5765,0.5772,307.67,0.57685,177.4794395,307.67,177.4794395,
2022-11-30 05:00:00+00:00,0.5763,0.5769,0.5769,0.5768,679.34,0.576725,391.7923615,679.34,391.7923615,
2022-11-30 05:05:00+00:00,0.5758,0.5768,0.5768,0.5765,977.71,0.576475,563.62537225,977.71,563.62537225,
2022-11-30 05:10:00+00:00,0.5757,0.5771,0.5761,0.5765,241.48,0.57635,139.176998,241.48,139.176998,
2022-11-30 05:15:00+00:00,0.5758,0.5774,0.577,0.5762,5648.07,0.5766,3256.677162,5648.07,3256.677162,
2022-11-30 05:20:00+00:00,0.5762,0.5775,0.5762,0.5775,978.16,0.57685,564.251596,978.16,564.251596,
2022-11-30 05:25:00+00:00,0.578,0.5784,0.5783,0.5784,16.19,0.578275,9.36227225,16.19,9.36227225,
2022-11-30 05:30:00+00:00,0.5778,0.5783,0.5783,0.5778,7.69,0.57805,4.4452045,7.69,4.4452045,
2022-11-30 05:35:00+00:00,0.5775,0.578,0.5775,0.578,18.9,0.57775,10.919475,18.9,10.919475,
2022-11-30 05:40:00+00:00,0.5776,0.5779,0.5776,0.5778,482.38,0.577725,278.6829855,482.38,278.6829855,
2022-11-30 05:45:00+00:00,0.5774,0.5779,0.5779,0.5775,1640.22,0.577675,947.5140885,1640.22,947.5140885,
2022-11-30 05:50:00+00:00,0.5773,0.5786,0.5773,0.5785,123.7,0.577925,71.4893225,123.7,71.4893225,
2022-11-30 05:55:00+00:00,0.5785,0.58,0.5791,0.5793,691.52,0.579225,400.545672,691.52,400.545672,
2022-11-30 06:00:00+00:00,0.5786,0.5799,0.5787,0.5799,728.32,0.579275,421.897568,728.32,421.897568,
2022-11-30 06:05:00+00:00,0.5782,0.5802,0.5802,0.5782,296.69,0.5792,171.842848,296.69,171.842848,
2022-11-30 06:10:00+00:00,0.5781,0.5792,0.5782,0.5784,1146.5,0.578475,663.2215875,1146.5,663.2215875,
2022-11-30 06:15:00+00:00,0.5787,0.5792,0.5788,0.5792,226.86,0.578975,131.3462685,226.86,131.3462685,
2022-11-30 06:20:00+00:00,0.5783,0.579,0.5789,0.5786,36.9,0.5787,21.35403,36.9,21.35403,
2022-11-30 06:25:00+00:00,0.5779,0.5789,0.5789,0.5787,39.2,0.5786,22.68112,39.2,22.68112,
2022-11-30 06:30:00+00:00,0.5779,0.5782,0.578,0.5779,21.35,0.578,12.3403,21.35,12.3403,
2022-11-30 06:35:00+00:00,0.576,0.5783,0.5783,0.576,218.72,0.57715,126.234248,218.72,126.234248,
2022-11-30 06:40:00+00:00,0.5756,0.5761,0.5761,0.5756,301.9,0.57585,173.849115,301.9,173.849115,
2022-11-30 06:45:00+00:00,0.5749,0.5751,0.5751,0.575,190.74,0.575025,109.6802685,190.74,109.6802685,
2022-11-30 06:50:00+00:00,0.5741,0.5747,0.5747,0.5743,42.72,0.57445,24.540504,42.72,24.540504,
2022-11-30 06:55:00+00:00,0.5742,0.5757,0.5742,0.5757,48.41,0.57495,27.8333295,48.41,27.8333295,
2022-11-30 07:00:00+00:00,0.5755,0.5769,0.5755,0.5765,349.23,0.5761,201.191403,349.23,201.191403,
2022-11-30 07:05:00+00:00,0.576,0.5772,0.5764,0.5769,432.25,0.576625,249.24615625,432.25,249.24615625,
2022-11-30 07:10:00+00:00,0.576,0.5772,0.5764,0.5769,432.25,0.576625,249.24615625,432.25,249.24615625,
2022-11-30 07:15:00+00:00,0.5765,0.5775,0.5772,0.5765,4595.1,0.576925,2651.0280675,4595.1,2651.0280675,
2022-11-30 07:20:00+00:00,0.5765,0.5775,0.5772,0.5765,4595.1,0.576925,2651.0280675,4595.1,2651.0280675,
2022-11-30 07:25:00+00:00,0.5766,0.5772,0.5769,0.577,2551.03,0.576925,1471.75298275,2551.03,1471.75298275,
2022-11-30 07:30:00+00:00,0.5766,0.5772,0.5767,0.5769,1145.21,0.57685,660.6143885,1145.21,660.6143885,
2022-11-30 07:35:00+00:00,0.5769,0.5776,0.5774,0.5776,139.42,0.577375,80.4976225,139.42,80.4976225,
2022-11-30 07:40:00+00:00,0.5771,0.5775,0.5774,0.5775,94.76,0.577375,54.712055,94.76,54.712055,
2022-11-30 07:45:00+00:00,0.5768,0.5781,0.5772,0.5781,1743.4,0.57755,1006.90067,1743.4,1006.90067,
2022-11-30 07:50:00+00:00,0.578,0.579,0.578,0.579,381.32,0.5785,220.59362,381.32,220.59362,
2022-11-30 07:55:00+00:00,0.5793,0.5802,0.5793,0.58,14676.37,0.5797,8507.891689,14676.37,8507.891689,
2022-11-30 08:00:00+00:00,0.5791,0.5817,0.58,0.5817,6869.56,0.580625,3988.638275,6869.56,3988.638275,
2022-11-30 08:05:00+00:00,0.5809,0.5817,0.5817,0.5815,1361.75,0.58145,791.7895375,1361.75,791.7895375,
2022-11-30 08:10:00+00:00,0.5819,0.5837,0.5819,0.5837,521.0,0.5828,303.6388,521.0,303.6388,
2022-11-30 08:15:00+00:00,0.5813,0.5842,0.584,0.5813,31.3,0.5827,18.23851,31.3,18.23851,
2022-11-30 08:20:00+00:00,0.5814,0.5845,0.5815,0.5845,401.59,0.582975,234.11693025,401.59,234.11693025,
2022-11-30 08:25:00+00:00,0.5841,0.587,0.585,0.5858,601.78,0.585475,352.3271455,601.78,352.3271455,
2022-11-30 08:30:00+00:00,0.5819,0.5859,0.5856,0.5819,4105.33,0.583825,2396.79428725,4105.33,2396.79428725,
2022-11-30 08:35:00+00:00,0.58,0.5819,0.5819,0.58,1077.53,0.58095,625.9910535,1077.53,625.9910535,
2022-11-30 08:40:00+00:00,0.5792,0.5802,0.5795,0.5802,14.96,0.579775,8.673434,14.96,8.673434,
2022-11-30 08:45:00+00:00,0.5809,0.5819,0.5809,0.581,10.9,0.581175,6.3348075,10.9,6.3348075,
2022-11-30 08:50:00+00:00,0.5818,0.582,0.5819,0.5818,32.83,0.581875,19.10295625,32.83,19.10295625,
2022-11-30 08:55:00+00:00,0.581,0.5824,0.5814,0.5823,1472.33,0.581775,856.56478575,1472.33,856.56478575,
2022-11-30 09:00:00+00:00,0.5808,0.582,0.582,0.5815,1170.56,0.581575,680.768432,1170.56,680.768432,
2022-11-30 09:05:00+00:00,0.5807,0.5813,0.5807,0.5813,395.03,0.581,229.51243,395.03,229.51243,
2022-11-30 09:10:00+00:00,0.5792,0.5811,0.5811,0.5792,36.31,0.58015,21.0652465,36.31,21.0652465,
2022-11-30 09:15:00+00:00,0.5783,0.5786,0.5783,0.5784,14.11,0.5784,8.161224,14.11,8.161224,
2022-11-30 09:20:00+00:00,0.5766,0.5793,0.578,0.5767,498.97,0.57765,288.2300205,498.97,288.2300205,
2022-11-30 09:25:00+00:00,0.5744,0.5778,0.5767,0.5778,664.19,0.576675,383.02176825,664.19,383.02176825,
2022-11-30 09:30:00+00:00,0.5744,0.5778,0.5767,0.5778,664.19,0.576675,383.02176825,664.19,383.02176825,
2022-11-30 09:35:00+00:00,0.5769,0.5779,0.5769,0.5779,157.99,0.5774,91.223426,157.99,91.223426,
2022-11-30 09:40:00+00:00,0.5762,0.5775,0.5775,0.5774,69.47,0.57715,40.0946105,69.47,40.0946105,
2022-11-30 09:45:00+00:00,0.5768,0.5775,0.577,0.5768,61.05,0.577025,35.22737625,61.05,35.22737625,
2022-11-30 09:50:00+00:00,0.5764,0.5775,0.5767,0.5775,172.9,0.577025,99.7676225,172.9,99.7676225,
2022-11-30 09:55:00+00:00,0.5771,0.578,0.5771,0.578,422.02,0.57755,243.737651,422.02,243.737651,
2022-11-30 10:00:00+00:00,0.5784,0.5785,0.5785,0.5785,115.93,0.578475,67.06260675,115.93,67.06260675,
2022-11-30 10:05:00+00:00,0.5784,0.5785,0.5785,0.5785,115.93,0.578475,67.06260675,115.93,67.06260675,
2022-11-30 10:10:00+00:00,0.5787,0.5799,0.5787,0.5799,26.48,0.5793,15.339864,26.48,15.339864,
2022-11-30 10:15:00+00:00,0.5801,0.5809,0.5806,0.5805,127.9,0.580525,74.2491475,127.9,74.2491475,
2022-11-30 10:20:00+00:00,0.5798,0.5804,0.58,0.5798,1862.06,0.58,1079.9948,1862.06,1079.9948,
2022-11-30 10:25:00+00:00,0.5798,0.5804,0.5798,0.5804,400.57,0.5801,232.370657,400.57,232.370657,
2022-11-30 10:30:00+00:00,0.5797,0.581,0.58,0.5797,364.04,0.5801,211.179604,364.04,211.179604,
2022-11-30 10:35:00+00:00,0.5803,0.5804,0.5803,0.5804,9.06,0.58035,5.257971,9.06,5.257971,
2022-11-30 10:40:00+00:00,0.5801,0.5809,0.5803,0.5808,160.21,0.580525,93.00591025,160.21,93.00591025,
2022-11-30 10:45:00+00:00,0.5796,0.581,0.5796,0.581,3476.41,0.5803,2017.360723,3476.41,2017.360723,
2022-11-30 10:50:00+00:00,0.5793,0.5805,0.5799,0.5793,6860.97,0.57975,3977.6473575,6860.97,3977.6473575,
2022-11-30 10:55:00+00:00,0.5782,0.5793,0.5782,0.5793,60.71,0.57875,35.1359125,60.71,35.1359125,
2022-11-30 11:00:00+00:00,0.579,0.5795,0.5792,0.579,305.11,0.579175,176.71208425,305.11,176.71208425,
2022-11-30 11:05:00+00:00,0.5799,0.5803,0.5799,0.5802,1156.89,0.580075,671.08296675,1156.89,671.08296675,
2022-11-30 11:10:00+00:00,0.5798,0.5804,0.5804,0.5802,7.75,0.5802,4.49655,7.75,4.49655,
2022-11-30 11:15:00+00:00,0.5803,0.5815,0.5803,0.581,598.65,0.580775,347.68095375,598.65,347.68095375,
2022-11-30 11:20:00+00:00,0.5805,0.5808,0.5808,0.5807,1458.61,0.5807,847.014827,1458.61,847.014827,
2022-11-30 11:25:00+00:00,0.5799,0.5812,0.5807,0.5808,1625.87,0.58065,944.0614155,1625.87,944.0614155,
2022-11-30 11:30:00+00:00,0.5794,0.5812,0.5812,0.5811,10101.28,0.580725,5866.065828,10101.28,5866.065828,
2022-11-30 11:35:00+00:00,0.58,0.5814,0.5814,0.5809,124.44,0.580925,72.290307,124.44,72.290307,
2022-11-30 11:40:00+00:00,0.5799,0.5806,0.5799,0.5804,174.82,0.5802,101.430564,174.82,101.430564,
2022-11-30 11:45:00+00:00,0.5799,0.5806,0.5799,0.5804,174.82,0.5802,101.430564,174.82,101.430564,
2022-11-30 11:50:00+00:00,0.5804,0.5812,0.5804,0.5811,47.66,0.580775,27.6797365,47.66,27.6797365,
2022-11-30 11:55:00+00:00,0.5813,0.5817,0.5817,0.5817,267.44,0.5816,155.543104,267.44,155.543104,
2022-11-30 12:00:00+00:00,0.5806,0.582,0.5819,0.5811,801.71,0.5814,466.114194,801.71,466.114194,
2022-11-30 12:05:00+00:00,0.5812,0.5825,0.5812,0.5819,90.11,0.5817,52.416987,90.11,52.416987,
2022-11-30 12:10:00+00:00,0.5808,0.5815,0.5815,0.5808,75.89,0.58115,44.1034735,75.89,44.1034735,
2022-11-30 12:15:00+00:00,0.581,0.5829,0.5811,0.5829,3089.07,0.581975,1797.76151325,3089.07,1797.76151325,
2022-11-30 12:20:00+00:00,0.5781,0.5823,0.5823,0.5781,884.68,0.5802,513.291336,884.68,513.291336,
2022-11-30 12:25:00+00:00,0.5791,0.5802,0.5791,0.5791,1099.85,0.579375,637.22559375,1099.85,637.22559375,
2022-11-30 12:30:00+00:00,0.5796,0.581,0.5809,0.58,4333.12,0.580375,2514.83452,4333.12,2514.83452,
2022-11-30 12:35:00+00:00,0.5774,0.5794,0.5794,0.5785,2016.54,0.578675,1166.9212845,2016.54,1166.9212845,
2022-11-30 12:40:00+00:00,0.5784,0.5784,0.5784,0.5784,30.85,0.5784,17.84364,30.85,17.84364,
2022-11-30 12:45:00+00:00,0.5773,0.5788,0.5785,0.5773,1730.31,0.577975,1000.07592225,1730.31,1000.07592225,
2022-11-30 12:50:00+00:00,0.5759,0.5771,0.5771,0.5759,9.38,0.5765,5.40757,9.38,5.40757,
2022-11-30 12:55:00+00:00,0.573,0.5762,0.5755,0.573,2342.14,0.574425,1345.3837695,2342.14,1345.3837695,
2022-11-30 13:00:00+00:00,0.5735,0.5762,0.5735,0.5762,1197.3,0.57485,688.267905,1197.3,688.267905,
2022-11-30 13:05:00+00:00,0.5748,0.5758,0.5754,0.5748,1029.41,0.5752,592.116632,1029.41,592.116632,
2022-11-30 13:10:00+00:00,0.5752,0.5769,0.5752,0.5769,1123.24,0.57605,647.042402,1123.24,647.042402,
2022-11-30 13:15:00+00:00,0.5775,0.578,0.5778,0.5777,123.97,0.57775,71.6236675,123.97,71.6236675,
2022-11-30 13:20:00+00:00,0.5775,0.5789,0.5775,0.5785,645.02,0.5781,372.886062,645.02,372.886062,
2022-11-30 13:25:00+00:00,0.5755,0.5788,0.5788,0.5755,100.41,0.57715,57.9516315,100.41,57.9516315,
2022-11-30 13:30:00+00:00,0.5734,0.5755,0.5755,0.5743,409.19,0.574675,235.15126325,409.19,235.15126325,
2022-11-30 13:35:00+00:00,0.5719,0.5743,0.5737,0.5737,3057.32,0.5734,1753.067288,3057.32,1753.067288,
2022-11-30 13:40:00+00:00,0.5733,0.5739,0.5738,0.5733,271.85,0.573575,155.92636375,271.85,155.92636375,
2022-11-30 13:45:00+00:00,0.5719,0.5739,0.5736,0.5721,597.74,0.572875,342.4303025,597.74,342.4303025,
2022-11-30 13:50:00+00:00,0.5716,0.574,0.5716,0.5731,5037.18,0.572575,2884.1633385,5037.18,2884.1633385,
2022-11-30 13:55:00+00:00,0.5727,0.5736,0.5727,0.5729,694.96,0.572975,398.194706,694.96,398.194706,
2022-11-30 14:00:00+00:00,0.5734,0.5751,0.5734,0.5751,1818.86,0.57425,1044.480355,1818.86,1044.480355,
2022-11-30 14:05:00+00:00,0.5748,0.5761,0.5748,0.5753,2397.08,0.57525,1378.92027,2397.08,1378.92027,
2022-11-30 14:10:00+00:00,0.5749,0.5759,0.5758,0.5755,340.66,0.575525,196.0583465,340.66,196.0583465,
2022-11-30 14:15:00+00:00,0.5755,0.5762,0.5755,0.5762,95.3,0.57585,54.878505,95.3,54.878505,
2022-11-30 14:20:00+00:00,0.5752,0.5758,0.5758,0.5752,315.44,0.5755,181.53572,315.44,181.53572,
2022-11-30 14:25:00+00:00,0.5755,0.5763,0.5755,0.5763,89.36,0.5759,51.462424,89.36,51.462424,
2022-11-30 14:30:00+00:00,0.5759,0.5775,0.5761,0.5773,778.5,0.5767,448.96095,778.5,448.96095,
2022-11-30 14:35:00+00:00,0.5746,0.5772,0.5772,0.5752,1413.61,0.57605,814.3100405,1413.61,814.3100405,
2022-11-30 14:40:00+00:00,0.5758,0.5766,0.5764,0.5758,289.5,0.57615,166.795425,289.5,166.795425,
2022-11-30 14:45:00+00:00,0.575,0.5759,0.5758,0.5756,510.28,0.575575,293.704411,510.28,293.704411,
2022-11-30 14:50:00+00:00,0.5758,0.5765,0.5765,0.5761,20.09,0.576225,11.57636025,20.09,11.57636025,
2022-11-30 14:55:00+00:00,0.5754,0.5758,0.5757,0.5758,1210.55,0.575675,696.88337125,1210.55,696.88337125,
2022-11-30 15:00:00+00:00,0.5732,0.5745,0.5743,0.5743,307.08,0.574075,176.286951,307.08,176.286951,
2022-11-30 15:05:00+00:00,0.5747,0.5763,0.5747,0.5763,254.49,0.5755,146.458995,254.49,146.458995,
2022-11-30 15:10:00+00:00,0.5752,0.5767,0.5766,0.5752,2276.74,0.575925,1311.2314845,2276.74,1311.2314845,
2022-11-30 15:15:00+00:00,0.575,0.5758,0.5757,0.5751,791.36,0.5754,455.348544,791.36,455.348544,
2022-11-30 15:20:00+00:00,0.575,0.5755,0.575,0.5754,118.59,0.575225,68.21593275,118.59,68.21593275,
2022-11-30 15:25:00+00:00,0.5747,0.5758,0.5756,0.5758,238.59,0.575475,137.30258025,238.59,137.30258025,
2022-11-30 15:30:00+00:00,0.575,0.5761,0.5753,0.5753,80.99,0.575425,46.60367075,80.99,46.60367075,
2022-11-30 15:35:00+00:00,0.5753,0.5754,0.5753,0.5753,156.27,0.575325,89.90603775,156.27,89.90603775,
2022-11-30 15:40:00+00:00,0.5754,0.5765,0.5754,0.5764,1170.44,0.575925,674.085657,1170.44,674.085657,
2022-11-30 15:45:00+00:00,0.5752,0.5864,0.5762,0.5774,62166.32,0.5788,35981.866016,62166.32,35981.866016,
2022-11-30 15:50:00+00:00,0.5769,0.5779,0.5776,0.5769,5568.13,0.577325,3214.62065225,5568.13,3214.62065225,
2022-11-30 15:55:00+00:00,0.5772,0.5783,0.5774,0.5783,539.16,0.5778,311.526648,539.16,311.526648,
2022-11-30 16:00:00+00:00,0.5757,0.5785,0.578,0.5757,12761.93,0.576975,7363.31456175,12761.93,7363.31456175,
2022-11-30 16:05:00+00:00,0.5759,0.5768,0.5759,0.5766,5095.47,0.5763,2936.519361,5095.47,2936.519361,
2022-11-30 16:10:00+00:00,0.5757,0.5769,0.5761,0.5757,5078.24,0.5761,2925.574064,5078.24,2925.574064,
2022-11-30 16:15:00+00:00,0.5754,0.5764,0.5757,0.5754,940.6,0.575725,541.526935,940.6,541.526935,
2022-11-30 16:20:00+00:00,0.5756,0.577,0.5756,0.5769,177.2,0.576275,102.11593,177.2,102.11593,
2022-11-30 16:25:00+00:00,0.5758,0.5767,0.5766,0.5762,378.78,0.576325,218.3003835,378.78,218.3003835,
2022-11-30 16:30:00+00:00,0.5757,0.5763,0.5757,0.5759,25.58,0.5759,14.731522,25.58,14.731522,
2022-11-30 16:35:00+00:00,0.5751,0.5763,0.576,0.5759,1652.43,0.575825,951.51050475,1652.43,951.51050475,
2022-11-30 16:40:00+00:00,0.5733,0.5756,0.5753,0.5739,748.31,0.574525,429.92280275,748.31,429.92280275,
2022-11-30 16:45:00+00:00,0.5737,0.5744,0.5737,0.5744,13.08,0.57405,7.508574,13.08,7.508574,
2022-11-30 16:50:00+00:00,0.5741,0.5748,0.5746,0.5748,1014.84,0.574575,583.101693,1014.84,583.101693,
2022-11-30 16:55:00+00:00,0.5739,0.5746,0.5745,0.5741,491.78,0.574275,282.4169595,491.78,282.4169595,
2022-11-30 17:00:00+00:00,0.5725,0.5741,0.5741,0.5727,1120.22,0.57335,642.278137,1120.22,642.278137,
2022-11-30 17:05:00+00:00,0.5722,0.5733,0.5726,0.5733,438.16,0.57285,250.999956,438.16,250.999956,
2022-11-30 17:10:00+00:00,0.5725,0.5733,0.5732,0.573,405.34,0.573,232.25982,405.34,232.25982,
2022-11-30 17:15:00+00:00,0.5723,0.573,0.5723,0.5724,1629.06,0.5725,932.63685,1629.06,932.63685,
2022-11-30 17:20:00+00:00,0.5621,0.5729,0.5729,0.564,14557.82,0.567975,8268.4778145,14557.82,8268.4778145,
2022-11-30 17:25:00+00:00,0.5629,0.5652,0.565,0.5648,1323.24,0.564475,746.935899,1323.24,746.935899,
2022-11-30 17:30:00+00:00,0.5642,0.5661,0.5652,0.566,141.17,0.565375,79.81398875,141.17,79.81398875,
2022-11-30 17:35:00+00:00,0.5651,0.5663,0.5654,0.5654,2744.47,0.56555,1552.1350085,2744.47,1552.1350085,
2022-11-30 17:40:00+00:00,0.5662,0.5669,0.5662,0.5669,3810.26,0.56655,2158.702803,3810.26,2158.702803,
2022-11-30 17:45:00+00:00,0.5663,0.5674,0.5669,0.5674,3083.16,0.567,1748.15172,3083.16,1748.15172,
2022-11-30 17:50:00+00:00,0.5656,0.5671,0.567,0.5666,774.2,0.566575,438.642365,774.2,438.642365,
2022-11-30 17:55:00+00:00,0.5654,0.5674,0.5674,0.5654,219.6,0.5664,124.38144,219.6,124.38144,
2022-11-30 18:00:00+00:00,0.564,0.5656,0.5648,0.5643,2693.8,0.564675,1521.121515,2693.8,1521.121515,
2022-11-30 18:05:00+00:00,0.5637,0.5653,0.5651,0.5653,321.75,0.56485,181.7404875,321.75,181.7404875,
2022-11-30 18:10:00+00:00,0.5654,0.5667,0.5656,0.5659,87.32,0.5659,49.414388,87.32,49.414388,
2022-11-30 18:15:00+00:00,0.5653,0.5657,0.5656,0.5657,556.58,0.565575,314.7877335,556.58,314.7877335,
2022-11-30 18:20:00+00:00,0.5649,0.566,0.5652,0.5649,441.66,0.56525,249.648315,441.66,249.648315,
2022-11-30 18:25:00+00:00,0.5628,0.5651,0.5645,0.5637,5039.69,0.564025,2842.51115225,5039.69,2842.51115225,
2022-11-30 18:30:00+00:00,0.5637,0.5729,0.5637,0.5707,12547.15,0.56775,7123.6444125,12547.15,7123.6444125,
2022-11-30 18:35:00+00:00,0.5713,0.5802,0.5713,0.5769,24902.12,0.574925,14316.851341,24902.12,14316.851341,
2022-11-30 18:40:00+00:00,0.5731,0.5758,0.5758,0.5739,49.93,0.57465,28.6922745,49.93,28.6922745,
2022-11-30 18:45:00+00:00,0.572,0.5774,0.5732,0.5751,9456.1,0.574425,5431.8202425,9456.1,5431.8202425,
2022-11-30 18:50:00+00:00,0.5737,0.5751,0.575,0.5743,1424.21,0.574525,818.24425025,1424.21,818.24425025,
2022-11-30 18:55:00+00:00,0.5743,0.5766,0.5743,0.5753,1232.75,0.575125,708.98534375,1232.75,708.98534375,
2022-11-30 19:00:00+00:00,0.5754,0.5792,0.5754,0.5792,669.18,0.5773,386.317614,669.18,386.317614,
2022-11-30 19:05:00+00:00,0.5789,0.5811,0.5792,0.5811,1073.25,0.580075,622.56549375,1073.25,622.56549375,
2022-11-30 19:10:00+00:00,0.58,0.5818,0.58,0.5809,296.12,0.580675,171.949481,296.12,171.949481,
2022-11-30 19:15:00+00:00,0.5818,0.5835,0.5819,0.5819,2111.09,0.582275,1229.23492975,2111.09,1229.23492975,
2022-11-30 19:20:00+00:00,0.5806,0.5832,0.5821,0.5806,353.52,0.581625,205.61607,353.52,205.61607,
2022-11-30 19:25:00+00:00,0.5797,0.5808,0.5808,0.5801,1783.58,0.58035,1035.100653,1783.58,1035.100653,
2022-11-30 19:30:00+00:00,0.5778,0.5795,0.5795,0.5794,236.24,0.57905,136.794772,236.24,136.794772,
2022-11-30 19:35:00+00:00,0.5775,0.5795,0.5793,0.5775,1055.16,0.57845,610.357302,1055.16,610.357302,
2022-11-30 19:40:00+00:00,0.5773,0.5785,0.5778,0.5774,1063.1,0.57775,614.206025,1063.1,614.206025,
2022-11-30 19:45:00+00:00,0.5778,0.5786,0.5778,0.5786,282.24,0.5782,163.191168,282.24,163.191168,
2022-11-30 19:50:00+00:00,0.5791,0.5799,0.5795,0.5793,364.54,0.57945,211.232703,364.54,211.232703,
2022-11-30 19:55:00+00:00,0.5789,0.5808,0.5792,0.5808,3626.71,0.579925,2103.21979675,3626.71,2103.21979675,
2022-11-30 20:00:00+00:00,0.5787,0.5808,0.5807,0.5791,3348.41,0.579825,1941.49182825,3348.41,1941.49182825,
2022-11-30 20:05:00+00:00,0.5792,0.581,0.5792,0.581,676.52,0.5801,392.449252,676.52,392.449252,
2022-11-30 20:10:00+00:00,0.5796,0.5808,0.5804,0.5796,1970.97,0.5801,1143.359697,1970.97,1143.359697,
2022-11-30 20:15:00+00:00,0.5793,0.5806,0.5793,0.5806,163.91,0.57995,95.0596045,163.91,95.0596045,
2022-11-30 20:20:00+00:00,0.5802,0.5837,0.5802,0.5826,2091.1,0.581675,1216.3405925,2091.1,1216.3405925,
2022-11-30 20:25:00+00:00,0.5824,0.5833,0.5827,0.5829,170.51,0.582825,99.37749075,170.51,99.37749075,
2022-11-30 20:30:00+00:00,0.5811,0.5828,0.5822,0.5828,245.13,0.582225,142.72081425,245.13,142.72081425,
2022-11-30 20:35:00+00:00,0.5819,0.5832,0.5832,0.583,65.51,0.582825,38.18086575,65.51,38.18086575,
2022-11-30 20:40:00+00:00,0.5822,0.5833,0.583,0.5825,428.83,0.58275,249.9006825,428.83,249.9006825,
2022-11-30 20:45:00+00:00,0.5823,0.583,0.5824,0.583,827.21,0.582675,481.99458675,827.21,481.99458675,
2022-11-30 20:50:00+00:00,0.5823,0.5829,0.5825,0.5823,181.47,0.5825,105.706275,181.47,105.706275,
2022-11-30 20:55:00+00:00,0.5824,0.584,0.5824,0.5836,300.67,0.5831,175.320677,300.67,175.320677,
2022-11-30 21:00:00+00:00,0.5832,0.5842,0.5835,0.5841,524.96,0.58375,306.4454,524.96,306.4454,
2022-11-30 21:05:00+00:00,0.5827,0.5841,0.5841,0.5831,1324.64,0.5835,772.92744,1324.64,772.92744,
2022-11-30 21:10:00+00:00,0.5817,0.5829,0.5829,0.5825,863.39,0.5825,502.924675,863.39,502.924675,
2022-11-30 21:15:00+00:00,0.5824,0.5831,0.5825,0.5824,27.64,0.5826,16.103064,27.64,16.103064,
2022-11-30 21:20:00+00:00,0.582,0.5828,0.5826,0.5828,727.68,0.58255,423.909984,727.68,423.909984,
2022-11-30 21:25:00+00:00,0.5826,0.5837,0.5829,0.5835,545.21,0.583175,317.95284175,545.21,317.95284175,
2022-11-30 21:30:00+00:00,0.5833,0.5855,0.5833,0.5852,370.09,0.584325,216.25283925,370.09,216.25283925,
2022-11-30 21:35:00+00:00,0.5853,0.5859,0.5859,0.5853,1943.96,0.5856,1138.382976,1943.96,1138.382976,
2022-11-30 21:40:00+00:00,0.5851,0.5858,0.5851,0.5858,2569.65,0.58545,1504.4015925,2569.65,1504.4015925,
2022-11-30 21:45:00+00:00,0.5853,0.5865,0.5861,0.5861,3554.96,0.586,2083.20656,3554.96,2083.20656,
2022-11-30 21:50:00+00:00,0.5859,0.5885,0.5859,0.5883,7332.96,0.58715,4305.547464,7332.96,4305.547464,
2022-11-30 21:55:00+00:00,0.5874,0.5882,0.5874,0.5878,932.17,0.5877,547.836309,932.17,547.836309,
2022-11-30 22:00:00+00:00,0.5875,0.5884,0.5877,0.5879,1378.04,0.587875,810.115265,1378.04,810.115265,
2022-11-30 22:05:00+00:00,0.5872,0.5882,0.5882,0.5875,292.03,0.587775,171.64793325,292.03,171.64793325,
2022-11-30 22:10:00+00:00,0.5863,0.5877,0.5877,0.5866,806.85,0.587075,473.68146375,806.85,473.68146375,
2022-11-30 22:15:00+00:00,0.5862,0.587,0.587,0.5862,273.36,0.5866,160.352976,273.36,160.352976,
2022-11-30 22:20:00+00:00,0.5862,0.5871,0.5867,0.5866,1576.83,0.58665,925.0473195,1576.83,925.0473195,
2022-11-30 22:25:00+00:00,0.5866,0.5877,0.5866,0.5875,1181.39,0.5871,693.594069,1181.39,693.594069,
2022-11-30 22:30:00+00:00,0.587,0.5883,0.5875,0.5883,1769.11,0.587775,1039.83863025,1769.11,1039.83863025,
2022-11-30 22:35:00+00:00,0.5861,0.588,0.5879,0.5863,886.81,0.587075,520.62398075,886.81,520.62398075,
2022-11-30 22:40:00+00:00,0.5864,0.587,0.5868,0.5865,679.5,0.586675,398.6456625,679.5,398.6456625,
2022-11-30 22:45:00+00:00,0.5859,0.5862,0.5861,0.5862,354.68,0.5861,207.877948,354.68,207.877948,
2022-11-30 22:50:00+00:00,0.586,0.5869,0.5866,0.5869,380.25,0.5866,223.05465,380.25,223.05465,
2022-11-30 22:55:00+00:00,0.5869,0.5895,0.587,0.5889,678.38,0.588075,398.9383185,678.38,398.9383185,
2022-11-30 23:00:00+00:00,0.5859,0.5896,0.5889,0.5872,2357.06,0.5879,1385.715574,2357.06,1385.715574,
2022-11-30 23:05:00+00:00,0.5843,0.5867,0.5867,0.5855,737.1,0.5858,431.79318,737.1,431.79318,
2022-11-30 23:10:00+00:00,0.5859,0.5874,0.5867,0.5874,94.56,0.58685,55.492536,94.56,55.492536,
2022-11-30 23:15:00+00:00,0.5871,0.5887,0.5872,0.5884,1096.7,0.58785,644.695095,1096.7,644.695095,
2022-11-30 23:20:00+00:00,0.5882,0.5894,0.5884,0.5894,1713.73,0.58885,1009.1299105,1713.73,1009.1299105,
2022-11-30 23:25:00+00:00,0.5896,0.5907,0.5897,0.5901,1589.31,0.590025,937.73263275,1589.31,937.73263275,
2022-11-30 23:30:00+00:00,0.5875,0.5895,0.5895,0.588,307.57,0.588625,181.04339125,307.57,181.04339125,
2022-11-30 23:35:00+00:00,0.5877,0.5897,0.5881,0.5891,1775.35,0.58865,1045.0597775,1775.35,1045.0597775,
2022-11-30 23:40:00+00:00,0.5897,0.5916,0.5897,0.5916,595.69,0.59065,351.8442985,595.69,351.8442985,
2022-11-30 23:45:00+00:00,0.5904,0.5916,0.5916,0.5906,670.27,0.59105,396.1630835,670.27,396.1630835,
2022-11-30 23:50:00+00:00,0.5893,0.5906,0.5905,0.5901,1389.15,0.590125,819.77214375,1389.15,819.77214375,
2022-11-30 23:55:00+00:00,0.5896,0.5922,0.5903,0.5912,17309.02,0.590825,10226.6017415,17309.02,10226.6017415,
